{"type": "FeatureCollection", "name": "zone_active", "crs": {"type": "name", "properties": {"name": "urn:ogc:def:crs:OGC:1.3:CRS84"}}, "features": [{"type": "Feature", "properties": {"nb_detections": 1611, "derniere_detection": "2026-07-24T13:55:00", "fetch_timestamp": "2026-07-25T11:44:03.522889"}, "geometry": {"type": "MultiPolygon", "coordinates": [[[[-1.221904508211298, 44.77756452461745], [-1.22223890767459, 44.77736730335999], [-1.222598835181705, 44.777194376268156], [-1.222980824696073, 44.77704740848889], [-1.223381197833451, 44.77692781518981], [-1.223796099272024, 44.776836747938596], [-1.22422153386243, 44.77677508361967], [-1.224653405081001, 44.77674341599488], [-1.22508755445679, 44.77674204998904], [-1.225519801593592, 44.776770998755254], [-1.225945984402573, 44.77682998354843], [-1.226361999159043, 44.7769184364079], [-1.226763839998644, 44.7770355056235], [-1.227147637473532, 44.7771800639327], [-1.227509695798089, 44.77735071936986], [-1.227846528426232, 44.777545828663655], [-1.228154891618241, 44.7777635130536], [-1.228431815674262, 44.778001676373975], [-1.2286746335339, 44.778258025231395], [-1.228881006466472, 44.77853009108174], [-1.229048946604321, 44.7788152539946], [-1.229176836101806, 44.779110767876446], [-1.229263442734873, 44.77941378691], [-1.229307931790269, 44.779721392955686], [-1.229309874129033, 44.78003062365082], [-1.229269250345663, 44.78033850093711], [-1.229186450981887, 44.78064205974061], [-1.229062272791964, 44.780938376529], [-1.22889791109443, 44.78122459747038], [-1.228694948283042, 44.781497965922604], [-1.228455338606635, 44.78175584898809], [-1.22818138936379, 44.78199576287814], [-1.227875738692809, 44.78221539684214], [-1.227541330170481, 44.782412635430944], [-1.227181384464078, 44.78258557887953], [-1.226799368309557, 44.7827325614124], [-1.226398961114929, 44.78285216729494], [-1.225984019510807, 44.78294324447594], [-1.225558540190095, 44.783004915689354], [-1.225225554466182, 44.78302933261548], [-1.225216582778921, 44.783062214212364], [-1.225092378327106, 44.78335852680032], [-1.22492798935085, 44.78364474209397], [-1.22472499850662, 44.78391810350551], [-1.224485360313249, 44.784175978205184], [-1.224211382343993, 44.784415882484815], [-1.223905703013862, 44.784635505686374], [-1.223571266175717, 44.78483273246432], [-1.223211292769608, 44.78500566316741], [-1.222829249798344, 44.78515263214289], [-1.222428816928286, 44.78527222378676], [-1.222013851037408, 44.78536328618487], [-1.221588349052601, 44.78542494221362], [-1.22115640943484, 44.78545659799246], [-1.220722192684009, 44.785457948607196], [-1.220289881244669, 44.785428981048454], [-1.219863639199937, 44.78536997433703], [-1.219447572142649, 44.78528149683501], [-1.219045687611325, 44.78516440076836], [-1.218661856472875, 44.7850198140143], [-1.218299775624857, 44.78484912923228], [-1.217962932377196, 44.784653990443886], [-1.217807846892796, 44.7845444953686], [-1.217779502884573, 44.78475895546353], [-1.217696634989924, 44.7850625061437], [-1.217572386495848, 44.78535881050943], [-1.217407953397972, 44.78564501484838], [-1.217204918777737, 44.78591836267824], [-1.216965237575645, 44.786176221299996], [-1.216691217779253, 44.78641610716035], [-1.21638549820651, 44.78663570977857], [-1.216051023097967, 44.786832914007405], [-1.21569101376238, 44.787005820412745], [-1.215308937548719, 44.78715276357587], [-1.214908474443629, 44.7872723281414], [-1.214493481616393, 44.787363362455984], [-1.214067956253429, 44.787424989666505], [-1.213635997040955, 44.78745661617001], [-1.213201764667639, 44.787457937334324], [-1.212769441728546, 44.78742894043369], [-1.212343192417565, 44.787369904771566], [-1.211927122397507, 44.78728139898885], [-1.211525239235393, 44.78716427558398], [-1.211141413784889, 44.78701966269743], [-1.210779342888694, 44.78684895324037], [-1.210442513760786, 44.78665379147205], [-1.210134170392144, 44.78643605715568], [-1.209857282303872, 44.78619784744584], [-1.209614515948868, 44.785941456681755], [-1.209408209037446, 44.78566935428215], [-1.209240348034007, 44.785384160954315], [-1.20911254904105, 44.78508862344702], [-1.20902604225409, 44.78478558809091], [-1.208981660136446, 44.78447797338134], [-1.208979829426923, 44.784168741867795], [-1.209020567056416, 44.7838608716209], [-1.209103480011765, 44.78355732755202], [-1.209227769147091, 44.783261032861255], [-1.209392236904946, 44.7829748408891], [-1.209595298871926, 44.782701507642656], [-1.209834999056608, 44.78244366526048], [-1.210109028741945, 44.782203796671816], [-1.210414748729962, 44.781984211693626], [-1.21074921476415, 44.781787024795285], [-1.211109205884472, 44.78161413474488], [-1.211491255441963, 44.781467206332636], [-1.21189168447436, 44.781347654347094], [-1.212306637121773, 44.7812566299581], [-1.212732117741875, 44.78119500963737], [-1.213164029367887, 44.781163386723094], [-1.213598213139865, 44.781162065709516], [-1.214030488330464, 44.78119105931658], [-1.214456692580744, 44.781250088367386], [-1.214872721959553, 44.78133858447515], [-1.215274570461687, 44.78145569551321], [-1.215658368565447, 44.78160029381635], [-1.216020420479052, 44.78177098703384], [-1.216357239718015, 44.78196613153048], [-1.216512315267665, 44.78207562853787], [-1.21654066275586, 44.78186116896442], [-1.216623532172752, 44.781557619481774], [-1.216747777268001, 44.78126131656592], [-1.21691220090826, 44.78097511363665], [-1.217115219104942, 44.78070176680659], [-1.217354876288075, 44.780443908345134], [-1.217628864154636, 44.78020402133645], [-1.217934543909267, 44.77998441577484], [-1.218268971682795, 44.77978720632795], [-1.218628926883518, 44.77961429198102], [-1.219010943208251, 44.779467337758206], [-1.219411342014641, 44.779347758696645], [-1.219826267733763, 44.77925670622687], [-1.220251724982506, 44.779195057090995], [-1.220584690163261, 44.779170655135076], [-1.22059366393781, 44.77913777395705], [-1.220717882770351, 44.77884146683926], [-1.220882279132328, 44.778555258260944], [-1.221085269297853, 44.77828190438915], [-1.221324897966884, 44.77802403756112], [-1.221598857110967, 44.77778414094159], [-1.221904508211298, 44.77756452461745]]], [[[-1.185389881613341, 44.783453062138754], [-1.185695704899002, 44.7832335452385], [-1.186030265022446, 44.78303643283561], [-1.186390340117943, 44.78286362298076], [-1.186772462728217, 44.78271677969188], [-1.187172953187851, 44.78259731693784], [-1.18758795504571, 44.78250638502925], [-1.188013472185817, 44.7824448595473], [-1.188445407289885, 44.782413332917], [-1.18887960127198, 44.78241210870546], [-1.189311873306468, 44.78244119870056], [-1.189738061064749, 44.78250032279727], [-1.190154060774362, 44.78258891169359], [-1.190555866715624, 44.78270611236941], [-1.190939609776429, 44.78285079629636], [-1.191301594694749, 44.78302157029916], [-1.191638335630905, 44.78321678996476], [-1.191946589727623, 44.783434575469705], [-1.192223388335054, 44.783672829674565], [-1.192466065600287, 44.78392925831059], [-1.19267228414599, 44.78420139206531], [-1.192840057590723, 44.7844866103542], [-1.192967769693633, 44.78478216655026], [-1.193054189938597, 44.78508521442856], [-1.193098485407, 44.78539283557148], [-1.193100228823961, 44.78570206747074], [-1.193059402699555, 44.786009932056174], [-1.192976399524148, 44.78631346437597], [-1.192852018014925, 44.78660974115261], [-1.192687455448734, 44.78689590893936], [-1.192484296154154, 44.78716921160579], [-1.192426714736166, 44.787231116791794], [-1.192604054005354, 44.787268874363065], [-1.193005898493509, 44.787386066347864], [-1.193389679795483, 44.787530742026824], [-1.193751702281066, 44.78770150830416], [-1.194088479748872, 44.78789672084117], [-1.194162027927094, 44.787948676344115], [-1.19418037805104, 44.78781028485375], [-1.19426337693695, 44.787506751477245], [-1.194387752994081, 44.7872104730265], [-1.194552307827945, 44.78692430268553], [-1.194755456186662, 44.78665099625303], [-1.194995241246972, 44.78639318560926], [-1.195269353474632, 44.78615335337781], [-1.195575152876978, 44.785933809025444], [-1.195909694432958, 44.7857366666303], [-1.196269756455499, 44.785563824531884], [-1.196651871613087, 44.785416947058685], [-1.197052360311968, 44.78529744850867], [-1.197467366117888, 44.78520647953717], [-1.197892892876802, 44.78514491608227], [-1.198324843177787, 44.78511335093459], [-1.198759057788583, 44.78511208803216], [-1.199191355684955, 44.78514113953537], [-1.199617574289337, 44.78520022570985], [-1.200033609532332, 44.78528877761876], [-1.200435455352204, 44.78540594259814], [-1.200819242252965, 44.78555059246333], [-1.201181274550566, 44.7857213343671], [-1.201518065949228, 44.78591652420544], [-1.201826373105879, 44.78613428244219], [-1.202103226859852, 44.786372512200494], [-1.202345960827301, 44.78662891944708], [-1.202552237084961, 44.78690103507547], [-1.202720068695701, 44.78718623867574], [-1.202847838858578, 44.787481783762416], [-1.20293431649836, 44.787784824217596], [-1.202978668143698, 44.78809244169518], [-1.202980465978663, 44.788401673722305], [-1.202939691989191, 44.788709542227615], [-1.202856738163462, 44.7890130822216], [-1.202732402743266, 44.7893093703529], [-1.202567882561438, 44.78959555306548], [-1.202364761538202, 44.78986887408523], [-1.202124995446328, 44.79012670097126], [-1.201850893091113, 44.79036655047584], [-1.201545094085829, 44.79058611246839], [-1.201210543436268, 44.79078327219289], [-1.200850463178966, 44.79095613064387], [-1.200468321346188, 44.79110302286442], [-1.200067798556799, 44.791222533989824], [-1.199652752555133, 44.791313512881494], [-1.199227181039936, 44.791375083220146], [-1.19879518314209, 44.791406651950595], [-1.198360919922973, 44.7914079149971], [-1.197928574274815, 44.79137886019378], [-1.197502310610253, 44.7913197674018], [-1.197086234730321, 44.79123120581236], [-1.196684354258412, 44.791114028461365], [-1.196300540022172, 44.79096936400893], [-1.195938488756134, 44.79079860586289], [-1.195601687485028, 44.790603398751436], [-1.195528134504152, 44.79055144415631], [-1.195509786802772, 44.79068983599926], [-1.195426789946713, 44.79099337063861], [-1.195302410996775, 44.79128965063755], [-1.19513784720504, 44.791575822518276], [-1.194934682911773, 44.79184913011098], [-1.194694874306541, 44.792106941104066], [-1.19442073060417, 44.79234677240284], [-1.194114891816246, 44.792566314052024], [-1.193780303331824, 44.792763451491524], [-1.193420187551945, 44.792936285930494], [-1.193038012851117, 44.793083152643284], [-1.192637460164882, 44.79320263701088], [-1.192222387525625, 44.7932935881524], [-1.191796792888738, 44.79335513001583], [-1.191364775607878, 44.79338666982031], [-1.190930496931167, 44.79338790376869], [-1.190498139899748, 44.793358819975374], [-1.190071869035909, 44.793299698580746], [-1.189655790210016, 44.793211109051526], [-1.189253911073801, 44.793093904692725], [-1.188870102441986, 44.79294921442461], [-1.188508060995055, 44.79277843190364], [-1.188171273663067, 44.79258320209279], [-1.188114120983859, 44.792542825758694], [-1.188099880186295, 44.79265012897383], [-1.18801684043511, 44.792953658268424], [-1.187892418103108, 44.79324993015245], [-1.187727810860191, 44.793536091226194], [-1.187524603465141, 44.79380938542388], [-1.187284752522705, 44.794067180562934], [-1.187010567655535, 44.79430699370126], [-1.186704689271779, 44.794526515058536], [-1.186370063141951, 44.79472363027004], [-1.186009912029776, 44.794896440759], [-1.185627704650172, 44.795043282030484], [-1.185227122253533, 44.79516273971047], [-1.184812023158497, 44.79525366317513], [-1.184386405575356, 44.79531517663907], [-1.183954369078847, 44.79534668759491], [-1.183520075102223, 44.79534789252343], [-1.183087706834026, 44.79531877981854], [-1.182661428904781, 44.79525962989912], [-1.182245347252894, 44.79517101250661], [-1.181843469557283, 44.79505378121443], [-1.181459666618739, 44.794909065202255], [-1.181097635062833, 44.7947382583745], [-1.180760861724268, 44.79454300592823], [-1.180452590056264, 44.79432518850001], [-1.180175788888886, 44.79408690404477], [-1.179933123837382, 44.793830447621595], [-1.179726931635894, 44.79355828928145], [-1.179559197643558, 44.79327305027026], [-1.179431536739173, 44.79297747777661], [-1.17934517778793, 44.79267441846799], [-1.179300951829019, 44.79236679107015], [-1.179299284097053, 44.79205755825465], [-1.179340189953167, 44.79174969810451], [-1.179423274763988, 44.79144617543355], [-1.179547737728591, 44.79114991323571], [-1.179712379615585, 44.79086376453838], [-1.179915614334831, 44.79059048493171], [-1.180155484231537, 44.79033270603763], [-1.18042967895464, 44.79009291017388], [-1.180735557717241, 44.789873406456955], [-1.181070174734264, 44.78967630857368], [-1.181430307592184, 44.78950351443489], [-1.181812488277584, 44.789356687907194], [-1.182213036565914, 44.78923724279803], [-1.182628095449298, 44.78914632924811], [-1.183053668262755, 44.78908482266187], [-1.183485657152024, 44.78905331528231], [-1.183919902513369, 44.789052110491255], [-1.18435222302651, 44.7890812198895], [-1.184778455896116, 44.78914036318526], [-1.185194496915401, 44.789228970891614], [-1.185596339966938, 44.789346189807375], [-1.185980115581284, 44.7894908912285], [-1.186342128182921, 44.789661681811296], [-1.186678891665552, 44.78985691698298], [-1.186736040584162, 44.78989729401981], [-1.186750283287156, 44.78978999108054], [-1.186833325203136, 44.789486463061756], [-1.186957744787851, 44.78919019274617], [-1.187122343227647, 44.78890403323947], [-1.187325534850755, 44.78863074023591], [-1.18738312331782, 44.788568837669494], [-1.187205783454967, 44.788531071731335], [-1.186803942873528, 44.788413858680805], [-1.186420172489926, 44.788269160164205], [-1.186058168616191, 44.788098369917456], [-1.185721417820448, 44.78790313297792], [-1.18541316333887, 44.7876853298328], [-1.185136373836095, 44.7874470582995], [-1.184893714815147, 44.78719061331262], [-1.184687522952241, 44.786918464813056], [-1.184519783603411, 44.786633233951925], [-1.184392111699225, 44.78633766783937], [-1.184305736210991, 44.78603461308141], [-1.184261488337346, 44.785726988360096], [-1.184259793524136, 44.78541775632115], [-1.184300667393468, 44.78510989504014], [-1.184383715620163, 44.7848063693419], [-1.184508137755744, 44.78451010224946], [-1.184672734962114, 44.78422394683743], [-1.184875921579491, 44.783950658760645], [-1.185115740416347, 44.78369286972259], [-1.185389881613341, 44.783453062138754]]], [[[-1.227658332304853, 44.78287431715303], [-1.227963987406211, 44.782654683738656], [-1.228298395885475, 44.78245744385866], [-1.228658337336595, 44.78228449679133], [-1.229040345588665, 44.78213750787596], [-1.229440742076961, 44.78201789248368], [-1.229855671254804, 44.78192680239493], [-1.230281137705728, 44.781865114714044], [-1.230713044599307, 44.78183342342784], [-1.231147233121125, 44.78183203368889], [-1.231579522498109, 44.78186095887891], [-1.232005750234767, 44.78191992047976], [-1.232421812173894, 44.782008350754126], [-1.2328237019969, 44.782125398209295], [-1.233207549784368, 44.78226993579228], [-1.233569659266306, 44.78244057173706], [-1.233906543404103, 44.78263566295998], [-1.234214957962104, 44.78285333087457], [-1.234491932745884, 44.78309147947383], [-1.234734800206589, 44.783347815506126], [-1.234941221135907, 44.78361987055086], [-1.235109207203964, 44.783905024781724], [-1.235237140122775, 44.7842005321888], [-1.235323787250071, 44.78450354701725], [-1.235368313482542, 44.784811151167986], [-1.23537028932309, 44.78512038229667], [-1.235329695043446, 44.785428262340794], [-1.235246920901057, 44.78573182619996], [-1.235122763407129, 44.786028150293134], [-1.234958417680719, 44.78631438071815], [-1.234755465961608, 44.78658776074154], [-1.234515862391644, 44.786845657354306], [-1.234241914210456, 44.787085586637275], [-1.233936259545987, 44.787305237691626], [-1.233601842013376, 44.787502494903606], [-1.23324188236659, 44.78767545832883], [-1.232859847475785, 44.78782246199942], [-1.232459416929394, 44.78794208997715], [-1.232044447582931, 44.78803318999799], [-1.23161893639652, 44.78809488457589], [-1.231186981919746, 44.788126579459], [-1.23075274479562, 44.78812796935653], [-1.230320407664977, 44.78809904088065], [-1.229894134858452, 44.788040072675756], [-1.229478032265261, 44.78795163273299], [-1.229076107766308, 44.787834572916594], [-1.228692232613585, 44.787690020754596], [-1.228330104128717, 44.78751936857328], [-1.227993210080587, 44.787324260080254], [-1.227684795085697, 44.78710657452569], [-1.227407829355265, 44.786868408594444], [-1.227164980090225, 44.786612056204284], [-1.226958585799643, 44.78633998640432], [-1.22679063378968, 44.786054819588], [-1.226662741039489, 44.78575930224883], [-1.22657613864768, 44.785456280523334], [-1.226531659998404, 44.785148672775705], [-1.226529732760162, 44.784839441488444], [-1.226570374793467, 44.78453156473019], [-1.226653194005722, 44.784228007475065], [-1.226777392153715, 44.78393169305028], [-1.226941772556072, 44.78364547498649], [-1.227144751640437, 44.783372109542114], [-1.22738437421333, 44.78311422916589], [-1.227658332304853, 44.78287431715303]]], [[[-1.169260049594592, 44.79091257817184], [-1.169565976416761, 44.790693105206984], [-1.169900637461034, 44.7904960409766], [-1.170260809890078, 44.79032328306744], [-1.170643025309577, 44.790176494997255], [-1.171043603160647, 44.790057090203106], [-1.171458686150864, 44.789966218437534], [-1.171884277383214, 44.789904754702604], [-1.172316278826145, 44.789873290828744], [-1.172750530755084, 44.78987212977881], [-1.173182851786522, 44.78990128273247], [-1.173609079120123, 44.78996046897853], [-1.174025108602358, 44.79004911861646], [-1.174426934226814, 44.79016637804137], [-1.17481068669176, 44.79031111815911], [-1.175172670644467, 44.790481945253354], [-1.175509400254364, 44.79067721439974], [-1.175817632773015, 44.79089504529838], [-1.176094399758093, 44.79113334037263], [-1.176337035660912, 44.791389804960154], [-1.176543203502147, 44.791661969402185], [-1.176710917388332, 44.79194721281865], [-1.176838561651859, 44.79224278834046], [-1.176924906429621, 44.792545849556475], [-1.176969119529512, 44.79285347792054], [-1.176970774469664, 44.793162710854745], [-1.176929854612043, 44.79347057027884], [-1.176846753349591, 44.7937740912906], [-1.176722270344059, 44.79407035072136], [-1.176557603849761, 44.7943564952913], [-1.176354339196227, 44.79462976909353], [-1.176114433539786, 44.79488754014182], [-1.17584019703019, 44.79512732572611], [-1.175534270573123, 44.795346816331374], [-1.175199600402267, 44.79554389788906], [-1.174839409705687, 44.79571667214654], [-1.174457167579711, 44.79586347495779], [-1.174056555609535, 44.79598289231927], [-1.173641432398765, 44.79607377399548], [-1.173215796390066, 44.79613524460349], [-1.17278374733572, 44.79616671204877], [-1.172349446789978, 44.79616787323116], [-1.17191707800467, 44.79613871696595], [-1.171490805615284, 44.79607952409162], [-1.171074735506817, 44.79599086476332], [-1.170672875246926, 44.79587359295844], [-1.170289095468362, 44.79572883824682], [-1.169927092573503, 44.79555799490566], [-1.169590353120853, 44.795362708483665], [-1.169282120237103, 44.79514485994461], [-1.169005362378607, 44.794906547543064], [-1.168762744743326, 44.79465006660721], [-1.168556603608566, 44.794377887424105], [-1.168388923841486, 44.79409263144031], [-1.168261319798513, 44.793797046007874], [-1.1681750197971, 44.79349397791877], [-1.168130854308625, 44.7931863459833], [-1.168129247985273, 44.792877112916614], [-1.168170215596764, 44.79256925680406], [-1.168253361915002, 44.7922657424206], [-1.168377885546766, 44.79196949268021], [-1.168542586676499, 44.79168336049023], [-1.16874587864365, 44.791410101281876], [-1.168985803242246, 44.79115234648051], [-1.169260049594592, 44.79091257817184]]], [[[-1.217537929763125, 44.79622400713062], [-1.217843696971727, 44.79600440061711], [-1.218178220353671, 44.79580719036405], [-1.21853827839657, 44.795634275364435], [-1.218920403806963, 44.79548732064873], [-1.219320916892165, 44.79536774125876], [-1.219735960982963, 44.79527668862826], [-1.220161539556592, 44.7952150395009], [-1.2205935547032, 44.79518338749221], [-1.221027846566195, 44.79518203737661], [-1.221460233377607, 44.79521100215426], [-1.221886551703893, 44.79527000292586], [-1.222302696515658, 44.795358471576904], [-1.222704660696383, 44.79547555624515], [-1.223088573610659, 44.79562012951929], [-1.223450738361324, 44.79579079928959], [-1.223787667377465, 44.795985922146706], [-1.224096115991117, 44.79620361919951], [-1.224373113679699, 44.796441794160394], [-1.224615992673541, 44.796698153523835], [-1.224822413652963, 44.79697022864454], [-1.22499038828728, 44.79725539950279], [-1.225118298398259, 44.79755091992853], [-1.225204911562904, 44.797853944041506], [-1.225249393004613, 44.798161553653124], [-1.225251313657281, 44.79847078636639], [-1.225210654323797, 44.79877866410349], [-1.225127805887817, 44.79908222178618], [-1.225003565575793, 44.799378535892835], [-1.224839129304192, 44.79966475261741], [-1.224636080184676, 44.79993811535833], [-1.224396373297076, 44.800195991272986], [-1.22412231687606, 44.80043589664154], [-1.223816550092091, 44.80065552079544], [-1.223482017640255, 44.80085274837998], [-1.223121941381492, 44.801025679736135], [-1.222739789309284, 44.80117264920487], [-1.222416696195834, 44.80126911575545], [-1.22243277825227, 44.80129031269051], [-1.222600753672914, 44.801575487585154], [-1.222728661051541, 44.80187101119899], [-1.222815267991359, 44.802174037621036], [-1.222859739775598, 44.802481648640466], [-1.222861647431045, 44.80279088184675], [-1.22282097188565, 44.803098759157265], [-1.222738104179106, 44.80340231549785], [-1.222613841723363, 44.80369862735985], [-1.222449380648076, 44.80398484095877], [-1.222246304303735, 44.80425819972313], [-1.222006568032338, 44.80451607084864], [-1.221732480351529, 44.80475597066154], [-1.221426680732839, 44.80497558854678], [-1.221092114187612, 44.80517280921005], [-1.220732002905188, 44.80534573305896], [-1.220349815216428, 44.80549269450681], [-1.220131359338815, 44.80555790899761], [-1.220078248262145, 44.805752419172386], [-1.219953966590903, 44.806048728288815], [-1.219789485097202, 44.80633493817007], [-1.21958638732816, 44.806608292280465], [-1.219346628832114, 44.80686615786053], [-1.219072518340763, 44.80710605128988], [-1.218766695545352, 44.80732566201498], [-1.218432105680476, 44.80752287481045], [-1.218071971160111, 44.807695790159656], [-1.217689760538982, 44.80784274255776], [-1.217289155098395, 44.807962316560385], [-1.216874013378733, 44.808053360423344], [-1.216448334000734, 44.808114997201514], [-1.216016217134321, 44.808146633199776], [-1.215581824986952, 44.80814796369447], [-1.21514934169292, 44.80811897587002], [-1.214722932990933, 44.80805994894246], [-1.214306706079317, 44.80797145146857], [-1.2139046700365, 44.80785433586666], [-1.213520697188869, 44.807709730202134], [-1.213158485798962, 44.80753902731662], [-1.212821524434032, 44.80734387140603], [-1.212513058358714, 44.80712614217726], [-1.212236058275895, 44.80688793673576], [-1.211993191716984, 44.80663154937978], [-1.211786797357161, 44.80635944949519], [-1.211618862502754, 44.80607425776506], [-1.211491003967157, 44.8057787209228], [-1.211404452518913, 44.80547568529271], [-1.211360041050992, 44.805168069372755], [-1.211358196584362, 44.80485883572407], [-1.211398936181896, 44.80455096243793], [-1.211481866810963, 44.80424741445491], [-1.211606189154984, 44.803951115012865], [-1.211770705336239, 44.80366491749807], [-1.211973830474582, 44.803391577970935], [-1.212213607969893, 44.80313372863056], [-1.21248772836034, 44.80289385247321], [-1.212793551574263, 44.8026742593887], [-1.213128132360982, 44.80247706392448], [-1.213488248655391, 44.80230416493113], [-1.213870432603178, 44.80215722728497], [-1.214088882528322, 44.80209202520035], [-1.214142010869574, 44.80189751813414], [-1.214266313996492, 44.80160121594548], [-1.214430809758729, 44.801315014712124], [-1.214633913472792, 44.801041670530324], [-1.214873668744882, 44.800783815643975], [-1.215147766327169, 44.80054393310278], [-1.215453566367613, 44.80032433285805], [-1.21578812383866, 44.80012712952617], [-1.21614821689969, 44.799954222033506], [-1.216530377920077, 44.79980727533822], [-1.216853472731758, 44.79971082598337], [-1.216837393230784, 44.799689628250654], [-1.21666945267963, 44.79940444480985], [-1.216541582763366, 44.79910891445554], [-1.216455014360327, 44.79880588344955], [-1.216410580526954, 44.798498270245396], [-1.216408708499788, 44.79818903737807], [-1.216449415607291, 44.79788116293135], [-1.216532309129875, 44.79757761185703], [-1.21665659010844, 44.79728130742274], [-1.216821061063724, 44.796995103062876], [-1.217024137551191, 44.79672175490383], [-1.217263863439272, 44.7964638952278], [-1.217537929763125, 44.79622400713062]]], [[[-1.202548258891802, 44.800193559365766], [-1.202854106237748, 44.7999739938901], [-1.2031887058152, 44.79977682859137], [-1.203548835378246, 44.7996039620296], [-1.203931026944931, 44.79945705876883], [-1.204331600185724, 44.799337533355384], [-1.204746697852338, 44.79924653670328], [-1.205172322906279, 44.79918494501708], [-1.205604376990255, 44.79915335135932], [-1.206038699872842, 44.7991520599425], [-1.20647110948743, 44.79918108320158], [-1.206897442180919, 44.79924014167415], [-1.207313592785542, 44.7993286666901], [-1.207715554128928, 44.799445805844485], [-1.208099455602879, 44.799590431201246], [-1.208461600420243, 44.79976115014922], [-1.208798501201871, 44.799956318805435], [-1.209106913551471, 44.80017405783772], [-1.209383867295441, 44.8004122705542], [-1.209626695087039, 44.8006686630857], [-1.209833058099411, 44.800940766467484], [-1.210000968559847, 44.80122596040764], [-1.210128808907885, 44.801521498513736], [-1.210215347392156, 44.80182453473514], [-1.21025974995507, 44.802132150766575], [-1.210261588290022, 44.802441384149134], [-1.210220843992561, 44.802749256798485], [-1.21013790876455, 44.80305280368522], [-1.210013580668299, 44.80334910139167], [-1.209849056465747, 44.80363529626959], [-1.209645920115499, 44.80390863192777], [-1.209406127537629, 44.80416647578434], [-1.209131987792254, 44.8044063444282], [-1.208826140852536, 44.80462592754439], [-1.20849153218577, 44.80482311017349], [-1.208131384387167, 44.804995993089385], [-1.207749166139463, 44.8051429110996], [-1.207348558797527, 44.80526244909098], [-1.20693342092013, 44.80535345566618], [-1.206507751091049, 44.80541505423924], [-1.206075649388255, 44.80544665148304], [-1.20564127787314, 44.805447943047206], [-1.205208820481233, 44.80541891649115], [-1.204782442701691, 44.805359851403956], [-1.204366251434911, 44.80527131670996], [-1.203964255415888, 44.80515416518604], [-1.203580326585388, 44.80500952524353], [-1.203218162781855, 44.80483879005422], [-1.20288125211407, 44.80464360412516], [-1.202572839358244, 44.80442584745232], [-1.202295894703588, 44.8041876174055], [-1.202053085147547, 44.80393120851988], [-1.201846748816194, 44.803659090388635], [-1.201678872456902, 44.80337388387054], [-1.201551072319646, 44.80307833584137], [-1.201464578610515, 44.80277529273308], [-1.201420223666418, 44.802467673115636], [-1.201418433963993, 44.80215843958572], [-1.201459226038772, 44.80185057023335], [-1.201542206352837, 44.80154702996123], [-1.201666575111246, 44.80125074193282], [-1.201831133989434, 44.80096455942444], [-1.202034297696232, 44.800691238351995], [-1.20227410926027, 44.80043341073677], [-1.202548258891802, 44.800193559365766]]], [[[-1.180288747681099, 44.80609289459208], [-1.180594714055672, 44.80587339007357], [-1.180929426807567, 44.805676291546234], [-1.181289662601354, 44.80550349692713], [-1.181671952432442, 44.80535667008748], [-1.182072615025368, 44.80523722483769], [-1.182487792271722, 44.80514631131989], [-1.182913486366955, 44.805084804938105], [-1.183345598289162, 44.80505329793347], [-1.183779967250124, 44.80505209368413], [-1.184212410739625, 44.805081203785704], [-1.184638764778401, 44.80514034793959], [-1.185054923993107, 44.80522895665065], [-1.185456881128358, 44.805346176708], [-1.185840765616308, 44.80549087939662], [-1.186202880833149, 44.805661671360596], [-1.186539739684495, 44.805856908013894], [-1.186848098177506, 44.80607470936948], [-1.187124986656858, 44.80631297813532], [-1.187367738403926, 44.80656941990239], [-1.187574015323785, 44.80684156523177], [-1.187741830472432, 44.80712679342745], [-1.187869567206925, 44.807422357767024], [-1.187955994773409, 44.807725411947104], [-1.188000280182201, 44.80803303748932], [-1.18800199625473, 44.80834227184306], [-1.18796112576385, 44.80865013691445], [-1.187878061626664, 44.808953667746955], [-1.187753603146959, 44.80924994107737], [-1.187588948342434, 44.8095361034921], [-1.187385682429632, 44.80980939891243], [-1.187145762576631, 44.81006719514397], [-1.186871499069582, 44.81030700923417], [-1.186565533073896, 44.81052653139348], [-1.186230811203838, 44.81072364724944], [-1.185870557145241, 44.8108964582191], [-1.185488240604608, 44.811043299802876], [-1.185087543883829, 44.81116275762373], [-1.185047903826376, 44.811171437998105], [-1.185407081677995, 44.81127617187577], [-1.185791006537678, 44.81142087502485], [-1.186153159806711, 44.81159166749132], [-1.1864900540243, 44.81178690468424], [-1.186798444857043, 44.81200470661147], [-1.187075362338162, 44.81224297597539], [-1.187318139469704, 44.81249941836129], [-1.187524437912219, 44.81277156432425], [-1.187692270514349, 44.81305679316218], [-1.18782002046496, 44.81335235814647], [-1.187906456882794, 44.81365541296753], [-1.187950746692794, 44.81396303914084], [-1.187952462673852, 44.81427227410968], [-1.187911587599559, 44.814580139774286], [-1.187828514431008, 44.81488367117237], [-1.187704042558835, 44.81517994503529], [-1.187539370129586, 44.81546610794435], [-1.187336082529438, 44.815739403816046], [-1.187096137135246, 44.81599720045164], [-1.186821844479082, 44.81623701489468], [-1.186515846007047, 44.816456537352224], [-1.186181088646173, 44.81665365344898], [-1.185820796424117, 44.81682646459961], [-1.185438439414971, 44.81697330630282], [-1.185037700310444, 44.81709276418042], [-1.184622438938744, 44.817183687606686], [-1.184196655073431, 44.817245200796556], [-1.183764449891133, 44.81727671124532], [-1.183329986450177, 44.817277915438645], [-1.182897449571682, 44.81724880177749], [-1.182471005510523, 44.81718965068997], [-1.182054761805551, 44.81710103192876], [-1.181917391958119, 44.81706097520136], [-1.182105843352879, 44.81722313167715], [-1.182348619321585, 44.817479585365156], [-1.182554911980381, 44.81775174102196], [-1.182722734233467, 44.818036977852096], [-1.182850469369226, 44.81833254904998], [-1.182936886648921, 44.81863560824613], [-1.182981153181657, 44.81894323691387], [-1.182982841970363, 44.81925247247244], [-1.182941936050378, 44.819560336816345], [-1.182858828679756, 44.819863864996], [-1.182734319578429, 44.82016013377374], [-1.182569607251429, 44.820446289779774], [-1.182366277469141, 44.82071957699708], [-1.182126288014665, 44.82097736331025], [-1.181851949844423, 44.82121716586223], [-1.181545904842909, 44.821436674974585], [-1.181211100385343, 44.82163377640051], [-1.180850760953061, 44.821806571696], [-1.180468357074942, 44.821953396512455], [-1.180067571894212, 44.82207283663433], [-1.179652265682967, 44.82216374160691], [-1.17922643864675, 44.82222523582288], [-1.178794192378096, 44.82225672696029], [-1.178359690331154, 44.82225791169079], [-1.177927117698968, 44.82222877860288], [-1.177500641080844, 44.82216960831172], [-1.177084368329257, 44.82208097075501], [-1.176682308964027, 44.8219637197004], [-1.176298335535939, 44.8218189845179], [-1.176244580599481, 44.82179363133861], [-1.176050533891781, 44.821886670873845], [-1.175668116928138, 44.82203347914899], [-1.175267320974893, 44.82215290193361], [-1.17485200640795, 44.82224378893995], [-1.174426173513371, 44.82230526473377], [-1.173993923940147, 44.82233673717055], [-1.173559421174272, 44.822337903102095], [-1.173126850415713, 44.82230875129791], [-1.172700378245721, 44.82224956255353], [-1.172284112473899, 44.82216090698433], [-1.171882062552807, 44.822043638531454], [-1.171498100942218, 44.82189888673253], [-1.171135925796032, 44.82172804583664], [-1.170799025331905, 44.821532761369006], [-1.170490644227309, 44.821314914274566], [-1.170213752366071, 44.82107660279398], [-1.169971016236568, 44.8208201222466], [-1.169873168581359, 44.82069099284607], [-1.169693768985012, 44.82053658583417], [-1.16945103756101, 44.82028010419515], [-1.169244799081545, 44.82000792394649], [-1.169077039350915, 44.819722666545076], [-1.168957306345188, 44.81944544652934], [-1.168665927245134, 44.81930798537204], [-1.168329049871087, 44.81911269356126], [-1.168020691619962, 44.81889483977682], [-1.167743822155452, 44.81865652232378], [-1.167501107750209, 44.818400036579035], [-1.167294885613247, 44.81812785287592], [-1.167127141391476, 44.817842592704565], [-1.166999490061625, 44.81754700345729], [-1.166913160396041, 44.81724393196284], [-1.166868983151232, 44.816936297064366], [-1.166867383092023, 44.816627061505464], [-1.166908374927207, 44.81631920339551], [-1.166991563194828, 44.81601568752868], [-1.167116146097131, 44.81571943683321], [-1.167280923247268, 44.81543330422571], [-1.167484307252162, 44.8151600451413], [-1.167724339019153, 44.81490229100416], [-1.16799870663825, 44.814662523893624], [-1.168304767657557, 44.81444305264925], [-1.168639574536985, 44.814245990645134], [-1.168999903034863, 44.81407323544653], [-1.169382283254084, 44.813926450545104], [-1.169783033049004, 44.81380704934742], [-1.170198293471711, 44.81371618157136], [-1.170624065916924, 44.81365472218056], [-1.171056250608465, 44.81362326296363], [-1.171490686057561, 44.81362210683859], [-1.171923189113895, 44.813651264937675], [-1.172349595224708, 44.81371045650012], [-1.172765798515291, 44.813799111574276], [-1.173167791305841, 44.81391637650285], [-1.173551702685134, 44.814061122138725], [-1.173913835770321, 44.81423195471244], [-1.174250703294817, 44.81442722924689], [-1.174559061182085, 44.81464506539026], [-1.174835939782418, 44.81488336551546], [-1.175078672472078, 44.815139834911506], [-1.17528492133939, 44.815412003873334], [-1.175452699710214, 44.815697251477296], [-1.175572456768455, 44.81597446413599], [-1.175863835476992, 44.816111907000966], [-1.176200721044357, 44.81630717573636], [-1.176322335369765, 44.81639308211975], [-1.176651836017227, 44.816266573354326], [-1.177052587052444, 44.8161471458022], [-1.177467853009945, 44.816056250742875], [-1.177893635231117, 44.815994763402735], [-1.17832583384564, 44.8159632758395], [-1.178760287230688, 44.81596209124415], [-1.179192812063264, 44.81599122102307], [-1.179619243580978, 44.81605038468812], [-1.180035475664537, 44.81613901255634], [-1.180172841917271, 44.81617907160169], [-1.179984399600297, 44.81601691189882], [-1.179741640737475, 44.81576045316225], [-1.179535369010194, 44.81548829245504], [-1.179367570543162, 44.81520305104592], [-1.17923986083572, 44.81490747614662], [-1.179153469222603, 44.814604414447714], [-1.179109227057049, 44.814296784698094], [-1.179107559729214, 44.81398754959184], [-1.179148482595795, 44.8136796872341], [-1.179231600859063, 44.81337616245999], [-1.179356113395422, 44.81307989828361], [-1.179520820495622, 44.81279374775144], [-1.179724135441103, 44.81252046647135], [-1.17996409980414, 44.81226268608128], [-1.180238402323703, 44.812022888913425], [-1.180544401174643, 44.81180338409682], [-1.18087914941537, 44.81160628532885], [-1.181239423368706, 44.81143349052893], [-1.181621753662616, 44.811286663569966], [-1.182022458632046, 44.811167218263535], [-1.182062099153717, 44.81115853897031], [-1.181702928286851, 44.811053794266], [-1.181319016459289, 44.81090907698592], [-1.180956882277546, 44.81073826877657], [-1.180620013564825, 44.81054301484827], [-1.180311654692926, 44.810325195851874], [-1.180034775331738, 44.8100869097574], [-1.179792041849479, 44.80983045163978], [-1.179585791639167, 44.80955829156628], [-1.179418010618372, 44.80927305079952], [-1.179290314118521, 44.808977476544996], [-1.179203931347278, 44.808674415487125], [-1.179159693572867, 44.8083667863686], [-1.179158026143297, 44.80805755187745], [-1.179198944416391, 44.80774969011285], [-1.179282053638806, 44.80744616590423], [-1.17940655277415, 44.807149902260264], [-1.179571242242356, 44.80686375222229], [-1.179774535494771, 44.806590471393406], [-1.180014474312673, 44.80633269140724], [-1.180288747681099, 44.80609289459208]]], [[[-1.157914838213862, 44.812171977422054], [-1.158189234347977, 44.811932234793474], [-1.158495318800422, 44.81171279081499], [-1.158830143805606, 44.81151575859804], [-1.159190484947455, 44.811343035421125], [-1.159572872207233, 44.81119628446748], [-1.159973623371597, 44.811076918816774], [-1.160388879479523, 44.81098608784465], [-1.160814641967325, 44.81092466616028], [-1.161246811154726, 44.810893245189256], [-1.161681225702235, 44.81089212748131], [-1.162113702660761, 44.81092132379875], [-1.162540077728782, 44.81098055301283], [-1.162956245330419, 44.81106924480936], [-1.163358198129423, 44.811186545177414], [-1.163742065599537, 44.81133132462865], [-1.164104151280602, 44.81150218906794], [-1.164440968362371, 44.811697493211334], [-1.164749273253916, 44.81191535642193], [-1.16502609681573, 44.81215368081188], [-1.165268772953971, 44.81241017143656], [-1.165474964301449, 44.812682358386425], [-1.165642684737861, 44.81296762056454], [-1.165770318532017, 44.81326321092118], [-1.165856635921088, 44.813566282902244], [-1.165900804976178, 44.81387391785781], [-1.165902399639041, 44.81418315314647], [-1.165861403851624, 44.81449101066522], [-1.165778211737633, 44.81479452553009], [-1.165653623833358, 44.81509077463155], [-1.165488839403019, 44.81537690478918], [-1.165285444911698, 44.81565016023489], [-1.165045398765997, 44.81590790915912], [-1.164771012468638, 44.81614766906487], [-1.164464928367926, 44.816367130684384], [-1.164130094215932, 44.81656418022827], [-1.163769734780239, 44.816736919752174], [-1.163387320782606, 44.816883685444665], [-1.162986535463896, 44.817003063659605], [-1.162571239097663, 44.817093904538616], [-1.162145431794701, 44.817155333091726], [-1.161713214957506, 44.81718675762943], [-1.161278751756725, 44.8171878754649], [-1.160846227011166, 44.81715867583095], [-1.16041980685878, 44.81709943998377], [-1.160003598608013, 44.81701073849246], [-1.159601611157238, 44.816893425740496], [-1.159217716364361, 44.81674863169215], [-1.158855611739537, 44.81657775100348], [-1.158518784821013, 44.816382429582895], [-1.158210479577737, 44.8161645487313], [-1.157933665162731, 44.81592620701439], [-1.157691007318333, 44.815669700042726], [-1.15748484270871, 44.81539749835405], [-1.157317156426645, 44.81511222361164], [-1.157189562890795, 44.81481662334815], [-1.157103290316885, 44.814513544498325], [-1.157059168911589, 44.814205905976095], [-1.157057622901998, 44.813896670559885], [-1.157098666476448, 44.81358881635766], [-1.157181903674802, 44.81328530812589], [-1.157306532228205, 44.812989068719226], [-1.157471351310316, 44.812702950945486], [-1.157674773124401, 44.812429710096914], [-1.157914838213862, 44.812171977422054]]], [[[-1.190974018338597, 44.81088366554173], [-1.191308724527276, 44.81068653536288], [-1.191668960520316, 44.81051370674439], [-1.192051257311079, 44.810366843884914], [-1.192451933556994, 44.81024736094177], [-1.19286713101812, 44.81015640841994], [-1.193292851695229, 44.810094862099135], [-1.193724996310461, 44.81006331460496], [-1.194159403760831, 44.81006206970549], [-1.194591891165573, 44.81009113938775], [-1.19501829412265, 44.81015024374232], [-1.195434506787792, 44.81023881365732], [-1.195836521391065, 44.81035599629539], [-1.19622046681139, 44.81050066330189], [-1.196582645838372, 44.81067142166449], [-1.196919570763314, 44.81086662712066], [-1.197227996957259, 44.81108439998392], [-1.19750495411307, 44.81132264323653], [-1.197747774850886, 44.81157906271525], [-1.197954120411491, 44.811851189195814], [-1.198122003189918, 44.81213640216378], [-1.198249805891957, 44.81243195504345], [-1.198336297128448, 44.812735001641826], [-1.198380643296489, 44.81304262355364], [-1.198382416632282, 44.81335185826331], [-1.198341599357077, 44.81365972767359], [-1.198258583875324, 44.81396326678623], [-1.198134169022051, 44.814259552258356], [-1.197969552394601, 44.81454573055947], [-1.197766318841635, 44.81481904545793], [-1.197526425219364, 44.815076864571786], [-1.197440981172369, 44.815151590067], [-1.197324240790292, 44.815429583145956], [-1.197159616611979, 44.81571576035699], [-1.196956374889537, 44.815989073878356], [-1.196716472557855, 44.816246891341386], [-1.196442219734124, 44.81648672958905], [-1.196136257480675, 44.81670627859919], [-1.195801532375559, 44.81690342374075], [-1.195441268135628, 44.81707626614874], [-1.195058934565335, 44.81722314102076], [-1.19465821413052, 44.81734263365917], [-1.194242966479476, 44.817433593103424], [-1.193817191253531, 44.81749514322156], [-1.193384989546055, 44.81752669115316], [-1.192950524381878, 44.817527933022824], [-1.192517980598722, 44.81749885686866], [-1.192091524517993, 44.817439742757465], [-1.191675263794371, 44.81735116008578], [-1.19127320783188, 44.81723396209261], [-1.190889229148635, 44.81708927763689], [-1.190527026063173, 44.816918500319105], [-1.190190087062488, 44.816723275052134], [-1.189881657195493, 44.81650548221074], [-1.18960470681597, 44.816267219513094], [-1.189361902976217, 44.81601078180877], [-1.189155583746937, 44.81573863896851], [-1.188987735710445, 44.81545341208898], [-1.188859974843578, 44.81515784824199], [-1.18877353097386, 44.814854794011794], [-1.188729235957849, 44.81454716807534], [-1.188727515694705, 44.814237933090126], [-1.188768386050918, 44.8139300671601], [-1.188851452734425, 44.813626535154924], [-1.1889759151183, 44.813330260158374], [-1.18914057397619, 44.813044095321175], [-1.189343843054011, 44.81277079638899], [-1.189583764365625, 44.81251299516984], [-1.189669214846978, 44.81243827579266], [-1.189785986876088, 44.812160291048514], [-1.189950638182371, 44.81187412512095], [-1.190153899090404, 44.81160082481146], [-1.190393811692735, 44.81134302194128], [-1.190668065226655, 44.811103199059126], [-1.190974018338597, 44.81088366554173]]], [[[-1.155508708891902, 44.82262214778348], [-1.155814862034829, 44.82240271041966], [-1.156149760128067, 44.82220568559139], [-1.156510178051759, 44.82203297050601], [-1.156892645047864, 44.821886228268795], [-1.157293478135316, 44.82176687187556], [-1.157708817564354, 44.82167605061268], [-1.158134663969107, 44.82161463899595], [-1.158566916861398, 44.82158322835395], [-1.159001414095883, 44.82158212113696], [-1.159433971927415, 44.821611328006306], [-1.159860425275876, 44.8216705677316], [-1.160276667811731, 44.82175926989748], [-1.160678691477271, 44.82187658039312], [-1.161062625063911, 44.8220213696327], [-1.161424771474864, 44.82219224342686], [-1.161761643315082, 44.822387556401516], [-1.162069996466289, 44.82260542783475], [-1.16234686132417, 44.82284375975954], [-1.162589571397077, 44.82310025715866], [-1.162795788990868, 44.82337245005734], [-1.162963527732289, 44.823657717301394], [-1.16309117171364, 44.823953311792216], [-1.163177491073737, 44.82425638693594], [-1.163221653864438, 44.82456402405215], [-1.163223234087557, 44.82487326047862], [-1.163182215823835, 44.82518111810137], [-1.163098993413185, 44.825484632035405], [-1.162974367683442, 44.82578087918013], [-1.162809538262906, 44.82606700637401], [-1.162606092049786, 44.8263402578774], [-1.162365987948682, 44.82659800191876], [-1.162091538020399, 44.82683775604806], [-1.161785385226034, 44.8270572110532], [-1.161450477979261, 44.827254253208466], [-1.161090041751704, 44.82742698464067], [-1.16070754800481, 44.827573741616284], [-1.160306680747661, 44.82769311057316], [-1.159891301043144, 44.827783941742084], [-1.159465409804892, 44.82784536022656], [-1.159033109244009, 44.827876774434145], [-1.158598563337716, 44.827877881777454], [-1.15816595770159, 44.827848671590374], [-1.157739459252852, 44.82778942523073], [-1.157323176054218, 44.827700713368934], [-1.156921117726041, 44.82758339048832], [-1.156537156808975, 44.82743858665071], [-1.156174991450097, 44.82726769660644], [-1.155838109772617, 44.827072366354066], [-1.155529756272847, 44.82685447727953], [-1.155252900568501, 44.826616128027744], [-1.155010208799461, 44.826359614281806], [-1.154804017956459, 44.82608740664471], [-1.154636313384733, 44.82580212683702], [-1.154508709678862, 44.825506522440165], [-1.154422435152263, 44.82520344042867], [-1.154378320030154, 44.82489579974691], [-1.154376788478844, 44.824586563194096], [-1.15441785454716, 44.8242787088891], [-1.154501122058085, 44.82397520158938], [-1.154625788450609, 44.82367896414059], [-1.154790652533781, 44.82339284933168], [-1.154994126077327, 44.82311961242633], [-1.155234249126355, 44.82286188463508], [-1.155508708891902, 44.82262214778348]]], [[[-1.148117551425558, 44.83091942278469], [-1.148519615240302, 44.83103677769316], [-1.148903580081403, 44.83118160944562], [-1.149265748551027, 44.831352523443314], [-1.149602633041579, 44.83154787392506], [-1.149910989312788, 44.8317657798077], [-1.150187847730076, 44.83200414279248], [-1.150430541863568, 44.83226066756302], [-1.150636734172341, 44.83253288388094], [-1.150804438526345, 44.83281817036643], [-1.150932039348732, 44.833113779735605], [-1.151018307193655, 44.83341686525116], [-1.151062410608796, 44.833724508132796], [-1.15106392416752, 44.83403374566264], [-1.151022832592354, 44.834341599716005], [-1.150939530929055, 44.834645105442235], [-1.150814820768574, 44.83494133981971], [-1.150649902552254, 44.83522744980972], [-1.150446364033442, 44.835500679838276], [-1.150206165005744, 44.83575839834062], [-1.149931618444272, 44.83599812311265], [-1.149625368240916, 44.836217545224955], [-1.149290363747667, 44.83641455126858], [-1.14892983137294, 44.836587243718135], [-1.148547243504421, 44.83673395921555], [-1.148146285057937, 44.83685328459818], [-1.147730817974894, 44.836944070516466], [-1.147304844010737, 44.83700544250984], [-1.146872466173563, 44.837036809433584], [-1.146437849185072, 44.83703786915582], [-1.146005179345629, 44.83700861146909], [-1.145578624190956, 44.83694931818877], [-1.145570614611259, 44.83694761064457], [-1.145642418007966, 44.83711398331513], [-1.145728663459382, 44.83741707333973], [-1.145772741049677, 44.83772471872638], [-1.145774225600805, 44.838033956733085], [-1.145733102114552, 44.83834180923052], [-1.145649765943916, 44.838645311382976], [-1.145525019012115, 44.83894154020321], [-1.145360062114587, 44.83922764270603], [-1.145156483377199, 44.83950086338952], [-1.144916242980903, 44.83975857077887], [-1.144641654299259, 44.83999828277703], [-1.144335361629872, 44.84021769057755], [-1.144000314733797, 44.84041468090935], [-1.143639740427921, 44.840587356398345], [-1.143257111503876, 44.84073405384981], [-1.142856113273009, 44.84085336027492], [-1.142440608060008, 44.8409441265067], [-1.142014597987667, 44.84100547827419], [-1.141776997281842, 44.84102270262272], [-1.141666496459154, 44.841170983968745], [-1.141643711819212, 44.84119542226046], [-1.141772756558087, 44.84114595039506], [-1.142173759178081, 44.84102664787283], [-1.142589265432549, 44.84093588263764], [-1.14301527434955, 44.84087452866571], [-1.14344768387637, 44.84084317673059], [-1.143882330359715, 44.84084212871728], [-1.144315028617574, 44.840871394717], [-1.144741612217866, 44.84093069293006], [-1.145157973577005, 44.84101945237785], [-1.1455601034932, 44.84113681839805], [-1.145944129734772, 44.8412816608701], [-1.146183084161771, 44.84139441740844], [-1.146206599159683, 44.84121838209525], [-1.14628993613897, 44.84091487926962], [-1.146414683419243, 44.84061864939871], [-1.146579639030285, 44.84033254519842], [-1.146783213860163, 44.84005932183021], [-1.147023446978421, 44.83980161037424], [-1.147298024536042, 44.839561892498686], [-1.147604302059542, 44.83934247656896], [-1.147939329924142, 44.839145475426356], [-1.148299881760438, 44.83897278605012], [-1.148682485521029, 44.838826071297994], [-1.149083456908093, 44.838706743901035], [-1.149498934840363, 44.83861595286647], [-1.149924918618541, 44.83855457241899], [-1.150357306431911, 44.83852319358704], [-1.150791934836211, 44.83852211851463], [-1.151224618823483, 44.838551357553555], [-1.151651192099044, 44.83861062916366], [-1.152067547178734, 44.83869936262255], [-1.152469674921258, 44.83881670351814], [-1.152853703115912, 44.83896152197182], [-1.152915137284322, 44.83899050695918], [-1.152916719996399, 44.83897864744128], [-1.153000017403875, 44.838675139800216], [-1.15312472433038, 44.83837890260494], [-1.153289639194311, 44.83809278864193], [-1.153493173276106, 44.83781955316673], [-1.153733366037669, 44.837561827376085], [-1.154007904018552, 44.83732209307625], [-1.15431414312631, 44.83710265879083], [-1.154649134106011, 44.83690563753788], [-1.155009650943344, 44.83673292649033], [-1.155392221927837, 44.83658618871459], [-1.155793163077188, 44.836466837163435], [-1.156208613601214, 44.83637602107671], [-1.156634573064456, 44.83631461492028], [-1.157066939890272, 44.8362832099702], [-1.157501550836439, 44.83628210862192], [-1.157934221063074, 44.83631132148026], [-1.158360784407985, 44.836370567257205], [-1.158777133482641, 44.83645927547901], [-1.159179259203599, 44.83657659197668], [-1.159563289379667, 44.836721387106486], [-1.159925525984032, 44.83689226662244], [-1.160262480753153, 44.837087585095304], [-1.160570908770153, 44.83730546175023], [-1.160847839709692, 44.83754379856994], [-1.161090606443624, 44.83780030049005], [-1.161296870731972, 44.83807249749225], [-1.16146464575156, 44.83835776838285], [-1.161592315245034, 44.838653366028105], [-1.161678649105196, 44.83895644380376], [-1.161722815243914, 44.83926408300409], [-1.161724387630391, 44.839573320946734], [-1.161683350420475, 44.83988117950312], [-1.161600098136184, 44.840184693779264], [-1.161475431892724, 44.84048094067128], [-1.161310551708271, 44.840767067019996], [-1.161107044969677, 44.84104031709395], [-1.160866871164249, 44.84129805913534], [-1.160592343023968, 44.8415378107134], [-1.160286104263104, 44.84175726264056], [-1.159951104123262, 44.841954301220774], [-1.159590568970768, 44.84212702861524], [-1.159207971219938, 44.84227378112937], [-1.15880699588169, 44.842393145243975], [-1.158391505060068, 44.84248397123641], [-1.157965500739141, 44.84254538426013], [-1.15753308621941, 44.84257679277521], [-1.157098426575948, 44.84257789424915], [-1.156665708520047, 44.84254867807232], [-1.156239100051951, 44.84248942566033], [-1.155822710294249, 44.84240070774175], [-1.155420549893812, 44.842283378858376], [-1.155036492374545, 44.842138569129816], [-1.154975053669058, 44.84210958528697], [-1.154973471303301, 44.84212144484634], [-1.154890179447682, 44.842424954309855], [-1.154765472849149, 44.842721193880045], [-1.15460055191454, 44.84300731046824], [-1.154397004423193, 44.84328054843692], [-1.154156790254958, 44.843538276144855], [-1.153882222530616, 44.843778011299285], [-1.153575945345761, 44.84399744487084], [-1.153240908312159, 44.844194463340195], [-1.152880338151574, 44.844367169062274], [-1.152497707615596, 44.8445138985512], [-1.152096702031016, 44.84463323850956], [-1.151681183793288, 44.84472403944737], [-1.151255155150628, 44.84478542675941], [-1.150822719637867, 44.844816809153414], [-1.15038804253233, 44.84481788434848], [-1.149955310713536, 44.844788641988146], [-1.149528692314303, 44.84472936374015], [-1.149112296552874, 44.844640620582005], [-1.148710134133918, 44.84452326729851], [-1.148326078600733, 44.844378434244355], [-1.148087107179387, 44.844265682210384], [-1.148063596798739, 44.84444171809667], [-1.147980264170027, 44.84474522260262], [-1.147855515981786, 44.84504145463133], [-1.147690553041404, 44.845327561166684], [-1.147486963532805, 44.84560078666795], [-1.147246707740557, 44.845858499613946], [-1.146972099186391, 44.84609821785407], [-1.146665782359225, 44.846317632521824], [-1.146330707252725, 44.84651463027991], [-1.145970100955447, 44.84668731368278], [-1.145587436567137, 44.846834019459465], [-1.145186399740732, 44.846953334540935], [-1.144770853172692, 44.84704410967689], [-1.144344799384187, 44.84710547051055], [-1.143912342152316, 44.847136826004736], [-1.143477646963653, 44.84713787413764], [-1.143044900871925, 44.84710860481343], [-1.142618272147444, 44.84704929995959], [-1.142201870107893, 44.84696053080993], [-1.141799705518385, 44.84684315239957], [-1.14141565194308, 44.84669829532524], [-1.141053408421455, 44.846527354850025], [-1.140716463829406, 44.846331977458156], [-1.140408063268982, 44.84611404498962], [-1.140131176810852, 44.84587565650722], [-1.139888470890718, 44.845619108071894], [-1.139682282635168, 44.845346870620645], [-1.13951459736403, 44.84506156616116], [-1.13938702948548, 44.844765942512154], [-1.139300806967351, 44.844462846833544], [-1.139256759533441, 44.844155198201186], [-1.139255310697663, 44.84384595949082], [-1.139296473711763, 44.843538108841955], [-1.139379851464664, 44.84323461097676], [-1.139504640333318, 44.842938388649955], [-1.13966963794701, 44.842652294504745], [-1.139873254789342, 44.842379083605735], [-1.139896040679523, 44.842354645668074], [-1.13976699151154, 44.84240411537087], [-1.139365973948119, 44.84252340925063], [-1.138950450744445, 44.842614162465324], [-1.138524424196642, 44.84267550086933], [-1.138091997819405, 44.84270683364151], [-1.137657336802074, 44.84270785897891], [-1.137224627869179, 44.84267856700528], [-1.13679803893304, 44.84261923986629], [-1.136381678928019, 44.84253044901033], [-1.135979558214262, 44.84241304968167], [-1.13559554993323, 44.84226817267845], [-1.135233352688044, 44.84209721345575], [-1.134896454908795, 44.84190181867837], [-1.134588101246577, 44.841683870353705], [-1.134311261320297, 44.84144546769728], [-1.13406860111745, 44.84118890690651], [-1.133862457324287, 44.84091665903738], [-1.133694814832415, 44.84063134619787], [-1.133567287638025, 44.8403357162874], [-1.133481103317172, 44.84003261652613], [-1.133437091225858, 44.83972496602923], [-1.133436820954744, 44.83966597081466], [-1.133170080428186, 44.839724216365575], [-1.132744069485497, 44.8397855325238], [-1.132311662130046, 44.83981684274536], [-1.131877023367932, 44.83981784544447], [-1.131444339709285, 44.839788530962984], [-1.131017778822928, 44.83972918166331], [-1.130601449372982, 44.83964036920736], [-1.130199361425219, 44.83952294904742], [-1.129815387805418, 44.839378052182276], [-1.129453226782769, 44.83920707425829], [-1.129116366438397, 44.83901166212042], [-1.128808051062761, 44.83879369794322], [-1.128531249905949, 44.83855528109489], [-1.128288628581993, 44.83829870790952], [-1.128082523402654, 44.83802644956247], [-1.127914918887618, 44.837741128262586], [-1.127787428667319, 44.837445491990735], [-1.127784686739308, 44.83743584489446], [-1.127571348392334, 44.83739032664864], [-1.127169282880682, 44.83727289559718], [-1.126785332453374, 44.837127988355405], [-1.126423195156168, 44.8369570006696], [-1.126086358841628, 44.83676157947873], [-1.12577806756873, 44.83654360704454], [-1.125501290355383, 44.836305182814776], [-1.125258692584989, 44.83604860319459], [-1.125052610342448, 44.8357763394213], [-1.124885027926536, 44.835491013755984], [-1.124757558754862, 44.83519537422157], [-1.124671429844709, 44.83489226813083], [-1.124627470018499, 44.83458461465986], [-1.124626101946613, 44.83427537673085], [-1.12466733810324, 44.83396753247574], [-1.124750780673179, 44.833664046555], [-1.124875625409481, 44.83336784160824], [-1.125040669403735, 44.8330817701112], [-1.125244322693228, 44.83280858691034], [-1.125484623592312, 44.83255092269885], [-1.125759257599627, 44.832311258689906], [-1.126065579698459, 44.8320919027301], [-1.126400639835127, 44.83189496708324], [-1.126761211329772, 44.83172234809776], [-1.127143821945958, 44.83157570795362], [-1.127544787320059, 44.831456458663396], [-1.127960246428862, 44.831365748482256], [-1.128386198754411, 44.8313044508563], [-1.128818542788885, 44.83127315601652], [-1.129253115509531, 44.831272165298124], [-1.129685732444478, 44.83130148824071], [-1.130112227944544, 44.83136084249622], [-1.130528495274278, 44.83144965654644], [-1.130851907210124, 44.831544113614434], [-1.13079175870348, 44.83133250905537], [-1.130747768151678, 44.83102485836958], [-1.13074636648352, 44.83071562087879], [-1.130787566496832, 44.83040777471066], [-1.130870970724563, 44.830104284544156], [-1.130995775289057, 44.82980807305979], [-1.131160777668799, 44.82952199279632], [-1.13136438830183, 44.82924879868463], [-1.131604645913268, 44.82899112152307], [-1.131879236418572, 44.8287514426495], [-1.132027451179606, 44.828645283948696], [-1.132026541896689, 44.828445672017494], [-1.132067733232266, 44.828137825604436], [-1.132151127176701, 44.82783433470291], [-1.13227591995142, 44.82753812200051], [-1.13244090914848, 44.82725204004774], [-1.132644505332902, 44.826978843791764], [-1.13288474736897, 44.82672116405157], [-1.133159321322138, 44.82648148218987], [-1.133465582753948, 44.826262106225215], [-1.133800582194846, 44.826065148614035], [-1.134161093549349, 44.82589250591634], [-1.134543645160028, 44.825745840540414], [-1.134944553231321, 44.82562656474181], [-1.135359957291677, 44.82553582703092], [-1.135785857353097, 44.825474501119], [-1.1362181524109, 44.825443177509335], [-1.136652679913841, 44.82544215781421], [-1.13708525582537, 44.82547145185219], [-1.13751171489127, 44.825530777553574], [-1.137927950726881, 44.8256195636751], [-1.138329955338886, 44.82573695529758], [-1.138713857701984, 44.82588182205394], [-1.139075961019815, 44.826052769008385], [-1.139412778312012, 44.82624815008236], [-1.139721065985261, 44.82646608389808], [-1.139997855065434, 44.826704471887815], [-1.140240479790258, 44.826961018494345], [-1.140404167200525, 44.82717720663591], [-1.140580736488418, 44.82709263728802], [-1.140963279512591, 44.82694594972082], [-1.141364182518278, 44.826826650679656], [-1.141779585082654, 44.82673588889869], [-1.142205487232085, 44.826674538320944], [-1.142637787941768, 44.826643189687196], [-1.143072324606029, 44.82664214485076], [-1.143504913100124, 44.8266714138722], [-1.143931388048706, 44.826730714922746], [-1.14434764291423, 44.826819476996455], [-1.144749669520194, 44.82693684540577], [-1.145133596629588, 44.82708169000709], [-1.145495727207841, 44.827252616077985], [-1.145832574012172, 44.827447977740974], [-1.146140893165163, 44.82766589380524], [-1.146417715389635, 44.82790426587396], [-1.146660374604226, 44.82816079854331], [-1.146866533604275, 44.82843302149875], [-1.147034206580514, 44.828718313296626], [-1.147161778258306, 44.829013926601775], [-1.147248019472529, 44.82931701463906], [-1.1472920990274, 44.829624658603784], [-1.147293591726158, 44.829933895767695], [-1.147252482492325, 44.83024174800956], [-1.147169166541837, 44.83054525049618], [-1.147079514807383, 44.83075818628034], [-1.147274750187073, 44.83077138809285], [-1.147701260232404, 44.83083067473371], [-1.148117551425558, 44.83091942278469]], [[-1.142261619081335, 44.8343629620759], [-1.142217563353358, 44.83405531563398], [-1.142216098482419, 44.833746077983236], [-1.142257237874945, 44.83343822725299], [-1.142340584647586, 44.833134728166215], [-1.142430258133243, 44.83292179604468], [-1.142235016420121, 44.832908585699315], [-1.14180849637053, 44.83284927800781], [-1.141392200845701, 44.832760506232106], [-1.14099013958465, 44.83264312543267], [-1.140606185156162, 44.83249826622921], [-1.140244035644667, 44.83232732390532], [-1.13990717902054, 44.83213194496304], [-1.139598859538566, 44.83191401125727], [-1.139411424043782, 44.831752593460756], [-1.139344380994604, 44.831911770275376], [-1.139179413264601, 44.83219786293143], [-1.138975829943845, 44.8324710716472], [-1.138735591257621, 44.832728765063166], [-1.13846101056319, 44.83296846121672], [-1.138154732081377, 44.833187851454106], [-1.137819705436716, 44.8333848226733], [-1.137459157251134, 44.83355747768438], [-1.137076560064747, 44.833704153489776], [-1.136675598883247, 44.83382343730919], [-1.136260135674469, 44.8339141801934], [-1.135834172156603, 44.83397550809631], [-1.135401811237148, 44.83400683029789], [-1.134967217474844, 44.83400784509703], [-1.134534576946304, 44.83397854271897], [-1.134303175995863, 44.83394635052375], [-1.13434439389449, 44.83396190401176], [-1.134706535991521, 44.83413286568069], [-1.135043386526725, 44.83432826053813], [-1.135351701586604, 44.83454620707361], [-1.135628511933208, 44.83478460659686], [-1.135871151599341, 44.83504116343961], [-1.136077283568367, 44.83531340705454], [-1.136244922291082, 44.83559871579896], [-1.136372452822477, 44.835894342174484], [-1.136458646393439, 44.83619743928002], [-1.136502672266785, 44.8365050882235], [-1.13650294574196, 44.836564083369566], [-1.136769667809912, 44.836505829868585], [-1.137195649490495, 44.83644449832387], [-1.137433232239296, 44.83642728380904], [-1.137543734904539, 44.83627900690794], [-1.13778399423781, 44.83602131577205], [-1.138058592740248, 44.83578162105352], [-1.138364885736838, 44.83556223089473], [-1.138699923453952, 44.83536525788883], [-1.139060479427445, 44.83519259874404], [-1.139443081570189, 44.835045916026985], [-1.139844045600028, 44.83492662216031], [-1.140259510506598, 44.8348358658283], [-1.14068547571606, 44.834774520921535], [-1.141117839596504, 44.83474317812622], [-1.141552438934094, 44.834742139239374], [-1.141985089000707, 44.834771414264345], [-1.142411623828212, 44.83483072131451], [-1.142419633010122, 44.83483242908553], [-1.142347842072304, 44.834666054454324], [-1.142261619081335, 44.8343629620759]]], [[[-1.15674717820596, 44.84795216705418], [-1.157053464565211, 44.847732724449976], [-1.157388509329947, 44.84753569424587], [-1.15774908596788, 44.847362973700925], [-1.158131722192684, 44.84721622597305], [-1.158532733393859, 44.84709686411085], [-1.158948258106736, 44.84700603745343], [-1.159374295181573, 44.84694462056848], [-1.159806742294507, 44.84691320483531], [-1.160241435430357, 44.846912092753236], [-1.160674188957976, 44.84694129503043], [-1.161100835913207, 44.84700053048072], [-1.161517268102568, 44.84708922872985], [-1.161919475642425, 44.84720653570482], [-1.162303585553851, 44.84735132185365], [-1.162665899042326, 44.84752219301676], [-1.163002927104018, 44.84771750384542], [-1.163311424116309, 44.84793537363838], [-1.163588419089442, 44.84817370444443], [-1.163831244278596, 44.84843020125713], [-1.164037560880778, 44.84870239410736], [-1.1642053815689, 44.84898766184141], [-1.164333089645642, 44.84928325735597], [-1.164407122937632, 44.8495430591994], [-1.164460701061262, 44.84955049584748], [-1.164877157460305, 44.84963918156442], [-1.165279390275358, 44.8497564764613], [-1.165663526284164, 44.84990125110247], [-1.166025866440958, 44.85007211143915], [-1.166362921485161, 44.85026741222687], [-1.166671445534364, 44.850485272861064], [-1.166948467338494, 44.850723595478755], [-1.167191318894378, 44.85098008515236], [-1.167397661145127, 44.85125227198151], [-1.167565506516661, 44.85153753487049], [-1.167693238073941, 44.85183312676271], [-1.167779625111851, 44.852136201089316], [-1.167823835029864, 44.85244383917782], [-1.16782544137527, 44.852753078356656], [-1.167784427976539, 44.85306094048533], [-1.167701189126036, 44.85336446063556], [-1.167576525809242, 44.853660715646846], [-1.167411638015817, 44.85394685228191], [-1.167227309812774, 44.85419434052897], [-1.167363766310346, 44.854174661227916], [-1.167796264619101, 44.854143214293984], [-1.168231013550231, 44.854142070919984], [-1.168663826935428, 44.85417124211534], [-1.169090537234277, 44.8542304469932], [-1.169507035643486, 44.854319115473736], [-1.169909311641917, 44.85443639377051], [-1.170293491591572, 44.85458115260774], [-1.170655876023649, 44.85475199808883], [-1.170992975251292, 44.854947285112395], [-1.171301542966685, 44.85516513320636], [-1.171578607499312, 44.85540344462857], [-1.171821500434559, 44.855659924559255], [-1.172027882317061, 44.85593210319188], [-1.17219576519107, 44.85621735950971], [-1.172323531760355, 44.8565129465194], [-1.172409950982562, 44.856816017699224], [-1.172454189947137, 44.857123654406955], [-1.172455821921536, 44.85743289398442], [-1.172414830487295, 44.857740758287264], [-1.172331609725117, 44.8580442823663], [-1.172206960446144, 44.85834054302326], [-1.172042082504699, 44.858626686966474], [-1.17183856326558, 44.858899958295076], [-1.171598362336075, 44.85915772504661], [-1.171323792709032, 44.85939750455235], [-1.171017498497987, 44.859616987355786], [-1.170682429478364, 44.859814059463496], [-1.17032181267974, 44.859986822713786], [-1.169939121302714, 44.8601336130667], [-1.169538041259964, 44.860253016638616], [-1.169122435664069, 44.86034388332686], [-1.168696307604704, 44.86040533789285], [-1.168263761574373, 44.86043678839657], [-1.167828963915067, 44.86043793190104], [-1.167396102667691, 44.860408757391816], [-1.166969347211974, 44.86034954588312], [-1.166552808086563, 44.86026086770961], [-1.166377680182187, 44.86020981071728], [-1.166351702510031, 44.860304514617624], [-1.166227016669005, 44.860600768774404], [-1.166062101623448, 44.86088690404321], [-1.165858545095524, 44.86116016460662], [-1.165618307051689, 44.86141791860588], [-1.165343700842299, 44.861657683495054], [-1.16503737093329, 44.86187714995836], [-1.164702267443983, 44.86207420415976], [-1.164341617736031, 44.86224694811004], [-1.16395889532709, 44.86239371795508], [-1.163557786428808, 44.8625131000088], [-1.163142154431781, 44.862603944375785], [-1.16271600268004, 44.86266537603245], [-1.162283435894357, 44.86269680325943], [-1.161848620616685, 44.862697923344], [-1.161415745057659, 44.86266872549725], [-1.160988978734875, 44.8626094909582], [-1.160910030709266, 44.86259267966529], [-1.16087707052938, 44.862670970752326], [-1.160712122145702, 44.862957098263195], [-1.160508532081504, 44.863230349198076], [-1.160268260626264, 44.863488091790906], [-1.159993621452174, 44.86372784360556], [-1.159687259342722, 44.863947295452235], [-1.159352124727432, 44.864144333635565], [-1.158991445267818, 44.86431706032068], [-1.158608694768171, 44.864463811819725], [-1.158207559710776, 44.86458317462328], [-1.157791903738256, 44.864673999021406], [-1.15736573042564, 44.86473541018281], [-1.156933144701425, 44.864766816585565], [-1.156779127557456, 44.8647672060925], [-1.156381830556301, 44.86485401306361], [-1.155955654335591, 44.864915418816224], [-1.155523066436188, 44.864946819727024], [-1.155088233603458, 44.86494791333672], [-1.154655344217161, 44.86491868911149], [-1.154228567928088, 44.86485942854437], [-1.154103813018562, 44.86483285581314], [-1.154037115080823, 44.86499122886438], [-1.153872125030913, 44.86527734642441], [-1.153668493272074, 44.86555058501832], [-1.153428180495392, 44.86580831299885], [-1.153153500771096, 44.86604804807063], [-1.152847099273306, 44.866267481205035], [-1.152511926810994, 44.86646449888698], [-1.152151211410295, 44.86663720347895], [-1.151768427221765, 44.86678393150592], [-1.151367261052264, 44.8669032696846], [-1.150951576844172, 44.86699406854213], [-1.150525378444555, 44.86705545349329], [-1.150092771023615, 44.867086833268594], [-1.149759853722684, 44.867087654399185], [-1.149501500897804, 44.867144082943284], [-1.149075299774524, 44.867205462331405], [-1.148642690387676, 44.86723683645852], [-1.148207839689643, 44.867237903123346], [-1.147774936232297, 44.86720865205158], [-1.147348149801973, 44.867149364994894], [-1.147248609142994, 44.867128157026826], [-1.147167159786641, 44.867321488099215], [-1.147002127886056, 44.8676075956621], [-1.146798454248414, 44.867880821858364], [-1.146558099968192, 44.868138535160114], [-1.146283379515409, 44.86837825341333], [-1.145976938456527, 44.86859766775137], [-1.14564172798164, 44.86879466484013], [-1.145280976483091, 44.86896734724047], [-1.144898158459216, 44.86911405169105], [-1.144496961042863, 44.869233365135685], [-1.144406165590803, 44.86925319099693], [-1.14467484675539, 44.86921451021089], [-1.145107473595339, 44.86918315152324], [-1.145542339416408, 44.86918209699968], [-1.145632268259156, 44.86918817520305], [-1.145688548263109, 44.869175885362594], [-1.146114768043948, 44.869114518935746], [-1.146547393309269, 44.86908315463896], [-1.146982258328778, 44.86908209447628], [-1.147415175816549, 44.86911134865592], [-1.147841977229895, 44.869170635491955], [-1.14825855288825, 44.869259384115395], [-1.148660891526624, 44.86937673996812], [-1.149045118903768, 44.86952157302752], [-1.14940753509402, 44.86969248868228], [-1.149744650104474, 44.86988784115526], [-1.150053217475026, 44.87010574934414], [-1.150330265538101, 44.87034411492799], [-1.150573126037257, 44.8706006425654], [-1.150779459829018, 44.870872861990385], [-1.150947279420252, 44.87115815179326], [-1.151074968123644, 44.87145376465814], [-1.151161295646213, 44.871756853814155], [-1.151205429960031, 44.87206450044586], [-1.151206945339955, 44.872373741799336], [-1.151165826490014, 44.87268159971304], [-1.151082468717695, 44.872985109299165], [-1.150957674153422, 44.87328134749884], [-1.150792644050592, 44.87356746123664], [-1.150588967239395, 44.87384069490241], [-1.150348604844728, 44.8740984168964], [-1.150073871414641, 44.87433814498079], [-1.149767412640476, 44.874557570194305], [-1.149432179882867, 44.874754579098116], [-1.149071401748715, 44.87492727413925], [-1.148688552992861, 44.87507399193469], [-1.148287321044148, 44.87519331929964], [-1.147871570478626, 44.87528410686543], [-1.147445305782624, 44.87534548015558], [-1.147012632765026, 44.875376848012934], [-1.146577718991219, 44.87537790829659], [-1.14648778013197, 44.875371830847], [-1.146431494092179, 44.87538412111667], [-1.146005227062784, 44.87544548888114], [-1.145572552470027, 44.87547685112872], [-1.145137637894476, 44.8754779057726], [-1.144704672503381, 44.87544864265424], [-1.144277826679728, 44.87538934364134], [-1.143861211832649, 44.875300579911425], [-1.143458840777322, 44.87518320644746], [-1.143283818544951, 44.875117227989506], [-1.143151918283856, 44.87519472943113], [-1.142791118005509, 44.87536740409261], [-1.142408249838277, 44.87551410025669], [-1.142007001398045, 44.87563340494689], [-1.141591237419772, 44.875724169012976], [-1.141164962519033, 44.87578551820481], [-1.14073228260304, 44.87581686159734], [-1.140660331028637, 44.87581703305642], [-1.140691709264196, 44.875927266280534], [-1.140735789487454, 44.8762349174767], [-1.140737247313486, 44.876544159378376], [-1.140696068000486, 44.876852013818684], [-1.140612647438171, 44.87715551594317], [-1.140487788361637, 44.87745174276484], [-1.140355680236661, 44.877680676535284], [-1.140346135493638, 44.87775202776893], [-1.140262711702335, 44.87805552971672], [-1.140137848777832, 44.87835175622904], [-1.139972748631874, 44.87863785434285], [-1.139769000769247, 44.87891106859849], [-1.139528566999206, 44.87916876758303], [-1.139253762557306, 44.8794084692803], [-1.138947233818938, 44.879627864983064], [-1.138618085438025, 44.879821227128915], [-1.138911739826458, 44.87990689564232], [-1.139296014117961, 44.8800517629175], [-1.139658468602773, 44.88022271095944], [-1.139995612919133, 44.88041809367907], [-1.140304200324588, 44.880636029682826], [-1.140581258958444, 44.88087442038188], [-1.140824120462237, 44.881130970192984], [-1.141030445682558, 44.88140320863657], [-1.141198247208531, 44.88168851411975], [-1.141325908526511, 44.881984139175614], [-1.141412199606939, 44.8822872369158], [-1.141456288772534, 44.882594888442185], [-1.141457750732662, 44.882904130953605], [-1.14141657070555, 44.88321198627732], [-1.141333144587629, 44.88351548955039], [-1.141208275167348, 44.88381171777473], [-1.141043164418883, 44.88409781797087], [-1.140839401949023, 44.88437103465908], [-1.140598949707599, 44.884628736402995], [-1.14032412310799, 44.88486844115988], [-1.14001756873893, 44.88508784019301], [-1.139682238881854, 44.88528482031573], [-1.139321363079006, 44.88545748425228], [-1.138938417026089, 44.88560416891916], [-1.13853708908926, 44.885723461450674], [-1.138121244769293, 44.885814212813656], [-1.137694889455743, 44.88587554888034], [-1.137262129830496, 44.8859068788521], [-1.136827134293315, 44.885907900952965], [-1.136419995250094, 44.885880357708885], [-1.136244809334869, 44.88590555758946], [-1.13581204866906, 44.88593688191169], [-1.135377052873076, 44.88593789833358], [-1.134944011896628, 44.88590859706469], [-1.134517096850854, 44.88584926034024], [-1.134480797585616, 44.88584152445096], [-1.134358319506648, 44.88613197622734], [-1.134193167022189, 44.88641806644735], [-1.133989362790638, 44.88669127076627], [-1.133748869164084, 44.886948957866814], [-1.133474001954555, 44.887188645847274], [-1.13316740814199, 44.88740802613248], [-1.132832040387807, 44.88760498571634], [-1.13247112859935, 44.88777762752083], [-1.13208814881902, 44.887924288675684], [-1.131686789737918, 44.888043556541625], [-1.131270917156884, 44.88813428232309], [-1.130844536737758, 44.88819559213871], [-1.130665341099204, 44.88820855366328], [-1.130468853416971, 44.88841906411435], [-1.130193965003156, 44.88865874408787], [-1.12988735034195, 44.8888781154199], [-1.129551962295611, 44.889075065190546], [-1.129191030966975, 44.88924769641635], [-1.12880803258669, 44.889394346328864], [-1.128406656025056, 44.889513602397145], [-1.127990767251328, 44.889604315939245], [-1.127564372083351, 44.889665613191674], [-1.127131577586993, 44.889696903729664], [-1.126696552497971, 44.889697886157066], [-1.126350375230235, 44.88967443681227], [-1.126247245670178, 44.889748213948145], [-1.125911839653166, 44.889945152781124], [-1.125550891534957, 44.89011777222558], [-1.125510955657262, 44.89013306183162], [-1.125933514690642, 44.890132112097724], [-1.126366583544457, 44.89016144853455], [-1.126583639660721, 44.89019163154288], [-1.126978403109974, 44.89016309288885], [-1.127413431799486, 44.89016210935749], [-1.127846501658107, 44.890191440024836], [-1.128273442676195, 44.89025080246849], [-1.128690143829063, 44.89033962509141], [-1.129092592643395, 44.89045705262295], [-1.129476913817015, 44.89060195435027], [-1.12983940652096, 44.89077293500086], [-1.130176580025339, 44.890968348171654], [-1.130485187306483, 44.89118631217583], [-1.130762256312114, 44.89142472815492], [-1.131005118583658, 44.891681300282194], [-1.131211434960052, 44.89195355786313], [-1.131379218115301, 44.89223887912054], [-1.131506851712371, 44.89253451643554], [-1.131593105988353, 44.89283762280167], [-1.131637149620102, 44.89314527923766], [-1.131638557755205, 44.893454522895], [-1.131597316129989, 44.89376237558987], [-1.131513821233883, 44.89406587248457], [-1.131388876517527, 44.894362090642396], [-1.131223684680117, 44.89464817718076], [-1.131019836109304, 44.89492137675141], [-1.13077929358412, 44.89517905808281], [-1.130504373387479, 44.89541873932874], [-1.130197723009627, 44.89563811197896], [-1.129862295656788, 44.895835063100826], [-1.129501321810364, 44.89600769569786], [-1.129118278110535, 44.89615434698848], [-1.128716853864138, 44.89627360442838], [-1.128300915499775, 44.89636431932245], [-1.127874469313015, 44.896425617894145], [-1.127441622861214, 44.896456909706004], [-1.127006545380617, 44.89645789334959], [-1.126573427607864, 44.89642855935029], [-1.126356347376537, 44.89639837626347], [-1.1259615397541, 44.89642691276204], [-1.125526462480195, 44.89642789060911], [-1.125093345712648, 44.89639855083969], [-1.124934109876098, 44.896376408334824], [-1.124678063974514, 44.89647442353793], [-1.124601247587927, 44.89649724101163], [-1.124518921213971, 44.89669234983275], [-1.124353687499789, 44.89697842636094], [-1.124149797024422, 44.897251613521455], [-1.123909212970531, 44.89750928016227], [-1.12363425202107, 44.89774894457864], [-1.123327562058862, 44.89796829842234], [-1.122992096671471, 44.8981652289419], [-1.122683552217093, 44.89831275404086], [-1.122973710376895, 44.898312109538985], [-1.123406840803684, 44.89834145758958], [-1.123833839124465, 44.898400837247216], [-1.124250593762855, 44.898489676749115], [-1.124653091730568, 44.89860712066211], [-1.125037457252146, 44.898752038115624], [-1.125399989071577, 44.898923033685676], [-1.125737196082274, 44.89911846082557], [-1.126045830937849, 44.899336437713934], [-1.12632292132039, 44.89957486536825], [-1.126565798565334, 44.899831447849344], [-1.126772123367267, 44.900103714362956], [-1.12693990831887, 44.90038904304586], [-1.127067537065613, 44.90068468620765], [-1.127153779891084, 44.900987796785536], [-1.127197805582193, 44.90129545575766], [-1.127199189459093, 44.901604700251056], [-1.127157917491522, 44.901912552073846], [-1.127074386460938, 44.90221604639669], [-1.126949400165817, 44.90251226030759], [-1.126784161705655, 44.90279834096488], [-1.126580261917015, 44.90307153307688], [-1.126339664072133, 44.90332920544389], [-1.126064684986682, 44.903568876306046], [-1.12575797271807, 44.903788237253025], [-1.125422481068642, 44.90398517546493], [-1.125061441139129, 44.90415779406963], [-1.124678330206275, 44.904304430420275], [-1.124276838224588, 44.90442367211646], [-1.123860832275196, 44.9045143706147], [-1.123434319304763, 44.90457565229642], [-1.123001407514028, 44.90460692688679], [-1.122566266768699, 44.90460789314328], [-1.122133088414897, 44.904578541758745], [-1.121706044887197, 44.90451915545108], [-1.121289249499254, 44.90443030623862], [-1.120886716805336, 44.90431284992774], [-1.120502323915413, 44.90416791786544], [-1.120139773137242, 44.90399690603708], [-1.119802556305987, 44.903801461614194], [-1.119493921145435, 44.9035834670823], [-1.11921683998522, 44.903345022101966], [-1.11897398113549, 44.9030884232782], [-1.118767683194747, 44.90281614203328], [-1.118599932538045, 44.90253080079656], [-1.118472344201984, 44.90223514774086], [-1.118386146350014, 44.90193203030924], [-1.118342168466919, 44.90162436778692], [-1.118340833395313, 44.90131512318326], [-1.118382153289894, 44.90100727469442], [-1.118465729527399, 44.900703787021605], [-1.118590756572073, 44.900407582821245], [-1.11875602975844, 44.90012151456185], [-1.118959956915427, 44.89984833705865], [-1.119200573719046, 44.89959068094993], [-1.119475562625056, 44.8993510273708], [-1.119782275198645, 44.899131684067335], [-1.120117757625749, 44.89893476318144], [-1.120426312244101, 44.898787245180095], [-1.120136151598725, 44.898787883028824], [-1.119703019437368, 44.898758522222806], [-1.119276022766402, 44.898699126681926], [-1.119251530164677, 44.8986939044737], [-1.119071162822778, 44.89870692933523], [-1.118636067755303, 44.89870788019786], [-1.11820293699625, 44.89867851354423], [-1.117775942521669, 44.89861911223934], [-1.117359197172646, 44.89853024844597], [-1.116956715021385, 44.898412778110924], [-1.116572372690947, 44.8982678327163], [-1.116209872002035, 44.89809680837585], [-1.115872704307303, 44.897901352381616], [-1.115564116857227, 44.89768334733054], [-1.115287081521891, 44.897444892984524], [-1.115044266170089, 44.89718828603877], [-1.114838008981401, 44.89691599799375], [-1.114670295938439, 44.89663065134427], [-1.114542741715619, 44.89633499431532], [-1.114456574147943, 44.896031874388115], [-1.114412622428649, 44.89572421087194], [-1.114411309148511, 44.89541496678569], [-1.114452646252512, 44.89510712032052], [-1.11453623495181, 44.89480363615812], [-1.114661269590798, 44.894507436921096], [-1.114826545431026, 44.894221375030135], [-1.115030470276017, 44.8939482052391], [-1.11527107982419, 44.89369055811203], [-1.115546056601297, 44.893450914697475], [-1.115852752289435, 44.89323158264367], [-1.116188213237227, 44.89303467398416], [-1.116496636014951, 44.89288721962941], [-1.116195952057588, 44.892887870028346], [-1.115762867487168, 44.892858493914645], [-1.115335919870631, 44.892799083338836], [-1.114919221597642, 44.89271021055301], [-1.114516786286895, 44.89259273159058], [-1.114132490110215, 44.892447778016724], [-1.113770034443701, 44.892276746024024], [-1.11343291020632, 44.89208128297818], [-1.113124364229958, 44.89186327154404], [-1.112847367985242, 44.891624811545014], [-1.112646338207992, 44.891412327919625], [-1.11248355597149, 44.89143570505487], [-1.1120507394277, 44.89146693685078], [-1.111882910517785, 44.891467293267894], [-1.111630282461682, 44.89158806051592], [-1.11124722224055, 44.89173464998243], [-1.110845791642918, 44.89185384267989], [-1.110429857158698, 44.8919444905367], [-1.110003425046178, 44.89200572042205], [-1.109570602727196, 44.89203694256006], [-1.109135559205537, 44.892037856213406], [-1.108702484890694, 44.89200845258165], [-1.108275551214929, 44.8919490148859], [-1.107858870433585, 44.89186011563952], [-1.107456455996815, 44.89174261113073], [-1.107072183875311, 44.89159763317084], [-1.106709755213393, 44.89142657818723], [-1.106372660669834, 44.89123109376708], [-1.106064146790427, 44.89101306278111], [-1.10578718473656, 44.89077458524098], [-1.10554444167115, 44.89051795806522], [-1.105338255077527, 44.89024565294915], [-1.105170610258387, 44.88996029255188], [-1.105043121231106, 44.889664625230836], [-1.104957015202864, 44.88936149856624], [-1.104913120774329, 44.889053831932216], [-1.104911859984663, 44.88874458837766], [-1.1049532442735, 44.88843674608849], [-1.105036874397782, 44.88813326970615], [-1.105161944303175, 44.887837081778265], [-1.105327248911825, 44.887551034616564], [-1.105531195750437, 44.88727788283299], [-1.105771820305854, 44.88702025681814], [-1.10604680495952, 44.886780637417246], [-1.106353501317876, 44.88656133204725], [-1.10668895572326, 44.886364452484706], [-1.107049937699389, 44.88619189453797], [-1.107432971057507, 44.88604531979916], [-1.10783436736379, 44.88592613965107], [-1.108250261446121, 44.88583550168298], [-1.108676648598835, 44.88577427864569], [-1.109109423127875, 44.88574306005198], [-1.109277234941487, 44.88574270782578], [-1.109529841753758, 44.88562194614957], [-1.109912864747472, 44.88547536288507], [-1.110314251713091, 44.88535617379641], [-1.110730137568411, 44.88526552655899], [-1.111156517686961, 44.885204294012865], [-1.111589286442396, 44.8851730657623], [-1.112024276723052, 44.885172142501396], [-1.112457300037074, 44.88520153312014], [-1.112884186822893, 44.885260954618865], [-1.113300826577895, 44.885349834831864], [-1.113703207419797, 44.885467317933966], [-1.11408745470076, 44.88561227267724], [-1.114449868303145, 44.88578330327864], [-1.114786958258556, 44.885978762854094], [-1.115095478347651, 44.88619676926988], [-1.115372457357585, 44.88643522325908], [-1.115573479629685, 44.88664770162083], [-1.11573624669474, 44.88662431999255], [-1.116169023849302, 44.886593073884015], [-1.116604025057565, 44.886592132686914], [-1.117037061722474, 44.886621505463914], [-1.117408707387622, 44.88667322044939], [-1.117416821761285, 44.88664374966631], [-1.117541823025308, 44.88634754794042], [-1.117707060161555, 44.88606148249158], [-1.117910941346394, 44.885788308107934], [-1.118151502698792, 44.885530655397766], [-1.118426427208684, 44.885291005463415], [-1.118733067061517, 44.8850716660159], [-1.119068469143591, 44.88487474915997], [-1.119429403482301, 44.884702151063124], [-1.119812394347447, 44.88455553370409], [-1.120213753714231, 44.884436308876104], [-1.120629616766102, 44.88434562459868], [-1.12105597909608, 44.88428435406853], [-1.121488735249044, 44.88425308725571], [-1.121923718234642, 44.88425212522558], [-1.122356739631249, 44.88428147724147], [-1.122559185033578, 44.88430963903882], [-1.12259589338818, 44.88430436325591], [-1.123028648837596, 44.884273090442946], [-1.123463631951693, 44.884272122382036], [-1.123809774699124, 44.88429558068369], [-1.123912897445472, 44.884221805936654], [-1.124248276279396, 44.88402487349198], [-1.124609189227315, 44.88385225860919], [-1.124992160764938, 44.883705623428625], [-1.125393503053516, 44.883586379915165], [-1.125809351440889, 44.88349567626825], [-1.126235701661233, 44.883434385871105], [-1.126414883082782, 44.8834214315121], [-1.126611368474504, 44.88321092856177], [-1.126886245507827, 44.88297125786322], [-1.127192839634346, 44.882751895221055], [-1.127528198180577, 44.882554952963424], [-1.127889091593032, 44.88238232750243], [-1.128272044535491, 44.88223568108035], [-1.128673369348217, 44.88211642577022], [-1.129089201547281, 44.88202570988513], [-1.129515537022705, 44.88196440692613], [-1.129948270577877, 44.88193310717554], [-1.130383235439986, 44.88193211201586], [-1.130816243361891, 44.88196143102944], [-1.131243124930238, 44.88202078190606], [-1.131279421278824, 44.882028518844166], [-1.131401906334756, 44.88173807083678], [-1.131567059275816, 44.88145198518701], [-1.131770856275257, 44.88117878576162], [-1.132011334262654, 44.88092110341011], [-1.132286177030611, 44.88068141952029], [-1.132592737551578, 44.88046204213023], [-1.132928063475617, 44.88026508371012], [-1.133288925563303, 44.88009244082768], [-1.133611044000419, 44.879969065110814], [-1.13333150108891, 44.879837199174595], [-1.132994383454608, 44.87964179626147], [-1.132685829891376, 44.879423840016436], [-1.132408811943249, 44.879185429731315], [-1.13216599731196, 44.87892886167701], [-1.131959724170603, 44.87865660697948], [-1.131791978655931, 44.87837128781245], [-1.131664375755613, 44.87807565213628], [-1.131578143773998, 44.87777254722668], [-1.1315341125252, 44.87746489224832], [-1.131532705366418, 44.87715565013808], [-1.131573935147192, 44.87684779906812], [-1.131657404112654, 44.876544303764646], [-1.131782307760611, 44.87624808695759], [-1.131914447472285, 44.876019163490575], [-1.131924002635967, 44.87594781302102], [-1.132007468371156, 44.87564431754068], [-1.132132368170076, 44.875348100424134], [-1.132297498593091, 44.87506201426438], [-1.132501268844288, 44.87478881404908], [-1.132741716110925, 44.874531130635326], [-1.133016524481512, 44.874291445421214], [-1.133323047259786, 44.874072066457536], [-1.133658332459278, 44.87387510622962], [-1.13401915123272, 44.87370246132263], [-1.134402028962525, 44.87355579416607], [-1.134803278713083, 44.87343651703274], [-1.135219036723127, 44.873345778445774], [-1.135645299596915, 44.873284452124864], [-1.136077962836792, 44.87325312857729], [-1.136149911139502, 44.873252960087285], [-1.136118543315299, 44.87314272567329], [-1.136074490818873, 44.87283507294588], [-1.136073058769633, 44.87252583134636], [-1.136114260256949, 44.87221797904208], [-1.136197697798531, 44.87191448077113], [-1.136322567194892, 44.871618259292084], [-1.136487665299222, 44.87133216723997], [-1.136691401626874, 44.87105895965923], [-1.136931813691797, 44.8708012674779], [-1.137206585921479, 44.870561572178545], [-1.13751307196766, 44.870342181909045], [-1.137848320197548, 44.87014520926363], [-1.138209102119823, 44.86997255094709], [-1.138591943471688, 44.86982586951803], [-1.13899315766776, 44.86970657738664], [-1.139408881289063, 44.86961582322056], [-1.139835111270919, 44.86955448088948], [-1.140267743432322, 44.86952314105478], [-1.140702611976596, 44.86952210548496], [-1.141135529583881, 44.869551384151464], [-1.141562327710334, 44.869610695132586], [-1.141978896707005, 44.86969946732682], [-1.142381225373012, 44.86981684594909], [-1.142556230023572, 44.86988282571876], [-1.142688118629064, 44.86980532511514], [-1.143048883484994, 44.869632651092736], [-1.14343170987592, 44.8694859529935], [-1.143832911360468, 44.86936664338817], [-1.143923707198379, 44.86934681799495], [-1.143655024883291, 44.869385496965094], [-1.143222395673292, 44.86941684999581], [-1.142787527990829, 44.86941789543383], [-1.142354610551398, 44.86938862320927], [-1.141927813276024, 44.869329315277575], [-1.141511247106139, 44.86924054290214], [-1.141108924387982, 44.869123161149254], [-1.140724720208963, 44.868978300647754], [-1.140362335059257, 44.86880735669378], [-1.140025259178924, 44.868611975805095], [-1.13971673893449, 44.86839403985533], [-1.139439745549236, 44.868155647940874], [-1.139196946488516, 44.86789909615567], [-1.138990679775689, 44.86762685546905], [-1.138822931485856, 44.86734154791977], [-1.138695316633696, 44.8670459213564], [-1.138609063638957, 44.866742822966884], [-1.138565002518424, 44.86643517185319], [-1.138563556917273, 44.86612593091494], [-1.138604740055542, 44.86581807831313], [-1.138688154627803, 44.86551457878869], [-1.138812996655905, 44.86521835511233], [-1.138978063256725, 44.86493225994024], [-1.139181764249088, 44.86465904834693], [-1.139422137487297, 44.864401351299065], [-1.139696867772785, 44.86416165032608], [-1.140003309161226, 44.86394225363055], [-1.140338510449861, 44.86374527386857], [-1.140699243599367, 44.86357260781344], [-1.141082034816556, 44.863425918098315], [-1.141483197998743, 44.863306617213176], [-1.141898870218099, 44.863215853909935], [-1.14232504890482, 44.86315450214629], [-1.142757630371732, 44.86312315267442], [-1.143192449310215, 44.8631221073557], [-1.143625318877973, 44.86315137625536], [-1.144052070993664, 44.863210677545766], [-1.144151603501559, 44.86323188835294], [-1.14423305730791, 44.86303855974499], [-1.144398089888887, 44.86275245671504], [-1.144601756605456, 44.86247923536895], [-1.14484209564196, 44.86222152676741], [-1.145116792129149, 44.86198181255106], [-1.145423200448108, 44.86176240105009], [-1.14575836971446, 44.86156540506312], [-1.146119072197169, 44.86139272151974], [-1.146501834398274, 44.861246013221525], [-1.146902970494422, 44.86112669283736], [-1.147318617818531, 44.861035909306956], [-1.147744774040451, 44.86097453678273], [-1.148177335689271, 44.86094316621685], [-1.148510216588554, 44.86094234983276], [-1.148768541879552, 44.86088592370695], [-1.149194695378745, 44.86082454562029], [-1.149627255062274, 44.860793169406854], [-1.150062055831216, 44.86079209718547], [-1.150494911018207, 44.86082133928044], [-1.150921652680362, 44.86088061412221], [-1.1510463973045, 44.86090719039533], [-1.151113098825738, 44.860748819347556], [-1.151278089627745, 44.86046270630184], [-1.151481714568482, 44.86018947253658], [-1.151722012234548, 44.85993174923199], [-1.151996668155022, 44.859692018170435], [-1.15230303710156, 44.85947258784425], [-1.152638168568841, 44.85927557123343], [-1.152998835189724, 44.85910286546612], [-1.153381563811484, 44.85895613355792], [-1.15378266893402, 44.8588367884051], [-1.154198288188416, 44.85874597918584], [-1.154624419514731, 44.858684580299936], [-1.155056959681713, 44.85865318295337], [-1.155210960070683, 44.858652795836115], [-1.1556082150135, 44.85856599322705], [-1.156034343432687, 44.858504588932924], [-1.156466881425139, 44.85847318609501], [-1.15690166410075, 44.8584720870885], [-1.157334504966343, 44.85850130249558], [-1.157761236216922, 44.85856055100371], [-1.157840177631897, 44.858577364513906], [-1.157873139642802, 44.85849907443115], [-1.158038089396808, 44.85821295154695], [-1.158241673292378, 44.85793970558155], [-1.158481930311335, 44.85768196783271], [-1.158756546374119, 44.85744222022189], [-1.159062876636134, 44.857222771400835], [-1.159397970964492, 44.85702573452764], [-1.159758602349592, 44.85685300692559], [-1.160141297977914, 44.85670625182054], [-1.160542372666973, 44.85658688233216], [-1.160957964340817, 44.856496047872945], [-1.161384071205009, 44.85643462308574], [-1.161816590263783, 44.85640319942593], [-1.162251356809303, 44.85640207946917], [-1.162684184503683, 44.85643127399943], [-1.16311090566874, 44.85649050190514], [-1.163527411396546, 44.856579192884745], [-1.163702525388911, 44.85663025431358], [-1.16372850582863, 44.85653555114488], [-1.163853195823805, 44.85623930018091], [-1.164018108476084, 44.855953168620346], [-1.164202456592516, 44.855705685562], [-1.164065995267652, 44.8557253609868], [-1.163633482687494, 44.85575679340354], [-1.163198721164674, 44.855757918772866], [-1.162765898391967, 44.85572872625503], [-1.16233918337844, 44.85566949703772], [-1.161922686273119, 44.85558080162614], [-1.161520418757025, 44.85546349434521], [-1.161136255385957, 44.85531870510654], [-1.160773896257195, 44.85514782851985], [-1.160436831360401, 44.8549525104541], [-1.160128306956614, 44.85473463217783], [-1.159851294309533, 44.85449629223201], [-1.159608461070431, 44.85423978621012], [-1.159402145592291, 44.853967584640806], [-1.15923433442034, 44.85368230918619], [-1.159106643175344, 44.853386707385816], [-1.159032629334614, 44.853126901685066], [-1.158979048518262, 44.853119462408394], [-1.158562575628598, 44.85303075446339], [-1.158160333393759, 44.85291343510335], [-1.157776196125988, 44.85276863435624], [-1.157413863671087, 44.852597746942585], [-1.157076825761758, 44.85240241883566], [-1.156768328399062, 44.8521845314007], [-1.156491342586217, 44.851946183266875], [-1.156248535716023, 44.851689670106516], [-1.156042245887485, 44.85141746251699], [-1.155874459398792, 44.85113218221842], [-1.155746791633004, 44.850836576796965], [-1.155660471519956, 44.85053349323704], [-1.155616329723317, 44.85022585049792], [-1.155614790665669, 44.849916611398676], [-1.155655868467499, 44.8496087540827], [-1.155739166838164, 44.84930524333644], [-1.155863882918863, 44.84900900203875], [-1.156028815039582, 44.848722883015654], [-1.156232374314342, 44.84844964157141], [-1.156472599962239, 44.84819190896026], [-1.15674717820596, 44.84795216705418]], [[-1.120862129409506, 44.890785546205734], [-1.121263531094029, 44.89066631735226], [-1.121679438607012, 44.89057562896766], [-1.121878130391726, 44.89054707728221], [-1.121516258915811, 44.89054787749765], [-1.121083189616444, 44.89051852214744], [-1.120711515106218, 44.89046681939449], [-1.120703401909735, 44.89049629045342], [-1.120578408090394, 44.890792496120724], [-1.120503022641961, 44.89092300965409], [-1.120862129409506, 44.890785546205734]]], [[[-1.172501649039838, 44.86003704149992], [-1.172917246897105, 44.85994616217085], [-1.173343366852931, 44.85988469141318], [-1.173775905785468, 44.85985322112492], [-1.174210698795529, 44.85985205433073], [-1.174643559290442, 44.85988120226554], [-1.175070319276261, 44.85994038426651], [-1.175486869471353, 44.860029030474024], [-1.175889198856031, 44.86014628731616], [-1.176273433278336, 44.86029102572374], [-1.17663587274503, 44.860461851996874], [-1.176973027039399, 44.860657121219134], [-1.177281649323437, 44.86087495308994], [-1.177558767401209, 44.8611132500233], [-1.177801712342509, 44.86136971733901], [-1.178008144191174, 44.861641885352064], [-1.178176074510261, 44.861927133148], [-1.178303885546591, 44.86222271381562], [-1.178390345829514, 44.86252578089423], [-1.178434622052948, 44.862833415781196], [-1.178436287125405, 44.86314265583587], [-1.178395324309531, 44.86345052290941], [-1.178312127410254, 44.86375405202592], [-1.178187497008733, 44.86405031993867], [-1.178022632777315, 44.86433647328618], [-1.177819121948584, 44.86460975607697], [-1.177578924048664, 44.86486753623827], [-1.177304352041073, 44.86510733097222], [-1.17699805006214, 44.86532683067564], [-1.176662967961991, 44.865523921192356], [-1.176302332896097, 44.86569670418341], [-1.175919618240937, 44.86584351541867], [-1.175518510133357, 44.86596294081337], [-1.175102871956246, 44.86605383005468], [-1.174676707113106, 44.8661153076868], [-1.174244120450782, 44.86614678154748], [-1.173809278702691, 44.86614794847481], [-1.17337637033448, 44.86611879722874], [-1.172949565179835, 44.86605960859937], [-1.172590762806513, 44.86598325095658], [-1.172487902027862, 44.866056952589716], [-1.172152799741896, 44.866254029540904], [-1.171792146110261, 44.86642679792282], [-1.171409414688318, 44.86657359364603], [-1.171008291774464, 44.866693002775236], [-1.170592640894247, 44.86678387515416], [-1.170166465573572, 44.86684533548949], [-1.169733870760232, 44.866876791785586], [-1.169299023266178, 44.8668779410497], [-1.168866111612411, 44.866848772211924], [-1.168439305664267, 44.86678956623178], [-1.168022716446819, 44.86670089339075], [-1.16762035652847, 44.866583607796336], [-1.167236101355178, 44.866438839151236], [-1.166873651908572, 44.866267981866855], [-1.166536499048336, 44.866072681626214], [-1.166227889882804, 44.865854819526234], [-1.165950796492089, 44.86561649395205], [-1.165707887305123, 44.86536000035879], [-1.165501501406306, 44.865087809155376], [-1.16533362601899, 44.86480254190419], [-1.165205877382253, 44.86450694606575], [-1.165119485204581, 44.86420386853228], [-1.165075280843407, 44.86389622820504], [-1.165073689323549, 44.86358698787993], [-1.16511472527039, 44.86327912571223], [-1.165197992796009, 44.86297560653515], [-1.165322689338278, 44.86267935330881], [-1.165487613414973, 44.86239321897417], [-1.165691176217219, 44.86211995898297], [-1.165931416929813, 44.86186220476811], [-1.166206021630071, 44.861622438409604], [-1.166512345582672, 44.86140296873979], [-1.16684743871536, 44.861205909117544], [-1.167208074029938, 44.86103315708522], [-1.167590778674959, 44.86088637610393], [-1.167991867381049, 44.8607669795425], [-1.168407477937244, 44.86067611707413], [-1.168833608367272, 44.86061466361139], [-1.169266155448458, 44.86058321088576], [-1.169700954203172, 44.86058206175277], [-1.170133817983438, 44.86061122727732], [-1.170560578763676, 44.86067042662715], [-1.170919344433307, 44.8607467907008], [-1.171022197544531, 44.860673090645854], [-1.171357270497107, 44.86047601745845], [-1.171717887251581, 44.860303250817736], [-1.172100575135168, 44.8601564543255], [-1.172501649039838, 44.86003704149992]]], [[[-1.154936045185524, 44.86843209949415], [-1.155242450331433, 44.86821266044403], [-1.155577623647867, 44.86801563441006], [-1.155938337364646, 44.86784291861113], [-1.156321117875519, 44.86769617615944], [-1.156722279180741, 44.86757682005278], [-1.157137958370441, 44.867485999574825], [-1.157564152807622, 44.867424589233806], [-1.157996758653421, 44.86739318034592], [-1.158431610364481, 44.86739207534468], [-1.158864520782996, 44.86742128486999], [-1.159291321434365, 44.86748052766591], [-1.15970790264539, 44.86756923328751], [-1.160110253097686, 44.86768654759074], [-1.160494498436341, 44.86783134095307], [-1.160856938562861, 44.86800221914549], [-1.161194083253988, 44.86819753675156], [-1.16150268576397, 44.86841541300477], [-1.161779774087024, 44.868653749891706], [-1.162022679579187, 44.8689102523474], [-1.162229062663885, 44.86918245034836], [-1.162396935373458, 44.86946772269127], [-1.162524680509208, 44.86976332222845], [-1.162611067234828, 44.87006640231745], [-1.162655262952351, 44.870374044230225], [-1.162656192249663, 44.87055611390412], [-1.162696482126441, 44.87055318706646], [-1.162928891383346, 44.870552586899485], [-1.163187570775439, 44.87049605616322], [-1.163613781441979, 44.87043462254311], [-1.164046407092952, 44.87040319005543], [-1.16448128199432, 44.8704020613608], [-1.164914218765016, 44.870431247327346], [-1.165341048676746, 44.87049046692597], [-1.165543031561747, 44.87053346256361], [-1.165612111814424, 44.870369361635326], [-1.16577705700311, 44.87008322616943], [-1.165980646275162, 44.869809964977556], [-1.166220918560343, 44.86955220950421], [-1.166495559631832, 44.869312441841515], [-1.166801924403987, 44.86909297083435], [-1.16713706241143, 44.86889590985447], [-1.167497746223828, 44.86872315645732], [-1.167880502522741, 44.86857637411713], [-1.16828164554144, 44.868456976215825], [-1.168697312546033, 44.86836611243951], [-1.169123501016775, 44.86830465771332], [-1.169556107172202, 44.86827320378091], [-1.169580940724589, 44.86827313813796], [-1.169601580992234, 44.868266994325175], [-1.170017244454558, 44.86817612561324], [-1.170443430038696, 44.86811466582459], [-1.170876033990969, 44.86808320675163], [-1.171310890786228, 44.86808205131102], [-1.171743813217721, 44.86811121062836], [-1.17217063269521, 44.868170403931195], [-1.172587239364298, 44.8682590612511], [-1.172989621661563, 44.86837632890917], [-1.173373904925583, 44.86852107773206], [-1.173736388692818, 44.868691913919584], [-1.174073582319948, 44.86888719245986], [-1.174382238590164, 44.86910503296255], [-1.174659384980175, 44.869343337758544], [-1.174902352287022, 44.86959981209196], [-1.175108800339026, 44.86987198621016], [-1.175276740543041, 44.87015723913986], [-1.175404555050508, 44.87045282392043], [-1.17549101235715, 44.87075589405159], [-1.17553527918534, 44.87106353090125], [-1.17553692853386, 44.87137277180985], [-1.175495943816576, 44.87168063862031], [-1.175412719049148, 44.871984166359255], [-1.175288055080949, 44.87228043179317], [-1.175123151907449, 44.87256658158447], [-1.174919597136155, 44.87283985977593], [-1.174679350716308, 44.873097634339], [-1.174404726078667, 44.87333742252974], [-1.174098367866425, 44.873556914808006], [-1.174031576043805, 44.87359619240447], [-1.174089095645925, 44.87367202130111], [-1.174257042035567, 44.873957276116734], [-1.174384859825364, 44.874252862427085], [-1.174471317479338, 44.87455593371714], [-1.174515581716422, 44.874863571343674], [-1.174517225560254, 44.875172812639605], [-1.17447623247762, 44.875480679444124], [-1.174392996564654, 44.87578420678391], [-1.174268318777984, 44.87608047142936], [-1.174103399246088, 44.87636662005034], [-1.17389982573396, 44.87663989670095], [-1.173659558371288, 44.876897669367494], [-1.1733849107905, 44.877137455324274], [-1.173078527855744, 44.877356945052675], [-1.172743360196862, 44.87755402449252], [-1.172382635793429, 44.877726795411576], [-1.171999828882469, 44.87787359369594], [-1.171598626489525, 44.877993005385626], [-1.171182892905768, 44.878083880299755], [-1.170756632453806, 44.878145343120565], [-1.170323950901553, 44.87817680182844], [-1.169889015896575, 44.87817795340744], [-1.169456016802936, 44.878148786765315], [-1.169029124328342, 44.87808958284053], [-1.168612450331433, 44.87800091189467], [-1.168210008197323, 44.877883628017045], [-1.167825674163961, 44.87773886089379], [-1.167463149972614, 44.87756800492167], [-1.167125927202912, 44.87737270577108], [-1.166817253636527, 44.87715484452842], [-1.166540101973798, 44.87691651957057], [-1.166297141204808, 44.876660026346784], [-1.166112522153944, 44.87641659487467], [-1.165788280097457, 44.87651308292099], [-1.165372548068736, 44.87660393604188], [-1.164946292493333, 44.8766653765325], [-1.164513619092203, 44.87669681258841], [-1.164281184418236, 44.87669741607334], [-1.164022477555082, 44.8767539494682], [-1.163596219363406, 44.87681538477981], [-1.163163544050396, 44.87684681557725], [-1.162728619203526, 44.87684793911341], [-1.162295634088995, 44.87681874456615], [-1.16186875927983, 44.876759513142716], [-1.16171177151159, 44.87672609353079], [-1.161638143456864, 44.876900946893], [-1.161473157144663, 44.877187076827994], [-1.161269519182984, 44.87746033039328], [-1.161029190322375, 44.87771807579741], [-1.160754484787723, 44.87795783057725], [-1.160448048001516, 44.87817728551437], [-1.160112831112443, 44.87837432688371], [-1.159752062574412, 44.87854705681962], [-1.159369217049709, 44.878693811602986], [-1.158967981935948, 44.87881317769275], [-1.158552221839586, 44.8789040053473], [-1.158125941338712, 44.878965419703995], [-1.157693246394426, 44.87899682921011], [-1.157348395537042, 44.87899770317941], [-1.157182149843529, 44.879034018946264], [-1.156755866856819, 44.879095428046654], [-1.156323170144112, 44.87912683221613], [-1.155888227499052, 44.879127928963996], [-1.155455228359305, 44.879098707726165], [-1.155028343433, 44.87903944996698], [-1.154611684506008, 44.878950726466584], [-1.154209264818198, 44.878833391820436], [-1.15382496039119, 44.87868857620371], [-1.153462472680929, 44.87851767448024], [-1.1531252929155, 44.878322332761044], [-1.152816668462174, 44.87810443254249], [-1.152539571548059, 44.8778660725769], [-1.152296670635729, 44.87760954865056], [-1.152090304729555, 44.87733733146447], [-1.151922460859983, 44.877052042831195], [-1.151794754962176, 44.87675643041714], [-1.151708416332627, 44.87645334127407], [-1.151664275812702, 44.876145694415], [-1.151662757812042, 44.87583645269865], [-1.151703876247694, 44.87552859429359], [-1.151787234437066, 44.875225083996725], [-1.151912028944697, 44.874928844682586], [-1.152077057344776, 44.874642729158026], [-1.152280729823689, 44.8743694926936], [-1.152521084510007, 44.87411176649558], [-1.152795806383524, 44.87387203237416], [-1.153102249580642, 44.87365259885114], [-1.153437462880956, 44.873455578937275], [-1.153798218129275, 44.87328286979255], [-1.154181041319467, 44.873136134465064], [-1.154582246040866, 44.87301678588402], [-1.154997968965605, 44.8729259732606], [-1.155272613767149, 44.872886409179074], [-1.155265669430281, 44.87288238586299], [-1.154957066571873, 44.87266449196719], [-1.154679987417987, 44.87242613775207], [-1.154437100260219, 44.87216961894851], [-1.154230743970566, 44.87189740620825], [-1.154062905486968, 44.87161212130099], [-1.153935200692837, 44.87131651185728], [-1.153848858874175, 44.871013424900255], [-1.153804710903198, 44.87070577942191], [-1.153803181261448, 44.870396538267705], [-1.153844283978216, 44.87008867960079], [-1.15392762252242, 44.86978516822059], [-1.154052393647903, 44.86948892701209], [-1.15421739515413, 44.86920280880043], [-1.15442103748656, 44.868929568882024], [-1.154661359064137, 44.868671838496425], [-1.154936045185524, 44.86843209949415]]], [[[-1.1184235480191, 44.78318223596891], [-1.118855789356556, 44.78321160065773], [-1.11928190871024, 44.78327099557774], [-1.119697802966011, 44.7833598488192], [-1.120099467419094, 44.78347730481656], [-1.120483034319129, 44.78362223258291], [-1.12084481009959, 44.78379323659491], [-1.121181310933767, 44.78398867022454], [-1.121489296275479, 44.78420665158789], [-1.121765800061888, 44.78444508165929], [-1.122008159278137, 44.78470166447623], [-1.122214039608719, 44.78497392924119], [-1.122381457928334, 44.78525925410773], [-1.122508801415277, 44.78555489142212], [-1.122594843102679, 44.78585799417784], [-1.122638753717137, 44.78616564342831], [-1.122640109689855, 44.7864748763942], [-1.122598897262178, 44.78678271499459], [-1.122515512645001, 44.78708619452742], [-1.12239075822945, 44.78738239222317], [-1.12222583488434, 44.78766845539631], [-1.122022330413608, 44.78794162892357], [-1.121782204284041, 44.788199281784244], [-1.121507768769626, 44.78843893240633], [-1.121201666693544, 44.7886582725745], [-1.120866845981753, 44.788855189669015], [-1.12050653127302, 44.789027787021155], [-1.120124192858811, 44.78917440218876], [-1.119996116650392, 44.78921251101933], [-1.119970853125718, 44.789272483929274], [-1.119805911925991, 44.78955854368768], [-1.119602388858364, 44.789831712949834], [-1.119362243568732, 44.79008936073609], [-1.119087788515624, 44.79032900552331], [-1.118781666710424, 44.790548339152345], [-1.118446826269132, 44.790745249066426], [-1.118210844773022, 44.79085827757397], [-1.118302105555834, 44.79087099701983], [-1.118718054476838, 44.790959854167504], [-1.119119771173644, 44.7910773140195], [-1.11950338739288, 44.79122224555172], [-1.119865209093138, 44.79139325320463], [-1.120201752005535, 44.791588690315116], [-1.120509775178674, 44.79180667496575], [-1.120587072658991, 44.79187332194236], [-1.120757971688303, 44.791909826017694], [-1.121159699433443, 44.79202727851761], [-1.121543327391884, 44.7921722030396], [-1.121905161409209, 44.79234320409161], [-1.122241717097955, 44.7925386350741], [-1.122549753383722, 44.792756614128685], [-1.122826303713073, 44.79299504225192], [-1.123068704622899, 44.79325162350003], [-1.123274621396093, 44.79352388709066], [-1.123442070556294, 44.79380921118864], [-1.123569438984649, 44.79410484814766], [-1.123655499473923, 44.794407950964654], [-1.123699422569454, 44.794715600692456], [-1.123700784582038, 44.79502483454713], [-1.123659571694644, 44.79533267443918], [-1.123576180122377, 44.79563615565417], [-1.123451412323148, 44.795932355406364], [-1.123286469294467, 44.7962184209904], [-1.123082939029675, 44.796491597259816], [-1.122842781243834, 44.796749253167505], [-1.122568308515698, 44.796988907112116], [-1.122262164026775, 44.797208250846325], [-1.12192729611146, 44.79740517171603], [-1.121566929863143, 44.79757777301616], [-1.121184536069701, 44.79772439226654], [-1.120783797777787, 44.79784361723153], [-1.120368574808258, 44.79793429952882], [-1.119942866565082, 44.797995565695885], [-1.119510773496606, 44.79802682560736], [-1.1190764575812, 44.798027778162115], [-1.118644102218762, 44.79799841418495], [-1.118217871915379, 44.79793901651508], [-1.117801872150425, 44.797850157280266], [-1.11740010981363, 44.797732692383384], [-1.11701645459406, 44.79758775325413], [-1.116654601693765, 44.79741673594587], [-1.116318036225868, 44.79722128768291], [-1.116009999640577, 44.797003290987696], [-1.115932700533191, 44.79693664070446], [-1.11576178935721, 44.79690012913029], [-1.115360038071681, 44.79678265688071], [-1.114976394594319, 44.79663771074072], [-1.114614554014043, 44.79646668683124], [-1.114278001325287, 44.796271232440155], [-1.113969977855148, 44.7960532301489], [-1.113693450042229, 44.79581477969275], [-1.113451080868059, 44.79555817772941], [-1.113245204216215, 44.795285895711324], [-1.113077802405905, 44.795000556075244], [-1.112950487115965, 44.79470490697856], [-1.112864483882434, 44.79440179582606], [-1.112820620318247, 44.79409414184252], [-1.112819318167677, 44.793784907954986], [-1.11286058927106, 44.79347707225643], [-1.112944035477673, 44.79317359932478], [-1.113068852506554, 44.79287741167454], [-1.113233837717092, 44.79259136161481], [-1.113271624712354, 44.79254065634479], [-1.112943848068015, 44.792518375679165], [-1.11251766532907, 44.79245895621228], [-1.112101715118224, 44.792370075761404], [-1.111700003847806, 44.792252590433705], [-1.111642766272021, 44.792230961237934], [-1.111620920092855, 44.79228279908515], [-1.111455927582164, 44.79256884671506], [-1.111252353052019, 44.792842000930136], [-1.111012156644009, 44.7930996308956], [-1.110737651309066, 44.79333925525996], [-1.110431480542946, 44.793558566060746], [-1.110096592933316, 44.79375545096099], [-1.109736213763423, 44.793928013602056], [-1.109353813945747, 44.79407459187612], [-1.108953076585081, 44.79419377394221], [-1.108537861493399, 44.7942844118312], [-1.108112167998844, 44.79434563250829], [-1.107680096407724, 44.79437684628631], [-1.107245808491523, 44.79437775250846], [-1.106813487380399, 44.794348342445865], [-1.106387297250456, 44.79428889938162], [-1.105971343194009, 44.79419999588073], [-1.1055696316604, 44.79408248827244], [-1.10518603184922, 44.79393750839782], [-1.104824238428681, 44.79376645270273], [-1.104487735938856, 44.793570968781125], [-1.104179765223215, 44.79335293949891], [-1.103903292212133, 44.79311446485129], [-1.103660979359209, 44.79285784172894], [-1.10345516000548, 44.792585541788], [-1.103287815918235, 44.792300187637835], [-1.103160558220329, 44.79200452757555], [-1.103074611893115, 44.791701409111525], [-1.103030804001486, 44.79139375154083], [-1.103029555753587, 44.79108451782508], [-1.103070878470708, 44.790776686055395], [-1.103154373505157, 44.79047322077195], [-1.103279236105863, 44.79017704441544], [-1.103444263193482, 44.789891009186185], [-1.103647864969153, 44.78961786958127], [-1.103888080244259, 44.78936025587398], [-1.104162595342814, 44.789120648791055], [-1.104468766393852, 44.78890135563084], [-1.104803644798757, 44.788704488052375], [-1.105164005628016, 44.78853194174861], [-1.105546378673968, 44.788385378199564], [-1.105947081860641, 44.788266208680355], [-1.10636225668935, 44.7881755806779], [-1.106787905379237, 44.788114366847076], [-1.107219929345808, 44.788083156611975], [-1.107654168647768, 44.7880822504932], [-1.108086442023173, 44.78811165721569], [-1.10851258713038, 44.78817109362471], [-1.10892850060727, 44.788259987410996], [-1.109330177563951, 44.78837748261862], [-1.10938741032772, 44.78839911297962], [-1.109409257057045, 44.788347275641144], [-1.109574247592225, 44.788061231468504], [-1.109777812966239, 44.78778808077965], [-1.110017992340974, 44.7875304539547], [-1.1102924723861, 44.787290831846704], [-1.110598609568138, 44.78707152189872], [-1.11093345561454, 44.78687463593145], [-1.111293785907309, 44.78670206981496], [-1.111484514716158, 44.78662894780895], [-1.111360175827814, 44.78659257915158], [-1.110976612181741, 44.78644761967823], [-1.110614849336304, 44.78627658331264], [-1.110278371537143, 44.78608111746266], [-1.109970419390005, 44.7858631048201], [-1.109693958646546, 44.785624645219904], [-1.109451651642353, 44.785368035407835], [-1.109245831662304, 44.78509574691193], [-1.109078480479907, 44.78481040223127], [-1.108951209286553, 44.78451474957183], [-1.108865243193773, 44.7842116363727], [-1.108821409457027, 44.78390398187829], [-1.108820129533565, 44.7835947490206], [-1.108861415049918, 44.7832869158826], [-1.108944867716822, 44.78298344701761], [-1.109069683191359, 44.78268726490087], [-1.109234658848137, 44.78240122178819], [-1.109438205383663, 44.78212807225264], [-1.109678362141333, 44.78187044666315], [-1.10995281600869, 44.78163082586089], [-1.110258923704401, 44.781411517276396], [-1.110593737239888, 44.78121463271719], [-1.110954032310235, 44.781042068039795], [-1.111336339340905, 44.78089548490115], [-1.111736976891507, 44.780776294765], [-1.112152087095259, 44.780685645316815], [-1.112577672793465, 44.78062440941796], [-1.113009636008066, 44.78059317670504], [-1.113443817382635, 44.78059224791508], [-1.113876036212917, 44.78062163199133], [-1.114302130682403, 44.78068104599709], [-1.114717997916508, 44.78076991783883], [-1.115119633470587, 44.78088739177195], [-1.115503169872488, 44.78103233663678], [-1.115864913849286, 44.78120335674534], [-1.116201381880454, 44.78139880531462], [-1.116509333735622, 44.781616800316854], [-1.116785803674355, 44.78185524259497], [-1.117028129007697, 44.78211183606893], [-1.117233975746391, 44.782384109838574], [-1.117401361088606, 44.782669441970675], [-1.117528672530214, 44.782965084741555], [-1.117598583520723, 44.78321145457441], [-1.117989346731057, 44.78318318426126], [-1.1184235480191, 44.78318223596891]]], [[[-1.131081824838564, 44.78503144993398], [-1.131387868633159, 44.78481208276498], [-1.131722628427841, 44.78461513417596], [-1.13208288043489, 44.78444250064003], [-1.132465155494181, 44.78429584447724], [-1.132865772472955, 44.7841765778545], [-1.133280873702344, 44.784085849193815], [-1.133706462109937, 44.7840245321193], [-1.134138439691519, 44.783993217049165], [-1.134572646952306, 44.78399220551347], [-1.135004902938826, 44.78402150725221], [-1.13543104547689, 44.78408084012154], [-1.135846971229206, 44.784169632809146], [-1.136248675187844, 44.784287030332635], [-1.136632289222201, 44.7844319022681], [-1.136994119312067, 44.78460285362986], [-1.137330681107976, 44.78479823829688], [-1.137638733476937, 44.78501617485681], [-1.137915309710889, 44.78525456471541], [-1.138157746097543, 44.78551111229749], [-1.138363707578454, 44.785783347144886], [-1.138531210247032, 44.786068647699345], [-1.138658640469431, 44.786364266541355], [-1.13874477044362, 44.786667356842365], [-1.138788770046038, 44.78697499977587], [-1.13879021485092, 44.787284232623435], [-1.138749090244095, 44.78759207730539], [-1.138665791590618, 44.787895569061234], [-1.138541120453615, 44.78819178500384], [-1.138376276899706, 44.78847787227198], [-1.13817284796418, 44.788751075510454], [-1.137932792386131, 44.78900876341246], [-1.137658421759824, 44.789248454068584], [-1.137352378283247, 44.78946783887796], [-1.137017609317727, 44.78966480479095], [-1.136657339003409, 44.78983745466863], [-1.136275037203958, 44.78998412556296], [-1.135874386079744, 44.79010340474094], [-1.135459244611823, 44.790194143298066], [-1.135033611418951, 44.79025546722989], [-1.134601586226416, 44.79028678585468], [-1.134167330358664, 44.79028779750578], [-1.133735026637106, 44.79025849243877], [-1.133445222639286, 44.79021814225534], [-1.133419267010007, 44.79041228823702], [-1.133335935411281, 44.7907157762805], [-1.133211229943364, 44.79101198651496], [-1.133046351003492, 44.79129806613416], [-1.132842885967762, 44.79157125985653], [-1.132602793922967, 44.79182893646687], [-1.132328386814629, 44.79206861416455], [-1.132022307192158, 44.792287984473425], [-1.131687502765075, 44.79248493448353], [-1.131327198015149, 44.7926575672091], [-1.130944863137792, 44.79280421986732], [-1.130544180612047, 44.79292347990078], [-1.130129009721505, 44.7930141985894], [-1.129703349368385, 44.7930755021201], [-1.129271299539648, 44.7931068000077], [-1.128837021797086, 44.79310779078521], [-1.128404699172848, 44.793078464909286], [-1.127978495857647, 44.79301910485214], [-1.127562517070898, 44.792930282379274], [-1.127160769500289, 44.79281285303942], [-1.126777122692718, 44.79266794791982], [-1.126415271769297, 44.7924969627463], [-1.126078701824223, 44.792301544433606], [-1.125770654350963, 44.792083575215784], [-1.125494096019497, 44.79184515450958], [-1.125251690105485, 44.79158857868614], [-1.12504577084656, 44.79131631894625], [-1.12487832097249, 44.79103099751215], [-1.12475095262521, 44.79073536236592], [-1.124664891851926, 44.79043226077818], [-1.124620966819889, 44.790124611881545], [-1.124619599865476, 44.789815378554216], [-1.124660803453223, 44.7895075388838], [-1.124744180082674, 44.7892040574866], [-1.124868926142949, 44.78890785695867], [-1.125033839676867, 44.788621789733234], [-1.125237331978906, 44.788348610615564], [-1.125477442914439, 44.78809095025963], [-1.125751859811989, 44.78785128984144], [-1.126057939745949, 44.787631937173025], [-1.126392734994828, 44.7874350044865], [-1.126753021429569, 44.787262388101844], [-1.127135329558605, 44.78711575017393], [-1.127535977930813, 44.78699650269407], [-1.127951108575106, 44.786905793899976], [-1.128376724135904, 44.78684449722439], [-1.128808726347589, 44.786813202889185], [-1.129242955478269, 44.78681221222468], [-1.12967523036392, 44.78684153476998], [-1.129965014254297, 44.78688189475976], [-1.129990980179974, 44.786687749821], [-1.13007432386213, 44.786384264709184], [-1.13019903559103, 44.786088058471094], [-1.130363913740127, 44.78580198359497], [-1.130567369944659, 44.78552879495981], [-1.1308074444176, 44.78527112331122], [-1.131081824838564, 44.78503144993398]]], [[[-1.11833379569033, 44.84549554370894], [-1.118734879121202, 44.84537632571068], [-1.119150455402162, 44.84528564810147], [-1.119576522887199, 44.84522438401382], [-1.120008978959819, 44.84519312335573], [-1.120443659518658, 44.845192167133334], [-1.120876379053648, 44.84522152455402], [-1.121302970927828, 44.84528091293775], [-1.121719327477872, 44.84536976043773], [-1.122121439548168, 44.84548721154374], [-1.122505435078684, 44.84563213531594], [-1.122732416017413, 44.84573930277888], [-1.122910148696642, 44.845634872429486], [-1.123270819109712, 44.845462264010564], [-1.123653532420216, 44.84531563524245], [-1.124054603275765, 44.84519639802822], [-1.124470169637589, 44.8451057005067], [-1.124896229955145, 44.84504441600213], [-1.125328681680928, 44.84501313461912], [-1.125763360755409, 44.845012157563346], [-1.126196081682813, 44.8450414942428], [-1.126622677812782, 44.845100862177176], [-1.127039041441036, 44.845189689716555], [-1.127441163343844, 44.84530712154296], [-1.127825171366545, 44.84545202690219], [-1.128072948007045, 44.84556899612967], [-1.128249916679945, 44.84546500005504], [-1.128610569594056, 44.84529237429471], [-1.128993267808371, 44.84514572712324], [-1.129394326115797, 44.84502647062095], [-1.129809882598341, 44.84493575311234], [-1.130235935800548, 44.84487444811417], [-1.130668383243396, 44.844843145928365], [-1.13110306090858, 44.84484214796088], [-1.131535783313893, 44.84487146382109], [-1.131962383794755, 44.84493081122918], [-1.132378754605019, 44.84501961873285], [-1.132780886451834, 44.84513703120703], [-1.133164907084837, 44.84528191808388], [-1.133527118568853, 44.84545288423387], [-1.133864032881913, 44.84564828339356], [-1.13417240549634, 44.845866234011005], [-1.134449266619879, 44.846104637356724], [-1.134691949796256, 44.846361197725564], [-1.134898117589678, 44.84663344453627], [-1.135065784105764, 44.84691875611538], [-1.13519333413162, 44.84721438493718], [-1.13527953871015, 44.84751748407706], [-1.135323566997891, 44.84782513462332], [-1.135324994291326, 44.84813437378425], [-1.135304664502794, 44.848286323691866], [-1.135504918458559, 44.84836186763323], [-1.135867156924842, 44.84853282631766], [-1.136204097851091, 44.84872821856944], [-1.136512496453387, 44.848946162903175], [-1.136789382689239, 44.84918456064981], [-1.137032089860555, 44.849441116158204], [-1.137238280300466, 44.84971335889391], [-1.137405967896484, 44.849998667222664], [-1.137533537232682, 44.85029429365013], [-1.137619759165953, 44.850597391274725], [-1.137663802685644, 44.850905041199404], [-1.137665242941479, 44.8512142806384], [-1.137624065361502, 44.85152213144854], [-1.137540665819365, 44.85182562881033], [-1.137415846848339, 44.85212184978261], [-1.137250809937445, 44.852407941455695], [-1.137146179034233, 44.85254829858741], [-1.137269585853576, 44.85265454318496], [-1.137512310212519, 44.85291109793114], [-1.13771851571836, 44.853183340080086], [-1.137886216113477, 44.85346864800323], [-1.138013795858624, 44.85376427421011], [-1.138100025710385, 44.85406737180128], [-1.138144074581769, 44.854375021880024], [-1.138145517570879, 44.85468426165909], [-1.138104340079346, 44.85499211299204], [-1.13802093797989, 44.85529561105437], [-1.13789611383032, 44.85559183289811], [-1.137731069169456, 44.85587792560528], [-1.137527392968169, 44.85615113376821], [-1.137287046345922, 44.85640882603268], [-1.137012343699251, 44.85664852044719], [-1.136705930423357, 44.856867908374724], [-1.136370757440933, 44.857064876735514], [-1.136010052783359, 44.85723752836711], [-1.135627290497906, 44.85738420030453], [-1.135226157180609, 44.857503479804684], [-1.134810516457497, 44.857594217959964], [-1.134384371756823, 44.85765554076979], [-1.133951827731531, 44.85768685756322], [-1.133517050704359, 44.85768786669126], [-1.133084228517447, 44.85765855843375], [-1.13265753017417, 44.85759921509318], [-1.132241065662856, 44.857510408274074], [-1.131838846350379, 44.85739299337441], [-1.131454746327972, 44.85724810134233], [-1.13120736401162, 44.85713135295929], [-1.131184464695511, 44.857302386625115], [-1.131101021771448, 44.857605879713], [-1.130976155989624, 44.85790209399487], [-1.130811069289814, 44.85818817662547], [-1.130607351047793, 44.85846137229417], [-1.130366962787971, 44.85871904976703], [-1.130092219307967, 44.85895872723502], [-1.129785766396337, 44.859178096224305], [-1.129450555357612, 44.85937504383747], [-1.129089814589806, 44.8595476731119], [-1.128707018488086, 44.859694321297965], [-1.12830585397429, 44.8598135758813], [-1.127890184975017, 44.85990428819429], [-1.127464015190951, 44.85996558448533], [-1.127031449516704, 44.859996874338854], [-1.126596654483583, 44.85999785636534], [-1.126163818107198, 44.8599685211057], [-1.125931867804026, 44.85993624898171], [-1.126119294296198, 44.86018375485439], [-1.126286956666473, 44.8604690809396], [-1.126414491254612, 44.86076472113926], [-1.126500669251821, 44.86106782841915], [-1.12654466007026, 44.86137548378916], [-1.126546039366896, 44.86168472441101], [-1.126504793156581, 44.86199257213006], [-1.126421317973698, 44.862296062156524], [-1.126296417079808, 44.86259227161978], [-1.126131292752786, 44.862878347720994], [-1.125927534730752, 44.863151535212374], [-1.125687104921222, 44.86340920293873], [-1.125412318521991, 44.8636488691849], [-1.125105821735011, 44.86386822558505], [-1.124770566287436, 44.864065159363065], [-1.124409781005069, 44.86423777368955], [-1.124026940711894, 44.86438440595882], [-1.123625732755475, 44.86450364380987], [-1.123210021480926, 44.86459433873619], [-1.122783810996207, 44.864655617153666], [-1.122351206588043, 44.86468688881888], [-1.121916375160903, 44.86468785251751], [-1.121483505081005, 44.86465849896701], [-1.121056765813091, 44.8645991109062], [-1.120640267739703, 44.864510260370245], [-1.120238022550966, 44.86439280317824], [-1.119853904587298, 44.86424787068572], [-1.119491613508198, 44.864076858882164], [-1.119154638647386, 44.86388141493883], [-1.11884622539813, 44.863663421336625], [-1.118569343952916, 44.86342497772712], [-1.11832666069871, 44.863168380702135], [-1.118120512543297, 44.86289610166659], [-1.118085635202275, 44.86283673328858], [-1.117680157558554, 44.862750219245044], [-1.117277931168029, 44.86263275139527], [-1.117140946278103, 44.862581059256335], [-1.117021069201087, 44.86278867681484], [-1.116817267187742, 44.86306184757748], [-1.116576795963102, 44.86331949556657], [-1.116301971123963, 44.86355913925704], [-1.115995439242634, 44.86377847050023], [-1.115660152384408, 44.86397537676234], [-1.115299339677746, 44.864147961478935], [-1.114916476210898, 44.864294562329555], [-1.114515249554731, 44.86441376725579], [-1.114099524234565, 44.86450442806827], [-1.113673304493716, 44.864565671511414], [-1.113240695708108, 44.86459690767873], [-1.112805864824401, 44.864597835697815], [-1.112373000203577, 44.86456844662979], [-1.111946271257773, 44.86450902355553], [-1.111529788270055, 44.86442013884752], [-1.111127562785181, 44.864302648654004], [-1.110743468953689, 44.86415768464835], [-1.110381206202541, 44.863986643123546], [-1.110044263592489, 44.86379117153713], [-1.10973588620605, 44.86357315263622], [-1.109459043890172, 44.86333468631607], [-1.109216402654825, 44.86307806938718], [-1.109010299002977, 44.862805773446105], [-1.108842717438984, 44.86252042106374], [-1.108715271371567, 44.86222476052018], [-1.108629187594787, 44.86192163933049], [-1.108585294495673, 44.861613976816045], [-1.10858507612968, 44.86156123730434], [-1.108528910073213, 44.861588098856714], [-1.10814604638576, 44.86173467624046], [-1.10774482364908, 44.86185385660266], [-1.107329106350785, 44.861944491990556], [-1.106902898656953, 44.862005709393436], [-1.106470305827475, 44.862036919155656], [-1.106035494655304, 44.86203782065912], [-1.10560265331153, 44.86200840522038], [-1.10517595098403, 44.8619489561743], [-1.104759497699422, 44.86186004614355], [-1.104357304716279, 44.86174253152025], [-1.104057778304139, 44.861629456505], [-1.103974829737153, 44.86168879213267], [-1.103639513211896, 44.861885661961054], [-1.10327867699435, 44.86205820749697], [-1.102895796399364, 44.86220476679732], [-1.10249455916291, 44.86232392820384], [-1.102078829912315, 44.86241454394638], [-1.101652612928826, 44.86247574120349], [-1.101220013561848, 44.862506930513504], [-1.100785198667321, 44.862507811455366], [-1.100352356452196, 44.862478375543645], [-1.099925656112737, 44.86241890631047], [-1.099509207656389, 44.86232997657286], [-1.09910702229519, 44.86221244291284], [-1.098722973793078, 44.86206743742242], [-1.098360761140261, 44.861896356794134], [-1.098023872914802, 44.86170084886217], [-1.097715553675244, 44.86148279672368], [-1.097438772708335, 44.861244300594], [-1.097196195433019, 44.860987657570675], [-1.096990157736119, 44.860715339501596], [-1.096822643486656, 44.86042996917066], [-1.096695265444963, 44.8601342950308], [-1.096609249749897, 44.85983116472793], [-1.096565424132791, 44.85952349767113], [-1.096564209970809, 44.85921425691333], [-1.096605618255273, 44.858906420613444], [-1.096689249512786, 44.8586029533552], [-1.096814297678841, 44.85830677759828], [-1.096979557885644, 44.858020745537196], [-1.097183438088144, 44.85774761163842], [-1.097357090168645, 44.857561636964455], [-1.097257085243655, 44.8575324072502], [-1.096873073520341, 44.8573873955784], [-1.09662161593609, 44.857268611368], [-1.096438976661134, 44.85737583012367], [-1.096078147298255, 44.85754835200747], [-1.095695278660014, 44.85769488626384], [-1.095294058367274, 44.85781402147577], [-1.094878350884199, 44.85790461012538], [-1.09445216028238, 44.85796577965214], [-1.094019591657099, 44.857996940861554], [-1.093584811568151, 44.857997793603204], [-1.093152007887178, 44.85796832966331], [-1.092725349439205, 44.85790883284392], [-1.092308945828087, 44.85781987622785], [-1.09190680783381, 44.85770231665594], [-1.091522808763977, 44.8575572864698], [-1.091249461157626, 44.85742814313985], [-1.09104874227093, 44.85754595887257], [-1.090687895258144, 44.857718463245945], [-1.090496284948532, 44.85779178577556], [-1.090653451653185, 44.85783773381736], [-1.091037450395537, 44.857982767023586], [-1.091399615498672, 44.85815387132822], [-1.091736459386728, 44.85834939913741], [-1.09204473820959, 44.85856746766036], [-1.092321483077521, 44.858805977032], [-1.092564028653056, 44.85906263052613], [-1.09277003882476, 44.859334956664526], [-1.092937529215436, 44.85962033300958], [-1.09306488630762, 44.859916011411705], [-1.093150883001589, 44.860219144468566], [-1.093194690455339, 44.86052681294158], [-1.093195886091644, 44.86083605386611], [-1.09315445769412, 44.86114388908437], [-1.093070803551847, 44.861447353926735], [-1.092945728650106, 44.86174352576497], [-1.092847882321042, 44.86191284276234], [-1.092861021168958, 44.86195915564669], [-1.092904828392005, 44.862266824405516], [-1.092906022469198, 44.86257606550544], [-1.092864591199126, 44.86288390078697], [-1.092780932898488, 44.86318736557989], [-1.092655852592579, 44.86348353725642], [-1.092490554287416, 44.8637695633814], [-1.092286629397031, 44.86404268918824], [-1.092046041436453, 44.86430028411564], [-1.091771107127104, 44.864539867149446], [-1.09146447409597, 44.86475913072519], [-1.091129095382911, 44.86495596296071], [-1.090768201001433, 44.86512846800451], [-1.09038526682677, 44.86527498430349], [-1.089983981111122, 44.865394100613585], [-1.089568208948912, 44.865484669599], [-1.089141955034836, 44.86554581888861], [-1.088709325074117, 44.86557695948281], [-1.088274486217451, 44.865577791429764], [-1.087841626902634, 44.865548306716], [-1.087414916490642, 44.865488789343644], [-1.086998465085914, 44.865399812593516], [-1.086596283928821, 44.86528223350037], [-1.086212246742712, 44.86513718459383], [-1.085850052408677, 44.86496606298464], [-1.08551318932818, 44.86477051690165], [-1.085204901817405, 44.86455242980946], [-1.084928158857309, 44.86431390226001], [-1.08468562550058, 44.86405723165347], [-1.084563700305996, 44.86389603209255], [-1.084477901651433, 44.86391471794845], [-1.084051654112068, 44.86397584766563], [-1.08361903342461, 44.864006968410266], [-1.083184206650429, 44.86400778042167], [-1.082751362110922, 44.86397827587842], [-1.082324669024716, 44.863918738973645], [-1.081908237329318, 44.863829743176275], [-1.081506078075208, 44.863712145704554], [-1.081122064774707, 44.8635670792651], [-1.080759896078773, 44.86339594113757], [-1.080423060141867, 44.86320037970985], [-1.080114801018664, 44.86298227859435], [-1.079838087416646, 44.862743738478095], [-1.079595584105685, 44.86248705688221], [-1.079389626259978, 44.86221470602604], [-1.079222196979258, 44.86192930900911], [-1.079094908205313, 44.86163361454135], [-1.079008985217095, 44.86133047046433], [-1.078965254852964, 44.861022796319666], [-1.078964137572646, 44.86071355522841], [-1.079005643434404, 44.860405725352635], [-1.079089372025135, 44.86010227121406], [-1.079214516343048, 44.8598061151459], [-1.079379870594496, 44.85952010915298], [-1.079583841828915, 44.85924700745062], [-1.079824465298981, 44.85898943994703], [-1.080099423397286, 44.85874988692391], [-1.080406067986609, 44.85853065515888], [-1.080741445908313, 44.8583338557197], [-1.081102327423019, 44.858161383643136], [-1.081293689430388, 44.85808817748154], [-1.081136249480197, 44.858042134240286], [-1.080752275903671, 44.857897066785306], [-1.080390144897803, 44.85772592776253], [-1.08005334425402, 44.85753036556849], [-1.07974511768707, 44.85731226382295], [-1.079468433590892, 44.85707372321899], [-1.07922595645122, 44.856817041282476], [-1.079020021190258, 44.85654469023595], [-1.078852610690305, 44.85625929318087], [-1.078795024079235, 44.856125503186554], [-1.078674618386698, 44.85610869627774], [-1.078258250382868, 44.85601968701345], [-1.077856154694243, 44.85590207661588], [-1.077472204220787, 44.85575699791617], [-1.07711009700824, 44.85558584831204], [-1.076773320618804, 44.855390276301904], [-1.076465118533581, 44.85517216560011], [-1.07618845891068, 44.85493361698599], [-1.075946006000094, 44.85467692806251], [-1.075740094490657, 44.854404571119524], [-1.075572707035906, 44.85411916931526], [-1.075445455174915, 44.85382347140564], [-1.07535956383127, 44.8535203252654], [-1.075315859538732, 44.853212650455994], [-1.075314762506121, 44.852903410104865], [-1.075356282596898, 44.85259558236691], [-1.075440019261131, 44.85229213174326], [-1.075565165419481, 44.85199598053325], [-1.075730515260776, 44.851709980694885], [-1.075934475877109, 44.85143688638426], [-1.076175082623576, 44.85117932743831], [-1.076450018053962, 44.85093978405634], [-1.076756634249452, 44.85072056292315], [-1.077091978324926, 44.85052377500406], [-1.077452820866986, 44.850351315224934], [-1.077835687029848, 44.85020484423252], [-1.078236889989821, 44.85008577241061], [-1.078652566436557, 44.8499952463054], [-1.079078713759897, 44.849934137590566], [-1.079511228574846, 44.849903034677986], [-1.07994594621458, 44.849902237054934], [-1.080378680812045, 44.8499317524016], [-1.080805265585197, 44.84999129651734], [-1.081221592938933, 44.85008029605575], [-1.081623653998522, 44.85019789404267], [-1.082007577194771, 44.85034295812391], [-1.082245068807312, 44.850455203726135], [-1.082451746222016, 44.850333903023596], [-1.082812571087347, 44.8501614258323], [-1.083195421978791, 44.850014936362676], [-1.083596612219642, 44.84989584517644], [-1.084012278621979, 44.84980529900625], [-1.084438418672315, 44.84974416971895], [-1.084870929055659, 44.84971304592459], [-1.085305645147839, 44.84971222731144], [-1.085738381096702, 44.84974172176183], [-1.086164970107201, 44.84980124527633], [-1.08658130454346, 44.84989022470691], [-1.086983375462585, 44.85000780327303], [-1.087367311200492, 44.850152848807475], [-1.087595639374752, 44.85026074798161], [-1.087811514604387, 44.850134031062936], [-1.088172321727211, 44.84996153646085], [-1.088555157277419, 44.84981502851517], [-1.088956334725967, 44.849695917965526], [-1.089371991008057, 44.84960535173104], [-1.089798123707612, 44.84954420187181], [-1.090230629580389, 44.84951305719589], [-1.090665344045633, 44.84951221759265], [-1.091098081266851, 44.849541691146555], [-1.091524674436759, 44.84960119405934], [-1.091941015879453, 44.849690153381395], [-1.092343096584611, 44.84980771252577], [-1.092727044793969, 44.84995273951228], [-1.09296118855345, 44.85006337099129], [-1.093181282550931, 44.84993415935256], [-1.093542071899005, 44.84976164730795], [-1.093924892080237, 44.84961512085241], [-1.094326056713518, 44.849495990903804], [-1.094741702857395, 44.849405404568024], [-1.095167828193366, 44.84934423409871], [-1.095600329548069, 44.84931306850243], [-1.096035042384231, 44.84931220786994], [-1.096467780881046, 44.84934166048823], [-1.096894378218956, 44.84940114276061], [-1.097310726681949, 44.84949008193622], [-1.097712817192142, 44.849607621622084], [-1.098096777896907, 44.84975263002543], [-1.098314573521751, 44.84985552231849], [-1.09852105186034, 44.84973428693795], [-1.098881823524255, 44.849561757549154], [-1.099264628413112, 44.849415212687894], [-1.099665780292989, 44.84929606344925], [-1.100081416345188, 44.849205457124924], [-1.100507534348338, 44.84914426616099], [-1.100940031199652, 44.84911307976138], [-1.101374742405205, 44.84911219821716], [-1.101807482159889, 44.849141630016646], [-1.102234083632044, 44.84920109176363], [-1.102650439065874, 44.84929001090491], [-1.103052539316415, 44.84940753124041], [-1.103436512437293, 44.84955252116366], [-1.103798660950525, 44.849723584552855], [-1.104135497440141, 44.84991907420815], [-1.104443778127447, 44.85013710770618], [-1.104720534104974, 44.850375585519174], [-1.104963099928519, 44.85063221122486], [-1.105169139291933, 44.85090451361267], [-1.105336667537185, 44.85118987047378], [-1.105464070782556, 44.8514855338463], [-1.10555012148414, 44.85178865647263], [-1.105593990280091, 44.852096319214816], [-1.105595254002674, 44.85240555916341], [-1.105553899780008, 44.852713398170174], [-1.105470325186995, 44.853016871529015], [-1.105345334442926, 44.8533130565298], [-1.105180130691378, 44.853599100609074], [-1.104976304435801, 44.85387224882743], [-1.104735818241273, 44.85412987040775], [-1.104460987849047, 44.85436948407927], [-1.104154459885155, 44.85458878198245], [-1.103819186377381, 44.85478565190454], [-1.103553754768883, 44.854912593231035], [-1.103524072283482, 44.85513347868919], [-1.103440483121747, 44.855436950756506], [-1.10331547628765, 44.855733133702635], [-1.103150255079695, 44.856019174984034], [-1.102946410169429, 44.8562923196881], [-1.102772780521652, 44.85647830302848], [-1.102872786440026, 44.856507527764194], [-1.103172283150832, 44.85662060579052], [-1.103255225080495, 44.85656127085897], [-1.103590511164683, 44.85636440252758], [-1.103951309843614, 44.85619185629349], [-1.104334146693551, 44.85604529363601], [-1.104735335172785, 44.855926125821604], [-1.105151012110198, 44.85583550032083], [-1.10557717489076, 44.85577428976442], [-1.10600971998057, 44.85574308354495], [-1.106444482421283, 44.85574218214435], [-1.106877275914534, 44.85577159424211], [-1.107303933111314, 44.85583103663175], [-1.107720345719353, 44.855919936946435], [-1.108122504043255, 44.85603743916739], [-1.108422293421012, 44.85615061045223], [-1.108505032382026, 44.85609141236261], [-1.108840297258918, 44.85589452820607], [-1.109201076790504, 44.85572196493664], [-1.109583896737355, 44.855575384197685], [-1.109985070720465, 44.85545619742981], [-1.110400735708248, 44.85536555228603], [-1.110826889200693, 44.855304321586274], [-1.111076086382813, 44.85528633126585], [-1.111043300259013, 44.855230501143964], [-1.110915859149237, 44.85493484381837], [-1.110915683810923, 44.85493422642433], [-1.110806390794956, 44.85491900321254], [-1.110389980723453, 44.8548301145023], [-1.10998782630067, 44.85471262054121], [-1.109603800992598, 44.85456765303886], [-1.109241603566127, 44.854396608322006], [-1.108904722452787, 44.85420113387887], [-1.10859640214278, 44.85398311248408], [-1.108319611933354, 44.853744644056924], [-1.10807701733269, 44.85348802542818], [-1.107870954394715, 44.85321572821076], [-1.107703407231796, 44.85293037498784], [-1.107575988921512, 44.85263471404762], [-1.107489925990794, 44.852331592908975], [-1.107446046626125, 44.85202393089277], [-1.107444772722511, 44.85171469100343], [-1.107486115846807, 44.85140685139164], [-1.107569677153291, 44.851103376673045], [-1.107694651251223, 44.850807189379275], [-1.107859833986177, 44.85052114181595], [-1.108063634059193, 44.85024798859898], [-1.108304088371031, 44.84999036013271], [-1.108578880942988, 44.849750737286016], [-1.108885365231502, 44.849531427509035], [-1.109220589621216, 44.84933454262082], [-1.109581325850808, 44.84916197848101], [-1.109964100097802, 44.84901539674134], [-1.110365226423211, 44.848896208852054], [-1.110495391286965, 44.84886781991771], [-1.11046632006327, 44.84866405107631], [-1.110465029608603, 44.848354811557996], [-1.110506353708206, 44.848046971156265], [-1.110589893699645, 44.847743494494416], [-1.110714844397515, 44.84744730412277], [-1.110880001872786, 44.84716125237667], [-1.111083775069781, 44.84688809391224], [-1.111143629298621, 44.846823955846496], [-1.110922942843914, 44.846855670153516], [-1.110490468918664, 44.846886895426884], [-1.110055775079902, 44.84688781267028], [-1.109623048368354, 44.846858413048615], [-1.109196456867568, 44.84679897974447], [-1.108780109536515, 44.84671008522886], [-1.108378016613105, 44.84659258574444], [-1.107994050970889, 44.84644761305407], [-1.107631910802006, 44.84627656353441], [-1.107295083986461, 44.846081084720005], [-1.106986814491467, 44.84586305942754], [-1.106710071124868, 44.845624587613834], [-1.106467518943733, 44.84536796614229], [-1.106261493593513, 44.84509566665319], [-1.106093978824675, 44.84481031175157], [-1.10596658740295, 44.84451464974178], [-1.105880545596463, 44.84421152815301], [-1.105836681388439, 44.84390386631042], [-1.105835416528109, 44.843594627216795], [-1.105876762495441, 44.84328678901512], [-1.105960320417534, 44.84298331630742], [-1.106085284936443, 44.84268713160599], [-1.106250451990177, 44.842401087191476], [-1.106454230430959, 44.84212793764943], [-1.106694657368016, 44.841870313348835], [-1.106969417086387, 44.84163069511844], [-1.107275863358973, 44.841411390363916], [-1.107611044936563, 44.84121451085596], [-1.107971733970129, 44.84104195240237], [-1.108354457091667, 44.84089537660018], [-1.108755528854469, 44.84077619484242], [-1.109171087211142, 44.8406855547339], [-1.109597130688301, 44.84062432904606], [-1.110029556900624, 44.84059310731713], [-1.110464202034238, 44.84059219017839], [-1.110896880920131, 44.840621586460884], [-1.111323427312664, 44.84068101311043], [-1.111739733986354, 44.84076989791171], [-1.112141792265729, 44.84088738499536], [-1.112525730608588, 44.8410323430751], [-1.112887851871893, 44.84120337633571], [-1.11322466890217, 44.84139883786756], [-1.113532938108246, 44.84161684551803], [-1.113809690693382, 44.84185530000833], [-1.114052261246245, 44.84211190514076], [-1.114258313415368, 44.842384189902944], [-1.114425862419649, 44.842669532255805], [-1.114553294177711, 44.84296518437721], [-1.114639380871322, 44.843268299118], [-1.114683292792272, 44.843575957416164], [-1.114684606357748, 44.84388519640515], [-1.114643308216074, 44.844193037945985], [-1.114559795402232, 44.84449651730826], [-1.114434871540687, 44.844792711724054], [-1.114269739130987, 44.84507876853931], [-1.114065987989561, 44.84535193269201], [-1.114006138665809, 44.8454160723029], [-1.114226817724152, 44.84538435188064], [-1.114659278004389, 44.8453531120647], [-1.11509395989136, 44.845352176793185], [-1.115526677862215, 44.845381555071725], [-1.115953265295041, 44.84544096401946], [-1.116369614569252, 44.845529831591584], [-1.116771716599257, 44.84564730208459], [-1.117155699421654, 44.84579224437195], [-1.117417915480418, 44.84591606563184], [-1.117590379356103, 44.84581474528473], [-1.117951067269354, 44.84564215414245], [-1.11833379569033, 44.84549554370894]], [[-1.116509888211227, 44.857254710174644], [-1.116870652913546, 44.85708212190544], [-1.116924196946209, 44.85706161587909], [-1.116715170267558, 44.857123730497214], [-1.116299502459961, 44.85721439933503], [-1.11587334044165, 44.8572756510804], [-1.115624135970001, 44.85729365218098], [-1.115656927851802, 44.85734948098694], [-1.115784399398766, 44.85764513309895], [-1.115806905342209, 44.85772435106452], [-1.11586814305822, 44.85767094804118], [-1.116174642102592, 44.85745161757872], [-1.116509888211227, 44.857254710174644]], [[-1.118496447655636, 44.856664366051845], [-1.11892899241606, 44.85663310948622], [-1.119363761533054, 44.856632157489656], [-1.119584260438363, 44.85664711640343], [-1.11982019955901, 44.85659564352484], [-1.120246352112582, 44.85653437664206], [-1.120678894897906, 44.85650311325968], [-1.1211136629788, 44.85650215441002], [-1.121546470002595, 44.856531509325805], [-1.121973148490042, 44.856590895351076], [-1.122378093955124, 44.85667728808554], [-1.122415605949185, 44.856397440283345], [-1.122499094010257, 44.85609395384334], [-1.122624000479666, 44.85579774926984], [-1.122789121854032, 44.85551167903502], [-1.122992867425059, 44.85523849797309], [-1.123233274618097, 44.854980836756695], [-1.123508027907937, 44.85474117657013], [-1.123814481129033, 44.85452182522318], [-1.123926163954198, 44.85445621209125], [-1.12365985032843, 44.85451432443025], [-1.123233716825594, 44.854575604376485], [-1.122801190306568, 44.85460687769369], [-1.122366436925458, 44.85460784315163], [-1.121933644296605, 44.85457849145081], [-1.12150698113861, 44.85451910531219], [-1.121090557100804, 44.8544302567525], [-1.120688383160102, 44.85431280157176], [-1.120304332970592, 44.85416787110611], [-1.119942105538937, 44.85399686132551], [-1.119606442228334, 44.85380214603291], [-1.119634098927222, 44.85399575957386], [-1.119635439994511, 44.854304999547246], [-1.119594161326593, 44.854612843968205], [-1.119510659770643, 44.854916328078644], [-1.119385738842425, 44.85521252906491], [-1.119220601012977, 44.85549859420972], [-1.119016836150672, 44.85577176837083], [-1.118776406229108, 44.85602942052136], [-1.118501626447343, 44.85626906909615], [-1.118195142943755, 44.85648840589953], [-1.1178599073177, 44.85668531834417], [-1.117499148204169, 44.85685790980607], [-1.117445604575632, 44.85687841610841], [-1.11765462953345, 44.85681630011989], [-1.11807029220698, 44.85672562621981], [-1.118496447655636, 44.856664366051845]], [[-1.118170685434338, 44.85112192356513], [-1.117974346494964, 44.85104782081941], [-1.117712105253048, 44.85092400066814], [-1.117539625909371, 44.851025321372134], [-1.117178902164186, 44.85119791147835], [-1.116979239598886, 44.85127438547383], [-1.117091889961899, 44.85130729143341], [-1.117475912303317, 44.85145223287887], [-1.117838115816312, 44.85162325056616], [-1.118173759975706, 44.85181797106873], [-1.1181461093829, 44.851624357300075], [-1.118144776579124, 44.851315117576306], [-1.118170685434338, 44.85112192356513]], [[-1.085273730579016, 44.85800782493713], [-1.085657716590989, 44.858152876758844], [-1.08592496689192, 44.85827915722582], [-1.086121211940408, 44.85816398420732], [-1.086482075841756, 44.85799149465289], [-1.086673692073177, 44.85791817904698], [-1.086516528399544, 44.857872225369945], [-1.086132542088347, 44.85772717653176], [-1.0858650108961, 44.85760076283902], [-1.085668508316737, 44.85771608737109], [-1.085307643686332, 44.85788857426575], [-1.085116287591354, 44.85796178734139], [-1.085273730579016, 44.85800782493713]]], [[[-1.124447164803061, 44.86886119491039], [-1.12475369141631, 44.86864183997931], [-1.125088974247958, 44.8684449059649], [-1.125449784473666, 44.86827228919991], [-1.125832647558255, 44.868125651842824], [-1.126233876707209, 44.868006405879434], [-1.12664960835768, 44.86791569953283], [-1.127075839367757, 44.867854406212224], [-1.127508465546578, 44.867823116107076], [-1.12794332115509, 44.86782213050709], [-1.128316692027402, 44.86784742611174], [-1.128615754513913, 44.86780441547319], [-1.129048379449396, 44.86777311936869], [-1.129483234643593, 44.86777212773794], [-1.129916132905171, 44.86780145012927], [-1.130342905876513, 44.867860804199935], [-1.130759444150815, 44.86794961843353], [-1.13116173682292, 44.86806703764018], [-1.131545910094015, 44.868211931187226], [-1.131908264559235, 44.8683829038809], [-1.132245310819819, 44.868578309394756], [-1.132553803077452, 44.86879626611571], [-1.132830770387624, 44.86903467525542], [-1.13307354527129, 44.869291241053006], [-1.133279789409222, 44.869563492874924], [-1.13344751617146, 44.86984880899944], [-1.133575109764487, 44.87014444185711], [-1.133661340811136, 44.87044754448438], [-1.133705378212507, 44.870755197936006], [-1.133706797176743, 44.87106443939226], [-1.133665583336442, 44.871372290690516], [-1.133582132913992, 44.87167578700655], [-1.133457248932233, 44.87197200540921], [-1.133292133505899, 44.8722580930136], [-1.133088376287136, 44.87253129446119], [-1.132847939175487, 44.872788978462395], [-1.132573137438865, 44.87302866314532], [-1.132266617426753, 44.87324803996661], [-1.131931331089849, 44.87344499595346], [-1.131570507551355, 44.87361763406259], [-1.131187622003656, 44.873764291459246], [-1.130786362230161, 44.873883555540395], [-1.130370593075087, 44.873974277546935], [-1.129944319203938, 44.87403558363382], [-1.129511646514051, 44.874066883291206], [-1.129076742567687, 44.8740678750351], [-1.128703329987601, 44.874042581936195], [-1.128404234340965, 44.87408559289572], [-1.12797156040727, 44.87411688655308], [-1.127536656046492, 44.874117872265536], [-1.127103710327479, 44.87408854053852], [-1.126676893443667, 44.874029173900574], [-1.126260316525339, 44.8739403441806], [-1.12585799202219, 44.873822906997205], [-1.125473795038718, 44.873677993513105], [-1.125111425995642, 44.873506999534804], [-1.124774374977698, 44.87331157206184], [-1.124465888111736, 44.87309359341647], [-1.124188936299314, 44.87285516310629], [-1.123946186605126, 44.87259857759501], [-1.123739976576811, 44.872326308176675], [-1.123572291743274, 44.87204097716678], [-1.1234447465078, 44.871745332639726], [-1.123358568619441, 44.871442221956315], [-1.123314587371456, 44.871134564336906], [-1.123313225639629, 44.87082532274365], [-1.123354495836176, 44.870517475343725], [-1.123437999817184, 44.87021398682792], [-1.123562932743443, 44.8699177798608], [-1.123728090856476, 44.86963170693755], [-1.123931883093908, 44.86935852291833], [-1.12417234643146, 44.86910085850426], [-1.124447164803061, 44.86886119491039]]], [[[-1.121456795598835, 44.87707110076098], [-1.121763378718438, 44.87685175351445], [-1.122098721066872, 44.87665482801707], [-1.122459593246711, 44.876482220519556], [-1.122842520126252, 44.87633559309118], [-1.123243814296755, 44.87621635762212], [-1.12365961156936, 44.87612566223439], [-1.124085908170379, 44.87606438023164], [-1.124518599277484, 44.87603310169442], [-1.124953518526541, 44.87603212780101], [-1.125386478109533, 44.87606146792892], [-1.125447750504193, 44.876069990948274], [-1.125625822948686, 44.876044389460496], [-1.126058513043732, 44.876013104923594], [-1.126493432111068, 44.87601212499939], [-1.126926392344431, 44.8760414591235], [-1.127353224789576, 44.876100824840236], [-1.127769819467102, 44.87618965052102], [-1.128172164928803, 44.876307080865786], [-1.128556386867582, 44.87645198513459], [-1.128918785409949, 44.87662296803042], [-1.129255870732688, 44.87681838312864], [-1.129564396661282, 44.87703634872382], [-1.129841391926901, 44.87727476594215], [-1.130084188781181, 44.87753133894502], [-1.130290448693178, 44.877803597029406], [-1.130458184880863, 44.87808891841329], [-1.130585781459764, 44.878384555476565], [-1.130672009023758, 44.87868766121517], [-1.130716036507272, 44.87899531665387], [-1.130717439213755, 44.87930455895379], [-1.130676202932167, 44.879612409944166], [-1.130592724100824, 44.87991590480369], [-1.130467806015991, 44.88021212061524], [-1.130302651120689, 44.880498204518844], [-1.130098849447065, 44.88077140119162], [-1.129858363322711, 44.881029079389954], [-1.129583508487528, 44.88126875729779], [-1.129276931802381, 44.88148812643702], [-1.128941585763812, 44.88168507390884], [-1.128580700070072, 44.88185770275197], [-1.128197750512263, 44.8820043502209], [-1.127796425490403, 44.882123603808196], [-1.127380590477269, 44.88221431485586], [-1.126954250772817, 44.88227560962437], [-1.126521512908601, 44.882306897712915], [-1.126086545074764, 44.88230787774893], [-1.125653536951636, 44.88227854029254], [-1.125592257749441, 44.882270017370054], [-1.125414165541908, 44.88229561885421], [-1.124981426665217, 44.88232690094236], [-1.124546458649613, 44.882327874946924], [-1.124113451177179, 44.88229853148603], [-1.123686575036264, 44.882239153201304], [-1.123269941927997, 44.8821503120338], [-1.122867564843358, 44.882032863712375], [-1.12248331939334, 44.88188793950709], [-1.122120906465492, 44.88171693532762], [-1.121783816567219, 44.88152149827181], [-1.121475296199795, 44.881303510754236], [-1.121198316587364, 44.88106507236788], [-1.120955545062258, 44.880808479654284], [-1.120749319382236, 44.88053620397683], [-1.120581625226778, 44.88025086771128], [-1.120454077088762, 44.879955218982595], [-1.120367902744994, 44.879652105192136], [-1.120323931454384, 44.879344445590085], [-1.120322585996612, 44.879035203157684], [-1.120363878626961, 44.87872735607018], [-1.120447410985274, 44.87842386901536], [-1.120572377958883, 44.87812766464363], [-1.120737575461276, 44.87784159542521], [-1.120941412050626, 44.87756841618459], [-1.121181924275449, 44.877310757576794], [-1.121456795598835, 44.87707110076098]]], [[[-1.088593574587662, 44.78236019213083], [-1.088899769537341, 44.78214094247133], [-1.089234662181049, 44.781944122372096], [-1.089595027452387, 44.78177162706889], [-1.089977395101108, 44.78162511755061], [-1.090378083103356, 44.78150600457205], [-1.090793233106756, 44.781415435075715], [-1.091218847569546, 44.78135428115309], [-1.091650828236813, 44.781323131651426], [-1.092085015584145, 44.78132228650655], [-1.092517228849786, 44.78135175385627], [-1.092943306270762, 44.78141124996207], [-1.09335914513655, 44.78150020193986], [-1.093760741275516, 44.78161775327342], [-1.09414422759484, 44.78176277205775], [-1.094505911303621, 44.7819338618931], [-1.0948423094614, 44.782129375324956], [-1.095150182510359, 44.782347429700934], [-1.095426565468633, 44.78258592529218], [-1.09566879648456, 44.782842565505184], [-1.095874542476853, 44.7831148789896], [-1.0960418216136, 44.783400243429675], [-1.096169022413205, 44.78369591079049], [-1.096254919282732, 44.78399903377599], [-1.096298684343315, 44.784306693244645], [-1.096299895427871, 44.7846159263185], [-1.096258540173143, 44.78492375491543], [-1.096175016165659, 44.78522721442961], [-1.096050127139174, 44.78552338228412], [-1.095885075259172, 44.785809406080645], [-1.095681449567813, 44.78608253107505], [-1.095441210699719, 44.78634012671392], [-1.095166672015057, 44.78657971197628], [-1.094860477331061, 44.786798979276206], [-1.094525575466022, 44.78699581669572], [-1.094165191840707, 44.787168328333436], [-1.093782797410701, 44.787314852572756], [-1.093382075229047, 44.787433978093176], [-1.092966884961615, 44.787524557470185], [-1.092541225697491, 44.787585718232584], [-1.09210919741328, 44.78761687127029], [-1.091674961463285, 44.78761771651161], [-1.091242700477036, 44.78758824581498], [-1.090816578051381, 44.78752874304758], [-1.090400698626349, 44.78743978134946], [-1.089999067932245, 44.78732221761044], [-1.089615554389821, 44.787177184212204], [-1.089253851836148, 44.78700607811614], [-1.088917443935883, 44.786810547401636], [-1.088609570621241, 44.786592475385255], [-1.088333196884298, 44.78635396247371], [-1.088090984222345, 44.78609730592619], [-1.087885265011338, 44.78582497772073], [-1.087718020053998, 44.78553960073881], [-1.087590859518426, 44.78524392349733], [-1.087505007450232, 44.78494079367206], [-1.087461290006593, 44.78463313066736], [-1.0874601275247, 44.78432389749706], [-1.087501530500038, 44.78401607224703], [-1.087585099512198, 44.78371261939445], [-1.087710029097926, 44.78341646126027], [-1.087875115533067, 44.78313044986921], [-1.088078768447525, 44.782857339488686], [-1.088319026160513, 44.78259976011054], [-1.088593574587662, 44.78236019213083]]], [[[-1.09902869343529, 44.782230104336556], [-1.099303194432536, 44.78199050986951], [-1.099609345613561, 44.78177123066303], [-1.099944198571192, 44.78157437824174], [-1.100304528621038, 44.78140184815266], [-1.100686865851874, 44.781255301719646], [-1.101087528532622, 44.781136150053], [-1.101502658554627, 44.781045540467716], [-1.101928258568443, 44.780984345441375], [-1.10236023045823, 44.78095315421697], [-1.102794414784056, 44.78095226713206], [-1.103226630813257, 44.780981692728304], [-1.10365271675627, 44.781041147669235], [-1.104068569820564, 44.781130059467145], [-1.104470185697861, 44.78124757199268], [-1.104853697105378, 44.78139255371456], [-1.105215411010753, 44.78156360858993], [-1.105551844182888, 44.781759089500916], [-1.105859756726943, 44.78197711410833], [-1.106136183280883, 44.78221558297], [-1.106378461573383, 44.78247219974983], [-1.106584258068037, 44.78274449332321], [-1.106751590446731, 44.78302984156615], [-1.106878846715262, 44.783325496599744], [-1.106964800746609, 44.78362861124678], [-1.107008624111493, 44.78393626644605], [-1.107009894081373, 44.7842454993608], [-1.106968597725904, 44.78455333191048], [-1.106885132064358, 44.784856799451305], [-1.106760300268523, 44.78515297932909], [-1.10659530395262, 44.78543901902979], [-1.106391731623573, 44.785712163656164], [-1.106151543401941, 44.785969782465756], [-1.105877052159969, 44.78620939421446], [-1.105570901257808, 44.78642869106134], [-1.105236039091913, 44.78662556080379], [-1.104875690700542, 44.78679810722919], [-1.104493326699776, 44.78694466838587], [-1.104092629849446, 44.78706383259773], [-1.103677459571325, 44.78715445206762], [-1.103251814761878, 44.78721565393817], [-1.102819795258419, 44.78724684870331], [-1.102385562330642, 44.787247735889444], [-1.101953298578962, 44.78721830695099], [-1.101527167626885, 44.7871588453529], [-1.101111273996618, 44.787069923838665], [-1.100709623555367, 44.786952398911076], [-1.100326084914186, 44.78680740257798], [-1.099964352152015, 44.78663633144377], [-1.099627909224606, 44.786440833251106], [-1.099319996401687, 44.786222791003304], [-1.099043579056012, 44.78598430482048], [-1.098801319105037, 44.78572767170432], [-1.098595549380313, 44.785455363407294], [-1.0984282511712, 44.785170002619125], [-1.098301035158786, 44.78487433770088], [-1.098215125923069, 44.78457121620967], [-1.098171350171859, 44.784263557469686], [-1.098170128803928, 44.78395432445371], [-1.098211472881877, 44.78364649524621], [-1.098294983552485, 44.783343034362574], [-1.098419855914295, 44.783046864201104], [-1.098584886794151, 44.782760836902455], [-1.098788486356861, 44.782487706887295], [-1.09902869343529, 44.782230104336556]]], [[[-1.094608473785031, 44.80212108010865], [-1.094943465464751, 44.801924241426555], [-1.095303941294554, 44.80175172639382], [-1.095686429959546, 44.80160519618929], [-1.096087248270608, 44.80148606176697], [-1.096502536620701, 44.80139547027586], [-1.096928296136064, 44.80133429401923], [-1.097360427165265, 44.80130312205937], [-1.097794768736294, 44.801302254548354], [-1.09822713860263, 44.80133169983936], [-1.098653373493661, 44.80139117440627], [-1.099069369182838, 44.8014801055724], [-1.099471119988701, 44.80159763702192], [-1.099854757329331, 44.80174263704131], [-1.10021658695977, 44.801913709411544], [-1.100553124534541, 44.802109206846275], [-1.100861129153364, 44.80232724684717], [-1.101137634567387, 44.802565729823854], [-1.101379977745636, 44.80282235930427], [-1.101585824526548, 44.80309466404152], [-1.101753192107371, 44.80338002180408], [-1.101880468154466, 44.80367568462134], [-1.101966426349867, 44.803978805241094], [-1.102010238223689, 44.80428646454459], [-1.102011481157543, 44.80459569965553], [-1.101970142480949, 44.804903532472196], [-1.101886619620272, 44.805206998348154], [-1.101761716297723, 44.80550317464525], [-1.101596634815991, 44.8057892088839], [-1.101392964501897, 44.806062346219434], [-1.101152666419436, 44.806319955979546], [-1.10087805449876, 44.80655955700733], [-1.100571773262206, 44.80677884156502], [-1.100236772361505, 44.8069756975684], [-1.099876278171193, 44.80714822893713], [-1.099493762711745, 44.80729477386456], [-1.099092910201976, 44.80741392083091], [-1.098677581563165, 44.80750452220511], [-1.098251777217344, 44.807565705304086], [-1.097819598538755, 44.8075968808026], [-1.097606571361326, 44.807597306495545], [-1.097526765753664, 44.8078871679244], [-1.097401833504001, 44.808183339578335], [-1.097236721965876, 44.808469367585296], [-1.097033020755572, 44.80874249716063], [-1.096792691234661, 44.80900009770674], [-1.096518047636108, 44.80923968815543], [-1.096211734787388, 44.809458960870806], [-1.095876702644753, 44.80965580388272], [-1.095516177883702, 44.80982832123593], [-1.095133632819222, 44.80997485125879], [-1.094732751955341, 44.810093982575076], [-1.094317396486505, 44.81018456770444], [-1.093891567093233, 44.810245734120286], [-1.093459365391079, 44.81027689265807], [-1.093024954405003, 44.81027774319309], [-1.092835759116419, 44.81026485186733], [-1.092926551559704, 44.81038497270715], [-1.093093896886315, 44.81067034423458], [-1.09322114389178, 44.810966017711586], [-1.093307066537584, 44.8112691457833], [-1.093350836695978, 44.81157680925914], [-1.093352032150103, 44.81188604522257], [-1.093310640686555, 44.8121938755636], [-1.093227060239917, 44.81249733565961], [-1.093102095086873, 44.81279350292802], [-1.092936948125508, 44.81307952497616], [-1.092733209313223, 44.81335264707672], [-1.092492840373717, 44.81361023870413], [-1.092218155919604, 44.813849818876015], [-1.091911801171871, 44.81406908005547], [-1.091576726490356, 44.81426591038344], [-1.091216158960329, 44.81443841402685], [-1.090833571308777, 44.81458492944606], [-1.090432648449995, 44.81470404540555], [-1.090017251982995, 44.81479461457286], [-1.089591382983272, 44.814855764575135], [-1.089159143447943, 44.814886906405924], [-1.088724696766453, 44.814887740101476], [-1.088292227598472, 44.81485825763147], [-1.087865901546408, 44.81479874297644], [-1.087449825011933, 44.814709769391015], [-1.087048005624161, 44.81459219387944], [-1.086664313621512, 44.81444714893684], [-1.086302444560069, 44.81427603163578], [-1.08596588370826, 44.81408049016359], [-1.085657872471393, 44.81386240794045], [-1.085381377169763, 44.81362388547137], [-1.085139060471215, 44.81336722010759], [-1.084933255753327, 44.81309488391208], [-1.08476594464188, 44.81280949984321], [-1.084646040562743, 44.81253079102172], [-1.084572449716099, 44.81249598914672], [-1.084235905541479, 44.812300442542345], [-1.083927910771329, 44.81208235564572], [-1.083651431567323, 44.81184382900688], [-1.083409130442262, 44.8115871600172], [-1.083203340623727, 44.811314820774555], [-1.08303604359401, 44.811029434266686], [-1.082908850022195, 44.810733749102255], [-1.082822984271474, 44.810430613033276], [-1.082779272630177, 44.81012294552425], [-1.082778135378979, 44.809813709632365], [-1.082819582769739, 44.809505883469605], [-1.082903214953702, 44.80920243152198], [-1.083028225858673, 44.80890627610166], [-1.083193410976868, 44.80862026920721], [-1.083397178987427, 44.80834716506272], [-1.083637567100833, 44.80808959359993], [-1.083912259976724, 44.80785003513865], [-1.084218612032303, 44.80763079650899], [-1.084553672926133, 44.80743398884472], [-1.084914215971675, 44.80726150726192], [-1.085296769206935, 44.80711501261732], [-1.08569764882118, 44.80699591552246], [-1.086112994617208, 44.806905362766905], [-1.086538807168241, 44.806844226280965], [-1.086970986312286, 44.80681309474395], [-1.087405370614129, 44.8068122679187], [-1.087837777415869, 44.80684175376667], [-1.088264043091282, 44.80690126837121], [-1.08868006311741, 44.806990238670096], [-1.088808508361712, 44.80702782574788], [-1.088808342306021, 44.80698395015331], [-1.088849754588435, 44.80667612203082], [-1.088933350009969, 44.806372665826075], [-1.089058322852497, 44.806076503892285], [-1.089223468974795, 44.80579048829078], [-1.08942719743153, 44.805517373329536], [-1.089667545814063, 44.80525978904446], [-1.089942199164589, 44.805020215878926], [-1.090248512280869, 44.80480096080458], [-1.09058353519637, 44.80460413511364], [-1.090944041590185, 44.80443163409576], [-1.091326559853172, 44.80428511879478], [-1.091727406511267, 44.80416600002121], [-1.092142721684535, 44.804075424773366], [-1.092568506240989, 44.80401426519809], [-1.093000660288135, 44.80398311019709], [-1.093213673804243, 44.8039826933505], [-1.093293496108091, 44.803692835406224], [-1.093418440022595, 44.80339666882761], [-1.093583556088978, 44.803110646993], [-1.093787253651355, 44.80283752427039], [-1.09402757059859, 44.8025799307705], [-1.094302192275571, 44.802340347025385], [-1.094608473785031, 44.80212108010865]]], [[[-1.10211621874109, 44.81966017991278], [-1.102390889396553, 44.81942057476961], [-1.102697232429845, 44.819201284261496], [-1.103032297586097, 44.819004420021955], [-1.10339285813745, 44.81883187771178], [-1.103775441953126, 44.81868531877252], [-1.104176364927768, 44.81856615443484], [-1.104591766446564, 44.818475532135835], [-1.105017646546147, 44.818414324475405], [-1.105449904414135, 44.818383120818226], [-1.105884377857375, 44.81838222162158], [-1.106316883359773, 44.81841163554376], [-1.10674325634491, 44.81847107936069], [-1.107159391256764, 44.81855998069177], [-1.10756128107352, 44.818677483508466], [-1.107945055874911, 44.81882245637297], [-1.108307020092514, 44.81899350332773], [-1.108643688085001, 44.81918897733117], [-1.108951817696326, 44.819406996110644], [-1.109228441474035, 44.819645460280114], [-1.109470895247309, 44.819902073548676], [-1.109676843789465, 44.82017436482557], [-1.109844303317623, 44.820459712008955], [-1.109971660612441, 44.82075536723014], [-1.110057688573221, 44.821058483310125], [-1.110101558057863, 44.82136614117391], [-1.110102845892767, 44.82167537795916], [-1.110088157433684, 44.821784843296065], [-1.110451385402049, 44.82170558634724], [-1.110877283596328, 44.8216443561274], [-1.111309563053788, 44.82161312960599], [-1.111744061373416, 44.82161220746044], [-1.112176594799626, 44.82164159857002], [-1.112602998487174, 44.821701019930316], [-1.113019166584474, 44.82178989937699], [-1.113421091750238, 44.82190738109217], [-1.113804903723902, 44.8220523338413], [-1.114166906579183, 44.82222336186054], [-1.114503614302779, 44.82241881829061], [-1.114811784356128, 44.82263682102813], [-1.115088448897407, 44.82287527084153], [-1.115330943363301, 44.8231318715782], [-1.115536932135308, 44.82340415226806], [-1.115704431043149, 44.82368949091128], [-1.115831826488254, 44.82398513972142], [-1.115917891002511, 44.82428825158125], [-1.115961795091752, 44.824595907456484], [-1.115963115249059, 44.82490514450392], [-1.115921838059744, 44.82521298460328], [-1.11583836035747, 44.82551646303807], [-1.115713485428986, 44.82581265704929], [-1.115548415302973, 44.82609871398681], [-1.115344739196354, 44.8263718787874], [-1.115104418228422, 44.82662952051436], [-1.114829766549303, 44.82686915770287], [-1.114523429063884, 44.827088482266966], [-1.114188355965356, 44.827285381737155], [-1.113827774323409, 44.82745795961445], [-1.11344515700069, 44.82760455364426], [-1.113044189197082, 44.827723751833865], [-1.112628732944387, 44.827814406058806], [-1.112202789893913, 44.827875643126966], [-1.111770462756068, 44.82790687319326], [-1.111335915764197, 44.82790779544402], [-1.110903334544333, 44.82787840099597], [-1.110476885778403, 44.82781897298178], [-1.110060677050331, 44.82773008382155], [-1.109658717262821, 44.827612589706355], [-1.109274878006931, 44.82746762234733], [-1.108912856257387, 44.82729657806979], [-1.108576138753584, 44.827101104357745], [-1.108267968409935, 44.82688308397877], [-1.108176181753762, 44.82680396741749], [-1.108009515243944, 44.82694935996333], [-1.107703150702616, 44.827168665702736], [-1.107368053228996, 44.82736554458141], [-1.107007450127639, 44.82753810029871], [-1.106624814467972, 44.82768467081346], [-1.106223831626575, 44.82780384435943], [-1.105808363780159, 44.827894473049504], [-1.105382412691756, 44.82795568393754], [-1.104950081149232, 44.827986887430605], [-1.104515533428376, 44.82798778297102], [-1.104082955162247, 44.827958361932744], [-1.103656513004303, 44.82789890770461], [-1.103240314474787, 44.827809992959175], [-1.10283836837812, 44.827692474133976], [-1.102454546173426, 44.827547483178144], [-1.10209254467112, 44.82737641664426], [-1.101755850415493, 44.82718092223072], [-1.101447706096947, 44.826962882904446], [-1.101171079317704, 44.82672439875741], [-1.100928634012027, 44.826467766771735], [-1.100722704796186, 44.826195458689014], [-1.100555274495, 44.825910097196946], [-1.100427955060987, 44.825614430663386], [-1.100341972069331, 44.82531130666099], [-1.100298152937234, 44.825003644538185], [-1.100296918980263, 44.82469440730036], [-1.10033828138124, 44.824386573072644], [-1.100421841109482, 44.82408310641875], [-1.100546792790123, 44.823786929792604], [-1.100711932485262, 44.82350089539712], [-1.100915669311, 44.82322775772128], [-1.10115604077769, 44.82297014701978], [-1.10143073170485, 44.82273054399044], [-1.101544341688653, 44.82264922516877], [-1.101515538074313, 44.822600132062206], [-1.101388221087119, 44.82230446695467], [-1.101302237980182, 44.82200134402884], [-1.101258416171893, 44.82169368262274], [-1.101257177003681, 44.8213844457349], [-1.101298531708635, 44.82107661148706], [-1.101382081330269, 44.82077314444314], [-1.101507020591118, 44.820476967060856], [-1.101672145672947, 44.82019093155034], [-1.101875865832644, 44.81991779241139], [-1.10211621874109, 44.81966017991278]]], [[[-1.094600641587224, 44.82865033738866], [-1.094907065339397, 44.82843106772207], [-1.095242212822596, 44.82823422640901], [-1.095602856516293, 44.82806170888954], [-1.095985523489214, 44.82791517636647], [-1.096386528835395, 44.827796039816064], [-1.096802011147004, 44.82770544640787], [-1.097227969682862, 44.827644268463594], [-1.097660302875468, 44.82761309506175], [-1.098094847806506, 44.82761222636831], [-1.098527420271644, 44.82764167074785], [-1.098953855049777, 44.82770114468304], [-1.099370045989944, 44.82779007550324], [-1.099771985530863, 44.827907606895984], [-1.100155803273461, 44.8280526071483], [-1.100517803235783, 44.828223680038896], [-1.100854499432222, 44.82841917827646], [-1.101084574603356, 44.82858197532919], [-1.101306250055913, 44.828516105779535], [-1.101721729759149, 44.82842549392833], [-1.102147688396117, 44.82836429708344], [-1.102580024398326, 44.82833310450543], [-1.103014574820402, 44.82833221654488], [-1.103447155405148, 44.828361641751854], [-1.103873600853298, 44.828421096793654], [-1.10428980491118, 44.82851000918162], [-1.104691759891246, 44.82862752278071], [-1.10507559524581, 44.828772506049326], [-1.105437614823387, 44.828943562929716], [-1.105774332449551, 44.829139046284716], [-1.106082505490255, 44.829357073751616], [-1.10635916607475, 44.829595545860734], [-1.106601649677647, 44.82985216624474], [-1.10680762078485, 44.83012446374428], [-1.106975095395984, 44.83040981619762], [-1.107102460146237, 44.830705475685306], [-1.107188487862883, 44.83100859498719], [-1.10723234940592, 44.8313162549973], [-1.107233621677976, 44.83162549283256], [-1.107192291725356, 44.83193333036501], [-1.10710875688973, 44.83223680290288], [-1.106983821007972, 44.832532987743846], [-1.106818686695724, 44.832819032326064], [-1.106614943788045, 44.8330921817053], [-1.106374554047596, 44.83334980509328], [-1.106099832286894, 44.83358942120178], [-1.105793424085872, 44.833808722147865], [-1.105458280318903, 44.834005595689455], [-1.105097628736436, 44.834178145577305], [-1.10471494287489, 44.834324709826376], [-1.10431390859444, 44.8344438767308], [-1.10389838856732, 44.83453449846745], [-1.103472385059248, 44.83459570215711], [-1.103040001363086, 44.83462689827621], [-1.102605402257062, 44.834627786338096], [-1.102172773869267, 44.83459835778877], [-1.101746283336014, 44.8345388960894], [-1.101330038643566, 44.83444997398448], [-1.10092804904104, 44.834332447982504], [-1.10054418640664, 44.834187450101666], [-1.100182147940201, 44.83401637696128], [-1.099845420542038, 44.83382087632335], [-1.099615327508816, 44.833658076420555], [-1.09939362978708, 44.833723942703564], [-1.098978107149222, 44.83381454599536], [-1.098552103741057, 44.833875730782395], [-1.098119722854505, 44.833906907723154], [-1.097685129240731, 44.833907776515716], [-1.097252508974919, 44.83387832879168], [-1.096826029115127, 44.83381884819691], [-1.096409797544779, 44.83372990765795], [-1.096007823386552, 44.833612363860745], [-1.095623978369842, 44.833467348995], [-1.095261959524734, 44.833296259843564], [-1.094925253562489, 44.833100744322635], [-1.094617103286158, 44.8328826856025], [-1.094340476355222, 44.83264418396184], [-1.094098036705256, 44.832387536551295], [-1.093892118897894, 44.83211521526095], [-1.093724705647902, 44.83182984290571], [-1.093597408743398, 44.831534167958], [-1.093511453542403, 44.83123103807147], [-1.093467667194297, 44.8309233726512], [-1.093466470698748, 44.8306141347343], [-1.093507874877659, 44.830306302452335], [-1.093591480297879, 44.83000284035028], [-1.093716481144414, 44.82970667083819], [-1.093881673005808, 44.82942064605039], [-1.094085464495756, 44.82914752038334], [-1.094325892598181, 44.828889923976085], [-1.094600641587224, 44.82865033738866]]], [[[-1.095928524516493, 44.86394035263658], [-1.096235135646592, 44.86372107679025], [-1.096570489087227, 44.863524229209645], [-1.096931355334531, 44.86335170539514], [-1.097314259314226, 44.86320516661019], [-1.097715513838313, 44.863086023891334], [-1.098131255099837, 44.86299542446749], [-1.098557479864512, 44.8629342407183], [-1.098990084001709, 44.8629030617782], [-1.099424901984627, 44.86290218786644], [-1.099857746980176, 44.862931627397856], [-1.100284451143502, 44.86299109690178], [-1.100700905730146, 44.86308002375031], [-1.101103100640509, 44.86319755166916], [-1.101487163016819, 44.863342548978856], [-1.101849394521676, 44.863513619486454], [-1.102186306939955, 44.8637091159236], [-1.102494655761767, 44.863927155801555], [-1.102771471423435, 44.86416563953119], [-1.103014087905866, 44.864422270633185], [-1.103220168414877, 44.86469457784505], [-1.103387727895963, 44.864979938911496], [-1.103515152166321, 44.86527560583009], [-1.103601213479256, 44.865578731309135], [-1.103645082370402, 44.86588639618315], [-1.103646335670758, 44.86619563752215], [-1.103604960608473, 44.86650347716449], [-1.103521354958812, 44.866806950397965], [-1.103396323239854, 44.86710313451362], [-1.103231068989516, 44.86738917695653], [-1.10302718319736, 44.86766232280299], [-1.102786629001672, 44.867919941298766], [-1.102511722798484, 44.86815955120278], [-1.102205111943902, 44.86837884469173], [-1.101869749264019, 44.86857570959541], [-1.101508864617766, 44.86874824974772], [-1.101125933786476, 44.86889480325739], [-1.100724644990043, 44.86901395852197], [-1.100308863352487, 44.86910456783044], [-1.099882593659724, 44.86916575842329], [-1.099449941768944, 44.86919694090312], [-1.099015075042093, 44.86919781491459], [-1.09858218218546, 44.86916837203908], [-1.098155432883174, 44.86910889587573], [-1.097738937614362, 44.86901995930842], [-1.097336708042012, 44.868902418984874], [-1.096952618355938, 44.86875740706125], [-1.096590367943041, 44.868586320292174], [-1.096253445745068, 44.86839080657087], [-1.09594509664774, 44.86817274905028], [-1.095668290225318, 44.86793424799759], [-1.095425692141838, 44.867677600557755], [-1.095219638484422, 44.867405278621185], [-1.095052113275682, 44.86711990500903], [-1.094924729381356, 44.86682422820579], [-1.094838712996506, 44.86652109588307], [-1.094794891858945, 44.86621342746936], [-1.094793687302523, 44.865904186030626], [-1.094835110225892, 44.86559634973239], [-1.094918761014511, 44.8652928831583], [-1.095043833415639, 44.86499670876147], [-1.095209122327963, 44.86471067872326], [-1.095413035429881, 44.86443754749069], [-1.095653608533611, 44.86417994525639], [-1.095928524516493, 44.86394035263658]]], [[[-1.113617782636937, 44.86526087620108], [-1.113924331896588, 44.86504155141842], [-1.114259631207012, 44.86484465033115], [-1.11462045158534, 44.86467206895489], [-1.115003318398761, 44.86452546910736], [-1.115404544816963, 44.86440626241317], [-1.115820267303468, 44.86431559671725], [-1.116246482804653, 44.86425434503736], [-1.116679087279007, 44.86422309716205], [-1.117113915196454, 44.86422215397439], [-1.11754677962826, 44.864251524556195], [-1.117973512542483, 44.864310926100764], [-1.11839000491792, 44.86439978663454], [-1.118792246291253, 44.864517250521814], [-1.119176363357488, 44.864662186699675], [-1.119538657252808, 44.86483319956386], [-1.119875639161541, 44.86502864240109], [-1.120184063904878, 44.865246633238826], [-1.120460961188291, 44.86548507296018], [-1.120703664206928, 44.86574166550976], [-1.120909835333494, 44.8660139399963], [-1.121077488641032, 44.8662992744798], [-1.121205009043339, 44.866594921213895], [-1.121291167868068, 44.866898033101386], [-1.121335134711847, 44.86720569110777], [-1.121336485462374, 44.86751493236933], [-1.121295206409269, 44.86782277872528], [-1.121211694403081, 44.86812626539887], [-1.121086753059902, 44.868422469551795], [-1.120921585047083, 44.86870853843626], [-1.120717780523424, 44.86898171687403], [-1.120477301844273, 44.869239373797015], [-1.120202464678095, 44.86947902759411], [-1.119895915715815, 44.869698370019364], [-1.119560607187158, 44.86989528843125], [-1.119199768429241, 44.87006788614836], [-1.118816874781194, 44.87021450072497], [-1.118415614104569, 44.87033371997048], [-1.117999851252376, 44.87042439555759], [-1.117573590829469, 44.870485654088455], [-1.117140938603673, 44.87051690551121], [-1.116706061940129, 44.87051784880653], [-1.116273149640853, 44.87048847488837], [-1.11584637157731, 44.8704290666917], [-1.115429838505762, 44.87034019644571], [-1.11502756245346, 44.87022272015932], [-1.115025927910621, 44.87022210339492], [-1.115047897532923, 44.87025949945121], [-1.115175395181278, 44.870555153481774], [-1.115261527533093, 44.87085827042892], [-1.115305464439818, 44.871165931209354], [-1.115306782077337, 44.87147517293265], [-1.115265467054068, 44.871783017433486], [-1.115181916566897, 44.87208649995299], [-1.115056934602457, 44.87238269769277], [-1.11489172421928, 44.87266875796682], [-1.114687875984222, 44.87294192567974], [-1.114447352673624, 44.873199569866756], [-1.114172470385842, 44.87343920903938], [-1.113865876246431, 44.87365853509248], [-1.1135305229203, 44.873855435542225], [-1.113169640176119, 44.87402801388015], [-1.11278670377676, 44.874174607847245], [-1.112385401995644, 44.87429380545136], [-1.111969600081782, 44.874384458573665], [-1.111543303016356, 44.87444569403266], [-1.111110616920212, 44.87447692199877], [-1.110675709484797, 44.874477841678555], [-1.110242769808581, 44.87444844421347], [-1.109815968026759, 44.87438901276528], [-1.109399415124063, 44.87430011978713], [-1.108997123318752, 44.87418262150692], [-1.108612967400219, 44.874037649675884], [-1.108250647393462, 44.87386660066243], [-1.1079136529107, 44.8736711219962], [-1.107605229534024, 44.87345309649252], [-1.107328347553257, 44.873214624110204], [-1.107085673360279, 44.872958001718146], [-1.106879543775329, 44.87268570096551], [-1.106711943552346, 44.87240034446954], [-1.106584486279548, 44.87210468054994], [-1.106498398858682, 44.87180155675428], [-1.1064666355312, 44.871578895148026], [-1.106438422683134, 44.871554594653325], [-1.106195759731942, 44.87129797045158], [-1.105989640556749, 44.87102566819042], [-1.105822049811248, 44.87074031050159], [-1.105694600992403, 44.87044464571632], [-1.105608520920573, 44.870141521390465], [-1.105564637946893, 44.869833856875616], [-1.105563374000686, 44.86952461520024], [-1.105604740552467, 44.869216774532205], [-1.105688338530461, 44.868913299497315], [-1.105813362190363, 44.86861711263022], [-1.105978606900087, 44.86833106623247], [-1.106182480763527, 44.86805791490865], [-1.106423019970577, 44.867800289044936], [-1.10669790772481, 44.86756066948509], [-1.107004496565946, 44.86734136364761], [-1.107339833871762, 44.86714448331358], [-1.107700690293609, 44.866971924298774], [-1.108083590851691, 44.866825348205595], [-1.108484848390851, 44.86670616642987], [-1.108900599075026, 44.86661552657662], [-1.109326839579151, 44.86655430141475], [-1.109759465621026, 44.86652308047746], [-1.110194311462946, 44.86652216438842], [-1.110627190003613, 44.866551561968556], [-1.111053933075243, 44.86661099015117], [-1.11147043155882, 44.86669987670622], [-1.11187267493218, 44.86681736574745], [-1.112256789871021, 44.866962325969695], [-1.112503170879727, 44.8670786423875], [-1.112524864321617, 44.86691704815592], [-1.112608421477127, 44.866613568134426], [-1.112733403516415, 44.86631737369373], [-1.112898606208203, 44.86603131720836], [-1.113102438060998, 44.8657581533801], [-1.113342935669209, 44.86550051271556], [-1.113617782636937, 44.86526087620108]]], [[[-1.091123068326409, 44.87505979328494], [-1.091398056914695, 44.87482021105486], [-1.091704745152039, 44.87460094696149], [-1.092040179459251, 44.874404112383864], [-1.092401129553803, 44.87423160269712], [-1.092784119554104, 44.87408507902866], [-1.093185461443943, 44.87396595226947], [-1.093601290575237, 44.873875369494776], [-1.094027602867735, 44.873814202923896], [-1.09446029334815, 44.87378304152587], [-1.094895195658427, 44.873782185351025], [-1.095328122153635, 44.873811642643396], [-1.095754904204283, 44.87387112976135], [-1.096171432316037, 44.8739600739073], [-1.096573695681393, 44.87407761864048], [-1.096957820783458, 44.87422263211948], [-1.097320108680832, 44.87439371799562], [-1.097657070615334, 44.87458922885259], [-1.097965461600179, 44.87480728206281], [-1.09824231166556, 44.87504577790872], [-1.098484954460926, 44.875302419794316], [-1.098691052938508, 44.875574736353286], [-1.09885862187054, 44.875860105240264], [-1.098986046982949, 44.87615577837751], [-1.099072100520664, 44.876458908413426], [-1.09911595309391, 44.87676657613857], [-1.09911718169056, 44.877075818595536], [-1.099075773776399, 44.87738365761185], [-1.098992127442822, 44.87768712848134], [-1.098867047599493, 44.87798330851771], [-1.098701738247612, 44.87826934520536], [-1.09849779090726, 44.87854248367597], [-1.098257169309382, 44.878800093246326], [-1.097982190499098, 44.87903969276125], [-1.097675502531783, 44.87925897449756], [-1.097635576107478, 44.8792824050696], [-1.097815255761362, 44.879472440545186], [-1.098021366298961, 44.87974475870521], [-1.098188944273551, 44.880030128977936], [-1.098316375323896, 44.880325803272314], [-1.098402431637643, 44.88062893422555], [-1.098446283798184, 44.88093660261939], [-1.098447508797259, 44.88124584548997], [-1.098406094135199, 44.88155368466082], [-1.09832243796828, 44.88185715542429], [-1.098197345300779, 44.882153335095126], [-1.098032020257317, 44.882439371161205], [-1.097828054509029, 44.8827125087602], [-1.097587411964086, 44.882970117217305], [-1.097312409869316, 44.88320971538803], [-1.097005696504326, 44.883428995562156], [-1.096670225682529, 44.88362584569763], [-1.096309228304486, 44.8837983697706], [-1.095926181237423, 44.88394490604467], [-1.095524773820939, 44.88406404308336], [-1.095108872321754, 44.88415463335124], [-1.094682482680482, 44.88421580427215], [-1.094249711909869, 44.88424696663817], [-1.093814728517123, 44.884247820287754], [-1.093381722332467, 44.88421835699837], [-1.092954864131794, 44.8841588605658], [-1.092538265443294, 44.884069904069136], [-1.092135938926207, 44.88395234434806], [-1.091751759704181, 44.88380731374565], [-1.091389428026531, 44.88363620919633], [-1.091052433617688, 44.883440678764636], [-1.090744022058789, 44.88322260576446], [-1.090467163525544, 44.88298409061205], [-1.090224524183681, 44.882727430588155], [-1.090018440517436, 44.88245509770436], [-1.089850896838138, 44.88216971488723], [-1.089723506189075, 44.881874030709945], [-1.089637494829997, 44.88157089291501], [-1.089593690449934, 44.88126322098365], [-1.089592514220967, 44.88095397801569], [-1.089633976768559, 44.88064614219128], [-1.089717678096215, 44.88034267808951], [-1.089842811464163, 44.88004650813965], [-1.090008171183681, 44.879760484480215], [-1.090212164251055, 44.87948736149676], [-1.090452825708256, 44.87922976930244], [-1.090727837581671, 44.878990188416736], [-1.091034551215904, 44.878770925885675], [-1.091074480031216, 44.87874749769058], [-1.090894825514835, 44.878557451353444], [-1.090688753903924, 44.87828512007063], [-1.090521219261501, 44.87799973863915], [-1.090393834543908, 44.877704055618764], [-1.090307825953866, 44.877400918740946], [-1.090264021153833, 44.877093247478], [-1.090262841320043, 44.87678400492334], [-1.090304297112778, 44.87647616925317], [-1.090387988600698, 44.87617270504509], [-1.090513109138884, 44.875876534729365], [-1.090678453162253, 44.875590510448085], [-1.090882427818318, 44.87531738659275], [-1.091123068326409, 44.87505979328494]]], [[[-1.10115753302468, 44.87750049859531], [-1.101464197786073, 44.87728120736524], [-1.101799613888346, 44.877084343143366], [-1.102160551224136, 44.876911801590325], [-1.10254353403459, 44.87676524414033], [-1.102944874372632, 44.8766460820097], [-1.103360707605048, 44.87655546261426], [-1.103787029612047, 44.876494258525966], [-1.10421973532678, 44.87646305907506], [-1.104654658244513, 44.87646216467833], [-1.105087610521915, 44.87649158394785], [-1.105514423281301, 44.876551033608074], [-1.105930986732717, 44.87663994122211], [-1.106333289728477, 44.87675745070096], [-1.10671745837019, 44.87690243054268], [-1.10707979329733, 44.87707348472253], [-1.107416805298977, 44.8772689661294], [-1.107725248906358, 44.877486992419335], [-1.108002153643053, 44.877725464134016], [-1.108244852632158, 44.87798208490989], [-1.108451008284861, 44.878254383583894], [-1.108618634822876, 44.878539737983], [-1.108746117417429, 44.87883540016904], [-1.108832227759906, 44.87913852289588], [-1.108876135913481, 44.8794461870246], [-1.108877418330721, 44.879755429632446], [-1.108836061959027, 44.88006327254554], [-1.108752464393312, 44.88036675102027], [-1.108627430073451, 44.88066294229718], [-1.108462162562078, 44.880948993752405], [-1.108258252976157, 44.88122215037551], [-1.108017664682853, 44.88147978130846], [-1.107742714406363, 44.88171940519039], [-1.107436049927079, 44.88193871406344], [-1.10710062458744, 44.88213559560919], [-1.106739668849792, 44.88230815350128], [-1.106356659180163, 44.88245472567758], [-1.105955284557811, 44.88257390035584], [-1.105539410933477, 44.882664529638056], [-1.105113043979191, 44.882725740572326], [-1.104680290489101, 44.8827569435653], [-1.104245318803921, 44.88275783806409], [-1.103812318641088, 44.882728415452696], [-1.103385460718497, 44.882668959135096], [-1.102968856561698, 44.882580041804005], [-1.102566518882664, 44.88246251992185], [-1.102182322912644, 44.88231752546724], [-1.101819969062374, 44.88214645502646], [-1.101482947269979, 44.88195095633552], [-1.101174503380489, 44.88173291240261], [-1.10089760788116, 44.88149442336407], [-1.100654927293913, 44.881237786249145], [-1.100448798500386, 44.88096547284883], [-1.100281206246682, 44.88068010590207], [-1.100153764044046, 44.88038443382927], [-1.100067698648855, 44.88008130425646], [-1.100023838270639, 44.87977363658568], [-1.100022604620843, 44.87946439387578], [-1.100064008877968, 44.87915655430455], [-1.100147651606889, 44.87885308248719], [-1.100272726632132, 44.878556900927364], [-1.100438028826779, 44.87827086187541], [-1.100641965741009, 44.87799771986521], [-1.100882572957443, 44.877740105193176], [-1.10115753302468, 44.87750049859531]]], [[[-1.096306398264933, 44.89995034002899], [-1.096613204654121, 44.8997310606581], [-1.096948771945778, 44.89953420970779], [-1.097309868576699, 44.89936168271087], [-1.097693017254221, 44.89921514096138], [-1.09809452843426, 44.899095995524455], [-1.098510535838757, 44.89900539365515], [-1.098937033671061, 44.898944207756635], [-1.099369915171581, 44.89891302698405], [-1.099805012143238, 44.898912151574315], [-1.10023813506703, 44.89894158995663], [-1.100665113422386, 44.89900105867144], [-1.101081835825063, 44.89908998509842], [-1.101484289597008, 44.8992075129674], [-1.101868599388111, 44.89935251059935], [-1.102231064478746, 44.899523581798235], [-1.102568194404583, 44.89971907928904], [-1.102876742561204, 44.89993712057295], [-1.10315373746524, 44.90017560604723], [-1.103396511371236, 44.90043223921584], [-1.103602725968597, 44.900704548796384], [-1.103770394910982, 44.900989912510745], [-1.103897902960791, 44.901285582331035], [-1.103984021563744, 44.90158871093762], [-1.104027920702908, 44.90189637913487], [-1.104029176917103, 44.90220562396085], [-1.103987777405512, 44.90251346722032], [-1.103904120177973, 44.90281694416624], [-1.103779010248451, 44.90311313205385], [-1.103613651907321, 44.90339917829197], [-1.103409637145948, 44.903672327920304], [-1.10316893034415, 44.90392995014818], [-1.102893849367286, 44.90416956369856], [-1.102587043254439, 44.90438886071303], [-1.102251466712134, 44.90458572898739], [-1.101890351659078, 44.904758272323114], [-1.101507176095883, 44.90490482879822], [-1.101105630599834, 44.9050239867817], [-1.100689582767738, 44.90511459853633], [-1.100263039949851, 44.90517579127905], [-1.099830110634538, 44.9052069755917], [-1.099394964856374, 44.90520785110136], [-1.098961794009968, 44.905178409374905], [-1.098534770457528, 44.905118934000456], [-1.098118007320195, 44.90502999785428], [-1.097715518841437, 44.90491245758004], [-1.097331181705122, 44.90476744533348], [-1.096968697681741, 44.904596357872265], [-1.096631557963196, 44.90440084309636], [-1.096323009530235, 44.90418278416887], [-1.096046023876844, 44.90394428137049], [-1.095803268392984, 44.90368763186309], [-1.095597080681298, 44.90341530755693], [-1.095429446054921, 44.903129931296036], [-1.095301978432714, 44.90283425159041], [-1.095215904815343, 44.90253111613962], [-1.095172053490969, 44.90222344440229], [-1.095170846083282, 44.9019141994764], [-1.095212293517488, 44.90160635956106], [-1.09529599594211, 44.90130288927477], [-1.095421146606286, 44.90100671110634], [-1.09558653965423, 44.9007206772735], [-1.095790581760815, 44.90044754225978], [-1.09603130749536, 44.90018993629425], [-1.096306398264933, 44.89995034002899]]], [[[-1.115895346105555, 44.90533091733069], [-1.116202105356978, 44.90511158350724], [-1.116537636096854, 44.9049146730696], [-1.116898707113672, 44.904742082123455], [-1.11728184136118, 44.90459547257866], [-1.117683349434043, 44.90447625615318], [-1.118099365083971, 44.90438558078566], [-1.118525882434826, 44.904324319586976], [-1.118958794539028, 44.90429306243731], [-1.119393932904831, 44.90429211030906], [-1.119827107614715, 44.9043214723701], [-1.120254147649582, 44.904380865895824], [-1.120670941031437, 44.90446971898984], [-1.121073474398963, 44.90458717608811], [-1.121457871635841, 44.904732106193116], [-1.12182043118066, 44.904903113759076], [-1.122157661659819, 44.90509855212371], [-1.122466315500882, 44.90531653935763], [-1.122743420203035, 44.90555497637862], [-1.122986306963719, 44.905811567157315], [-1.123192636385761, 44.90608384081957], [-1.123360421017217, 44.90636917543328], [-1.123488044506484, 44.906664823250914], [-1.123574277187624, 44.9069679371648], [-1.123618287945082, 44.90727559812095], [-1.123619652242667, 44.90758484322731], [-1.12357835623853, 44.907892694286], [-1.123494796945478, 44.908196186475074], [-1.123369778434054, 44.90849239690302], [-1.123204504113924, 44.90877847276172], [-1.123000565166944, 44.90905165880569], [-1.122972034176009, 44.90908220850086], [-1.123100934860113, 44.90910968238072], [-1.123503506599766, 44.909227130842474], [-1.123887941898977, 44.90937205274657], [-1.124250538829869, 44.909543052626155], [-1.124587805658883, 44.909738483893065], [-1.12489649446358, 44.909956464686175], [-1.125173632406467, 44.91019489598534], [-1.125416550364882, 44.910451481816324], [-1.125622908641196, 44.910723751352585], [-1.125790719505554, 44.91100908270181], [-1.125918366353667, 44.91130472814789], [-1.126004619294567, 44.91160784060602], [-1.126048647017492, 44.91191550103624], [-1.126050024822763, 44.91222474655157], [-1.126008738738328, 44.91253259895025], [-1.125925185681338, 44.91283609339739], [-1.125800169662157, 44.91313230697978], [-1.125634894066327, 44.913418386858936], [-1.125430950087878, 44.91369157775063], [-1.125190301424481, 44.91394924846692], [-1.124915265381137, 44.914188917263836], [-1.124608490563754, 44.91440827575093], [-1.124272931377077, 44.914605211132006], [-1.123911819572326, 44.914777826562194], [-1.123528633118563, 44.914924459425194], [-1.123127062697768, 44.91504369735421], [-1.122710976146682, 44.91513439184203], [-1.122284381188437, 44.91519566930868], [-1.121851386813614, 44.915226939519975], [-1.121416163683516, 44.91522790127555], [-1.120982903937942, 44.9151985453116], [-1.120555780795567, 44.915139154390125], [-1.120138908337021, 44.91505030057394], [-1.119736301859016, 44.914932839713714], [-1.119351839182275, 44.91478790320031], [-1.118989223286777, 44.914616887061946], [-1.118683299296995, 44.91443960717548], [-1.11867883134999, 44.91447288870678], [-1.118595235754819, 44.914776377820786], [-1.118470176714518, 44.91507258333078], [-1.118304858028977, 44.91535865247593], [-1.118100871307258, 44.91563183007538], [-1.117860180658758, 44.915889485069165], [-1.117585103792914, 44.9161291358647], [-1.1172782897089, 44.91634847424493], [-1.116942693189747, 44.916545387607236], [-1.116581546346346, 44.916717979318854], [-1.11619832748534, 44.916864586991885], [-1.115796727600943, 44.91698379850221], [-1.115380614813775, 44.91707446559703], [-1.114953997099747, 44.91713571496023], [-1.114520983668689, 44.917166956628336], [-1.114085745365498, 44.91716788967589], [-1.113652474476148, 44.91713850511561], [-1.113225344326659, 44.91707908598496], [-1.112808469065137, 44.91699020461847], [-1.112405864015258, 44.91687271713215], [-1.112021406983934, 44.916727755173326], [-1.111658800896694, 44.91655671501532], [-1.111345389913262, 44.916375068212915], [-1.111338924631657, 44.9164231788555], [-1.111255286427089, 44.916726662626836], [-1.111130184288682, 44.91702286005119], [-1.110964822431417, 44.91730891844551], [-1.11076079288018, 44.91758208273252], [-1.110520060156921, 44.917839721980414], [-1.110244942376381, 44.91807935474819], [-1.109938088931883, 44.918298672992414], [-1.109602454985651, 44.918495564304436], [-1.109241273009158, 44.918668132263775], [-1.108858021647538, 44.918814714711374], [-1.108456392208137, 44.91893389976601], [-1.108040253096334, 44.91902453942975], [-1.107613612541676, 44.91908576065069], [-1.107180579974056, 44.91911697373636], [-1.10674532642274, 44.919117878036694], [-1.106312044320599, 44.91908846484128], [-1.105884907101663, 44.91902901746339], [-1.105468028982116, 44.91894010850962], [-1.105065425313127, 44.91882259436175], [-1.104680973888253, 44.91867760692385], [-1.104318377578948, 44.91850654271468], [-1.103981128658745, 44.91831104941025], [-1.103672475160261, 44.918093009966846], [-1.103395389589455, 44.91785452447757], [-1.103152540298609, 44.91759788993757], [-1.102946265793768, 44.91732557811303], [-1.10277855222385, 44.91704021172776], [-1.102651014267831, 44.91674453919673], [-1.102564879603519, 44.91644140815042], [-1.102520977106718, 44.916133738005094], [-1.10251972889362, 44.91582449184346], [-1.102561146282062, 44.91551664787655], [-1.102644829709559, 44.91521317076193], [-1.102769972607826, 44.91491698305426], [-1.102935369195508, 44.91463093706314], [-1.103139426113047, 44.914357787389214], [-1.103380177786821, 44.91410016440274], [-1.103655305373831, 44.91386054891979], [-1.103962159103898, 44.91364124831952], [-1.104297783803821, 44.91344437433257], [-1.104658947357461, 44.9132718227136], [-1.105042171827664, 44.91312525499375], [-1.105443766940502, 44.91300608248824], [-1.10585986560975, 44.91291545271277], [-1.106286461160044, 44.9128542383392], [-1.106719445890985, 44.91282302879689], [-1.107154650611642, 44.91282212459976], [-1.10758788476568, 44.9128515344542], [-1.108014976761688, 44.912910975175386], [-1.108431814121374, 44.91299987441246], [-1.108834383059945, 44.91311737615714], [-1.109218807118518, 44.91326234898194], [-1.109581384477309, 44.91343339692971], [-1.109894773318076, 44.91361504854423], [-1.109901239514408, 44.913566938026776], [-1.109984880332787, 44.91326345556644], [-1.110109980135115, 44.91296725977033], [-1.110275333555041, 44.91268120302603], [-1.110479347648676, 44.91240804003779], [-1.11072005725474, 44.912150401304096], [-1.110995143935265, 44.91191076779264], [-1.111301958313905, 44.91169144705632], [-1.111637545596306, 44.911494551019636], [-1.111998674026542, 44.911321975649585], [-1.112381866005576, 44.91117538270607], [-1.112783431572254, 44.91105618374716], [-1.113199503924766, 44.91096552654327], [-1.113626076641081, 44.91090428403044], [-1.113941068216292, 44.910881557810995], [-1.113940107507461, 44.91065494734434], [-1.113981458423964, 44.91034709960969], [-1.114065072374607, 44.91004361437707], [-1.114190143460249, 44.909747414279366], [-1.114355466591126, 44.909461351745584], [-1.114559449115057, 44.909188181535725], [-1.114800126174777, 44.90893053421789], [-1.115075179645723, 44.90869089084248], [-1.115110516791728, 44.90866562681405], [-1.115019419823141, 44.9085106683849], [-1.114891836755651, 44.908215010674624], [-1.114805649059318, 44.90791188990841], [-1.114761686120955, 44.90760422540356], [-1.114760370639093, 44.90729498018857], [-1.114801714579619, 44.90698713246542], [-1.11488531908756, 44.90668364692793], [-1.115010378354786, 44.90638744621194], [-1.115175687405412, 44.90610138275238], [-1.115379653722907, 44.90582821131825], [-1.115620312606119, 44.905570562489366], [-1.115895346105555, 44.90533091733069]]], [[[-1.100809814203941, 44.92116007783673], [-1.101084987392265, 44.92092046820389], [-1.101391889785059, 44.92070117423089], [-1.101727565740521, 44.920504307584544], [-1.102088782648968, 44.920331763948795], [-1.102472062059523, 44.92018520477792], [-1.102873713169286, 44.920066041304814], [-1.103289868352907, 44.919975420958174], [-1.103716520390931, 44.919914216319135], [-1.104149561039133, 44.919883016723254], [-1.10458482056825, 44.919882122588696], [-1.105018107894288, 44.919911542524986], [-1.105445250913927, 44.919970993250175], [-1.105862136657634, 44.92005990231715], [-1.106264750874778, 44.92017741362289], [-1.106649216670508, 44.920322395647894], [-1.107011831823151, 44.92049345234639], [-1.107349104423484, 44.92068893658306], [-1.107657786493241, 44.92090696598668], [-1.107934905259489, 44.92114544106897], [-1.108177791783889, 44.921402065433995], [-1.108384106671155, 44.9216743678841], [-1.108551862608882, 44.92195972620992], [-1.108679443521345, 44.92225539243547], [-1.108765620152171, 44.922558519275746], [-1.108809561925137, 44.922866187552216], [-1.108810844967975, 44.923175434302145], [-1.108769456220971, 44.92348328131184], [-1.108685793589762, 44.92378676379815], [-1.108560662139835, 44.92408295896303], [-1.108395266368331, 44.924369014145164], [-1.108191198626656, 44.92464217429817], [-1.107950423804493, 44.924899808530036], [-1.107675260421994, 44.92513943544812], [-1.10736835831166, 44.92535874706529], [-1.107032673104441, 44.92555563103669], [-1.106671437765559, 44.92572819101256], [-1.106288131454164, 44.92587476491071], [-1.106078132253779, 44.92593706979951], [-1.106219433695074, 44.926018963003294], [-1.106528140704073, 44.92623699589523], [-1.106805280998985, 44.92647547417778], [-1.1070481854341, 44.92673210142415], [-1.107254514441567, 44.92700440640896], [-1.10742228057291, 44.92728976689844], [-1.107549867654124, 44.92758543489575], [-1.107636046369303, 44.927888563098826], [-1.107679986122023, 44.92819623231595], [-1.107681263059336, 44.92850547957544], [-1.107639864180193, 44.92881332665857], [-1.107556187487683, 44.92911680878154], [-1.107431038182592, 44.92941300314976], [-1.107265620933919, 44.929699057109595], [-1.107061528299825, 44.92997221562647], [-1.106820725409661, 44.930229847824066], [-1.106545531053856, 44.93046947232934], [-1.106238595363195, 44.930688781178375], [-1.105902874292044, 44.93088566205301], [-1.105541601151057, 44.93105821863332], [-1.105158255463511, 44.931204788869756], [-1.10475652944539, 44.931323960998775], [-1.104340292432444, 44.931414587146904], [-1.103913553597355, 44.93147579439242], [-1.103480423316822, 44.931506993177486], [-1.103045073561458, 44.93150788298977], [-1.102611697690943, 44.93147845525839], [-1.102184470042638, 44.931418993436665], [-1.101767505703877, 44.93133007027029], [-1.10136482085639, 44.93121254227796], [-1.100980294075699, 44.93106754149712], [-1.100617628959099, 44.93089646457498], [-1.100280318442831, 44.93070095931004], [-1.099971611152717, 44.93048290877376], [-1.099694480112693, 44.930244413166136], [-1.09945159411281, 44.92998776957968], [-1.099245292012463, 44.92971544986775], [-1.099077560226105, 44.92943007683007], [-1.098950013607881, 44.9291343989457], [-1.098863879918725, 44.928831263896626], [-1.098819988024739, 44.928523591137676], [-1.098818759939684, 44.928214343776666], [-1.098860206787246, 44.9279065000362], [-1.098943928720936, 44.927603024571596], [-1.099069118801375, 44.92730683992163], [-1.099234570792591, 44.92702079836639], [-1.099438690801286, 44.92674765446383], [-1.099679512646118, 44.92649003852859], [-1.099954716808241, 44.926250431308794], [-1.100261652780018, 44.92603114010406], [-1.100597364596281, 44.925834276554504], [-1.100958619302035, 44.92566173631429], [-1.10134193808246, 44.92551518080494], [-1.1015519409635, 44.92545288487239], [-1.101410647762257, 44.92537098574912], [-1.101101965410039, 44.92515293870133], [-1.100824855895549, 44.924914446294004], [-1.100581987801584, 44.92465780558885], [-1.10037569981516, 44.92438548841147], [-1.100207978214896, 44.92410011753719], [-1.10008043775695, 44.923804441424245], [-1.09999430614305, 44.923501307737546], [-1.099950412219443, 44.92319363591883], [-1.099949178019572, 44.92288438906684], [-1.099990614726146, 44.922576545399274], [-1.100074322590466, 44.922273069570814], [-1.100199494808764, 44.92197688412369], [-1.100364925317192, 44.92169084134571], [-1.100569020429423, 44.92141769580659], [-1.100809814203941, 44.92116007783673]]], [[[-1.083603420506542, 44.788200040005066], [-1.083909666712184, 44.787980803688576], [-1.084244611601423, 44.787783998268665], [-1.084605029604821, 44.787611518839725], [-1.084987449964425, 44.78746502623777], [-1.0853881901489, 44.787345931054695], [-1.085803391303495, 44.78725538006169], [-1.086229055394001, 44.78719424517201], [-1.086661083687736, 44.78716311504969], [-1.087095316201774, 44.787162289443906], [-1.087527571739527, 44.78719177630435], [-1.087953688131043, 44.787251291704635], [-1.088369562290596, 44.78734026257488], [-1.088771189706719, 44.787457832216965], [-1.089154702985424, 44.7876028685496], [-1.08951640907618, 44.787773975004], [-1.089852824822953, 44.787969503965684], [-1.090160710498479, 44.78818757263267], [-1.090437100999202, 44.78842608113851], [-1.090679334400707, 44.78868273276527], [-1.090885077598598, 44.78895505605272], [-1.091052348787719, 44.78924042859066], [-1.09117953656285, 44.789536102266155], [-1.091265415456315, 44.789839229722325], [-1.091309157762204, 44.79014689177454], [-1.091310341532411, 44.790456125519974], [-1.091268954666583, 44.79076395286996], [-1.091185395055559, 44.791067409230656], [-1.091060466775873, 44.79136357205551], [-1.090895372370962, 44.791649588994595], [-1.090691701292489, 44.791922705369785], [-1.090451414612165, 44.792180290710654], [-1.090176826150644, 44.7924198640954], [-1.089870580204596, 44.79263911805248], [-1.089535626086078, 44.79283594079241], [-1.089175189719203, 44.793008436555176], [-1.088792742567624, 44.793154943877056], [-1.088391968192273, 44.79327405160051], [-1.087976726761841, 44.79336461247246], [-1.087551017858312, 44.7934257541999], [-1.08711894193651, 44.79345688785614], [-1.086684660809679, 44.793457713556116], [-1.08625235754257, 44.79342822334656], [-1.085826196139347, 44.79336870128254], [-1.085410281415514, 44.79327972069004], [-1.085008619441394, 44.79316213864078], [-1.084625078939024, 44.793017087692895], [-1.084263354005125, 44.792845964976735], [-1.08392692851986, 44.79265041873182], [-1.083619042584741, 44.792432332424255], [-1.083342661313297, 44.79219380659839], [-1.08310044627527, 44.791937138637806], [-1.082894729869355, 44.79166480063042], [-1.082727492871108, 44.79137941555208], [-1.082600345371816, 44.791083731997674], [-1.082514511291371, 44.790780597703716], [-1.08247081661355, 44.79047293211761], [-1.082469681456136, 44.790163698277965], [-1.082511116051319, 44.789855874277094], [-1.082594720674048, 44.789552424580116], [-1.082719689518019, 44.789256271477555], [-1.082884818480923, 44.788970266945626], [-1.083088516783062, 44.78869716518572], [-1.083328822306529, 44.78843959610656], [-1.083603420506542, 44.788200040005066]]], [[[-1.057823340057578, 44.80612926318577], [-1.058129784467817, 44.80591009674978], [-1.058464926425549, 44.80571336801749], [-1.058825538463996, 44.80554097134473], [-1.05920814795713, 44.80539456677062], [-1.059609070552788, 44.80527556403937], [-1.060024445640136, 44.80518510903188], [-1.060450273510525, 44.80512407273722], [-1.060882453854568, 44.80509304287], [-1.061316825225547, 44.80509231821406], [-1.061749205090049, 44.80512190574704], [-1.062175430081142, 44.80518152057322], [-1.062591396067464, 44.80527058866534], [-1.062993097653332, 44.80538825238907], [-1.063376666730453, 44.805533378757225], [-1.0637384097108, 44.80570457033408], [-1.064074843082826, 44.80590017868538], [-1.064382726949164, 44.806118320244614], [-1.064659096223229, 44.80635689444338], [-1.064901289184495, 44.80661360393107], [-1.065106973117436, 44.80688597669013], [-1.065274166787024, 44.807171389833854], [-1.065401259533953, 44.80746709485815], [-1.065487026805097, 44.807770244104084], [-1.065530641968939, 44.808077918177034], [-1.06553168430129, 44.808387154058224], [-1.065490143063477, 44.8086949736383], [-1.065406417632669, 44.808998412398054], [-1.065281313682094, 44.80929454796026], [-1.065116035446881, 44.80958052823746], [-1.064912174149076, 44.80985359890443], [-1.064671692692441, 44.81011112993088], [-1.064396906773677, 44.810350640917996], [-1.064090462591435, 44.81056982499512], [-1.06375531136735, 44.81076657104569], [-1.063394680924305, 44.81093898404836], [-1.063168046456244, 44.8110257080494], [-1.063313271708674, 44.81106824152117], [-1.063696880372915, 44.811213367058876], [-1.064058660883512, 44.81138455791787], [-1.064395129367538, 44.81158016567073], [-1.064703045589512, 44.81179830675683], [-1.064979444151254, 44.81203688061223], [-1.065221663050161, 44.812293589889684], [-1.065427369320864, 44.81256596257363], [-1.065594581513137, 44.81285137577813], [-1.065721688789194, 44.81314708099844], [-1.065807466455875, 44.81345023057382], [-1.065851087781415, 44.813757905106435], [-1.065852131982151, 44.8140671415731], [-1.065810588301271, 44.81437496185881], [-1.065726856139336, 44.81467840143758], [-1.065601741234262, 44.81497453792428], [-1.065436447926555, 44.81526051922255], [-1.065232567583317, 44.81553359099736], [-1.064992063291639, 44.815791123207724], [-1.064717250968076, 44.81603063544341], [-1.064410777065541, 44.81624982082177], [-1.064075593091883, 44.81644656821372], [-1.063714927185403, 44.816618982584934], [-1.063332253020983, 44.816765403255616], [-1.062931256346518, 44.81688441990277], [-1.062515799472293, 44.81697488615051], [-1.062089884055874, 44.817035930617344], [-1.061657612541636, 44.817066965313295], [-1.061223148627151, 44.817067691306576], [-1.060790677138105, 44.81703810160428], [-1.060364363699224, 44.816978481219785], [-1.05994831459057, 44.81688940442613], [-1.05954653717691, 44.816771729221685], [-1.059162901292128, 44.816626589061805], [-1.058919131141776, 44.81651123479196], [-1.058705360628678, 44.81663669643537], [-1.05834467702872, 44.81680909335808], [-1.058133060458494, 44.81689004991506], [-1.05826372430465, 44.81692832168031], [-1.058647359926955, 44.81707346496424], [-1.059009162778119, 44.8172446726266], [-1.059345648770039, 44.81744029607824], [-1.059653577498567, 44.817658451607265], [-1.059929983444987, 44.8178970385107], [-1.060172204535462, 44.8181537593156], [-1.060377907783379, 44.818426141895394], [-1.060545111767468, 44.81871156326882], [-1.060672205728826, 44.81900727485247], [-1.060757965102347, 44.81931042892426], [-1.060801563332273, 44.81961810604304], [-1.060802579857201, 44.819927343160664], [-1.060761004186709, 44.82023516215586], [-1.060677236029304, 44.820538598515014], [-1.060552081469463, 44.82083472988399], [-1.060386745229512, 44.82112070421567], [-1.060182819089972, 44.821393767242114], [-1.059942266578974, 44.821651289006525], [-1.059667404077477, 44.82189078919931], [-1.05936087852169, 44.822109961053755], [-1.059025641917004, 44.82230669357101], [-1.058664922908699, 44.82247909186005], [-1.058282195683196, 44.822625495395926], [-1.057881146499551, 44.82274449402068], [-1.057465638173909, 44.82283494153208], [-1.057039672859513, 44.822895966728964], [-1.056607353481453, 44.822926981807086], [-1.056172844198413, 44.82292768802357], [-1.055740330273153, 44.822898078575996], [-1.055313977739207, 44.822838438667986], [-1.054897893253249, 44.822749342760574], [-1.054496084520818, 44.822631649036246], [-1.054112421677456, 44.822486491128736], [-1.053750599998054, 44.82231526719863], [-1.053414104294274, 44.82211962646022], [-1.053106175343486, 44.821901453289755], [-1.052829778672947, 44.82166284906811], [-1.052587576000028, 44.82140611193382], [-1.052381899603564, 44.821133714640915], [-1.052214729872941, 44.82084828073611], [-1.052087676250718, 44.82055255928439], [-1.052001961751793, 44.820249398387084], [-1.051958411207417, 44.819941717747625], [-1.051957443346464, 44.819632480549394], [-1.051999066789227, 44.81932466491687], [-1.052082879991337, 44.819021235234345], [-1.052208075137276, 44.81872511359944], [-1.052373445945016, 44.81843915168519], [-1.052577399305615, 44.81816610328232], [-1.052817970644851, 44.817908597785646], [-1.053092842858209, 44.817669114879635], [-1.053399368636255, 44.817449960666664], [-1.053734595965061, 44.8172532454676], [-1.05409529655581, 44.817080863507975], [-1.054306919660362, 44.81699991464804], [-1.054176258342344, 44.81696163822159], [-1.05379263503055, 44.816816479481844], [-1.053534171485569, 44.81669415449371], [-1.053325127231444, 44.8168168248753], [-1.052964425973061, 44.816989204315654], [-1.0525817212841, 44.81713558791977], [-1.052180699206586, 44.81725456572165], [-1.051765222295596, 44.8173449917196], [-1.051339292401771, 44.81740599491973], [-1.050907012108998, 44.81743698772964], [-1.050472545199434, 44.817437671620944], [-1.050040076527622, 44.81740804000626], [-1.049613771691127, 44.81734837830273], [-1.049197736887105, 44.817259261181334], [-1.048795979342461, 44.817141547028896], [-1.048412368699603, 44.816996369675884], [-1.048169149535713, 44.816881242892094], [-1.047954894740638, 44.81700695307351], [-1.04759417579188, 44.817179315063775], [-1.047363915870839, 44.81726737451009], [-1.047504282980815, 44.81730850404048], [-1.047887893408448, 44.81745368454863], [-1.048249665927728, 44.817624927320786], [-1.048586116742491, 44.8178205834297], [-1.04889400578718, 44.818038768848986], [-1.049170367925064, 44.81827738258782], [-1.049412541504017, 44.818534126914805], [-1.04961819399481, 44.818806529476824], [-1.049785344464823, 44.8190919671001], [-1.049912382670384, 44.81938769104473], [-1.04999808458323, 44.81969085346947], [-1.050041624200897, 44.8199985348527], [-1.050042581526406, 44.82030777210518], [-1.050000946639443, 44.820615587104186], [-1.049917119818833, 44.82091901537455], [-1.049791907714073, 44.821215134640006], [-1.049626515601775, 44.82150109296992], [-1.04942253580067, 44.82177413625038], [-1.049181932355833, 44.82203163471476], [-1.048907022138915, 44.8222711082778], [-1.048600452545837, 44.822490250429226], [-1.048265176006281, 44.822686950456294], [-1.047904421550314, 44.822859313780846], [-1.047678464288699, 44.822945719990784], [-1.047824457193624, 44.8229884932277], [-1.048208107221105, 44.823133672902706], [-1.048456318172727, 44.82325114956613], [-1.048674547160555, 44.82312311989221], [-1.049035300947917, 44.82295075404854], [-1.049418054475835, 44.8228043823956], [-1.049819122005394, 44.82268541436064], [-1.050234641530394, 44.822594995490434], [-1.050660611951634, 44.822533996426095], [-1.05109293158735, 44.82250300452372], [-1.051527437649827, 44.82250231820159], [-1.051959946308936, 44.82253194406827], [-1.052386292957775, 44.822591596858864], [-1.052802372293689, 44.8226807021806], [-1.053204177829639, 44.82279840204066], [-1.053587840456425, 44.822943563103884], [-1.053949665685183, 44.82311478760044], [-1.054286169212277, 44.82331042677909], [-1.054594110464625, 44.82352859677647], [-1.054870523802813, 44.823767196750275], [-1.055112747081697, 44.8240239291017], [-1.055318447293453, 44.82429632159296], [-1.055485643045895, 44.82458175114731], [-1.055612723659227, 44.824877469102546], [-1.055698464696722, 44.82518062767518], [-1.055742039779036, 44.825488307380695], [-1.055743028567532, 44.82579754514603], [-1.055701420838755, 44.82610536284358], [-1.055617616609827, 44.82640879597225], [-1.055492422312509, 44.826704922208975], [-1.055327043051749, 44.826990889556015], [-1.055123071022343, 44.82726394381268], [-1.054882470194357, 44.82752145510663], [-1.054607557414095, 44.82776094322906], [-1.054300980102039, 44.827980101529505], [-1.053965690762108, 44.82817681913967], [-1.053604918547569, 44.82834920131206], [-1.053222138157385, 44.82849558767697], [-1.052821036362774, 44.828614568241825], [-1.05240547648672, 44.82870499697831], [-1.051979461179095, 44.82876600286617], [-1.051547093846623, 44.82879699828707], [-1.051112539109975, 44.828797684687494], [-1.050679982669803, 44.82876805545593], [-1.050253590969207, 44.82870839598652], [-1.049837471042159, 44.828619280928734], [-1.04943563093559, 44.828501568649536], [-1.049051941087229, 44.82835639296134], [-1.048803706339461, 44.82823891743204], [-1.048585457777937, 44.82836694757659], [-1.048224667838336, 44.8285393122663], [-1.048018332732828, 44.82861820791985], [-1.048011943297408, 44.82864132960191], [-1.048104633471133, 44.82866848312138], [-1.048488323003054, 44.828813662100195], [-1.048850170490637, 44.82898490355901], [-1.049186691415853, 44.82918055858324], [-1.049494645038007, 44.82939874315693], [-1.049771065598466, 44.82963735629741], [-1.050013290882419, 44.82989410027905], [-1.05021898786259, 44.83016650275208], [-1.050386175177757, 44.83045194054358], [-1.050513242229216, 44.830747664911996], [-1.050598964710673, 44.831050828012074], [-1.050642516421321, 44.83135851031563], [-1.050643477247442, 44.83166774872459], [-1.050601837234727, 44.831975565105125], [-1.050517996711085, 44.83227899496875], [-1.050392762457712, 44.83257511602381], [-1.050227339964284, 44.83286107632249], [-1.050023321841908, 44.8331341217319], [-1.049782672504547, 44.83339162246492], [-1.049507709265702, 44.833631098414436], [-1.049201080031858, 44.83385024304717], [-1.048865737807059, 44.83404694562649], [-1.048504912254001, 44.83421931154965], [-1.048335431500522, 44.83428410949617], [-1.048324171656031, 44.83432485272314], [-1.048404808768863, 44.834348472702494], [-1.048788537864808, 44.83449365091457], [-1.049150422847799, 44.83466489171427], [-1.04948697883877, 44.834860546193354], [-1.049794964759355, 44.83507873034113], [-1.050071414539878, 44.83531734317904], [-1.050313665684097, 44.835574086984344], [-1.050519384915641, 44.83584648940897], [-1.050686590658922, 44.836131927280505], [-1.050813672137667, 44.83642765185661], [-1.050899404906524, 44.836730815289975], [-1.050942962665484, 44.83703849804933], [-1.050943925242441, 44.83734773703211], [-1.050902282666088, 44.837655554099015], [-1.050818435288877, 44.83795898475492], [-1.050693189957878, 44.83825510670057], [-1.050527752269327, 44.838541067979534], [-1.050323714980568, 44.83881411444955], [-1.050083042690059, 44.8390716163132], [-1.049808052932295, 44.83931109345252], [-1.049501393869117, 44.8395302393228], [-1.049166018791839, 44.83972694317544], [-1.048805157679562, 44.83989931039546], [-1.048422286087573, 44.84004568075713], [-1.048021091665641, 44.84016464442203], [-1.047605438629066, 44.84025505552461], [-1.047179330525194, 44.84031604321446], [-1.046746871654726, 44.84034702004854], [-1.046312227520194, 44.84034768765238], [-1.045879584683487, 44.84031803959547], [-1.045689375812597, 44.840291423173234], [-1.045693235985533, 44.84031870710772], [-1.045694169721747, 44.84062794646691], [-1.045652495949667, 44.840935761893164], [-1.045568615322118, 44.841239188907196], [-1.045443335006346, 44.84153530524472], [-1.045277860935495, 44.84182125900336], [-1.045073786217295, 44.84209429611316], [-1.044833075810702, 44.8423517868669], [-1.044558047617345, 44.842591251253594], [-1.044251350169298, 44.84281038285129], [-1.043915937127631, 44.843007071048866], [-1.043555038837172, 44.84317942138213], [-1.04317213121137, 44.843325773787974], [-1.042770902247145, 44.843444718600935], [-1.042355216492581, 44.84353511013701], [-1.041929077810236, 44.843596077734276], [-1.041496590795409, 44.84362703414323], [-1.041061921221777, 44.84362768118613], [-1.040629255896306, 44.843598012630515], [-1.04020276231105, 44.843538314249344], [-1.039786548481461, 44.84344916106689], [-1.039384623359012, 44.84333141181731], [-1.039000858200319, 44.84318620066914], [-1.038638949265696, 44.84301492629577], [-1.038302382207071, 44.84281923839735], [-1.037994398488841, 44.84260102180426], [-1.037717964165436, 44.84236237831569], [-1.037475741316483, 44.842105606448214], [-1.03727006241468, 44.84183317929041], [-1.03710290787303, 44.841547720676516], [-1.036975886987264, 44.84125197990943], [-1.036890222456426, 44.84094880527641], [-1.03684673862997, 44.84064111661311], [-1.036846733099131, 44.84063918409989], [-1.036448739831877, 44.840696107320795], [-1.036016272123175, 44.84072704234568], [-1.03558162492519, 44.840727667925506], [-1.03514898482932, 44.84069797803462], [-1.034722519084561, 44.840638258651445], [-1.034306335438139, 44.840549085002564], [-1.033904442550731, 44.84043131601925], [-1.033520711368396, 44.840286086060125], [-1.033158837824112, 44.840114793979744], [-1.032822307228863, 44.83991908964881], [-1.032514360695772, 44.83970085805598], [-1.03223796392106, 44.83946220114484], [-1.031995778622659, 44.839205417561274], [-1.031790136911569, 44.83893298050668], [-1.031623018842587, 44.838647513910544], [-1.031496033360172, 44.838351767152645], [-1.031410402822424, 44.83804858857793], [-1.031366951251451, 44.837740898059884], [-1.031366096422451, 44.83743165887702], [-1.031407845866714, 44.837123849172684], [-1.031480220270111, 44.83686227350631], [-1.031374434973402, 44.83683126967335], [-1.030990734919279, 44.83668603113769], [-1.030628892276105, 44.83651473100984], [-1.030292392057191, 44.836319019238005], [-1.029984475083061, 44.836100780882525], [-1.02970810676522, 44.83586211795206], [-1.029465948547516, 44.835605329150525], [-1.029260332280143, 44.83533288772947], [-1.02916293973899, 44.83516649930417], [-1.029032313677512, 44.835148198412945], [-1.028616179730172, 44.83505900358671], [-1.02821433804136, 44.83494121421033], [-1.027830659063891, 44.83479596483884], [-1.027468838227824, 44.834624654513775], [-1.027132360336388, 44.83442893328154], [-1.026824465995013, 44.834210686293595], [-1.026548120397182, 44.83397201564178], [-1.026305984767895, 44.833715220104274], [-1.026100390739769, 44.83344277299758], [-1.025933317908378, 44.83315729834804], [-1.025806374782546, 44.83286154561289], [-1.025720783312509, 44.83255836319462], [-1.025677367144223, 44.83225067100374], [-1.025676543712051, 44.831941432334766], [-1.02571832024505, 44.83163362532613], [-1.025794564008481, 44.83135814324895], [-1.025634328945709, 44.83131116696356], [-1.025250681425099, 44.83116590884533], [-1.024888891830245, 44.83099459031289], [-1.024552444663428, 44.83079886149173], [-1.02424458023412, 44.83058060760636], [-1.023968263447691, 44.830341930815045], [-1.023726155251639, 44.830085129955116], [-1.023520587014379, 44.829812678394305], [-1.023353538083119, 44.82952720020184], [-1.023226616736537, 44.829231444869066], [-1.023141044715177, 44.828928260823474], [-1.023097645477759, 44.82862056799125], [-1.02309683629567, 44.828311329673056], [-1.023138624260825, 44.828003524003904], [-1.023222606244296, 44.82770011527202], [-1.023347972805104, 44.82740402537302], [-1.023513516010504, 44.827118105674195], [-1.023717641091475, 44.82684510955955], [-1.023958381820342, 44.826587665920236], [-1.024233419461661, 44.826348253844934], [-1.024540105113297, 44.82612917875384], [-1.024875485222162, 44.82593255020581], [-1.025236330028628, 44.82576026159196], [-1.025477811100004, 44.82566798651286], [-1.025482732453017, 44.825650203317245], [-1.025608082531961, 44.82535411106538], [-1.02577360819909, 44.825068188188474], [-1.025977714854297, 44.82479518810119], [-1.026218436447351, 44.82453773973295], [-1.026493454427077, 44.82429832221795], [-1.026800120080665, 44.82407924102879], [-1.027135480047577, 44.823882605783076], [-1.027496304762119, 44.82371030993638], [-1.027879119550762, 44.82356401255685], [-1.028280238084949, 44.82344512235646], [-1.028695797867562, 44.82335478413255], [-1.029121797411926, 44.82329386774963], [-1.029554134755971, 44.823262959767675], [-1.029988646941536, 44.82326235779692], [-1.030421150079543, 44.8232920676337], [-1.030847479616209, 44.82335180320458], [-1.031263530413547, 44.823440989319685], [-1.03166529625917, 44.82355876720826], [-1.032048908425858, 44.82370400278377], [-1.032301821235792, 44.82382375673694], [-1.032525246580143, 44.8236927344119], [-1.032886053549896, 44.823520421048485], [-1.03313066482622, 44.8234269244607], [-1.032974967439893, 44.82338128421324], [-1.032591355082854, 44.82323605185511], [-1.032229594162674, 44.82306475770543], [-1.031893168905526, 44.822869051654834], [-1.03158531940997, 44.82265081870854], [-1.031309010437681, 44.822412160823134], [-1.031066902861072, 44.82215537665391], [-1.030861328042787, 44.82188293940784], [-1.03069426539363, 44.82159747301634], [-1.030567323324623, 44.82130172685713], [-1.030481723776115, 44.820998549269405], [-1.030438290472159, 44.82069086011717], [-1.030437441012441, 44.8203816226657], [-1.030479182876973, 44.820073815041724], [-1.030563113380965, 44.81977040155235], [-1.030688423579352, 44.81947430413902], [-1.03085390608228, 44.81918837424144], [-1.031057966705378, 44.818915365341915], [-1.031298639841734, 44.818657906454696], [-1.031573607406815, 44.81841847681537], [-1.03188022117327, 44.81819938201326], [-1.032215528280173, 44.81800273179711], [-1.032576299670784, 44.81783041976662], [-1.032959061184977, 44.817684105145844], [-1.033360127007095, 44.81756519681272], [-1.033775635147504, 44.817474839739226], [-1.034201584616696, 44.8174139039714], [-1.034633873934684, 44.81738297625583], [-1.035068340605663, 44.817382354392784], [-1.035500801178737, 44.817412044370144], [-1.035927091509921, 44.81747176030571], [-1.036343106838696, 44.81756092719865], [-1.036744841294184, 44.817678686463296], [-1.037128426451431, 44.81782390419248], [-1.037385777547624, 44.81794575517406], [-1.037595294827719, 44.817822860190795], [-1.037956048568841, 44.817650530676396], [-1.038338794851586, 44.817504197503716], [-1.038739848006905, 44.81738526972941], [-1.039155346167076, 44.81729489251261], [-1.039581288438655, 44.8172339360933], [-1.040013573410925, 44.817202987416984], [-1.040448038629912, 44.8172023444857], [-1.0408805006587, 44.81723201349022], [-1.041306795339296, 44.817291708750304], [-1.041722817869329, 44.81738085546417], [-1.042124562308613, 44.81749859524051], [-1.042508160136111, 44.81764379435973], [-1.042756354058197, 44.81776129261686], [-1.042975061859646, 44.81763298860465], [-1.043335797885532, 44.81746064160771], [-1.043566064909449, 44.81737259051639], [-1.043425700521619, 44.81733145600229], [-1.043042102455469, 44.81718626007078], [-1.042680348627445, 44.81701500034228], [-1.04234392319553, 44.81681932637589], [-1.042036066260119, 44.81660112286784], [-1.041759742654724, 44.8163624914912], [-1.041517613392891, 44.816105730645994], [-1.041312010046335, 44.81583331331459], [-1.041144912300841, 44.81554786323664], [-1.041017928905665, 44.815252129632825], [-1.040932282199379, 44.814948960721416], [-1.040888796360399, 44.814641276283], [-1.040887889494544, 44.81433203953749], [-1.04092956963482, 44.814024228604865], [-1.041013434690998, 44.81372080782417], [-1.041138676348373, 44.81342469920716], [-1.041304087877206, 44.81313875430148], [-1.041508075776619, 44.812865726733975], [-1.041748675140003, 44.81260824569882], [-1.042023568593182, 44.812368790644804], [-1.042330108622394, 44.812149667406125], [-1.042665343076659, 44.811952986005316], [-1.043026043598706, 44.81178064034246], [-1.043408736710688, 44.8116342899654], [-1.04380973725546, 44.811515344096485], [-1.044225183871807, 44.811424948069075], [-1.044651076162503, 44.811363972304335], [-1.045083313198007, 44.81133300393398], [-1.04551773298584, 44.81133234114971], [-1.045950152526465, 44.81136199033344], [-1.046376408070949, 44.81142166599579], [-1.046792395193721, 44.81151079352372], [-1.047194108295516, 44.8116285147106], [-1.047577679157051, 44.8117736960159], [-1.047820875008451, 44.81188882390001], [-1.048035110593905, 44.811763114192374], [-1.048395793431828, 44.81159075108033], [-1.048778471268724, 44.8114443821878], [-1.049179459094473, 44.81132541691537], [-1.04959489567028, 44.81123500078331], [-1.050020780695557, 44.81117400440628], [-1.050453013310694, 44.81114301511455], [-1.050887431565757, 44.81114233130128], [-1.051319852475969, 44.81117195955084], [-1.051746112279216, 44.81123161457539], [-1.052162106508945, 44.81132072196068], [-1.052563829497497, 44.81143842369399], [-1.052947412930438, 44.811583586422145], [-1.053205851698386, 44.811705912568456], [-1.053414877204819, 44.81158324262114], [-1.053775542390571, 44.81141086202761], [-1.054158204992752, 44.81126447458527], [-1.054559180147882, 44.81114548987335], [-1.054974606739116, 44.811055053599276], [-1.055400484561967, 44.810994036571685], [-1.05583271282615, 44.810963026319676], [-1.056267129623606, 44.81096232143823], [-1.056699551983591, 44.81099192871457], [-1.057125816130045, 44.8110515630629], [-1.057541817554618, 44.81114065026791], [-1.057943550520411, 44.8112583325113], [-1.058327146616965, 44.81140347662752], [-1.058570893400545, 44.81151883200129], [-1.058784644749656, 44.81139337083158], [-1.059145292248181, 44.81122097279049], [-1.059371933709961, 44.81113425700276], [-1.05922671126959, 44.81109171837012], [-1.058843114977755, 44.81094657737984], [-1.058481353171525, 44.81077536953636], [-1.058144910085917, 44.810579743899034], [-1.057837025991582, 44.810361584698654], [-1.057560665983869, 44.81012299318161], [-1.057318491427203, 44.80986626736397], [-1.057112834329831, 44.809593879890926], [-1.056945674895506, 44.80930845421455], [-1.056818622467891, 44.809012739320636], [-1.056732900050664, 44.808709583247335], [-1.056689332551632, 44.80840190565167], [-1.05668833886325, 44.8080926696878], [-1.056729927854832, 44.807784853468235], [-1.056813698314059, 44.807481421383066], [-1.056938842837283, 44.80718529555298], [-1.057104155630196, 44.806899327691504], [-1.057308044142713, 44.806626271646635], [-1.057548544425231, 44.80636875688686], [-1.057823340057578, 44.80612926318577]], [[-1.042298463522957, 44.82313572096764], [-1.042444736550752, 44.82317858442801], [-1.042828373977064, 44.82332378271416], [-1.043076308296706, 44.82344114539964], [-1.043294780136655, 44.823312991466494], [-1.043655551642816, 44.823140643104594], [-1.043881515873374, 44.82305424508212], [-1.043735525798915, 44.823011466656034], [-1.043351888160851, 44.82286627152162], [-1.043103670447572, 44.82274877439747], [-1.042884943030134, 44.822877078881326], [-1.04252417085267, 44.82304942472242], [-1.042298463522957, 44.82313572096764]], [[-1.036899315996476, 44.82332304107198], [-1.037055016408405, 44.82336867581148], [-1.03743864120584, 44.82351389274264], [-1.037691831834755, 44.82363376089734], [-1.037915013126611, 44.823502863052525], [-1.038275802350015, 44.823330532173195], [-1.03850151663912, 44.823244244105844], [-1.038355246448255, 44.82320137544601], [-1.03797162141564, 44.82305616169916], [-1.03771424564636, 44.822934311869616], [-1.037504709569518, 44.82305720728625], [-1.03714391973631, 44.8232295356425], [-1.036899315996476, 44.82332304107198]], [[-1.04211499077176, 44.836511451836046], [-1.041731265140272, 44.83636625045211], [-1.041466540240865, 44.83624096336623], [-1.04128550518688, 44.83634712824898], [-1.040924641607838, 44.83651946965408], [-1.040541772519854, 44.83666581266694], [-1.040140585548647, 44.836784747712535], [-1.040079534714252, 44.83679802339313], [-1.040083848658562, 44.83680806690521], [-1.040169524109164, 44.837111238662715], [-1.040213023400969, 44.83741892566895], [-1.040213029047281, 44.837420858179954], [-1.040610995298675, 44.83736392152125], [-1.041043434589091, 44.8373329686265], [-1.041478055462797, 44.83733232165743], [-1.041910672984341, 44.83736198684365], [-1.042100870147191, 44.837388609716484], [-1.042097011920126, 44.83736132568322], [-1.042096098037378, 44.83705208662427], [-1.042137788413315, 44.83674427292445], [-1.042195628412262, 44.83653507634411], [-1.04211499077176, 44.836511451836046]]], [[[-1.068562958443028, 44.805759581699135], [-1.068869358963705, 44.805540385620915], [-1.069204461129668, 44.805343624464754], [-1.069565037857166, 44.805171192898726], [-1.069947616860058, 44.80502475129799], [-1.070348514079651, 44.804905709763275], [-1.070763869149357, 44.804815214549166], [-1.071189682553193, 44.80475413703188], [-1.071621854121011, 44.804723065322946], [-1.072056222490563, 44.80472229860907], [-1.072488605157335, 44.80475184427294], [-1.072914838727433, 44.804811417821924], [-1.073330818986938, 44.80490044562624], [-1.073732540402806, 44.80501807043951], [-1.074116134675897, 44.805163159649204], [-1.074348244533743, 44.805272972091075], [-1.074534230064646, 44.80516375174756], [-1.074894789289109, 44.80499130286586], [-1.075277353182609, 44.80484484289053], [-1.075678237831881, 44.80472578209929], [-1.076093582991325, 44.80463526693214], [-1.076519389240344, 44.80457416895741], [-1.076951556477655, 44.80454307648362], [-1.077385923382691, 44.80454228889746], [-1.077818307465036, 44.80457181378252], [-1.078244545317179, 44.804631366846316], [-1.078660532683993, 44.80472037465628], [-1.079062263964034, 44.80483798015856], [-1.079445870763231, 44.80498305092659], [-1.0798076591305, 44.80515419006005], [-1.080144145117449, 44.8053497496297], [-1.08045208832028, 44.80556784653883], [-1.08072852308125, 44.80580638064901], [-1.080970787049438, 44.806063054995725], [-1.081176546825754, 44.8063353978999], [-1.081343820445003, 44.80662078676244], [-1.081470996478128, 44.80691647331309], [-1.081556849570088, 44.807219610070966], [-1.081600552262983, 44.8075272777618], [-1.081601682989745, 44.80783651342837], [-1.081560230160427, 44.808144338963494], [-1.081476592300737, 44.80844778979072], [-1.081351574240453, 44.808743943416715], [-1.081186379387379, 44.8090299475801], [-1.080982598160365, 44.80930304772574], [-1.080742192691812, 44.80956061353948], [-1.080467477946359, 44.80980016428752], [-1.080161099436942, 44.8100193927163], [-1.079826007752446, 44.81021618728219], [-1.079465430142072, 44.810388652496506], [-1.079082839430045, 44.81053512718978], [-1.078681920560249, 44.810654200518705], [-1.07826653509336, 44.810744725561435], [-1.077840683998966, 44.81080583037014], [-1.077408469101737, 44.81083692637367], [-1.076974053553779, 44.8108377140497], [-1.076541621714832, 44.810808185811155], [-1.076115338827665, 44.81074862607946], [-1.075699310878076, 44.81065960854335], [-1.075297545027081, 44.81054199063047], [-1.074913910997295, 44.810396905244346], [-1.074681778875707, 44.810287093797136], [-1.074495776679383, 44.810396314576074], [-1.074135181559779, 44.810568762473835], [-1.073752575732708, 44.810715218791216], [-1.073351644287704, 44.81083427286192], [-1.072936248906619, 44.81092477794963], [-1.072510390654579, 44.81098586229871], [-1.072078171425223, 44.811016937535065], [-1.071643754412406, 44.81101770433641], [-1.071211323989975, 44.81098815531674], [-1.070785045387046, 44.81092857509763], [-1.070369024548126, 44.81083953756517], [-1.069967268565704, 44.81072190033964], [-1.06958364706729, 44.81057679651049], [-1.069221854929664, 44.810405623717514], [-1.068885376680121, 44.81021003068248], [-1.068577452928151, 44.809991901322135], [-1.068301049151212, 44.80975333659551], [-1.068058827135443, 44.80949663426076], [-1.067853119346326, 44.80922426673682], [-1.067685906475967, 44.80893885728376], [-1.067558798382792, 44.808643154731165], [-1.067473018606679, 44.80834000699841], [-1.067429392607919, 44.808032333662204], [-1.067428339842394, 44.8077230978358], [-1.067469869748377, 44.80741527763044], [-1.067553581682545, 44.80711183747466], [-1.067678668804818, 44.806815699566975], [-1.06784392587359, 44.80652971573721], [-1.068047760875307, 44.806256639987254], [-1.068288210375546, 44.80599910197536], [-1.068562958443028, 44.805759581699135]]], [[[-1.07417237470405, 44.81213974343112], [-1.07447878812819, 44.811920531388246], [-1.07481390869422, 44.811723752863685], [-1.075174509141117, 44.811551302692834], [-1.075557116954278, 44.81140484142992], [-1.075958047797558, 44.81128577936506], [-1.076373440980591, 44.811195262950505], [-1.076799296620423, 44.81113416376664], [-1.077231514140255, 44.81110307013359], [-1.077665931735435, 44.811102281449216], [-1.078098366427534, 44.81113180530768], [-1.078524654321803, 44.81119135742637], [-1.078940690681335, 44.81128036438185], [-1.079342469433001, 44.81139796912848], [-1.079726121725669, 44.81154303924699], [-1.080087953170225, 44.811714177843285], [-1.080424479403489, 44.81190973699329], [-1.080732459634104, 44.81212783360439], [-1.081008927847734, 44.812366367541], [-1.081251221371269, 44.8126230418403], [-1.081457006520923, 44.81289538482361], [-1.081624301087056, 44.81318077389116], [-1.081751493438774, 44.81347646077066], [-1.081837358063742, 44.8137795979781], [-1.081881067392844, 44.81408726623488], [-1.081882199794942, 44.814396502578305], [-1.081840743663793, 44.8147043288947], [-1.08181912343306, 44.81478276317744], [-1.081831128892254, 44.8148672681839], [-1.081832261035307, 44.81517650460841], [-1.081790804055321, 44.81548433098632], [-1.081707156517794, 44.815787782733075], [-1.081582123345536, 44.816083937346434], [-1.081416908091737, 44.816369942555575], [-1.081302752930808, 44.81652291097271], [-1.081434597299992, 44.81654132403828], [-1.08185067786995, 44.8166303202389], [-1.082252500955647, 44.81674791465568], [-1.082636197279121, 44.81689297496875], [-1.082998072027335, 44.81706410437848], [-1.083334640420169, 44.81725965504929], [-1.083642661260326, 44.817477743970144], [-1.08391916814243, 44.817716271079576], [-1.084161498020995, 44.817972939480484], [-1.084367316862117, 44.818245277551085], [-1.084534642131657, 44.8185306627388], [-1.084661861902973, 44.818826346808834], [-1.084747750399582, 44.819129482304184], [-1.084791479822371, 44.81943714996278], [-1.084792628346565, 44.819746386827745], [-1.084751184210525, 44.820054214780335], [-1.084667545855933, 44.82035766922086], [-1.084542518117036, 44.82065382762118], [-1.084377304494574, 44.820939837674], [-1.0841734955879, 44.821212944767446], [-1.083933053795775, 44.82147051852045], [-1.083658294432487, 44.82171007812277], [-1.08335186344055, 44.8219293162356], [-1.083016711914227, 44.822126121221984], [-1.08265606767903, 44.822298597492946], [-1.082273404200876, 44.822445083772465], [-1.081872407124541, 44.82256416910563], [-1.081456938764044, 44.82265470645504], [-1.0810310008875, 44.822715823754265], [-1.080598696155586, 44.822746932311865], [-1.080164188585848, 44.822747732484586], [-1.079731663424541, 44.822718216565], [-1.079305286813483, 44.82265866885584], [-1.078889165641379, 44.82256966293007], [-1.078487307967309, 44.8224520561035], [-1.078103584398444, 44.822306981172844], [-1.077741690794848, 44.82213583549952], [-1.077405112661243, 44.821940267544115], [-1.077097091569258, 44.82172216098184], [-1.076820593933947, 44.821483616552186], [-1.076578282445448, 44.821226931817826], [-1.07637249043094, 44.82095457902822], [-1.076205199393635, 44.82066918130158], [-1.076078019944649, 44.82037348735461], [-1.075992176310898, 44.82007034502385], [-1.075948494567444, 44.81976267383404], [-1.075947450416425, 44.8194691002921], [-1.075830674602297, 44.819485851382424], [-1.075398391838439, 44.819516939644096], [-1.074963909168008, 44.8195177194503], [-1.074531411597385, 44.81948818328979], [-1.074105065002578, 44.81942861566026], [-1.07368897598311, 44.8193395903266], [-1.073287152288296, 44.81922196479148], [-1.072903464197945, 44.81907687203185], [-1.072541607230321, 44.81890570958082], [-1.072205066537206, 44.8187101260606], [-1.071897083329554, 44.81849200529631], [-1.071620623657473, 44.81825344816417], [-1.07137834984542, 44.8179967523492], [-1.07117259485768, 44.81772439020758], [-1.071005339840839, 44.817438984947565], [-1.07087819505911, 44.81714328535833], [-1.070792384405557, 44.81684013933075], [-1.070748733637666, 44.81653246642521], [-1.070747662449665, 44.816223229750705], [-1.070789180457034, 44.815915407426786], [-1.070872887130817, 44.81561196390231], [-1.07099797568138, 44.81531582140834], [-1.071163240853152, 44.815029831818826], [-1.071367090554348, 44.81475674919118], [-1.071607561208817, 44.814499203249866], [-1.071882336681415, 44.814259674068886], [-1.072188770594067, 44.81404046819632], [-1.072523911817225, 44.81384369645054], [-1.072884532890974, 44.813671253601626], [-1.073140629213861, 44.81357323127678], [-1.073163018323902, 44.8134920531445], [-1.07328809009025, 44.81319590827805], [-1.073453337376319, 44.81290991547957], [-1.07365716826258, 44.81263682883735], [-1.073897619354077, 44.8123792781145], [-1.07417237470405, 44.81213974343112]]], [[[-1.064232134899577, 44.8226194414939], [-1.064538644235659, 44.82240025614467], [-1.064873862098151, 44.822203506963994], [-1.065234560289236, 44.8220310885047], [-1.065617265353242, 44.82188466101567], [-1.066018292017737, 44.82176563446175], [-1.066433778669855, 44.82167515495326], [-1.066859724526795, 44.82161409371519], [-1.06729202814323, 44.821583038702286], [-1.06772652688564, 44.821582288940554], [-1.068159036994368, 44.82161185164939], [-1.068585393848583, 44.821671442172075], [-1.069001492047433, 44.82176048671534], [-1.069403324922362, 44.821878127871706], [-1.069787023101063, 44.82202323287121], [-1.070148891752515, 44.82219440448394], [-1.070485446155154, 44.822389994467855], [-1.070793445246215, 44.8226081194334], [-1.071069922829551, 44.82284667897194], [-1.071312216141593, 44.82310337587408], [-1.071517991500333, 44.82337573824347], [-1.071685266790129, 44.82366114329354], [-1.071812430565419, 44.82395684259812], [-1.071898257588759, 44.82425998855345], [-1.071941920652851, 44.8245676617966], [-1.07194299857182, 44.824876899316855], [-1.071901480263863, 44.82518472298908], [-1.071817764884899, 44.82548816825474], [-1.071692658010926, 44.825784312673974], [-1.071527363904819, 44.82607030407402], [-1.071323473941102, 44.826343388022636], [-1.071082951299277, 44.82660093436157], [-1.070808112072418, 44.82684046254458], [-1.07050160297237, 44.82705966553538], [-1.070166375845844, 44.827256432035334], [-1.069805659246672, 44.82742886682604], [-1.069422927337935, 44.827575309031054], [-1.069021866423697, 44.827694348119934], [-1.068606339433021, 44.82778483750068], [-1.068180348698894, 44.82784590556894], [-1.067747997391251, 44.827876964107425], [-1.067313449976357, 44.82787771395472], [-1.066880892084325, 44.827848147888105], [-1.066454490172272, 44.82778855069333], [-1.066038351372597, 44.82769949642004], [-1.065636483914124, 44.82758184284972], [-1.065252758498187, 44.82743672322929], [-1.064992067833183, 44.82731340589511], [-1.064971601955953, 44.82746499698774], [-1.064887845757964, 44.8277684372523], [-1.064762697285423, 44.8280645740797], [-1.064597361201845, 44.82835055537028], [-1.064393429286064, 44.82862362678908], [-1.064152865121673, 44.82888115829852], [-1.063877985201723, 44.82912066949516], [-1.063571436630065, 44.82933985350629], [-1.063236171633665, 44.82953659921602], [-1.062875419131196, 44.829709011606234], [-1.062492653631643, 44.82985543001619], [-1.0620915617627, 44.82997444414467], [-1.061676006751668, 44.83006490764004], [-1.061249991201504, 44.830125949147316], [-1.060817618521233, 44.83015698070503], [-1.060383053383031, 44.830157703411615], [-1.059950481587752, 44.83012811030581], [-1.059524069726444, 44.83006848643384], [-1.059107925027329, 44.82997940610227], [-1.058706055776022, 44.82986172734357], [-1.058322332691079, 44.829716583647325], [-1.057960451627711, 44.82954537303724], [-1.05762389796962, 44.82934974459935], [-1.057315913052415, 44.82913158259136], [-1.057039462942419, 44.82889298828674], [-1.056797209871689, 44.828636259728455], [-1.056591486604423, 44.82836386958801], [-1.056424273981359, 44.828078441343266], [-1.056297181858062, 44.82778272400467], [-1.056211433620105, 44.827479565633965], [-1.056167854423531, 44.827171885910275], [-1.056166863272986, 44.82686264800827], [-1.056208469012876, 44.826554830059116], [-1.056292270269128, 44.82625139646955], [-1.056417459341072, 44.825955269374774], [-1.056582830004988, 44.8256693005004], [-1.056786789153137, 44.82539624370429], [-1.057027372155398, 44.82513872846204], [-1.057302261794793, 44.82489923455199], [-1.057608810593959, 44.82468006818252], [-1.057944066317186, 44.82448333979153], [-1.058304800402164, 44.82431094373161], [-1.058687539047683, 44.82416454003598], [-1.059088596658033, 44.82404553844032], [-1.05950411132245, 44.823955084814685], [-1.059930081988479, 44.82389405013476], [-1.060362406971966, 44.82386302209962], [-1.060796923433693, 44.82386229947549], [-1.061229447443416, 44.823891889220434], [-1.061655814246462, 44.823951506417444], [-1.062071918346173, 44.82404057701639], [-1.06247375301714, 44.824158243358866], [-1.062857448869718, 44.82430337243243], [-1.063118120886873, 44.824426694659], [-1.063138590657442, 44.824275104060575], [-1.063222351094245, 44.82397166546703], [-1.063347498569042, 44.82367553077779], [-1.063512827258692, 44.82338955179172], [-1.063716744459647, 44.823116482464], [-1.06395728594569, 44.82285895239101], [-1.064232134899577, 44.8226194414939]]], [[[-1.062371349787418, 44.837229376214474], [-1.062677946087952, 44.83701019495062], [-1.063013257636606, 44.8368134504444], [-1.063374055333414, 44.83664103720358], [-1.063756864764579, 44.83649461542677], [-1.064157999652782, 44.83637559502386], [-1.064573597343185, 44.83628512204591], [-1.064999655983951, 44.83622406765502], [-1.065432073043929, 44.836193019740016], [-1.06586668479744, 44.836192277258554], [-1.066299306396833, 44.836221847359894], [-1.066725772147914, 44.83628144531621], [-1.067141975601417, 44.83637049726259], [-1.067543909075412, 44.83648814572029], [-1.067927702229006, 44.83663325784907], [-1.068289659316694, 44.83680443635031], [-1.068626294765332, 44.837000032915725], [-1.068934366731678, 44.83721816409233], [-1.069210908317728, 44.83745672941167], [-1.069453256143429, 44.83771343160869], [-1.069659076001604, 44.83798579873609], [-1.069826385347834, 44.83827120796143], [-1.069953572408293, 44.83856691081833], [-1.070039411720968, 44.838870059668814], [-1.070083075959857, 44.839177735122085], [-1.070084143927411, 44.839486974146105], [-1.070042604637296, 44.83979479860129], [-1.069958857447151, 44.84009824392148], [-1.069833708239008, 44.840394387666315], [-1.069668361683158, 44.84068037766955], [-1.069464409659006, 44.8409534595123], [-1.069223815943557, 44.84121100305666], [-1.068948897314249, 44.84145052778323], [-1.068642301247575, 44.841669726689055], [-1.068306980427817, 44.841866488514796], [-1.067946164311223, 44.8420389180871], [-1.067563328019452, 44.84218535457975], [-1.067162158862059, 44.84230438751732], [-1.066746520810828, 44.84239487036706], [-1.066320417268645, 44.842455931587516], [-1.065887952492193, 44.84248698302739], [-1.065453292040868, 44.84248772559358], [-1.065020622633752, 44.84245815213354], [-1.064594111802263, 44.84239854750424], [-1.064177867728082, 44.84230948582692], [-1.063775899654168, 44.842191824954384], [-1.06339207925107, 44.842046698203895], [-1.063030103311476, 44.84187550343603], [-1.062693458132999, 44.84167988958416], [-1.062385385932791, 44.84146174076559], [-1.062108853617846, 44.841223158126716], [-1.061866524211933, 44.84096643959822], [-1.061660731214364, 44.840694057755], [-1.061493456137324, 44.840408635995], [-1.061366309437691, 44.84011292326629], [-1.061280515026434, 44.839809767586246], [-1.06123689850402, 44.8395020886081], [-1.061235879234279, 44.839192849499355], [-1.061277466332116, 44.83888502840288], [-1.061361258602669, 44.838581589755684], [-1.061486448431491, 44.83828545574176], [-1.061651829587259, 44.8379994781534], [-1.061855808860915, 44.837726410932326], [-1.062096421428271, 44.83746888365461], [-1.062371349787418, 44.837229376214474]]], [[[-1.064389809859175, 44.862229418990346], [-1.064696534768994, 44.86201023037636], [-1.065031988515518, 44.86181347817855], [-1.065392940629419, 44.86164105697871], [-1.065775915209985, 44.86149462705211], [-1.066177224389732, 44.86137559838709], [-1.066593003835713, 44.86128511711429], [-1.067019249946183, 44.861224054475656], [-1.067451858385115, 44.861192998439435], [-1.067886663584351, 44.86119224804148], [-1.06831947883388, 44.8612218105073], [-1.068746136575166, 44.86128140118253], [-1.069162528510568, 44.86137044627243], [-1.069564645143511, 44.86148808836428], [-1.06994861436965, 44.86163319467911], [-1.070310738748185, 44.861804367974315], [-1.070647531095143, 44.861999959991735], [-1.070955748056428, 44.86221808732221], [-1.071232421337692, 44.86245664953433], [-1.071474886290503, 44.86271334939299], [-1.071680807579483, 44.862985714973384], [-1.071848201683064, 44.863271123458006], [-1.071975456010748, 44.86356682638766], [-1.072061344452201, 44.86386997612362], [-1.072105039207726, 44.86417765326664], [-1.072106118785275, 44.86448689476836], [-1.072064572086082, 44.86479472246541], [-1.071980798538515, 44.865098171760394], [-1.071855604277855, 44.86539432017468], [-1.071690194407731, 44.86568031549704], [-1.071486161416828, 44.865953403257386], [-1.071245469861528, 44.86621095326084], [-1.070970437461246, 44.866450484925764], [-1.07066371278799, 44.866669691182395], [-1.070328249764554, 44.86686646070057], [-1.069967279216769, 44.867038898232856], [-1.069584277753755, 44.86718534287635], [-1.069182934276071, 44.867304384077144], [-1.068767114434716, 44.86739487522287], [-1.068340823383806, 44.86745594469217], [-1.067908167186403, 44.86748700425428], [-1.067473313245995, 44.86748775473785], [-1.067040450145692, 44.86745818891412], [-1.066613747282907, 44.867398591566456], [-1.066197314689277, 44.867309536745985], [-1.065795163423847, 44.86719188223948], [-1.065411166921869, 44.867046761302895], [-1.06504902367234, 44.866875571740756], [-1.064712221584434, 44.8666799624364], [-1.064404004386586, 44.86646181746329], [-1.064127340382235, 44.866223237930804], [-1.063884893863307, 44.86596652173972], [-1.063678999456775, 44.86569414144242], [-1.063511639651131, 44.86540872042202], [-1.063384425718822, 44.865113007619435], [-1.063298582217809, 44.86480985105279], [-1.063254935220756, 44.8645021703839], [-1.063253904384376, 44.86419292879655], [-1.063295498934343, 44.863885104457445], [-1.063379317603407, 44.86358166183489], [-1.063504552522297, 44.863285523151156], [-1.06366999702491, 44.86299954024347], [-1.063874057291649, 44.86272646710486], [-1.064114767717944, 44.86246893336834], [-1.064389809859175, 44.862229418990346]]], [[[-1.077781672875955, 44.878141298091364], [-1.078164727694917, 44.877994824664334], [-1.078566128547138, 44.877875750595805], [-1.078982010216948, 44.87778522245364], [-1.079408368118348, 44.87772411193109], [-1.079841096839, 44.87769300745747], [-1.08027602965273, 44.87769220853502], [-1.080708978620933, 44.87772172285651], [-1.081135774897745, 44.877781266231125], [-1.081552308851811, 44.87787026531965], [-1.081954569619307, 44.877987863152235], [-1.082338683708241, 44.87813292737614], [-1.082700952283119, 44.878304061154076], [-1.083037886771642, 44.878499616608465], [-1.083346242451109, 44.87871771068218], [-1.083623049691464, 44.87895624326415], [-1.083865642554312, 44.879212917404665], [-1.084071684472485, 44.8794852614266], [-1.08423919076264, 44.87977065272012], [-1.084366547753728, 44.88006634299166], [-1.084452528346497, 44.880369484724476], [-1.084496303853482, 44.88067715859645], [-1.084497452004596, 44.880986401590846], [-1.08445596104026, 44.88129423552992], [-1.084372229851641, 44.88159769575632], [-1.084247064165609, 44.881893859686166], [-1.084081668810143, 44.88217987495886], [-1.083877636133696, 44.882452986912305], [-1.083636930689203, 44.88271056511858], [-1.083361870329481, 44.88295012872452], [-1.083055103895502, 44.883169370352725], [-1.082719585712017, 44.88336617833241], [-1.082438133588759, 44.88350063645484], [-1.08240715463003, 44.88357392944211], [-1.082241744950464, 44.883859942125596], [-1.082037697216372, 44.884133050842884], [-1.081874028085441, 44.884308179019854], [-1.081928241803004, 44.884339641975764], [-1.082236625250432, 44.884557739530656], [-1.082513456572915, 44.884796275315956], [-1.082756069600086, 44.885052952351025], [-1.082962127570508, 44.885325298930915], [-1.083129645646152, 44.88561069242118], [-1.083257010042351, 44.885906384507045], [-1.083342993588404, 44.88620952765433], [-1.083386767568264, 44.88651720252725], [-1.083387909726403, 44.886826446099455], [-1.083346408360811, 44.88713428018764], [-1.083334988455625, 44.88717566132068], [-1.083435623029966, 44.887145807927936], [-1.083851565525115, 44.887055261287124], [-1.084277988533528, 44.88699413189186], [-1.084710786016032, 44.886963008353206], [-1.085145790584445, 44.88696219035696], [-1.085578813609362, 44.88699168577953], [-1.086005685531951, 44.88705121061211], [-1.086422295992598, 44.887140191694], [-1.086824633390919, 44.88725777222874], [-1.087208823497152, 44.8874028200302], [-1.087571166743914, 44.88757393841921], [-1.087908173839945, 44.88776947966633], [-1.08821659936343, 44.88798756085137], [-1.088493473011759, 44.88822608198731], [-1.088736128207037, 44.88848274623465], [-1.088796990365913, 44.88856316856314], [-1.088954122686383, 44.888450862904], [-1.089289649402024, 44.88825403577801], [-1.089650697008124, 44.8880815342804], [-1.090033788684177, 44.88793501945961], [-1.090435235435012, 44.88781590212151], [-1.090851171602954, 44.88772532925058], [-1.091277592077245, 44.887664172970766], [-1.091710390843086, 44.88763302215198], [-1.092145400499929, 44.88763217674275], [-1.092578432369376, 44.88766164488341], [-1.09300531680746, 44.88772114282785], [-1.093421943334099, 44.88781009767428], [-1.093824300194268, 44.887927652878886], [-1.094208512970873, 44.88807267649941], [-1.09457088187832, 44.888243772089545], [-1.09490791737834, 44.88843929213943], [-1.095216373775697, 44.88865735393296], [-1.095493280470579, 44.8888958576699], [-1.095735970566946, 44.889152506678315], [-1.095942106561321, 44.88942482952321], [-1.096109702864398, 44.88971020379873], [-1.096237144938226, 44.89000588137523], [-1.096323204864075, 44.89030901485834], [-1.096367053190308, 44.890616685005384], [-1.09636826694535, 44.89092592883565], [-1.096326833737573, 44.8912337681634], [-1.09624315190163, 44.89153723827944], [-1.096118026688792, 44.891833416504724], [-1.09595266253693, 44.89211945034109], [-1.095748651493667, 44.89239258494765], [-1.095507957903283, 44.892650189678385], [-1.095232899504143, 44.8928897834247], [-1.094926125118081, 44.89310905851896], [-1.094590589146218, 44.89330590296807], [-1.09422952311662, 44.893478420802914], [-1.093846404557799, 44.89362495034716], [-1.093444923498016, 44.89374408022919], [-1.093028946913418, 44.89383466298244], [-1.092602481467952, 44.89389582610319], [-1.092169634904636, 44.89392698045862], [-1.091734576460849, 44.89392782596435], [-1.091301496689841, 44.89389835447626], [-1.09087456707641, 44.89383884986915], [-1.090457899836702, 44.893749885300814], [-1.090055508290322, 44.89363231768873], [-1.089671268187336, 44.893487279451925], [-1.089308880363477, 44.89331616759841], [-1.088971835083958, 44.89312063026304], [-1.088663378419836, 44.892902550826214], [-1.088386480981177, 44.89266402976615], [-1.088143809308307, 44.8924073644205], [-1.088082943916951, 44.892326941637805], [-1.08792579900232, 44.892439246200176], [-1.087590242485659, 44.89263606946306], [-1.087229159250058, 44.892808564508016], [-1.086846026989839, 44.89295506987824], [-1.086444535865311, 44.89307417443492], [-1.086028552949624, 44.893164730955434], [-1.085602084967759, 44.89322586718873], [-1.085169239687188, 44.89325699426099], [-1.084734186332947, 44.89325781235059], [-1.084301115409254, 44.89322831357753], [-1.083874198315665, 44.893168782079385], [-1.083457547147687, 44.893079791273], [-1.083055175070068, 44.892962198328554], [-1.082974894516975, 44.89293188834072], [-1.082942441617899, 44.89296014776907], [-1.082635618836048, 44.89317938892417], [-1.082300039344262, 44.893376196251744], [-1.081938935089946, 44.893548674140185], [-1.081555783969936, 44.89369516129789], [-1.081154276326262, 44.89381424676151], [-1.080738279391242, 44.89390478349228], [-1.080311800024937, 44.89396589942977], [-1.079878946104512, 44.89399700589566], [-1.079443886938246, 44.89399780326682], [-1.079010813086352, 44.89396828386281], [-1.078583895976581, 44.893908732019916], [-1.078167247704582, 44.89381972135096], [-1.077764881407174, 44.893702109217415], [-1.077468486360217, 44.89359018792933], [-1.077385425950396, 44.893649530366964], [-1.077049825239006, 44.893846321862625], [-1.076688701827113, 44.89401878270925], [-1.076305533796147, 44.894165251779434], [-1.075904011651079, 44.894284318283965], [-1.075488002763961, 44.894374835366754], [-1.075061514110019, 44.89443593115661], [-1.074628653655914, 44.89446701716923], [-1.074193590772876, 44.89446779397852], [-1.073760516056921, 44.89443825410212], [-1.073333600944122, 44.89437868207349], [-1.072916957510868, 44.89428965169988], [-1.072514598847336, 44.89417202053254], [-1.072208029486578, 44.8940562396887], [-1.072105232334991, 44.89412967261281], [-1.071769610240144, 44.89432644818561], [-1.071408467515429, 44.894498891892674], [-1.071025282428359, 44.894645342771625], [-1.070623745648252, 44.894764390208486], [-1.070207724688178, 44.894854887530805], [-1.069781226639693, 44.89491596305772], [-1.069348359559981, 44.894947028500134], [-1.068913292884111, 44.894947784630084], [-1.068480217244642, 44.89491822416436], [-1.068053304086527, 44.89485863183475], [-1.067636665467312, 44.89476958164408], [-1.067234314430769, 44.89465193133447], [-1.066850126336561, 44.894506814121506], [-1.066487801519228, 44.89433562777386], [-1.06615082963683, 44.89414002114387], [-1.06584245605318, 44.8939218782793], [-1.065565650577823, 44.89368330026922], [-1.065323078865027, 44.89342658499972], [-1.065117076747211, 44.8931542050144], [-1.064949627749828, 44.892868783693295], [-1.064822344003828, 44.892573069980315], [-1.064736450738956, 44.892269911902325], [-1.06469277450651, 44.89196222913571], [-1.064691735244087, 44.8916529848844], [-1.06473334225782, 44.891345157340915], [-1.064817194159747, 44.89104171100432], [-1.064942482759903, 44.89074556813266], [-1.065108000874615, 44.89045958060355], [-1.065312153974858, 44.89018650245446], [-1.065479134041661, 44.890007931167226], [-1.065431019673094, 44.88997999886948], [-1.065122671741054, 44.88976185428918], [-1.064845889839581, 44.88952327479453], [-1.064603339395919, 44.889266558285875], [-1.064397356037682, 44.88899417731872], [-1.064229923109706, 44.888708755282615], [-1.064102652588244, 44.88841304112828], [-1.064016769575767, 44.88810988288689], [-1.063973100524921, 44.88780220023635], [-1.063972065304244, 44.8874929563795], [-1.064013673181047, 44.88718512950501], [-1.064097522759163, 44.886881684105575], [-1.064222805871105, 44.88658554243015], [-1.064388315386151, 44.88629955634484], [-1.064592456858178, 44.88602647987324], [-1.064833263900225, 44.88576894268046], [-1.065108417136973, 44.885529424756214], [-1.065415266552036, 44.88531023254016], [-1.065750857014461, 44.88511347671907], [-1.066111956738369, 44.884941051909685], [-1.066495088401692, 44.88479461842203], [-1.066896562624464, 44.8846755862787], [-1.067312513484685, 44.88458510164384], [-1.067738935730271, 44.88452403579176], [-1.068171723329451, 44.88449297672165], [-1.068606708989226, 44.88449222349858], [-1.06903970426223, 44.88452178337524], [-1.069100890357361, 44.884530325363265], [-1.068967797119206, 44.88435434003715], [-1.06880035479233, 44.88406892530496], [-1.068673070714569, 44.883773216817126], [-1.06858717011909, 44.88347006255022], [-1.068543479628013, 44.883162382143894], [-1.068542419316488, 44.8828531387795], [-1.068583998693578, 44.88254531064088], [-1.068667816637686, 44.88224186223299], [-1.06879306528605, 44.88194571583377], [-1.068958537839907, 44.88165972335487], [-1.069162640209115, 44.881386638881445], [-1.06940340638329, 44.881129092155696], [-1.069678517380666, 44.88088956325917], [-1.069985323591586, 44.88067035873717], [-1.070320870301097, 44.880473589395045], [-1.070681926144584, 44.8803011499797], [-1.071065014222449, 44.88015470094181], [-1.071466445574349, 44.88003565245374], [-1.071882354691012, 44.879945150836996], [-1.072308736722227, 44.87988406752942], [-1.072741486023373, 44.87985299069829], [-1.073176435670148, 44.879852219579696], [-1.073609397561896, 44.879881761598625], [-1.074036202728316, 44.87994133229763], [-1.074452741452447, 44.880030358074336], [-1.074855002824503, 44.880147981701924], [-1.075149147152782, 44.88025908811347], [-1.075245130842447, 44.880190500445075], [-1.075580656247976, 44.8799937152419], [-1.075862107212647, 44.879859274645405], [-1.075893092666127, 44.879785983569484], [-1.076058522685209, 44.87949998070784], [-1.076262582666213, 44.879226883373434], [-1.076503307006905, 44.878969321432336], [-1.076778377128299, 44.87872977511268], [-1.077085143814285, 44.87851055112753], [-1.077420652730428, 44.8783137604697], [-1.077781672875955, 44.878141298091364]], [[-1.074532113390909, 44.88653337739148], [-1.074573662648019, 44.886225546656405], [-1.074657453708834, 44.88592209337909], [-1.074663378298949, 44.88590808199736], [-1.074473713222619, 44.88596432994761], [-1.074057763687379, 44.88605484143952], [-1.073631336688373, 44.88611593158013], [-1.073198539598309, 44.88614701193955], [-1.072763541177987, 44.88614778314616], [-1.072330531402405, 44.88611823777153], [-1.072269343085081, 44.8861096975584], [-1.072402450835488, 44.88628567902487], [-1.072569918089247, 44.88657108852452], [-1.072697229039128, 44.88686679280528], [-1.072783157029017, 44.887169944215486], [-1.072826873877812, 44.88747762333971], [-1.072827957880127, 44.887786867110584], [-1.072786397893998, 44.888094697342794], [-1.072702593475183, 44.888398149414634], [-1.072695384083588, 44.888415197012954], [-1.072896147199907, 44.88835566409066], [-1.073312115657454, 44.88826515688369], [-1.073738559330957, 44.88820406792755], [-1.074171371982328, 44.88817298544391], [-1.074606386077369, 44.88817220872323], [-1.075039412894956, 44.88820174524453], [-1.07508943000115, 44.88820872471426], [-1.074957679267304, 44.88803455743441], [-1.074790195506998, 44.887749151404364], [-1.074662871530532, 44.88745344944107], [-1.074576932955298, 44.88715029945823], [-1.074533206769144, 44.886842621054356], [-1.074532113390909, 44.88653337739148]]], [[[-1.086546922442602, 44.897270052465174], [-1.086853752308138, 44.89705080022894], [-1.087189337802361, 44.89685397892109], [-1.087550447186917, 44.89668148378893], [-1.08793360304646, 44.8965349758197], [-1.088335115767845, 44.89641586575324], [-1.088751119058242, 44.89632530050398], [-1.089177607160669, 44.89626415212254], [-1.089610473409241, 44.89623300940275], [-1.090045549753732, 44.89623217221513], [-1.090478646873725, 44.89626164862086], [-1.090905594497057, 44.89632115479425], [-1.091322281535321, 44.8964101177543], [-1.091724695650892, 44.89652768087903], [-1.092108961875404, 44.896672712149936], [-1.092471379908615, 44.896843815047056], [-1.092808459739204, 44.897039341990144], [-1.09311695524501, 44.89725741019673], [-1.093393895449548, 44.897495919804825], [-1.093636613133989, 44.897752574085935], [-1.093842770529047, 44.898024901554315], [-1.094010381839164, 44.898310279759535], [-1.094137832381693, 44.89860596053413], [-1.09422389415614, 44.89890909645288], [-1.094267737692856, 44.89921676824973], [-1.094268940066171, 44.89952601292799], [-1.094227488993853, 44.89983385229376], [-1.094143782982399, 44.90013732163747], [-1.094018627515714, 44.900433498287505], [-1.093853227322874, 44.90071952976083], [-1.093649174798469, 44.90099266123933], [-1.093408434686176, 44.90125026210709], [-1.09313332517234, 44.90148985129273], [-1.092826495571052, 44.901709121172516], [-1.092490900815223, 44.90190595980358], [-1.092129772999118, 44.90207847127279], [-1.091746590246402, 44.90222499396517], [-1.091345043203706, 44.90234411657506], [-1.09092899948281, 44.90243469170596], [-1.09050246639442, 44.902495846927586], [-1.090069552333204, 44.90252699318316], [-1.0896344271868, 44.90252783046633], [-1.089201282151057, 44.90249835071219], [-1.088774289339513, 44.90243883787516], [-1.088357561577131, 44.90234986519233], [-1.087955112766544, 44.90223228965928], [-1.087570819209428, 44.90208724377137], [-1.087208382256396, 44.90191612461028], [-1.086871292645855, 44.901720580381294], [-1.086562796875799, 44.90150249453117], [-1.08628586593287, 44.90126396759991], [-1.086043166679977, 44.90100729698171], [-1.085837036178093, 44.90073495479019], [-1.085669459189285, 44.90044956404153], [-1.085542049077253, 44.90015387338528], [-1.085456032288771, 44.89985073062634], [-1.085412236564699, 44.89954305529371], [-1.085411082993297, 44.899233810519924], [-1.085452581981365, 44.898925974502546], [-1.085536333181031, 44.89862251182247], [-1.085661529371832, 44.89832634489524], [-1.085826964259688, 44.89804032583022], [-1.0860310441167, 44.897767208968716], [-1.086271803148812, 44.89750962436492], [-1.086546922442602, 44.897270052465174]]], [[[-1.075777297452671, 44.89777973291755], [-1.076084172174303, 44.897560510393205], [-1.076419798481104, 44.897363721588164], [-1.076780944241871, 44.89719126143673], [-1.07716413169111, 44.89704479058929], [-1.077565670911619, 44.89692571942819], [-1.077981695355515, 44.89683519449327], [-1.07840819906221, 44.89677408744691], [-1.078841075215631, 44.89674298668495], [-1.079276155670213, 44.89674219167388], [-1.079709251065967, 44.896771710068826], [-1.080136191147316, 44.896831257639754], [-1.080552864898424, 44.896920261007], [-1.080955260109533, 44.89703786315955], [-1.081339501994212, 44.89718293170309], [-1.081701890486474, 44.89735406975872], [-1.082038935859322, 44.89754962940764], [-1.082347392322254, 44.897767727552434], [-1.082624289274601, 44.89800626404273], [-1.082866959913882, 44.8982629418912], [-1.083073066923702, 44.89853528938508], [-1.083240624993576, 44.89882068388104], [-1.083368019953439, 44.89911637705468], [-1.083454024337972, 44.899419521361345], [-1.083497809230136, 44.89972719745408], [-1.083498952268992, 44.90003644229477], [-1.083457441743714, 44.90034427768789], [-1.08337367673339, 44.90064773896209], [-1.083248463290176, 44.90094390352338], [-1.083083006701587, 44.90122991900508], [-1.082878899905463, 44.901503030743044], [-1.082638108168297, 44.901760608311434], [-1.082362950173783, 44.9020001708632], [-1.082056075703093, 44.90221941103113], [-1.081720440121444, 44.90241621715845], [-1.081359275916469, 44.90258869364514], [-1.080976061562459, 44.9027351792131], [-1.080574488010553, 44.90285426291426], [-1.08015842312797, 44.902944797726875], [-1.079731874429332, 44.903005911608965], [-1.079298950459732, 44.903037015902], [-1.078863821202281, 44.903037811003784], [-1.078430677892433, 44.90300828925572], [-1.078003692627081, 44.902948735016714], [-1.077586978158454, 44.90285972192264], [-1.077184548261062, 44.902742107358335], [-1.076800279054311, 44.902597024195074], [-1.076437871654158, 44.9024258698736], [-1.076100816514223, 44.90223029293781], [-1.075792359800348, 44.90201217714946], [-1.075515472122849, 44.90177362333686], [-1.075272819927777, 44.90151692915312], [-1.075066739822727, 44.901244566938736], [-1.074899216084251, 44.90095915990272], [-1.074771861563076, 44.90066345685139], [-1.074685902170483, 44.90036030570899], [-1.074642165094498, 44.900052626085206], [-1.074641070858513, 44.89974338115378], [-1.074682629297883, 44.899435549113754], [-1.074766439492211, 44.89913209450766], [-1.074891693652945, 44.89883593967319], [-1.075057184927816, 44.89854993660324], [-1.075261319046014, 44.89827683948499], [-1.075502129691069, 44.89801927818244], [-1.075777297452671, 44.89777973291755]]], [[[-1.063477423242173, 44.90351936466297], [-1.063784377395494, 44.90330017572844], [-1.064120081156967, 44.9031034237357], [-1.064481301649696, 44.90293100326461], [-1.06486456038874, 44.902784574583364], [-1.065266166770596, 44.902665547668335], [-1.065682253600837, 44.90257506863327], [-1.066108814318304, 44.902514008698574], [-1.066541741558095, 44.90248295580645], [-1.066976866682839, 44.90248220896249], [-1.067409999902496, 44.902511775357944], [-1.067836970597322, 44.90257137030064], [-1.068253667456707, 44.90266041995478], [-1.068656078048347, 44.90277806686362], [-1.069040327437637, 44.90292317820189], [-1.069402715486216, 44.9030943566786], [-1.069739752471211, 44.903289953985684], [-1.070048192682716, 44.90350808666308], [-1.070325065676354, 44.90374665422791], [-1.070567704880137, 44.904003359393506], [-1.070773773280153, 44.90427573018398], [-1.07094128593749, 44.90456114373169], [-1.071068629119172, 44.90485685152861], [-1.071154575858294, 44.90516000588924], [-1.071198297792753, 44.90546768736971], [-1.071199373167743, 44.90577693287998], [-1.071157790923935, 44.90608476421795], [-1.071073950831004, 44.90638821675125], [-1.070948659664142, 44.906684367969994], [-1.070783123459389, 44.90697036563598], [-1.07057893592138, 44.9072434552565], [-1.070338063094301, 44.90750100661874], [-1.07006282444293, 44.90774053912798], [-1.069755870525395, 44.90795974570629], [-1.069420157472248, 44.9081565150204], [-1.069058918517457, 44.908328951824835], [-1.068675632855453, 44.90847539522368], [-1.068273992124369, 44.90859443467503], [-1.067857864838654, 44.908684923583316], [-1.067431259114153, 44.908745990348734], [-1.066998284045359, 44.908777046766566], [-1.066563110107685, 44.90877779369576], [-1.066129928967024, 44.90874822394176], [-1.0657029130847, 44.908688622325826], [-1.06528617550785, 44.90859956294019], [-1.06488373023353, 44.908481903615574], [-1.064499453529179, 44.908336777654405], [-1.064375587260018, 44.90827826563041], [-1.064367911828826, 44.90833503266588], [-1.064284031655049, 44.908638480284075], [-1.064158699628285, 44.908934624049635], [-1.063993122178092, 44.90922061179606], [-1.063788893406366, 44.90949368912617], [-1.063547979754468, 44.90975122594548], [-1.063272701080429, 44.909990741799305], [-1.062965708327926, 44.910209929770126], [-1.062629958001631, 44.910406678703836], [-1.062268683694606, 44.910579093551284], [-1.061885364941872, 44.91072551362799], [-1.061483693700378, 44.91084452861668], [-1.061067538778532, 44.910934992157436], [-1.060640908558441, 44.910996032894765], [-1.060207912370606, 44.91102706287467], [-1.059772720893907, 44.91102778321078], [-1.059339525963202, 44.910998186964605], [-1.059311738395404, 44.910994306900946], [-1.059244162961896, 44.91123867610625], [-1.059118798527391, 44.91153481442206], [-1.05895318771644, 44.9118207948852], [-1.058748924952242, 44.91209386316866], [-1.058507977003554, 44.91235138926496], [-1.058232664058767, 44.91259089282275], [-1.057925637391676, 44.91281006704288], [-1.057589853833661, 44.91300680090369], [-1.05722854729792, 44.91317919950119], [-1.056845197629966, 44.9133256023074], [-1.05644349708459, 44.91344459917141], [-1.05602731475252, 44.913535043907835], [-1.055600659279941, 44.91359606534236], [-1.055167640240646, 44.913627075706856], [-1.054732428533668, 44.91362777630389], [-1.054299216188761, 44.91359816038517], [-1.053872175967842, 44.913538513216636], [-1.053455421152477, 44.913449409329274], [-1.053052965905719, 44.91333170698248], [-1.052857506918429, 44.913257869771805], [-1.052569124157505, 44.9132381500655], [-1.052142088515954, 44.913178496255064], [-1.051725339122281, 44.9130893858892], [-1.051322890087305, 44.91297167728965], [-1.050938617714595, 44.91282650423345], [-1.05057622315036, 44.91265526502713], [-1.050239196724278, 44.91245960903213], [-1.050105253526981, 44.91236485040003], [-1.049918706261206, 44.912614166085184], [-1.049677715551071, 44.912871673074235], [-1.049402362362465, 44.91311115479126], [-1.049095298356908, 44.913330304647424], [-1.048759480725526, 44.91352701185572], [-1.048398143709819, 44.91369938176881], [-1.048014767448989, 44.91384575413503], [-1.04761304445407, 44.913964719096626], [-1.047196844032111, 44.91405513077551], [-1.046770175003612, 44.91411611831574], [-1.046337147072991, 44.91414709427571], [-1.04590193122495, 44.91414776028933], [-1.045468719529142, 44.91411810994145], [-1.045041684741212, 44.914058428829634], [-1.044624940090357, 44.91396929181182], [-1.044222499641665, 44.913851557466494], [-1.043838239615942, 44.91370635981862], [-1.043475861040397, 44.91353509741161], [-1.043138854090619, 44.913339419830386], [-1.042830464467831, 44.91312121180599], [-1.042553662135643, 44.91288257505508], [-1.042311112717551, 44.9126258080294], [-1.042105151830708, 44.91235338377094], [-1.04193776260288, 44.912067926086074], [-1.041810556588775, 44.91177218426877], [-1.04172475826891, 44.91146900661645], [-1.041681193279608, 44.91116131299386], [-1.041680280486583, 44.91085206670941], [-1.041722027977512, 44.91054424597493], [-1.041806033011172, 44.91024081522388], [-1.041931485922561, 44.90994469656399], [-1.042097177945426, 44.90965874163962], [-1.04230151287586, 44.90938570417411], [-1.042542522463792, 44.90912821345687], [-1.042817885383417, 44.90888874902997], [-1.043124949599258, 44.90866961681777], [-1.043460757912107, 44.908472926929235], [-1.04382207643857, 44.90830057334612], [-1.044205425749977, 44.908154215692534], [-1.044607114370946, 44.90803526326086], [-1.0450232743154, 44.90794486144762], [-1.045449898318362, 44.90788388072965], [-1.045882878405726, 44.907852908286394], [-1.046318045431375, 44.90785224234875], [-1.046751209201878, 44.907881889329005], [-1.047178198803329, 44.90794156375898], [-1.047594902743022, 44.90803069103752], [-1.047997308520378, 44.90814841296042], [-1.04838154124699, 44.90829359598009], [-1.048743900944739, 44.9084648421153], [-1.049080898163498, 44.908660502406406], [-1.049214830788538, 44.908755262165904], [-1.049401368352809, 44.90850594795649], [-1.049642341581576, 44.908248441910416], [-1.049917669884326, 44.90800895995478], [-1.050224701558845, 44.90778980818277], [-1.050370849458401, 44.9077041896194], [-1.049972075482745, 44.90764847022094], [-1.049555370605864, 44.90755935186776], [-1.049152965784183, 44.907441635608656], [-1.048768736895346, 44.90729645529448], [-1.048406384666682, 44.907125209301604], [-1.048069399020061, 44.906929547056905], [-1.047761025451603, 44.90671135314371], [-1.047484233770389, 44.90647272914278], [-1.04724168949746, 44.90621597338308], [-1.047035728200558, 44.90594355879808], [-1.046868333011563, 44.90565810910103], [-1.046741115542766, 44.90536237350899], [-1.046655300385182, 44.905059200259466], [-1.04661171333747, 44.9047515091748], [-1.046610773477956, 44.904442263539025], [-1.046652489155142, 44.90413444155772], [-1.04673645793433, 44.903831007676416], [-1.046861870499783, 44.903534884033], [-1.047027518473889, 44.90324892231988], [-1.047231806077005, 44.90297587632578], [-1.047472765514864, 44.90271837542226], [-1.047748075944616, 44.9024788992495], [-1.048055085836236, 44.90225975384501], [-1.048390838513602, 44.9020630494448], [-1.048752100629002, 44.90189068017036], [-1.04881816463722, 44.90186545135233], [-1.048811950867588, 44.901821596715585], [-1.048810998932868, 44.901512351377505], [-1.048852700363829, 44.90120452884801], [-1.048936652863033, 44.90090109357791], [-1.049062047271586, 44.900604967718536], [-1.049227675386773, 44.90031900298354], [-1.049431941620227, 44.90004595319084], [-1.049672878383497, 44.899788447748584], [-1.049948165052087, 44.89954896634066], [-1.050255150324785, 44.899329815055005], [-1.050590877762523, 44.89913310418423], [-1.050952114260609, 44.89896072791219], [-1.051335381180142, 44.89881434608149], [-1.051736987838989, 44.89869536821729], [-1.052153067040152, 44.898604939961054], [-1.052579612295997, 44.89854393204423], [-1.053012516390528, 44.898512931908144], [-1.053447610909225, 44.89851223805037], [-1.053880706356707, 44.898541857152004], [-1.054307632476847, 44.89860150401335], [-1.054724278388136, 44.898690604298686], [-1.055126632148709, 44.89880830006374], [-1.055510819371035, 44.89895345801278], [-1.055873140515201, 44.899124680405976], [-1.056210106502397, 44.899320318512366], [-1.056518472306214, 44.89953848847899], [-1.056571020395491, 44.89958378569506], [-1.056666704382337, 44.89955543412953], [-1.05708278201585, 44.899464987386736], [-1.057509328448539, 44.89940396052666], [-1.057942236453058, 44.89937294117307], [-1.058377337577241, 44.899372228008566], [-1.058810442262106, 44.89940182790018], [-1.05923738016261, 44.899461455833105], [-1.059654040283841, 44.899550537653944], [-1.060056410547152, 44.89966821559621], [-1.06044061640616, 44.8998133565358], [-1.060802958141556, 44.89998456289668], [-1.061139946476312, 44.90018018610226], [-1.06144833616889, 44.900398342443054], [-1.061725157261282, 44.90063693120832], [-1.061967743681202, 44.900893654907186], [-1.062173758922963, 44.901166041385274], [-1.062341218559512, 44.90145146762381], [-1.062468509368439, 44.90174718499252], [-1.062554404887193, 44.902050345713675], [-1.062598077246967, 44.9023580302821], [-1.062599105170431, 44.90266727557795], [-1.062557478055318, 44.90297510340116], [-1.06247359610354, 44.903278549153136], [-1.062348266493547, 44.90357469038926], [-1.062182695631755, 44.90386067496738], [-1.06197847755673, 44.90413374852087], [-1.061737578606913, 44.904391280991554], [-1.061462318498833, 44.90463079196667], [-1.061161235503544, 44.904845770811434], [-1.061464086253902, 44.904910508579675], [-1.061866498745297, 44.9050281801607], [-1.062250745983415, 44.90517331508015], [-1.062374603183377, 44.905231829417055], [-1.062382280206541, 44.905175062573335], [-1.062466165486971, 44.90487161671329], [-1.062591497371296, 44.90457547522603], [-1.06275706825873, 44.90428948997582], [-1.062961283111799, 44.904016414978216], [-1.063202174836616, 44.90375887988408], [-1.063477423242173, 44.90351936466297]], [[-1.055427582067765, 44.90504538524714], [-1.055343658467043, 44.90534882580819], [-1.055218286606815, 44.90564495918893], [-1.055052673300416, 44.9059309333228], [-1.054848412995229, 44.906203993943734], [-1.054607472436474, 44.90646151111807], [-1.054332171741491, 44.90670100458031], [-1.054025162066201, 44.90692016762859], [-1.053879021784434, 44.90700579097777], [-1.05427779507183, 44.90706149634372], [-1.054694503750774, 44.907150596972976], [-1.055096918109319, 44.90726829315237], [-1.055292359180126, 44.90734212628888], [-1.055580712596952, 44.90736183889261], [-1.055608498107948, 44.90736571988494], [-1.055676084710123, 44.907121353180536], [-1.055801457452985, 44.906825219149034], [-1.055967069582732, 44.90653924382058], [-1.056171325664749, 44.906266181115114], [-1.056412258208159, 44.906008660565156], [-1.056687546628939, 44.905769162000105], [-1.056988651716719, 44.90555419521748], [-1.056685802656037, 44.905489445237805], [-1.056283397721371, 44.90537175487711], [-1.055899164559142, 44.905226599312535], [-1.055536803937908, 44.905055376682135], [-1.055434285764965, 44.904995861145714], [-1.055427582067765, 44.90504538524714]]], [[[-1.081656720185175, 44.90384990323777], [-1.081963605132237, 44.90363066406279], [-1.082299247124573, 44.90343385712728], [-1.082660413879842, 44.90326137754017], [-1.083043627430325, 44.90311488613896], [-1.083445197607447, 44.90299579350397], [-1.083861257565227, 44.90290524638178], [-1.084287801001128, 44.90284411664843], [-1.084720720716561, 44.902812992918214], [-1.085155848146564, 44.90281217487878], [-1.085588993478902, 44.902841670406985], [-1.086015985977246, 44.90290119549297], [-1.086432714121141, 44.90299017697362], [-1.086835165177177, 44.90310775804863], [-1.087219463821292, 44.90325280652664], [-1.087581909441043, 44.90342392572201], [-1.087919011759418, 44.903619467897535], [-1.088227524437636, 44.90383755012407], [-1.088504476333746, 44.90407607240459], [-1.088747200116206, 44.90433273788859], [-1.08895335795686, 44.90460507498237], [-1.089120964055696, 44.904890461142834], [-1.089248403780075, 44.905186148125864], [-1.089334449233501, 44.90548928844644], [-1.089378271103325, 44.90579696279608], [-1.089379446672356, 44.90610620815344], [-1.089337963916341, 44.906414046318105], [-1.089254221646763, 44.90671751259202], [-1.089129025696591, 44.90701368433311], [-1.088963581184688, 44.90729970910557], [-1.088759480932407, 44.90757283215581], [-1.088518690143051, 44.90783042294906], [-1.088243527491028, 44.908070000510946], [-1.087936642802232, 44.90828925732968], [-1.08760099154018, 44.90848608158814], [-1.087239806343443, 44.908658577511666], [-1.086856565888433, 44.90880508363496], [-1.086454961377654, 44.908924188811966], [-1.086038860976508, 44.90901474581411], [-1.085612272541749, 44.909075882385686], [-1.085179305001247, 44.90910700964959], [-1.084744128757853, 44.90910782778235], [-1.084310935499675, 44.90907832890359], [-1.083883897804804, 44.90901879715187], [-1.083467128930574, 44.90892980594652], [-1.083064643175636, 44.90881221246151], [-1.082680317197515, 44.90866714936512], [-1.082317852659081, 44.908496013904774], [-1.082040637546264, 44.90833520098613], [-1.082038056545079, 44.90835433487225], [-1.081954271901258, 44.908657795823636], [-1.081829033092165, 44.90895395951437], [-1.081663545649449, 44.90923997358619], [-1.081459402807962, 44.90951308338846], [-1.081218570181248, 44.90977065851402], [-1.080943366846731, 44.91001021813931], [-1.080636443022219, 44.910229454925314], [-1.080300754548258, 44.91042625724782], [-1.079939534421922, 44.91059872954343], [-1.07955626165616, 44.91074521057443], [-1.079154627764774, 44.91086428943643], [-1.078738501196248, 44.910954819154306], [-1.078311890059456, 44.91101592773516], [-1.077878903500993, 44.911047026571474], [-1.077443712106942, 44.91104781611367], [-1.077010507711363, 44.91101828875668], [-1.076722428523473, 44.91097811060201], [-1.076739022890277, 44.91101663070215], [-1.076825009700647, 44.91131978124796], [-1.076868767528943, 44.91162746107687], [-1.076869874274546, 44.911936707114826], [-1.076828318575859, 44.91224454115466], [-1.076744499946739, 44.912547998537995], [-1.076619224955493, 44.91284415670832], [-1.076453699482195, 44.913130163360464], [-1.076249517127947, 44.91340326391525], [-1.076008643886846, 44.91366082805454], [-1.075733399227502, 44.913900375060614], [-1.075426433765776, 44.914119597715896], [-1.075090703743292, 44.914316384532306], [-1.074729442557375, 44.914488840095785], [-1.074346129616515, 44.91463530332977], [-1.073944456821559, 44.91475436350125], [-1.073528292995787, 44.914844873815184], [-1.073101646607011, 44.914905962465504], [-1.072668627141452, 44.91493704103672], [-1.072233405502216, 44.91493781017441], [-1.071800173814743, 44.91490826247007], [-1.07137310502732, 44.9148486825326], [-1.070956312696772, 44.914759644245414], [-1.070553811347646, 44.91464200523602], [-1.070501405320061, 44.91462221925932], [-1.070150085647964, 44.9145982526742], [-1.069723020972574, 44.91453866640107], [-1.069306233563666, 44.91444962193361], [-1.068903737898365, 44.914331976958856], [-1.068519410729561, 44.91418686464101], [-1.068156953731459, 44.91401568270157], [-1.067819857835309, 44.91382007995046], [-1.067511369599372, 44.913601940398074], [-1.067234459937392, 44.913363365101596], [-1.066991795506943, 44.91310665192102], [-1.066785713033207, 44.91283427337978], [-1.066618196815265, 44.91254885284408], [-1.066490859631108, 44.91225313925024], [-1.06640492722473, 44.91194998062399], [-1.066361226523937, 44.911642296647], [-1.066360177701495, 44.91133305053494], [-1.066401790155113, 44.911025220498175], [-1.06648566244395, 44.910721771059826], [-1.066610986181234, 44.91042562450782], [-1.066776553844478, 44.91013963275522], [-1.066980770427106, 44.90986654988016], [-1.067221668818432, 44.90960900560946], [-1.067496928763122, 44.909369480001025], [-1.067803899216974, 44.909150279568436], [-1.06813962388332, 44.90895351507765], [-1.068500869683896, 44.908781081228874], [-1.068884157890023, 44.90863463841915], [-1.069285797614434, 44.908515596760836], [-1.069701921341649, 44.90842510250972], [-1.070128522155249, 44.90836402703267], [-1.070561492304294, 44.90833295842159], [-1.070996662738301, 44.90833219583336], [-1.071429843231027, 44.908361746610936], [-1.071856862707616, 44.90842132621243], [-1.072273609387829, 44.908510360949805], [-1.072676070359719, 44.90862799350996], [-1.072728471555854, 44.90864777842491], [-1.073079755073437, 44.90867173681523], [-1.073367819812054, 44.90871192438508], [-1.073351228441087, 44.90867340380868], [-1.073265264453095, 44.90837025082055], [-1.073221528923454, 44.90806256987954], [-1.073220442360465, 44.90775332417209], [-1.073262014525387, 44.907445491904696], [-1.073345844365449, 44.90714203762207], [-1.073471123902717, 44.90684588365879], [-1.073636646040386, 44.906559881999335], [-1.073840816210292, 44.90628678681731], [-1.074081667748676, 44.90602922795805], [-1.074356880851348, 44.90578968561997], [-1.074663804925119, 44.90557046647777], [-1.074999484119861, 44.90537368147765], [-1.075360685795095, 44.90520122551727], [-1.075743931646941, 44.905054759206614], [-1.076145531195879, 44.90493569288437], [-1.076561617313189, 44.90484517304377], [-1.076988183444515, 44.90478407129817], [-1.077421122172793, 44.90475297599234], [-1.077856264750032, 44.90475218654023], [-1.078289421218171, 44.90478171054344], [-1.07871642073366, 44.90484126371794], [-1.079133151708457, 44.904930272630125], [-1.079535601381864, 44.90504788021557], [-1.079919894443071, 44.90519295402765], [-1.080282330333327, 44.90536409713675], [-1.0805595257299, 44.905524914295476], [-1.080562107105084, 44.9055057804603], [-1.08064589457119, 44.90520232085212], [-1.080771131251698, 44.90490615883574], [-1.080936610462501, 44.904620146473285], [-1.081140738048789, 44.90434703804142], [-1.081381547756828, 44.90408946351314], [-1.081656720185175, 44.90384990323777]]], [[[-1.07825631099941, 44.912999796549016], [-1.078563259278006, 44.912780566151795], [-1.078898967931506, 44.9125837689367], [-1.079260204035688, 44.9124112999191], [-1.079643488955108, 44.91226481983469], [-1.080045131834045, 44.9121457391548], [-1.080461265126567, 44.91205520451092], [-1.080887881824104, 44.9119940876589], [-1.081320874022754, 44.911962977089026], [-1.081756072459736, 44.9119621723622], [-1.082189286639211, 44.911991681227114], [-1.082616345162029, 44.912051219545475], [-1.08303313587207, 44.91214021402678], [-1.083396138454542, 44.912246265813714], [-1.083769202019574, 44.91227167187247], [-1.084196264349815, 44.912331204124094], [-1.084613059645436, 44.91242019268715], [-1.085015574526499, 44.91253778069312], [-1.085399933054413, 44.91268283588391], [-1.085762434040133, 44.912853961509235], [-1.0860995866735, 44.913049509769984], [-1.086408144131191, 44.91326759767839], [-1.08668513483997, 44.913506125182735], [-1.086927891094431, 44.91376279538219], [-1.087134074753577, 44.91403513663766], [-1.087301699768594, 44.914320526365984], [-1.087429151324478, 44.91461621628862], [-1.087515201410577, 44.91491935889228], [-1.087559020669395, 44.91522703484645], [-1.08756018640865, 44.91553628111437], [-1.087518686698518, 44.91584411948679], [-1.087434920513531, 44.91614758526367], [-1.087309693916773, 44.91644375580773], [-1.087144212322072, 44.91672977869465], [-1.086940068907761, 44.91700289918898], [-1.086699229292712, 44.91726048678056], [-1.08642401262149, 44.91750006052589], [-1.086117069240208, 44.917719312949856], [-1.085781355177653, 44.9179161322777], [-1.085420103677277, 44.91808862278226], [-1.085036794054152, 44.9182351230504], [-1.084635118177065, 44.91835422199249], [-1.084218944898905, 44.91844477243994], [-1.083792282778484, 44.91850590220023], [-1.083359241453536, 44.91853702246182], [-1.082923992037738, 44.91853783346875], [-1.08249072692412, 44.91850832740923], [-1.082063619383008, 44.918448788491], [-1.0816467833446, 44.918359790202416], [-1.081283744513051, 44.918253732503594], [-1.080910642295638, 44.918228318054354], [-1.08048353856314, 44.918168773068764], [-1.080066707111796, 44.918079768861354], [-1.079664162843066, 44.917962162731364], [-1.079279782978116, 44.91781708746887], [-1.078917269698854, 44.917645940438454], [-1.078580114478762, 44.91745037011385], [-1.078271564447625, 44.91723226019311], [-1.077994591114504, 44.91699371144809], [-1.07775186175033, 44.91673702148305], [-1.077545713705777, 44.91646466259792], [-1.077378131911516, 44.91617925796961], [-1.077250729777148, 44.915883556381324], [-1.077164733672204, 44.91558040574321], [-1.077120971137933, 44.915272725660074], [-1.07711986294254, 44.914963479310146], [-1.077161419055437, 44.914655644906134], [-1.07724523857825, 44.91435218701335], [-1.077370513632216, 44.91405602800115], [-1.077536037163515, 44.913770019902664], [-1.077740214590382, 44.91349691695354], [-1.077981079179016, 44.913239349073876], [-1.07825631099941, 44.912999796549016]]], [[[-1.090545329731643, 44.92184015516463], [-1.090852278352288, 44.92162089023671], [-1.091187996793457, 44.92142405537009], [-1.091549252036497, 44.921251545942695], [-1.091932565261527, 44.92110502307938], [-1.092334245340167, 44.92098589766338], [-1.092750424368231, 44.92089531675698], [-1.093177094896753, 44.92083415256151], [-1.093610148503528, 44.92080299402309], [-1.094045415334554, 44.92080214116456], [-1.094478704235541, 44.92083160219799], [-1.094905843087989, 44.92089109344573], [-1.095322718962447, 44.92098004207047], [-1.095725317703245, 44.92109759158825], [-1.096109762564464, 44.92124261011167], [-1.096472351525899, 44.92141370124348], [-1.096809592930397, 44.92160921751673], [-1.097118239099948, 44.92182727625175], [-1.097395317607167, 44.92206577767772], [-1.097638159901247, 44.92232242514504], [-1.097844427012677, 44.9225947472335], [-1.098012132088994, 44.92288012154457], [-1.098139659544143, 44.92317579994833], [-1.098225780636452, 44.92347893504241], [-1.098269665324469, 44.923786607568665], [-1.098270890285626, 44.924095854523436], [-1.098229443019544, 44.924403697690984], [-1.098145721995441, 44.924707172325064], [-1.09802053284121, 44.92500335570318], [-1.0978550806098, 44.92528939527752], [-1.097650958196473, 44.925562536151965], [-1.097410131017572, 44.925820147620065], [-1.097134918097637, 44.92605974850843], [-1.096827969746424, 44.926279031080576], [-1.09649224204039, 44.92647588327136], [-1.096130968354236, 44.92664840903713], [-1.095747628216599, 44.92679494662516], [-1.095345913790095, 44.92691408458632], [-1.094929694298882, 44.92700467537624], [-1.094502978746899, 44.92706584641379], [-1.09406987728658, 44.92709700848986], [-1.09363456161091, 44.92709786144572], [-1.093201224751251, 44.92706839706553], [-1.093170676404354, 44.9270641423711], [-1.093284866989994, 44.927214909633335], [-1.093452562682605, 44.92750029122129], [-1.093580076607257, 44.927795975267856], [-1.093666180152439, 44.92809911431633], [-1.093710043445551, 44.928406789070486], [-1.09371124336994, 44.92871603650515], [-1.093669767666226, 44.92902387839992], [-1.0935860150774, 44.929327350020806], [-1.093460791535266, 44.92962352867429], [-1.093295302423893, 44.92990956185804], [-1.093091140993693, 44.930182694737425], [-1.092850273036765, 44.930440296683074], [-1.092575017970392, 44.930679886613156], [-1.09226802651028, 44.93089915689681], [-1.091932255148133, 44.931095995587185], [-1.091570937679181, 44.931268506770685], [-1.091187554053834, 44.931415028835005], [-1.09078579685365, 44.931534150480516], [-1.090369535714861, 44.93162472432006], [-1.089942780042635, 44.931685877935706], [-1.089509640375926, 44.9317170222862], [-1.089074288775795, 44.931717857383525], [-1.088640918619695, 44.931688375183825], [-1.088213704189913, 44.93162885966506], [-1.08779676044639, 44.93153988409017], [-1.08739410337238, 44.93142230548262], [-1.087009611275763, 44.931277256367345], [-1.0866469874196, 44.93110613385717], [-1.086309724342547, 44.9309105861896], [-1.086001070213318, 44.930692496844514], [-1.085723997543628, 44.93045396639562], [-1.085481174561149, 44.930197292271004], [-1.085274939518149, 44.92992494661804], [-1.085107278183069, 44.92963955248625], [-1.084979804731393, 44.92934385855777], [-1.084893746219276, 44.92904071266906], [-1.084849930788723, 44.928733034379206], [-1.084848779717055, 44.928423786849244], [-1.08489030338627, 44.928115948303265], [-1.084974101210088, 44.927812483346536], [-1.085099365518353, 44.9275163144165], [-1.085264889360373, 44.92723029364181], [-1.085469078151059, 44.92695717538022], [-1.085709965046864, 44.926699589699375], [-1.085985229902693, 44.92646001705601], [-1.086292221626638, 44.926240764416725], [-1.086627983716855, 44.92604394305024], [-1.086989282734429, 44.92587144820447], [-1.087372639438027, 44.925724940863844], [-1.087774362280678, 44.92560583176212], [-1.088190582946492, 44.925515267804506], [-1.088617293585652, 44.925454121029084], [-1.089050385389803, 44.92542298021429], [-1.089485688137213, 44.925422145212266], [-1.089919010327812, 44.92545162406319], [-1.08994955754993, 44.925455879649206], [-1.089835379509198, 44.92530510904051], [-1.089667708780744, 44.925019722184246], [-1.089540221788744, 44.92472403389698], [-1.089454145719895, 44.92442089196085], [-1.089410308885422, 44.92411321589691], [-1.089409132768909, 44.9238039688448], [-1.089450627993664, 44.92349612902403], [-1.089534394247439, 44.92319266105217], [-1.089659624164195, 44.92289648739573], [-1.089825111124499, 44.92261046022891], [-1.090029260898479, 44.922337333971036], [-1.090270107018337, 44.9220797387668], [-1.090545329731643, 44.92184015516463]]], [[[-1.051886882635196, 44.8355585570037], [-1.052161845165976, 44.83531907500771], [-1.052468470867523, 44.835099922088475], [-1.052803806763605, 44.83490320855437], [-1.053164623519945, 44.834730828614916], [-1.053547446539341, 44.83458444214804], [-1.053948589413739, 44.834465458723585], [-1.054364189411485, 44.834375024036554], [-1.05479024465858, 44.834314008880334], [-1.055222652656584, 44.83428300076599], [-1.055657249767082, 44.834282298267894], [-1.05608985128339, 44.83431190815037], [-1.056516291704649, 44.83437154530243], [-1.056932464825419, 44.83446063548188], [-1.057334363255751, 44.834578320841764], [-1.05771811699208, 44.83472346818649], [-1.058080030668334, 44.83489467987833], [-1.058416619129257, 44.83509030728939], [-1.058724640983941, 44.835308466669616], [-1.059001129816801, 44.83554705727898], [-1.059243422755656, 44.83580378160882], [-1.059449186121774, 44.836076167498675], [-1.059616437914657, 44.83636159193536], [-1.059743566914653, 44.836657306305995], [-1.059829348218843, 44.836960462861605], [-1.059872955059851, 44.837268142137155], [-1.059873966792913, 44.837577381063745], [-1.059832372973309, 44.837885201502644], [-1.05974857348391, 44.838188638926326], [-1.059623374710528, 44.83848477097042], [-1.059457981800938, 44.83877074558128], [-1.059253987081116, 44.839043808488256], [-1.059013354739426, 44.839301329735726], [-1.058738401925486, 44.83954082901902], [-1.058431776445191, 44.83975999958021], [-1.058096431266274, 44.839956730432895], [-1.057735596079743, 44.84012912670206], [-1.057352746191063, 44.84027552788221], [-1.05695156904086, 44.84039452383807], [-1.056535928677988, 44.840484968393085], [-1.056109828527653, 44.84054599037464], [-1.055677372813904, 44.84057700200939], [-1.055242727008846, 44.84057770458763], [-1.054810077690463, 44.84054809134202], [-1.054383592196626, 44.840488447512726], [-1.053967378464887, 44.84039934759858], [-1.053565445445851, 44.84028164982066], [-1.053181664472309, 44.84013648785174], [-1.052819731957042, 44.83996525989153], [-1.05248313377928, 44.83976961519316], [-1.052175111703344, 44.839551438170986], [-1.05189863215332, 44.83931283024304], [-1.051656357644656, 44.83905608958349], [-1.051450621147821, 44.83878368898036], [-1.051283403630745, 44.83849825201226], [-1.051156314995875, 44.83820252777365], [-1.051070578594924, 44.837899364392705], [-1.05102701946966, 44.83759168159675], [-1.05102605643116, 44.83728244258999], [-1.051067698052836, 44.836974625514245], [-1.051151542614814, 44.83667119476778], [-1.051276781999164, 44.836375072458374], [-1.051442209497458, 44.83608911026557], [-1.051646231454493, 44.835816061982804], [-1.051886882635196, 44.8355585570037]]], [[[-1.047731673915234, 44.84108893977054], [-1.048038348389968, 44.84086979867877], [-1.048373734238068, 44.84067309816043], [-1.048734601644296, 44.84050073229964], [-1.049117475523795, 44.84035436083879], [-1.049518668978842, 44.8402353932032], [-1.049934318790823, 44.84014497493586], [-1.050360422606163, 44.84008397667204], [-1.050792877458847, 44.84005298576012], [-1.051227519259377, 44.84005230060886], [-1.051660162870831, 44.84008192781551], [-1.052086642387071, 44.840141582102355], [-1.052502851226257, 44.84023068906215], [-1.05290478165453, 44.84034839068634], [-1.05328856336021, 44.84049355362276], [-1.053650500707886, 44.84066478008356], [-1.053987108314312, 44.84086042129856], [-1.054295144604154, 44.84107859338485], [-1.054571643022725, 44.841317195479974], [-1.054813940605428, 44.84157392996471], [-1.05501970362868, 44.84184632458073], [-1.055186950095137, 44.84213175623084], [-1.055314068836292, 44.84242747623264], [-1.055399835047856, 44.84273063678296], [-1.055443422107642, 44.84303831837823], [-1.055444409561231, 44.843347557927174], [-1.055402787197588, 44.84365537728504], [-1.055318955174345, 44.843958811934705], [-1.055193720190536, 44.84425493953846], [-1.055028287742582, 44.84454090808541], [-1.054824250537188, 44.84481396336329], [-1.054583573171864, 44.84507147548992], [-1.054308573229845, 44.84531096424848], [-1.054001898970944, 44.84553012298234], [-1.053666503832736, 44.84572684081906], [-1.053305617987473, 44.84589922300894], [-1.052922717228612, 44.846045609182106], [-1.052521489486837, 44.84616458934782], [-1.052105799298381, 44.846255017481596], [-1.051679650568464, 44.846316022569], [-1.051247147989143, 44.846347016999395], [-1.050812457484024, 44.84634770222884], [-1.050379766061719, 44.84631807165705], [-1.049953241465709, 44.8462584106911], [-1.049536992010226, 44.84616929399488], [-1.049135026989992, 44.84605157995112], [-1.048751218046031, 44.84590640238927], [-1.048389261860514, 44.84573515965921], [-1.048052644540607, 44.84553950115634], [-1.047744608034933, 44.845321311427945], [-1.04746811890647, 44.84508269201446], [-1.047225839762802, 44.84482594120062], [-1.047020103618912, 44.84455353187228], [-1.046852891439183, 44.84426808769203], [-1.046725813074504, 44.843972357823795], [-1.046640091777517, 44.843669190449916], [-1.046596552444367, 44.843361505336155], [-1.046595613695368, 44.843052265709034], [-1.046637283869863, 44.84274444971628], [-1.046721160972873, 44.84244102174574], [-1.046846436572978, 44.842144903878406], [-1.047011903612896, 44.84185894775103], [-1.047215968056567, 44.8415859070986], [-1.047456664259735, 44.84132841124123], [-1.047731673915234, 44.84108893977054]]], [[[-1.033101887197969, 44.84683850240711], [-1.033408650129365, 44.84661940133418], [-1.033744121527608, 44.84642274466075], [-1.034105070753848, 44.84625042604874], [-1.034488021935549, 44.84610410478551], [-1.034889287430823, 44.845985189813014], [-1.035305003327554, 44.84589482616714], [-1.035731166636, 44.845833883957155], [-1.036163673817428, 44.84580294999174], [-1.036598360278577, 44.845802322131306], [-1.037031040452563, 44.84583200642148], [-1.037457548081224, 44.84589171703485], [-1.037873776312015, 44.84598087902182], [-1.038275717224301, 44.846098633843994], [-1.038659500405358, 44.846243847636934], [-1.039021430205425, 44.84641512212306], [-1.039358021313766, 44.84661080806975], [-1.039666032313701, 44.84682902116328], [-1.039942496893842, 44.847067660146315], [-1.040085355281906, 44.847219076256955], [-1.040233685115672, 44.84725084625393], [-1.040635640061918, 44.847368592578704], [-1.041019438020037, 44.8475137982716], [-1.041381383198013, 44.847685065133], [-1.041717990137061, 44.84788074400372], [-1.04202601726809, 44.84809895063815], [-1.042302498124406, 44.84833758384121], [-1.042544769910295, 44.84859434569401], [-1.042750499150345, 44.84886676367467], [-1.042917704172283, 44.84915221446091], [-1.043044774206458, 44.84944794918603], [-1.043130484917389, 44.849751119904944], [-1.043174010217143, 44.8500588070161], [-1.043174930245871, 44.85036804737504], [-1.043133235441697, 44.85067586282913], [-1.043049326659767, 44.85097928889877], [-1.042924011338261, 44.851275403328756], [-1.042758495747272, 44.851561354235066], [-1.042554373394247, 44.851834387575224], [-1.042313609696794, 44.85209187367829], [-1.042038523069708, 44.85233133257804], [-1.041731762607809, 44.85255045790537], [-1.041396282579067, 44.85274713910955], [-1.041035313973523, 44.852919481793705], [-1.040652333381934, 44.85306582596844], [-1.040251029504091, 44.85318476204753], [-1.039835267609738, 44.85327514443112], [-1.03940905229493, 44.85333610254542], [-1.038976488893218, 44.853367049232276], [-1.038541743914179, 44.85336768640761], [-1.038109004891211, 44.85333800793397], [-1.037682440026348, 44.853278299679864], [-1.037266158021713, 44.85318913676467], [-1.036864168485519, 44.85307137801629], [-1.036480343294865, 44.85292615769474], [-1.0361183792883, 44.85275487456178], [-1.03578176264818, 44.85255917840193], [-1.035473735316405, 44.852340954125154], [-1.035197263767381, 44.852102303604596], [-1.03505440613672, 44.8519508809637], [-1.034906066820943, 44.85191910399717], [-1.034504091322322, 44.851801336750675], [-1.034120280912377, 44.85165610832851], [-1.033758332287258, 44.85148481757046], [-1.033421731481138, 44.85128911433445], [-1.033113720283379, 44.851070883598624], [-1.032837265012966, 44.85083222729833], [-1.032595027951132, 44.85057544407354], [-1.032389341707294, 44.850303007122186], [-1.032222186764974, 44.85001754037285], [-1.032095172423548, 44.84972179320674], [-1.032009521318813, 44.8494186139727], [-1.031966057670693, 44.849110922550665], [-1.03196519937042, 44.84880168222779], [-1.032006953982427, 44.84849387115838], [-1.032090918698467, 44.84819045368281], [-1.032216284243322, 44.84789435178091], [-1.032381842693518, 44.84760841693559], [-1.032585999132745, 44.84733540267679], [-1.032826787030914, 44.84707793807044], [-1.033101887197969, 44.84683850240711]]], [[[-1.004050901974584, 44.88231761808197], [-1.004357972139143, 44.882098594831206], [-1.004693757295709, 44.88190202374551], [-1.005055023784444, 44.881729797662594], [-1.005438292678218, 44.881583574978734], [-1.005839873276321, 44.88146476368665], [-1.006255898633016, 44.88137450782381], [-1.006682362779317, 44.88131367646166], [-1.007115159280274, 44.8812828553415], [-1.007550120757293, 44.881282341237174], [-1.007983058995827, 44.88131213909895], [-1.00840980525318, 44.88137196200584], [-1.008826250379312, 44.88146123392698], [-1.009228384365215, 44.88157909526542], [-1.009612334939029, 44.881724411131046], [-1.009974404838977, 44.88189578226339], [-1.01031110740495, 44.88209155849914], [-1.01061920014654, 44.8823098546551], [-1.010895715964633, 44.88254856867404], [-1.011137991726101, 44.88280540185875], [-1.011343693916403, 44.88307788100029], [-1.011510841122836, 44.88336338218731], [-1.011637823131542, 44.88365915606756], [-1.011723416453753, 44.88396235431871], [-1.01176679613105, 44.8842700570739], [-1.011767543705056, 44.88457930103782], [-1.011725651273874, 44.88488710802287], [-1.011641521595173, 44.88519051363083], [-1.011553328215724, 44.885398486541526], [-1.011587963159898, 44.885479157560134], [-1.011673558987884, 44.885782356022624], [-1.011716939798338, 44.8860900589727], [-1.011717687121926, 44.88639930311319], [-1.011675793059115, 44.886707110254804], [-1.011591660383245, 44.887010515997815], [-1.011466098688095, 44.88730659828263], [-1.011300316616024, 44.88759250553454], [-1.011095910240598, 44.887865484131396], [-1.010854847714674, 44.88812290492931], [-1.010579450331099, 44.888362288590876], [-1.010272370177811, 44.888581329471585], [-1.009936564602143, 44.8887779178339], [-1.009575267730054, 44.8889501601751], [-1.009191959314543, 44.88909639747224], [-1.008790331213489, 44.88921522116843], [-1.008374251820117, 44.88930548674631], [-1.007947728789228, 44.88936632475713], [-1.007514870418896, 44.88939714919958], [-1.007079846060399, 44.88939766316704], [-1.00664684593862, 44.88936786170888], [-1.006220040770891, 44.88930803187815], [-1.005803541574203, 44.889218749965295], [-1.005401360048891, 44.88910087594441], [-1.005017369921259, 44.88895554518581], [-1.004655269618331, 44.888784157514934], [-1.0043185466349, 44.888588363723144], [-1.00401044393664, 44.888370049660736], [-1.003733928723224, 44.88813131806553], [-1.003491663852483, 44.88787446830262], [-1.003285982200813, 44.887601974210696], [-1.003118864206565, 44.88731646026854], [-1.002991918812261, 44.88702067631171], [-1.00290636798864, 44.88671747104322], [-1.002863034988801, 44.886409764593566], [-1.002862336444744, 44.88610052039445], [-1.002904278381431, 44.885792716637354], [-1.002988456185759, 44.88548931759198], [-1.003076681438654, 44.88528135147731], [-1.003042058847992, 44.885200677810126], [-1.002956510527203, 44.88489747275296], [-1.002913178657409, 44.8845897664982], [-1.00291247985977, 44.88428052247563], [-1.002954420161737, 44.88397271887508], [-1.003038594965993, 44.88366931996471], [-1.00316419297343, 44.88337324754544], [-1.003330004021381, 44.883087352816084], [-1.003534430760616, 44.88281438892007], [-1.003775504057839, 44.8825569844382], [-1.004050901974584, 44.88231761808197]]], [[[-0.998875137955411, 44.89089682229896], [-0.999150597687565, 44.8906574674697], [-0.999457732596876, 44.89043845719612], [-0.999793584804101, 44.890241900412825], [-1.000154920003792, 44.89006968981978], [-1.000538258607253, 44.889923483664134], [-1.000939909242623, 44.88980468977939], [-1.001356004289873, 44.88971445203542], [-1.001782537109082, 44.889653639329204], [-1.002215400604169, 44.8896228372224], [-1.002650426751573, 44.88962234230576], [-1.003083426714143, 44.88965215934481], [-1.003510231154935, 44.889712001233896], [-1.003926730363728, 44.8898012917594], [-1.0043289138108, 44.8899191711452], [-1.004712908748037, 44.89006450432741], [-1.005075017486461, 44.890235891878824], [-1.005411752991928, 44.89043168347801], [-1.00571987245676, 44.89064999379385], [-1.005996408524398, 44.89088872063268], [-1.006238697866575, 44.891145565173886], [-1.006444406837801, 44.891418054099155], [-1.006611553959878, 44.89170356340288], [-1.006738529019552, 44.89199934365459], [-1.006824108594759, 44.892302546470624], [-1.006867467859244, 44.89261025194012], [-1.006868188550992, 44.892919496741555], [-1.00682626302679, 44.89322730267931], [-1.006742094362822, 44.89353070536513], [-1.006616492499334, 44.893826782768905], [-1.006450666465442, 44.89411268336289], [-1.006246212758029, 44.89438565358901], [-1.00600509998577, 44.894643064384], [-1.005729649925426, 44.89488243650677], [-1.005501424831118, 44.89504519158774], [-1.005843061213721, 44.89517447691084], [-1.006205206371274, 44.89534586105035], [-1.006259675877159, 44.895377528220344], [-1.006340054544847, 44.89530767732977], [-1.006647186845771, 44.89508864686188], [-1.006983041699836, 44.89489206805788], [-1.007344384776003, 44.89471983382976], [-1.007727736409646, 44.89457360265227], [-1.008129405103374, 44.894454782599894], [-1.008545523063236, 44.89436451779444], [-1.008972083428678, 44.89430367739349], [-1.009404978838388, 44.894272847225345], [-1.009840040961542, 44.89427232415099], [-1.010273080614637, 44.894302113207054], [-1.010699928078627, 44.894361927557355], [-1.011116473229111, 44.894451191253424], [-1.011518705094088, 44.894569044777484], [-1.011902750459329, 44.894714353314704], [-1.012264911150378, 44.89488571767517], [-1.012601699632919, 44.895081487760805], [-1.012909872589229, 44.89529977844763], [-1.01318646214772, 44.89553848773105], [-1.013428804465084, 44.89579531695953], [-1.013634565385725, 44.89606779296223], [-1.013801762931188, 44.896353291858034], [-1.013928786402622, 44.89664906431675], [-1.014014411911704, 44.89695226202979], [-1.014057814189754, 44.89725996513546], [-1.014058574560426, 44.8975692103351], [-1.014016684998259, 44.897877019429245], [-1.013932548232965, 44.89818042799935], [-1.01384645820405, 44.89838341607429], [-1.013994705011084, 44.89837285253497], [-1.014429798873673, 44.89837231148487], [-1.014862872597277, 44.89840208268711], [-1.015289756134848, 44.898461879477374], [-1.015706339014702, 44.89855112607632], [-1.016108609901616, 44.89866896313078], [-1.016492695205687, 44.89881425598452], [-1.016854896367951, 44.89898560559864], [-1.01719172546445, 44.89918136201711], [-1.017499938786423, 44.89939964024751], [-1.017776568073624, 44.89963833840525], [-1.018018949100195, 44.899895157945956], [-1.018224747337785, 44.90016762579206], [-1.018229399169572, 44.9001755672186], [-1.018513630707554, 44.900040059220174], [-1.018896989575526, 44.89989378925989], [-1.019298672694835, 44.899774928627785], [-1.019714812132561, 44.89968462183645], [-1.0201414008213, 44.89962373844769], [-1.020574331127023, 44.8995928647038], [-1.021009434382925, 44.8995922978853], [-1.021442521009507, 44.89962204345005], [-1.02186942083551, 44.899681814980646], [-1.022286023232459, 44.899771036940926], [-1.022688316677259, 44.89988885021499], [-1.023072427362864, 44.9000341203756], [-1.023345611141912, 44.900163331871674], [-1.023552052469104, 44.90004245888493], [-1.023913377848815, 44.89987017049162], [-1.024296721481978, 44.89972388190711], [-1.024698391948072, 44.89960500175865], [-1.025114521435962, 44.89951467474679], [-1.025541102974014, 44.899453770628035], [-1.025974028997018, 44.899422875844294], [-1.026409130879392, 44.89942228787867], [-1.026842219054861, 44.89945201239267], [-1.027269123337266, 44.899511763171546], [-1.027685733055241, 44.899600964878985], [-1.028088036615239, 44.899718758594084], [-1.028472160112865, 44.89986401007796], [-1.028834404621523, 44.90003532069007], [-1.02917128180001, 44.90023104084993], [-1.029479547476725, 44.90044928591436], [-1.029756232887431, 44.90068795431816], [-1.029998673265974, 44.90094474780344], [-1.030204533512597, 44.9012171935437], [-1.030371830692459, 44.901502667949295], [-1.030498953147292, 44.90179842192596], [-1.030584676035567, 44.90210160734321], [-1.030628173150785, 44.90240930445786], [-1.030629024903198, 44.90271855002904], [-1.030587222387159, 44.9030263658538], [-1.030503167493897, 44.90332978744892], [-1.030377669067597, 44.903625892602236], [-1.030211935140779, 44.90391182951892], [-1.030007561322815, 44.90418484429121], [-1.029766515452509, 44.90444230742688], [-1.029491118661836, 44.904681739180845], [-1.029184023032615, 44.90490083344545], [-1.028848186060881, 44.90509747996904], [-1.028486842174702, 44.90526978468874], [-1.028103471579692, 44.9054160879808], [-1.027701766732501, 44.90553498065272], [-1.027285596765504, 44.90562531752273], [-1.026858970205934, 44.90568622845545], [-1.026425996349145, 44.90571712674713], [-1.025990845658947, 44.90571771477983], [-1.025557709577272, 44.90568798688953], [-1.02513076013129, 44.905628229420664], [-1.024714109727975, 44.90553901796664], [-1.02431177152439, 44.90542121182296], [-1.023927620756264, 44.90527594570611], [-1.02365441074802, 44.90514673543761], [-1.023447950863589, 44.905267608804586], [-1.023086589301353, 44.90543989597058], [-1.022703203465806, 44.905586180637044], [-1.022301485960452, 44.90570505379094], [-1.021885306039646, 44.90579537043842], [-1.021458672326536, 44.90585626063891], [-1.021025694185412, 44.90588713788839], [-1.020590542121366, 44.90588770477156], [-1.020157407589567, 44.90585795582812], [-1.019730462602243, 44.9057981776053], [-1.019313819523396, 44.90570894589643], [-1.018911491439503, 44.905591120192085], [-1.018527353488769, 44.905445835397146], [-1.018165105522263, 44.90527449089439], [-1.017828236457243, 44.90507873705942], [-1.017519990666547, 44.9048604593577], [-1.017243336728146, 44.904621760176916], [-1.017000938836024, 44.904364938570005], [-1.016795131147715, 44.90409246810452], [-1.016790479194209, 44.904084526608344], [-1.016506223010283, 44.90422003036721], [-1.016122828356602, 44.904366292272805], [-1.015721105646118, 44.90448514159055], [-1.015304924183378, 44.904575433556225], [-1.01487829260642, 44.904636298466976], [-1.014445320258974, 44.90466715006234], [-1.014010177590334, 44.90466769117418], [-1.013577055965155, 44.90463791659039], [-1.013150127271313, 44.90457811310518], [-1.012733503715824, 44.90448885675521], [-1.012331198197053, 44.904371007268395], [-1.011947085635786, 44.904225699778706], [-1.011584865638464, 44.904054333887494], [-1.011248026852869, 44.90385856017635], [-1.010939813360106, 44.90364026430216], [-1.010663193426985, 44.90340154882763], [-1.010420830919891, 44.90314471296261], [-1.010215059655482, 44.90287223041194], [-1.010047860935022, 44.90258672554328], [-1.009920844478286, 44.90229094810488], [-1.009835232940133, 44.901987746737], [-1.009791850158075, 44.901680041532614], [-1.00979111324319, 44.90137079591146], [-1.009833028589591, 44.90106298807878], [-1.009917191839852, 44.90075958234355], [-1.010003299725824, 44.900556597164666], [-1.009855046399186, 44.90056715538498], [-1.009419935477092, 44.900567678519025], [-1.008986847930507, 44.90053788607939], [-1.008559955318996, 44.9004780650323], [-1.008143369501957, 44.90038879158358], [-1.007741103014179, 44.90027092562577], [-1.00735703040043, 44.90012560245157], [-1.006994850882311, 44.899954221813324], [-1.006940376519618, 44.89992255495892], [-1.006859991989554, 44.89999240638364], [-1.006552833682528, 44.900211437772256], [-1.006242316487375, 44.90039316736069], [-1.006399162738913, 44.900439126652984], [-1.006783235017933, 44.90058445315262], [-1.007145417957075, 44.900755834514044], [-1.00748222380774, 44.90095162047547], [-1.007790409084875, 44.901169925760065], [-1.008067005798149, 44.90140864822267], [-1.008309350035229, 44.901665489084756], [-1.008515107621892, 44.9019379750635], [-1.008682296611634, 44.902223482181626], [-1.008809306387832, 44.902519261029795], [-1.008894913193882, 44.90282246323782], [-1.008938291941056, 44.90313016890073], [-1.008939024179458, 44.90343941469516], [-1.008897102154411, 44.90374722241591], [-1.008812928908133, 44.90405062765763], [-1.008687314424745, 44.90434670836555], [-1.008521467854659, 44.904632612980116], [-1.008316985892321, 44.90490558790456], [-1.008075837418335, 44.90516300403036], [-1.007800344553156, 44.90540238206511], [-1.007493160304226, 44.90562141641842], [-1.007157243021424, 44.90581799741566], [-1.00679582790664, 44.90599023162502], [-1.006412395851822, 44.90613646010186], [-1.00601063990584, 44.90625527437427], [-1.005594429693473, 44.9063455300156], [-1.005167774129761, 44.90640635767288], [-1.004734782789556, 44.90643717144445], [-1.004299626305133, 44.90643767452653], [-1.003866496174248, 44.90640786207327], [-1.003439564366704, 44.90634802124371], [-1.003022943119476, 44.9062587284342], [-1.002620645308641, 44.90614084372379], [-1.002236545780665, 44.905995502585746], [-1.001874344016351, 44.905824104945516], [-1.001537528487743, 44.90562830169046], [-1.001229343051812, 44.90540997876206], [-1.00095275570499, 44.90517123898345], [-1.000710429999661, 44.90491438179864], [-1.000504699397885, 44.90464188111771], [-1.000337544809152, 44.904356361482904], [-1.000210575528073, 44.90406057278464], [-1.000125013755047, 44.903757363771575], [-1.00008168284821, 44.90344965461022], [-1.000080999418977, 44.90314040875839], [-1.000122969346321, 44.90283260442348], [-1.00020718774716, 44.90252920588073], [-1.000332842902113, 44.902233134927485], [-1.000498724097781, 44.90194724274839], [-1.000703233309076, 44.901674282462345], [-1.000944400608233, 44.901416882615344], [-1.001219903151355, 44.90117752187421], [-1.001527087559082, 44.90095850516474], [-1.001837623150585, 44.900776788723604], [-1.001680779691232, 44.90073082298684], [-1.001296719624325, 44.90058547884192], [-1.000934555646303, 44.90041407842357], [-1.00059777586524, 44.900218272645965], [-1.000289623793793, 44.8999999474748], [-1.00001306710706, 44.89976120575487], [-0.999770769062162, 44.89950434694884], [-0.999565062854809, 44.89923184498243], [-0.999397929159621, 44.89894632441027], [-0.999270977070075, 44.898650535131736], [-0.99918542862111, 44.8983473259011], [-0.999142107042664, 44.89803961688699], [-0.999141428856441, 44.89773037154576], [-0.999183399891059, 44.89742256807989], [-0.999267615252909, 44.89711917075626], [-0.999393263252006, 44.89682310136044], [-0.99955913324399, 44.896537211062096], [-0.999763627311778, 44.89626425296203], [-1.000004775673534, 44.896006855585156], [-1.000280255667807, 44.895767497574504], [-1.000508498839274, 44.89560475318387], [-1.000166872126535, 44.89547545143842], [-0.999804744572357, 44.895304047608114], [-0.999467999395082, 44.89510823871542], [-0.99915987977407, 44.89488991075604], [-0.998883353071883, 44.89465116660167], [-0.998641082256877, 44.89439430573835], [-0.998435400262558, 44.894121802111634], [-0.998268287530409, 44.893836280292106], [-0.998141352952103, 44.89354049019121], [-0.998055818394028, 44.8932372805711], [-0.998012506952456, 44.89292957160414], [-0.99801183505159, 44.89262032674622], [-0.998053808459644, 44.89231252419517], [-0.998138022260277, 44.89200912820905], [-0.998263664778672, 44.891713060560555], [-0.998429525423365, 44.891427172402494], [-0.998634006367398, 44.89115421681505], [-0.998875137955411, 44.89089682229896]]], [[[-1.006979362669876, 44.906697688857705], [-1.007286554816034, 44.90647865585249], [-1.00762247560067, 44.90628207442441], [-1.007983890057842, 44.90610983751077], [-1.008367317835584, 44.90596360361214], [-1.008769066703341, 44.9058447808292], [-1.00918526809524, 44.905754513310065], [-1.009611914347457, 44.90569367023844], [-1.010044897271807, 44.90566283746836], [-1.010480047694924, 44.905662311885834], [-1.010913175583216, 44.90569209855165], [-1.011340110368166, 44.90575191065266], [-1.011756741084692, 44.90584117226204], [-1.012159055936992, 44.90595902388211], [-1.012543180911829, 44.90610433071635], [-1.012905417068234, 44.9062756935913], [-1.013242276145242, 44.90647146242315], [-1.013550514145328, 44.906689752100014], [-1.013827162570516, 44.90692846062705], [-1.014069557010534, 44.90718528935998], [-1.014275362807717, 44.907457765132754], [-1.014442597551277, 44.907743264066454], [-1.014569650183932, 44.908039036830566], [-1.014655296536291, 44.90834223511355], [-1.014698711138683, 44.908649939048246], [-1.014699475195793, 44.908959185327966], [-1.014657580646374, 44.909266995742904], [-1.014573430267885, 44.90957040586177], [-1.014447833824049, 44.90986649358285], [-1.014282000291374, 44.91015240727913], [-1.01407752623858, 44.91042539326636], [-1.013836380469936, 44.91068282232952], [-1.013560885079695, 44.91092221505157], [-1.013253693099488, 44.91114126570075], [-1.012917762953548, 44.91133786444547], [-1.012556329967568, 44.911510117682965], [-1.012172875205565, 44.91165636628535], [-1.011771091935083, 44.91177520158685], [-1.011354850044073, 44.911865478958326], [-1.010928158752718, 44.91192632883741], [-1.010495127980033, 44.91195716510849], [-1.010059928738165, 44.91195769075099], [-1.009626752936786, 44.911927900701826], [-1.009199772985685, 44.91186808190419], [-1.008783101585655, 44.9117788105422], [-1.008380752095941, 44.91166094648839], [-1.007996599860876, 44.91151562501703], [-1.007634344869025, 44.91134424586413], [-1.00729747610519, 44.911148459739046], [-1.006989237939153, 44.91093015241822], [-1.006712598875269, 44.91069142657453], [-1.006470222964059, 44.910434581517755], [-1.006264444151139, 44.91016209104125], [-1.006097243810303, 44.90987657958896], [-1.005970231676759, 44.90958079697251], [-1.005884630363536, 44.909277591882066], [-1.005841263609481, 44.908969884446385], [-1.00584054837112, 44.90866063810667], [-1.005882490833627, 44.908352831075085], [-1.005966686378266, 44.90804942765287], [-1.006092323505607, 44.90775334968437], [-1.006258191675696, 44.90746744842186], [-1.006462692988717, 44.90719447707173], [-1.006703857592806, 44.906937064286524], [-1.006979362669876, 44.906697688857705]]]]}}]}