{"type": "FeatureCollection", "name": "zone_active", "crs": {"type": "name", "properties": {"name": "urn:ogc:def:crs:OGC:1.3:CRS84"}}, "features": [{"type": "Feature", "properties": {"nb_detections_cluster": 1, "frp_max": 7.85, "frp_moyen": 7.85, "derniere_detection": "2026-07-25T03:30:00", "fetch_timestamp": "2026-07-25T03:30:00"}, "geometry": {"type": "Polygon", "coordinates": [[[-1.096998983195326, 44.77872004139353], [-1.097273475707385, 44.77848045224122], [-1.097579615694815, 44.77826117890444], [-1.097914454858282, 44.77806433285131], [-1.098274768646258, 44.77789180956752], [-1.098657087304131, 44.777745270311385], [-1.099057729279671, 44.777626126124076], [-1.09947283666359, 44.77753552424865], [-1.099898412324407, 44.77747433708833], [-1.100330358380747, 44.77744315381046], [-1.100764515641392, 44.77744227467604], [-1.101196703634241, 44.77747170815019], [-1.101622760839646, 44.7775311708206], [-1.102038584741741, 44.7776200901251], [-1.102440171313, 44.77773760986208], [-1.102823653552788, 44.77788259843081], [-1.103185338709565, 44.778053659722474], [-1.10352174382903, 44.77824914655747], [-1.103829629286454, 44.77846717653951], [-1.104106029980625, 44.77870565017468], [-1.10434828388924, 44.77896227108091], [-1.104554057710726, 44.77923456809383], [-1.10472136934534, 44.779519919056334], [-1.104848606998692, 44.77981557606332], [-1.104934544723089, 44.780118691918545], [-1.104978354246362, 44.78042634754913], [-1.10497961297335, 44.78073558011419], [-1.104938308082073, 44.781043411536544], [-1.104854836674097, 44.7813468771832], [-1.104730001976646, 44.78164305441824], [-1.10456500563198, 44.781929090753046], [-1.104361436147387, 44.782202231322785], [-1.104121253616111, 44.782459845424064], [-1.103846770855661, 44.78269945185814], [-1.103540631144562, 44.7829187428352], [-1.103205782771526, 44.783115606209236], [-1.102845450642, 44.78328814582891], [-1.102463105215454, 44.78343469980815], [-1.10206242907282, 44.78355385653995], [-1.10164728143641, 44.78364446829921], [-1.101221660984584, 44.783705662302836], [-1.100789667320013, 44.78373684912055], [-1.10035546146347, 44.78373772835527], [-1.099923225754571, 44.783708291538034], [-1.099497123546663, 44.78364882220966], [-1.099081259085036, 44.78355989318816], [-1.098679637955894, 44.78344236104852], [-1.098296128487911, 44.783297357868165], [-1.097934424478995, 44.783126280317376], [-1.09759800960792, 44.78293077620062], [-1.097290123874166, 44.78271272857829], [-1.097013732389565, 44.78247423762221], [-1.096771496822499, 44.78221760038009], [-1.096565749769688, 44.781945288644096], [-1.096398472302166, 44.78165992513708], [-1.096271274901307, 44.78136425824626], [-1.096185381967917, 44.78106113554773], [-1.096141620052876, 44.780753476377306], [-1.096140409921785, 44.78044424371193], [-1.096181762529112, 44.780136415632654], [-1.09626527893959, 44.77983295664398], [-1.096390154196574, 44.77953678912596], [-1.096555185099122, 44.7792507651938], [-1.09675878181191, 44.77897763923568], [-1.096998983195326, 44.77872004139353]]]}}, {"type": "Feature", "properties": {"nb_detections_cluster": 9, "frp_max": 8.68, "frp_moyen": 6.14, "derniere_detection": "2026-07-25T03:30:00", "fetch_timestamp": "2026-07-25T03:30:00"}, "geometry": {"type": "Polygon", "coordinates": [[[-1.077488948815492, 44.78950940787376], [-1.077763577118702, 44.789269866147585], [-1.078069851919091, 44.78905064588055], [-1.078404823619348, 44.788853858029675], [-1.078765266391934, 44.78868139752014], [-1.079147709240465, 44.788534925005806], [-1.079548469417124, 44.78841585088509], [-1.079963687874716, 44.788325321726354], [-1.080389366412478, 44.78826420923268], [-1.080821406158652, 44.78823310185236], [-1.081255647020073, 44.78823229911567], [-1.081687907719784, 44.78826180875206], [-1.08211402603813, 44.78832134661583], [-1.082529898870812, 44.78841033942083], [-1.082931521719111, 44.78852793025767], [-1.083315027232971, 44.78867298684101], [-1.083676722436572, 44.78884411240707], [-1.084013124278645, 44.789039659157304], [-1.084320993165738, 44.789257744118466], [-1.084597364155874, 44.7894962672671], [-1.084839575512429, 44.78975293174435], [-1.085045294343207, 44.790025265966136], [-1.085212539077619, 44.790310647416995], [-1.085339698565123, 44.790606327898075], [-1.085425547610394, 44.790909459986956], [-1.085469258794906, 44.79121712445436], [-1.085470410470224, 44.79152635837412], [-1.085428990845062, 44.791834183655936], [-1.08534539812574, 44.79213763572579], [-1.085220436707656, 44.7924337920784], [-1.085055309453427, 44.79271980042617], [-1.084851606131122, 44.79299290617371], [-1.084611288123053, 44.793250478952885], [-1.08433666955166, 44.79349003796284], [-1.084030395003683, 44.793709275870505], [-1.083695414066736, 44.79390608104093], [-1.083334952923315, 44.79407855788332], [-1.082973666460992, 44.79421693193534], [-1.083031332741501, 44.79425777855448], [-1.08330772283791, 44.794496305323776], [-1.083549949847009, 44.79475297305511], [-1.08375568072579, 44.79502531013312], [-1.083922933787549, 44.79531069401481], [-1.084050097801445, 44.79560637647792], [-1.084135947528442, 44.79590951008094], [-1.084179655543329, 44.79621717557998], [-1.084180800228066, 44.79652641003899], [-1.084139369858568, 44.79683423536241], [-1.084055762744509, 44.7971376869758], [-1.084013994132822, 44.797236663706265], [-1.084045704839358, 44.79723437986605], [-1.084302879232427, 44.79701005442149], [-1.084609170698931, 44.79679081551543], [-1.084944165624792, 44.79659400739193], [-1.085304637958718, 44.79642152517142], [-1.085687116419598, 44.7962750297168], [-1.08608791791666, 44.79615593164744], [-1.086503183004824, 44.796065377762275], [-1.086928913034341, 44.7960042400025], [-1.087361008637695, 44.7959731070597], [-1.087795309183949, 44.79597227871024], [-1.088227632821541, 44.79600176293022], [-1.088653816724904, 44.79606127581872], [-1.08906975715834, 44.79615024433001], [-1.08947144897232, 44.79626781178865], [-1.089855024152832, 44.79641284613444], [-1.090216789053332, 44.79658395081773], [-1.090553259951512, 44.796779478241035], [-1.090861196589024, 44.796997545617245], [-1.091137633371538, 44.79723605309233], [-1.091379907928886, 44.7974927039583], [-1.09158568676025, 44.797765026762235], [-1.091752987717194, 44.79805039909861], [-1.09188019910767, 44.79834607285642], [-1.091966095236402, 44.79864920067802], [-1.092009848231294, 44.79895686337527], [-1.092011036041087, 44.799266098039105], [-1.091969646526308, 44.79957392657206], [-1.091886077603087, 44.79987738436889], [-1.091828049753257, 44.800014932523055], [-1.091855599878294, 44.80001294646826], [-1.091867805936551, 44.799999863026486], [-1.092142424214319, 44.799760284838094], [-1.092448700091175, 44.79954102407693], [-1.092783683959182, 44.79934419209002], [-1.09314414987342, 44.799171684227545], [-1.093526626614502, 44.79902516159936], [-1.093927431108138, 44.79890603508647], [-1.094342703880338, 44.79881545176174], [-1.094768446207333, 44.79875428384982], [-1.095200558603183, 44.79872312033261], [-1.09563488027527, 44.79872226128091], [-1.096067229168647, 44.79875171496646], [-1.096493442214612, 44.798811197782285], [-1.096909415396923, 44.798900136972286], [-1.097311143250798, 44.79901767614336], [-1.097694757415287, 44.79916268350766], [-1.098056563868561, 44.79933376277537], [-1.098393078488292, 44.799529266593765], [-1.09870106059522, 44.799747312403056], [-1.098977544157257, 44.79998580055691], [-1.099219866353848, 44.800242434533395], [-1.099425693225484, 44.800514743042285], [-1.099593042161156, 44.8008001038158], [-1.099720301006803, 44.80109576885425], [-1.099806243610152, 44.801398890884045], [-1.099850041651521, 44.80170655077286], [-1.099851272645791, 44.802015785638744], [-1.099809924037531, 44.80232361738231], [-1.099726393348824, 44.80262708136745], [-1.099601484377341, 44.80292325497421], [-1.099436399480253, 44.80320928574889], [-1.099232728017339, 44.80348241888018], [-1.098992431063731, 44.80374002373629], [-1.098717822538766, 44.80397961920747], [-1.098411546932131, 44.8041988976095], [-1.098076553841377, 44.80439574691745], [-1.097716069565848, 44.80456827111549], [-1.09733356603055, 44.804714808465995], [-1.096932727339455, 44.80483394752218], [-1.096517414280745, 44.804924540729154], [-1.096091627126375, 44.80498571548252], [-1.095934615617376, 44.80499703923235], [-1.095922409420597, 44.80501012314377], [-1.095647781606436, 44.805249711116254], [-1.095341487104616, 44.805468981134354], [-1.095006475694714, 44.80566582125386], [-1.094645973852557, 44.80583833554741], [-1.094263453672388, 44.805984862372824], [-1.093862599418544, 44.80610399038468], [-1.093447272029142, 44.80619457213443], [-1.093021471914208, 44.806255735128055], [-1.092589300407242, 44.806286890233984], [-1.092154920242316, 44.806287737360556], [-1.091722515438293, 44.8062582683481], [-1.091296250977523, 44.80619876704754], [-1.090880232668344, 44.80610980658482], [-1.090478467578984, 44.80599224383784], [-1.090094825424833, 44.805847211178765], [-1.08973300128183, 44.80567610556185], [-1.089396479985789, 44.80548057506187], [-1.089088502561093, 44.805262502993315], [-1.088812035002465, 44.80502398976347], [-1.088569739710672, 44.80476733263453], [-1.088363949857269, 44.80449500359017], [-1.088196646925054, 44.804209625519945], [-1.088069441640137, 44.803913946951255], [-1.087983558478711, 44.803610815572625], [-1.087939823896967, 44.80330315080343], [-1.087938658396696, 44.802993915674485], [-1.087980072501983, 44.802686088290486], [-1.088063666684778, 44.802382633149215], [-1.088121706188894, 44.80224508685472], [-1.088114509804632, 44.80224560536897], [-1.087857326670673, 44.802469940049725], [-1.087551016929742, 44.802689188347955], [-1.087215994809185, 44.80288600475178], [-1.086855486888103, 44.80305849356227], [-1.086528665083301, 44.80318366136719], [-1.086798168816075, 44.80341618798406], [-1.087040450196074, 44.803672848866064], [-1.087246230628272, 44.80394518029055], [-1.087413527948665, 44.80423055976894], [-1.087540730500065, 44.80452623912143], [-1.087626612672151, 44.80482937093648], [-1.087670346727064, 44.80513703598744], [-1.087671510795783, 44.80544627134259], [-1.087630092967319, 44.80575409889776], [-1.087546491430341, 44.80605755405707], [-1.08742151066483, 44.80635371428551], [-1.087256353719421, 44.806639727258165], [-1.087052610647849, 44.806912838335094], [-1.086812243215006, 44.807170417096856], [-1.08653756601915, 44.807409982684995], [-1.0862312242115, 44.80762922770305], [-1.085896168027376, 44.807826040447615], [-1.085535624373973, 44.807998525254945], [-1.085153065748369, 44.80814502076682], [-1.084752176785317, 44.80826411593945], [-1.084336818757355, 44.808354663640614], [-1.083910992369712, 44.80841579170421], [-1.083478799209018, 44.80844691133512], [-1.083044402217967, 44.808447722783406], [-1.082611985577525, 44.80841821823304], [-1.082185714384054, 44.808358681877245], [-1.081769694510719, 44.808269687179646], [-1.081367933040768, 44.80815209134788], [-1.080984299654657, 44.80800702707275], [-1.080622489343784, 44.807835891613045], [-1.080285986810622, 44.807640333330994], [-1.079978032898711, 44.80742223580864], [-1.079701593376168, 44.80718369969838], [-1.079459330373593, 44.80692702248278], [-1.079253576751404, 44.806654676338916], [-1.079086313643311, 44.80636928432099], [-1.078959151391741, 44.8060735950907], [-1.078873314058317, 44.805770456439205], [-1.078829627657774, 44.80546278785586], [-1.078828512227801, 44.80515355240813], [-1.078869977810228, 44.80484572820376], [-1.078953624381226, 44.80454227970982], [-1.079078645730184, 44.804246129205225], [-1.079243837248869, 44.80396012864119], [-1.079447607554911, 44.80368703218079], [-1.079687993836813, 44.80342946968175], [-1.079962680771962, 44.80318992137759], [-1.08026902283486, 44.802970694000535], [-1.080604069780379, 44.802773898576085], [-1.080964595056359, 44.80260143010234], [-1.081291425863993, 44.80247627871787], [-1.081021949414801, 44.8022437387946], [-1.080779701671949, 44.80198706489013], [-1.080573959733178, 44.80171472164902], [-1.080406704619766, 44.80142933209752], [-1.080279546597253, 44.8011336448736], [-1.080193709686646, 44.80083050774905], [-1.080150019898732, 44.80052284019856], [-1.080148897303947, 44.80021360527967], [-1.080190352013245, 44.79990578109503], [-1.080273984107629, 44.799602332111526], [-1.080315761061217, 44.79950335671046], [-1.080243652975397, 44.79950854734574], [-1.080046870412439, 44.79968016954303], [-1.079740545413386, 44.79989939606277], [-1.079405512576088, 44.80009618868752], [-1.079044998582975, 44.80026865194731], [-1.078662475645514, 44.80041512469151], [-1.078261628054751, 44.80053419609554], [-1.077846316684732, 44.80062471925615], [-1.07742054179125, 44.800685822243615], [-1.076988404464885, 44.800716916504335], [-1.076554067110452, 44.80071770253275], [-1.076121713334388, 44.800688172757724], [-1.075695507627428, 44.800628611615366], [-1.075279555231844, 44.80053959280811], [-1.074877862580813, 44.8004219737758], [-1.074494298691809, 44.80027688743271], [-1.074132557886729, 44.80010573125017], [-1.073796124198491, 44.79991015378996], [-1.073488237807465, 44.79969203881886], [-1.073211863831392, 44.799453487157294], [-1.072969663769547, 44.799196796437606], [-1.072763969876158, 44.79892443896687], [-1.072596762709725, 44.79863903790836], [-1.072469652073984, 44.79834334201083], [-1.07238386153356, 44.79804019912959], [-1.07234021665268, 44.797732528794675], [-1.072339137069342, 44.79742329409042], [-1.072380632480344, 44.797115473117344], [-1.072464302574804, 44.79681203031137], [-1.072499453268565, 44.79672877928268], [-1.072108115232457, 44.7967569223226], [-1.071673808402797, 44.79675768923773], [-1.071241487643396, 44.796728140477505], [-1.070815317126904, 44.79666856066098], [-1.070399401756569, 44.796579523670395], [-1.069997747608864, 44.79646188712074], [-1.069614223330321, 44.79631678409505], [-1.069252522861244, 44.7961456122253], [-1.068916129845971, 44.79595002022438], [-1.068608284073067, 44.7957318919991], [-1.068331950269012, 44.79549332849752], [-1.068089789546133, 44.79523662746599], [-1.067884133779764, 44.794964261310916], [-1.0677169631612, 44.79467885327918], [-1.067589887142209, 44.79438315218663], [-1.067504128954073, 44.79408000593863], [-1.067460513849503, 44.79377233409759], [-1.067459461179819, 44.79346309976231], [-1.06750098038272, 44.79315528102972], [-1.067584670918311, 44.79285184231415], [-1.067709726152919, 44.79255570580024], [-1.067874941152332, 44.79226972330442], [-1.068078724308396, 44.79199664881575], [-1.068319112686192, 44.791739111980284], [-1.068593790943217, 44.79149959278435], [-1.068900113637807, 44.79128039767987], [-1.069235130711565, 44.791083637381504], [-1.069595615900153, 44.79091120654914], [-1.069978097798865, 44.790764765550804], [-1.070378893283981, 44.79064572448148], [-1.070794142968417, 44.79055522959124], [-1.071219848350816, 44.79049415225318], [-1.071651910301007, 44.790463080577105], [-1.072086168512074, 44.79046231374947], [-1.072518441540029, 44.790491859153974], [-1.072944567046515, 44.79055143230052], [-1.073360441857996, 44.79064045956321], [-1.073762061456652, 44.79075808370085], [-1.074145558523651, 44.790903172107434], [-1.074507240164413, 44.79107432771278], [-1.074843623458161, 44.79126990242902], [-1.075151468989924, 44.7914880130136], [-1.075427812042489, 44.791726559196356], [-1.075669991148115, 44.79198324389649], [-1.075875673725028, 44.792255595335256], [-1.076042878551617, 44.792540990831256], [-1.07616999486152, 44.792836682050385], [-1.0762557978751, 44.79313982146676], [-1.076299460617027, 44.79344748978045], [-1.076300561905307, 44.79375672402824], [-1.076259090433851, 44.79406454611654], [-1.076175444908266, 44.79436799150209], [-1.076140301133405, 44.79445124362908], [-1.076276557542461, 44.79444143952238], [-1.076473333278703, 44.79426982432007], [-1.076779640345794, 44.79405060724331], [-1.077114646349697, 44.79385382295469], [-1.077475125132558, 44.79368136634508], [-1.077836421684832, 44.79354301023245], [-1.077778759911487, 44.79350216092192], [-1.077502398158042, 44.79326362045373], [-1.077260205172321, 44.793006939643625], [-1.07705451314054, 44.79273459070328], [-1.076887302603416, 44.792449196713875], [-1.076760183397309, 44.79215350635601], [-1.076674379169552, 44.79185036743173], [-1.076630715616359, 44.79154269943299], [-1.076629612555722, 44.79123346542161], [-1.076671079910691, 44.790925643491505], [-1.076754717640714, 44.790622198087796], [-1.076879719620661, 44.79032605145966], [-1.077044881429143, 44.790040055520926], [-1.077248611970191, 44.78976696439014], [-1.077488948815492, 44.78950940787376]]]}}, {"type": "Feature", "properties": {"nb_detections_cluster": 8, "frp_max": 6.27, "frp_moyen": 4.63, "derniere_detection": "2026-07-25T03:30:00", "fetch_timestamp": "2026-07-25T03:30:00"}, "geometry": {"type": "Polygon", "coordinates": [[[-1.126548475190417, 44.845161273256096], [-1.126854864278088, 44.844941914196106], [-1.12718999829185, 44.84474497533846], [-1.12755064984041, 44.84457235306255], [-1.127933345916481, 44.84442570957996], [-1.128334401333573, 44.84430645693548], [-1.128749954201529, 44.844215743416484], [-1.129176003099697, 44.8441544425013], [-1.129608445590496, 44.8441231444525], [-1.130043117703299, 44.844122150636295], [-1.130475834009355, 44.84415147062201], [-1.130902427902802, 44.844210822090126], [-1.131318791700908, 44.844299633549234], [-1.131720916178328, 44.84441704983622], [-1.132104929155646, 44.84456194034651], [-1.132467132771386, 44.84473290991555], [-1.132804039079334, 44.84492831224703], [-1.133112403628882, 44.84514626575846], [-1.133389256705429, 44.84538467169243], [-1.133631931930179, 44.84564123431888], [-1.133838091943907, 44.84591348303486], [-1.134005750927151, 44.84619879614851], [-1.134133293739561, 44.84649442611932], [-1.134219491493514, 44.84679752601163], [-1.134263513411281, 44.84710517690652], [-1.134264934850705, 44.847414416008846], [-1.134223741421136, 44.84772226517865], [-1.134140329148974, 44.84802575961226], [-1.134082357728271, 44.84816332566275], [-1.134348020073418, 44.847931502671905], [-1.134654393811634, 44.847712121885586], [-1.134989517006373, 44.847515159301665], [-1.135350162370415, 44.84734251152799], [-1.135732856955928, 44.84719584102173], [-1.136133915590701, 44.84707656008787], [-1.136549476353537, 44.8469858172862], [-1.136975537747734, 44.846924486377], [-1.137407997215375, 44.8468931579117], [-1.13784269062238, 44.84689213354933], [-1.138275432334987, 44.846921423153375], [-1.138702055502752, 44.84698074469684], [-1.13911845216113, 44.84706952697649], [-1.139520612768449, 44.84718691511016], [-1.139904664797488, 44.84733177876437], [-1.140266910010837, 44.84750272303321], [-1.140603860061826, 44.84769810186395], [-1.140912270078727, 44.84791603390046], [-1.141189169909206, 44.848154420592124], [-1.141431892724321, 44.848410966394255], [-1.141638100706631, 44.84868320086588], [-1.141805807574784, 44.84896850245236], [-1.141933397727326, 44.849264123724296], [-1.14201964182074, 44.84956721782978], [-1.142063708631016, 44.84987486590569], [-1.142065173083615, 44.85018410518409], [-1.142024020373581, 44.850491957523396], [-1.141940646135066, 44.850795458089394], [-1.141815852657646, 44.85109168391006], [-1.141650841184802, 44.85137778202912], [-1.141447200367821, 44.85165099698685], [-1.141206890985399, 44.851908697363534], [-1.140932227075415, 44.85214840112966], [-1.140625853659966, 44.85236779955807], [-1.140290721277799, 44.85256477946788], [-1.139930057569201, 44.852737443585426], [-1.139547336186977, 44.85288412882548], [-1.13914624333312, 44.853003422316846], [-1.138730642243845, 44.853094175017084], [-1.138304535965579, 44.85315551278562], [-1.137872028781106, 44.853186844807354], [-1.137437286658242, 44.85318786928662], [-1.137004497102865, 44.85315857635541], [-1.136577828803997, 44.85309924816861], [-1.136161391460541, 44.85301045618472], [-1.135759196177675, 44.852893055658875], [-1.135375116815184, 44.852748177400755], [-1.135012852660885, 44.852577216877506], [-1.134675892789339, 44.85238182076647], [-1.13436748244967, 44.852163871087875], [-1.134090591806621, 44.85192546707032], [-1.13384788733606, 44.85166890492431], [-1.133641706150462, 44.8513966557189], [-1.133474033501394, 44.85111134157494], [-1.133346483675291, 44.85081571040438], [-1.133260284465945, 44.85051260943957], [-1.1332162653725, 44.85020495780723], [-1.13321484963576, 44.84989571841195], [-1.133256050188564, 44.84958786939981], [-1.133339469558182, 44.84928437547716], [-1.133397443955223, 44.8491468097647], [-1.133131771939172, 44.849378630571685], [-1.132825383164612, 44.84959800727369], [-1.132490239954878, 44.8497949634565], [-1.132160767957745, 44.849952668942976], [-1.1322095876052, 44.849994706604065], [-1.132452277358662, 44.850251272193155], [-1.132658448574907, 44.85052352350698], [-1.132826115326504, 44.850808838828655], [-1.132953662398196, 44.85110447059646], [-1.133039860861232, 44.85140757185738], [-1.133083879930944, 44.85171522367927], [-1.13308529499248, 44.85202446325813], [-1.133044091716502, 44.852332312449384], [-1.132960666224126, 44.85263580644909], [-1.132835821298546, 44.85293202234843], [-1.132670758678767, 44.85321810728659], [-1.132467067508728, 44.85349130593077], [-1.132226709052161, 44.85374898701833], [-1.131951997819681, 44.85398866870547], [-1.131645579289277, 44.854208042477666], [-1.131310404434337, 44.85440499539152], [-1.130949701304347, 44.854577630433326], [-1.130566943931927, 44.8547242847979], [-1.130165818865833, 44.85484354591139], [-1.129750189652652, 44.85493426504332], [-1.129407698240934, 44.85498353621033], [-1.129357084029563, 44.855051413399075], [-1.129116704628421, 44.85530908788221], [-1.128841972493697, 44.85554876199343], [-1.128535533304724, 44.85576812729118], [-1.128200338233898, 44.85596507091366], [-1.12783961552546, 44.856137695936646], [-1.127456839400643, 44.85628433965145], [-1.127055696588871, 44.85640358958682], [-1.126640050807694, 44.85649429711989], [-1.126213905534135, 44.85655558854505], [-1.125781365426687, 44.856586873493654], [-1.125346596770357, 44.85658785062343], [-1.124913787326645, 44.85655851052244], [-1.124487105976147, 44.856499135799915], [-1.124070662543461, 44.856410298362626], [-1.123668468192359, 44.856292853903454], [-1.123284396773563, 44.856147933655286], [-1.122922147498256, 44.8559769334897], [-1.122585209297543, 44.855781500465824], [-1.122276827211651, 44.8555635169594], [-1.121999971133011, 44.85532508252482], [-1.12175730720439, 44.85506849366549], [-1.12155117214759, 44.85479622170773], [-1.121383550769704, 44.85451088899143], [-1.12125605686319, 44.85421524360738], [-1.121169917683109, 44.85391213292473], [-1.12112596215033, 44.85360447616372], [-1.121124612893406, 44.85329523627823], [-1.121165882204854, 44.85298739141905], [-1.121249371949718, 44.852683906252395], [-1.121281904652816, 44.852606757992454], [-1.12106151921582, 44.85279899082992], [-1.12075506464366, 44.85301833445521], [-1.120419858703523, 44.85321525440991], [-1.120059129744451, 44.85338785399773], [-1.120029952097394, 44.85339903009301], [-1.120060212165098, 44.85342509304998], [-1.120302861240625, 44.85368168548306], [-1.120508986155707, 44.85395395966096], [-1.120676601428591, 44.854239293646586], [-1.120804092339575, 44.85453493969841], [-1.120890230500572, 44.85483805072576], [-1.120934185707493, 44.85514570770243], [-1.120935533960394, 44.855454947774625], [-1.120894261573252, 44.855762792792994], [-1.120810765332719, 44.85606627799368], [-1.120685848703332, 44.856362480552534], [-1.120603720203185, 44.85650475440133], [-1.120606332496593, 44.85650437882405], [-1.121038874850502, 44.85647311403941], [-1.121473642693015, 44.856472153779976], [-1.12190644967376, 44.85650150729204], [-1.122333128313903, 44.856560891933206], [-1.122749570114783, 44.85664973589266], [-1.123151765100022, 44.856767183694366], [-1.123535840411284, 44.85691210443024], [-1.123898097586832, 44.857083102644744], [-1.124235048164621, 44.85727853176563], [-1.124543447267613, 44.857496509952504], [-1.124820324848288, 44.85773493821027], [-1.125063014291656, 44.85799152059394], [-1.1252691781013, 44.85826378631019], [-1.125436830420904, 44.85854911350347], [-1.125564356173968, 44.858844754497646], [-1.125650526636818, 44.8591478622508], [-1.125694511294212, 44.8594555177683], [-1.125695885862497, 44.85976475821042], [-1.125654636402107, 44.86007260542428], [-1.125571159478776, 44.86037609462491], [-1.125446258370877, 44.86067230294969], [-1.125281135358394, 44.860958377610665], [-1.125077380166831, 44.86123156337399], [-1.124836954676485, 44.861489229101075], [-1.12456217404359, 44.86172889309601], [-1.124255684414586, 44.86194824701465], [-1.123920437447709, 44.86214517810478], [-1.123559661887093, 44.86231778956287], [-1.123176832463094, 44.8624644188109], [-1.122775636418584, 44.86258365351693], [-1.122359937983936, 44.8626743452048], [-1.121933741143426, 44.8627356203215], [-1.121501151052337, 44.86276688865549], [-1.121066334477212, 44.862767849024486], [-1.120633479641191, 44.86273849217804], [-1.120206755862156, 44.86267910088666], [-1.119790273373436, 44.86259024721671], [-1.119388043715016, 44.86247278701744], [-1.119003941077704, 44.86232785167334], [-1.11864166497336, 44.86215683720135], [-1.118304704591456, 44.86196139079843], [-1.117996305185793, 44.861743394969174], [-1.117719436815523, 44.861504949386635], [-1.117476765741687, 44.86124835066159], [-1.11727062875477, 44.86097607021535], [-1.117103010680306, 44.86069073046956], [-1.116975525278772, 44.86039507958269], [-1.116889399723158, 44.860091964976824], [-1.116845462802943, 44.85978430591002], [-1.11684413696727, 44.85947506535831], [-1.116885434282937, 44.85916722147885], [-1.116968956345158, 44.85886373892844], [-1.117040768934668, 44.85869349373581], [-1.117016518467199, 44.85871947867882], [-1.116741718014331, 44.858959123104654], [-1.116435212957443, 44.85917845523889], [-1.11609995510349, 44.85937536253906], [-1.115739173301576, 44.85954794843083], [-1.115356342342268, 44.85969455058235], [-1.1149551494833, 44.859813756922684], [-1.11453945892442, 44.85990441924887], [-1.114113274574073, 44.85996566429074], [-1.113680701467247, 44.85999690212642], [-1.113245906206877, 44.85999783186738], [-1.112813076810762, 44.85996844455823], [-1.112386382351692, 44.85990902326284], [-1.111969932780507, 44.85982014033662], [-1.111567739320048, 44.8597026519106], [-1.111183675812367, 44.85955768964114], [-1.110821441392334, 44.85938664980451], [-1.110484524847819, 44.859191179842], [-1.110176171010298, 44.85897316248506], [-1.109899349499937, 44.85873469761407], [-1.109656726126367, 44.85847808202559], [-1.109450637220589, 44.8582057873033], [-1.109283067145012, 44.85792043600625], [-1.109155629197811, 44.857624776404194], [-1.109069550094937, 44.85732165600308], [-1.109025658178521, 44.857013994116706], [-1.109024375464331, 44.85670475374824], [-1.10906571360395, 44.856396913053004], [-1.10914927379953, 44.85609343665709], [-1.109274250670906, 44.85579724710824], [-1.109439440036824, 44.8555111967339], [-1.109643250534352, 44.85523804017696], [-1.109883718963764, 44.85498040787396], [-1.110158529210327, 44.85474078073077], [-1.110465034560203, 44.85452146623888], [-1.110800283195182, 44.85432457626273], [-1.111161046620438, 44.854152006710954], [-1.111543850751608, 44.85400541928743], [-1.111945009361948, 44.853886225497114], [-1.112360659567866, 44.85379557306069], [-1.112662995810478, 44.85375212613827], [-1.11270326708783, 44.85369814590702], [-1.112943714888354, 44.853440507103706], [-1.113218504545546, 44.85320087250464], [-1.113524989543813, 44.85298154967318], [-1.113860218260883, 44.85278465055405], [-1.114220962393692, 44.85261207114398], [-1.114250140787719, 44.852600896578416], [-1.114219883860104, 44.852574832044674], [-1.113977267355733, 44.852318226407604], [-1.113771180106307, 44.85204594024619], [-1.113603606458435, 44.851760596037124], [-1.113476159744852, 44.851464941981824], [-1.113390066766111, 44.85116182553288], [-1.113346155998143, 44.850854165966055], [-1.113344849638433, 44.850544926262195], [-1.113386159566439, 44.85023708457025], [-1.113469687256143, 44.84993360552593], [-1.113594627640542, 44.849637411702545], [-1.113759776889855, 44.8493513554687], [-1.113963544027557, 44.84907819152372], [-1.114203966271518, 44.84882055037537], [-1.114478727951786, 44.84858091301467], [-1.114785182822202, 44.84836158703153], [-1.115120379550621, 44.84816468440107], [-1.115481090142001, 44.84799210115379], [-1.115863841020672, 44.84784549912545], [-1.11626494647259, 44.84772628996164], [-1.116680544125947, 44.84763562153107], [-1.117106632128975, 44.84757436687787], [-1.117539107667656, 44.84754311581921], [-1.117973806453217, 44.847542169268756], [-1.118406542800121, 44.84757153634077], [-1.118833149909547, 44.84763093426234], [-1.119249519971482, 44.847719791094775], [-1.119651643700214, 44.84783725123799], [-1.120035648923442, 44.84798218366518], [-1.120397837854241, 44.84815319280812], [-1.120734722687654, 44.84834863198941], [-1.121043059179693, 44.84856661927169], [-1.121319877885751, 44.848805055572335], [-1.121562512757814, 44.84906164486883], [-1.121768626825044, 44.849333916301305], [-1.121936234710241, 44.84961924795913], [-1.122063721764947, 44.84991489212317], [-1.122149859638323, 44.85021800172096], [-1.122193818129162, 44.85052565774005], [-1.122195173206016, 44.85083489733589], [-1.122153911117255, 44.85114274236372], [-1.122070428550463, 44.85144622805961], [-1.122037897602575, 44.85152337652173], [-1.122258274693008, 44.85133114182505], [-1.122564714189869, 44.85111179416952], [-1.122899900057502, 44.850914867872014], [-1.123260604405343, 44.85074225919096], [-1.123643353717744, 44.850595630207046], [-1.124044462295671, 44.850476392825435], [-1.124460067737159, 44.850385695186546], [-1.124802535453389, 44.85033643935706], [-1.124853150919877, 44.85026856434828], [-1.125093528308426, 44.850010899516754], [-1.125368249351252, 44.84977123511077], [-1.125674668193364, 44.849551878980726], [-1.126009833849393, 44.84935494339205], [-1.126339319608874, 44.84919725619346], [-1.12629050504784, 44.849155215961574], [-1.126047848174752, 44.8488986369926], [-1.125841714963128, 44.848626373544825], [-1.125674090202444, 44.848341047876204], [-1.125546587717894, 44.848045408009696], [-1.125460434847325, 44.84774230126131], [-1.125416460643621, 44.847434646813426], [-1.125415087915316, 44.84712540759771], [-1.125456329181118, 44.846817561758435], [-1.125539786576309, 44.84651407397138], [-1.125664655710859, 44.8462178668941], [-1.125829733441116, 44.84593179302289], [-1.12603342947923, 44.84565860722706], [-1.126273781727671, 44.84540094022476], [-1.126548475190417, 44.845161273256096]]]}}, {"type": "Feature", "properties": {"nb_detections_cluster": 3, "frp_max": 4.26, "frp_moyen": 4.17, "derniere_detection": "2026-07-25T03:30:00", "fetch_timestamp": "2026-07-25T03:30:00"}, "geometry": {"type": "Polygon", "coordinates": [[[-1.097823903316124, 44.858400018421385], [-1.098098781747525, 44.85816042087145], [-1.098405352849624, 44.85794113943803], [-1.098740664171188, 44.85774428566716], [-1.099101486613915, 44.85757175511884], [-1.099484345525304, 44.85742520912135], [-1.099885554151272, 44.85730605878072], [-1.100301249126762, 44.85721545139921], [-1.100727427663105, 44.85715425943312], [-1.101159986074727, 44.857123072096], [-1.101594759275041, 44.85712218968797], [-1.102027560862093, 44.85715162070566], [-1.102454223408944, 44.85721108176039], [-1.1028706385718, 44.85730000030558], [-1.103272796630643, 44.85741752014696], [-1.10365682508252, 44.8575625096828], [-1.104019025916694, 44.857733572795], [-1.104355911213397, 44.85792906228641], [-1.104664236723941, 44.85814709573524], [-1.10494103310919, 44.85838557361419], [-1.105183634535758, 44.85864219950039], [-1.105389704354545, 44.85891450218148], [-1.105557257614115, 44.859199859445866], [-1.10568468019171, 44.85949552332773], [-1.105770744357076, 44.859798646564634], [-1.105814620618525, 44.86010631001268], [-1.105815885736227, 44.86041555075567], [-1.105774526824669, 44.86072339063767], [-1.105690941503707, 44.86102686494423], [-1.105659460262942, 44.86110145525387], [-1.105878328347285, 44.86091064965538], [-1.106184884085115, 44.86069134654674], [-1.106520184556456, 44.86049446910631], [-1.106881000767377, 44.86032191312202], [-1.107263858125285, 44.86017534016706], [-1.107665069890985, 44.86005616160707], [-1.108080772669133, 44.859965525016065], [-1.108506963595892, 44.859904303131586], [-1.108939538866375, 44.85987308545526], [-1.109374333231673, 44.859872172579344], [-1.109807160086069, 44.85990157329385], [-1.11023385175938, 44.85996100450187], [-1.110650299627425, 44.86004989394424], [-1.111052493655349, 44.8601673857069], [-1.111436560993943, 44.860312348458514], [-1.111798803258124, 44.8604833863389], [-1.112135732129284, 44.86067885239388], [-1.112444102939238, 44.86089686442738], [-1.11272094591273, 44.86113532311831], [-1.112963594767827, 44.86139193222861], [-1.113169712398771, 44.86166422070754], [-1.113337313393744, 44.86194956648024], [-1.113464783170319, 44.86224522169168], [-1.113550893543713, 44.8625483391629], [-1.113594814577218, 44.862855999805596], [-1.113596122599786, 44.86316524073063], [-1.113554804312638, 44.8634730837804], [-1.113471256944303, 44.86377656420994], [-1.11343986563648, 44.86385096448189], [-1.113657874934733, 44.8636608784649], [-1.113964415303801, 44.86344155368362], [-1.114299704920588, 44.863244652575936], [-1.114660514895571, 44.863072071157674], [-1.115043370696115, 44.86292547124695], [-1.115444585597944, 44.86280626446899], [-1.11586029617546, 44.86271559866952], [-1.116286499489696, 44.86265434686734], [-1.116719091616473, 44.86262309885211], [-1.117153907144589, 44.862622155508284], [-1.117586759264585, 44.86265152591918], [-1.118013480063048, 44.86271092727973], [-1.118429960635424, 44.86279978761818], [-1.118832190632029, 44.862917251300665], [-1.119216296857403, 44.86306218726627], [-1.119578580552117, 44.863233199912756], [-1.119915552998715, 44.863428642528945], [-1.120223969109509, 44.86364663314445], [-1.120500858673107, 44.8638850726445], [-1.120743554959014, 44.86414166497581], [-1.120949720404786, 44.864413939249296], [-1.121117369138202, 44.8646992735269], [-1.121244886117136, 44.86499492006433], [-1.121331042702243, 44.86529803176626], [-1.121375008511761, 44.86560568959993], [-1.121376359443384, 44.865914930703326], [-1.121335081785028, 44.86622277691717], [-1.121251572373851, 44.866526263466106], [-1.121126634800989, 44.86682246751299], [-1.120961471697517, 44.867108536311086], [-1.120757673174983, 44.86738171468297], [-1.120517201530961, 44.8676393715612], [-1.120242372366181, 44.8678790253351], [-1.119935832294516, 44.86809836775894], [-1.119600533460069, 44.868295286191184], [-1.119239705106591, 44.868467883950245], [-1.118856822472991, 44.86861449859002], [-1.118455573314727, 44.86873371791929], [-1.118039822373851, 44.868824393609955], [-1.117613574140471, 44.8688856522631], [-1.117180934264984, 44.8689169038258], [-1.116746069993549, 44.86891784727729], [-1.116313170008803, 44.86888847353006], [-1.115886404063572, 44.86882906551743], [-1.115469882797378, 44.86874019546682], [-1.115067618123745, 44.868622719385264], [-1.11468348457075, 44.8684777688102], [-1.114321181948011, 44.86830673990531], [-1.113984199700373, 44.86811128000656], [-1.113675783292176, 44.867893271748486], [-1.113398902946239, 44.86765481492386], [-1.113156225038827, 44.86739820625175], [-1.112950086426111, 44.86712591724921], [-1.11278247194913, 44.866840570420294], [-1.112654995333556, 44.866544913991675], [-1.112568883667592, 44.86624179543881], [-1.112524965606785, 44.86593413405767], [-1.11252366341848, 44.86562489284662], [-1.112564988941587, 44.865317049969086], [-1.112648543499531, 44.86501357007221], [-1.112679936505668, 44.86493916999639], [-1.112461918934502, 44.86512925417073], [-1.112155363484443, 44.86534857492188], [-1.111820053786913, 44.86554546968613], [-1.111459219190402, 44.865718042009874], [-1.111076334994049, 44.865864629691906], [-1.110675088968436, 44.86598382080069], [-1.110259345825498, 44.86607446727996], [-1.109833109980264, 44.866135696012186], [-1.109400486963818, 44.86616691723255], [-1.108965643859917, 44.86616783021263], [-1.108532769147274, 44.86613842615843], [-1.108106032335239, 44.866078988295136], [-1.107689543782649, 44.86599008913772], [-1.107287315087845, 44.86587258497357], [-1.106903220432261, 44.86572760761062], [-1.106540959250758, 44.865556553470554], [-1.106204020588929, 44.86536107013237], [-1.105895649491204, 44.86514304045637], [-1.1056188157439, 44.864904564441574], [-1.105376185274394, 44.86464793899188], [-1.105170094481895, 44.86437563578586], [-1.105002527746834, 44.864090277464356], [-1.104875098335051, 44.863794612364664], [-1.104789032880129, 44.8634914880457], [-1.104745159592587, 44.86318382385896], [-1.104743900308623, 44.862874582829754], [-1.104785266454017, 44.8625667431197], [-1.104868858961075, 44.86226326934541], [-1.10490034190321, 44.8621886792322], [-1.104681465515131, 44.86237948298078], [-1.104374894691173, 44.862598782056665], [-1.104039574134893, 44.862795653150634], [-1.103678733299482, 44.862968200036974], [-1.10329584754426, 44.863114760759586], [-1.102894604654905, 44.863233923646526], [-1.102478869313195, 44.86332454091338], [-1.102052645859052, 44.863385739723974], [-1.101620039704213, 44.86341693060173], [-1.101185217770014, 44.86341781311044], [-1.10075236833122, 44.86338837874964], [-1.100325660653691, 44.863328911036454], [-1.099909204815563, 44.86323998277336], [-1.099507012099984, 44.86312245052809], [-1.099122956341747, 44.86297744637902], [-1.098760736600955, 44.86280636700585], [-1.098423841523947, 44.86261086023062], [-1.098115515735265, 44.86239280913934], [-1.097838728584731, 44.86215431393726], [-1.097596145550848, 44.861897671713045], [-1.097390102575893, 44.86162535430684], [-1.097222583579709, 44.86133998449614], [-1.097095201368336, 44.86104431072894], [-1.097009182120769, 44.86074118064754], [-1.096965353602536, 44.860433513658876], [-1.09696413721872, 44.8601242728152], [-1.097005543982019, 44.859816436276304], [-1.09708917443366, 44.85951296862819], [-1.097214222516873, 44.8592167923343], [-1.097379483364643, 44.858930759594344], [-1.097583364925719, 44.85865762488132], [-1.097823903316124, 44.858400018421385]]]}}, {"type": "Feature", "properties": {"nb_detections_cluster": 3, "frp_max": 10.08, "frp_moyen": 9.67, "derniere_detection": "2026-07-25T03:30:00", "fetch_timestamp": "2026-07-25T03:30:00"}, "geometry": {"type": "Polygon", "coordinates": [[[-1.093768583392224, 44.86432028835039], [-1.094075205030605, 44.864101018442256], [-1.094410568311284, 44.863904177361704], [-1.094771443635669, 44.86373166054651], [-1.095154355842107, 44.86358512919268], [-1.095555617663405, 44.863465994265276], [-1.09597136522237, 44.86337540291814], [-1.096397595224094, 44.863314227453124], [-1.096830203487538, 44.86328305692494], [-1.097265024446176, 44.86328219147182], [-1.097697871238274, 44.863311639427145], [-1.098124576001679, 44.86337111723917], [-1.098541029986142, 44.86346005219993], [-1.098943223097856, 44.86357758795708], [-1.099327282496347, 44.86372259275567], [-1.099689509872868, 44.863893670330604], [-1.100026417052021, 44.86408917334547], [-1.100334759574336, 44.86430721924827], [-1.100611567936765, 44.86454570839172], [-1.100854176190472, 44.86480234424448], [-1.10106024762048, 44.865074655498226], [-1.101227797259686, 44.86536001985875], [-1.101355211020032, 44.86565568929191], [-1.101441261256013, 44.865958816481765], [-1.101485118609915, 44.86626648224634], [-1.101486360023832, 44.86657572364709], [-1.101444972840376, 44.866883562521714], [-1.101361354951541, 44.86718703416544], [-1.101306298437289, 44.86731744256858], [-1.101578128201829, 44.86708051801646], [-1.101884734415815, 44.86686122634945], [-1.102220086803963, 44.86666436150797], [-1.102580955872455, 44.866491819158654], [-1.102963866519786, 44.86634526074336], [-1.103365131493698, 44.86622609748772], [-1.103780886886587, 44.86613547681838], [-1.10420712932808, 44.86607427131955], [-1.104639754517345, 44.866043070335124], [-1.105074596724893, 44.86604217429659], [-1.105507468884417, 44.86607159183183], [-1.105934202889557, 44.866131039682024], [-1.106350689708567, 44.86621994542773], [-1.106752918931558, 44.86633745299787], [-1.107137017370433, 44.86648243090894], [-1.107499286340616, 44.86665348315476], [-1.107836237266297, 44.86684896264284], [-1.10814462526685, 44.86706698704771], [-1.108421480401388, 44.86730545692918], [-1.108664136270755, 44.867562075941386], [-1.108870255701517, 44.86783437293822], [-1.109037853264368, 44.86811972576282], [-1.109165314409775, 44.86841538649214], [-1.109251411035908, 44.86871850789413], [-1.10929531333828, 44.86902617084258], [-1.109296597826066, 44.86933541242615], [-1.109255251426988, 44.869643254480806], [-1.109171671640168, 44.86994673227122], [-1.109140850989407, 44.87001975770827], [-1.109357674712305, 44.86983074682555], [-1.109664265559929, 44.86961143348581], [-1.109999607096639, 44.869414544976976], [-1.110360469933, 44.86924197719358], [-1.110743379027422, 44.86909539182244], [-1.111144647142527, 44.86897620034875], [-1.11156041034041, 44.86888555047087], [-1.111986665175508, 44.86882431505426], [-1.112419307227644, 44.86879308373087], [-1.112854170604968, 44.86879215722438], [-1.113287068037368, 44.86882154445599], [-1.113713831175181, 44.8688809624587], [-1.114130350706217, 44.86896983910044], [-1.114532615905686, 44.869087318590424], [-1.114916753239161, 44.8692322697155], [-1.115279063647646, 44.86940329672744], [-1.115616058156409, 44.86959875277677], [-1.115924491465245, 44.86981675576368], [-1.116201393197064, 44.87005520645434], [-1.116444096504075, 44.87031180868762], [-1.116650263756092, 44.87058409147907], [-1.116817909063348, 44.87086943280866], [-1.116945417416552, 44.87116508486409], [-1.117031560259256, 44.87146820049687], [-1.117075507341875, 44.87177586063642], [-1.117076834742287, 44.87208510239845], [-1.11703552897487, 44.87239294761731], [-1.116951987147353, 44.87269643152721], [-1.116827013162943, 44.8729926313164], [-1.116661810003293, 44.87327869427911], [-1.116457968165656, 44.873551865294075], [-1.116217450364731, 44.87380951336475], [-1.115942572645777, 44.8740491569652], [-1.115635982090311, 44.87426848794768], [-1.115300631328702, 44.87446539378087], [-1.114939750104888, 44.87463797790451], [-1.11455681416708, 44.874784578003805], [-1.114155511784233, 44.874903782027566], [-1.113739708211143, 44.87499444179514], [-1.113313408444965, 44.875055684060996], [-1.112880718632559, 44.875086918929995], [-1.112445806501168, 44.87508784554222], [-1.112012861194503, 44.87505845497237], [-1.111586052902002, 44.87499903031576], [-1.111169492671127, 44.874910143960136], [-1.110767192790741, 44.87479265206961], [-1.110383028128037, 44.87464768633386], [-1.110020698792261, 44.8744766430626], [-1.109683694485506, 44.87428116973016], [-1.10937526088451, 44.8740631491005], [-1.109098368377592, 44.87382468108547], [-1.108855683458033, 44.87356806251196], [-1.108649543049402, 44.873295764992356], [-1.108481932009888, 44.87301041111271], [-1.108354464031893, 44.87271474916759], [-1.108268366120266, 44.872411626685555], [-1.108224466797919, 44.872103963000406], [-1.108223188151571, 44.87179472113263], [-1.108264541793254, 44.871486879252004], [-1.108348128775458, 44.871183401996014], [-1.108378951095916, 44.87111037675199], [-1.108162119137116, 44.87129938580039], [-1.107855513205654, 44.87151869511009], [-1.107520151584078, 44.8717155772752], [-1.107159264121037, 44.87188813596336], [-1.106776326624931, 44.87203470910483], [-1.106375027379801, 44.872153884908045], [-1.105959231610274, 44.87224451546415], [-1.105532944238375, 44.87230572780899], [-1.105100271291588, 44.87233693233564], [-1.104665380334693, 44.87233782847642], [-1.10423246030741, 44.872308407599526], [-1.10380568115563, 44.87224895309224], [-1.103389153646059, 44.87216003762981], [-1.102986889752298, 44.87204251765668], [-1.102602763994827, 44.87189752513306], [-1.102240476108058, 44.871726456626654], [-1.101903515394757, 44.87153095985481], [-1.10159512711168, 44.87131291780727], [-1.101318281210572, 44.871074430602164], [-1.101075643735753, 44.87081779525111], [-1.100869551153767, 44.87054548352809], [-1.100701987862133, 44.87026011815595], [-1.100574567093365, 44.86996444753984], [-1.100488515397636, 44.86966131929183], [-1.100444660852788, 44.86935365280118], [-1.100443425114347, 44.869044411115354], [-1.100484819381186, 44.86873657240233], [-1.100568444314644, 44.86843310126904], [-1.100623503636366, 44.86830269318544], [-1.100351663927509, 44.868539615492686], [-1.100045042561983, 44.86875890304346], [-1.099709670039314, 44.86895576144691], [-1.099348776313259, 44.86912829459957], [-1.098965837252637, 44.869274840677576], [-1.098564541156632, 44.869393988150044], [-1.098148753219595, 44.86948458938101], [-1.097722478288142, 44.869545771688806], [-1.097289822269936, 44.86957694575575], [-1.096854952566687, 44.869577811307636], [-1.096422057913363, 44.86954836000726], [-1.095995308011394, 44.86948887553494], [-1.095578813345681, 44.86939993085457], [-1.095176585573386, 44.869282382692006], [-1.094792498866971, 44.86913736327897], [-1.094430252584612, 44.86896626944216], [-1.094093335628246, 44.86877074914291], [-1.093784992833078, 44.86855268559751], [-1.093508193712639, 44.86831417913115], [-1.093265603860602, 44.868057526940916], [-1.093059559284777, 44.867785200963], [-1.092892043920279, 44.86749982405742], [-1.092764670538004, 44.867204144740406], [-1.092678665231751, 44.86690101070777], [-1.092634855632614, 44.86659334140443], [-1.092633662963305, 44.866284099904924], [-1.092675098007988, 44.86597626437534], [-1.092758761035385, 44.86567279939192], [-1.092883845674894, 44.86537662739243], [-1.093049146707353, 44.865090600535154], [-1.093253071694457, 44.86481747323644], [-1.093493656333989, 44.864559875651054], [-1.093768583392224, 44.86432028835039]]]}}, {"type": "Feature", "properties": {"nb_detections_cluster": 2, "frp_max": 3.44, "frp_moyen": 3.44, "derniere_detection": "2026-07-25T03:30:00", "fetch_timestamp": "2026-07-25T03:30:00"}, "geometry": {"type": "Polygon", "coordinates": [[[-1.100422294058893, 44.882370087690404], [-1.100697278767614, 44.88213048188293], [-1.101003970618532, 44.88191119160414], [-1.101339415997492, 44.881714328485245], [-1.101700384515212, 44.88154178817625], [-1.102083400112593, 44.88139523209942], [-1.102484774526869, 44.88127607145781], [-1.102900642796744, 44.88118545365294], [-1.103327000465097, 44.88112425124142], [-1.10375974212175, 44.881093053537384], [-1.104194700915942, 44.88109216094076], [-1.104627688658952, 44.88112158204631], [-1.10505453613165, 44.8811810335608], [-1.105471133209883, 44.8812699430295], [-1.105873468422206, 44.88138745434551], [-1.106257667560047, 44.88153243598926], [-1.10662003096924, 44.881703491918614], [-1.106957069164608, 44.881898975005626], [-1.107265536425131, 44.88211700289016], [-1.107542462046591, 44.88235547609856], [-1.107785178950919, 44.882612098252885], [-1.107991349376721, 44.88288439817678], [-1.108158987403365, 44.88316975368519], [-1.108286478091352, 44.883465416829246], [-1.10837259305402, 44.88376854035362], [-1.108416502309937, 44.88407620511168], [-1.108417782300944, 44.88438544817463], [-1.108376419997688, 44.884693291364215], [-1.108292813052093, 44.884996769934105], [-1.10828154239365, 44.885023466174694], [-1.108456826450189, 44.88487071013019], [-1.108763502958584, 44.88465139823688], [-1.109098937498428, 44.88445451151372], [-1.109459899784706, 44.884281945837984], [-1.109842913818223, 44.884135362876215], [-1.110244291351204, 44.88401617409041], [-1.110660167392262, 44.88392552715301], [-1.111086537409419, 44.88386429490122], [-1.111519295873579, 44.88383306693646], [-1.111954275772156, 44.88383214395009], [-1.112387288713248, 44.8838615348294], [-1.112814165235149, 44.883920956572275], [-1.113230794934059, 44.884009837010645], [-1.113633166024517, 44.88412732031715], [-1.114017403952564, 44.884272275241884], [-1.114379808690621, 44.88444330600009], [-1.114716890355642, 44.884638765706136], [-1.115025402808121, 44.88485677222508], [-1.115302374908755, 44.88509522628903], [-1.115545139131978, 44.88535183170441], [-1.11575135726079, 44.88562411745613], [-1.115919042915233, 44.8859094614956], [-1.116046580697172, 44.88620511598447], [-1.11613274176643, 44.88650823375082], [-1.116176695697531, 44.886815895703464], [-1.116178018502029, 44.88712513894072], [-1.116136696738188, 44.887432985282686], [-1.116053127667422, 44.88773646995274], [-1.115928115454967, 44.88803267013183], [-1.115762863450322, 44.888318733110395], [-1.115558962620893, 44.88859190376703], [-1.115318376249303, 44.88884955110863], [-1.115043421041049, 44.889089193616236], [-1.114736744823858, 44.88930852315271], [-1.114401301053078, 44.889505427200575], [-1.114040320368464, 44.88967800921676], [-1.113657279476246, 44.88982460690678], [-1.113255867656368, 44.88994380824268], [-1.112839951217838, 44.89003446506964], [-1.112413536245092, 44.890095704170506], [-1.111980729994841, 44.890126935680556], [-1.111545701316063, 44.890127858772274], [-1.111112640475258, 44.89009846455424], [-1.11068571877489, 44.890039036156935], [-1.11026904835494, 44.88995014600413], [-1.109866642565761, 44.8898326502965], [-1.109482377294759, 44.88968768076052], [-1.10911995362029, 44.88951663374249], [-1.108782862153115, 44.88932115675283], [-1.108474349409433, 44.88910313259072], [-1.108197386539736, 44.88886466120208], [-1.10795464071485, 44.88860803944624], [-1.107748449444738, 44.88833573896626], [-1.107580798077194, 44.88805038237672], [-1.107453300692723, 44.887754717998234], [-1.107367184579056, 44.88745159338285], [-1.107323278434045, 44.88714392788488], [-1.107322004409748, 44.886834684542315], [-1.107363374073302, 44.88652684153906], [-1.107446988322535, 44.88622336352345], [-1.107458259618781, 44.886196667357495], [-1.107282968704545, 44.88634942188954], [-1.106976277135216, 44.88656872981142], [-1.106640822516808, 44.886765610254294], [-1.106279835593667, 44.886938166902375], [-1.105896793132208, 44.887084737705514], [-1.10549538442756, 44.88720391089467], [-1.105079475758787, 44.88729453858624], [-1.104653073135512, 44.887355747843564], [-1.104220283695507, 44.887386949089525], [-1.103785276125819, 44.88738784178798], [-1.103352240489586, 44.88735841734034], [-1.102925347846447, 44.887298959168234], [-1.102508710056432, 44.887210039982264], [-1.102106340155511, 44.8870925162627], [-1.101722113685326, 44.88694752000584], [-1.101359731350404, 44.88677644781535], [-1.101022683363231, 44.8865809474441], [-1.10071421582112, 44.88636290191646], [-1.10043729943911, 44.88612441138411], [-1.100194600940201, 44.8858677728907], [-1.099988457378479, 44.88559545824051], [-1.099820853642205, 44.88531009018453], [-1.099693403353118, 44.88501441715378], [-1.099607333345371, 44.88471128678358], [-1.099563471872806, 44.88440361848363], [-1.099562240657294, 44.88409437531883], [-1.099603650853772, 44.88378653547136], [-1.099687302969808, 44.88348306355907], [-1.099812390739418, 44.88318688208653], [-1.099977708912859, 44.88290084330327], [-1.100181664886346, 44.882627701740496], [-1.100422294058893, 44.882370087690404]]]}}, {"type": "Feature", "properties": {"nb_detections_cluster": 2, "frp_max": 3.44, "frp_moyen": 3.44, "derniere_detection": "2026-07-25T03:30:00", "fetch_timestamp": "2026-07-25T03:30:00"}, "geometry": {"type": "Polygon", "coordinates": [[[-1.096082047760005, 44.888519944681875], [-1.096357081121937, 44.88828034915925], [-1.096663823528681, 44.888061070443285], [-1.096999320879278, 44.88786422005379], [-1.097360342284036, 44.88769169351827], [-1.09774341117465, 44.887545152126265], [-1.098144838775267, 44.88742600693948], [-1.098560759612536, 44.88733540521057], [-1.098987168723255, 44.887274219341386], [-1.099419960202001, 44.88724303848674], [-1.099854966718366, 44.887242162884334], [-1.100287999624187, 44.8872716009653], [-1.100714889265535, 44.887331069272925], [-1.101131525112258, 44.88741999519083], [-1.101533895319639, 44.88753752245369], [-1.101918125342136, 44.887682519388356], [-1.102280515228173, 44.887853589805495], [-1.102617575237572, 44.88804908643763], [-1.102926059439189, 44.88826712679418], [-1.103202996965576, 44.88850561128138], [-1.103445720623911, 44.88876224341267], [-1.103651892587623, 44.889034551915614], [-1.103819526921122, 44.889319914522495], [-1.103947008720309, 44.8896155832161], [-1.10403310968396, 44.88991871068761], [-1.104076999965287, 44.890226377752356], [-1.1040782561887, 44.890535621459286], [-1.104036865553587, 44.89084346362394], [-1.103954206703148, 44.891143381112414], [-1.104106629690381, 44.89101057711602], [-1.104413356741436, 44.89079127681373], [-1.104748843231348, 44.890594402850674], [-1.105109858374898, 44.89042185098131], [-1.105492925663977, 44.89027528273924], [-1.105894356338077, 44.89015610944465], [-1.1063102848942, 44.89006547862087], [-1.106736706294786, 44.890004262949915], [-1.107169514516063, 44.889973051873554], [-1.107604542066421, 44.889972145920495], [-1.1080376000952, 44.8900015538141], [-1.108464518706611, 44.89006099238835], [-1.108881187091624, 44.89014988931314], [-1.10928359309229, 44.89026738860235], [-1.109667861818507, 44.89041235885219], [-1.110030292946111, 44.890583404130304], [-1.110367396337899, 44.89077887741124], [-1.110675925645081, 44.89099689642937], [-1.110952909565955, 44.8912353617964], [-1.111195680461018, 44.89149197720988], [-1.111401900048885, 44.89176427155846], [-1.111569581935395, 44.89204962271072], [-1.111697110758542, 44.89234528275981], [-1.111783257764252, 44.89264840448022], [-1.11182719266232, 44.89295606874268], [-1.111828491647431, 44.89326531262322], [-1.111787141507089, 44.89357315793572], [-1.111703539775853, 44.89387663991346], [-1.111578490933383, 44.894172835763236], [-1.111413198681861, 44.89445889281724], [-1.111209254376237, 44.89473205601105], [-1.11096862171781, 44.89498969442338], [-1.110693617857858, 44.89522932662136], [-1.110386891092695, 44.89544864456702], [-1.110051395364548, 44.895645535854555], [-1.109690361813658, 44.89581810406378], [-1.109307267655515, 44.89596468703321], [-1.10890580268319, 44.896083872876616], [-1.108489833717745, 44.896174513588456], [-1.108063367349647, 44.89623573610674], [-1.107630511330744, 44.89626695072654], [-1.10719543498948, 44.89626785678297], [-1.106762329051526, 44.89623844554872], [-1.106335365253789, 44.89617900031818], [-1.10591865614179, 44.89609009367725], [-1.105516215438587, 44.8959725819854], [-1.105131919367885, 44.89582759712311], [-1.10476946930468, 44.89565653558424], [-1.10443235611386, 44.895461045019125], [-1.104123826520787, 44.89524300835766], [-1.103846851838147, 44.89500452566617], [-1.103604099350427, 44.89474789391279], [-1.103397906631624, 44.89447558483688], [-1.103230259043336, 44.89419022113578], [-1.103102770629512, 44.893894551198635], [-1.103016668591314, 44.89359142263089], [-1.102972781490873, 44.893283754824985], [-1.102971531296666, 44.89297451084106], [-1.103012929346184, 44.89266666886921], [-1.103095595469501, 44.89236675193898], [-1.102943166407292, 44.89249955460411], [-1.102636424276835, 44.89271885096336], [-1.1023009176795, 44.8929157186766], [-1.101939877860323, 44.89308826155065], [-1.101556782095265, 44.89323481766801], [-1.101155320192949, 44.89335397540113], [-1.100739358944923, 44.893444587015196], [-1.100312904867349, 44.89350577972849], [-1.099880065593704, 44.89353696412318], [-1.099445010291125, 44.893537839825484], [-1.099011929482601, 44.89350839840049], [-1.098584994662938, 44.893448923433375], [-1.098168318098464, 44.893359987796494], [-1.097765913198655, 44.893242448128596], [-1.097381655842264, 44.89309743657957], [-1.097019247031294, 44.8929263499004], [-1.096682177233198, 44.89273083598351], [-1.096373692755294, 44.89251277798366], [-1.096096764475646, 44.8922742761727], [-1.095854059231732, 44.89201762770291], [-1.095647914142464, 44.89174530447459], [-1.095480314110663, 44.89145992932137], [-1.095352872722234, 44.89116425074262], [-1.095266816725436, 44.89086111642699], [-1.095222974239008, 44.89055344582224], [-1.095221766801809, 44.890244202015374], [-1.095263205339625, 44.88993636319474], [-1.095346890086937, 44.889632893968326], [-1.095472014463401, 44.88933671681474], [-1.095637372866638, 44.88905068394192], [-1.095841372305372, 44.88877754982415], [-1.096082047760005, 44.888519944681875]]]}}, {"type": "Feature", "properties": {"nb_detections_cluster": 2, "frp_max": 3.79, "frp_moyen": 3.79, "derniere_detection": "2026-07-25T03:30:00", "fetch_timestamp": "2026-07-25T03:30:00"}, "geometry": {"type": "Polygon", "coordinates": [[[-1.091691803720515, 44.89465980009919], [-1.091966885909836, 44.8944202149894], [-1.092273679023147, 44.89420094797816], [-1.092609228471234, 44.89400411047259], [-1.092970302862784, 44.89383159787604], [-1.093353425119331, 44.8936850713439], [-1.093754905951229, 44.893565941794755], [-1.094170879372643, 44.893475356330654], [-1.094597339914129, 44.89341418719683], [-1.095030181175129, 44.89338302338701], [-1.09546523534597, 44.89338216497473], [-1.095898313319708, 44.89341162022558], [-1.096325245008517, 44.89347110551754], [-1.096741919477419, 44.89356004807068], [-1.097144324509832, 44.89367759145953], [-1.097528585224884, 44.893822603855625], [-1.09789100137543, 44.89399368892076], [-1.098228082968342, 44.894189199246384], [-1.098536583864568, 44.89440725221008], [-1.098813533035806, 44.89464574809665], [-1.099056263176979, 44.89490239030976], [-1.099262436398955, 44.89517470747987], [-1.099430066753874, 44.89546007725578], [-1.099557539375793, 44.895755751551185], [-1.099643626051696, 44.89605888300335], [-1.099687497072224, 44.89636655238921], [-1.099688729247111, 44.89667579673535], [-1.09964731000719, 44.89698363785111], [-1.099563637552449, 44.89728711101011], [-1.09956019983833, 44.89729524873403], [-1.099726434025848, 44.89715044324187], [-1.100033211746835, 44.89693115461654], [-1.100368750302311, 44.89673429350706], [-1.100729818405743, 44.896561755544084], [-1.101112939039121, 44.89641520212726], [-1.101514422928353, 44.89629604443406], [-1.101930404058111, 44.896205429837565], [-1.102356876884695, 44.89614423086353], [-1.102789734889242, 44.89611303679296], [-1.103224810100871, 44.89611214799079], [-1.103657913210071, 44.896141573015285], [-1.104084873887041, 44.89620102853543], [-1.104501580917746, 44.896289942057955], [-1.104904021772148, 44.89640745743694], [-1.105288321224536, 44.89655244311368], [-1.105650778654859, 44.89672350300719], [-1.105987903672593, 44.896918989951374], [-1.10629644972063, 44.897137021548936], [-1.10657344533597, 44.897375498290494], [-1.106816222766379, 44.897632123764055], [-1.107022443667403, 44.89790442676134], [-1.107190121632086, 44.89818978506767], [-1.107317641336027, 44.89848545070725], [-1.107403774112803, 44.89878857640069], [-1.107447689809072, 44.89909624298048], [-1.107448964804274, 44.89940548750026], [-1.107407586116797, 44.89971333176777], [-1.107323951555985, 44.90001681102627], [-1.107198865917555, 44.9003130025088], [-1.107033533257968, 44.90059905358948], [-1.106829545321269, 44.90087220926148], [-1.106588866228929, 44.90112983867589], [-1.106313813579423, 44.9013694604865], [-1.106007036138977, 44.90158876675535], [-1.105671488337929, 44.901785645189136], [-1.105310401818115, 44.9019581994914], [-1.104927254305274, 44.90210476763462], [-1.104525736106462, 44.90222393787539], [-1.104109714555505, 44.90231456235843], [-1.103683196749469, 44.902375768178054], [-1.103250290935749, 44.9024069657902], [-1.102815166922506, 44.90240785469376], [-1.102382015894672, 44.90237842632668], [-1.101955010023533, 44.90231896414834], [-1.10153826225991, 44.90223004090795], [-1.101135786699185, 44.90211251312482], [-1.100751459900812, 44.901967512834396], [-1.100388983535735, 44.90179643667923], [-1.100051848722128, 44.901600932450314], [-1.099743302393552, 44.90138288320924], [-1.099466316023783, 44.901144389143404], [-1.099223557009758, 44.90088774733054], [-1.099017362988197, 44.900615429606844], [-1.098849719333093, 44.90033005875296], [-1.09872224005035, 44.900034383226846], [-1.098636152253026, 44.899731250687815], [-1.098592284365931, 44.89942358056646], [-1.098591058172341, 44.89911433594524], [-1.098632484778453, 44.898806495020345], [-1.098716164533433, 44.898503022420016], [-1.098719602443917, 44.89849488471917], [-1.098553361676424, 44.89863968876499], [-1.098246568834035, 44.89885897341969], [-1.097911010131857, 44.89905582824883], [-1.097549917316834, 44.899228357183304], [-1.097166768175434, 44.899374898439866], [-1.096765253030474, 44.8994940405341], [-1.096349239186421, 44.89958463588182], [-1.095922733666137, 44.89964581185799], [-1.095489844598691, 44.899676979205964], [-1.095054741630931, 44.89967783771622], [-1.094621615745037, 44.89964837911936], [-1.094194638870076, 44.89958888716604], [-1.0937779236775, 44.89949993489217], [-1.093375483948883, 44.89938237909677], [-1.092991195898454, 44.8992373520851], [-1.092628760823835, 44.89906625075703], [-1.0922916694454, 44.89887072314605], [-1.091983168278252, 44.89865265253889], [-1.091706228361105, 44.89841413932877], [-1.091463516643405, 44.89815748077773], [-1.091257370306281, 44.8978851488832], [-1.091089774264424, 44.89759976656223], [-1.090962342065144, 44.89730408238318], [-1.090876300368038, 44.89700094408866], [-1.090832477153957, 44.89669327116466], [-1.090831293775991, 44.89638402672053], [-1.090872760928064, 44.89607618895077], [-1.090956478568959, 44.89577272245314], [-1.091081639801427, 44.895476549679984], [-1.091247038668066, 44.895190522797016], [-1.09145108178786, 44.894917396220826], [-1.091691803720515, 44.89465980009919]]]}}, {"type": "Feature", "properties": {"nb_detections_cluster": 1, "frp_max": 7.66, "frp_moyen": 7.66, "derniere_detection": "2026-07-25T03:30:00", "fetch_timestamp": "2026-07-25T03:30:00"}, "geometry": {"type": "Polygon", "coordinates": [[[-1.119545730806592, 44.89644103134611], [-1.119852427203413, 44.896221688046474], [-1.120187891990231, 44.896024767126136], [-1.120548894590594, 44.89585216479173], [-1.12093195861699, 44.895705543062775], [-1.121333395340177, 44.895586313774594], [-1.121749339198801, 44.895495624989636], [-1.122175785007888, 44.895434349948005], [-1.12260862650862, 44.895403078663236], [-1.123043695888963, 44.89540211224372], [-1.123476803895546, 44.89543145999505], [-1.123903780151455, 44.89549083933033], [-1.124320513292735, 44.89557967848983], [-1.124722990538072, 44.89569712204372], [-1.125107336311522, 44.89584203912485], [-1.12546984954722, 44.89601303431285], [-1.125807039317524, 44.896208461064695], [-1.126115658442064, 44.896426437562766], [-1.12639273475443, 44.896664864828274], [-1.126635599725577, 44.89692144692579], [-1.126841914168321, 44.897193713064766], [-1.127009690775153, 44.8974790413856], [-1.127137313271956, 44.897774684201316], [-1.12722355200257, 44.898077794452476], [-1.127267575793409, 44.898385453120376], [-1.127268959982997, 44.898694697335024], [-1.127227690538136, 44.89900254890716], [-1.127144164216059, 44.89930604300989], [-1.127019184769964, 44.899602256733345], [-1.126853955233444, 44.89988833723762], [-1.126650066357179, 44.90016152923257], [-1.126409481308349, 44.900419201519576], [-1.126134516779421, 44.90065887233956], [-1.125827820687632, 44.90087823328262], [-1.125492346679533, 44.90107517152892], [-1.125131325685943, 44.90124779020594], [-1.124748234801215, 44.90139442666615], [-1.124346763786743, 44.90151366850812], [-1.123930779521676, 44.90160436718695], [-1.123504288743784, 44.9016656490823], [-1.123071399440015, 44.901696923917314], [-1.122636281259439, 44.901697890447096], [-1.122203125330798, 44.90166853936187], [-1.121776103872625, 44.90160915337663], [-1.121359329985969, 44.90152030450666], [-1.120956818017969, 44.901402848554966], [-1.120572444878938, 44.901257916865106], [-1.120209912686387, 44.901086905418886], [-1.11987271309646, 44.90089146138412], [-1.119564093666887, 44.9006734672426], [-1.119287026575804, 44.90043502265116], [-1.119044179997885, 44.900178424211035], [-1.118837892413472, 44.89990614334079], [-1.118670150097925, 44.899620802466195], [-1.118542568007565, 44.8993251497566], [-1.118456374245755, 44.899022032651686], [-1.118412398257955, 44.89871437043355], [-1.118411062868598, 44.89840512610863], [-1.118452380235516, 44.89809727787039], [-1.118535951759859, 44.897793790417644], [-1.118660971951329, 44.89749758640466], [-1.118826236210513, 44.89721151829819], [-1.119030152452358, 44.89693834091197], [-1.119270756458041, 44.896680684883165], [-1.119545730806592, 44.89644103134611]]]}}, {"type": "Feature", "properties": {"nb_detections_cluster": 5, "frp_max": 4.75, "frp_moyen": 4.42, "derniere_detection": "2026-07-25T03:30:00", "fetch_timestamp": "2026-07-25T03:30:00"}, "geometry": {"type": "Polygon", "coordinates": [[[-1.108049807082875, 44.917480312495194], [-1.108324931301654, 44.91724068520521], [-1.108631785265623, 44.91702137148554], [-1.108967413799247, 44.916824483193125], [-1.109328584749398, 44.9166519162204], [-1.109711820107645, 44.91650533224635], [-1.110113429495182, 44.916386142742745], [-1.110529545688309, 44.91629549538891], [-1.11095616184292, 44.91623426302602], [-1.111389170060233, 44.91620303525661], [-1.111824400923198, 44.91620211277013], [-1.112257663623796, 44.9162315044491], [-1.112684786295798, 44.91629092728364], [-1.113101656165594, 44.91637980909521], [-1.113504259135419, 44.916497294043246], [-1.113888718418767, 44.91664225086204], [-1.114251331856739, 44.91681328374857], [-1.114588607556705, 44.91700874579675], [-1.114897297510658, 44.91722675484909], [-1.114915569260912, 44.9172424767995], [-1.11499712487276, 44.91719462683849], [-1.115358279658363, 44.91702204025081], [-1.11574150178996, 44.91687543546751], [-1.116143101016037, 44.9167562241607], [-1.116559210210686, 44.91666555421969], [-1.116985822597149, 44.91660429870314], [-1.117418830312898, 44.91657304743655], [-1.117854063945702, 44.916572101335596], [-1.118287332660875, 44.91660146951017], [-1.118714464534295, 44.91666086917676], [-1.119131346703783, 44.91674972837987], [-1.119533964953193, 44.91686719149664], [-1.119918442348949, 44.9170121274716], [-1.12028107655781, 44.91718314070243], [-1.120618375487218, 44.91737858447233], [-1.120927090905558, 44.91759657679982], [-1.121204249718967, 44.91783501855368], [-1.121447182603681, 44.918091613658966], [-1.121653549718185, 44.918363891199824], [-1.121821363247344, 44.91864922920684], [-1.121949006561018, 44.918944879899755], [-1.122035249802081, 44.919247996143255], [-1.122079261752984, 44.91955565886088], [-1.122079548998431, 44.91962116224083], [-1.122368429962929, 44.919788536020945], [-1.12267716544274, 44.92000652364629], [-1.122954343600107, 44.920244961209775], [-1.123197294924992, 44.920501552676846], [-1.1234036793983, 44.92077382716671], [-1.12357150903771, 44.92105916273931], [-1.123699167057916, 44.92135481163788], [-1.123785423460123, 44.92165792674436], [-1.123829446899992, 44.92196558899326], [-1.123830812718833, 44.92227483548007], [-1.123789507059779, 44.92258268799366], [-1.123705927028257, 44.92288618169802], [-1.123580876894191, 44.92318239368711], [-1.123415560371479, 44.92346847113772], [-1.123211569048147, 44.923741658789034], [-1.122970867077716, 44.923999325484296], [-1.1226957722785, 44.92423898951825], [-1.122388933822249, 44.92445834254633], [-1.122053306726621, 44.92465527182489], [-1.121692123396921, 44.924827880567804], [-1.12130886249117, 44.92497450622322], [-1.120907215408531, 44.92509373649374], [-1.120491050724247, 44.92518442294593], [-1.120064376914146, 44.92524569207718], [-1.119631303728442, 44.925276953733636], [-1.119196002587685, 44.925277906797305], [-1.118762666383213, 44.92524854208811], [-1.11833546907028, 44.92518914245228], [-1.117918525444039, 44.92510028003658], [-1.117596987592794, 44.92500648020083], [-1.117639538190507, 44.92510504516711], [-1.117725767615961, 44.92540816531877], [-1.117769760764284, 44.925715830315234], [-1.117769918356175, 44.925752404341516], [-1.117771592028236, 44.925753193552715], [-1.118108933745106, 44.92594864544555], [-1.118417686575694, 44.92616664530873], [-1.118694877065793, 44.92640509393847], [-1.118937835586488, 44.926661695193566], [-1.119144222049258, 44.92693397809898], [-1.119312048452473, 44.927219320633604], [-1.11943969804183, 44.92751497497358], [-1.11952594089956, 44.92781809394847], [-1.119569945811589, 44.92812575845546], [-1.119571288297498, 44.928435005568275], [-1.11952995472497, 44.92874285706974], [-1.119446342468118, 44.92904634813357], [-1.1193212561071, 44.92934255587912], [-1.119155899704611, 44.92962862752401], [-1.118951865232686, 44.929901807863324], [-1.118711117260366, 44.93015946581073], [-1.118435974048996, 44.930399119745175], [-1.118129085236607, 44.93061846141937], [-1.117793406325889, 44.930815378198986], [-1.117432170221258, 44.930987973418304], [-1.117048856089115, 44.93113458465569], [-1.116647155841372, 44.93125379975263], [-1.116230938565442, 44.93134447042183], [-1.115804213243809, 44.93140572331273], [-1.115371090122946, 44.93143696842783], [-1.114935741104471, 44.93143790480852], [-1.114502359540963, 44.93140852343542], [-1.11407511982465, 44.93134910731526], [-1.113658137159164, 44.93126022875358], [-1.113255427902845, 44.9311427438394], [-1.112870870866438, 44.93099778419525], [-1.112508169938788, 44.930826746072185], [-1.112170818401212, 44.930631276894935], [-1.111862065274797, 44.93041325938748], [-1.111584884025117, 44.93017479343166], [-1.111341943925983, 44.92991817583448], [-1.111135584357988, 44.92964587819903], [-1.110967792289206, 44.929360523112464], [-1.11084018315449, 44.929064858881], [-1.110753985316962, 44.928761733055254], [-1.110710028260591, 44.928454065001226], [-1.110709875264299, 44.92841749093536], [-1.110708201612105, 44.9284167016172], [-1.110370870841151, 44.928221227118804], [-1.110062137976041, 44.928003204769645], [-1.109784976287194, 44.92776473449822], [-1.109542054860014, 44.92750811315312], [-1.109335712895269, 44.92723581237344], [-1.109167937191511, 44.92695045477669], [-1.10904034302601, 44.92665478869321], [-1.108954158617753, 44.926351661691456], [-1.108910213321424, 44.92604399314875], [-1.108908929665177, 44.92573474613242], [-1.10895031930794, 44.92542689886176], [-1.109033982954163, 44.925123416026196], [-1.109159114225799, 44.92482722023552], [-1.109324507453191, 44.9245411638772], [-1.109528569308883, 44.92426800165177], [-1.109769334171466, 44.92401036405038], [-1.110044483070724, 44.92377073202983], [-1.110351366031065, 44.92355141312861], [-1.110687027597674, 44.92335451925355], [-1.111048235299298, 44.923181946350866], [-1.111431510773601, 44.92303535615661], [-1.111833163255503, 44.92291616020247], [-1.112249325106374, 44.92282550622989], [-1.11267598904252, 44.92276426714377], [-1.113109046705133, 44.92273303261139], [-1.113544328201132, 44.922732103387304], [-1.113977642235039, 44.92276148841891], [-1.114404816446424, 44.92282090476034], [-1.114821737565486, 44.92290978029559], [-1.11514325875869, 44.92300358810039], [-1.115100714140864, 44.922905022241004], [-1.115014502746924, 44.92260190028196], [-1.114970527151145, 44.922294234484205], [-1.11497024819271, 44.92222873103315], [-1.114681376736465, 44.922061337900054], [-1.114372661019282, 44.92184332792852], [-1.114354387922681, 44.92182760586692], [-1.114272825027387, 44.92187545542343], [-1.113911635657514, 44.92204803873741], [-1.113528373409429, 44.92219463744042], [-1.113126729695303, 44.92231383949471], [-1.112710573057986, 44.92240449673858], [-1.112283911895829, 44.92246573595081], [-1.111850855837232, 44.92249696726564], [-1.11141557613776, 44.922497889857404], [-1.110982265482189, 44.92246849483951], [-1.110555097579629, 44.922409065350124], [-1.11013818694188, 44.922320173823586], [-1.109735549233392, 44.92220267647376], [-1.10935106257566, 44.92205770504296], [-1.108988430179567, 44.92188665589577], [-1.10865114466629, 44.92169117656311], [-1.108342454420958, 44.92147314986672], [-1.108065332303503, 44.921234675776965], [-1.10782244701824, 44.92097805117919], [-1.107616137417901, 44.920705747743845], [-1.107448389989418, 44.920420388113946], [-1.107320819737845, 44.920124720639464], [-1.107234654651986, 44.91982159290219], [-1.107190723900578, 44.919513924286555], [-1.107189449871853, 44.919204677860556], [-1.107230844132183, 44.91889683183781], [-1.10731450734172, 44.91859335089573], [-1.107439633126781, 44.918297157625794], [-1.107605015870701, 44.91801110439126], [-1.107809062347127, 44.91773794586255], [-1.108049807082875, 44.917480312495194]]]}}, {"type": "Feature", "properties": {"nb_detections_cluster": 46, "frp_max": 25.71, "frp_moyen": 8.65, "derniere_detection": "2026-07-25T03:30:00", "fetch_timestamp": "2026-07-25T03:30:00"}, "geometry": {"type": "Polygon", "coordinates": [[[-1.091532496122747, 44.923735013956104], [-1.091934195882485, 44.9236158898913], [-1.092350395067762, 44.923525310410916], [-1.092777086035548, 44.92346414770249], [-1.09321016016686, 44.923432990697876], [-1.093645447410102, 44.923432139405136], [-1.094078756414467, 44.92346160202128], [-1.094505914867912, 44.92352109485335], [-1.094922809652276, 44.92361004504884], [-1.095325426429827, 44.92372759610867], [-1.095709888280985, 44.92387261613056], [-1.096072493021953, 44.924043708702854], [-1.096409748843633, 44.924239226344724], [-1.096718407929173, 44.9244572863633], [-1.096995497726797, 44.924695788975434], [-1.097238349576941, 44.92495243752007], [-1.097444624418036, 44.92522476056668], [-1.097612335323135, 44.92551013570747], [-1.097739866649998, 44.92580581480449], [-1.097825989619606, 44.926108950448736], [-1.097859592378819, 44.92634453841553], [-1.097942518283625, 44.92638366262711], [-1.098279794691359, 44.92657917473247], [-1.098577934147966, 44.926789784321606], [-1.098587410176282, 44.9267842278661], [-1.098948677181959, 44.926611694109255], [-1.099332007704869, 44.92646514548966], [-1.099733710450009, 44.926345993138646], [-1.100149917294903, 44.9262553843778], [-1.100576620522729, 44.92619419167668], [-1.101009711396444, 44.926163004255905], [-1.101445019703251, 44.9261621224164], [-1.101878353889559, 44.9261915546493], [-1.102305541400902, 44.926251017554264], [-1.10272246883939, 44.92633993856691], [-1.103125121552951, 44.92645746146916], [-1.103509622276065, 44.92660245462989], [-1.10387226845073, 44.92677352189607], [-1.104209567868977, 44.92696901603059], [-1.104518272294243, 44.92718705456699], [-1.104795408738241, 44.927425537928976], [-1.105038308092308, 44.92768216964088], [-1.105244630837484, 44.927954478434316], [-1.105412389585558, 44.92823984203879], [-1.105539968233587, 44.928535512427494], [-1.105626137546847, 44.9288386422753], [-1.105670067019418, 44.92914631237468], [-1.105671332897326, 44.929455559745364], [-1.105629922286008, 44.929763406167616], [-1.105546233301523, 44.930066886863976], [-1.105421071263026, 44.93036307905354], [-1.105255640962145, 44.9306491301037], [-1.10505153508275, 44.93092228500784], [-1.104810718881768, 44.93117991292444], [-1.104535511277843, 44.931419532521716], [-1.104228562529375, 44.93163883588299], [-1.10389282871652, 44.93183571074294], [-1.103531543272684, 44.93200826083955], [-1.103148185839665, 44.93215482418578], [-1.102746448746608, 44.93227398908439], [-1.102330201435961, 44.93236460773158], [-1.101903453179621, 44.93242580727787], [-1.101470314445053, 44.93245699823959], [-1.101034957284317, 44.93245788017973], [-1.100601575128436, 44.93242844460328], [-1.100174342375319, 44.9323689750391], [-1.09975737416147, 44.93228004430747], [-1.09935468670594, 44.93216250899993], [-1.098970158609358, 44.932017501224394], [-1.098607493481674, 44.93184641769548], [-1.098270184259215, 44.93165090627525], [-1.097972020119677, 44.93144029555324], [-1.097962543243794, 44.931445851964064], [-1.097601242068894, 44.93161838276609], [-1.097217871805865, 44.93176492564336], [-1.096816124907494, 44.93188406909576], [-1.096399870910728, 44.931974665526084], [-1.095973119151905, 44.932035842298816], [-1.095539980132251, 44.932067010149666], [-1.095104625906587, 44.93206786886421], [-1.094671249877659, 44.93203841017118], [-1.094244026384341, 44.93197891782205], [-1.093827070473909, 44.931889964856616], [-1.09342439824686, 44.93177240808056], [-1.093306333437746, 44.93172787699836], [-1.093400397246677, 44.93194598126178], [-1.09348650619147, 44.93224912082678], [-1.0935210639444, 44.932491510935726], [-1.093653001859138, 44.93255375953736], [-1.093990300416418, 44.93274928502051], [-1.094246648528133, 44.932930372893345], [-1.094257314793393, 44.932924119890714], [-1.094618634664919, 44.93275159988998], [-1.095002018462629, 44.932605065933664], [-1.095403774378605, 44.93248592901188], [-1.095820033778466, 44.93239533629766], [-1.096246788439432, 44.93233416010603], [-1.096679929129301, 44.932302989498645], [-1.097115285155686, 44.93230212461452], [-1.097548664505585, 44.93233157378157], [-1.097975894189715, 44.93239105343634], [-1.098392860404158, 44.9324799908532], [-1.098795548123491, 44.93259752965612], [-1.099180079745125, 44.93274253806083], [-1.099542752413513, 44.93291361976755], [-1.099880073665521, 44.933109127400115], [-1.100188795054273, 44.93332717836203], [-1.10046594342804, 44.933565672957364], [-1.100708849563161, 44.93382231460228], [-1.100915173875243, 44.93409463193271], [-1.101082928960835, 44.93438000259593], [-1.101210498752103, 44.93467567849714], [-1.101296654099445, 44.93497881225811], [-1.101340564631272, 44.935286484633565], [-1.101341806775851, 44.93559573262134], [-1.101300367867031, 44.93590357799568], [-1.101216646293254, 44.93620705598921], [-1.101091447687414, 44.93650324384704], [-1.100925977193216, 44.93678928897824], [-1.100721827881559, 44.93706243643317], [-1.100480965427626, 44.93732005544207], [-1.100205709195509, 44.937559664758865], [-1.099898709911973, 44.93777895656592], [-1.099562924143929, 44.937975818709184], [-1.099201585825243, 44.93814835504911], [-1.098818175107059, 44.93829490373111], [-1.098416384831835, 44.938414053199274], [-1.098000084954358, 44.938504655798326], [-1.097573285252939, 44.938565838833405], [-1.097140096690662, 44.938597012979876], [-1.096704691799621, 44.93859787796269], [-1.096271264470663, 44.93856842545017], [-1.095843989536875, 44.938508939134316], [-1.095426982541095, 44.93841999199676], [-1.095024260075953, 44.938302440787076], [-1.094639701079297, 44.938157417766305], [-1.094277009458681, 44.937986319795954], [-1.093939678405564, 44.937790794877166], [-1.093683309069206, 44.937609706033776], [-1.093672641848831, 44.93761595899007], [-1.093311287728977, 44.93778847616636], [-1.092927864080744, 44.937935004518145], [-1.0925260638712, 44.938054132685274], [-1.092109757150869, 44.938144713217724], [-1.091682953764016, 44.93820587363311], [-1.09124976470925, 44.93823702482471], [-1.090814362523421, 44.93823786673857], [-1.090380941071312, 44.938208391265206], [-1.089953675129385, 44.938148882317776], [-1.089536680153837, 44.93805991309592], [-1.089133972621466, 44.93794234056194], [-1.088991412271023, 44.93788856911459], [-1.089080928436561, 44.93809614695461], [-1.089167023476649, 44.93839929042151], [-1.089200749361245, 44.93863594942043], [-1.089323485932908, 44.93869385745404], [-1.089660806323651, 44.938889396431854], [-1.089899615075658, 44.9390580946528], [-1.090248594070575, 44.938891504884126], [-1.090632031258012, 44.9387449857312], [-1.091033840440126, 44.93862586438493], [-1.091450152469722, 44.93853528786845], [-1.091876958617338, 44.938474128340786], [-1.092310149155095, 44.93844297470316], [-1.092745552910716, 44.93844212693115], [-1.093178977411688, 44.938471593187906], [-1.093606249234042, 44.938531089745446], [-1.094023254168155, 44.93862004371534], [-1.094425976815799, 44.93873759856221], [-1.094810539238063, 44.93888262234727], [-1.095173238282792, 44.93905371862265], [-1.095510581232822, 44.939249239871884], [-1.095819319432268, 44.93946730336735], [-1.09609647956743, 44.93970580929245], [-1.096339392301269, 44.93996246095417], [-1.096545717985714, 44.94023478689201], [-1.096713469203949, 44.940520164670325], [-1.096841029925218, 44.940815846125766], [-1.0969271710871, 44.94111898382659], [-1.096971062454446, 44.94142665848959], [-1.096972280639922, 44.9417359070905], [-1.09693081320796, 44.94204375139767], [-1.096847058821558, 44.94234722665393], [-1.096721823429504, 44.94264341013078], [-1.096556312529686, 44.9429294492794], [-1.096352119582079, 44.94320258920776], [-1.096111210682075, 44.94346019921859], [-1.095835905641088, 44.94369979815245], [-1.095528855655979, 44.943919078291685], [-1.095193017782022, 44.9441159275946], [-1.094831626454997, 44.94428845004531], [-1.094448162336677, 44.944434983923045], [-1.094046318783944, 44.944554117814405], [-1.093629966264837, 44.9446447042142], [-1.09320311506481, 44.94470587058357], [-1.092769876643074, 44.944737027758414], [-1.092334424012069, 44.94473787562716], [-1.091900951522556, 44.944708406022976], [-1.091473634442677, 44.944648902802506], [-1.091056588721278, 44.94455993911017], [-1.090653831324019, 44.94444237185503], [-1.09026924152522, 44.94429733345269], [-1.089906523529101, 44.944126220912764], [-1.089569170781115, 44.94393068237673], [-1.089330342273333, 44.94376198320216], [-1.088981330241243, 44.943928570329014], [-1.088597853297898, 44.94407508401394], [-1.088195999896722, 44.944194196748406], [-1.08777964060067, 44.944284761231025], [-1.087352785760512, 44.944345905134035], [-1.086919546870548, 44.94437703950971], [-1.086484096947738, 44.94437786446614], [-1.086050630316751, 44.94434837205713], [-1.085623322189286, 44.94428884635898], [-1.085206288427919, 44.94419986073267], [-1.084803545883067, 44.94408227229849], [-1.08441897368593, 44.94393721367606], [-1.084056275871124, 44.9437660820697], [-1.083718945689647, 44.943570525804596], [-1.083410231956482, 44.943352428443404], [-1.083133107757321, 44.94311389063706], [-1.082890241815984, 44.94285720988449], [-1.082683972798294, 44.94258485839687], [-1.082516286799676, 44.94229945927997], [-1.08238879823288, 44.94200376126388], [-1.082302734299336, 44.941700612224416], [-1.082269035681326, 44.94146395091843], [-1.082146300331931, 44.94140603504934], [-1.081808991006557, 44.941210473126276], [-1.081573669394393, 44.94104421049159], [-1.081270847284609, 44.941188727020766], [-1.080887368934073, 44.94133521399274], [-1.080485518791107, 44.941454298762366], [-1.08006916738734, 44.94154483429755], [-1.079642324997552, 44.94160594854938], [-1.079209102996133, 44.941637052855754], [-1.078773674237353, 44.94163784761434], [-1.078340232841995, 44.94160832516988], [-1.077912953778629, 44.94154876988793], [-1.077495952629815, 44.94145975541445], [-1.077093245931756, 44.94134213914758], [-1.076798165176645, 44.94123080482852], [-1.07692135848543, 44.941516616594576], [-1.077007393046704, 44.94181976978245], [-1.077032198956299, 44.94199409381979], [-1.07724419187277, 44.942094141060274], [-1.077581490594315, 44.942289716883415], [-1.077890175808184, 44.94250783035943], [-1.078167274710636, 44.94274638119041], [-1.07841011855401, 44.943003072250846], [-1.078616368353363, 44.943275431700755], [-1.078784037422384, 44.9435608367817], [-1.078911510521178, 44.9438565390673], [-1.078997559430936, 44.944159690925126], [-1.079041354804751, 44.94446737293552], [-1.079042474179623, 44.944776622003324], [-1.079000906071502, 44.94508445989229], [-1.078917050112942, 44.94538792190696], [-1.078791713230974, 44.94568408544624], [-1.078626101901003, 44.94597009815322], [-1.078421810550371, 44.946243205390445], [-1.078180806222369, 44.9465007767754], [-1.077905409647697, 44.94674033152057], [-1.077598272905036, 44.94695956233388], [-1.0772623538855, 44.947156357648645], [-1.076900887806673, 44.947328821968945], [-1.076517356050557, 44.947475294133845], [-1.076115452625728, 44.94759436332438], [-1.075699048577109, 44.94768488265853], [-1.075272154686653, 44.94774598024342], [-1.0748388828249, 44.94777706757747], [-1.074403406326469, 44.947777845221836], [-1.07396991977206, 44.94774830568608], [-1.07354259856528, 44.94768873350044], [-1.073125558694671, 44.94759970247367], [-1.072722817069431, 44.947482070163325], [-1.072338252811818, 44.947336969611655], [-1.071975569879853, 44.947165798426845], [-1.071638261381039, 44.946970205315225], [-1.071329575921349, 44.94675207419438], [-1.071052486313972, 44.946513506040304], [-1.070809660949363, 44.94625679864423], [-1.070603438102335, 44.945984424473885], [-1.070435803423439, 44.94569900685342], [-1.070308370830975, 44.945403294691104], [-1.070222366987116, 44.94510013599891], [-1.070197580872996, 44.9449258102826], [-1.069985589824468, 44.944825749522685], [-1.069648302342118, 44.94463015050955], [-1.069387916430848, 44.94444613337775], [-1.069130401103654, 44.94456897984785], [-1.068746867928728, 44.94471542509019], [-1.068344967786691, 44.94483446609682], [-1.0679285716909, 44.9449249562572], [-1.067501690346736, 44.944986023959444], [-1.0670684355039, 44.945017080989814], [-1.066632980333073, 44.94501782820135], [-1.066199519209485, 44.94498825839675], [-1.065772227291742, 44.94492865639782], [-1.065355220286195, 44.94483959630045], [-1.064952514785402, 44.94472193594223], [-1.064567989563576, 44.944576808635524], [-1.064487709665248, 44.94453891014728], [-1.064524386663168, 44.94460137180104], [-1.064651786932301, 44.94489709052151], [-1.064737760349327, 44.94520025350362], [-1.064754473960759, 44.945317884611924], [-1.065064900948482, 44.94546442712721], [-1.065402177461043, 44.945660040092115], [-1.065710833851572, 44.94587818759757], [-1.065987897593691, 44.94611676901792], [-1.066230700278126, 44.94637348693309], [-1.066436903316083, 44.946645869244406], [-1.06660452047136, 44.94693129297323], [-1.06673193700381, 44.94722700951356], [-1.066817925239191, 44.9475301710956], [-1.066861656414766, 44.94783785820598], [-1.06686270868567, 44.948147107700365], [-1.066821071214019, 44.948454941338305], [-1.066737144300329, 44.94875839446521], [-1.066611735554975, 44.94905454456545], [-1.066446052145495, 44.94934053941156], [-1.066241689193484, 44.949613624538], [-1.066000614431932, 44.949871169775136], [-1.065725149270016, 44.95011069458728], [-1.065417946447148, 44.950329891970576], [-1.065081964491045, 44.950526650680295], [-1.064720439225638, 44.95069907557306], [-1.064336852603155, 44.95084550586768], [-1.063934899160798, 44.95096453114844], [-1.063518450425398, 44.951055004956295], [-1.063091517609459, 44.95111605583682], [-1.062658212958555, 44.951147095738335], [-1.062222710123211, 44.95114782567886], [-1.061789203937847, 44.95111823862748], [-1.061361869995176, 44.95105861957207], [-1.060944824406381, 44.95096954277284], [-1.060542084135688, 44.95085186622825], [-1.060157528292213, 44.95070672340658], [-1.059794860752813, 44.95053551232316], [-1.059457574476584, 44.95033988206862], [-1.059148917855288, 44.95012171691822], [-1.058871863424166, 44.94988311817572], [-1.058629079234678, 44.94962638392688], [-1.058422903164868, 44.94935398689806], [-1.058255320414565, 44.949068550633484], [-1.058127944401755, 44.94877282422088], [-1.058042001243529, 44.948469655809454], [-1.05802530077409, 44.94835202358319], [-1.057714876198992, 44.948205461289724], [-1.057377611194742, 44.9480098248604], [-1.057133223525513, 44.947837070438894], [-1.056939951591045, 44.94792923361636], [-1.056556363600469, 44.94807563695166], [-1.056154413500102, 44.94819463401054], [-1.055737972784643, 44.94828507860578], [-1.055311052589376, 44.94834609956435], [-1.054877765038323, 44.94837710912273], [-1.054442283617287, 44.94837780859127], [-1.054008802954388, 44.948348191232505], [-1.053581498396448, 44.948288542326296], [-1.053164485771545, 44.948199436420346], [-1.052761781726305, 44.94808173179348], [-1.052377265020831, 44.947936562184445], [-1.052235543130638, 44.9478696396588], [-1.052324873729379, 44.94802182875921], [-1.052452217431279, 44.94831756175315], [-1.052538130134366, 44.948620734470644], [-1.052581783803194, 44.94892842729098], [-1.052582757339252, 44.94923767701476], [-1.052541040662888, 44.94954550539922], [-1.052457034837426, 44.94984894784027], [-1.052331548233273, 44.950145081925164], [-1.052165788767907, 44.95043105558052], [-1.051961352295547, 44.95070411454485], [-1.051720207257415, 44.95096162890042], [-1.051444675739717, 44.951201118408896], [-1.051137411121149, 44.951420276406395], [-1.050801372524812, 44.95161699202753], [-1.050439796320365, 44.95178937054387], [-1.050056164950856, 44.951935751620915], [-1.049654173384652, 44.95205472531697], [-1.049237693515937, 44.952145145669846], [-1.04881073685721, 44.95220614174002], [-1.04837741588379, 44.95223712600373], [-1.047941904403474, 44.95223780001491], [-1.047508397333966, 44.95220815728135], [-1.047081070276471, 44.952148483327306], [-1.046664039275797, 44.95205935294175], [-1.046261321155555, 44.9519416246393], [-1.045876794811383, 44.951796432386736], [-1.045514163835848, 44.95162517467549], [-1.045176920835691, 44.9514295010453], [-1.044948504683765, 44.951267996510126], [-1.044819506973196, 44.951329485902434], [-1.044435864078623, 44.95147584756989], [-1.044033863885284, 44.951594800932185], [-1.043617378370516, 44.95168520022297], [-1.043190419101237, 44.95174617470561], [-1.042757098577933, 44.95177713706424], [-1.042321590604078, 44.951777789063826], [-1.041888090063592, 44.951748124424185], [-1.041460772494775, 44.951688428880516], [-1.041043753851003, 44.951599277429786], [-1.04064105083682, 44.951481528789515], [-1.040256542202305, 44.951336317122355], [-1.039893931369382, 44.95116504110677], [-1.03955671075071, 44.950969350458735], [-1.039248128105388, 44.95075113003519], [-1.038971155255874, 44.95051248167216], [-1.038728459467603, 44.95025570393332], [-1.038522377766928, 44.94998326996377], [-1.038354894444552, 44.94969780366339], [-1.038227621960649, 44.94940205440917], [-1.038144829228463, 44.949109621632466], [-1.038056527653837, 44.949076270340974], [-1.037693938156118, 44.948904987265266], [-1.037356738807074, 44.94870929007574], [-1.037110868337046, 44.94853540145196], [-1.037039019730553, 44.948569643887716], [-1.036655375411756, 44.948715978592794], [-1.036253378501045, 44.948834903730734], [-1.035836900944189, 44.94892527380704], [-1.035409954231489, 44.94898621836645], [-1.034976650742495, 44.94901715038138], [-1.034541164116589, 44.949017771909], [-1.034107689032033, 44.948988076962685], [-1.033680400781874, 44.94892835156954], [-1.03326341503702, 44.94883917101405], [-1.032860748185044, 44.94872139429406], [-1.032476278627618, 44.94857615584271], [-1.032113709410175, 44.94840485459638], [-1.031776532544443, 44.94820914051411], [-1.031467995368006, 44.94799089867849], [-1.031191069265292, 44.947752231131794], [-1.030948421051415, 44.9474954366224], [-1.03074238729446, 44.947222988456886], [-1.030574951823328, 44.94693751067187], [-1.030447726637309, 44.94664175275487], [-1.030361936400721, 44.94633856315829], [-1.030318406671154, 44.94603086186188], [-1.030317555973854, 44.9457216122478], [-1.030359391797609, 44.945413792559954], [-1.03044351054968, 44.94511036722159], [-1.030569101469164, 44.944814258288275], [-1.030734954460097, 44.94452831731062], [-1.030939471767882, 44.944255297877596], [-1.031180683385736, 44.94399782910487], [-1.03145626604204, 44.94375839032316], [-1.031763565585162, 44.94353928720984], [-1.03209962254976, 44.94334262959357], [-1.032461200658153, 44.94317031114535], [-1.032844817982274, 44.9430239911509], [-1.033246780466285, 44.94290507853998], [-1.033663217487415, 44.942814718325636], [-1.034090119113128, 44.94275378058416], [-1.034523374696543, 44.94272285208117], [-1.034958812439263, 44.94272223062447], [-1.035392239541576, 44.942751922198], [-1.03581948255437, 44.94281164090423], [-1.036236427545182, 44.94290081171568], [-1.036639059692593, 44.94301857600897], [-1.03702350192861, 44.9431637998285], [-1.037386052257743, 44.94333508480015], [-1.037723219394134, 44.943530781590376], [-1.037969069820677, 44.94370466860327], [-1.038040911626183, 44.94367042561573], [-1.038424517811865, 44.943524086348305], [-1.038826472047872, 44.94340515354772], [-1.039242903790804, 44.94331477242151], [-1.039669803158913, 44.94325381324723], [-1.04010305952703, 44.94322286299692], [-1.040538501089196, 44.94322221968778], [-1.040971935008929, 44.94325188951419], [-1.041399187771489, 44.943311586788006], [-1.041816145350569, 44.943400736688105], [-1.042218792803584, 44.94351848079247], [-1.042603252915217, 44.94366368533993], [-1.042838542502467, 44.94377482889797], [-1.042705435147123, 44.94354796506444], [-1.042578153676738, 44.943252221326865], [-1.042493285398139, 44.94295251058157], [-1.042476989468353, 44.942946355809454], [-1.042114426103623, 44.94277508745846], [-1.041777248187495, 44.94257940402867], [-1.041518893802481, 44.94239668709441], [-1.041428980847104, 44.94243954861573], [-1.04104538992046, 44.94258589820199], [-1.040643446262531, 44.94270483899554], [-1.040227021306071, 44.942795225351055], [-1.039800126034638, 44.942856186656535], [-1.039366872332203, 44.94288713572305], [-1.038931433358508, 44.94288777444355], [-1.038498003332744, 44.94285809666576], [-1.038070757113883, 44.942798388251475], [-1.037653809967934, 44.942709224321625], [-1.037251177910658, 44.94259146371387], [-1.03686673900858, 44.942446240706225], [-1.036504196011884, 44.94227495408629], [-1.036167040679792, 44.94207925367219], [-1.03585852014255, 44.941861024414955], [-1.035581605624423, 44.94162236823566], [-1.035338963829063, 44.941365583773226], [-1.035132931262873, 44.94109314423749], [-1.034965491743435, 44.940807673581986], [-1.034838257309193, 44.94051192122557], [-1.034763459897177, 44.940247629009434], [-1.034706724766205, 44.94022619475577], [-1.034344202718326, 44.940054901205365], [-1.034007068270248, 44.93985919437019], [-1.033735683712054, 44.93966721507628], [-1.033688496031182, 44.93968970575418], [-1.033304903715631, 44.939836028514904], [-1.032902963351931, 44.939954941227775], [-1.032486546341161, 44.94004529851797], [-1.032059663590375, 44.940106230053395], [-1.031626426862953, 44.940137148931875], [-1.031191009155122, 44.940137757337176], [-1.030757604481199, 44.940108049409005], [-1.030330387455912, 44.940048311299556], [-1.029913473064001, 44.93995911841581], [-1.029510877005656, 44.939841329874284], [-1.029126477000567, 44.939696080222035], [-1.028763975424164, 44.93952476850333], [-1.028426863636616, 44.939329044778034], [-1.028118388348662, 44.93911079422163], [-1.027841520348654, 44.93887211896036], [-1.027598925892125, 44.93861531781688], [-1.02739294102948, 44.93834286416169], [-1.027225549118812, 44.938057382084224], [-1.027098361740016, 44.93776162111334], [-1.027012603193458, 44.937458429730825], [-1.026969098731716, 44.93715072793355], [-1.0269682666369, 44.9368414791086], [-1.02701011421887, 44.936533661492156], [-1.027094237771879, 44.936230239487536], [-1.027219826489015, 44.93593413511821], [-1.027385670295746, 44.935648199890764], [-1.027590171526121, 44.935375187338785], [-1.027831360328366, 44.935117726511706], [-1.028106913650733, 44.934878296663676], [-1.02841417762419, 44.93465920338605], [-1.028750193126013, 44.93446255641276], [-1.029111724277846, 44.93429024931233], [-1.029495289603813, 44.934143941261205], [-1.029897195548768, 44.93402504107412], [-1.03031357203433, 44.933934693644524], [-1.030740409710805, 44.93387376892558], [-1.031173598546991, 44.933842853557486], [-1.031608967387098, 44.93384224522162], [-1.032042324094763, 44.93387194977554], [-1.032469495898581, 44.93393168119681], [-1.032886369551643, 44.934020864335416], [-1.033288930919332, 44.93413864044933], [-1.0336733036151, 44.93428387546911], [-1.034035786313, 44.93445517091281], [-1.034372888378352, 44.93465087734599], [-1.034644250845452, 44.93484285479771], [-1.034691434065282, 44.93482036374659], [-1.035074988460425, 44.93467403642062], [-1.035476886374362, 44.93455511604236], [-1.035893257805989, 44.93446474769973], [-1.03632009345424, 44.934403801547234], [-1.036753283307421, 44.934372864431474], [-1.037188656199943, 44.93437223424323], [-1.037622019956425, 44.9344019170505], [-1.038049201737612, 44.934461627040186], [-1.038466088200558, 44.93455078926868], [-1.038868665087344, 44.934668545195294], [-1.039253055862047, 44.93481376094498], [-1.039460986253582, 44.93491200518996], [-1.039306032839959, 44.93464783458945], [-1.039178789491638, 44.93435208774319], [-1.039092970856832, 44.93404890599128], [-1.039049402766963, 44.93374120923789], [-1.039048504117045, 44.933431960821586], [-1.039090282857982, 44.933124138974726], [-1.039174335947047, 44.93282070814144], [-1.039299853255936, 44.93252459043026], [-1.039465625397766, 44.93223863747636], [-1.039670055396668, 44.931965602984086], [-1.039911174086737, 44.93170811621424], [-1.040186659091275, 44.93146865667079], [-1.040493857198995, 44.93124953023112], [-1.040829809921284, 44.93105284694856], [-1.041191281984158, 44.93088050074127], [-1.041574792480566, 44.93073415116228], [-1.041976648383177, 44.930615207426236], [-1.042392980095331, 44.93052481484593], [-1.042819778698334, 44.93046384380928], [-1.043252934537123, 44.93043288140248], [-1.043688276773564, 44.930432225759844], [-1.044121613527414, 44.930461883194475], [-1.044548772219391, 44.93052156813755], [-1.044965639728864, 44.9306107058867], [-1.045368201980429, 44.930728438136896], [-1.045752582579119, 44.930873631241084], [-1.046115080123002, 44.931044887120954], [-1.046452203834595, 44.93124055672303], [-1.046739521176739, 44.93144377148018], [-1.046850988775887, 44.93139061686665], [-1.047234487991992, 44.931244247739215], [-1.047636335546317, 44.93112528352475], [-1.048052661922537, 44.93103486973329], [-1.048479458253299, 44.93097387695696], [-1.048912614905397, 44.93094289249129], [-1.049347961032858, 44.930942214683014], [-1.049781304717977, 44.93097185005866], [-1.050208473314752, 44.9310315132618], [-1.050625353607215, 44.931120629799395], [-1.051027931396919, 44.93123834157067], [-1.051412330139337, 44.93138351512578], [-1.051561282027399, 44.931453873646824], [-1.051446516254783, 44.93125828932418], [-1.05131921658499, 44.93096255667742], [-1.051233337516334, 44.93065938460875], [-1.051231222759466, 44.93064447149674], [-1.050915400836471, 44.93049528677216], [-1.05057826603524, 44.930299630749914], [-1.050269754226384, 44.93008144225274], [-1.049992836550361, 44.929842822809235], [-1.049750179741548, 44.929586070704495], [-1.049544120451283, 44.9293136588368], [-1.049376642754891, 44.92902821089324], [-1.049249359058874, 44.92873247607403], [-1.049163494591591, 44.928429302609224], [-1.049119875626058, 44.92812161032328], [-1.049118921547419, 44.92781236251177], [-1.049160640840534, 44.92750453740131], [-1.049244631035291, 44.92720109946754], [-1.049370082609155, 44.9269049708874], [-1.049535786808327, 44.92661900340083], [-1.049740147311238, 44.926345950852166], [-1.049981195621195, 44.92608844267614], [-1.050256610039189, 44.92584895858288], [-1.050563738033574, 44.92562980468627], [-1.050899621790785, 44.92543309130401], [-1.051261026700808, 44.92526071264412], [-1.05164447250309, 44.9251143285722], [-1.052046266793114, 44.92499534863501], [-1.052462540567356, 44.92490491849394], [-1.052889285464877, 44.92484390889858], [-1.053322392347629, 44.924812907306446], [-1.053757690848777, 44.92481221222911], [-1.054190989509132, 44.92484183035941], [-1.05461811611617, 44.92490147650701], [-1.055034957858189, 44.924990576343056], [-1.055437500907926, 44.92510827192761], [-1.05582186905536, 44.92525342996669], [-1.056184361018544, 44.925424652719606], [-1.05652148607385, 44.92562029145195], [-1.056829997663089, 44.9258384623047], [-1.057106924654243, 44.92607706442735], [-1.057349599954964, 44.92633380020043], [-1.057555686203274, 44.92660619735326], [-1.057723198287866, 44.92689163276424], [-1.057850522480722, 44.927187357714786], [-1.057936431997211, 44.927490524354084], [-1.057938548417796, 44.92750543732436], [-1.058254372184344, 44.92765460196053], [-1.058591517861083, 44.92785023454555], [-1.058899233098841, 44.92806782233079], [-1.059060539965002, 44.927990871065056], [-1.059443984074282, 44.927844459966444], [-1.059845781374421, 44.927725451737324], [-1.060262062832857, 44.92763499231149], [-1.060688820014628, 44.92757395272058], [-1.061121943663388, 44.927542920710856], [-1.061557263250879, 44.92754219508683], [-1.061990587114905, 44.92757178283548], [-1.06241774280031, 44.92763139905897], [-1.062834617215471, 44.92772046971661], [-1.063237196218592, 44.927838137149436], [-1.063612125276317, 44.92797968999084], [-1.063546998948033, 44.927868742527394], [-1.063419643177472, 44.92757302404226], [-1.063333703900491, 44.92726986163411], [-1.063321842468262, 44.92718633895628], [-1.063066111094209, 44.927065572111026], [-1.062728954528753, 44.92686995314457], [-1.062420414324553, 44.926651798598], [-1.062143461895747, 44.926413209672944], [-1.061900764311626, 44.926156484360625], [-1.061694658616454, 44.9258840953013], [-1.061527129332686, 44.925598665962475], [-1.061399789363853, 44.925302945365196], [-1.061313864480445, 44.92499978160266], [-1.06127018153748, 44.924692094405934], [-1.06126916053637, 44.92438284702168], [-1.061310810606559, 44.92407501767245], [-1.061394729944635, 44.92377157087479], [-1.061520109710447, 44.92347542889111], [-1.061685741841701, 44.92318944359044], [-1.061890030710791, 44.92291636898879], [-1.062131008510761, 44.922658834733234], [-1.062406354221491, 44.92241932078524], [-1.062713415972824, 44.92220013354604], [-1.063049236588938, 44.9220033836546], [-1.063410582067673, 44.92183096567045], [-1.063793972720599, 44.921684539837905], [-1.06419571667409, 44.92156551610583], [-1.064611945409176, 44.921475040557375], [-1.065038650998476, 44.92141398437934], [-1.06547172468234, 44.921382935477745], [-1.065906996413529, 44.92138219281978], [-1.066340274990576, 44.92141176355639], [-1.066767388394325, 44.92147136295358], [-1.067184223940235, 44.92156041713267], [-1.067586767860759, 44.92167806859335], [-1.067971143937585, 44.92182318446653], [-1.068333650812529, 44.921994367417554], [-1.068670797618523, 44.922189969095285], [-1.0689793375881, 44.92240810599754], [-1.069256299316143, 44.92264667760082], [-1.069499015375994, 44.92290338657949], [-1.069705148013377, 44.92317576092104], [-1.069872711670462, 44.92346117772356], [-1.070000092122773, 44.92375688844771], [-1.070086062044061, 44.92406004537978], [-1.070097932886315, 44.9241435672568], [-1.070353666076904, 44.924264317817006], [-1.07069083356869, 44.92445991350107], [-1.070994017298811, 44.92467424408574], [-1.071210094966465, 44.92457112411689], [-1.071593483986345, 44.92442467125902], [-1.071995231012848, 44.92430561923613], [-1.072411467497361, 44.924215114403765], [-1.072838185437849, 44.92415402823071], [-1.073271275955725, 44.92412294891185], [-1.073706568841665, 44.92412217570718], [-1.074139872690543, 44.924151716061836], [-1.074567015239912, 44.92421128553436], [-1.074983883524662, 44.92430031053419], [-1.075386463462083, 44.92441793384202], [-1.075770878487148, 44.92456302285985], [-1.076133426866736, 44.92473418051159], [-1.076470617334221, 44.924929758689764], [-1.076779202701802, 44.925147874118515], [-1.07705621112729, 44.92538642648106], [-1.077298974734431, 44.925643118637204], [-1.077505155311147, 44.92591547873634], [-1.077672766838003, 44.9262008840138], [-1.07780019462956, 44.9264965860413], [-1.077886210903686, 44.9267997371889], [-1.077903355347749, 44.926920238558324], [-1.078123444411197, 44.927024131617415], [-1.078460655582036, 44.92721970389323], [-1.078754872643501, 44.92742764469272], [-1.079019607767308, 44.92730128281004], [-1.079402995055769, 44.927154802894506], [-1.079804745058802, 44.9270357225464], [-1.080220989199078, 44.926945188393994], [-1.080647719400815, 44.926884072188415], [-1.081080826667348, 44.92685296241371], [-1.081516140628097, 44.92685215862315], [-1.08194946967504, 44.92688166855638], [-1.082376641303154, 44.92694120806486], [-1.082793542267398, 44.92703020384657], [-1.083196158170478, 44.92714779896353], [-1.083370582008449, 44.92721361280877], [-1.083249965617547, 44.92693379107314], [-1.083163920151125, 44.926630644064815], [-1.083120116090966, 44.92632296531612], [-1.083118974604943, 44.92601371799245], [-1.083160505982799, 44.92570588031593], [-1.083244309564078, 44.92540241688343], [-1.083369577623247, 44.925106250117686], [-1.083535103173559, 44.924820232126535], [-1.083739291613534, 44.9245471172409], [-1.083980176103063, 44.924289535495895], [-1.084255436520279, 44.924049967310346], [-1.08456242181606, 44.923830719607956], [-1.084898175550502, 44.923633903609876], [-1.085259464365179, 44.92346141451231], [-1.085642809117023, 44.923314913244354], [-1.086044518374155, 44.92319581048131], [-1.086460723951504, 44.92310525306731], [-1.086887418144527, 44.92304411297746], [-1.087320492303212, 44.923012978925776], [-1.087755776375712, 44.92301215069931], [-1.088189079041742, 44.92304163627297], [-1.088616228050274, 44.92310115173281], [-1.089033110374054, 44.92319012400835], [-1.08943571179529, 44.92330769638796], [-1.089820155542208, 44.92345273676402], [-1.090182739605272, 44.92362384852889], [-1.090519972374421, 44.92381938401694], [-1.090826192362139, 44.92403575475082], [-1.091149163882228, 44.92388153555603], [-1.091532496122747, 44.923735013956104]], [[-1.050475378412561, 44.94629825766422], [-1.050348049721743, 44.946002522582525], [-1.05026215287043, 44.94569934840708], [-1.0502560782019, 44.94565651627588], [-1.049914650892525, 44.94549527439282], [-1.049577429402725, 44.945299614461796], [-1.049311572637743, 44.945111637675794], [-1.049169465280216, 44.94517939143708], [-1.04878587581472, 44.94532576784675], [-1.048383928937795, 44.94544473671923], [-1.047967496113147, 44.94553515213882], [-1.047540588400087, 44.945596143213486], [-1.047107317802418, 44.9456271224676], [-1.04667185764263, 44.945627791503334], [-1.046238402344019, 44.94559814387643], [-1.04581112700904, 44.94553846515824], [-1.045394147184221, 44.94544933018366], [-1.044991479200174, 44.94533159751149], [-1.044607001469563, 44.9451864011506], [-1.044371702454605, 44.945075261288615], [-1.044504820176232, 44.94530212322973], [-1.044632116460509, 44.94559786494084], [-1.044714937838135, 44.9458902925836], [-1.044803238355662, 44.94592363855612], [-1.045165830289531, 44.94609489829832], [-1.045503041168464, 44.94629057165492], [-1.045731438642723, 44.94645207481438], [-1.045860424133241, 44.9463905844525], [-1.046244028518809, 44.94624421808946], [-1.046645985666141, 44.94612525692468], [-1.047062425003749, 44.9460348464388], [-1.047489336576725, 44.94597385719212], [-1.04792260964237, 44.94594287644623], [-1.048358072233954, 44.94594220251196], [-1.048791531312541, 44.94597184187857], [-1.049218813121189, 44.94603150915123], [-1.049635803353981, 44.9461206297977], [-1.050038486753988, 44.94623834567764], [-1.050422985759853, 44.94638352330164], [-1.050564701730943, 44.94645044810817], [-1.050475378412561, 44.94629825766422]], [[-1.050260462608627, 44.94026067994934], [-1.050644013581144, 44.94011429867216], [-1.05104591745964, 44.9399953218174], [-1.051462304185472, 44.93990489501678], [-1.051889164310238, 44.939843888987696], [-1.052322387586541, 44.93981289115332], [-1.052757802526986, 44.939812199989056], [-1.053191216551386, 44.93984182215007], [-1.053618456336563, 44.939901472407186], [-1.054035407981192, 44.93999057639201], [-1.054438056599889, 44.94010827612465], [-1.054822524966202, 44.94025343827116], [-1.054984977556475, 44.94033015481198], [-1.05489591816567, 44.940178421686255], [-1.054768580058931, 44.939882692203064], [-1.054682668684242, 44.939579521992606], [-1.054674426995897, 44.93952143669261], [-1.054365139641977, 44.93937537526631], [-1.054027939424382, 44.93917972918825], [-1.05372060975894, 44.93896242956336], [-1.053559425922393, 44.939039296118], [-1.05317588991153, 44.93918568740614], [-1.052773996353839, 44.93930467193206], [-1.052357616199364, 44.93939510362917], [-1.05193076, 44.93945611144871], [-1.051497539263282, 44.93948710775374], [-1.051062126831336, 44.939487793982266], [-1.050628716667662, 44.939458163524314], [-1.050201483439904, 44.939398501785945], [-1.049784542288962, 44.93930938343846], [-1.049381909172911, 44.939191666880525], [-1.048997462168563, 44.93904648596581], [-1.048794357173348, 44.938950553747155], [-1.048924279684561, 44.93917195922269], [-1.049051585359597, 44.939467695336454], [-1.049136483412726, 44.93976740076489], [-1.049152779149587, 44.9397735545551], [-1.049515344602608, 44.93994479980124], [-1.049852533677253, 44.94014045961028], [-1.050118368689475, 44.94032843482602], [-1.050260462608627, 44.94026067994934]], [[-1.047095975762118, 44.93740812795471], [-1.046968685074014, 44.93711238978292], [-1.046882820105815, 44.93680921379651], [-1.046881776516673, 44.93680185120806], [-1.046867450552222, 44.93679644060967], [-1.046504913536863, 44.93662518688893], [-1.04616775727499, 44.93642951713182], [-1.045880416463433, 44.93622630059406], [-1.045768938333756, 44.936279454311126], [-1.04538540086351, 44.93642581860261], [-1.044983510556954, 44.936544774868175], [-1.044567138332875, 44.936635177313505], [-1.044140294666819, 44.93669615517157], [-1.043707090945594, 44.93672712109403], [-1.043271699847432, 44.936727776811495], [-1.042838315130302, 44.93669811600798], [-1.042411111216687, 44.93663842438172], [-1.041994202965065, 44.936549276891974], [-1.041591606016534, 44.93643153221808], [-1.041207198099447, 44.93628632448452], [-1.040999259554058, 44.93618808346542], [-1.04115422519838, 44.936452251827106], [-1.041281483728207, 44.936747996597425], [-1.041356307187882, 44.93701228415246], [-1.041413041608785, 44.937033714992204], [-1.041775565716288, 44.9372049853384], [-1.042112711315842, 44.93740066846097], [-1.042371044621169, 44.9375833837443], [-1.042460949071334, 44.93754052152295], [-1.042844501796258, 44.93739416727227], [-1.0432464027261, 44.937275218709296], [-1.043662781830665, 44.93718482119333], [-1.044089629734968, 44.93712384515979], [-1.044522836309296, 44.93709287774302], [-1.04495823022706, 44.93709221712552], [-1.045391619110466, 44.93712186966834], [-1.045818829878367, 44.93718154984975], [-1.046235748908772, 44.9372706830132], [-1.046638361630255, 44.937388410897874], [-1.04702279116193, 44.93753359989873], [-1.047225887995464, 44.93762953531337], [-1.047095975762118, 44.93740812795471]], [[-1.05354231851179, 44.93363346976716], [-1.05390485767534, 44.93380470038486], [-1.054242025149019, 44.93400034652291], [-1.054549329645127, 44.93421764438511], [-1.054710498268697, 44.93414077650579], [-1.055093995776454, 44.93399438014368], [-1.055495846362012, 44.93387538741961], [-1.055912180479802, 44.93378494411806], [-1.056338989187897, 44.93372392111537], [-1.056772162733896, 44.9336929059981], [-1.05720753010917, 44.93369219740812], [-1.057640899191455, 44.93372180216836], [-1.058068097090255, 44.93378143521716], [-1.058485010307521, 44.933870522351896], [-1.05888762432786, 44.93398820575487], [-1.059272062257973, 44.93413335224943], [-1.059294050531263, 44.93414373585321], [-1.059226458332668, 44.934028582304016], [-1.059099111355131, 44.93373285832305], [-1.059013185992943, 44.933429692015004], [-1.059003494481888, 44.933361418892375], [-1.05871562518229, 44.93322547371068], [-1.058378446762557, 44.933029841186766], [-1.058070706322553, 44.932812251636044], [-1.05790938423256, 44.932889201576565], [-1.057525901629839, 44.93303560760266], [-1.057124061367797, 44.93315460763526], [-1.056707733883049, 44.93324505545847], [-1.056280929220085, 44.933306079868196], [-1.05584775838993, 44.9333370930677], [-1.055412393753931, 44.93333779633222], [-1.054979028815124, 44.93330818288777], [-1.054551837805479, 44.933248537976446], [-1.054134935459198, 44.933159436107516], [-1.05373233736056, 44.93304173552092], [-1.053347921249086, 44.93289656991648], [-1.053198963288621, 44.9328262137591], [-1.053313738380255, 44.93302179636421], [-1.053441053239998, 44.93331752690903], [-1.053526948311893, 44.93362069751318], [-1.053527992714137, 44.93362806003222], [-1.05354231851179, 44.93363346976716]], [[-1.090923769455967, 44.92939095066394], [-1.0908901940022, 44.92915536038548], [-1.090807268919068, 44.92911623087998], [-1.090470003303584, 44.9289206959518], [-1.09016375802227, 44.92870432391836], [-1.089840756024397, 44.92885854047357], [-1.089457384351332, 44.929005056464725], [-1.089055640738098, 44.92912417177101], [-1.088639394690053, 44.929214739066246], [-1.088212655467004, 44.929275885995594], [-1.087779533449443, 44.92930702358222], [-1.087344200528408, 44.9293078519032], [-1.086910849901404, 44.92927836297998], [-1.086483655662575, 44.9292188408553], [-1.086066732577345, 44.929129858855696], [-1.085664096429951, 44.92901227406652], [-1.085489664308037, 44.92894646378476], [-1.085610296199633, 44.92922628325914], [-1.08569635886898, 44.92952942860997], [-1.085721034719506, 44.92970268544944], [-1.085893222698072, 44.92978394544777], [-1.086230477548981, 44.92997949431296], [-1.086499221615728, 44.930169385352805], [-1.086809121913838, 44.93002144113171], [-1.087192507450827, 44.92987493422965], [-1.087594260397576, 44.92975582563032], [-1.088010512148353, 44.92966526223408], [-1.08843725455406, 44.92960411607361], [-1.088870378500513, 44.92957297592143], [-1.089305713456534, 44.92957214162327], [-1.089739067611972, 44.92960162121254], [-1.090166268220089, 44.92966113083288], [-1.090583201756865, 44.929750097470105], [-1.090985853511449, 44.92986766446682], [-1.091103912562848, 44.92991219798876], [-1.091009861093962, 44.92969409191512], [-1.090923769455967, 44.92939095066394]], [[-1.0847655793752, 44.93528423535085], [-1.084349280683467, 44.935374786747865], [-1.083922489914645, 44.93543591731964], [-1.083489317945809, 44.93546703824686], [-1.083053937149225, 44.93546784976709], [-1.082620541183618, 44.93543834406362], [-1.082193304579905, 44.9353788053408], [-1.081776342511623, 44.935289807085034], [-1.081373671138522, 44.93517220653826], [-1.081188331530102, 44.93510227941175], [-1.081310827820797, 44.93538644817668], [-1.081396876704027, 44.935689597414694], [-1.081421618073565, 44.93586339001359], [-1.081613705906111, 44.93595404215847], [-1.08195098293757, 44.93614960436836], [-1.082186285131719, 44.936315865962435], [-1.082489078572837, 44.93617134714934], [-1.082872517432863, 44.93602485487788], [-1.083274323606152, 44.935905761673126], [-1.083690627974536, 44.93581521428721], [-1.084117421882352, 44.935754084598656], [-1.084550595719594, 44.93572296122135], [-1.084985978474775, 44.935722143839556], [-1.085419377877564, 44.935751640323744], [-1.085846620745607, 44.93581116665488], [-1.08626359314801, 44.935900149657876], [-1.086666279999712, 44.93601773251776], [-1.086808833365588, 44.93607150691668], [-1.086719328840651, 44.93586392737248], [-1.086633250922109, 44.93556078223915], [-1.086598721045306, 44.93531838976757], [-1.086466784456905, 44.935256132742126], [-1.086129497053264, 44.935060584285104], [-1.085860730801857, 44.93487069207345], [-1.085550801208299, 44.93501863386511], [-1.085167376222878, 44.93516513533028], [-1.0847655793752, 44.93528423535085]], [[-1.078848746407561, 44.93261721711881], [-1.07867655993763, 44.932535946139616], [-1.078339316052664, 44.932340374206824], [-1.078045074762234, 44.932132432000856], [-1.077780314640634, 44.93225879174559], [-1.077396888227397, 44.93240526628838], [-1.076995094652289, 44.932524338125205], [-1.076578803902041, 44.93261486034862], [-1.076152025667157, 44.93267596103786], [-1.075718870703998, 44.932707051661495], [-1.075283511221012, 44.932707832748996], [-1.074850140671594, 44.93267829677675], [-1.074422933341796, 44.93261872824065], [-1.074006004123117, 44.93252970091431], [-1.073603368858809, 44.93241207231967], [-1.073328148855115, 44.93230820418605], [-1.073353306708311, 44.93235104421077], [-1.073480725699904, 44.932646751735675], [-1.073566728059601, 44.932949906784906], [-1.073584026015207, 44.933071540520054], [-1.073843927606042, 44.93319422832916], [-1.074181160949766, 44.93338981394962], [-1.074458452832512, 44.933585792823045], [-1.074719563123132, 44.93346118923267], [-1.075103003746344, 44.93331472387842], [-1.075504807000067, 44.933195658852334], [-1.075921103794303, 44.93310514063516], [-1.076347885546354, 44.93304404082461], [-1.076781042763269, 44.93301294774684], [-1.077216404593586, 44.933012160794355], [-1.077649778968426, 44.93304168754465], [-1.078076992946373, 44.933101243687254], [-1.078493932874648, 44.93319025576], [-1.078896583980796, 44.93330786666801], [-1.079081914802493, 44.93337779757783], [-1.078959434191239, 44.93309362652749], [-1.078873402464458, 44.93279047563803], [-1.078848746407561, 44.93261721711881]], [[-1.071103553168565, 44.93003016863863], [-1.071086422381919, 44.929909666108244], [-1.070866335031262, 44.92980575902569], [-1.070529134793905, 44.92961016355942], [-1.070225926161128, 44.92939583138836], [-1.070009828098578, 44.929498949593565], [-1.069626400261396, 44.929645397212276], [-1.069224609962442, 44.929764440864], [-1.068808327156945, 44.929854933912765], [-1.068381561458917, 44.92991600471882], [-1.067948423503973, 44.92994706503857], [-1.067513085336721, 44.92994781569336], [-1.067079740205207, 44.929918249452726], [-1.066652562150599, 44.92985865110413], [-1.066235665782341, 44.92976959470831], [-1.065833066627188, 44.92965193806721], [-1.06545812078736, 44.92951039264611], [-1.06552325280177, 44.92962133904448], [-1.065650624313238, 44.92991705530117], [-1.065736580168425, 44.93022021615885], [-1.06574627933202, 44.93028848863002], [-1.066034150597133, 44.93042441548522], [-1.066371340054544, 44.930620024634656], [-1.06666566356527, 44.930828091972714], [-1.066890051760707, 44.93072103013653], [-1.067273494094749, 44.93057459190945], [-1.067675294337702, 44.93045555528132], [-1.06809158342861, 44.93036506645945], [-1.068518352858985, 44.93030399675846], [-1.068951493254533, 44.9302729342146], [-1.06938683392575, 44.93027217792636], [-1.069820183007462, 44.930301735175995], [-1.070247367801745, 44.93036132135935], [-1.07066427493676, 44.93045036272496], [-1.071066889955736, 44.93056800189593], [-1.071342097233441, 44.93067187557385], [-1.071316941669461, 44.930629035115516], [-1.071189538668589, 44.93033332528925], [-1.071103553168565, 44.93003016863863]], [[-1.064904546879379, 44.93592450480653], [-1.064488211382845, 44.936014981843215], [-1.06406139410872, 44.93607603617546], [-1.063628206189493, 44.93610707971829], [-1.063192820151126, 44.936107813454676], [-1.062759429702845, 44.93607823031712], [-1.062332209322377, 44.936018615255826], [-1.061915274026906, 44.9359295424925], [-1.06151263971816, 44.93581186998676], [-1.06112818448453, 44.935666731167956], [-1.0611061952746, 44.93565634792222], [-1.061173793294261, 44.93577150038442], [-1.061301155839798, 44.93606722216856], [-1.06138709761019, 44.93637038694667], [-1.061395345787465, 44.93642847169437], [-1.061704635197705, 44.93657451343434], [-1.062041846529487, 44.93677013607616], [-1.062303133969992, 44.93695484954475], [-1.062500012329833, 44.93686093476026], [-1.062883508102858, 44.93671451140799], [-1.063285361649531, 44.93659549042977], [-1.063701703395715, 44.93650501788214], [-1.064128524325995, 44.93644396492304], [-1.064561714570276, 44.93641291942753], [-1.06499710295915, 44.93641218032994], [-1.065430497168053, 44.93644175474696], [-1.065857724064595, 44.936501357909165], [-1.066274669871581, 44.93659041590162], [-1.066677319759896, 44.9367080711873], [-1.067061796490954, 44.936853190860255], [-1.067070784021142, 44.936857433965514], [-1.067036401017221, 44.93679887639781], [-1.066909006570325, 44.93650316112057], [-1.066823034748705, 44.93620000059999], [-1.066805750490883, 44.93607836569959], [-1.066545850932052, 44.93595566133007], [-1.066208628788234, 44.93576005239786], [-1.065914281091663, 44.93555198354282], [-1.065689871706103, 44.93565904356393], [-1.065306390476694, 44.93580547655086], [-1.064904546879379, 44.93592450480653]], [[-1.074376076260158, 44.9386958489268], [-1.074038810331195, 44.93850026358812], [-1.073761495616482, 44.93830428338069], [-1.073500360649136, 44.93842888490063], [-1.073116880875263, 44.93857534495015], [-1.072715034009957, 44.93869440153594], [-1.072298690553324, 44.938784907897436], [-1.071871860703634, 44.93884599226669], [-1.071438655714495, 44.93887706626945], [-1.0710032482763, 44.93887783059525], [-1.070569832304438, 44.93884827788195], [-1.070142582522538, 44.93878869278674], [-1.06972561423105, 44.93869964924267], [-1.069322943649606, 44.93858200492789], [-1.068938449216075, 44.938436893000265], [-1.068929461291475, 44.938432650043985], [-1.06896384727357, 44.93849120705468], [-1.069091257071064, 44.938786920152104], [-1.069177245119288, 44.93909007915194], [-1.069193086962391, 44.93920152394848], [-1.069474413558953, 44.93933432723234], [-1.069811668585106, 44.93952992646601], [-1.07007203306124, 44.93971394233733], [-1.070329524032824, 44.939591093863164], [-1.070713018031142, 44.939444643384036], [-1.071114874522044, 44.93932559400808], [-1.071531223902991, 44.93923509206535], [-1.071958057085019, 44.93917400899681], [-1.072391264080049, 44.939142932967414], [-1.072826673557397, 44.93914216320553], [-1.07326009298947, 44.9391717071231], [-1.07368734900106, 44.939231280244385], [-1.074104327534697, 44.93932030894369], [-1.07450701344622, 44.93943793596609], [-1.074802080219599, 44.93954927630674], [-1.074678902032741, 44.939263462359484], [-1.074592883979502, 44.93896030759996], [-1.074568162404954, 44.93878651332167], [-1.074376076260158, 44.9386958489268]], [[-1.060158094841045, 44.94216502981926], [-1.059731226046088, 44.94222606763819], [-1.059297988224707, 44.94225709436455], [-1.05886255438362, 44.9422578111433], [-1.058429118692566, 44.94222821107028], [-1.058001856065131, 44.942168579258784], [-1.057584881925466, 44.942079490091935], [-1.05718221254948, 44.941961801687285], [-1.056797726363337, 44.94181664762735], [-1.05663526698726, 44.941739933701484], [-1.056724333563898, 44.94189166550414], [-1.056851686545674, 44.94218739292347], [-1.056937613641333, 44.9424905616923], [-1.056943693070076, 44.942533393418195], [-1.057285122555452, 44.94269461357523], [-1.057622355270967, 44.94289024997798], [-1.057866722889186, 44.943063003072034], [-1.05805997652951, 44.942970838416194], [-1.058443525677299, 44.94282443011466], [-1.05884543242913, 44.94270542496985], [-1.059261826698639, 44.94261496888587], [-1.059688698964751, 44.94255393286208], [-1.060121938863154, 44.94252290461053], [-1.060557374746407, 44.94252218289946], [-1.060990813832703, 44.94255177467818], [-1.061418082557598, 44.94261139501007], [-1.061835066741174, 44.942700469814866], [-1.062237751184814, 44.942818141393666], [-1.0626222583172, 44.942963276683635], [-1.062702534699234, 44.94300117650113], [-1.062665860777086, 44.942938714275996], [-1.06253847542919, 44.942642993451464], [-1.062452517821774, 44.94233982899833], [-1.062436688487413, 44.942228383137895], [-1.062155364039989, 44.94209556193183], [-1.06181812029032, 44.94189993932467], [-1.061556811407353, 44.94171522444465], [-1.061359914426268, 44.94180913769424], [-1.060976379836403, 44.941955556012346], [-1.060574482980744, 44.94207456883368], [-1.060158094841045, 44.94216502981926]]]}}, {"type": "Feature", "properties": {"nb_detections_cluster": 2, "frp_max": 6.9, "frp_moyen": 5.32, "derniere_detection": "2026-07-25T03:30:00", "fetch_timestamp": "2026-07-25T03:30:00"}, "geometry": {"type": "Polygon", "coordinates": [[[-1.038152777812121, 44.765029592640545], [-1.038487746070919, 44.76483292703105], [-1.038848157261195, 44.764660597728025], [-1.039230540691143, 44.764514264121836], [-1.039631214185445, 44.76439533527331], [-1.040046319531785, 44.764304956351964], [-1.040471859618622, 44.7642439976142], [-1.040903736907282, 44.76421304602781], [-1.041337792868704, 44.76421239962293], [-1.041769848006031, 44.7642420646237], [-1.042195742078563, 44.76430175538847], [-1.042611374140791, 44.764390897158755], [-1.043012742011854, 44.76450863159078], [-1.043395980796349, 44.764653825016474], [-1.043757400086282, 44.76482507935433], [-1.044093519486702, 44.76502074556576], [-1.044401102123409, 44.76523893952704], [-1.044677185810467, 44.76547756016505], [-1.044919111577554, 44.76573430968194], [-1.045124549282427, 44.76600671567457], [-1.045291520061636, 44.7662921549361], [-1.045418415402895, 44.766587878710816], [-1.045504012654849, 44.766891039159056], [-1.045547486824158, 44.76719871677825], [-1.045548418545416, 44.76750794851529], [-1.045506798146209, 44.76781575630063], [-1.045423025767144, 44.76811917572851], [-1.045297907534659, 44.76841528460777], [-1.04513264782247, 44.76870123110784], [-1.04492883767521, 44.768974261228706], [-1.044688439504897, 44.76923174533047], [-1.044413768206857, 44.76947120346622], [-1.044107468876433, 44.76969032927428], [-1.043772491340616, 44.76988701219929], [-1.043412061749731, 44.77005935782782], [-1.043029651502704, 44.77020570614217], [-1.042628943805421, 44.77032464751625], [-1.042213798184601, 44.770415036299205], [-1.041788213299508, 44.77047600185567], [-1.041515864586076, 44.7704955206847], [-1.041257403207974, 44.770680406630795], [-1.040922409810308, 44.770877081010404], [-1.040561965142709, 44.77104941743074], [-1.040179540749356, 44.771195755962786], [-1.039778819972428, 44.77131468707468], [-1.039363662464659, 44.77140506521442], [-1.038938066999844, 44.77146601984913], [-1.038506132940159, 44.77149696385416], [-1.038072020732272, 44.771497599171255], [-1.037639911813613, 44.771467919680894], [-1.037213968315961, 44.77140821126139], [-1.036798292955439, 44.77131904903365], [-1.036396889496241, 44.77120129181896], [-1.036013624169768, 44.77105607386256], [-1.035652188421626, 44.770884793903406], [-1.035316063345956, 44.770689101695396], [-1.035008486150206, 44.770470882110445], [-1.034732418973716, 44.77023223697645], [-1.034490520360576, 44.76997546482586], [-1.034285119661548, 44.7697030387499], [-1.034118194611341, 44.76941758257241], [-1.033991352296783, 44.76912184557275], [-1.033905813698642, 44.76881867600188], [-1.033862401955211, 44.76851099364665], [-1.033861534459823, 44.76820176170689], [-1.033903218867477, 44.767893958256245], [-1.033987053047995, 44.76759054756165], [-1.034112228985134, 44.76729445153772], [-1.034277540583103, 44.767008521610755], [-1.034481395304314, 44.76673551126336], [-1.034721829525484, 44.76647804952383], [-1.034996527463405, 44.766238615655155], [-1.035302843487584, 44.7660195152875], [-1.035637827604463, 44.76582285822318], [-1.035998253867559, 44.765650538127886], [-1.036380651439966, 44.76550421430331], [-1.03678133801022, 44.7653852957161], [-1.037196455240129, 44.76529492743694], [-1.037622005903759, 44.765233979619765], [-1.037894330494569, 44.76521447039349], [-1.038152777812121, 44.765029592640545]]]}}, {"type": "Feature", "properties": {"nb_detections_cluster": 3, "frp_max": 7.75, "frp_moyen": 5.3, "derniere_detection": "2026-07-25T03:30:00", "fetch_timestamp": "2026-07-25T03:30:00"}, "geometry": {"type": "Polygon", "coordinates": [[[-1.045491356643152, 44.76828839408457], [-1.04576601757829, 44.76804893337709], [-1.046072301510029, 44.76782980311108], [-1.046407258753687, 44.76763311337683], [-1.046767663621408, 44.767460758154684], [-1.047150045482176, 44.76731439708452], [-1.047550722175703, 44.76719543949171], [-1.047965835458812, 44.767105030822485], [-1.048391388143508, 44.76704404161975], [-1.0488232825698, 44.76701305914462], [-1.049257360043626, 44.76701238172465], [-1.049689440861018, 44.76704201588261], [-1.050115364534062, 44.76710167627389], [-1.050531029832293, 44.767190788432416], [-1.050932434254908, 44.76730849429958], [-1.051315712554641, 44.76745366048234], [-1.051677173943097, 44.76762488916156], [-1.052013337620052, 44.767820531545716], [-1.05232096628505, 44.76803870374054], [-1.052597097309016, 44.76827730488257], [-1.052839071265874, 44.76853403736167], [-1.053044557549391, 44.76880642893885], [-1.053211576828354, 44.76909185654613], [-1.053338520123451, 44.76938757154002], [-1.053424164321526, 44.769690726165535], [-1.053467683977111, 44.769998400976164], [-1.053468659286702, 44.770307632945936], [-1.053427080158039, 44.77061544400308], [-1.053358619410035, 44.770863525012196], [-1.053604964811442, 44.77084584335928], [-1.05363556049345, 44.77081916451273], [-1.05394182885021, 44.7706000122918], [-1.054276775070446, 44.77040329858831], [-1.054637173572336, 44.770230917613446], [-1.055019553786071, 44.77008452925509], [-1.055420233567146, 44.76996554310133], [-1.055835354642599, 44.769875104873506], [-1.05626091974937, 44.76981408539905], [-1.056692831107843, 44.76978307223064], [-1.057126929860934, 44.769782363991325], [-1.057559036099811, 44.769811967500694], [-1.057984989091828, 44.76987159770918], [-1.058400687324282, 44.76996068044135], [-1.058802127979332, 44.77007835792197], [-1.059185445460915, 44.77022349703135], [-1.059546948603453, 44.770394700211035], [-1.059883156204758, 44.77059031891505], [-1.060190830541512, 44.7708084694772], [-1.060467008544936, 44.77104705124234], [-1.060709030336638, 44.771303766786964], [-1.060914564849812, 44.77157614403517], [-1.061081632288848, 44.771861560057026], [-1.061208623210674, 44.77215726632064], [-1.061294314043485, 44.77246041515513], [-1.061337878892684, 44.77276808716984], [-1.06133889751949, 44.773077319365775], [-1.061297359414405, 44.773385133668995], [-1.061213663925307, 44.773688565611145], [-1.061088616437908, 44.77398469288061], [-1.060923420644341, 44.77427066346976], [-1.060719666973373, 44.774543723146735], [-1.060479317292812, 44.774801241987], [-1.060204686030694, 44.77504073970915], [-1.059898417896488, 44.775259909570245], [-1.059563462416471, 44.77545664059073], [-1.059203045528307, 44.775629037893935], [-1.058820638508386, 44.77577544096446], [-1.058419924531356, 44.775894439648845], [-1.058004763184311, 44.77598488774424], [-1.057579153277928, 44.776045914043934], [-1.057325234928561, 44.77606414678592], [-1.05729463814356, 44.77609082669926], [-1.056988352951347, 44.776309988600076], [-1.05665338103867, 44.77650671089903], [-1.056292948501508, 44.77667909880352], [-1.055910526767014, 44.77682549188862], [-1.055509799151604, 44.776944480097065], [-1.055094625373773, 44.77703491732687], [-1.054669004363961, 44.77709593247608], [-1.054237035730382, 44.777126937837096], [-1.053802880252751, 44.777127634760696], [-1.053370719785347, 44.777098016533955], [-1.052944716956582, 44.77703836844509], [-1.052528975054206, 44.77694926503388], [-1.052127498483518, 44.77683156455509], [-1.051744154180319, 44.77668640070752], [-1.051382634351111, 44.77651517170895], [-1.051046420900096, 44.77631952682249], [-1.050738751886124, 44.77610135046426], [-1.050462590333074, 44.77586274404589], [-1.050220595694181, 44.77560600572699], [-1.050015098245195, 44.77533360827302], [-1.049848076652731, 44.77504817523224], [-1.049721138933472, 44.77475245566124], [-1.049635506987028, 44.77444929764322], [-1.049592004850661, 44.774141620853875], [-1.049591050788159, 44.77383238843952], [-1.04963265328807, 44.77352457847849], [-1.04970113370894, 44.77327649954204], [-1.049276742799845, 44.77330694382897], [-1.048842616747822, 44.77330762132625], [-1.048410488244124, 44.77327798380265], [-1.047984519609226, 44.77321831673222], [-1.047568813801449, 44.77312919483763], [-1.047167374878353, 44.773011476551666], [-1.046784069413044, 44.77286629574462], [-1.046422589237869, 44.77269505079763], [-1.04608641587502, 44.7724993911274], [-1.045778786997173, 44.77228120129244], [-1.045502665241585, 44.77204258283417], [-1.045260709678151, 44.77178583402814], [-1.045055250206255, 44.77151342774078], [-1.044888265126756, 44.7712279876054], [-1.044761362104701, 44.77093226274691], [-1.044675762705574, 44.77062910129941], [-1.044632290653244, 44.77032142297156], [-1.044631363921848, 44.77001219092451], [-1.044672990736816, 44.76970438323298], [-1.044756769522537, 44.769400964204806], [-1.044881892796138, 44.76910485583494], [-1.045047154968862, 44.76881890966863], [-1.045250963978949, 44.76854587934494], [-1.045491356643152, 44.76828839408457]]]}}, {"type": "Feature", "properties": {"nb_detections_cluster": 1, "frp_max": 4.4, "frp_moyen": 4.4, "derniere_detection": "2026-07-25T03:30:00", "fetch_timestamp": "2026-07-25T03:30:00"}, "geometry": {"type": "Polygon", "coordinates": [[[-1.065500733347025, 44.767619036977855], [-1.065775305825837, 44.76737952675264], [-1.066081508156087, 44.767160341255035], [-1.066416391438603, 44.76696359110725], [-1.066776730697464, 44.766791170871365], [-1.06715905593317, 44.76664474081341], [-1.067559685530459, 44.766525710923005], [-1.067974761699452, 44.766435227342605], [-1.068400287609371, 44.76637416133641], [-1.068832165857928, 44.766343100905104], [-1.069266237906774, 44.766342345126816], [-1.069698324104171, 44.76637190127892], [-1.070124263910441, 44.76643148476782], [-1.070539955939866, 44.76652052186799], [-1.070941397434392, 44.766638155243555], [-1.071324722789962, 44.76678325219954], [-1.071686240765297, 44.7669544155834], [-1.072022470015529, 44.76714999723236], [-1.072330172609039, 44.7673681138371], [-1.072606385205135, 44.76760666506948], [-1.072848447592508, 44.76786335380008], [-1.073054028313625, 44.76813570821127], [-1.073221147128093, 44.76842110559302], [-1.073348194098282, 44.76871679759309], [-1.073433945112798, 44.769019936678006], [-1.073477573697627, 44.769327603551034], [-1.073478659000306, 44.7696368352628], [-1.073437189869296, 44.76994465374415], [-1.073353564988261, 44.77024809448647], [-1.073228589062918, 44.77054423509357], [-1.07306346509617, 44.77083022342937], [-1.072859782824962, 44.77110330509118], [-1.072619503429352, 44.771360849942795], [-1.072344940660329, 44.7716003774523], [-1.072038738567543, 44.771819580589955], [-1.07170384604104, 44.772016348055686], [-1.071343488411982, 44.772188784621854], [-1.070961136385826, 44.77233522939489], [-1.070560472607379, 44.772454271819676], [-1.070145356180077, 44.77254476527207], [-1.069719785481804, 44.77260583810852], [-1.069287859636041, 44.7726369020658], [-1.068853739010269, 44.772637657930304], [-1.068421605123013, 44.772608098421365], [-1.067995620346643, 44.77254850826158], [-1.067579887795052, 44.7724594614328], [-1.06717841178354, 44.77234181564481], [-1.066795059242634, 44.772196704069565], [-1.066433522458326, 44.77202552442142], [-1.066097283498306, 44.77182992548816], [-1.065789580667332, 44.771611791243345], [-1.065513377315222, 44.77137322269304], [-1.065271333298045, 44.771116517632144], [-1.065065779367378, 44.77084414850589], [-1.064898694734071, 44.770558738589735], [-1.064771688022191, 44.77026303671768], [-1.064685981796028, 44.76995989080254], [-1.064642400808404, 44.76965222040352], [-1.06464136408265, 44.769342988605544], [-1.06468288090352, 44.76903517348102], [-1.064766550754655, 44.768731739409574], [-1.064891567202163, 44.768435608531085], [-1.065056725685897, 44.7681496326077], [-1.065260435142442, 44.76787656556517], [-1.065500733347025, 44.767619036977855]]]}}, {"type": "Feature", "properties": {"nb_detections_cluster": 17, "frp_max": 10.73, "frp_moyen": 5.44, "derniere_detection": "2026-07-25T03:30:00", "fetch_timestamp": "2026-07-25T03:30:00"}, "geometry": {"type": "Polygon", "coordinates": [[[-0.981479798594131, 44.77568155917544], [-0.981840453881529, 44.775509414641846], [-0.98222305929209, 44.775363277197044], [-0.982623930513688, 44.77524455401291], [-0.983039207430692, 44.775154388278544], [-0.98346489128003, 44.77509364819755], [-0.983896883139155, 44.77506291863229], [-0.984331023376097, 44.77506249547502], [-0.98476313168265, 44.775092382800324], [-0.985189047306139, 44.77515229282576], [-0.98560466909337, 44.77524164868157], [-0.986005994962108, 44.7753595899626], [-0.98638916042093, 44.77550498100888], [-0.986750475767326, 44.77567642183598], [-0.987086461606546, 44.77587226160944], [-0.987393882349725, 44.776090614534105], [-0.987669777369039, 44.776329378006], [-0.987911489510097, 44.77658625285158], [-0.988116690686955, 44.77685876546063], [-0.988283404313066, 44.777144291599356], [-0.98841002435176, 44.777440081675024], [-0.988495330802211, 44.777743287209255], [-0.988538501471014, 44.77805098826488], [-0.988539119915178, 44.77836022156275], [-0.988497179479043, 44.778668009017906], [-0.988413083385273, 44.77897138642003], [-0.988287640877992, 44.779267431982376], [-0.988122059454191, 44.779553294483776], [-0.987917933257284, 44.779826220732964], [-0.987677227743703, 44.78008358209017], [-0.987402260769491, 44.78032289979041], [-0.987095680278445, 44.78054186882439], [-0.986760438806299, 44.780738380146616], [-0.986399765046272, 44.78091054099632], [-0.98601713274981, 44.78105669313543], [-0.985616227262248, 44.781175428827396], [-0.985200910016038, 44.781265604402414], [-0.984775181324082, 44.781326351278715], [-0.984637771542555, 44.781336126085826], [-0.984545620049092, 44.78140193795738], [-0.984210364539447, 44.78159844162676], [-0.983849677457112, 44.781770594231446], [-0.983467032681886, 44.78191673761278], [-0.983066115679331, 44.78203546411853], [-0.98277875794867, 44.78209784857682], [-0.98306440705296, 44.78230073787112], [-0.983340314156898, 44.78253951262801], [-0.983582033213662, 44.782796397462185], [-0.983787236070576, 44.78306891866717], [-0.983953946124764, 44.783354451926385], [-0.984080557373792, 44.78365024757853], [-0.984165849901311, 44.7839534570915], [-0.984209001647833, 44.78426116048973], [-0.984209596352428, 44.784570394471544], [-0.984167627587907, 44.78487818094532], [-0.984119991489859, 44.78504996082094], [-0.984514068502524, 44.78499373643078], [-0.984703943701075, 44.78485814153042], [-0.985039216919418, 44.78466163614863], [-0.98539991890314, 44.78448947950323], [-0.985782576161, 44.78434332932193], [-0.986183503881628, 44.78422459289924], [-0.986598841405387, 44.784134413551755], [-0.987024589385682, 44.78407365961415], [-0.987456648282529, 44.78404291608223], [-0.987890857818556, 44.78404247898272], [-0.988323037018391, 44.784072352524454], [-0.988749024446851, 44.78413224905769], [-0.98916471825945, 44.78422159184264], [-0.989566115680531, 44.78433952059992], [-0.989949351529787, 44.784484899790286], [-0.990310735426985, 44.78465632954338], [-0.990646787317338, 44.78485215913139], [-0.990954270975978, 44.7850705028573], [-0.991230225169236, 44.785309258205686], [-0.991471992172862, 44.78556612608129], [-0.991677243372528, 44.78583863294099], [-0.991844001699869, 44.78612415460637], [-0.991970660687607, 44.78641994152784], [-0.992055999959663, 44.78672314525739], [-0.992099197006362, 44.78703084587525], [-0.99209983513047, 44.78734008010652], [-0.992057907486577, 44.78764786985729], [-0.99197381717392, 44.787951250895134], [-0.991848373380715, 44.78824730139829], [-0.991682783616118, 44.78853317009809], [-0.991478642103664, 44.78880610374353], [-0.991237914447108, 44.789063473623635], [-0.990962918715595, 44.789302800891356], [-0.990656303129766, 44.78952178044527], [-0.990321020563273, 44.78971830313853], [-0.989960300105076, 44.78989047610087], [-0.989577615956378, 44.790036640977576], [-0.989176653961948, 44.790155389909366], [-0.988761276098545, 44.790245579098965], [-0.988336132575865, 44.790306247177696], [-0.98814624773916, 44.79044184855059], [-0.987810950913861, 44.790638363715814], [-0.987450216867571, 44.79081052856666], [-0.987067519932406, 44.79095668482649], [-0.986666546076328, 44.79107542471904], [-0.986401066581293, 44.7911330598469], [-0.986594796361303, 44.79127062711723], [-0.986870762471774, 44.791509393821144], [-0.987112536218736, 44.791766271746276], [-0.987317788922791, 44.79203878725273], [-0.987484543500934, 44.79232431607878], [-0.98761119352183, 44.792620108605846], [-0.987696518695586, 44.792923316331965], [-0.987739696648127, 44.79323101929878], [-0.987740310865942, 44.79354025420879], [-0.987698354733696, 44.793848042961486], [-0.987638342854196, 44.79406446785381], [-0.987638593941954, 44.794064413343186], [-0.988035975092705, 44.794007713332476], [-0.988273320324554, 44.79383823020323], [-0.988608634615893, 44.79364171342569], [-0.988969383279326, 44.793469544640324], [-0.98935209237409, 44.79332338169169], [-0.989753076589665, 44.793204631997284], [-0.990168474722454, 44.79311443900148], [-0.990594286842309, 44.79305367117036], [-0.991026412791731, 44.79302291363349], [-0.991460691647802, 44.793022462552514], [-0.991892941767785, 44.79305232227083], [-0.992319001033726, 44.79311220527183], [-0.992734766909536, 44.79320153494602], [-0.993136235925773, 44.79331945114028], [-0.993519542212831, 44.793464818436306], [-0.9938809947123, 44.7936362370783], [-0.99421711270886, 44.79383205644546], [-0.994524659341113, 44.79405039093921], [-0.99480067276898, 44.794289138133], [-0.995042494697769, 44.79454599901012], [-0.995247795984169, 44.794818500094884], [-0.99541459907738, 44.79510401726451], [-0.99554129707889, 44.795399801012685], [-0.995626669236746, 44.79570300292203], [-0.995669892724385, 44.79601070309028], [-0.995670550589726, 44.79631993824694], [-0.995628635797014, 44.796627730289146], [-0.995544551321491, 44.79693111496248], [-0.995419106294929, 44.79722717041018], [-0.995253508238141, 44.79751304531596], [-0.995049351454315, 44.797785986369064], [-0.9948086016941, 44.798043364787205], [-0.994533577239368, 44.798282701641085], [-0.994226926587275, 44.79850169173698], [-0.993891602949115, 44.79869822582651], [-0.993530835809371, 44.79887041092967], [-0.99314809981884, 44.79901658857479], [-0.992747081321632, 44.7991353507796], [-0.992331642838768, 44.799225553618975], [-0.991934229139649, 44.79928226912318], [-0.991696871961168, 44.7994517604007], [-0.991361533811929, 44.79964828690351], [-0.991000752826885, 44.79982046383164], [-0.990618003790222, 44.79996663279219], [-0.99021697317174, 44.800085385886504], [-0.990006842499417, 44.80013100512702], [-0.990175184483252, 44.80025051493348], [-0.990451209879831, 44.800489273454616], [-0.990693038605302, 44.80074614435591], [-0.99089834145077, 44.80101865406515], [-0.991065140850267, 44.80130417837642], [-0.991191829940693, 44.8015999677147], [-0.991277188055743, 44.80190317360867], [-0.99132039250392, 44.80221087611773], [-0.991321026516334, 44.802520111948745], [-0.991279083286797, 44.80282790299241], [-0.991202425346513, 44.80310438206124], [-0.991248224019657, 44.80309443921376], [-0.991674110565831, 44.80303366703088], [-0.992106312638744, 44.80300290518199], [-0.99254066858261, 44.80300244987018], [-0.99297299601254, 44.80303230547962], [-0.993399132066292, 44.80309218453331], [-0.993814973468508, 44.8031815104597], [-0.9942165160226, 44.80329942314184], [-0.994599893150943, 44.80344478719515], [-0.994961413113042, 44.803616202895135], [-0.995297594543987, 44.80381201964929], [-0.995605199971541, 44.804030351884236], [-0.995881266989415, 44.804269097195146], [-0.996123136786787, 44.80452595658346], [-0.996328479759266, 44.80479845658785], [-0.996495317954472, 44.80508397309593], [-0.996622044135683, 44.80537975660779], [-0.996707437279362, 44.805682958708296], [-0.996750674356618, 44.80599065949339], [-0.996751338284253, 44.80629989568661], [-0.996709421967887, 44.806607689175145], [-0.996625328397182, 44.80691107569062], [-0.996499866791268, 44.80720713335857], [-0.996334244830404, 44.80749301084131], [-0.996130057047801, 44.807765954803294], [-0.995889269492489, 44.80802333643418], [-0.995614200810211, 44.80826267677378], [-0.995307499923992, 44.80848167059476], [-0.994972120528888, 44.80867820861287], [-0.994611292646381, 44.808850397810254], [-0.994228491512331, 44.80899657967583], [-0.993827404098336, 44.80911534618667], [-0.99365452289245, 44.809152878861305], [-0.993735572309604, 44.809210403408564], [-0.994011656827352, 44.809449153788876], [-0.994253540370828, 44.809706017701544], [-0.99445889320318, 44.80997852164168], [-0.994625737276971, 44.810264041458964], [-0.99475246529875, 44.81055982762163], [-0.99483785622713, 44.810863031689], [-0.994881087054423, 44.81117073373806], [-0.994881740757489, 44.81147997048019], [-0.994839810340282, 44.81178776379724], [-0.99475569892815, 44.81209114942252], [-0.994630215911932, 44.81238720549006], [-0.994464569177996, 44.81267308067765], [-0.99426035349806, 44.8129460216718], [-0.994019535189776, 44.813203399690735], [-0.993744433195037, 44.81344273580906], [-0.993437696757692, 44.81366172484009], [-0.993102279915206, 44.81385825754569], [-0.992741413049758, 44.814030440959186], [-0.992358571772714, 44.81417661662519], [-0.991957443442371, 44.81429537658049], [-0.991541891637778, 44.81438557692161], [-0.991278487227027, 44.814423156035886], [-0.99124439824228, 44.81445281054296], [-0.990937646551938, 44.81467179273497], [-0.990602214939857, 44.814868317947585], [-0.990241333930503, 44.8150404932863], [-0.989858479271509, 44.81518666037347], [-0.989457338450096, 44.815305411328545], [-0.98904177516566, 44.815395602334746], [-0.988615792101253, 44.815456364661635], [-0.988183492353203, 44.815487113036895], [-0.98774903989121, 44.815487551286616], [-0.987316619430632, 44.81545767518945], [-0.986890396104475, 44.81539777251746], [-0.986474475324435, 44.815308420262625], [-0.986072863218651, 44.815190479076584], [-0.985689428028053, 44.81504508497656], [-0.985327862834003, 44.81487363839804], [-0.984991649976877, 44.81467779069973], [-0.984684027508849, 44.81445942825108], [-0.984407958004364, 44.81422065425583], [-0.984166100028849, 44.81396376848741], [-0.983960782540462, 44.81369124513115], [-0.983793982471199, 44.81340570894757], [-0.983667305702846, 44.81310990998632], [-0.983581971620468, 44.81280669709484], [-0.9835388013914, 44.81249899047687], [-0.983538210081811, 44.8121897535656], [-0.983580202685782, 44.81188196448221], [-0.983661699173479, 44.811588228597536], [-0.983581405404227, 44.811605651696254], [-0.983282618955745, 44.81164825837402], [-0.982997167759918, 44.81185200365487], [-0.98266172521416, 44.81204850467161], [-0.982300837988006, 44.81222065401597], [-0.981917981889062, 44.81236679356071], [-0.981516844418496, 44.812485515690526], [-0.981101289243483, 44.81257567686628], [-0.980675318969, 44.81263640864488], [-0.980243036568188, 44.81266712604822], [-0.979808605843643, 44.81266753320074], [-0.97937621130131, 44.812637626180624], [-0.97895001782449, 44.81257769305778], [-0.978534130537298, 44.81248831111752], [-0.978132555245181, 44.81237034129738], [-0.977749159834385, 44.81222491989038], [-0.977387637003011, 44.812053447595055], [-0.977051468683305, 44.811857576017765], [-0.976743892498368, 44.81163919175791], [-0.976467870576775, 44.81140039822934], [-0.976226061025576, 44.81114349539356], [-0.976020792336475, 44.810870957600244], [-0.975854040971424, 44.810585409748946], [-0.975727412343112, 44.810289602001625], [-0.975642125372967, 44.80998638329029], [-0.975599000774619, 44.80967867387466], [-0.975598453174831, 44.809369437214876], [-0.975640487146802, 44.80906165142961], [-0.975724697193053, 44.808758280615336], [-0.975850271676991, 44.808462246302206], [-0.976016000664318, 44.808176399321916], [-0.976220287597762, 44.807903492357994], [-0.976461164691882, 44.807646153442846], [-0.976736311898921, 44.807406860656435], [-0.977043079262488, 44.807187918270124], [-0.977378512443406, 44.80699143456478], [-0.977739381171673, 44.80681930153663], [-0.978122210350547, 44.80667317668589], [-0.978523313513383, 44.8065544670632], [-0.978938828311431, 44.806464315727055], [-0.979237590498029, 44.806421720823586], [-0.979523027745222, 44.806217985588795], [-0.979858446470095, 44.80602149444803], [-0.980219301377731, 44.80584935340782], [-0.980602117504434, 44.80570322004559], [-0.981003208509214, 44.805584501493904], [-0.981246405871901, 44.80553173005294], [-0.981144418536735, 44.8054593173106], [-0.98086840826671, 44.80522053522778], [-0.980626605188193, 44.80496364251834], [-0.980421337730684, 44.80469111343443], [-0.980254582344423, 44.80440557279173], [-0.98012794448099, 44.80410977068282], [-0.980042643150926, 44.803806555985396], [-0.979999499206323, 44.8034988489206], [-0.979998927460428, 44.803189612925884], [-0.980040932719134, 44.8028818261136], [-0.980115522476067, 44.802613005272924], [-0.980011038808773, 44.802635677271205], [-0.979585142674366, 44.80269640466054], [-0.979152936111911, 44.802727117713154], [-0.978718582193396, 44.802727520595354], [-0.978286264684837, 44.80269760942652], [-0.977860147727407, 44.80263767231646], [-0.977444335708066, 44.80254828658891], [-0.977042833707169, 44.802430313217904], [-0.976659508904938, 44.80228488853066], [-0.976298053319325, 44.80211341325725], [-0.975961948234847, 44.801917539032765], [-0.975654430665547, 44.80169915248211], [-0.975378462175478, 44.80146035704114], [-0.975136700357148, 44.80120345268981], [-0.974931473242641, 44.80093091379238], [-0.974764756893642, 44.800645365259015], [-0.974638156385781, 44.800349557258244], [-0.974552890369865, 44.8000463387245], [-0.974509779357943, 44.79973862991583], [-0.974509237846172, 44.79942939428642], [-0.97455127034937, 44.799121609945125], [-0.974635471384448, 44.79881824097444], [-0.974761029401833, 44.798522208886794], [-0.974926734626023, 44.798236364492425], [-0.975130990728791, 44.79796346044993], [-0.975371830221764, 44.79770612476359], [-0.97564693341942, 44.79746683548234], [-0.975953650789267, 44.79724789684371], [-0.976289028473617, 44.79705141709252], [-0.976649836736903, 44.7968792881869], [-0.977032601064614, 44.796733167587405], [-0.977433635614538, 44.796614462303694], [-0.977718598322574, 44.79655262847408], [-0.977544808933694, 44.79642920452231], [-0.977268858281938, 44.796190414211296], [-0.977027110486607, 44.79593351443934], [-0.976821893444815, 44.79566097952662], [-0.976655183121346, 44.795375434344905], [-0.976528584533914, 44.795079629030525], [-0.97644331631496, 44.79477641249198], [-0.976400198997884, 44.79446870496814], [-0.976399647139699, 44.79415946990085], [-0.976441665354997, 44.793851685393506], [-0.976525848298411, 44.793548315530266], [-0.97665138459471, 44.79325228183214], [-0.97681706467767, 44.79296643512487], [-0.977021292461253, 44.79269352808941], [-0.977262100729864, 44.79243618875882], [-0.977537170098707, 44.79219689521713], [-0.977843851361074, 44.791977951742936], [-0.978179191006979, 44.79178146662761], [-0.978539959667125, 44.791609331880935], [-0.978922683208322, 44.791463205019724], [-0.979323676181054, 44.79134449311393], [-0.979739077297484, 44.79125433924409], [-0.980151137327136, 44.791195572410174], [-0.980343796369629, 44.791058019569164], [-0.98067912179318, 44.79086152695554], [-0.981039876897587, 44.79068938412968], [-0.981422587680157, 44.79054324868617], [-0.9818235688142, 44.79042452777766], [-0.982089049655518, 44.79036690362287], [-0.981895334013006, 44.79022932852333], [-0.98161939531263, 44.78999054954195], [-0.981377654296138, 44.789733659796276], [-0.981172438795494, 44.78946113350994], [-0.981005724760785, 44.78917559547165], [-0.980879117245632, 44.7888797957489], [-0.980793834968624, 44.78857658319646], [-0.980750698598722, 44.788268878014755], [-0.980750122876595, 44.787959643623154], [-0.980792112646811, 44.78765185811853], [-0.980839761115162, 44.78748007951984], [-0.980445013710764, 44.787536383508], [-0.980012924140058, 44.78756709975345], [-0.979578687328703, 44.78756750600172], [-0.979146485914533, 44.787537598339725], [-0.9787204829203, 44.78747766484353], [-0.978304781635092, 44.78738828280207], [-0.97790338607253, 44.787270313153826], [-0.977520162387519, 44.78712489219018], [-0.977158801623998, 44.786953420605364], [-0.976822784153163, 44.7867575499989], [-0.976515346145234, 44.78653916696085], [-0.976239448398056, 44.78630037489325], [-0.975997747822931, 44.78604347374353], [-0.975792571862298, 44.78577093784516], [-0.975625896085424, 44.785485392079394], [-0.975499325177481, 44.78518958658808], [-0.975414077504537, 44.78488637028155], [-0.975370973402342, 44.78457866339633], [-0.975370427300883, 44.78426942936817], [-0.975412443759553, 44.78396164629044], [-0.975496617450151, 44.783658278233496], [-0.97562213708679, 44.78336224670097], [-0.975787793263901, 44.78307640249776], [-0.975991990125862, 44.78280349828068], [-0.976232760755021, 44.78254616205563], [-0.976507786129182, 44.78230687187677], [-0.976814417465398, 44.782087931990304], [-0.977149701734516, 44.78189145065302], [-0.97751041010052, 44.78171931983837], [-0.977893069010807, 44.78157319702528], [-0.978293993638174, 44.781454489244744], [-0.97858135305597, 44.781392116424044], [-0.978295724740774, 44.7811892156433], [-0.978019845680196, 44.78095042844415], [-0.977778159965021, 44.780693531647195], [-0.977572994894661, 44.78042099954393], [-0.977406325933602, 44.780135456979096], [-0.977279757701494, 44.77983965406378], [-0.977194508538761, 44.7795364396834], [-0.977151398795639, 44.77922873405606], [-0.977150842956573, 44.77891950060532], [-0.977192845674871, 44.77861171741903], [-0.977277001754782, 44.77830834856861], [-0.977402500080129, 44.77801231556534], [-0.97756813145068, 44.77772646922829], [-0.977772300249783, 44.77745356223483], [-0.978013039830097, 44.77719622261765], [-0.978288031468462, 44.77695692846349], [-0.978594626706824, 44.77673798405692], [-0.978929872863638, 44.77654149769827], [-0.979290541469876, 44.77636936140928], [-0.979673159355763, 44.776223232721655], [-0.980074042089082, 44.77610451872293], [-0.980489329443383, 44.77601436251377], [-0.980915022555121, 44.77595363220607], [-0.981052419833339, 44.77594386203102], [-0.98114456647145, 44.77587805318673], [-0.981479798594131, 44.77568155917544]], [[-0.987141725716631, 44.809246821640016], [-0.987175813708563, 44.80921716844538], [-0.987482550286873, 44.80899819705569], [-0.98781795777654, 44.80880168166241], [-0.988178806154809, 44.80862951456694], [-0.988561620520765, 44.80848335359758], [-0.988962714550291, 44.80836460615272], [-0.989135596464254, 44.80832708080058], [-0.989054553028301, 44.808269552909394], [-0.988778495359263, 44.808030790286104], [-0.988536644043533, 44.807773914579585], [-0.988331327975262, 44.807501399878205], [-0.98816452407292, 44.80721587085919], [-0.988037838255371, 44.80692007750321], [-0.987952489995001, 44.806616868603705], [-0.987909300595858, 44.80630916432604], [-0.987908685308897, 44.805999928080865], [-0.987950649359268, 44.805692137983], [-0.988027326821594, 44.80541566092076], [-0.987981525687655, 44.80542560244601], [-0.987682171148069, 44.8054683070894], [-0.987397022982341, 44.805671880717924], [-0.987061632695535, 44.80586839463165], [-0.986700798619975, 44.80604055793299], [-0.986317996051269, 44.80618671236027], [-0.985916911974908, 44.80630545015483], [-0.985673715649792, 44.80635823185006], [-0.985775710450227, 44.80643064044951], [-0.986051747506677, 44.806669410417456], [-0.986293582715019, 44.80692629144655], [-0.986498886803788, 44.807198809867074], [-0.986665682194897, 44.80748434138923], [-0.986792362063683, 44.80778013636847], [-0.986877705832478, 44.80808334627916], [-0.986920890947778, 44.80839105114201], [-0.986921500826711, 44.80870028764117], [-0.986879528895355, 44.80900807766086], [-0.986798052963765, 44.8093018156553], [-0.986878342445002, 44.809284390241714], [-0.987141725716631, 44.809246821640016]], [[-0.983638038244989, 44.80024167213415], [-0.983923172479608, 44.800038108542644], [-0.984258538954799, 44.7998416045058], [-0.984619340722712, 44.79966944950984], [-0.985002103331285, 44.799523301266554], [-0.985403140954785, 44.79940456705183], [-0.985613272647227, 44.7993589565451], [-0.985444943030736, 44.79923943985049], [-0.985168945031732, 44.799000668971175], [-0.98492714905425, 44.79874378617716], [-0.984721883459533, 44.798471265625146], [-0.98455512468003, 44.79818573204862], [-0.984428478200164, 44.79788993547215], [-0.984343163113627, 44.797586724720155], [-0.984300000405169, 44.79727901997583], [-0.984299405068905, 44.796969784654316], [-0.984341382138076, 44.796661996861474], [-0.98440140948142, 44.796445573562565], [-0.98440115837989, 44.796445628065904], [-0.983989064315259, 44.796504410797624], [-0.983796395528177, 44.796641970226624], [-0.983461046523467, 44.79683847265301], [-0.983100259376352, 44.797010623715636], [-0.982717508930468, 44.79715676527073], [-0.982316481669262, 44.79727548968358], [-0.982031520354657, 44.797337335342846], [-0.982205322400043, 44.79746075230129], [-0.982481300252959, 44.79769953043123], [-0.982723080563877, 44.797956418466775], [-0.982928334590054, 44.79822894267068], [-0.983095085235605, 44.79851447869746], [-0.983221726106902, 44.798810276859186], [-0.983307037001994, 44.79911348859953], [-0.983350195684151, 44.79942119392153], [-0.983350785825276, 44.79973042950496], [-0.983308801041751, 44.80003821724278], [-0.983234229970139, 44.80030703999693], [-0.983338708009728, 44.80028436498009], [-0.983638038244989, 44.80024167213415]]]}}, {"type": "Feature", "properties": {"nb_detections_cluster": 2, "frp_max": 10.36, "frp_moyen": 10.09, "derniere_detection": "2026-07-25T03:30:00", "fetch_timestamp": "2026-07-25T03:30:00"}, "geometry": {"type": "Polygon", "coordinates": [[[-1.015123623601192, 44.90619733495094], [-1.015399089128176, 44.90595793870103], [-1.015706244358775, 44.905738882468896], [-1.016042131217749, 44.905542275631745], [-1.016403515065725, 44.905370011371545], [-1.016786915845375, 44.90522374845226], [-1.017188641586017, 44.90510489525399], [-1.017604823944383, 44.90501459621776], [-1.018031455439856, 44.90495372083075], [-1.018464428026287, 44.9049228552581], [-1.018899572629827, 44.90492229670175], [-1.019332699272907, 44.90495205053996], [-1.019759637399015, 44.90501183027565], [-1.020176276010931, 44.905101060293696], [-1.020578603236882, 44.90521888140056], [-1.020962744944559, 44.9053641590936], [-1.021325002031962, 44.90553549447991], [-1.021661886036679, 44.90573123774045], [-1.021970152721262, 44.90594950400953], [-1.022246833311635, 44.90618819151777], [-1.02248926308791, 44.90644500182331], [-1.022695107052259, 44.90671746193762], [-1.022862382426461, 44.90700294813258], [-1.022989477762056, 44.90729871120038], [-1.0230751684785, 44.907601902922956], [-1.023118628678947, 44.90790960349632], [-1.023119439128996, 44.90821884964626], [-1.023077591320629, 44.90852666316424], [-1.022993487581152, 44.90883007958916], [-1.022943531374106, 44.90894789638151], [-1.02295318814991, 44.90893758469855], [-1.023228633724174, 44.90869816883778], [-1.023535773387568, 44.908479090778656], [-1.02387164921463, 44.90828246010861], [-1.024233026672108, 44.90811017023912], [-1.024616425764115, 44.90796388018071], [-1.025018154536143, 44.90784499857487], [-1.025434344615682, 44.90775467013616], [-1.025860988447732, 44.90769376463484], [-1.026293977867349, 44.90766286852609], [-1.026729143638606, 44.90766227930582], [-1.02716229558015, 44.90769200264758], [-1.027589262891922, 44.907751752347934], [-1.028005934295747, 44.90784095308095], [-1.028408297604179, 44.90795874593511], [-1.028792478337565, 44.908103996679806], [-1.029154777018218, 44.90827530668163], [-1.029491704783316, 44.90847102636598], [-1.029800016974126, 44.90868927109426], [-1.03007674437846, 44.90892793930448], [-1.03031922182571, 44.909184732740705], [-1.030525113859054, 44.90945717857681], [-1.030692437237419, 44.90974265322225], [-1.030819580050087, 44.910038407580494], [-1.03090531725931, 44.91034159351737], [-1.030948822520475, 44.91064929128468], [-1.030949676165186, 44.91095853763527], [-1.030907869269367, 44.911266354358716], [-1.030823803766224, 44.911569776963105], [-1.030698288601924, 44.91186588322658], [-1.030532531970008, 44.91215182134361], [-1.030328129698362, 44.91242483739487], [-1.030087049899693, 44.91268230187585], [-1.029811614032642, 44.91292173502846], [-1.029504474555305, 44.91314083073158], [-1.029168589385996, 44.913337478719704], [-1.028807193416981, 44.913509784915874], [-1.028423767355537, 44.91365608968207], [-1.028022004192592, 44.91377498381164], [-1.02760577362228, 44.91386532210875], [-1.027179084755639, 44.91392623442427], [-1.026746047488266, 44.91395713404112], [-1.02631083289485, 44.913957723328636], [-1.025877633032954, 44.91392799661065], [-1.025450620544187, 44.91386824022035], [-1.025033908442856, 44.913779029740766], [-1.024631510480382, 44.91366122445795], [-1.024247302468156, 44.91351595908017], [-1.023884984932178, 44.91334463280315], [-1.023548047459867, 44.91314889582695], [-1.023239735083002, 44.912930633454664], [-1.022963017020916, 44.912691947926355], [-1.022720558085203, 44.91243513816349], [-1.022514693021294, 44.912162677619584], [-1.022347404033848, 44.9118771904504], [-1.022220301711951, 44.91158142623377], [-1.022134609537321, 44.911278233482705], [-1.022091152123912, 44.91097053220727], [-1.022090347301358, 44.91066128578945], [-1.022132202117528, 44.910353472442225], [-1.022216312797665, 44.91005005652777], [-1.022266271512896, 44.90993224002265], [-1.022256614439676, 44.90994255164903], [-1.021981158609468, 44.91018196519144], [-1.021674003555225, 44.9104010390675], [-1.021338107345413, 44.910597663222], [-1.020976704978751, 44.910769943807445], [-1.020593277224228, 44.91091622143254], [-1.020191517089156, 44.91103508715203], [-1.019775294238562, 44.91112539604368], [-1.019348617709158, 44.91118627824166], [-1.018915597277718, 44.911217147318965], [-1.018480403856753, 44.91121770593905], [-1.018047229299853, 44.91118794872121], [-1.017620246004836, 44.91112816229235], [-1.017203566704735, 44.91103892252488], [-1.016801204834947, 44.91092108898693], [-1.016417035859125, 44.9107757966589], [-1.016054759927169, 44.91060444499612], [-1.015717866225677, 44.91040868444313], [-1.015409599364736, 44.91019040053008], [-1.015132928125202, 44.90995169570452], [-1.014890516867615, 44.90969486907372], [-1.014684699878138, 44.909422394253596], [-1.014517458898366, 44.90913689553743], [-1.014390404054998, 44.90884112261416], [-1.014304758372485, 44.90853792408066], [-1.014261346017046, 44.90823022000262], [-1.014260584384423, 44.90792097378895], [-1.014302480106609, 44.9076131636506], [-1.014386629014995, 44.90730975391884], [-1.014512220059243, 44.90701366649884], [-1.014678043143135, 44.90672775273388], [-1.01488250080097, 44.90645476595085], [-1.015123623601192, 44.90619733495094]]]}}, {"type": "Feature", "properties": {"nb_detections_cluster": 6, "frp_max": 17.6, "frp_moyen": 10.32, "derniere_detection": "2026-07-25T03:30:00", "fetch_timestamp": "2026-07-25T03:30:00"}, "geometry": {"type": "Polygon", "coordinates": [[[-1.003189348770239, 44.90936757489343], [-1.003496570326805, 44.909148552187446], [-1.003832520372167, 44.9089519820568], [-1.004193963658662, 44.90877975732993], [-1.00457741955677, 44.90863353639015], [-1.004979195565217, 44.90851472721329], [-1.005395422856843, 44.908424473816474], [-1.005822093518489, 44.908363645247405], [-1.006255099126982, 44.90833282722046], [-1.006690270290574, 44.90833231647972], [-1.007123416775998, 44.90836211794306], [-1.00755036783569, 44.908421944654805], [-1.007967012347869, 44.9085112205475], [-1.00836933838389, 44.908629085985886], [-1.008753471822814, 44.908774406040415], [-1.009115713642138, 44.908945781410296], [-1.009452575526322, 44.909141561891424], [-1.009760813450757, 44.909359862259706], [-1.010037458918125, 44.90959858041736], [-1.010279847546561, 44.90985541762732], [-1.010485644734282, 44.910127900641925], [-1.010652868153321, 44.91041340551249], [-1.01077990685536, 44.91070918285131], [-1.010782838102275, 44.91071956196532], [-1.011033444537827, 44.91081435770735], [-1.011395706490203, 44.91098572575135], [-1.011732588576506, 44.91118149944249], [-1.012040846577617, 44.91139979362213], [-1.012143168610508, 44.91148807955931], [-1.012416928594799, 44.91138366824533], [-1.01281870769384, 44.9112648306229], [-1.013234942773754, 44.91117454778473], [-1.013661625846359, 44.91111368906202], [-1.014094648368965, 44.91108284045955], [-1.014529840786971, 44.911082299015725], [-1.014963012662489, 44.9111120699441], [-1.015389993003527, 44.911171866583025], [-1.015806670406426, 44.911261113154595], [-1.016209032625921, 44.91137895030591], [-1.016593205192752, 44.911524243379816], [-1.016955488707748, 44.91169559333531], [-1.017292394453972, 44.91189135021299], [-1.017600677984551, 44.91210962901614], [-1.017877370363092, 44.91234832785462], [-1.018119806756078, 44.91260514817744], [-1.018325652101826, 44.9128776168996], [-1.01849292360866, 44.91316311021007], [-1.018620009865203, 44.9134588788325], [-1.018705686378177, 44.91376207449528], [-1.018749127387347, 44.914069777356524], [-1.018749913842971, 44.91437902411988], [-1.018708037467952, 44.914686836570915], [-1.018623900864578, 44.914990250258754], [-1.018587480768789, 44.91507611704731], [-1.018838437609431, 44.914858034836925], [-1.019145628134802, 44.91463896850105], [-1.019481556221958, 44.914442350731626], [-1.019842986834461, 44.91427007481586], [-1.020226439464642, 44.914123799629955], [-1.020628221642543, 44.91400493367215], [-1.021044464481488, 44.91391462150631], [-1.021471159918547, 44.91385373274605], [-1.021904199291965, 44.91382285368531], [-1.022339412884902, 44.91382228165586], [-1.022772610055606, 44.913852022165734], [-1.023199619568577, 44.91391178884614], [-1.023616329739328, 44.91400100620769], [-1.024018728007156, 44.91411881517874], [-1.024402939555784, 44.914264081373474], [-1.024765264610778, 44.91443540600972], [-1.025102214055302, 44.91463113937196], [-1.025410543021794, 44.914849396689874], [-1.025687282136431, 44.91508807628023], [-1.025929766115721, 44.91534487977746], [-1.026135659439804, 44.915617334258584], [-1.026302978855026, 44.91590281604979], [-1.026430112488673, 44.91619857598567], [-1.026459417276861, 44.916302223287495], [-1.026622917560148, 44.91636403424234], [-1.026985262955408, 44.91653535174984], [-1.027322232756339, 44.916731078505784], [-1.027630581899384, 44.91694932980347], [-1.027709639822936, 44.9170175088681], [-1.028085947429634, 44.91687393189693], [-1.028487732648417, 44.916755037424025], [-1.02890398323675, 44.91666469574401], [-1.029330691057052, 44.916603776754705], [-1.02976374732832, 44.91657286704112], [-1.030198982171018, 44.91657226423018], [-1.030632204738815, 44.9166019741263], [-1.031059243551717, 44.91666171065552], [-1.031475986643181, 44.916750898618695], [-1.031878421135595, 44.91686867922732], [-1.032262671863964, 44.91701391836867], [-1.032625038676688, 44.91718521752109], [-1.032962032054938, 44.91738092721446], [-1.033270406708196, 44.9175991629064], [-1.033547192822791, 44.917837823121936], [-1.033789724662718, 44.91809460968213], [-1.0339956662473, 44.91836704982711], [-1.034163033858183, 44.91865252002117], [-1.034290215158555, 44.918948271210624], [-1.034375984739857, 44.919251455291835], [-1.034419515945536, 44.91955915253457], [-1.03442038885713, 44.91986839969666], [-1.034378594364785, 44.920176218559945], [-1.034294534282027, 44.92047964461189], [-1.034169017502591, 44.92077575559748], [-1.034003252235353, 44.921061699665735], [-1.033798834391159, 44.92133472283999], [-1.033557732232513, 44.92159219554717], [-1.033282267433248, 44.92183163794997], [-1.032975092729994, 44.922050743838184], [-1.032639166380243, 44.922247402848214], [-1.032277723672834, 44.92241972079696], [-1.031894245765187, 44.92256603793317], [-1.031492426147609, 44.92268494493108], [-1.03107613505804, 44.922775296470896], [-1.030649382190497, 44.92283622227592], [-1.030216278057128, 44.92286713549918], [-1.02978099437678, 44.92286773837892], [-1.029347723872587, 44.92283802510806], [-1.028920639866713, 44.922778281890245], [-1.028503856062442, 44.92268908418164], [-1.028101386901955, 44.92257129114531], [-1.027717108882521, 44.922426037371515], [-1.027354723204524, 44.92225472194428], [-1.027017720111771, 44.92205899495912], [-1.026709345268104, 44.92184074162298], [-1.026630281763172, 44.921772561747076], [-1.026253937571906, 44.9219161340023], [-1.025852110655431, 44.92203502058503], [-1.025435815305772, 44.92212535098099], [-1.025009061258024, 44.922186255117126], [-1.024575959035715, 44.922217146355194], [-1.024140680339298, 44.92221772714514], [-1.023707417843891, 44.92218799189272], [-1.023280344794493, 44.92212822701331], [-1.022863574788819, 44.92203900817169], [-1.022461122136093, 44.921921194734466], [-1.022076863174523, 44.92177592148847], [-1.021714498920861, 44.92160458770518], [-1.021377519412489, 44.92140884365697], [-1.021069170086018, 44.92119057471506], [-1.020792420516589, 44.92095188318277], [-1.020549935819151, 44.92069506803938], [-1.020344050987121, 44.92042260279025], [-1.020176748415387, 44.9201371116364], [-1.020049638823688, 44.91984134419408], [-1.02002034402889, 44.919737695091044], [-1.019856841188653, 44.9196758743592], [-1.019494497279202, 44.91950453344684], [-1.019157538130655, 44.9193087827922], [-1.018849208983495, 44.91909050783011], [-1.018572479218488, 44.91885181092187], [-1.018330013759824, 44.918594991098594], [-1.018124147415626, 44.9183225219106], [-1.017956862402727, 44.918037027596924], [-1.017829769271778, 44.91774125780418], [-1.017744091415809, 44.91743806109908], [-1.017700653310703, 44.91713035752971], [-1.01769987259998, 44.916821110500116], [-1.017741756099144, 44.91651329822917], [-1.017825899757068, 44.91620988506864], [-1.017862321754387, 44.91612401850006], [-1.017611355456898, 44.91634209859009], [-1.017304149615823, 44.91656116079824], [-1.01696820121179, 44.91675777211223], [-1.01660674574628, 44.91693003880828], [-1.016223264499787, 44.91707630162883], [-1.015821450994928, 44.917195151771224], [-1.015405175410875, 44.9172854444633], [-1.014978447292364, 44.91734630999519], [-1.014545376913172, 44.917377162100486], [-1.014110135667, 44.91737770360608], [-1.013676915868176, 44.91734792929611], [-1.013249890350361, 44.91728812596216], [-1.012833172253329, 44.917198869639435], [-1.012430775386198, 44.917081020055534], [-1.012046575549717, 44.91693571234541], [-1.011684273191015, 44.91676434611255], [-1.011347357751183, 44.916568571941816], [-1.011039074049613, 44.91635027549457], [-1.010936744886691, 44.91626198840994], [-1.010662958344579, 44.91636639623249], [-1.010261138146338, 44.91648522624506], [-1.009844858882251, 44.91657549808998], [-1.009418130132539, 44.9166363422582], [-1.008985062177078, 44.916667172689046], [-1.008549826386228, 44.916667692418244], [-1.008116615021766, 44.91663789643964], [-1.007689600836082, 44.916578071753534], [-1.007272896859768, 44.91648879460082], [-1.00687051676588, 44.9163709249097], [-1.006486336193549, 44.91622559800884], [-1.006124055404287, 44.91605421368654], [-1.005787163631362, 44.91585842270188], [-1.00547890546614, 44.915640110878144], [-1.005202249605555, 44.91540138093162], [-1.004959860261841, 44.915144532211514], [-1.004754071509902, 44.9148720385465], [-1.004586864819168, 44.914586524411256], [-1.004459849985895, 44.914290739643214], [-1.004456919722088, 44.91428036035113], [-1.004206308917683, 44.91418554967734], [-1.003844048265446, 44.914014158028806], [-1.003507176698106, 44.91381836025404], [-1.003198938612392, 44.9136000422417], [-1.002922302511818, 44.913361306767676], [-1.00267993241829, 44.913104453234425], [-1.002474162221305, 44.91283195551696], [-1.00230697321159, 44.91254643812893], [-1.002179975015131, 44.91225065093916], [-1.002094390110647, 44.911947442681765], [-1.002051042078866, 44.91163973351603], [-1.002050347695933, 44.911330486899786], [-1.002092312946104, 44.911022681047825], [-1.002176532991134, 44.91071928024999], [-1.002302196095603, 44.91042320632538], [-1.002468091469367, 44.91013731048726], [-1.002672620950621, 44.90986434588975], [-1.002913814416247, 44.90960694112041], [-1.003189348770239, 44.90936757489343]]]}}, {"type": "Feature", "properties": {"nb_detections_cluster": 10, "frp_max": 12.89, "frp_moyen": 10.04, "derniere_detection": "2026-07-25T03:30:00", "fetch_timestamp": "2026-07-25T03:30:00"}, "geometry": {"type": "Polygon", "coordinates": [[[-0.994123324762921, 44.921926652013006], [-0.994398957130515, 44.92168730668778], [-0.99470628047074, 44.921468307466036], [-0.99504233508974, 44.92127176317597], [-0.995403884732965, 44.92109956639718], [-0.995787447746883, 44.92095337524378], [-0.996189330598937, 44.92083459740483], [-0.996605663433336, 44.92074437659565], [-0.997032437320827, 44.920683581550186], [-0.997465542844461, 44.92065279765997], [-0.997900809650589, 44.920652321340434], [-0.99833404658516, 44.920682157177964], [-0.99876108202981, 44.92074201788592], [-0.99917780405031, 44.920831327069514], [-0.999580199971741, 44.92094922477291], [-0.999964395000234, 44.92109457575589], [-1.000326689520189, 44.92126598041983], [-1.000663594708507, 44.92146178827852], [-1.000971866123441, 44.92168011384425], [-1.001248534944987, 44.921918854776536], [-1.001490936566155, 44.92217571211902], [-1.001696736259771, 44.92244821243011], [-1.001863951673433, 44.92273373159454], [-1.001985274780745, 44.92301625335287], [-1.002324364297053, 44.92314452578901], [-1.002686679266501, 44.92331592286608], [-1.003023605003247, 44.92351172369206], [-1.003331896867706, 44.92373004284697], [-1.003410174855094, 44.923797583619894], [-1.003656955135539, 44.92370350760996], [-1.004058841024945, 44.923584701216754], [-1.004475181610783, 44.923494450853696], [-1.004901967889133, 44.92343362553923], [-1.005335090323722, 44.92340281095647], [-1.005770378398079, 44.92340230381627], [-1.0062036407534, 44.923432109001865], [-1.006630705526597, 44.92349193952172], [-1.00704746050111, 44.92358121927171], [-1.007449892684786, 44.92369908857946], [-1.007834126934683, 44.92384441247818], [-1.00819646325763, 44.92401579163004], [-1.008533412428098, 44.9242115757945], [-1.00884172958092, 44.92442987971204], [-1.009118445455751, 44.92466860125067], [-1.009360894992576, 44.92492544164081], [-1.009566743002872, 44.92519792760413], [-1.009734006668999, 44.925483435163585], [-1.009861074654761, 44.92577921490554], [-1.009875866082035, 44.92583157846482], [-1.010174099204982, 44.92594436289221], [-1.010536456240754, 44.92611573452413], [-1.010873426191818, 44.92631151171851], [-1.01118176399293, 44.92652980928297], [-1.011458500184932, 44.92676852514668], [-1.011700969512173, 44.92702536059468], [-1.011906836595559, 44.927297842396314], [-1.01207411843377, 44.9275833466146], [-1.012201203515595, 44.927879123868074], [-1.012286867358706, 44.92818232580199], [-1.012330284324509, 44.928490032513984], [-1.012331035594438, 44.92879928067067], [-1.012289113229888, 44.92910709204407], [-1.012204920275718, 44.92941050219371], [-1.012079266905232, 44.92970658901754], [-1.011913362642784, 44.929992500897164], [-1.011708804737935, 44.93026548416584], [-1.011467562802252, 44.930522909634654], [-1.011191959855975, 44.930762297921234], [-1.010884649966504, 44.9309813433365], [-1.010548592693642, 44.93117793609922], [-1.01018702458752, 44.93135018266429], [-1.009803428013665, 44.93149642396807], [-1.009401497605656, 44.931615251415074], [-1.008985104668839, 44.93170552045181], [-1.008558259878487, 44.93176636159617], [-1.008125074632368, 44.9317971888167], [-1.007689721430792, 44.93179770517997], [-1.007256393666643, 44.9317679057123], [-1.006829265213673, 44.931708077447574], [-1.006412450203275, 44.93161879666117], [-1.006009963378133, 44.93150092331631], [-1.005625681405518, 44.93135559277682], [-1.005263305523679, 44.93118420486605], [-1.004926325881808, 44.93098841037767], [-1.004876215044309, 44.93095293013871], [-1.005001438692163, 44.9310855877242], [-1.005207288131315, 44.931358082265284], [-1.005374547976776, 44.93164359691305], [-1.005501606928979, 44.9319393821856], [-1.005587240757085, 44.932242589650905], [-1.005630624111425, 44.9325502993533], [-1.005631338497001, 44.93285954793051], [-1.005589376330328, 44.933167357150545], [-1.005505141039501, 44.93347076259358], [-1.0053794432055, 44.93376684220284], [-1.005213492780868, 44.934052744429394], [-1.005008887459747, 44.934325715699394], [-1.004767597310388, 44.934583126939536], [-1.00449194581743, 44.93482249890441], [-1.004184587515896, 44.9350415260621], [-1.003848482431946, 44.93523809880722], [-1.003486867576294, 44.93541032378745], [-1.003103225764837, 44.935556542147026], [-1.002701252066976, 44.93567534551149], [-1.002284818205117, 44.93576558955924], [-1.001857935248815, 44.935826405048935], [-1.001424714963538, 44.93585720619618], [-1.000989330187164, 44.935857696318706], [-1.000555974616763, 44.935827870695576], [-1.000128822393954, 44.935768016612634], [-0.999711987879093, 44.9356787105939], [-0.999309486002725, 44.93556081284567], [-0.998925193577055, 44.93541545896681], [-0.998562811940965, 44.935244049005455], [-0.99822583129899, 44.93504823396767], [-0.997917497098318, 44.93482989990838], [-0.997867887570334, 44.93478709744135], [-0.997632925072768, 44.93487663521374], [-0.997230944661635, 44.93499541877385], [-0.996814507047425, 44.93508564231162], [-0.99638762333587, 44.935146436783214], [-0.995954405299732, 44.9351772166067], [-0.995519025755234, 44.93517768530519], [-0.995085678349039, 44.93514783836413], [-0.994658537144109, 44.9350879632747], [-0.994241716394639, 44.93499863676322], [-0.993839230898533, 44.93488071923341], [-0.993454957310171, 44.93473534647467], [-0.993092596786925, 44.93456391871694], [-0.992755639329908, 44.934368087137734], [-0.992447330162925, 44.934149737951266], [-0.992170638473857, 44.933910974233626], [-0.991928228819665, 44.93365409565931], [-0.991722435470466, 44.93338157634443], [-0.991555239939512, 44.933096041010636], [-0.991432729582851, 44.93281066987193], [-0.991074926073906, 44.932675296097436], [-0.990712586133756, 44.93250386068744], [-0.990375649362241, 44.9323080220149], [-0.990067360783905, 44.93208966636238], [-0.98998886676328, 44.932021925707346], [-0.989792432859925, 44.93209676704043], [-0.989390455769331, 44.93221552215023], [-0.988974026184737, 44.93230571624196], [-0.988547155134564, 44.93236648055548], [-0.988113954269629, 44.93239722979931], [-0.987678596240744, 44.9323976677911], [-0.987245274487299, 44.9323677903121], [-0.986818162825107, 44.932307885147594], [-0.986401375223736, 44.93221852931365], [-0.985998926161717, 44.93210058349635], [-0.985614691942403, 44.93195518375757], [-0.985252373343868, 44.93178373058716], [-0.984915459963308, 44.93158787540734], [-0.984607196599901, 44.931369504659635], [-0.984330552000268, 44.93113072162778], [-0.984088190267756, 44.93087382617228], [-0.983882445210863, 44.93060129257179], [-0.983715297877684, 44.9303157456855], [-0.983616593826063, 44.93008573526155], [-0.98359887229754, 44.930080540937375], [-0.983214658137206, 44.92993513299089], [-0.982852359923088, 44.92976367210177], [-0.982515467056012, 44.92956780976659], [-0.982207224137547, 44.92934943249579], [-0.98210597507543, 44.92926203218133], [-0.98196194118457, 44.92931689866124], [-0.981559967439333, 44.92943562535549], [-0.981143545903758, 44.92952579003762], [-0.980716687528768, 44.92958652423077], [-0.980283503843098, 44.929617242933574], [-0.979848167332078, 44.92961765025791], [-0.979414871227797, 44.92958774228035], [-0.978987789098958, 44.92952780707998], [-0.978571034630587, 44.929438421962175], [-0.978168621981995, 44.92932044789508], [-0.977784427105702, 44.92917502121266], [-0.977422150400734, 44.92900354266427], [-0.977085281060675, 44.928807663916565], [-0.976777063460416, 44.928589271638025], [-0.976500465905716, 44.928350469319795], [-0.976258152046728, 44.92809355700803], [-0.976052455230801, 44.92782100914375], [-0.975885356041365, 44.92753545072348], [-0.975758463238788, 44.92723963201106], [-0.97567299828621, 44.9269364020441], [-0.975629783608634, 44.92662868119074], [-0.975629234697466, 44.92631943302125], [-0.975671356135614, 44.9260116357652], [-0.97575574158038, 44.92570825362947], [-0.975881577703284, 44.92541220825327], [-0.976047652047864, 44.9251263505748], [-0.976252364728801, 44.92485343338057], [-0.976493743858838, 44.92459608480146], [-0.976769464554214, 44.92435678301051], [-0.977076871334952, 44.924137832365744], [-0.977413003703932, 44.923941341227476], [-0.97777462465815, 44.923769201663525], [-0.978158251857628, 44.923623071236975], [-0.978560191151963, 44.92350435705213], [-0.978976572142065, 44.9234142022114], [-0.979403385435146, 44.92335347481343], [-0.979836521234943, 44.92332275959849], [-0.980271808896358, 44.92332235232064], [-0.98070505706456, 44.9233522569015], [-0.981132094013006, 44.923412185392564], [-0.981548807792925, 44.92350156074625], [-0.981951185808641, 44.923619522369684], [-0.982335353438555, 44.92376493440706], [-0.982697611330706, 44.92393639667185], [-0.983034471014475, 44.92413225812318], [-0.983342688486058, 44.92435063275721], [-0.983443930610488, 44.92443803181602], [-0.983587950525047, 44.924383163496366], [-0.983989883774045, 44.924264429648986], [-0.984406261678582, 44.924174254446676], [-0.984833074875552, 44.924113506184156], [-0.985266213569597, 44.92408276980256], [-0.985701507087743, 44.92408234125982], [-0.986134764018778, 44.92411222468228], [-0.986561812551801, 44.92417213232513], [-0.986978540626534, 44.92426148734164], [-0.987380935509701, 44.924379429334635], [-0.987765122417343, 44.92452482263742], [-0.988127401811933, 44.92469626724386], [-0.988464285015871, 44.92489211228311], [-0.988772527798938, 44.92511047190941], [-0.989049161616653, 44.925349243454264], [-0.989291522198897, 44.925606127666455], [-0.989497275213495, 44.925878650845625], [-0.989664438757361, 44.9261641886562], [-0.989763160706636, 44.9263941934382], [-0.989780881641323, 44.92639938677385], [-0.990165088603517, 44.92654477186949], [-0.990527388378431, 44.926716208757576], [-0.990864292092246, 44.92691204664163], [-0.991172555317275, 44.9271303997448], [-0.991251043922552, 44.927198139464565], [-0.991447458725682, 44.927123295664025], [-0.99184939497037, 44.92700453329743], [-0.992265780577271, 44.926914328577816], [-0.992692606109078, 44.92685355008415], [-0.99312576165165, 44.92682278304867], [-0.993561076369796, 44.92682232372443], [-0.993994358648202, 44.92685217653422], [-0.994421436431954, 44.92691205402799], [-0.994838197379187, 44.92700137964925], [-0.995240628440183, 44.92711929328395], [-0.995624854482716, 44.927264659538444], [-0.995987175592526, 44.92743607866704], [-0.996324102690425, 44.927631900044275], [-0.996614748716668, 44.927837743302334], [-0.996491175476382, 44.92773110907424], [-0.996248772743121, 44.92747424039759], [-0.996042981076057, 44.92720172958643], [-0.995875781972395, 44.92691620128053], [-0.995754481200915, 44.926633672521874], [-0.995415385617639, 44.926505379907255], [-0.995053072266531, 44.926333958962815], [-0.994716157401463, 44.926138133809374], [-0.994407885836053, 44.92591979059923], [-0.994131226396088, 44.925681032351], [-0.993888843328031, 44.925424158686404], [-0.993683070646069, 44.92515164367434], [-0.99351588966456, 44.924866111995], [-0.993388909931844, 44.92457031365475], [-0.99330335374848, 44.92426709749511], [-0.993260044418253, 44.923959383751395], [-0.993259398344256, 44.92365013592546], [-0.993301421045192, 44.9233423322437], [-0.993385707129264, 44.923038936975004], [-0.993511444224834, 44.92274287188517], [-0.993677420829007, 44.9224569881023], [-0.993882037997583, 44.92218403866441], [-0.994123324762921, 44.921926652013006]], [[-0.998367164926259, 44.92949602063648], [-0.998704112706063, 44.92969183492054], [-0.99901242172495, 44.92991016646239], [-0.999062027812985, 44.9299529683562], [-0.999296967404679, 44.929863427695246], [-0.999698906662528, 44.929744636846955], [-1.000115299984488, 44.92965440264855], [-1.000542137858931, 44.929593593962835], [-1.000975310252861, 44.929562796312744], [-1.001410646168833, 44.92956230624614], [-1.001843953787462, 44.929592128481815], [-1.002271060809881, 44.92965197586412], [-1.002687854612764, 44.92974127212653], [-1.003090321830105, 44.929859157437654], [-1.003474586981622, 44.930004496676624], [-1.003836949776568, 44.93017589035785], [-1.00417392073446, 44.93037168810095], [-1.00422403060846, 44.930407168650326], [-1.004098810313754, 44.93027451021607], [-1.003892970236167, 44.93000201371082], [-1.003725722827102, 44.929716496974336], [-1.003598678274677, 44.929420709869106], [-1.003583891760902, 44.929368345418126], [-1.003285653685236, 44.929255543192426], [-1.002923298520304, 44.92908414776138], [-1.002586339662594, 44.92888834630279], [-1.002278022349544, 44.92867002474078], [-1.002199738925887, 44.92860248307141], [-1.001952934648626, 44.92869655598457], [-1.00155100767447, 44.92881535494587], [-1.001134622890591, 44.92890559449969], [-1.000707790893762, 44.92896640544796], [-1.000274622958535, 44.92899720205004], [-0.999839291418462, 44.92899768766745], [-0.999405989457745, 44.92896785762264], [-0.998978890701541, 44.92890799924404], [-0.998562108995129, 44.92881868909706], [-0.99815965876032, 44.928700787427736], [-0.997775416311851, 44.928555429872695], [-0.99741308250718, 44.928384016515515], [-0.997076147090113, 44.92818819839493], [-0.99678549755486, 44.92798235632164], [-0.996909071908143, 44.92808899023059], [-0.997151480321678, 44.92834585751471], [-0.997357281571511, 44.92861836636726], [-0.997524493290101, 44.92890389259065], [-0.997647026105481, 44.92918925668087], [-0.998004823237454, 44.9293246091598], [-0.998367164926259, 44.92949602063648]]]}}, {"type": "Feature", "properties": {"nb_detections_cluster": 3, "frp_max": 12.03, "frp_moyen": 11.52, "derniere_detection": "2026-07-25T03:30:00", "fetch_timestamp": "2026-07-25T03:30:00"}, "geometry": {"type": "Polygon", "coordinates": [[[-0.996215303688054, 44.938648335989114], [-0.996551455962106, 44.93845178612324], [-0.996913111724718, 44.93827958354743], [-0.997296788300509, 44.938133386431616], [-0.997698791063476, 44.93801460252227], [-0.998115249003302, 44.93792437559318], [-0.998542151986246, 44.93786357443716], [-0.998975389352484, 44.93783278450467], [-0.999410789479069, 44.93783230226922], [-0.999844159928433, 44.93786213237424], [-1.000271327796818, 44.93792198758827], [-1.000688179875092, 44.93801129156939], [-1.001090702236181, 44.93812918441189], [-1.001475018868857, 44.938274530922364], [-1.001837428986672, 44.93844593154525], [-1.002174442653443, 44.938641735833244], [-1.002482814382831, 44.93886005833307], [-1.002759574388776, 44.93909879673377], [-1.003002057186075, 44.93935565210333], [-1.003207927265647, 44.93962815101922], [-1.003375201597018, 44.9399136693796], [-1.003502268740947, 44.94020945766679], [-1.00358790438751, 44.940512667419725], [-1.003631283169319, 44.94082037866071], [-1.003631986635204, 44.941129628012675], [-1.003590007306633, 44.94143743723607], [-1.003505748776782, 44.94174084191108], [-1.003380021850259, 44.942036919988325], [-1.00321403675963, 44.94232281993356], [-1.003009391532765, 44.94259578819498], [-1.002768056622149, 44.94285319572817], [-1.002492355943442, 44.94309256332344], [-1.002184944505351, 44.943311585490946], [-1.001848782845803, 44.943508152673374], [-1.001487108520441, 44.94368037157196], [-1.001103404918002, 44.943826583389516], [-1.000701367703109, 44.943945379814565], [-1.000284869210045, 44.94403561659239], [-0.999857921130992, 44.94409642455165], [-0.999424635858788, 44.944127217980444], [-0.998989186857384, 44.94412770027093], [-0.998555768442577, 44.94409786677754], [-0.998128555361411, 44.94403800486197], [-0.997711662560521, 44.943948691123644], [-0.997309105531927, 44.94383078584327], [-0.996924761619107, 44.94368542469219], [-0.996562332656876, 44.94351400778866], [-0.996225309305593, 44.94331818620556], [-0.995916937423768, 44.94309984606086], [-0.995640186803319, 44.94286109034363], [-0.995397722568769, 44.94260421865127], [-0.995191879515846, 44.94233170503365], [-0.995024639636401, 44.94204617415755], [-0.99489761304571, 44.94175037602164], [-0.994812022495256, 44.941447159465476], [-0.994768691619411, 44.94113944472815], [-0.994768037028346, 44.940830195321176], [-0.99481006432236, 44.94052238948614], [-0.994894368064991, 44.94021899151269], [-0.994948633997642, 44.94009124504041], [-0.994681899120012, 44.94032279285588], [-0.994374472362883, 44.940541793247405], [-0.994038299931707, 44.94073833665281], [-0.993676619485987, 44.94091053000237], [-0.993292914473506, 44.94105671474489], [-0.992890880572542, 44.941175482829784], [-0.992474390085516, 44.94126569027521], [-0.992047454627522, 44.941326468192386], [-0.991614186469847, 44.94135723115881], [-0.991178758911575, 44.94135768286001], [-0.990745366061924, 44.94132781894509], [-0.99031818242164, 44.94126792706875], [-0.989901322653705, 44.94117858411905], [-0.989498801931881, 44.94106065065796], [-0.989114497249846, 44.94091526262837], [-0.988752110064443, 44.94074382040732], [-0.988415130633543, 44.9405479753116], [-0.988106804392531, 44.940329613685606], [-0.987830100693638, 44.940090838725254], [-0.987587684209383, 44.93983395021329], [-0.98738188927553, 44.93956142236152], [-0.98721469742044, 44.939275879973835], [-0.987087718296839, 44.93898007315966], [-0.987002174199057, 44.93867685084209], [-0.986958888314109, 44.938369133315746], [-0.986958276818922, 44.93805988411885], [-0.987000344898826, 44.93775208149095], [-0.987084686724665, 44.93744868969075], [-0.987194757192844, 44.93718965418165], [-0.987097179478545, 44.93729369549389], [-0.986821439251882, 44.93753302383032], [-0.986513997094641, 44.93775200230365], [-0.986177813840869, 44.93794852177732], [-0.985816127254422, 44.93812068941209], [-0.985432420842322, 44.93826684690448], [-0.985030390296408, 44.93838558646625], [-0.984613907886836, 44.938475764390404], [-0.984186985150934, 44.93853651207244], [-0.983753734237452, 44.93856724438112], [-0.983318328279367, 44.93856766529724], [-0.982884961177804, 44.93853777076646], [-0.982457807185444, 44.93847784873837], [-0.982040980679628, 44.93838847639144], [-0.981638496513649, 44.938270514570824], [-0.981254231328979, 44.93812509949253], [-0.980891886201931, 44.93795363179415], [-0.980554950985174, 44.93775776303784], [-0.980246670688131, 44.93753937979585], [-0.97997001422043, 44.937300585472286], [-0.979727645799605, 44.93704368003637], [-0.979521899298437, 44.93677113786287], [-0.979354755778779, 44.93648558389354], [-0.979227824427809, 44.93618976834937], [-0.979142327079758, 44.93588654023746], [-0.979099086471431, 44.935578819908145], [-0.979098518343752, 44.93526957092663], [-0.979140627464471, 44.934961771530354], [-0.979225007609283, 44.93465838594683], [-0.979350845500517, 44.93436233584848], [-0.979516928664461, 44.93407647221899], [-0.979721657130655, 44.93380354790223], [-0.979963058859649, 44.93354619109766], [-0.980238808749894, 44.93330688005754], [-0.980546251040148, 44.933087919228974], [-0.980882424891251, 44.93289141707033], [-0.981244092900688, 44.932719265755566], [-0.981627772275341, 44.9325731229609], [-0.982029768362406, 44.93245439590981], [-0.982446210215958, 44.9323642278285], [-0.982873087857216, 44.932303486943155], [-0.983306290870391, 44.932272758123915], [-0.98374164796329, 44.93227233725582], [-0.984174967112648, 44.932302228391386], [-0.98460207590856, 44.9323621437115], [-0.985018861710561, 44.932451506295486], [-0.985421311229582, 44.932569455673345], [-0.985805549155611, 44.93271485610725], [-0.986167875459875, 44.93288630752241], [-0.986504801013051, 44.933082158982415], [-0.986813081177081, 44.933300524579685], [-0.98708974704745, 44.93353930158817], [-0.987332134045285, 44.933796190704115], [-0.9875379075839, 44.93406871817986], [-0.987705085562408, 44.93435425963852], [-0.987832057469399, 44.93465006533986], [-0.987917599912094, 44.93495328665506], [-0.987960888420727, 44.93526100349495], [-0.987961505413591, 44.93557025242844], [-0.987919444245077, 44.935878055219916], [-0.987835109296712, 44.936181447511416], [-0.9877250437647, 44.936440483576696], [-0.987822618829866, 44.93633644173983], [-0.988098348901433, 44.936097111005544], [-0.988405775801317, 44.93587812825883], [-0.988741938838438, 44.93568160216923], [-0.989103600714298, 44.935509425141056], [-0.989487278694748, 44.93536325509828], [-0.989889278140331, 44.935244499526604], [-0.99030572807273, 44.93515430192696], [-0.990732618435341, 44.935093530809766], [-0.99116583868987, 44.93506277133622], [-0.991601217378122, 44.93506231968658], [-0.992034562268924, 44.9350921802097], [-0.992461700704566, 44.935152065381295], [-0.992878519759254, 44.93524139857094], [-0.993281005823811, 44.935359319591704], [-0.993665283236422, 44.93550469297882], [-0.994027651588189, 44.93567611891793], [-0.994364621345008, 44.935871946717945], [-0.994672947443266, 44.93609029069915], [-0.994949660536216, 44.936329048343694], [-0.995192095590329, 44.936585920534256], [-0.995397917556215, 44.936858433686275], [-0.995565143866684, 44.93714396356077], [-0.995692163544912, 44.93743976052916], [-0.995777752738076, 44.93774297604673], [-0.99582108652617, 44.9380506900802], [-0.995821746891379, 44.93835993922554], [-0.995779726770322, 44.93866774524525], [-0.995695430149125, 44.93897114375018], [-0.995641167001349, 44.939098890544436], [-0.995907892097526, 44.93886734051175], [-0.996215303688054, 44.938648335989114]]]}}, {"type": "Feature", "properties": {"nb_detections_cluster": 1, "frp_max": 14.91, "frp_moyen": 14.91, "derniere_detection": "2026-07-25T03:30:00", "fetch_timestamp": "2026-07-25T03:30:00"}, "geometry": {"type": "Polygon", "coordinates": [[[-0.999051500564882, 44.94801679561956], [-0.999327240142461, 44.94777743620857], [-0.999634687224929, 44.94755842165349], [-0.999970880926632, 44.94736186093015], [-1.000332583653618, 44.94718964677642], [-1.000716312278244, 44.94704343747372], [-1.001118371673321, 44.94692464088587], [-1.001534890283245, 44.94683440090872], [-1.001961857390143, 44.94677358646077], [-1.002395161716826, 44.94674278312042], [-1.002830630995686, 44.946742287490316], [-1.003264072123405, 44.94677210434284], [-1.003691311515785, 44.94683194657415], [-1.004108235275109, 44.94692123796734], [-1.004510828784195, 44.94703911873791], [-1.004895215346826, 44.9471844538087], [-1.00525769350326, 44.94735584373431], [-1.00559477266221, 44.947551638170474], [-1.005903206706717, 44.94776995175876], [-1.006180025250651, 44.94800868227401], [-1.006422562245076, 44.94826553086024], [-1.006628481658934, 44.94853802416021], [-1.006795799986561, 44.948823538126156], [-1.006922905364894, 44.9491193232828], [-1.00700857311564, 44.94942253119918], [-1.007051977562046, 44.949730241915375], [-1.00705270000557, 44.950039492059304], [-1.007010732784695, 44.950347303383914], [-1.00692647937576, 44.95065071144911], [-1.006800750533824, 44.9509467941729], [-1.006634756509681, 44.951232699976316], [-1.006430095417036, 44.95150567525112], [-1.006188737860992, 44.951763090885386], [-1.005913007975153, 44.9520024675914], [-1.005605561049408, 44.95222149979158], [-1.005269357963382, 44.95241807783201], [-1.004907636671662, 44.952590308309325], [-1.004523881015327, 44.95273653231482], [-1.00412178716038, 44.95285534141964], [-1.003705227986692, 44.95294559124691], [-1.003278215770985, 44.95300641249962], [-1.00284486352395, 44.95303721933783], [-1.002409345354751, 44.95303771502448], [-1.001975856245531, 44.95300789478506], [-1.001548571624391, 44.9529480458535], [-1.001131607127166, 44.95285874470426], [-1.000728978936571, 44.95274085149671], [-1.000344565081613, 44.95259550178598], [-0.999982068070866, 44.95242409558007], [-0.999644979220174, 44.95222828384889], [-0.999336545018947, 44.952009952615526], [-0.999059735859335, 44.95177120478316], [-0.998817217429641, 44.95151433987333], [-0.998611325047494, 44.951241831870576], [-0.998444041179738, 44.95095630538766], [-0.998316976365169, 44.950660510380914], [-0.998231353723232, 44.950357295659764], [-0.998187997197178, 44.950049581445725], [-0.998187323643992, 44.949740331245216], [-0.998229338846369, 44.94943252330753], [-0.998313637484062, 44.949129121942555], [-0.998439407063899, 44.948833048974834], [-0.99860543576955, 44.948547155608395], [-0.998810124154522, 44.94827419497353], [-0.999051500564882, 44.94801679561956]]]}}, {"type": "Feature", "properties": {"nb_detections_cluster": 1, "frp_max": 6.48, "frp_moyen": 6.48, "derniere_detection": "2026-07-25T03:30:00", "fetch_timestamp": "2026-07-25T03:30:00"}, "geometry": {"type": "Polygon", "coordinates": [[[-0.947723884667341, 44.86758596037067], [-0.948031093894825, 44.86736709392662], [-0.948366988052461, 44.86717069410057], [-0.948728332431584, 44.86699865208092], [-0.949111647355723, 44.86685262449156], [-0.9495132416815, 44.86673401744645], [-0.949929248331422, 44.86664397301636], [-0.950355661516915, 44.86658335823683], [-0.950788375293852, 44.86655275676365], [-0.951223223080157, 44.86655246325575], [-0.951656017755817, 44.86658248053924], [-0.952082591960174, 44.86664251958038], [-0.952498838199428, 44.86673200226714], [-0.952900748379102, 44.86685006697307], [-0.953284452381744, 44.866995576849774], [-0.953646255319154, 44.86716713076853], [-0.953982673101154, 44.86736307680586], [-0.954290465978906, 44.86758152814336], [-0.954566669740144, 44.867820381229244], [-0.954808624256109, 44.868077336026985], [-0.955013999105241, 44.86834991815633], [-0.955180816026682, 44.86863550271385], [-0.955307467986948, 44.86893133954411], [-0.955392734675565, 44.86923457971831], [-0.955435794279728, 44.869542302965435], [-0.955436231423702, 44.86985154579251], [-0.955394041195566, 44.870159330022524], [-0.955309629221491, 44.870462691476014], [-0.955183807785814, 44.870758708519624], [-0.955017788033238, 44.871044530206646], [-0.954813168327319, 44.8713174037387], [-0.954571918876466, 44.871574700983565], [-0.954296362774798, 44.871813943793576], [-0.953989153639861, 44.87203282788058], [-0.953653250062151, 44.87222924501714], [-0.953291887112344, 44.872401303349555], [-0.952908545180572, 44.87254734562713], [-0.952506916448098, 44.872665965171386], [-0.952090869314648, 44.87275601943122], [-0.951664411124555, 44.87281664099338], [-0.951231649551447, 44.87284724594137], [-0.95079675301418, 44.87284753948278], [-0.950363910506237, 44.872817518790164], [-0.949937291226447, 44.872757473028294], [-0.949521004400834, 44.87266798056746], [-0.949119059683584, 44.87254990340976], [-0.948735328519409, 44.87240437888209], [-0.948373506840311, 44.87223280867615], [-0.948037079456703, 44.87203684534139], [-0.947729286486406, 44.87181837636093], [-0.947453092145241, 44.87157950596455], [-0.947211156199961, 44.871322534853995], [-0.947005808358462, 44.87104993803646], [-0.946839025843717, 44.8707643409798], [-0.946712414366979, 44.87046849431977], [-0.946627192682962, 44.870165247362955], [-0.946584180874971, 44.869857520641006], [-0.946583792481959, 44.86954827778045], [-0.946626030542376, 44.86924049695956], [-0.946710487591883, 44.86893714222679], [-0.946836349613919, 44.86864113495726], [-0.947002403904072, 44.868355325722014], [-0.947207050771524, 44.86808246684093], [-0.947448318964065, 44.86782518588324], [-0.947723884667341, 44.86758596037067]]]}}, {"type": "Feature", "properties": {"nb_detections_cluster": 6, "frp_max": 10.15, "frp_moyen": 7.39, "derniere_detection": "2026-07-25T03:30:00", "fetch_timestamp": "2026-07-25T03:30:00"}, "geometry": {"type": "Polygon", "coordinates": [[[-0.94096387467045, 44.872105757287635], [-0.941271134976394, 44.871886909233226], [-0.941607079816338, 44.8716905295752], [-0.941968473993658, 44.871518509307805], [-0.942351837352451, 44.871372504845375], [-0.942753478283053, 44.87125392207924], [-0.943169529259305, 44.87116390284633], [-0.943595984065905, 44.87110331393958], [-0.944028736358045, 44.87107273876565], [-0.944463619182859, 44.87107247173021], [-0.944896445083009, 44.87110251540452], [-0.945323046397216, 44.87116258050069], [-0.945739315370653, 44.871252088655815], [-0.946141243689931, 44.871370177998195], [-0.946524961062897, 44.8715157114422], [-0.946886772472552, 44.87168728763223], [-0.947223193747057, 44.87188325443027], [-0.947530985103844, 44.872101724818], [-0.947807182345175, 44.8723405950602], [-0.948049125404941, 44.8725975649551], [-0.94825448397176, 44.872870159977026], [-0.948315774835977, 44.87297510515352], [-0.94857117693994, 44.87305013509893], [-0.948954912091966, 44.87319566022363], [-0.949316741752383, 44.87336722858748], [-0.949653181573642, 44.87356318812789], [-0.94996099159461, 44.87378165189641], [-0.950237207437848, 44.87402051622159], [-0.950341973777056, 44.874131779164536], [-0.950672985801211, 44.87403402621549], [-0.951089044678745, 44.873943977231434], [-0.951515512052601, 44.87388335785722], [-0.951948281456954, 44.873852751792924], [-0.952383185774177, 44.87385245374164], [-0.952816037340017, 44.87388246657327], [-0.953242668246116, 44.87394250129691], [-0.95365897045278, 44.874031979842115], [-0.9540609353267, 44.87415004062228], [-0.954444692223831, 44.87429554682688], [-0.954806545746693, 44.87446709736252], [-0.955143011318026, 44.874663040338305], [-0.955450848728814, 44.874881488965286], [-0.955727093337935, 44.875120339717846], [-0.955969084623226, 44.87537729258188], [-0.956174491808969, 44.87564987319578], [-0.956273327352476, 44.875819047838505], [-0.956480870749817, 44.87587999786092], [-0.95686464574274, 44.87602549578235], [-0.957226517809122, 44.876197038526335], [-0.957563002193176, 44.876392974276975], [-0.957870858504762, 44.87661141631494], [-0.958147121920771, 44.876850261178], [-0.95821308346211, 44.87692029444004], [-0.958572494342245, 44.87681413011883], [-0.958988561149726, 44.876724051459625], [-0.959415041109378, 44.87666340169546], [-0.959847827634177, 44.876632764819064], [-0.96028275344166, 44.8766324358302], [-0.960715630660681, 44.87666241789667], [-0.961142291135919, 44.87672242232381], [-0.961558626543033, 44.87681187133292], [-0.961960627929114, 44.87692990362179], [-0.96234442429863, 44.8770753826542], [-0.962706319874114, 44.87724690759848], [-0.963042829673477, 44.877442826810146], [-0.963350713061913, 44.877661253729094], [-0.963627004955649, 44.87790008503878], [-0.963869044377271, 44.878157020912354], [-0.964074500087587, 44.878429587151864], [-0.964205078611685, 44.878653021357586], [-0.964330566882275, 44.878689861697296], [-0.964714381424061, 44.87883533262007], [-0.965076295584818, 44.87900684993646], [-0.965412824203525, 44.87920276207541], [-0.965720726464184, 44.879421182545], [-0.965997037101317, 44.87966000809076], [-0.966239094957033, 44.87991693894136], [-0.96644456861463, 44.880189500947225], [-0.966611478861675, 44.88047506939877], [-0.966738217765842, 44.880770894295715], [-0.966823564179208, 44.88107412682423], [-0.966866695520979, 44.88138184678708], [-0.966867195724299, 44.88169109072289], [-0.966825059269655, 44.88199888044411], [-0.966740691265019, 44.88230225171845], [-0.966614903570927, 44.88259828281803], [-0.966448907006774, 44.88288412266086], [-0.966244299712446, 44.883157018273735], [-0.966003051776486, 44.88341434131181], [-0.965727486278123, 44.883653613379074], [-0.96542025692514, 44.8838725299056], [-0.965084322502541, 44.884068982351536], [-0.964722918377912, 44.88424107852313], [-0.964339525337845, 44.88438716080522], [-0.963937836055802, 44.88450582213402], [-0.963521719514694, 44.884595919556], [-0.963095183727426, 44.884656585242105], [-0.962662337115119, 44.88468723485088], [-0.962227348915857, 44.88468757315974], [-0.961794409006173, 44.884657596909975], [-0.961367687523259, 44.88459759483835], [-0.96095129467776, 44.884508144894276], [-0.96054924114525, 44.884390108670345], [-0.960165399418749, 44.88424462309918], [-0.959803466495365, 44.88407308949733], [-0.959466928257157, 44.88387716006161], [-0.959159025889793, 44.88365872194873], [-0.958882724662853, 44.88341987909117], [-0.9586406853726, 44.88316293192553], [-0.958435238722274, 44.88289035522838], [-0.958304673306776, 44.88266691394148], [-0.95817918010095, 44.8826300667469], [-0.957795356550854, 44.88248457306553], [-0.957433442216621, 44.88231303183539], [-0.957096922801229, 44.88211709532684], [-0.956789039309024, 44.88189865076463], [-0.956512756827763, 44.8816598021434], [-0.95644679183885, 44.881589767766926], [-0.956087346364764, 44.88169592536822], [-0.955671238054208, 44.88178599329892], [-0.955244715135016, 44.88184662878347], [-0.954811885904373, 44.88187724777136], [-0.954376919432925, 44.88187755533488], [-0.953944005387887, 44.88184754851156], [-0.953517313657259, 44.881787516332594], [-0.953100954165043, 44.881698037037395], [-0.952698937265464, 44.881579972501285], [-0.952315135098598, 44.88143445992955], [-0.951953244280419, 44.88126290089878], [-0.95161675028733, 44.88106694785079], [-0.951308893878748, 44.88084848816964], [-0.951032639881503, 44.88060962599552], [-0.950790648636886, 44.88035266195102], [-0.950585250385331, 44.880080070975296], [-0.950486424480986, 44.879910891043394], [-0.950278872690718, 44.8798499297408], [-0.949895088623799, 44.87970440888534], [-0.949533216353055, 44.87953284206256], [-0.949196741176211, 44.87933688178926], [-0.948888903671421, 44.8791184155191], [-0.948612668483417, 44.87887954745575], [-0.948507896711629, 44.878768282714546], [-0.948176853004811, 44.87886602935601], [-0.947760752980109, 44.87895606756901], [-0.947334243019103, 44.87901667262053], [-0.946901431294172, 44.879047260753154], [-0.946466486707331, 44.879047537336454], [-0.946033598714963, 44.879017499706286], [-0.945606936954072, 44.87895743719061], [-0.945190611059914, 44.87886792832107], [-0.94478863106301, 44.87874983525782], [-0.944404868747894, 44.87860429548091], [-0.944043020346586, 44.87843271082898], [-0.943706570926842, 44.8782367339906], [-0.943398760818655, 44.87801825257893], [-0.943122554402818, 44.87777937094348], [-0.942880611562263, 44.877522389894246], [-0.942675262071162, 44.8772497845341], [-0.942613977083906, 44.8771448361028], [-0.942358564314776, 44.87706979235926], [-0.941974819782836, 44.876924244262455], [-0.941612989636184, 44.876752651784], [-0.94127655876671, 44.87655666768782], [-0.94096876732571, 44.876338179656976], [-0.94069257951416, 44.87609929210475], [-0.940450655035787, 44.875842305898104], [-0.940245323487901, 44.87556969618955], [-0.940078561936396, 44.87528408857109], [-0.939951975890472, 44.87498823378022], [-0.93986678385977, 44.87468498120173], [-0.939823805641866, 44.87437725142138], [-0.939823454452087, 44.87406800809511], [-0.939865732970486, 44.87376022940567], [-0.939950233343001, 44.8734568793809], [-0.940076141135788, 44.873160879350564], [-0.94024224320361, 44.87287507981593], [-0.940446939395531, 44.872602233003455], [-0.940688257984352, 44.872344966366086], [-0.94096387467045, 44.872105757287635]]]}}, {"type": "Feature", "properties": {"nb_detections_cluster": 7, "frp_max": 15.23, "frp_moyen": 8.03, "derniere_detection": "2026-07-25T03:30:00", "fetch_timestamp": "2026-07-25T03:30:00"}, "geometry": {"type": "Polygon", "coordinates": [[[-0.944187573260286, 44.881295073323614], [-0.944463218975864, 44.88105585488413], [-0.944770514624883, 44.880836996528764], [-0.945106500781058, 44.88064060572905], [-0.945467941849851, 44.88046857358655], [-0.945851357223796, 44.880322556629935], [-0.946253054792366, 44.88020396087083], [-0.946669166484062, 44.880113928271314], [-0.947095685499009, 44.88005332575299], [-0.947528504874223, 44.88002273685362], [-0.947963457010996, 44.88002245611101], [-0.948396353784703, 44.880052486228394], [-0.948823026851744, 44.88011253804845], [-0.949239367766506, 44.880202033336104], [-0.949641367522985, 44.88032011034354], [-0.950025155141251, 44.880465632103956], [-0.950387034927982, 44.88063719737418], [-0.950723522052972, 44.880833154121405], [-0.951031376099583, 44.881051615424134], [-0.951307632266404, 44.881290477634565], [-0.951549629919858, 44.88154744062837], [-0.951755038222767, 44.88182002994629], [-0.951852595469942, 44.881987024919354], [-0.952101301261714, 44.88206006689614], [-0.952485107151382, 44.88220558023541], [-0.952847005671773, 44.88237713758394], [-0.953183511812323, 44.88257308698516], [-0.953491384973317, 44.88279154158832], [-0.953767660169303, 44.883030397810224], [-0.953819452141744, 44.88308538750246], [-0.954162562746231, 44.88298406490756], [-0.954578682357609, 44.882894002595314], [-0.955005213953841, 44.88283336964856], [-0.955438050450786, 44.882802749898055], [-0.955873024084888, 44.882802438178665], [-0.956305946524559, 44.8828324374919], [-0.956732649179116, 44.882892458977025], [-0.95714902331812, 44.8829819246911], [-0.957551059615738, 44.883099973171056], [-0.957934886740275, 44.88324546772477], [-0.958296808618098, 44.88341700737111], [-0.958633340013798, 44.88361294032399], [-0.958941240084537, 44.883831379891035], [-0.959217543585807, 44.88407022263384], [-0.959459589428299, 44.8843271686155], [-0.959665046310851, 44.88459974354063], [-0.959790205961191, 44.884813916126085], [-0.959980995869386, 44.88486993022049], [-0.960364841393639, 44.88501541645742], [-0.960726782107985, 44.8851869482806], [-0.961063332595666, 44.88538287397932], [-0.961371251830031, 44.885601306931015], [-0.961647574382054, 44.885840143761], [-0.961681813589068, 44.88587648733353], [-0.962062071194786, 44.885764168846144], [-0.962478198738485, 44.88567407685969], [-0.962904742923754, 44.8856134135236], [-0.963337596545225, 44.88558276296125], [-0.963772591674463, 44.885582420304175], [-0.964205539772938, 44.88561238885182], [-0.964632272002956, 44.88567238003965], [-0.965048679349369, 44.885761816216466], [-0.965450752166669, 44.885879836203635], [-0.965834618771612, 44.8860253035834], [-0.966196582710497, 44.88619681763627], [-0.966533158343003, 44.886392726822656], [-0.966841104400418, 44.88661114467902], [-0.967117455195498, 44.886849967976076], [-0.967359549183593, 44.88710689696418], [-0.967565054599978, 44.88737945751167], [-0.96773199192628, 44.887665024923], [-0.967858752969275, 44.887960849207985], [-0.967944116367691, 44.88826408155863], [-0.967987259377001, 44.88857180177943], [-0.967987765817813, 44.88888104640654], [-0.96794563011036, 44.88918883724577], [-0.967861257355239, 44.889492210054065], [-0.967735459458565, 44.88978824308877], [-0.967705322568394, 44.88984013347128], [-0.967906252422404, 44.88962582932445], [-0.968181837952408, 44.88938655140464], [-0.968489086715021, 44.88916762686172], [-0.968825039735078, 44.88897116380466], [-0.969186461736785, 44.88879905403086], [-0.969569872295993, 44.888652954816564], [-0.969971579348306, 44.88853427296548], [-0.970387714730741, 44.8884441512687], [-0.970814271415206, 44.88838345750578], [-0.971247142075968, 44.888352776093015], [-0.971682158620534, 44.88835240245907], [-0.972115132304204, 44.88838234020164], [-0.972541894042977, 44.888442301052784], [-0.972958334537637, 44.88853170765342], [-0.973360443823579, 44.88864969910973], [-0.973744349866492, 44.88879513927868], [-0.974106355833022, 44.888966627702814], [-0.974442975678255, 44.88916251308933], [-0.974750967707838, 44.8893809092039], [-0.975027365791931, 44.88961971302662], [-0.97526950793059, 44.88987662499539], [-0.975475061895476, 44.89014917114249], [-0.97564204770075, 44.8904347269111], [-0.975659738522139, 44.89047599562711], [-0.975740385273042, 44.89049965696463], [-0.976124310135249, 44.890645088991846], [-0.976486335303814, 44.89081656975844], [-0.976822974548953, 44.89101244804536], [-0.97713098598953, 44.89123083768665], [-0.977407403308811, 44.891469635724704], [-0.977649564321638, 44.89172654265318], [-0.977855136617927, 44.891999084552886], [-0.978022140035302, 44.89228463690794], [-0.978148965744095, 44.892580449873115], [-0.978234391760273, 44.892883674749584], [-0.97827759473623, 44.893191391413815], [-0.978278157914983, 44.89350063643633], [-0.978236075170236, 44.893808431619185], [-0.978151751092377, 44.89411181267753], [-0.978025997118554, 44.89440785778933], [-0.977860023743054, 44.89469371573774], [-0.977655428882095, 44.89496663337519], [-0.977414182504145, 44.89522398214482], [-0.977138607673129, 44.89546328340276], [-0.976831358186449, 44.895682232298064], [-0.976495393022805, 44.89587871997908], [-0.976133947845694, 44.89605085391271], [-0.975750503836988, 44.896196976120116], [-0.975348754161002, 44.89631567915295], [-0.974932568382339, 44.896405819655975], [-0.974505955180828, 44.89646652938523], [-0.97407302372333, 44.896497223574976], [-0.973637944065283, 44.89649760657324], [-0.973204906964313, 44.89646767469087], [-0.972778083493946, 44.896407716237256], [-0.972361584847372, 44.896318308741684], [-0.971959422719449, 44.89620031338788], [-0.971575470649379, 44.896054866714834], [-0.971213426697275, 44.8958833696644], [-0.970876777814763, 44.89568747408142], [-0.970568766253335, 44.89546906679657], [-0.970292358334372, 44.89523025144542], [-0.97005021588178, 44.894973328199654], [-0.969844670592389, 44.89470077160555], [-0.969677701590708, 44.894415206743716], [-0.969660013926201, 44.89437393702454], [-0.969579364172022, 44.89435027124412], [-0.969195430925483, 44.8942048164288], [-0.968833406179367, 44.89403331172046], [-0.968496776700279, 44.893837409037744], [-0.968188784552795, 44.893618995279624], [-0.967912395871285, 44.89338017414406], [-0.967670272294358, 44.893123245858455], [-0.967464745337037, 44.892850685017606], [-0.967297793947273, 44.892565116742965], [-0.967171025462557, 44.892269291393234], [-0.967085660149423, 44.891966058069876], [-0.967042519474037, 44.89165833717335], [-0.967042018215956, 44.89134909227418], [-0.967084160500036, 44.891041301570496], [-0.967168539783711, 44.89073792920597], [-0.967294342798706, 44.890441896725655], [-0.967324480391898, 44.89039000644491], [-0.967123545581205, 44.890604309590444], [-0.966847949560966, 44.89084358497545], [-0.966540685223538, 44.891062505093224], [-0.966204711690822, 44.89125896136928], [-0.965843264707071, 44.891431061572966], [-0.965459825471686, 44.891577148050345], [-0.965058087103095, 44.891695813697154], [-0.964641919057057, 44.891785915518305], [-0.964215329842631, 44.891846585642384], [-0.96378242839563, 44.89187723968516], [-0.963347384482403, 44.891877582381326], [-0.962914388516213, 44.891847610429984], [-0.962487611174289, 44.89178761252639], [-0.962071163205404, 44.8916981665799], [-0.961669055816163, 44.89158013414455], [-0.961285162018393, 44.89143465211651], [-0.960923179310797, 44.89126312177817], [-0.960586594054967, 44.89106719529494], [-0.960278647889436, 44.890848759795084], [-0.960002306505603, 44.89060991918594], [-0.959968065498695, 44.89057357504197], [-0.959587771121526, 44.89068588652908], [-0.959171601783397, 44.89077596782748], [-0.958745014332898, 44.890836616924965], [-0.958312117688869, 44.89086724963986], [-0.957877081571394, 44.89086757091228], [-0.95744409631864, 44.89083757764765], [-0.957017332504611, 44.89077755874657], [-0.956600900747741, 44.89068809232063], [-0.956198812098426, 44.890570040121105], [-0.955814939387936, 44.89042453923453], [-0.955452979911792, 44.89025299112496], [-0.95511641980776, 44.890057048128945], [-0.954808500472044, 44.8898385975338], [-0.954532187337557, 44.8895997433922], [-0.954290141315136, 44.88934278624943], [-0.954084693172724, 44.889070200978125], [-0.953959545801745, 44.8888560216789], [-0.953768748354447, 44.88879999717154], [-0.953384894047878, 44.88865448796763], [-0.953022953412212, 44.88848293203451], [-0.952686412403712, 44.88828698178418], [-0.952378512234628, 44.88806852457371], [-0.95210221815325, 44.88782966451957], [-0.952050423485718, 44.88777467394489], [-0.951707279786624, 44.887875990166776], [-0.951291118636702, 44.88796604186143], [-0.950864544028177, 44.8880266606421], [-0.950431664756203, 44.888057262619114], [-0.949996650373517, 44.88805755302867], [-0.949563691008902, 44.888027529073504], [-0.949136956986949, 44.88796747994979], [-0.948720558639057, 44.887877984060246], [-0.948318506693742, 44.88775990343994], [-0.947934673628641, 44.88761437544915], [-0.947572756357319, 44.88744280181295], [-0.947236240610924, 44.88724683511379], [-0.946928367358323, 44.887028362867255], [-0.946652101588485, 44.88678948933453], [-0.946410103755972, 44.88653251524763], [-0.946204704164531, 44.886259915642356], [-0.946107156293549, 44.88609291548499], [-0.945858440434522, 44.886019859993425], [-0.945474625645031, 44.88587432358092], [-0.945112727111335, 44.88570274202264], [-0.944776230384076, 44.88550676797731], [-0.944468376248902, 44.88528828903126], [-0.944192129510627, 44.88504940951022], [-0.943950150440494, 44.884792430203845], [-0.943744769161535, 44.88451982619823], [-0.943577963218507, 44.88423422303047], [-0.943451338548012, 44.88393837139512], [-0.943366114031515, 44.883635120646716], [-0.943323109779266, 44.88332739135334], [-0.943322739257111, 44.88301814716635], [-0.943365005331055, 44.88271036627671], [-0.943449500266656, 44.882407012733545], [-0.943575409682199, 44.88211100790048], [-0.943741520416597, 44.88182520232506], [-0.943946232235249, 44.88155234829195], [-0.944187573260286, 44.881295073323614]]]}}, {"type": "Feature", "properties": {"nb_detections_cluster": 1, "frp_max": 6.83, "frp_moyen": 6.83, "derniere_detection": "2026-07-25T03:30:00", "fetch_timestamp": "2026-07-25T03:30:00"}, "geometry": {"type": "Polygon", "coordinates": [[[-0.934693287182716, 44.886175562382455], [-0.935000648946615, 44.885956730709346], [-0.935336699923513, 44.88576036915149], [-0.935698203894809, 44.88558836852882], [-0.93608167964746, 44.88544238506647], [-0.936483434489675, 44.885323824453586], [-0.936899599798592, 44.88523382831377], [-0.937326168258177, 44.88517326321755], [-0.93775903242945, 44.885142712342336], [-0.938194024282457, 44.88514246985984], [-0.938626955310207, 44.88517253810487], [-0.939053656839309, 44.88523262755297], [-0.939470020150096, 44.885322159606766], [-0.93987203602089, 44.8854402721644], [-0.94025583331654, 44.88558582791676], [-0.940617716250451, 44.885757425293356], [-0.940954199961996, 44.8859534119522], [-0.941262044067268, 44.886171900683706], [-0.94153828386042, 44.88641078757601], [-0.941780258865368, 44.88666777226696], [-0.941985638462842, 44.886940380088404], [-0.942152444345803, 44.88722598588942], [-0.942279069586581, 44.88752183931002], [-0.942364294131512, 44.88782509126145], [-0.942407296573137, 44.888132821359264], [-0.942407662085727, 44.88844206604439], [-0.942365386446745, 44.88874984712189], [-0.942280876104503, 44.88905320044259], [-0.942154944290336, 44.8893492044513], [-0.941988803211694, 44.88963500832682], [-0.941784052400402, 44.88990785944224], [-0.941542663327419, 44.89016512988114], [-0.941266960431539, 44.89040434175402], [-0.940959598744148, 44.89062319107062], [-0.94062353832514, 44.89081956993833], [-0.940262015755974, 44.89099158687206], [-0.939878512964394, 44.89113758501979], [-0.939476723681286, 44.89125615812808], [-0.939060517853053, 44.891346164093115], [-0.938633904352867, 44.89140673596677], [-0.938200992350589, 44.891437290311174], [-0.937765951714298, 44.89143753282135], [-0.937332972825692, 44.89140746116137], [-0.936906226197433, 44.89134736498696], [-0.93648982228232, 44.891257823153985], [-0.936087771862434, 44.891139698140094], [-0.935703947400628, 44.89099412773308], [-0.935342045727479, 44.89082251406663], [-0.935005552423749, 44.89062651010871], [-0.93469770824197, 44.890408003733704], [-0.934421477890928, 44.89016909953153], [-0.934179521483851, 44.889912098529535], [-0.933974168925305, 44.88963947602271], [-0.933807397483238, 44.88935385772627], [-0.933680812761776, 44.88905799448051], [-0.933595633257446, 44.88875473575163], [-0.933552678646824, 44.88844700218459], [-0.93355236191752, 44.88813775747179], [-0.933594685417357, 44.88782997980922], [-0.933679240858756, 44.887526633214854], [-0.933805213277248, 44.88723063898532], [-0.933971388904983, 44.88694484756607], [-0.93417616688243, 44.8866720111053], [-0.934417574694651, 44.88641475695625], [-0.934693287182716, 44.886175562382455]]]}}, {"type": "Feature", "properties": {"nb_detections_cluster": 2, "frp_max": 11.41, "frp_moyen": 9.84, "derniere_detection": "2026-07-25T03:30:00", "fetch_timestamp": "2026-07-25T03:30:00"}, "geometry": {"type": "Polygon", "coordinates": [[[-0.951216202180589, 44.89919528834676], [-0.951491905853043, 44.898956051128984], [-0.951799272102819, 44.898737172105356], [-0.95213534082358, 44.89854075894645], [-0.95249687562561, 44.898368702969115], [-0.952880394998799, 44.898222660931566], [-0.953282205831191, 44.89810403908695], [-0.953698438960724, 44.8980139796485], [-0.954125086418313, 44.897953349796275], [-0.954558040004365, 44.897922733331214], [-0.954993130828064, 44.89792242505657], [-0.955426169429601, 44.897952427940666], [-0.955852986099961, 44.89801245308839], [-0.956269471011014, 44.89810192252153], [-0.956671613770435, 44.89821997474123], [-0.957055542021505, 44.89836547301937], [-0.957417558716882, 44.898537016338885], [-0.957754177708145, 44.898732952878404], [-0.958062157308922, 44.89895139591097], [-0.958338531508771, 44.89919024196483], [-0.95858063853743, 44.89944719107117], [-0.958786146504321, 44.899719768904575], [-0.95894342633188, 44.89998884232587], [-0.959151549507818, 44.90004993090801], [-0.959535496706921, 44.900195420698125], [-0.959897532786833, 44.90036695603341], [-0.960234171412511, 44.90056288516937], [-0.960542170708542, 44.90078132145034], [-0.960818564474854, 44.90102016146959], [-0.961060690752785, 44.90127710531642], [-0.961266217466398, 44.90154967871608], [-0.961433164891929, 44.901835256849274], [-0.961559924738562, 44.902131089622436], [-0.96164527565619, 44.90243432814587], [-0.961688395020114, 44.902742052164555], [-0.961688866878286, 44.90305129817806], [-0.961646685983637, 44.90335908797878], [-0.961562257871616, 44.90366245733363], [-0.961436394981166, 44.903958484533185], [-0.961270308855469, 44.90424431853293], [-0.961065598496622, 44.90451720641599], [-0.960824234985518, 44.90477451991187], [-0.960548542514316, 44.905013780716445], [-0.960241176013599, 44.90523268436829], [-0.959905095589272, 44.90542912245147], [-0.959543538015189, 44.90560120291057], [-0.959159985556036, 44.905747268281765], [-0.958758132420938, 44.90586591166415], [-0.958341849171245, 44.90595599027703], [-0.957915145425852, 44.90601663647253], [-0.957482131223936, 44.906047266096905], [-0.957046977418106, 44.90604758412005], [-0.95661387548031, 44.90601758747872], [-0.956186997108664, 44.90595756510602], [-0.955770454025202, 44.90586809514695], [-0.955368258352763, 44.90575003938688], [-0.954984283953564, 44.9056045349466], [-0.95462222910265, 44.905432983324374], [-0.954285580856424, 44.905237036890654], [-0.95397758146001, 44.905018582965816], [-0.953701197117339, 44.90477972563463], [-0.953459089424929, 44.904522765473104], [-0.953253589744482, 44.90425017738293], [-0.953096325255938, 44.903981095554], [-0.952888194092731, 44.90391999555473], [-0.952504238645885, 44.90377448262586], [-0.952142203183559, 44.903602923019015], [-0.951805574575382, 44.90340696918156], [-0.951497594877296, 44.90318850850517], [-0.951221230103482, 44.90294964513966], [-0.950979141661965, 44.90269267971908], [-0.950773660729029, 44.90242008719584], [-0.950606765809009, 44.902134492996474], [-0.950480063695175, 44.901838647729235], [-0.950394774014513, 44.90153540068735], [-0.950351717504472, 44.90122767240327], [-0.950351308133754, 44.90091842651862], [-0.950393549142053, 44.900610641240824], [-0.950478033035856, 44.90030728066126], [-0.950603945539325, 44.90001126621138], [-0.950770073461192, 44.8997254485314], [-0.950974816400925, 44.89945258002257], [-0.951216202180589, 44.89919528834676]]]}}, {"type": "Feature", "properties": {"nb_detections_cluster": 2, "frp_max": 14.35, "frp_moyen": 14.29, "derniere_detection": "2026-07-25T03:30:00", "fetch_timestamp": "2026-07-25T03:30:00"}, "geometry": {"type": "Polygon", "coordinates": [[[-0.957215314513075, 44.91001547457202], [-0.957491045771665, 44.90977622167134], [-0.957798447889307, 44.90955732532241], [-0.958134560414136, 44.909360893362674], [-0.958496146534522, 44.909188817290044], [-0.958879724246135, 44.909042754056216], [-0.959281599875252, 44.90892411011848], [-0.959697903635895, 44.90883402790276], [-0.960124626878932, 44.908773374808476], [-0.960557660675122, 44.90874273486036], [-0.960992835361426, 44.90874240308775], [-0.961425960670665, 44.90877238268527], [-0.961852866059066, 44.90883238498202], [-0.962269440844387, 44.908921832219804], [-0.96267167376905, 44.90903986311349], [-0.963055691608264, 44.909185341140336], [-0.963417796452142, 44.9093568654783], [-0.963754501303548, 44.90955278448877], [-0.964062563649388, 44.90977121161362], [-0.964247671021432, 44.90993112894706], [-0.964269420944856, 44.909922845469495], [-0.964671291480136, 44.909804182007264], [-0.965087593116509, 44.90971407957482], [-0.96551431722526, 44.90965340576625], [-0.965947354868798, 44.90962274480573], [-0.966382536347034, 44.90962239192495], [-0.966815671327401, 44.90965235052178], [-0.967242589173026, 44.909712332127526], [-0.967659179081756, 44.90980175918322], [-0.968061429650439, 44.90991977059809], [-0.968445467484441, 44.910065230036906], [-0.968807594481411, 44.910236736856675], [-0.969144323430962, 44.91043263958747], [-0.96945241158802, 44.91065105182793], [-0.969728891896891, 44.91088987040283], [-0.969971101565567, 44.91114679560805], [-0.970176707715069, 44.91141935334836], [-0.970343729856614, 44.91170491895526], [-0.970470558979769, 44.912000742455966], [-0.97055597306714, 44.91230397505011], [-0.970599148885501, 44.912611696539734], [-0.970599669938905, 44.91292094344892], [-0.970557530506262, 44.91322873756144], [-0.970473135723443, 44.91353211460277], [-0.970347297708125, 44.913828152789485], [-0.970181227763633, 44.91411400097135], [-0.969976524735946, 44.91438690609487], [-0.969735159635083, 44.91464423972363], [-0.969459456668269, 44.91488352335957], [-0.969152070866966, 44.915102452321406], [-0.968815962522792, 44.91529891794947], [-0.968454368678377, 44.91547102792307], [-0.968070771947659, 44.915617124494084], [-0.967668866966124, 44.91573580046107], [-0.967252524794497, 44.915825912729545], [-0.966825755619236, 44.91588659332746], [-0.966392670109816, 44.91591725776964], [-0.965957439805783, 44.9159176106907], [-0.965524256916054, 44.915887648691175], [-0.96509729391863, 44.91582766037051], [-0.964680663350822, 44.91573822354574], [-0.964278378178291, 44.91562019968307], [-0.963894313125473, 44.91547472559607], [-0.963532167340726, 44.91530320249065], [-0.96319542875644, 44.91510728246261], [-0.962887340487945, 44.91488885257803], [-0.962702220636705, 44.91472893273654], [-0.962680468618819, 44.91473721591947], [-0.962278558539805, 44.91485587236028], [-0.961862214241461, 44.914945964410016], [-0.961435445930765, 44.91500662429138], [-0.96100236426888, 44.91503726771882], [-0.960567140758295, 44.915037599529306], [-0.960133967542483, 44.91500761652672], [-0.959707017006236, 44.91494760751283], [-0.959290401566804, 44.91485815050398], [-0.95888813404408, 44.91474010716079], [-0.95850408899244, 44.91459461448444], [-0.958141965367526, 44.91442307385994], [-0.957805250888222, 44.91422713755176], [-0.957497188437614, 44.91400869278281], [-0.957220744826944, 44.91376984354969], [-0.95697858222353, 44.91351289035036], [-0.956773032517872, 44.91324030801955], [-0.956606074876562, 44.91295472188566], [-0.956479316696797, 44.9126588824793], [-0.95639397814534, 44.912355639037294], [-0.956350880430083, 44.91204791205744], [-0.956350437916316, 44.911738665168876], [-0.956392654162643, 44.911430876588696], [-0.956477121913737, 44.91112751044015], [-0.956603027048934, 44.910831488208345], [-0.956769156447641, 44.91054566060848], [-0.956973909694835, 44.910272780137326], [-0.957215314513075, 44.91001547457202]]]}}, {"type": "Feature", "properties": {"nb_detections_cluster": 2, "frp_max": 16.41, "frp_moyen": 14.68, "derniere_detection": "2026-07-25T03:30:00", "fetch_timestamp": "2026-07-25T03:30:00"}, "geometry": {"type": "Polygon", "coordinates": [[[-0.9773246790089, 44.90944612006376], [-0.977600321717996, 44.90920681731313], [-0.977907642259432, 44.90898786537856], [-0.978243680966609, 44.908791372632855], [-0.978605201738447, 44.90861923115922], [-0.978988723199621, 44.908473098539226], [-0.979390552217825, 44.908354381898256], [-0.979806819455707, 44.90826422436236], [-0.980233516615656, 44.9082034940562], [-0.980666535019476, 44.90817277574799], [-0.981101705152278, 44.90817236522159], [-0.981534836790723, 44.908202266429946], [-0.981961759330137, 44.908262191456956], [-0.982378361923229, 44.90835156328844], [-0.982780633044804, 44.90846952136538], [-0.983164699102453, 44.90861492986622], [-0.983526861722211, 44.90878638863837], [-0.983863633350854, 44.90898224667463], [-0.984171770832533, 44.90920061800408], [-0.984330862786213, 44.90933799030952], [-0.984448418400679, 44.90929319125174], [-0.984850241739609, 44.909174454837355], [-0.985266506287843, 44.9090842768257], [-0.985693203773634, 44.909023525538615], [-0.986126225515631, 44.90899278594632], [-0.986561401966799, 44.90899235403762], [-0.986994542842966, 44.909022233971356], [-0.987421477450536, 44.90908213803626], [-0.98783809482605, 44.90917148942003], [-0.98824038330202, 44.90928942776053], [-0.988624469118989, 44.909434817426195], [-0.988986653712792, 44.90960625844591], [-0.989323449318677, 44.90980209998335], [-0.989631612549986, 44.910020456226526], [-0.989908175628374, 44.91025922453945], [-0.990150474965075, 44.91051610570209], [-0.990356176817895, 44.9107886260434], [-0.990523299776686, 44.911074161255165], [-0.990650233860354, 44.91136996165737], [-0.990735756040893, 44.911673178672196], [-0.990779042044231, 44.91198089225193], [-0.990779674313368, 44.912290138996866], [-0.990737646056161, 44.912597940692535], [-0.990653361337748, 44.91290133299149], [-0.990527631215705, 44.913197393963486], [-0.990361665954099, 44.91348327223896], [-0.990157063390512, 44.913756214474716], [-0.98991579356715, 44.91401359187698], [-0.989640179773341, 44.91425292552619], [-0.989332876181409, 44.914471910259415], [-0.988996842290894, 44.91466843687991], [-0.98863531442704, 44.91484061247951], [-0.988251774568014, 44.91498677867808], [-0.987849916801295, 44.91510552760359], [-0.987433611732634, 44.915195715458744], [-0.987006869190953, 44.915256473543465], [-0.986573799589081, 44.91528721662631], [-0.986138574313276, 44.915287648584275], [-0.985705385524015, 44.91525776525671], [-0.985278405756168, 44.915197854485235], [-0.984861747708678, 44.91510849333992], [-0.984459424612035, 44.914990542558016], [-0.984075311556146, 44.9148451382492], [-0.983713108151957, 44.914673680947345], [-0.983376302887088, 44.91447782211442], [-0.983068139519391, 44.91425944822718], [-0.982909036702637, 44.91412207390742], [-0.982791469741655, 44.914166871402664], [-0.98238960629188, 44.914285600553], [-0.981973298530988, 44.914375767930366], [-0.981546556313867, 44.91443650503191], [-0.981113490050235, 44.91446722682826], [-0.980678271094203, 44.9144676374015], [-0.980245091545365, 44.9144377327969], [-0.979818123849561, 44.914377801061086], [-0.979401480589418, 44.91428841946603], [-0.978999174852943, 44.91417044894597], [-0.978615081562775, 44.91402502580066], [-0.97825290013941, 44.91385355074542], [-0.977916118858685, 44.91365767541325], [-0.977607981247372, 44.91343928643972], [-0.977331454840908, 44.91320048728414], [-0.977089202604335, 44.91294357796223], [-0.976883557291703, 44.91267103288617], [-0.97671649899066, 44.91238547702566], [-0.976589636068074, 44.91208966061988], [-0.97650418969965, 44.9117864326842], [-0.976460982131769, 44.91147871356726], [-0.976460428787745, 44.911169466822564], [-0.976502534293554, 44.91086167066597], [-0.976586892460305, 44.910558289293796], [-0.976712690222568, 44.9102622443379], [-0.976878715493623, 44.90997638673241], [-0.977083368861012, 44.9097034692632], [-0.9773246790089, 44.90944612006376]]]}}, {"type": "Feature", "properties": {"nb_detections_cluster": 1, "frp_max": 8.66, "frp_moyen": 8.66, "derniere_detection": "2026-07-25T03:30:00", "fetch_timestamp": "2026-07-25T03:30:00"}, "geometry": {"type": "Polygon", "coordinates": [[[-0.978414199044418, 44.91642615104374], [-0.978689871398902, 44.9161868450809], [-0.978997225921668, 44.91596788966662], [-0.979333302618837, 44.915771393207216], [-0.979694865023481, 44.91559924782169], [-0.980078431359374, 44.91545311112924], [-0.980480308062127, 44.91533439029449], [-0.980896625335265, 44.91524422848388], [-0.981323374399446, 44.9151834938632], [-0.981756446076761, 44.91515277124222], [-0.982191670339439, 44.91515235644634], [-0.982624856443012, 44.915182253469595], [-0.983051833258454, 44.91524217443619], [-0.983468489415935, 44.915331542371064], [-0.983870812874561, 44.915449496752686], [-0.984254929538028, 44.91559490179508], [-0.984617140545122, 44.915766357379034], [-0.984953957876708, 44.91596221252798], [-0.985262137936848, 44.91618058129882], [-0.985538712785052, 44.916419360934974], [-0.985781018719095, 44.91667625210731], [-0.98598672193312, 44.9169487810484], [-0.986153841003716, 44.9172343233672], [-0.986280765987073, 44.91753012931522], [-0.986366273942653, 44.917833350261205], [-0.986409540733206, 44.91814106611955], [-0.986410148986595, 44.91845031346861], [-0.986368092141807, 44.91875811408806], [-0.98628377453916, 44.91906150364077], [-0.986158007552805, 44.91935756022291], [-0.985992001801751, 44.91964343250723], [-0.985787355513459, 44.919916367208145], [-0.985546039151206, 44.92017373560443], [-0.985270376452528, 44.92041305886328], [-0.984963022060776, 44.920632031921826], [-0.984626935964795, 44.92082854569569], [-0.984265354992705, 44.9210007074005], [-0.983881761634265, 44.921146858789925], [-0.98347985049233, 44.921265592134525], [-0.98306349268685, 44.92135576378712], [-0.982636698554803, 44.921416505203695], [-0.982203579006032, 44.92144723131334], [-0.98176830590798, 44.921447646156544], [-0.981335071881833, 44.9214177457375], [-0.980908049898251, 44.92135781806247], [-0.980491353062853, 44.92126844036433], [-0.980088994979762, 44.92115047353977], [-0.979704851075881, 44.921005053853015], [-0.979342621259257, 44.92083358198602], [-0.979005794271865, 44.92063770954105], [-0.978697614080711, 44.92041932312595], [-0.97842104863132, 44.92018052617532], [-0.978178761264724, 44.91992361868372], [-0.977973085073245, 44.91965107504565], [-0.977806000441831, 44.91936552021701], [-0.977679115990816, 44.919069704427], [-0.977593653103101, 44.91876647668511], [-0.977550434184004, 44.9184587573381], [-0.977549874765988, 44.91814950994172], [-0.97759197953335, 44.917841712718065], [-0.977676342304138, 44.917538329873786], [-0.977802149968409, 44.91724228305491], [-0.977968190343929, 44.916956423213506], [-0.978172863872635, 44.91668350315695], [-0.978414199044418, 44.91642615104374]]]}}, {"type": "Feature", "properties": {"nb_detections_cluster": 1, "frp_max": 13.9, "frp_moyen": 13.9, "derniere_detection": "2026-07-25T03:30:00", "fetch_timestamp": "2026-07-25T03:30:00"}, "geometry": {"type": "Polygon", "coordinates": [[[-0.948514819230058, 44.92238518844113], [-0.948790648390513, 44.922145956231425], [-0.949098152235366, 44.921927083129354], [-0.949434369333214, 44.92173067674846], [-0.949796061865549, 44.92155862834032], [-0.950179746803494, 44.921412594590244], [-0.950581729440977, 44.92129398167156], [-0.950998138961803, 44.92120393171152], [-0.951424965698654, 44.92114331179896], [-0.951858099725931, 44.92111270563908], [-0.952293370415653, 44.9211124079359], [-0.952726586576382, 44.92114242155598], [-0.953153576789672, 44.921202457500826], [-0.953570229556599, 44.92129193768824], [-0.95397253286875, 44.92141000051581], [-0.954356612823576, 44.92155550915329], [-0.954718770913025, 44.9217270624839], [-0.955055519627156, 44.921923008589836], [-0.955363616030361, 44.92214146065201], [-0.955640092987281, 44.92238031511174], [-0.955882287737887, 44.92263727191925], [-0.956087867546525, 44.92290985667499], [-0.956254852177726, 44.92319544445022], [-0.956381632981917, 44.92349128505858], [-0.956466988406664, 44.92379452953485], [-0.956510095783331, 44.92410225756666], [-0.956510539274773, 44.924411505614906], [-0.956468313906571, 44.92471929545234], [-0.956383825641971, 44.92502266284549], [-0.956257887498759, 44.92531868610378], [-0.956091711744448, 44.92560451422069], [-0.955886898243993, 44.925877394335856], [-0.955645419071372, 44.92613469825366], [-0.955369599532511, 44.92637394776216], [-0.955062095781707, 44.9265928385087], [-0.954725869246752, 44.92678926220164], [-0.954364158108816, 44.926961326924136], [-0.953980446111781, 44.927107375363924], [-0.953578429001577, 44.92722600078315], [-0.953161978919173, 44.92731606057416], [-0.952735107090646, 44.92737668727034], [-0.95230192517444, 44.927407296905805], [-0.951866605638881, 44.92740759464295], [-0.951433341552526, 44.927377577613925], [-0.951006306175576, 44.927317534948244], [-0.95058961274257, 44.92722804498636], [-0.950187274824692, 44.92710996970629], [-0.949803167654375, 44.92696444641685], [-0.949440990785541, 44.92679287679787], [-0.949104232449817, 44.92659691339317], [-0.948796135952563, 44.926378443686524], [-0.948519668432751, 44.92613957191473], [-0.948277492287747, 44.92588259879286], [-0.9480719395382, 44.92560999934742], [-0.94790498937972, 44.92532439907167], [-0.947778249137105, 44.92502854863232], [-0.947692938804035, 44.92472529737241], [-0.947649879316297, 44.924417565865014], [-0.947649484670691, 44.92410831778281], [-0.947691757964518, 44.923800531354324], [-0.947776291392778, 44.923497170682005], [-0.94790227020207, 44.9232011571982], [-0.948068480562108, 44.9229153415338], [-0.948273321278055, 44.92264247607058], [-0.948514819230058, 44.92238518844113]]]}}, {"type": "Feature", "properties": {"nb_detections_cluster": 1, "frp_max": 10.86, "frp_moyen": 10.86, "derniere_detection": "2026-07-25T03:30:00", "fetch_timestamp": "2026-07-25T03:30:00"}, "geometry": {"type": "Polygon", "coordinates": [[[-0.964559725727468, 44.92774641941136], [-0.964867198738231, 44.92752750231496], [-0.965203394183837, 44.927331047903216], [-0.965565074454051, 44.92715894789019], [-0.965948756637881, 44.92701285945816], [-0.966350746055628, 44.926894189307], [-0.966767171825692, 44.926804080115105], [-0.967194024124229, 44.92674339954161], [-0.967627192779489, 44.926712731875845], [-0.968062506830087, 44.92671237241408], [-0.968495774667136, 44.926742324617514], [-0.968922824374709, 44.92680230007903], [-0.969339543881156, 44.92689172129885], [-0.969741920535602, 44.927009727242364], [-0.970126079729465, 44.92715518162705], [-0.970488322191895, 44.92732668385861], [-0.9708251596007, 44.927522582511244], [-0.9711333481664, 44.927740991222926], [-0.971409919866341, 44.92797980685239], [-0.971652211028316, 44.928236729723906], [-0.971857887988387, 44.928509285764726], [-0.972024969575613, 44.92879485032275], [-0.972151846206786, 44.929090673435276], [-0.972237295406644, 44.929393906305684], [-0.972280493603425, 44.929701628733405], [-0.972281024085253, 44.93001087723346], [-0.972238881039805, 44.930318673574334], [-0.972154469637324, 44.93062205346004], [-0.972028602155132, 44.93091809507976], [-0.971862490179964, 44.93120394725024], [-0.971657732962253, 44.93147685687955], [-0.971416302033633, 44.93173419548786], [-0.971140522235094, 44.9319734845292], [-0.970833049337915, 44.93219241927019], [-0.970496844472464, 44.93238889099549], [-0.970135145610979, 44.932561007325695], [-0.969751436378901, 44.93270711045148], [-0.969349412495381, 44.93282579310825], [-0.968932946166515, 44.93291591213707], [-0.968506048774804, 44.932976599500755], [-0.968072832224899, 44.933007270649014], [-0.967637469318754, 44.93300763015182], [-0.967204153542743, 44.93297767454633], [-0.966777058655063, 44.9329176923704], [-0.966360298463607, 44.93282826138189], [-0.965957887182755, 44.93271024299077], [-0.965573700751763, 44.932564773957914], [-0.965211439488188, 44.932393255440594], [-0.964874592436737, 44.93219733949041], [-0.964566403757454, 44.93197891313413], [-0.964289841477356, 44.931740080191084], [-0.964047568906653, 44.9314831410024], [-0.963841918994831, 44.93121057026785], [-0.963674871873378, 44.930924993204194], [-0.963548035801007, 44.93062916025476], [-0.963462631694322, 44.93032592059417], [-0.963419481392185, 44.93001819468392], [-0.963418999765906, 44.92970894614284], [-0.963461190750315, 44.929401153204005], [-0.963545647332904, 44.92909778003269], [-0.963671555500105, 44.92880174818168], [-0.963837702101676, 44.92851590845882], [-0.964042486556517, 44.92824301347766], [-0.964283936286284, 44.92798569115514], [-0.964559725727468, 44.92774641941136]]]}}, {"type": "Feature", "properties": {"nb_detections_cluster": 1, "frp_max": 10.04, "frp_moyen": 10.04, "derniere_detection": "2026-07-25T03:30:00", "fetch_timestamp": "2026-07-25T03:30:00"}, "geometry": {"type": "Polygon", "coordinates": [[[-0.983718152954199, 44.942246977461494], [-0.984025630670706, 44.94202800642764], [-0.984361845921391, 44.941831493223965], [-0.984723560905018, 44.9416593301307], [-0.985107292376109, 44.94151317493755], [-0.985509345180219, 44.94139443498733], [-0.985925847825319, 44.94130425363049], [-0.986352789747325, 44.94124349922105], [-0.986786059911571, 44.941212756759334], [-0.987221486379371, 44.94121232226176], [-0.987654876459564, 44.941242199912125], [-0.988082057059377, 44.94130210202109], [-0.988498914847064, 44.94139145179523], [-0.988901435840517, 44.941509388887944], [-0.989285744041586, 44.9416547776796], [-0.989648138744889, 44.94182621820758], [-0.989985130162528, 44.94202205964032], [-0.990293473022239, 44.94224041616676], [-0.990570197815774, 44.942479185148294], [-0.990812639396816, 44.942736067358396], [-0.991018462652987, 44.94300858911599], [-0.991185685004519, 44.94329412609922], [-0.99131269551255, 44.943589928611026], [-0.991398270412402, 44.943893148053256], [-0.991441584921546, 44.94420086435486], [-0.991442221207669, 44.944510114089915], [-0.991400172439129, 44.94481791901516], [-0.991315842877808, 44.94512131475204], [-0.991190044012389, 44.94541737933722], [-0.991023986768297, 44.94570326136633], [-0.990819269868374, 44.945976207460006], [-0.990577864455486, 44.94623358878732], [-0.990302095124438, 44.94647292639089], [-0.989994617545296, 44.946691915069714], [-0.989658392893173, 44.946888445589], [-0.989296659330599, 44.94706062500306], [-0.988912900817026, 44.947206794895], [-0.988510813546135, 44.947325547357174], [-0.988094270334486, 44.94741573855827], [-0.987667283305117, 44.94747649976595], [-0.987233965226143, 44.947507245718676], [-0.986798489877587, 44.9475076802658], [-0.986365051829069, 44.94747779922174], [-0.985937826016758, 44.94741789040613], [-0.985520927509893, 44.94732853087018], [-0.985118371855397, 44.94721058133569], [-0.984734036383419, 44.947065177900306], [-0.984371622847354, 44.94689372108948], [-0.984034621758828, 44.94669786236049], [-0.983726278761755, 44.946479488189084], [-0.983449563369658, 44.94624070189194], [-0.983207140367564, 44.94598380336104], [-0.983001344153873, 44.945711266904645], [-0.982834156269125, 44.94542571740947], [-0.982707186327641, 44.94512990505341], [-0.982621656535152, 44.94482667881293], [-0.982578389940735, 44.944518959020336], [-0.982577802535369, 44.94420970923569], [-0.982619899272231, 44.94390190770417], [-0.98270427404605, 44.94359851867392], [-0.982830113630648, 44.94330246385053], [-0.982996205535785, 44.943016594263234], [-0.983200949706615, 44.942743662813264], [-0.983442373952265, 44.942486297768816], [-0.983718152954199, 44.942246977461494]]]}}]}