{"type": "FeatureCollection", "name": "zone_active", "crs": {"type": "name", "properties": {"name": "urn:ogc:def:crs:OGC:1.3:CRS84"}}, "features": [{"type": "Feature", "properties": {"nb_detections_cluster": 1, "frp_max": 3.62, "frp_moyen": 3.62, "derniere_detection": "2026-07-25T02:11:00", "fetch_timestamp": "2026-07-25T02:11:00"}, "geometry": {"type": "Polygon", "coordinates": [[[-1.1550475809856, 44.77040191180659], [-1.155321785576631, 44.77016217968463], [-1.155627653921513, 44.76994274674399], [-1.15596224033595, 44.76974572598988], [-1.15632232270148, 44.76957301459034], [-1.156704433491181, 44.7694262756153], [-1.157104893153738, 44.76930692202903], [-1.157519845534755, 44.769216103091], [-1.157945294994769, 44.769154693294574], [-1.158377144867196, 44.76912328395082], [-1.158811236886714, 44.76912217749754], [-1.159243391209313, 44.76915138458869], [-1.159669446639599, 44.769210623991746], [-1.160085300678998, 44.76929932529441], [-1.16048694901014, 44.769416634394226], [-1.160870524038184, 44.76956142171877], [-1.16123233211872, 44.769732293097086], [-1.161568889114494, 44.76992760317837], [-1.161876953939089, 44.77014547126851], [-1.162153559764918, 44.7703837994327], [-1.162396042595197, 44.77064029268991], [-1.162602066924742, 44.77091248110523], [-1.162769648242255, 44.7711977435676], [-1.162897172157027, 44.77149333302449], [-1.162983409965264, 44.77179640293049], [-1.16302753050541, 44.77210403465563], [-1.163029108187458, 44.77241326558956], [-1.162988127117925, 44.7727211176712], [-1.162904981279812, 44.77302462606897], [-1.162780470764724, 44.77332086773558], [-1.162615794092481, 44.77360698956221], [-1.162412536691173, 44.773880235860986], [-1.162172655647774, 44.774137974910474], [-1.161898460875437, 44.77437772430876], [-1.161592592878233, 44.77459717488929], [-1.161257997327098, 44.77479421296899], [-1.160897896691613, 44.77496694071396], [-1.160515759200803, 44.7751136944262], [-1.160115265432094, 44.77523306057502], [-1.159700272850558, 44.77532388941823], [-1.159274778640544, 44.77538530608178], [-1.158842881188354, 44.775416718990705], [-1.158408740587773, 44.77541782557023], [-1.157976538549755, 44.77538861516154], [-1.157550438103366, 44.77532936912461], [-1.15713454347713, 44.77524065812671], [-1.156732860548142, 44.77512333664286], [-1.156349258240823, 44.77497853472144], [-1.155987431247907, 44.774807647094285], [-1.15565086443344, 44.77461231973668], [-1.155342799261166, 44.774394434006645], [-1.155066202572035, 44.77415608851686], [-1.154823738011712, 44.7738995789142], [-1.154617740383276, 44.77362737576172], [-1.154450193171916, 44.77334210073679], [-1.154322709457662, 44.77304650137473], [-1.154236516399425, 44.77274342460161], [-1.154192443439041, 44.77243578931127], [-1.154190914338056, 44.772126558251095], [-1.154231943123009, 44.77181870948701], [-1.154315133977224, 44.771515207723105], [-1.154439685079148, 44.77121897575173], [-1.154604396349237, 44.7709328663091], [-1.154807681029821, 44.77065963460726], [-1.1550475809856, 44.77040191180659]]]}}, {"type": "Feature", "properties": {"nb_detections_cluster": 11, "frp_max": 3.98, "frp_moyen": 2.16, "derniere_detection": "2026-07-25T02:11:00", "fetch_timestamp": "2026-07-25T02:11:00"}, "geometry": {"type": "Polygon", "coordinates": [[[-1.175471042277181, 44.769962777610345], [-1.175776830923768, 44.76974328909322], [-1.176111345565689, 44.769546207540145], [-1.176471364775338, 44.76937343070471], [-1.176853421633686, 44.76922662228691], [-1.177253837108504, 44.769107195919815], [-1.177668755470694, 44.769016301563624], [-1.178094181408206, 44.76895481443799], [-1.178526018480848, 44.768923326598554], [-1.178960108546487, 44.76892214123892], [-1.179392271779925, 44.76895126977284], [-1.179818346900016, 44.76901043172425], [-1.180234231218687, 44.7690990574266], [-1.180635920127157, 44.7692162935054], [-1.181019545640047, 44.769361011091355], [-1.181381413627046, 44.769531816685074], [-1.181718039374296, 44.76972706556925], [-1.18194818552668, 44.76988974615994], [-1.18202356551055, 44.7698672599549], [-1.182438481770966, 44.76977634772085], [-1.182863908242156, 44.76971484227287], [-1.183295748478774, 44.769683335843055], [-1.183729844308218, 44.769682131804025], [-1.184162015849799, 44.769711241749405], [-1.184588101742394, 44.769770385382074], [-1.185003999194234, 44.76985899321189], [-1.18540570347012, 44.769976212036504], [-1.18578934643675, 44.770120913152695], [-1.186151233795805, 44.77029170321973], [-1.186487880646946, 44.77048693766978], [-1.186796045038836, 44.7707047365371], [-1.187072759185439, 44.77094300255348], [-1.187315358047217, 44.77119944133648], [-1.187521505001941, 44.77147158347584], [-1.187689214357726, 44.77175680830629], [-1.187816870491094, 44.77205236913781], [-1.187903243425144, 44.77235541970079], [-1.187947500697149, 44.77266304155169], [-1.187949215400373, 44.77297227217543], [-1.187908370321734, 44.77328013351408], [-1.187825358134467, 44.77358366064705], [-1.187700977642873, 44.77387993034675], [-1.187536426114317, 44.77416608923457], [-1.187333287771367, 44.774439381265786], [-1.187093518554029, 44.77469717427864], [-1.186819427298096, 44.77493698535161], [-1.186678637949187, 44.775038060352976], [-1.186797133070304, 44.77531240770115], [-1.186883505516237, 44.77561545940051], [-1.18692775977608, 44.77592308200542], [-1.18692946897202, 44.776232312993535], [-1.186888615943936, 44.77654017430342], [-1.186805593441542, 44.77684370101475], [-1.186681200368413, 44.777139969904006], [-1.186516634113019, 44.77742612760033], [-1.186313479039715, 44.777699418070526], [-1.186073691249596, 44.777957209167816], [-1.185799579757307, 44.778197017989136], [-1.185658868794202, 44.77829802836529], [-1.185777395678961, 44.778572446267155], [-1.1858637676367, 44.77887549910188], [-1.18590801888402, 44.77918312245978], [-1.185909722572039, 44.77949235381127], [-1.185868861593597, 44.77980021509137], [-1.185785828774901, 44.780103741380074], [-1.185661423118804, 44.780400009457864], [-1.185496842134905, 44.78068616596178], [-1.185293670329354, 44.78095945487002], [-1.185053863964356, 44.78121724405091], [-1.184779732233428, 44.78145705061979], [-1.18463476276313, 44.78156110938393], [-1.184747657692921, 44.78182248522523], [-1.184834029093139, 44.78212553920108], [-1.184878277265003, 44.7824331633139], [-1.184879975389168, 44.78274239502683], [-1.184839106411975, 44.78305025627138], [-1.184756063236587, 44.78335378212789], [-1.18463164496553, 44.78365004938106], [-1.184467049229835, 44.78393620467577], [-1.184263860677671, 44.78420949200189], [-1.184024035732498, 44.784467279243], [-1.18374988376675, 44.78470708353309], [-1.18360932987807, 44.784807964461514], [-1.183727920360399, 44.78508252379654], [-1.183814291272265, 44.785385578905775], [-1.183858536430885, 44.785693203769576], [-1.183860229045849, 44.786002435843834], [-1.183819352116472, 44.78631029705658], [-1.183736298622427, 44.78661382248845], [-1.183611867765545, 44.786910088928195], [-1.183447257298006, 44.78719624302859], [-1.183244052009812, 44.78746952879098], [-1.183004208485567, 44.78772731411396], [-1.18273003627662, 44.78796711615005], [-1.182424175669315, 44.78818662522575], [-1.182089572263046, 44.78838372709466], [-1.181729448602745, 44.78855652330853], [-1.181347273138964, 44.78870334950991], [-1.180946726814705, 44.78882279146988], [-1.180531667601157, 44.78891369871612], [-1.180106093324439, 44.78897519561936], [-1.179674103142109, 44.78900668983179], [-1.179239858041251, 44.78900787799545], [-1.178807540739547, 44.78897874866574], [-1.178381315376522, 44.78891958242164], [-1.177965287384162, 44.78883094916186], [-1.177563463924441, 44.78871370261266], [-1.177179715275662, 44.78856897210064], [-1.176817737540409, 44.7883981516699], [-1.176481017034927, 44.78820288664847], [-1.176172796703519, 44.78798505779409], [-1.175896044881776, 44.78774676317166], [-1.175653426709671, 44.78749029793821], [-1.175447278469866, 44.78721813222955], [-1.175279585098141, 44.78693288736253], [-1.175151961082156, 44.78663731058212], [-1.175065634931931, 44.786334248597036], [-1.175021437370884, 44.78602662015885], [-1.175019793360278, 44.785717387949056], [-1.175060718032956, 44.78540953004479], [-1.175143816574501, 44.785106011238284], [-1.175268288051927, 44.78480975448619], [-1.175432933152035, 44.78452361276346], [-1.175636165753907, 44.78425034159305], [-1.175876028223294, 44.78399257251561], [-1.176150210280795, 44.78375278775435], [-1.17629077491247, 44.78365191631854], [-1.176172223757753, 44.78337734916491], [-1.1760858971135, 44.783074288312825], [-1.176041696533435, 44.78276666062517], [-1.176040047007983, 44.78245742877625], [-1.176080963723177, 44.782149570839714], [-1.176164051941314, 44.78184605160812], [-1.176221855332447, 44.78170845884732], [-1.176077471215897, 44.78169872530246], [-1.175651303900716, 44.78163954871208], [-1.175235334066509, 44.781550905430834], [-1.174833568314974, 44.78143364928147], [-1.174449876368494, 44.781288909683084], [-1.174087953783431, 44.781118080767286], [-1.173751286344793, 44.78092280794385], [-1.173518562915804, 44.78075830306546], [-1.173436115757451, 44.78078288533553], [-1.173021103742609, 44.78087376421742], [-1.172595582095949, 44.780935232125536], [-1.17216364946804, 44.78096669699133], [-1.171729466291515, 44.78096785573951], [-1.171297214687494, 44.78093869720879], [-1.17087105816257, 44.78087950225948], [-1.170455101485552, 44.78079084106671], [-1.170053351131363, 44.78067356762584], [-1.169669676674027, 44.78052881152248], [-1.169307773501398, 44.780357967047166], [-1.168971127211444, 44.78016267975957], [-1.168738587441684, 44.77999828262231], [-1.168655843574384, 44.780022949492746], [-1.168240829443633, 44.78011381045681], [-1.16781530832314, 44.78017526000174], [-1.167383378858422, 44.78020670623585], [-1.166949201451645, 44.7802078462633], [-1.166516958168346, 44.78017866910315], [-1.166090812434952, 44.780119455795145], [-1.165674868916292, 44.78003077669124], [-1.165273133960508, 44.77991348595932], [-1.164889476993251, 44.779768713351515], [-1.164527593233859, 44.779597853317355], [-1.164190968093253, 44.779402551566356], [-1.163882843597063, 44.77918468920994], [-1.163606187157713, 44.77894636463569], [-1.163363662996421, 44.77868987328903], [-1.163157606490352, 44.77841768555725], [-1.162990001691779, 44.77813242296926], [-1.162862462235351, 44.77783683294059], [-1.162776215816797, 44.777533762307506], [-1.162732092391787, 44.77722612990479], [-1.162730516207786, 44.77691689845202], [-1.162771501744647, 44.776609046019004], [-1.162854653602054, 44.77630553734519], [-1.162979170333846, 44.77600929528953], [-1.163143852191298, 44.775723172685424], [-1.163347112699814, 44.77544992487164], [-1.163586993956685, 44.775192183163846], [-1.163861185501867, 44.77495242952164], [-1.164167046579425, 44.77473297265488], [-1.164501631574899, 44.77453592579921], [-1.164861718383366, 44.77436318637406], [-1.165243839435021, 44.77421641771916], [-1.165644315079657, 44.77409703308468], [-1.166059289008944, 44.77400618202899], [-1.166484765375907, 44.77394473935476], [-1.166916647254883, 44.77391329668962], [-1.167350776072397, 44.773912156792214], [-1.167782971630173, 44.77394133063852], [-1.168209072335845, 44.77400053731617], [-1.1685797841395, 44.774079572189606], [-1.16865476672532, 44.77380576272469], [-1.16877924737393, 44.773509514411224], [-1.168943892406869, 44.77322338343917], [-1.169147115704154, 44.77295012522797], [-1.16938695972139, 44.77269237119342], [-1.1696611143571, 44.77245260341382], [-1.16996693921072, 44.772233130735245], [-1.170301489016544, 44.77203606654559], [-1.170661542008431, 44.77186330843119], [-1.171043630942129, 44.77171651991179], [-1.171444076476628, 44.7715971144288], [-1.171859022593455, 44.77150624174141], [-1.172284473713375, 44.77144477686052], [-1.172716333153772, 44.771413311627605], [-1.173150442557185, 44.77141214901866], [-1.173582621912243, 44.771441300228325], [-1.17400870978258, 44.77150048456216], [-1.174392012755384, 44.77158218552857], [-1.174464878964193, 44.77131598849411], [-1.174589323501613, 44.77101973391272], [-1.174753931690819, 44.77073359455898], [-1.174957117766621, 44.77046032593309], [-1.175196924543042, 44.770202559551116], [-1.175471042277181, 44.769962777610345]]]}}, {"type": "Feature", "properties": {"nb_detections_cluster": 14, "frp_max": 14.95, "frp_moyen": 5.37, "derniere_detection": "2026-07-25T02:11:00", "fetch_timestamp": "2026-07-25T02:11:00"}, "geometry": {"type": "Polygon", "coordinates": [[[-1.119971735730007, 44.776895726046156], [-1.120397284233776, 44.776834460210694], [-1.12082921399545, 44.77680319707217], [-1.121263365980651, 44.7768022376605], [-1.121695559768063, 44.77683159121387], [-1.12212163378229, 44.77689097508945], [-1.122537485345706, 44.77697981748382], [-1.122939110164582, 44.777097262935946], [-1.123322640870179, 44.7772421805604], [-1.123684384244496, 44.77741317493155], [-1.124020856772896, 44.777608599514174], [-1.124328818181818, 44.777826572511515], [-1.124605302638957, 44.77806499497845], [-1.124847647315686, 44.7783215710257], [-1.12505351803663, 44.778593829920965], [-1.125220931769163, 44.778879149874335], [-1.125348275735905, 44.779174783279394], [-1.125434322965523, 44.779477883167296], [-1.125478244131411, 44.77978553061911], [-1.125479615563317, 44.78009476287282], [-1.125438423353866, 44.78040260185436], [-1.125355063519387, 44.780706082858096], [-1.125230338212467, 44.781002283100314], [-1.125065448021688, 44.78128834987095], [-1.124861980431774, 44.78156152801215], [-1.124621894554376, 44.78181918645875], [-1.124347502275844, 44.782058843585], [-1.124201620494872, 44.78216339594283], [-1.124318538523258, 44.78243482224559], [-1.124404585191028, 44.78273792327252], [-1.124448503269724, 44.78304557147709], [-1.124449869118745, 44.783354804090024], [-1.124408668884403, 44.78366264303381], [-1.124325298660232, 44.783966123603165], [-1.124200560698809, 44.78426232301853], [-1.12403565571053, 44.784548388577825], [-1.123832171322581, 44.784821565134834], [-1.123592066808356, 44.78507922163968], [-1.123317654233676, 44.78531887648526], [-1.123182783509449, 44.78541552930651], [-1.12329880043954, 44.78568486083032], [-1.123384846583968, 44.785987962986475], [-1.123428761622001, 44.786295611937774], [-1.123430121942236, 44.78660484490774], [-1.123388913744149, 44.78691268381541], [-1.123305533197895, 44.78721616395586], [-1.123180782655388, 44.78751236255363], [-1.123015862948131, 44.78779842691454], [-1.122812361845016, 44.788071601903894], [-1.122572238780385, 44.78832925648687], [-1.122297805998691, 44.78856890907492], [-1.122152081583027, 44.78867333137209], [-1.122269063285731, 44.78894489980183], [-1.122355108868141, 44.789248003095], [-1.12239902081825, 44.789555652797034], [-1.12240037555431, 44.78986488612419], [-1.122359159329495, 44.79017272499211], [-1.122275768391184, 44.79047620469615], [-1.122151005191306, 44.790772402465116], [-1.121986070683201, 44.79105846561278], [-1.121782552778259, 44.79133163901615], [-1.121542411072599, 44.791589291655654], [-1.121267957990186, 44.791828941961455], [-1.12112231252598, 44.79193329902743], [-1.121239326161394, 44.79220493877594], [-1.121325371181704, 44.792508043205174], [-1.12136928004352, 44.7928156936569], [-1.121370629194757, 44.793124927340244], [-1.121329404942291, 44.793432766167335], [-1.121246003610739, 44.79373624543399], [-1.121121227752049, 44.79403244237317], [-1.12095627844142, 44.79431850430667], [-1.120752743732749, 44.79459167612313], [-1.120512583383958, 44.79484932681832], [-1.120238109998537, 44.795088974841086], [-1.119931966764376, 44.795308312001126], [-1.119597102003829, 44.79550522570767], [-1.119236740779931, 44.795677819324624], [-1.118854353832198, 44.795824430445805], [-1.118453624141358, 44.7959436469139], [-1.118038411445434, 44.79603432042841], [-1.117612715049436, 44.796095577611425], [-1.117180635287589, 44.79612682842408], [-1.116746334010078, 44.79612777185293], [-1.116313994475777, 44.796098398810656], [-1.115887781038289, 44.79603899222377], [-1.115471799014501, 44.79595012430598], [-1.115070055123221, 44.79583265104375], [-1.114686418875815, 44.79568770394735], [-1.114324585291558, 44.79551667914692], [-1.113988039297494, 44.795321223938885], [-1.113680022156235, 44.79510322091258], [-1.113403500245432, 44.79486476981036], [-1.113161136489769, 44.79460816729616], [-1.112955264720646, 44.7943358848277], [-1.112787867210257, 44.79405054484609], [-1.112660555596039, 44.793754895512016], [-1.112574555378648, 44.79345178423261], [-1.112530694141993, 44.793144130233806], [-1.112529393607954, 44.79283489644283], [-1.112570665601321, 44.79252706095167], [-1.112654111962824, 44.79222358833635], [-1.112711088866978, 44.7920883835484], [-1.112563831971311, 44.792078373031146], [-1.112137652969023, 44.79201895211267], [-1.111721706613871, 44.7919300702497], [-1.111319999281039, 44.79181258356303], [-1.110936400129696, 44.79166762369221], [-1.110574603821749, 44.79149658689044], [-1.110238094925153, 44.79130112056973], [-1.109998300110977, 44.791131374951235], [-1.109923046448772, 44.79115375772292], [-1.109507855369556, 44.791244399149925], [-1.10908218594655, 44.791305623487226], [-1.108650138254162, 44.791336841012395], [-1.108215873833642, 44.79133775103254], [-1.107783575588797, 44.791308344782216], [-1.107357407475442, 44.79124890550775], [-1.106941474373801, 44.79116000573772], [-1.106539782531351, 44.79104250176537], [-1.106156200958008, 44.790897525396765], [-1.105794424146315, 44.790726473044], [-1.105457936476378, 44.790530992268856], [-1.105149978648946, 44.7903129659069], [-1.104873516470291, 44.79007449392524], [-1.104631212289721, 44.78981787318884], [-1.104425399364795, 44.789545575330905], [-1.104258059400949, 44.789260222940726], [-1.104130803481391, 44.78896456429847], [-1.104044856570418, 44.788661446900804], [-1.104001045738626, 44.7883537900326], [-1.103999792222548, 44.78804455664864], [-1.104041107394291, 44.787736724836954], [-1.104124592678895, 44.78743325913803], [-1.10424944341925, 44.78713708199661], [-1.10441445665029, 44.786851045620594], [-1.104618042706638, 44.786577904518076], [-1.104858240551094, 44.7863202889768], [-1.105132736675552, 44.78608067974116], [-1.105278113577456, 44.785976546652805], [-1.105161066322676, 44.785704603281935], [-1.105075118840759, 44.7854014870209], [-1.10503130491218, 44.785093830902966], [-1.105030045803386, 44.78478459787569], [-1.105071352940417, 44.7844767660237], [-1.105154827825777, 44.78417329988788], [-1.10521140645483, 44.78403906765681], [-1.105053506595244, 44.78402832133857], [-1.104627396537936, 44.78396887172006], [-1.104211521597462, 44.78387996193149], [-1.103809887461, 44.78376244836267], [-1.103426362582561, 44.78361746291212], [-1.103064640908545, 44.783446402079335], [-1.102728206287937, 44.783250913507786], [-1.102420298910506, 44.783032880108145], [-1.102143884096614, 44.78279440191529], [-1.101901623739408, 44.78253777585397], [-1.10169585067443, 44.7822654736087], [-1.101528546223298, 44.781980117810996], [-1.101401321127308, 44.78168445677382], [-1.101315400054035, 44.78138133801691], [-1.101271609825386, 44.78107368083816], [-1.101270371479649, 44.78076444819538], [-1.101311696243007, 44.7804566181694], [-1.101395185448319, 44.78015315528355], [-1.101520034400902, 44.77985698195542], [-1.101685040153082, 44.77957095035617], [-1.101888613111675, 44.77929781494791], [-1.102128792365758, 44.779040205963526], [-1.102403264586374, 44.77880060408425], [-1.102709386315581, 44.77858131655836], [-1.103044209429788, 44.77838445499057], [-1.103404509531944, 44.778211915016016], [-1.103786816999156, 44.77806535805375], [-1.104187450386897, 44.77794619531542], [-1.104602551868524, 44.777855574222706], [-1.105028124369355, 44.777794367363924], [-1.105460070038417, 44.77776316409605], [-1.105894229688215, 44.77776226487258], [-1.106326422823642, 44.777791678352095], [-1.106752487875553, 44.777851121314754], [-1.1071313918735, 44.777932126219675], [-1.107205297411716, 44.777663381004814], [-1.107330110240555, 44.777367201388756], [-1.107495079139219, 44.77708116138846], [-1.107698614869418, 44.77680801554696], [-1.107938756878707, 44.77655039419768], [-1.108213192196748, 44.776310778140925], [-1.108519277720898, 44.776091474761486], [-1.108854065676141, 44.775894595816844], [-1.109214332003914, 44.7757220371094], [-1.109596607406468, 44.77557546023861], [-1.109997210747959, 44.77545627660786], [-1.110412284490986, 44.77536563384002], [-1.110837831827899, 44.77530440473207], [-1.11126975514997, 44.77527317885526], [-1.111703895484832, 44.775272256880776], [-1.112136072523335, 44.77530164768626], [-1.112562124851312, 44.77536106827022], [-1.112977949999889, 44.77544994647576], [-1.113379543929601, 44.77556742649701], [-1.113763039569043, 44.77571237711567], [-1.114124744037759, 44.775883402588384], [-1.114461174195623, 44.77607885608046], [-1.114701286140719, 44.776248851594474], [-1.114776938293375, 44.77622634061996], [-1.115192010015511, 44.77613567993195], [-1.115617557974456, 44.776074432460035], [-1.116049484555474, 44.77604318795225], [-1.11648363075482, 44.776042247259184], [-1.116915816206876, 44.776071619438724], [-1.117341879416489, 44.776131021668704], [-1.117757717810036, 44.776219881968984], [-1.11815932722056, 44.77633734470611], [-1.11854284042764, 44.77648227882821], [-1.118904564381712, 44.77665328875077], [-1.119241015755086, 44.776848727788824], [-1.119471366170372, 44.77701179038997], [-1.11955666610414, 44.77698640465364], [-1.119971735730007, 44.776895726046156]]]}}, {"type": "Feature", "properties": {"nb_detections_cluster": 2, "frp_max": 1.38, "frp_moyen": 1.38, "derniere_detection": "2026-07-25T02:11:00", "fetch_timestamp": "2026-07-25T02:11:00"}, "geometry": {"type": "Polygon", "coordinates": [[[-1.188506131684594, 44.77574298381278], [-1.188780219676559, 44.77550316850275], [-1.189085986502492, 44.775283642852195], [-1.18942048745519, 44.77508652075915], [-1.189780501238673, 44.77491370036763], [-1.190162560986004, 44.774766845797025], [-1.190562987637012, 44.77464737112484], [-1.190977925354892, 44.77455642677646], [-1.19140337864117, 44.77449488845287], [-1.191835250792305, 44.77446334870268], [-1.192269383328427, 44.77446211121943], [-1.192701596015461, 44.7744911879187], [-1.193127727096172, 44.774550298823506], [-1.193543673343775, 44.77463887475887], [-1.193945429553322, 44.774756062829546], [-1.194329127091555, 44.77490073462845], [-1.194691071134789, 44.775071497097166], [-1.195027776236973, 44.77526670593362], [-1.195261328532158, 44.77543172258969], [-1.195342715489469, 44.775407435329896], [-1.195757651085223, 44.775316473067186], [-1.196183104890315, 44.77525491638354], [-1.196614980196193, 44.77522335800436], [-1.197049118492607, 44.775222101802505], [-1.197481339490025, 44.77525115987384], [-1.197907481351213, 44.77531025242075], [-1.198323440745614, 44.77539881044503], [-1.198725212341731, 44.77551598122385], [-1.199108927358196, 44.77566063651671], [-1.199470890803081, 44.77583138342408], [-1.199807617043573, 44.776026577793786], [-1.20011586336403, 44.776244340046006], [-1.200392661189637, 44.776482573265255], [-1.200635344675185, 44.77673898338486], [-1.200841576383641, 44.77701110127071], [-1.201009369807018, 44.777296306491124], [-1.20113710851229, 44.77759185254502], [-1.201223561727363, 44.777894893305145], [-1.201267896216327, 44.77820251042248], [-1.201269684328713, 44.77851174142761], [-1.201228908144339, 44.778819608259], [-1.201145959672767, 44.779123145943245], [-1.201021637104466, 44.77941943115124], [-1.20085713714872, 44.77970561035509], [-1.200654043531164, 44.779978927314474], [-1.200414311760799, 44.78023674962758], [-1.200140250312509, 44.780476594090764], [-1.199834498405692, 44.78069615062197], [-1.19950000059259, 44.78089330451776], [-1.199139978400876, 44.78106615682882], [-1.198757899303547, 44.781213042657384], [-1.198357443315184, 44.78133254720031], [-1.197942467536639, 44.7814235193824], [-1.197516968990181, 44.78148508294899], [-1.197085046103753, 44.78151664491011], [-1.196650859216096, 44.781517901255306], [-1.196218590484078, 44.78148883988316], [-1.195792403579345, 44.78142974071815], [-1.195376403563453, 44.78134117301283], [-1.194974597328962, 44.78122398986204], [-1.194590854988371, 44.78107931998174], [-1.194228872583657, 44.780908556832046], [-1.193892136476253, 44.780713345189326], [-1.193658566264675, 44.78054832534821], [-1.193577171140305, 44.780572611414605], [-1.19316219323741, 44.7806635656806], [-1.192736695208682, 44.78072511088515], [-1.192304775477088, 44.78075665421519], [-1.191870594350989, 44.78075789183964], [-1.191438333931746, 44.7807288118375], [-1.191012157810915, 44.780669694312614], [-1.190596170946147, 44.78058110869442], [-1.190194380103287, 44.78046390825029], [-1.189810655246531, 44.78031922186274], [-1.1894486922494, 44.7801484431509], [-1.189111977286332, 44.779953217041005], [-1.188803753248429, 44.779735423915966], [-1.1885269885072, 44.77949716149665], [-1.188284348327299, 44.77924072462995], [-1.188078169203618, 44.77896858317852], [-1.18791043636967, 44.77868335822561], [-1.187782764693457, 44.7783877968245], [-1.18769638314429, 44.778084745535836], [-1.187652122979385, 44.777777123008285], [-1.187650409763162, 44.77746789186644], [-1.187691259295157, 44.777160030177264], [-1.187774277484761, 44.776856502769576], [-1.187898664172926, 44.77656023268285], [-1.188063220863067, 44.77627407302054], [-1.188266362285695, 44.77600077947847], [-1.188506131684594, 44.77574298381278]]]}}, {"type": "Feature", "properties": {"nb_detections_cluster": 8, "frp_max": 3.71, "frp_moyen": 1.8, "derniere_detection": "2026-07-25T02:11:00", "fetch_timestamp": "2026-07-25T02:11:00"}, "geometry": {"type": "Polygon", "coordinates": [[[-1.214803475039032, 44.803873811444674], [-1.215077587987029, 44.80363392882666], [-1.215383405110306, 44.80341432854623], [-1.215717981216792, 44.80321712522015], [-1.216078094286411, 44.80304421777469], [-1.216460276495876, 44.80289727116758], [-1.216860847605631, 44.80277770036255], [-1.217275950387815, 44.802686656710684], [-1.217701587754612, 44.80262501686915], [-1.218133661230147, 44.8025933743641], [-1.218568010396278, 44.80259203387847], [-1.219000452933357, 44.802621008319626], [-1.219426824871347, 44.80268001869528], [-1.219843020664698, 44.80276849679839], [-1.220245032706041, 44.80288559067577], [-1.220628989899144, 44.8030301728274], [-1.220991194920484, 44.803200851058065], [-1.221328159811351, 44.80339598187694], [-1.22163663955828, 44.803613686316226], [-1.22191366333882, 44.803851868017205], [-1.222156563131942, 44.80410823340944], [-1.222362999417551, 44.804380313789544], [-1.222530983717413, 44.8046654890872], [-1.222658897760052, 44.80496101308952], [-1.222745509084435, 44.805264039881834], [-1.222789982931489, 44.805571651249714], [-1.222791890308064, 44.80588088477926], [-1.222751212144717, 44.806188762384785], [-1.222668339506277, 44.80649231898926], [-1.222544069852121, 44.80678863108146], [-1.222379599381165, 44.807074844874705], [-1.222176511534332, 44.807348203795634], [-1.221936761764351, 44.80760607503846], [-1.221662658718834, 44.80784597492826], [-1.221356842017271, 44.80806559284928], [-1.221022256835524, 44.80826281350683], [-1.220662125542427, 44.80843573730861], [-1.220279916661585, 44.808582698668324], [-1.21987931145752, 44.808702282055286], [-1.219464168468318, 44.80879333563492], [-1.219038486326928, 44.80885498236853], [-1.21860636522989, 44.8088866284651], [-1.21817196742541, 44.80888796910369], [-1.217739477102282, 44.808858991371025], [-1.217313060066933, 44.80879997438592], [-1.216896823597982, 44.80871148660938], [-1.216494776865936, 44.80859438036637], [-1.216110792300172, 44.808449783632106], [-1.215748568276131, 44.80827908916219], [-1.215411593482783, 44.80808394107152], [-1.215103113314141, 44.80786621899163], [-1.214826098608861, 44.80762801995916], [-1.214583217039217, 44.80737163821064], [-1.214376807424985, 44.80709954307793], [-1.214208857219433, 44.806814355198355], [-1.214080983383812, 44.80651882126825], [-1.213994416834022, 44.80621578758386], [-1.213949990608472, 44.80590817262446], [-1.213948131870246, 44.805598938941955], [-1.213988857819641, 44.80529106462793], [-1.214071775555439, 44.80498751463293], [-1.214196085885195, 44.804691212214145], [-1.214360591046853, 44.80440501078652], [-1.214563706266346, 44.80413166644823], [-1.214803475039032, 44.803873811444674]]]}}, {"type": "Feature", "properties": {"nb_detections_cluster": 1, "frp_max": 1.25, "frp_moyen": 1.25, "derniere_detection": "2026-07-25T02:11:00", "fetch_timestamp": "2026-07-25T02:11:00"}, "geometry": {"type": "Polygon", "coordinates": [[[-1.133448991844402, 44.83192148700729], [-1.133755281796617, 44.831702109849545], [-1.134090312655611, 44.83150515101031], [-1.134450858023349, 44.831332507061425], [-1.134833445914883, 44.83118584042316], [-1.135234392185315, 44.831066563363294], [-1.13564983599531, 44.830975824404334], [-1.136075776974163, 44.830914497269546], [-1.136508113723264, 44.830883172473996], [-1.136942683289985, 44.8308821516414], [-1.13737530123282, 44.83091144460126], [-1.137801801892897, 44.83097076929425], [-1.138218078485111, 44.831059554486835], [-1.138620122623753, 44.831176945268766], [-1.13900406290296, 44.83132181128107], [-1.139366202161297, 44.83149275759514], [-1.13970305307233, 44.831688138138524], [-1.140011371719007, 44.831906071538626], [-1.140288188828917, 44.83214445923165], [-1.140530838369827, 44.832401005663264], [-1.140736983230098, 44.83267324038644], [-1.140904637736486, 44.83295854184412], [-1.141032186792078, 44.83325416260813], [-1.141118401449468, 44.83355725583143], [-1.141162450768488, 44.83386490265938], [-1.141163909843442, 44.83417414033608], [-1.141122763921559, 44.834481990735355], [-1.141039408572016, 44.834785489041664], [-1.140914645902854, 44.83508171230477], [-1.140749676861197, 44.835367807592974], [-1.14054608968999, 44.83564101947387], [-1.14030584465153, 44.83589871655735], [-1.140031255164198, 44.836138416845614], [-1.139724965533457, 44.83635781164501], [-1.139389925491179, 44.83655478780962], [-1.139029361788311, 44.83672744810184], [-1.138646747114409, 44.83687412947331], [-1.1382457666436, 44.83699341909008], [-1.137830282529522, 44.83708416794706], [-1.137404296691743, 44.83714550194063], [-1.136971912252778, 44.837176830292144], [-1.136537293997946, 44.83717785124122], [-1.136104628239815, 44.83714855495389], [-1.135678082474768, 44.83708922361734], [-1.135261765221269, 44.83700042872044], [-1.134859686427618, 44.836883025546335], [-1.134475718831452, 44.83673814493026], [-1.13411356064398, 44.83656718236203], [-1.133776699919073, 44.83637178453868], [-1.133468380950923, 44.836153833496944], [-1.133191573024295, 44.83591542847854], [-1.132948941818517, 44.83565886570359], [-1.132742823740615, 44.83538661624719], [-1.132575203434603, 44.83510130223262], [-1.132447694683094, 44.83480567157061], [-1.132361524884629, 44.834502571488514], [-1.132317523255474, 44.8341949211046], [-1.13231611286863, 44.83388568331143], [-1.132357306605809, 44.83357783623963], [-1.132440707060322, 44.83327434457686], [-1.132565510390768, 44.83297813101808], [-1.132730514087434, 44.83269204812203], [-1.1329341285756, 44.83241885084493], [-1.133174392543195, 44.832161170015624], [-1.133448991844402, 44.83192148700729]]]}}, {"type": "Feature", "properties": {"nb_detections_cluster": 74, "frp_max": 7.27, "frp_moyen": 4.52, "derniere_detection": "2026-07-25T02:11:00", "fetch_timestamp": "2026-07-25T02:11:00"}, "geometry": {"type": "Polygon", "coordinates": [[[-1.125578759434286, 44.84093124739717], [-1.125885129238846, 44.84071189131624], [-1.126220241418323, 44.84051495565801], [-1.1265808687917, 44.840342336771094], [-1.126963538584486, 44.840195696834435], [-1.127364565863267, 44.84007644785865], [-1.127780089008813, 44.839985738095834], [-1.128206106886638, 44.839924440988106], [-1.128638517357814, 44.83989314676142], [-1.129073156759979, 44.83989215674515], [-1.129505839979296, 44.83992148047206], [-1.129932400728441, 44.83998083558655], [-1.130348731643778, 44.840069650562185], [-1.130750823816541, 44.84018707020193], [-1.131134805378337, 44.84033196386892], [-1.131496978770169, 44.840502936368225], [-1.131833856336834, 44.8406983413753], [-1.132142193904484, 44.840916297281915], [-1.132419022018348, 44.84115470530757], [-1.132661674540038, 44.84141126970209], [-1.132867814328998, 44.84168351984543], [-1.133035455760582, 44.84196883403201], [-1.133162983863536, 44.842264464711036], [-1.133249169891973, 44.84256756493995], [-1.13329318318118, 44.842875215796596], [-1.133294599172197, 44.843184454486185], [-1.13325340352695, 44.843492302872825], [-1.133169992293283, 44.84379579616021], [-1.133112970865887, 44.843931111842544], [-1.13326567675052, 44.84394145485455], [-1.13369227199636, 44.844000795595825], [-1.134108638648086, 44.844089596583245], [-1.134510767452896, 44.84420700275446], [-1.134894786189728, 44.844351883602336], [-1.135256996941681, 44.84452284405539], [-1.135593911693853, 44.844718237905035], [-1.135823496765875, 44.84488049908194], [-1.135903987242789, 44.84485655910126], [-1.136319531954532, 44.844765817225884], [-1.13674557676232, 44.84470448724357], [-1.137178019267927, 44.84467315969686], [-1.137612695500568, 44.8446721362359], [-1.138045419991828, 44.84470142671555], [-1.138472026057056, 44.84476074910036], [-1.138846664195638, 44.84484063183896], [-1.138919755076646, 44.84457459282367], [-1.139044549348051, 44.844278370885], [-1.139209553240593, 44.84399227729898], [-1.139413177177385, 44.84371906712485], [-1.139653459755105, 44.84346137131563], [-1.139928086648498, 44.84322167138881], [-1.14023441290906, 44.843002275536925], [-1.140569488442777, 44.842805296407946], [-1.140930086421312, 44.84263263076906], [-1.141312734353045, 44.84248594124946], [-1.141713747514918, 44.84236664033722], [-1.142129264423511, 44.84227587678454], [-1.142555284004308, 44.84221452455148], [-1.142987704101935, 44.84218317439481], [-1.143422360961326, 44.84218212818242], [-1.143855069300578, 44.842211395988215], [-1.144281662590552, 44.84227069599506], [-1.144698033154372, 44.84235945720711], [-1.145100171701628, 44.842476824945074], [-1.145484205917532, 44.84262166907181], [-1.145846437736242, 44.84279259486951], [-1.146183378940132, 44.842987956463304], [-1.14649178474275, 44.84320587266304], [-1.146768685032444, 44.84344424507061], [-1.147011412975972, 44.8437007782789], [-1.147217630706637, 44.84397300196826], [-1.147385351849355, 44.844258294687876], [-1.147512960665349, 44.84455390909379], [-1.147599227631522, 44.84485699840024], [-1.147643321303729, 44.84516464379033], [-1.147644816348874, 44.84547388252205], [-1.147603697667492, 44.845781736459095], [-1.147520360566122, 44.84608524075193], [-1.147395606976758, 44.846381472392665], [-1.147230637758783, 44.84666757836901], [-1.147027041156559, 44.84694080314555], [-1.146786777522954, 44.8471985152081], [-1.146512160455216, 44.84743823241457], [-1.146205834524251, 44.847657645908384], [-1.145870749811407, 44.84785464236361], [-1.145510133497771, 44.84802732434721], [-1.14512745877957, 44.84817402860186], [-1.144726411409249, 44.84829334207324], [-1.144310854184843, 44.84838411552651], [-1.143884789730179, 44.84844547462114], [-1.143452321925111, 44.848476828336665], [-1.143017616358074, 44.84847787466842], [-1.142584860182778, 44.84844860353796], [-1.142158221766677, 44.84838929689012], [-1.141783555251299, 44.84830942523719], [-1.141710473073997, 44.8485754664607], [-1.141653325607934, 44.84871112325109], [-1.141805256715762, 44.84872140113169], [-1.142231897281617, 44.84878070914257], [-1.142648312861666, 44.84886947823194], [-1.143050493732082, 44.84898685364467], [-1.143434567170573, 44.84913170516975], [-1.143796834733624, 44.849302638018095], [-1.144133807859401, 44.84949800624695], [-1.144363647512151, 44.84966039865009], [-1.144443408541644, 44.84963667039886], [-1.144858974818339, 44.849545896412494], [-1.145285046555637, 44.84948453355665], [-1.145717521096012, 44.84945317269035], [-1.146152234160257, 44.84945211578466], [-1.146584999925364, 44.84948137301641], [-1.14701165130934, 44.84954066267029], [-1.147395788146875, 44.84962253171416], [-1.147469274167464, 44.849354922904716], [-1.147594033972195, 44.84905869089556], [-1.147759008361635, 44.84877258415733], [-1.147962608042836, 44.848499357875895], [-1.148202871845875, 44.84824164315947], [-1.148477485626123, 44.848001921707656], [-1.148783804561189, 44.84778250192026], [-1.149118878627457, 44.84758549667576], [-1.149479481010593, 44.8474128029929], [-1.149862139176463, 44.847266083770876], [-1.15026316830339, 44.8471467517838], [-1.150678706754174, 44.847055956083096], [-1.151104753246853, 44.84699457093836], [-1.151537205366924, 44.84696318742329], [-1.151971899051016, 44.846962107727], [-1.152404648662702, 44.846991342245765], [-1.152831287275512, 44.847050609483006], [-1.153206534160349, 44.84713056591698], [-1.153279386711041, 44.84686514862382], [-1.153404110346242, 44.84656891032428], [-1.153569047831236, 44.84628279518261], [-1.153772610228458, 44.84600955846564], [-1.154012836727, 44.84575183138209], [-1.154287413541423, 44.845512095750664], [-1.154593696205251, 44.845292660107766], [-1.154928735044074, 44.84509563748457], [-1.155289303582707, 44.84492292506713], [-1.155671929612838, 44.84477618593511], [-1.156072928622154, 44.844656833054344], [-1.156488439263387, 44.844566015677415], [-1.156914460522286, 44.84450460828269], [-1.157346890227265, 44.84447320215807], [-1.157781564530743, 44.84447209971038], [-1.158214297982875, 44.84450131155497], [-1.158640923812775, 44.84456055641359], [-1.159057334030338, 44.84464926382142], [-1.159459518963454, 44.844766579617186], [-1.159843605850838, 44.844911374164035], [-1.160205896119633, 44.84508225322148], [-1.160542900989563, 44.845277571364804], [-1.1608513750613, 44.84549544782227], [-1.161128347565979, 44.84573378457852], [-1.161371150975126, 44.84599028656981], [-1.161577446695485, 44.84626248377712], [-1.161745247601071, 44.846547755004785], [-1.161872937185088, 44.84684335311582], [-1.161959285146692, 44.84714643148154], [-1.162003459261758, 44.847454071390466], [-1.162005033422476, 44.847763310153454], [-1.161963991767399, 44.84807116963402], [-1.161880728861155, 44.8483746849293], [-1.161756045921053, 44.84867093292556], [-1.161591143125895, 44.848957060453024], [-1.161387608080133, 44.849230311768856], [-1.161147400543574, 44.849488055103315], [-1.160872833572959, 44.84972780801317], [-1.16072630901708, 44.849832794134116], [-1.160843200579847, 44.85010339212713], [-1.16092954799679, 44.85040647161399], [-1.160973719035839, 44.850714112257506], [-1.160975287618723, 44.8510233513615], [-1.160934237937634, 44.85133121078615], [-1.160850964634417, 44.85163472562916], [-1.16072626902644, 44.851930972781126], [-1.160561351414445, 44.85221709908041], [-1.160357799545537, 44.852490348795996], [-1.160117573341503, 44.8527480901735], [-1.159842986038853, 44.8529878407886], [-1.159536681921577, 44.85320729146299], [-1.159201610860709, 44.85340432851262], [-1.158840999905652, 44.8535770541135], [-1.158458322200861, 44.85372380458826], [-1.158057263527422, 44.85384316643737], [-1.157641686792152, 44.85393398996003], [-1.157215594806762, 44.85399540033344], [-1.156783091716275, 44.85402680604321], [-1.156348343449036, 44.85402790458386], [-1.155915537570114, 44.85399868537406], [-1.155488842925818, 44.853939429858535], [-1.155072369468919, 44.85385070879587], [-1.154670128652591, 44.853733376758065], [-1.154285994775379, 44.85358856389512], [-1.153923667650399, 44.85341766504433], [-1.153586636958971, 44.853222326289064], [-1.153346338940773, 44.85305259475746], [-1.153276990689194, 44.853073230600074], [-1.152861411921656, 44.85316403620463], [-1.152435320551578, 44.85322542821448], [-1.152002820718075, 44.853256815292184], [-1.151568078318119, 44.85325789511167], [-1.15113528086026, 44.85322865727194], [-1.15070859710967, 44.85316938339722], [-1.150324431186315, 44.853087525723964], [-1.150250953885661, 44.85335513674626], [-1.15012619855056, 44.85365137215279], [-1.149961221889278, 44.85393748286023], [-1.149757612217697, 44.854210713287664], [-1.149517330014411, 44.85446843186648], [-1.149242689055384, 44.8547081563918], [-1.148936334141526, 44.8549275779366], [-1.148601215633256, 44.8551245830974], [-1.148240561037118, 44.85529727435727], [-1.147857843918041, 44.85544398836965], [-1.147456750436876, 44.855563311986145], [-1.147041143835819, 44.855654095874236], [-1.146615027214349, 44.85571546559286], [-1.146182504954862, 44.85574683001923], [-1.145747743170384, 44.855747887045524], [-1.145314929556214, 44.85571862649025], [-1.144888233033161, 44.85565933019643], [-1.144471763572056, 44.855570569315404], [-1.144069532587525, 44.855453198802685], [-1.143685414283326, 44.85530834917888], [-1.143323108322466, 44.85513741563536], [-1.142986104182286, 44.85494204458959], [-1.142756246899106, 44.85477964905717], [-1.142676477853312, 44.85480337613548], [-1.142260869149713, 44.85489414210504], [-1.141834753071503, 44.85495549345985], [-1.141402233995865, 44.85498683925399], [-1.140967478005163, 44.85498787755912], [-1.140534672738875, 44.85495859837407], [-1.140107987037383, 44.854899283721316], [-1.139691530767253, 44.854810504929], [-1.139289315216009, 44.85469311712518], [-1.138905214438707, 44.85454825099703], [-1.138542927929478, 44.85437730189483], [-1.138205944978248, 44.854181916385954], [-1.137897511056483, 44.853963976388506], [-1.137620596556096, 44.85372558103785], [-1.137377868182768, 44.85346902646104], [-1.137171663279211, 44.853196783654234], [-1.137003967325438, 44.85291147467666], [-1.136876394832332, 44.85261584739058], [-1.136790173811981, 44.85231274899089], [-1.136746133973563, 44.85200509857967], [-1.136744698757635, 44.851695859049755], [-1.136785881284587, 44.85138800854855], [-1.136869284255234, 44.85108451179675], [-1.13692644568999, 44.85094885736546], [-1.136774509450215, 44.850938572799585], [-1.136347858257557, 44.85087924377138], [-1.135976345229789, 44.85080002664089], [-1.135900586334055, 44.851075692166795], [-1.135775760380231, 44.851371911223055], [-1.135610717319219, 44.85165800038842], [-1.135407046106583, 44.851931204289365], [-1.135166707813836, 44.852188891612684], [-1.134892016757371, 44.85242858045451], [-1.134749843688717, 44.85253037688509], [-1.13486376521159, 44.852794396293206], [-1.134949976575734, 44.853097496236195], [-1.134994007432386, 44.85340514746841], [-1.134995433053152, 44.8537143871915], [-1.134954239006954, 44.854022237259535], [-1.134870821325975, 44.85432573286013], [-1.134745982718131, 44.854621951069106], [-1.134580924861529, 44.854908039003334], [-1.13437723685418, 44.8551812413012], [-1.134136879929307, 44.85543892666493], [-1.133862168582726, 44.855678613209506], [-1.133716778494721, 44.85578270440153], [-1.133834028662684, 44.85605443531359], [-1.133920239473785, 44.85635753637465], [-1.133964267245576, 44.856665188338354], [-1.13396568727929, 44.8569744283993], [-1.133924485197572, 44.85728227840829], [-1.133841057109915, 44.8575857735535], [-1.133716205824387, 44.857881990915104], [-1.133551133141133, 44.85816807761821], [-1.133347428300908, 44.85844127831298], [-1.13310705269901, 44.85869896171708], [-1.132832321011115, 44.85893864596441], [-1.132525878912166, 44.859158022515736], [-1.132190677602512, 44.859354978400916], [-1.131829945386423, 44.85952761657764], [-1.131447156576664, 44.859674274210505], [-1.131045998024807, 44.85979353869423], [-1.130630333599999, 44.8598842612658], [-1.130204166958839, 44.85994556807478], [-1.129771602965654, 44.85997686860429], [-1.129336808135552, 44.85997786136203], [-1.128903970482185, 44.85994853678553], [-1.12847725915792, 44.85988917733446], [-1.128104415663874, 44.85980966022229], [-1.128031169616175, 44.86007599924749], [-1.127974179241911, 44.86021117077537], [-1.128126146443255, 44.86022146792465], [-1.12855285992118, 44.86028082873153], [-1.128969339144331, 44.860369649465234], [-1.129371573776072, 44.86048707487331], [-1.129755690576395, 44.86063197426337], [-1.130117990684145, 44.86080295238538], [-1.130454985223952, 44.860998362860606], [-1.130763428895529, 44.86121632402821], [-1.131040351222245, 44.86145473705701], [-1.131283085158273, 44.86171130614866], [-1.131489292778775, 44.86198356063793], [-1.131656987805554, 44.862268878777314], [-1.13178455475083, 44.86256451297797], [-1.131870764494211, 44.86286761626345], [-1.131914786142117, 44.863175269682145], [-1.131916195054589, 44.863484510414594], [-1.131874976961216, 44.86379236030516], [-1.131791528125536, 44.86409585454313], [-1.131666651555299, 44.86439207021743], [-1.131501549294035, 44.86467815446935], [-1.131297810867261, 44.86495135197267], [-1.131057397993676, 44.86520903147581], [-1.130782625707869, 44.86544871115019], [-1.1306374720909, 44.86555260718594], [-1.130754818290632, 44.865824552006295], [-1.130841027480721, 44.86612765640685], [-1.130885046042666, 44.86643531055398], [-1.130886449366143, 44.86674455162122], [-1.130845223234484, 44.86705240144968], [-1.130761763988565, 44.86735589522928], [-1.13063687473632, 44.867652110053285], [-1.130471757643362, 44.867938193071204], [-1.130268002377997, 44.86821138896874], [-1.130027570821056, 44.86846906650969], [-1.129752778187046, 44.868708743884405], [-1.12944627073786, 44.86892811261988], [-1.129111000303258, 44.86912505982121], [-1.128750195853323, 44.86929768852968], [-1.128367332396611, 44.86944433600115], [-1.127966097503767, 44.869563589728145], [-1.127550355779352, 44.86965430105128], [-1.12712411162464, 44.86971559622844], [-1.126691470650697, 44.86974688485486], [-1.126256600114252, 44.869747865552796], [-1.125823688758291, 44.869718528875964], [-1.125396906445209, 44.86965915740062], [-1.125015680429733, 44.869577854877654], [-1.124941876398165, 44.86984612130391], [-1.12481695090558, 44.870142329815714], [-1.124651796838118, 44.87042840440485], [-1.124448004220201, 44.870701589838156], [-1.124207535292437, 44.87095925498021], [-1.123932705629304, 44.871198918140706], [-1.123798827024388, 44.871294717665805], [-1.123915351796707, 44.87156481515671], [-1.124001532878917, 44.87186792541977], [-1.124045518465347, 44.87217558283866], [-1.124046884263079, 44.87248482455536], [-1.124005616416694, 44.872792672404685], [-1.123922111668689, 44.873096161595555], [-1.123797173565119, 44.8733923692654], [-1.123632004742005, 44.87367844263261], [-1.123428195365831, 44.87395162647573], [-1.123187707838563, 44.87420928967472], [-1.12291285791379, 44.874448950557934], [-1.122606292405235, 44.87466830081124], [-1.122270963701924, 44.8748652277177], [-1.121910101335243, 44.87503783451408], [-1.12152718087169, 44.87518445866725], [-1.121125890431093, 44.87530368789433], [-1.120710095153158, 44.87539437377193], [-1.120283799955093, 44.87545564280301], [-1.119851110939723, 44.875486904834645], [-1.119416195826602, 44.875487858745245], [-1.118983243788164, 44.87545849534659], [-1.118556425078714, 44.87539909747228], [-1.118139850846089, 44.8753102372521], [-1.117737533514072, 44.87519277059842], [-1.117353348118021, 44.87504782895782], [-1.116990994966962, 44.87487680840796], [-1.116653963992463, 44.87468135620434], [-1.116422668682524, 44.87451789210522], [-1.116335617205191, 44.87454375213287], [-1.115919819818737, 44.87463442005296], [-1.1154935251642, 44.8746956706808], [-1.115060839339187, 44.87472691404065], [-1.11462593003253, 44.874727849190826], [-1.114192986360721, 44.874698467123764], [-1.113766178497455, 44.87463905085291], [-1.113386067709697, 44.87455794984064], [-1.113312101311444, 44.87482657305036], [-1.113255274602191, 44.87496123038652], [-1.113407131154131, 44.87497153769459], [-1.113833941164922, 44.875030955351626], [-1.114250506510031, 44.875119831716056], [-1.114652816023581, 44.87523731099972], [-1.11503699574449, 44.87538226199149], [-1.115399346205634, 44.87555328894441], [-1.115736378046614, 44.87574874500957], [-1.11604484560773, 44.87596674808702], [-1.116321778182024, 44.87620519894205], [-1.11656450862465, 44.87646180141196], [-1.116770699044035, 44.87673408451004], [-1.116938363327215, 44.877019426213266], [-1.117065886282042, 44.87731507870578], [-1.117152039211325, 44.87761819483486], [-1.117195991768192, 44.87792585552515], [-1.117197319977656, 44.878235097887085], [-1.117156010346147, 44.87854294374922], [-1.117072460018457, 44.878846428339536], [-1.117015573135251, 44.87898124210578], [-1.117166967921573, 44.87899151217628], [-1.117593812472243, 44.879050915458116], [-1.118010413596549, 44.879139777831405], [-1.118412759784163, 44.87925724364277], [-1.118796976720927, 44.87940218181071], [-1.119159364581423, 44.87957319671185], [-1.119496433645175, 44.8797686416133], [-1.119804937894092, 44.879986634522616], [-1.120081906267963, 44.880225076303], [-1.120324671277217, 44.8804816708792], [-1.120530894697408, 44.88075394734048], [-1.120698590097759, 44.88103928372777], [-1.120826141986423, 44.88133493227644], [-1.120912321387513, 44.88163804587177], [-1.120956297699157, 44.88194570546279], [-1.120957646717506, 44.8822549481706], [-1.120916354748493, 44.8825627958204], [-1.120832818766696, 44.88286628362303], [-1.120707842618765, 44.88316248872928], [-1.120542629306936, 44.8834485583822], [-1.120338769426006, 44.88372173739609], [-1.120098225864241, 44.883979394697384], [-1.119823314914825, 44.88421904867126], [-1.119678814888321, 44.88432241423554], [-1.11979640569726, 44.88459497132081], [-1.119882584542928, 44.88489808602521], [-1.119926557764851, 44.885205746338585], [-1.119927901188856, 44.885514989375025], [-1.119886601174668, 44.88582283695663], [-1.119803054774271, 44.88612632429482], [-1.11967806593458, 44.886422528544884], [-1.119512837780004, 44.886708596958115], [-1.119308961048237, 44.88698177436074], [-1.119068398789797, 44.88723942969468], [-1.118793467477915, 44.88747908136411], [-1.118649046535776, 44.88758238176825], [-1.118766669437745, 44.88785501036783], [-1.118852847727903, 44.88815812618031], [-1.118896817859738, 44.888465787215004], [-1.118898155688748, 44.88877503057909], [-1.118856847628462, 44.88908287809143], [-1.118773290808271, 44.889386364964196], [-1.118648289275377, 44.889682568357095], [-1.118483046276367, 44.88996863552967], [-1.118279152691853, 44.89024181132012], [-1.118038571734623, 44.890499464685874], [-1.117763620057972, 44.89073911405003], [-1.117619278208936, 44.890842349297266], [-1.117736933207879, 44.89111504941748], [-1.117823110942446, 44.891418166337026], [-1.117867077983823, 44.89172582809204], [-1.117868410217187, 44.8920350717827], [-1.117827094109878, 44.89234291922483], [-1.117743526868705, 44.89264640563114], [-1.11761851264116, 44.89294260816588], [-1.11745325479603, 44.89322867409687], [-1.117249344356858, 44.893501848274234], [-1.117008744698721, 44.89375949967094], [-1.116733772654999, 44.893999146729065], [-1.116427076215496, 44.89421848126753], [-1.116091609030282, 44.89441539072079], [-1.115730601964603, 44.89458797849363], [-1.115347531978768, 44.89473458223618], [-1.114946088632951, 44.894853789862154], [-1.11453013853984, 44.89494445315618], [-1.114103688108065, 44.89500569883876], [-1.11367084493593, 44.89503693698184], [-1.113235778228104, 44.89503786669396], [-1.11280267861745, 44.89500847901995], [-1.112375717779935, 44.89494905702726], [-1.111994931064348, 44.89486783547355], [-1.11192363858657, 44.895126631682395], [-1.111798588120648, 44.89542282789484], [-1.111633293309623, 44.895708885387286], [-1.111429345533068, 44.89598204909109], [-1.11118870852569, 44.89623968808003], [-1.110913699480633, 44.896479320915695], [-1.11076969585108, 44.89658228604931], [-1.110887467243846, 44.89685531300198], [-1.110973616799344, 44.89715843577455], [-1.111017550789597, 44.89746610078773], [-1.111018845417918, 44.897775345110325], [-1.110977487513656, 44.89808319055197], [-1.110893874686033, 44.89838667234464], [-1.110768811521475, 44.89868286769698], [-1.110603501860006, 44.8989689239459], [-1.110399537224173, 44.89924208603478], [-1.110158881511016, 44.89949972305297], [-1.109883852093812, 44.89973935358096], [-1.109577097514995, 44.899958669596906], [-1.109241571984669, 44.90015555871361], [-1.10888050693012, 44.900328124531754], [-1.10849737987029, 44.90047470491288], [-1.10809588091519, 44.9005938879957], [-1.10767987721324, 44.90068452580127], [-1.107253375689541, 44.90074574529559], [-1.10682048443462, 44.90077695680282], [-1.106385373116376, 44.90077785968811], [-1.105952232797439, 44.90074844525465], [-1.105525235545934, 44.90068899682765], [-1.105147964121986, 44.90060850781909], [-1.105073987169756, 44.90087689839083], [-1.104948887739473, 44.90117308741862], [-1.10478354107765, 44.901459135226844], [-1.104579539063191, 44.90173228684007], [-1.104338845953168, 44.90198991144853], [-1.104063779481077, 44.90222952775225], [-1.10392011432975, 44.902332222707535], [-1.104038002121815, 44.90260557659839], [-1.104124123507166, 44.902908705219694], [-1.10416802444702, 44.90321637348671], [-1.104169281462823, 44.90352561843685], [-1.104127881746004, 44.90383346187364], [-1.104044223308346, 44.90413693904836], [-1.103919111175437, 44.90443312721407], [-1.10375374965884, 44.90471917377685], [-1.103549730780477, 44.90499232377331], [-1.103309018959795, 44.90524994640925], [-1.103033932110474, 44.90548956040369], [-1.102890346136514, 44.905592190224844], [-1.103008266027107, 44.90586561566166], [-1.103094386853183, 44.90616874538501], [-1.103138284697631, 44.90647641436725], [-1.103139536111619, 44.906785659638835], [-1.103098128340448, 44.90709350300025], [-1.103014459473391, 44.90739697970347], [-1.102889334636407, 44.907693167006094], [-1.102723958263348, 44.907979212322495], [-1.102519922519168, 44.908252360701304], [-1.10227919198571, 44.908509981363885], [-1.102004084756853, 44.90874959304821], [-1.101863873999883, 44.90884980206256], [-1.101978529196028, 44.90911565472999], [-1.102064649447393, 44.90941878555345], [-1.102108544188236, 44.909726455248936], [-1.102109789999534, 44.91003570084002], [-1.10206837418046, 44.91034354412409], [-1.101984694897721, 44.91064702035387], [-1.101859557377511, 44.91094320679151], [-1.101694166175775, 44.91122925085973], [-1.101490113600228, 44.911502397619124], [-1.101249364394777, 44.91176001630669], [-1.10097423683311, 44.91199962567943], [-1.100667380402937, 44.912218917919176], [-1.100331750295404, 44.912415780867725], [-1.099970578945146, 44.912588318377786], [-1.099587344895056, 44.91273486858354], [-1.099185739285818, 44.91285401991434], [-1.098769630293321, 44.91294462469701], [-1.098343025857013, 44.9130058102157], [-1.097910035058871, 44.91303698712181], [-1.097474828525783, 44.913037855113714], [-1.097041598237657, 44.91300840583075], [-1.096614517129344, 44.912948922933815], [-1.09619769887645, 44.91285997937163], [-1.095795158253374, 44.912742431859286], [-1.095410772446286, 44.912597412622254], [-1.095048243694481, 44.91242631848554], [-1.094711063620665, 44.91223079741337], [-1.094402479594234, 44.912012732629506], [-1.094125463451928, 44.911774224471095], [-1.093882682877262, 44.911517570151545], [-1.093676475714408, 44.91124524162752], [-1.093508827463692, 44.91095986178361], [-1.093381352175023, 44.910664179164385], [-1.093295276922717, 44.9103610414974], [-1.093251430010489, 44.910053368262666], [-1.093250233019332, 44.90974412257251], [-1.093291696773946, 44.90943628263345], [-1.093375421265488, 44.909132813064154], [-1.093500599530413, 44.90883663634656], [-1.093666025446982, 44.90855060468437], [-1.093870105373405, 44.908277472540234], [-1.094110873514698, 44.908019870115545], [-1.094386010869481, 44.9077802780283], [-1.094526232307516, 44.90768007848305], [-1.094411615351973, 44.90741421824417], [-1.094325539519248, 44.90711108167692], [-1.094281689497619, 44.90680340915501], [-1.09428048689811, 44.9064941637839], [-1.094321942599511, 44.906186323767024], [-1.094405656670614, 44.90588285372383], [-1.094530822248298, 44.905586676140814], [-1.094696233333062, 44.90530064323006], [-1.094900296426005, 44.90502750946619], [-1.095141045894287, 44.90476990506621], [-1.095416162916373, 44.90453031066717], [-1.095559759841861, 44.90442769053868], [-1.095441879265337, 44.90415425731901], [-1.095355802867616, 44.90385112185342], [-1.095311949744767, 44.90354345004626], [-1.095310741537767, 44.90323420499616], [-1.095352189179488, 44.90292636490344], [-1.095435892816421, 44.90262289438828], [-1.09549261731801, 44.90248865436189], [-1.095341623560688, 44.90247838598312], [-1.094914624390571, 44.90241889674495], [-1.094538114999151, 44.90233853354825], [-1.094463976725997, 44.902607309814584], [-1.094338817440635, 44.902903487050914], [-1.094173411599859, 44.9031895192187], [-1.093969351652607, 44.903462651493165], [-1.093728602414001, 44.90372025325074], [-1.093453482158248, 44.90395984341145], [-1.093146640302873, 44.904179114342185], [-1.092811031898793, 44.90437595408992], [-1.092449889171718, 44.90454846673085], [-1.092066690388936, 44.904694990638646], [-1.091665126351484, 44.90481411449595], [-1.091249064834848, 44.904904690894284], [-1.090822513321166, 44.90496584739107], [-1.090389580382607, 44.90499699491734], [-1.089954436088667, 44.90499783345444], [-1.089521271819659, 44.904968354925444], [-1.08909425987441, 44.904908843272906], [-1.088677513262209, 44.90481987172254], [-1.088275046067278, 44.90470229725904], [-1.087890734768392, 44.904557252367425], [-1.08752828088707, 44.904386134119804], [-1.087191175324771, 44.90419059071266], [-1.086954734477555, 44.90402345167847], [-1.086884853218401, 44.904044178542925], [-1.086468789695386, 44.904134737019355], [-1.086042238825498, 44.90419587514996], [-1.085609309174719, 44.90422700404268], [-1.085174170780882, 44.90422782385833], [-1.084741014967458, 44.904198326700346], [-1.084314013951808, 44.90413879669071], [-1.083897280637915, 44.904049807231914], [-1.083494828981865, 44.90393221548119], [-1.083110535312713, 44.90378715409006], [-1.08274810098211, 44.90361602028953], [-1.08241101670315, 44.90342046242589], [-1.082102528922412, 44.90320236407718], [-1.081825608549517, 44.90296382590382], [-1.081582922345494, 44.90270714540824], [-1.081376807245557, 44.9024347947992], [-1.081209247863355, 44.902149397173886], [-1.08108185739294, 44.90185370124807], [-1.080995862091847, 44.90155055487742], [-1.080952089493931, 44.901242877625656], [-1.080950960464676, 44.90093363264375], [-1.080992485174485, 44.90062579813127], [-1.081076263027746, 44.90032233865458], [-1.081201486547296, 44.90002617659834], [-1.081366949175875, 44.89974016402501], [-1.081571056918448, 44.89946705521332], [-1.08181184371245, 44.89920948013991], [-1.082086990377153, 44.898969919159384], [-1.082393846959098, 44.898750679126], [-1.082729458258009, 44.89855387118709], [-1.083090592287109, 44.89838139046129], [-1.083473771393797, 44.898234897797025], [-1.083875305741136, 44.89811580378679], [-1.084291328828116, 44.89802525519042], [-1.084717834707178, 44.89796412389815], [-1.085150716541311, 44.89793299853928], [-1.085585806130249, 44.897932178817136], [-1.086018914026066, 44.8979616726248], [-1.086445869852848, 44.89802119596894], [-1.086862562443197, 44.89811017570323], [-1.087264979406006, 44.898227755044175], [-1.087649245745464, 44.89837280181717], [-1.088011661160184, 44.89854391935292], [-1.088348735664, 44.898739459930226], [-1.088585158401511, 44.89890659572559], [-1.088655032635615, 44.898885867824575], [-1.089071053718416, 44.89879530130806], [-1.089497560242326, 44.89873415165158], [-1.089930445364112, 44.898703007661254], [-1.090365540851844, 44.898702169219824], [-1.090798657200809, 44.89873164440056], [-1.091225623953719, 44.898791149389574], [-1.091602104803268, 44.898871523723614], [-1.091676251847106, 44.898602749677025], [-1.091733195520928, 44.89846800477609], [-1.091591460924488, 44.898458360556816], [-1.091164496315453, 44.89839885697991], [-1.090747794761855, 44.89830989337324], [-1.090345369913861, 44.89819232664499], [-1.089961097842333, 44.898047289205685], [-1.089598679690946, 44.89787617805564], [-1.089261606017035, 44.89768064132298], [-1.088953123165137, 44.89746256238224], [-1.088676201997528, 44.897224041706934], [-1.088433509283036, 44.89696737663096], [-1.088227382019743, 44.8966950392146], [-1.088059804938617, 44.896409652428034], [-1.087932391404351, 44.89611396488266], [-1.087846367896782, 44.89581082435345], [-1.087802562221591, 44.89550315034794], [-1.087801395562976, 44.89519390598588], [-1.087842878453879, 44.8948860694609], [-1.087926610701543, 44.894582605358806], [-1.088051785268101, 44.89428643610884], [-1.088217196067787, 44.89400041384275], [-1.088421249604725, 44.893727292932695], [-1.088661980338357, 44.89346970347182], [-1.088937069627793, 44.893230125953295], [-1.089080543829586, 44.89312759006815], [-1.088962655215779, 44.892854003949985], [-1.088876631140214, 44.89255086452542], [-1.088832822361814, 44.8922431912377], [-1.088831650094749, 44.891933947199675], [-1.088873124926053, 44.89162611060187], [-1.088956846740666, 44.89132264603077], [-1.089082008601261, 44.891026475920185], [-1.0892474045445, 44.89074045241014], [-1.089451441217627, 44.89046732988474], [-1.089692153242522, 44.890209738452775], [-1.089967222158483, 44.88997015862632], [-1.090110775557789, 44.88986755760974], [-1.089992918997549, 44.889594043014675], [-1.089906894354073, 44.88929090469576], [-1.089863082472835, 44.88898323212683], [-1.089861904597972, 44.88867398841387], [-1.089903371370603, 44.88836615174425], [-1.089987082753355, 44.88806268670517], [-1.090112231909437, 44.887766515734924], [-1.090277612997917, 44.887480490981865], [-1.090481632809144, 44.88720736684206], [-1.09072232612742, 44.88694977343982], [-1.090997374672211, 44.88671019130627], [-1.091304129434914, 44.88649092749939], [-1.09163963619567, 44.88629409339551], [-1.092000663974248, 44.886121584365206], [-1.092383736141036, 44.88597506152951], [-1.092785163888683, 44.88585593577141], [-1.093201081742465, 44.8857653541565], [-1.093627484767933, 44.885704188892916], [-1.09406026711827, 44.885673028937106], [-1.094495261550957, 44.8856721743255], [-1.094928279534168, 44.88570163328712], [-1.095355151557629, 44.8857611221642], [-1.095733053479086, 44.88584180296454], [-1.095807195104019, 44.8855729127542], [-1.095932308002365, 44.885276735457886], [-1.096097652100902, 44.88499070226288], [-1.096301634546185, 44.88471756764657], [-1.096542290482319, 44.88445996183415], [-1.09681730198871, 44.884220365476295], [-1.097124020413366, 44.884001085768006], [-1.097459491886279, 44.8838042342387], [-1.097820485766947, 44.88363170642682], [-1.098203525752092, 44.88348516363421], [-1.098604923344172, 44.88336601693609], [-1.099020813358759, 44.88327541359965], [-1.099447191129401, 44.883214226042185], [-1.099879951052399, 44.88318304343482], [-1.100314926101143, 44.883182166032135], [-1.100747927930423, 44.88321160228255], [-1.10117478718549, 44.88327106874701], [-1.101543802779722, 44.8833498347179], [-1.101617307603077, 44.88308313842096], [-1.101742384298975, 44.88278695481204], [-1.101907691460897, 44.88250091319205], [-1.102111636591088, 44.88222776811956], [-1.102352255192966, 44.881970149920534], [-1.102627229705418, 44.88173053936488], [-1.102933911832632, 44.8815112437844], [-1.103269348054064, 44.881314374861354], [-1.103630308068588, 44.88114182830166], [-1.104013315898956, 44.88099526558774], [-1.104414683357176, 44.880876097986615], [-1.104830545548903, 44.88078547296677], [-1.105256898075529, 44.88072426315431], [-1.105689635576371, 44.880693057934636], [-1.106124591240676, 44.880692157780054], [-1.106557576909849, 44.88072157135807], [-1.106984423384735, 44.88078101544792], [-1.107401020550788, 44.880869917666445], [-1.107803356935735, 44.880987421976485], [-1.108187558319723, 44.88113239692595], [-1.10854992502698, 44.881303446537174], [-1.108886967540591, 44.88149892374306], [-1.109127572797972, 44.881668979149474], [-1.109204409822625, 44.88164616219471], [-1.109620269985919, 44.881555519218445], [-1.110046623137508, 44.8814942910042], [-1.11047936391067, 44.881463067114574], [-1.11091432546314, 44.881462148201614], [-1.11134731957964, 44.88149154311347], [-1.111774176979693, 44.881550968809144], [-1.11215079677163, 44.8816313211112], [-1.112227297176489, 44.881353549863604], [-1.112284197962001, 44.881218738449654], [-1.112132798062961, 44.8812084617158], [-1.111705942887533, 44.88114903740485], [-1.111289336833589, 44.881060151326494], [-1.110886992631417, 44.88094265964219], [-1.110502785575169, 44.88079769403966], [-1.110140416182449, 44.880626650827274], [-1.109803374541185, 44.88043117747885], [-1.109494906687699, 44.88021315675848], [-1.109217983340181, 44.87997468857892], [-1.108975271288899, 44.879718069768586], [-1.108769107718657, 44.879445771942194], [-1.108601477710621, 44.87916041768876], [-1.108473995139766, 44.87886475530642], [-1.108387887151348, 44.87856163232796], [-1.108343982365186, 44.87825396809197], [-1.108342702920468, 44.87794472562424], [-1.108384060436759, 44.87763688310034], [-1.108467655929085, 44.87733340516394], [-1.108524496522072, 44.87719875017702], [-1.108372634842705, 44.87718843618497], [-1.107945814211436, 44.877128997497756], [-1.107529243940933, 44.87704009742759], [-1.107126936416755, 44.87692259227072], [-1.106742766579699, 44.876777613844574], [-1.106380434588821, 44.87660655858109], [-1.106043430171745, 44.876411074070106], [-1.105815574189033, 44.87625000225868], [-1.105735104035944, 44.87627389745095], [-1.105319276721446, 44.87636452572905], [-1.104892957369931, 44.87642573569693], [-1.104460252316964, 44.87645693777058], [-1.104025329436628, 44.87645783140593], [-1.103592377976186, 44.876428407995355], [-1.103165568184347, 44.8763689509505], [-1.102749011122989, 44.87628003297107], [-1.102346719050393, 44.87616251052576], [-1.101962566758482, 44.87601751559857], [-1.101600254237255, 44.87584644478038], [-1.101263271026752, 44.8756509458108], [-1.101022679609321, 44.875480848401104], [-1.100944830530148, 44.87550396164569], [-1.100529001186505, 44.87559457196495], [-1.100102682459824, 44.87565576352867], [-1.09966998067967, 44.875686946930095], [-1.099235063688608, 44.875687821805016], [-1.098802120677161, 44.87565837972648], [-1.098375321812635, 44.87559890428597], [-1.097958778051623, 44.875509968360376], [-1.097556501524255, 44.875392428591255], [-1.097172366872667, 44.87524741712946], [-1.096810073916894, 44.87507633072512], [-1.096473112008464, 44.87488081726798], [-1.096164726415565, 44.874662759908425], [-1.095887887063937, 44.87442425891209], [-1.095645259934715, 44.87416761142342], [-1.095439181394689, 44.87389528933327], [-1.095271635706018, 44.87360991546426], [-1.095144235931562, 44.87331423830341], [-1.095058208419187, 44.87301110552573], [-1.095014381013717, 44.87270343656412], [-1.095013175109213, 44.872394194489814], [-1.095054601617143, 44.87208635747445], [-1.095138260888287, 44.8717828901086], [-1.095263346588061, 44.87148671485298], [-1.09542865348694, 44.87120068389724], [-1.095632589089985, 44.870927551697235], [-1.095873188992621, 44.87066994845492], [-1.096148135814031, 44.87043035479616], [-1.096288869553819, 44.87032971891228], [-1.096174498770693, 44.870064277354714], [-1.096088470675608, 44.86976114568772], [-1.096044640161722, 44.86945347745002], [-1.096043428653113, 44.86914423570591], [-1.096084847115305, 44.868836398623856], [-1.096168495976638, 44.86853293079508], [-1.096293569002846, 44.86823675468474], [-1.096458861086517, 44.867950722490775], [-1.096662779875436, 44.86767758868091], [-1.096903361126985, 44.86741998347264], [-1.097178287639986, 44.867180387510786], [-1.097322394823038, 44.86707733079163], [-1.09720476234529, 44.86680431640095], [-1.097118733682897, 44.86650118584657], [-1.097074900068766, 44.86619351833478], [-1.097073682956917, 44.865884276922884], [-1.097115093366913, 44.86557643977613], [-1.09719873180472, 44.865272971486384], [-1.097323792136527, 44.86497679452328], [-1.097489069377232, 44.86469076109291], [-1.097692971317611, 44.864417625674974], [-1.097933533877338, 44.86416001850244], [-1.09820844003526, 44.86392042023903], [-1.098352626345912, 44.863817298362804], [-1.098235025890277, 44.86354435544455], [-1.098148996660664, 44.86324122600381], [-1.098105159946657, 44.86293355921891], [-1.098103937232217, 44.86262431814025], [-1.098145339590944, 44.862316480929806], [-1.098228967606418, 44.86201301218011], [-1.098354015245268, 44.861716834365204], [-1.098519277644692, 44.86143079969939], [-1.098723162738439, 44.86115766267429], [-1.098963706608458, 44.86090005353834], [-1.099238592413601, 44.86066045297418], [-1.099545172712525, 44.860441168217356], [-1.099880494965406, 44.86024431084592], [-1.10024132996866, 44.86007177645457], [-1.100624202948824, 44.859925226408535], [-1.101025427016344, 44.85980607185287], [-1.101441138657482, 44.85971546013043], [-1.101867334923111, 44.85965426373931], [-1.102299911956962, 44.859623071935644], [-1.102734704493163, 44.859622185062584], [-1.103167525943609, 44.85965161165972], [-1.10359420869013, 44.85971106838098], [-1.104010644194463, 44.85979998272149], [-1.104412822540753, 44.859917498527466], [-1.104796871030729, 44.86006248423604], [-1.105159091460726, 44.86023354376597], [-1.105495995722301, 44.8604290299546], [-1.105733947247082, 44.86059728620573], [-1.10580515411831, 44.860576135903095], [-1.106220863746969, 44.86048550626112], [-1.106647060647228, 44.86042429150627], [-1.107079640956695, 44.8603930810715], [-1.10751443937795, 44.86039217547934], [-1.107947269266232, 44.86042158344966], [-1.108373962922144, 44.86048102181571], [-1.108754905329988, 44.86056233902205], [-1.108828956477574, 44.86029342323402], [-1.108885761839882, 44.860158809357515], [-1.10873284821875, 44.86014842132636], [-1.108306156710017, 44.860088984345936], [-1.107889712262559, 44.86000008610952], [-1.107487526049839, 44.85988258289564], [-1.10710347184406, 44.85973760650305], [-1.10674124869045, 44.8595665533441], [-1.106404345268315, 44.85937107098834], [-1.106096006282684, 44.85915304228659], [-1.105819201210618, 44.85891456722852], [-1.105576595703367, 44.85865794270876], [-1.105370525919801, 44.85838564039698], [-1.105202976038109, 44.858100282925385], [-1.10507555916193, 44.85780461862307], [-1.104989501804251, 44.8575014950413], [-1.104945632097747, 44.85719383152445], [-1.104944371844276, 44.85688459109138], [-1.104985732479106, 44.856576751898], [-1.105069314987759, 44.8562732785559], [-1.105194313775205, 44.85597709358343], [-1.105359524449161, 44.855691049263875], [-1.105563355441538, 44.85541790018183], [-1.105803843355288, 44.85516027670187], [-1.106078671888098, 44.85492065964482], [-1.106385194150098, 44.854701356405066], [-1.106720458160272, 44.85450447873864], [-1.107081235275796, 44.85433192243574], [-1.107464051280533, 44.854185349072544], [-1.107865219833453, 44.854066170018676], [-1.108280877955265, 44.853975532852864], [-1.108707023212075, 44.853914310318224], [-1.109139552238679, 44.85388309192262], [-1.109574300231378, 44.85388217826523], [-1.110007081030898, 44.85391157814361], [-1.110433727410442, 44.85397100846891], [-1.110812779286907, 44.85405192366345], [-1.110889428004016, 44.85377350463295], [-1.111014390536845, 44.85347731334655], [-1.111179564217537, 44.85319126059677], [-1.11138335783424, 44.85291810104944], [-1.111623808349806, 44.85266046516993], [-1.111898599822013, 44.852420833898485], [-1.112040167170777, 44.85231952962442], [-1.111926093260036, 44.852054882171615], [-1.111840007742057, 44.851751764462776], [-1.111796105003173, 44.85144410422418], [-1.111794807163525, 44.851134864443154], [-1.111836126020502, 44.850827023269396], [-1.111919662962087, 44.85052354533361], [-1.112044612832173, 44.850227353198406], [-1.11220977170963, 44.849941299216106], [-1.112413548525215, 44.849668138064395], [-1.112653980403612, 44.84941050022409], [-1.112928751582104, 44.84917086665437], [-1.113066050215259, 44.849072608895895], [-1.112946356532262, 44.84879492081474], [-1.112860270504709, 44.84849180421677], [-1.112816364725666, 44.84818414470624], [-1.11281506134464, 44.847874905263474], [-1.112856372212466, 44.847567064034884], [-1.112939898794142, 44.8472635856517], [-1.113064836033403, 44.8469673926809], [-1.113229980130821, 44.84668133748283], [-1.113433740159533, 44.84640817474687], [-1.113674153405925, 44.84615053496913], [-1.113948904286726, 44.845910899127425], [-1.114255346659808, 44.84569157479707], [-1.114590529313389, 44.84549467393722], [-1.114951224387975, 44.84532209256135], [-1.115333958457312, 44.84517549248719], [-1.115735045969212, 44.84505628534152], [-1.116150624724598, 44.844965618973625], [-1.116576693053651, 44.84490436640777], [-1.117009148331763, 44.84487311744098], [-1.117443826465224, 44.84487217296688], [-1.117876541967318, 44.844901542079675], [-1.118303128239902, 44.844960941986784], [-1.11871947767357, 44.84504980073041], [-1.119121581181209, 44.84516726269211], [-1.119505566785206, 44.845312196827486], [-1.119867736887535, 44.845483207551936], [-1.120204603864532, 44.84567864817278], [-1.120446442954951, 44.84584963370814], [-1.120524772626901, 44.84582634955058], [-1.120940349347713, 44.845735665226485], [-1.121366418293795, 44.84567439425908], [-1.12179887683458, 44.84564312662256], [-1.122233560844937, 44.84564216339029], [-1.122666284781572, 44.84567151383712], [-1.123092881965149, 44.84573089535019], [-1.123509244681232, 44.84581973614884], [-1.123911363714854, 44.84593718078739], [-1.124295366938953, 44.84608209838829], [-1.124657556585891, 44.84625309352613], [-1.124994444843865, 44.84644851965833], [-1.125223550280999, 44.846610480430705], [-1.125304500078222, 44.846586413645085], [-1.125720074705039, 44.84649571140289], [-1.126146144201657, 44.846434422072726], [-1.126578605932195, 44.84640313580565], [-1.127013295740801, 44.846402153854356], [-1.127446028028361, 44.84643148567399], [-1.127872636035147, 44.84649084883104], [-1.128255960104267, 44.846572621045084], [-1.128329765106105, 44.84630418211274], [-1.128386800464316, 44.84616886878365], [-1.128234089423228, 44.8461585190516], [-1.127807483558299, 44.8460991572902], [-1.127391111973976, 44.84601033260718], [-1.126988985141908, 44.84589290057261], [-1.126604976262426, 44.845747992299664], [-1.126242783944332, 44.845577003544555], [-1.125905896570153, 44.84538158125659], [-1.125597558690637, 44.84516360770808], [-1.125320739772535, 44.84492518235746], [-1.125078105600851, 44.8446686016207], [-1.124871992610959, 44.84439633674588], [-1.124704385397632, 44.844111010004696], [-1.124576897617137, 44.84381536943043], [-1.124490756465789, 44.843512262345875], [-1.124446790883701, 44.84320460793668], [-1.124445423596476, 44.842895369134105], [-1.124486667070528, 44.84258752407847], [-1.124570123419977, 44.84228403743796], [-1.12469498826497, 44.84198783185911], [-1.124860058503263, 44.84170175982378], [-1.125063743919243, 44.84142857618353], [-1.125304082517754, 44.84117091163588], [-1.125578759434286, 44.84093124739717]], [[-1.103456654294461, 44.890080292041525], [-1.103383156967405, 44.890346961403814], [-1.103326148652495, 44.890481950727846], [-1.103467859554928, 44.89049157957407], [-1.103894777053683, 44.890551035720335], [-1.104272729678735, 44.89063168890568], [-1.104346712744116, 44.89036324244623], [-1.104403528512488, 44.89022870245816], [-1.104252257994802, 44.89021842529565], [-1.103825342647132, 44.89015897052947], [-1.103456654294461, 44.890080292041525]], [[-1.098442927971958, 44.89315648831971], [-1.098526600328448, 44.89285301639376], [-1.098583622594419, 44.892718029433524], [-1.098441906908912, 44.89270839434963], [-1.098014978778398, 44.892648917206586], [-1.097637403535059, 44.892568324211155], [-1.097563269373483, 44.89283718744879], [-1.09743814822874, 44.89313336728081], [-1.097272786974465, 44.89341940319796], [-1.097068777630337, 44.89369254033932], [-1.096828084524235, 44.893950148034484], [-1.096553025389824, 44.89418974514631], [-1.096409562124678, 44.894292290715995], [-1.096527490058412, 44.89456586905222], [-1.096613558544323, 44.894869002740315], [-1.096657412024684, 44.89517667320901], [-1.096658627478169, 44.89548591747446], [-1.096617192496679, 44.895793757346766], [-1.096533505431837, 44.896097228111465], [-1.096476575688028, 44.896231975373674], [-1.096618305501254, 44.896241613354], [-1.097045259480326, 44.89630109593107], [-1.097422298573397, 44.89638157141896], [-1.097496364261892, 44.89611297572208], [-1.097621491741896, 44.89581679555051], [-1.097786858282397, 44.89553075890141], [-1.097990870813612, 44.895257620285435], [-1.09823156418973, 44.89500000996636], [-1.09850662012946, 44.89476040863817], [-1.098650454460369, 44.89465759321658], [-1.098532670061732, 44.89438437452996], [-1.098446591954202, 44.894081242374426], [-1.098402729522107, 44.89377357271673], [-1.098401504496328, 44.89346432863481], [-1.098442927971958, 44.89315648831971]]]}}, {"type": "Feature", "properties": {"nb_detections_cluster": 5, "frp_max": 4.28, "frp_moyen": 3.74, "derniere_detection": "2026-07-25T02:11:00", "fetch_timestamp": "2026-07-25T02:11:00"}, "geometry": {"type": "Polygon", "coordinates": [[[-1.159405368107176, 44.87711222629649], [-1.159711803155833, 44.87689277431015], [-1.160047012606531, 44.876695734243384], [-1.160407768341061, 44.87652300345023], [-1.160790596348521, 44.87637624518726], [-1.161191810171807, 44.87625687260452], [-1.161607546395363, 44.876166035144344], [-1.162033801833059, 44.87610460747843], [-1.162466472058734, 44.8760731810899], [-1.162901390909213, 44.87607205858068], [-1.163334370580321, 44.87610125075931], [-1.163761241930739, 44.876160476536896], [-1.164177894606632, 44.87624916563232], [-1.164580316601596, 44.8763664640607], [-1.164964632871934, 44.876511242352386], [-1.165327142636225, 44.87668210642346], [-1.165664355000724, 44.87687741099348], [-1.165907440425645, 44.877048986300025], [-1.165981536686047, 44.87702693693885], [-1.166397270861485, 44.87693608152609], [-1.166823526904176, 44.876874635460965], [-1.167256200382117, 44.876843190403775], [-1.167691125100813, 44.87684204913621], [-1.168124113199595, 44.876871222647424], [-1.168550995456015, 44.87693043002824], [-1.168967661411259, 44.87701910117475], [-1.169370098931095, 44.877136382274855], [-1.169754432822388, 44.87728114402575], [-1.1701169621341, 44.87745199250284], [-1.170454195784318, 44.87764728257585], [-1.170762886170772, 44.87786513374338], [-1.171040060441548, 44.878103448233674], [-1.171283049125077, 44.878359931197394], [-1.171489511843669, 44.87863211279885], [-1.171657459862755, 44.878917371992685], [-1.171785275258315, 44.87921296175788], [-1.171871726517302, 44.87951603554615], [-1.171915980420102, 44.87982367469019], [-1.171917610089748, 44.8801329165083], [-1.171876599129408, 44.880440782834626], [-1.171793341807271, 44.880744308700415], [-1.171668639286053, 44.881040570890214], [-1.17150369193236, 44.8813267160976], [-1.17130008777907, 44.88159998840949], [-1.171059787250929, 44.88185775585397], [-1.17078510429976, 44.882097535755626], [-1.17047868413037, 44.88231701865413], [-1.170143477731235, 44.88251409055512], [-1.169782713455086, 44.88268685329891], [-1.169399865923037, 44.88283364285039], [-1.168998622551941, 44.882953045333664], [-1.168582848027727, 44.883043910656525], [-1.168156547067412, 44.88310536359357], [-1.167723825829162, 44.88313681222042], [-1.167288852342871, 44.88313795361823], [-1.166855816343321, 44.88310877679281], [-1.16642888889376, 44.8830495627807], [-1.166046543645287, 44.88296819459424], [-1.165973454477672, 44.88323453479626], [-1.165848715710996, 44.88353079068229], [-1.165683731375223, 44.883816927469056], [-1.165480089859411, 44.88409018932451], [-1.165239751948183, 44.884347944377424], [-1.164965031953453, 44.88458771007172], [-1.164658575436862, 44.88480717708389], [-1.164323333737038, 44.88500423157252], [-1.163962535546786, 44.88517697554569], [-1.163579655813953, 44.88532374514904], [-1.163178382265623, 44.88544312669878], [-1.162762579878465, 44.88553397030437], [-1.162336253637944, 44.885595400949555], [-1.161903509945782, 44.8856268269247], [-1.161468517048202, 44.885627945529116], [-1.161035464866987, 44.88559874598822], [-1.160608524621268, 44.88553950955726], [-1.160191808629856, 44.88545080681102], [-1.159789330682374, 44.88533349214508], [-1.159404967361698, 44.88518869554213], [-1.15904242069113, 44.885017811682864], [-1.158705182466722, 44.88482248650626], [-1.158472342527018, 44.8846581351048], [-1.15838810900539, 44.88468319104015], [-1.157972304495974, 44.8847740166913], [-1.157545978785706, 44.88483542893525], [-1.157113238271218, 44.88486683623958], [-1.156678251168129, 44.88486793608353], [-1.156245207342401, 44.884838717873095], [-1.155818277932659, 44.88477946304346], [-1.155446141800689, 44.884700231173746], [-1.155373444601915, 44.88496494591419], [-1.155248646049897, 44.88526119005344], [-1.155083602598768, 44.885547311246995], [-1.154879903207003, 44.885820553813], [-1.154639509216733, 44.88607828606588], [-1.154364735480101, 44.88631802566915], [-1.154058228076489, 44.886537463550525], [-1.153722938834779, 44.886734486149194], [-1.153362096905828, 44.8869071957803], [-1.1529791776589, 44.88705392892027], [-1.152577869201802, 44.887173272236545], [-1.15216203684756, 44.88726407620678], [-1.151735685870378, 44.88732546619654], [-1.151302922910323, 44.88735685088775], [-1.150867916399252, 44.887357927977384], [-1.150434856390105, 44.88732868709072], [-1.150007914177402, 44.88726940988134], [-1.149591202098869, 44.88718066731671], [-1.149188733906378, 44.88706331417599], [-1.148804386088758, 44.886918480812426], [-1.148441860519874, 44.88674756226078], [-1.148104648792403, 44.88655220479419], [-1.147795998581387, 44.88633429006069], [-1.147518882361904, 44.88609591695234], [-1.147275968782322, 44.885839381382034], [-1.147069596968846, 44.88556715416291], [-1.146901754008627, 44.88528185720414], [-1.146774055827857, 44.88498623825226], [-1.146687731648495, 44.88468314442201], [-1.146643612172514, 44.884375494771476], [-1.146642121606674, 44.884066252186265], [-1.146683273603601, 44.883758394843255], [-1.146766671157308, 44.88345488752912], [-1.146891510453071, 44.88315865308959], [-1.147056588633625, 44.88287254428459], [-1.147260315405861, 44.88259931631992], [-1.147500728375432, 44.882341600319975], [-1.147775511960833, 44.882101877996696], [-1.148082019704196, 44.881882457758294], [-1.148417299763585, 44.88168545248756], [-1.148778123341011, 44.88151275920346], [-1.149161015772455, 44.88136604080136], [-1.149562289980609, 44.88124671004746], [-1.149978081968616, 44.881155915981296], [-1.150404388013524, 44.88109453285676], [-1.15083710320199, 44.88106315172805], [-1.151272060937988, 44.8810620747613], [-1.151705073042979, 44.88109131232652], [-1.152131970063374, 44.8811505828978], [-1.152504077988001, 44.88122982578321], [-1.152576783879804, 44.880965113231284], [-1.152701586980683, 44.880668872493715], [-1.152866628229959, 44.88038275527783], [-1.153070317690163, 44.88010951687046], [-1.153310693326236, 44.879851788496644], [-1.15358543991614, 44.87961205198744], [-1.153891911358208, 44.87939261588772], [-1.154227156160001, 44.87919559323302], [-1.154587945862968, 44.87902288120972], [-1.1549708061292, 44.87887614289363], [-1.155372050191035, 44.87875679124275], [-1.155787814341827, 44.8786659754978], [-1.156214095126601, 44.87860457012144], [-1.156646787875184, 44.87857316638212], [-1.157081726207579, 44.8785720666637], [-1.157514722132049, 44.87860128155525], [-1.157941606350793, 44.878660529749176], [-1.158321125924725, 44.878741332867705], [-1.158396897247777, 44.87846533932841], [-1.158521664081309, 44.87816909228464], [-1.158686668321328, 44.877882966646006], [-1.158890320386756, 44.87760971778048], [-1.159130658602616, 44.877351977013824], [-1.159405368107176, 44.87711222629649]]]}}, {"type": "Feature", "properties": {"nb_detections_cluster": 2, "frp_max": 5.32, "frp_moyen": 3.78, "derniere_detection": "2026-07-25T02:11:00", "fetch_timestamp": "2026-07-25T02:11:00"}, "geometry": {"type": "Polygon", "coordinates": [[[-1.115605415715308, 44.904330909380434], [-1.115912170633488, 44.90411157642488], [-1.116247696411603, 44.90391466692334], [-1.116608761885927, 44.9037420769725], [-1.116991890063578, 44.90359546847262], [-1.11739339159767, 44.903476253131615], [-1.11780940030287, 44.90338557887766], [-1.118235910369903, 44.90332431881093], [-1.118668814921318, 44.90329306280075], [-1.119103945538079, 44.903292111808454], [-1.11953711237727, 44.90332147499106], [-1.119964144495569, 44.9033808696131], [-1.120380929991194, 44.903469723767664], [-1.120783455578752, 44.9035871818805], [-1.121167845216832, 44.9037321129443], [-1.12153039741718, 44.903903121404056], [-1.121867620876915, 44.9040985605889], [-1.122098323631599, 44.90426149904202], [-1.122183118218922, 44.90423631739409], [-1.122599124818564, 44.90414562518521], [-1.123025635432676, 44.904084346717674], [-1.123458543178519, 44.90405307203795], [-1.123893679606298, 44.90405210228715], [-1.124326854817152, 44.90408144680295], [-1.124753897787169, 44.90414082302956], [-1.125170696510109, 44.904229659237245], [-1.125573237573256, 44.90434710002455], [-1.125957644786234, 44.904492014551], [-1.126320216491613, 44.904663007420844], [-1.126657461198757, 44.90485843211334], [-1.126966131198281, 44.90507640683072], [-1.127243253833837, 44.90531483261135], [-1.127486160130237, 44.90557141353412], [-1.127692510502245, 44.90584367881977], [-1.127860317296226, 44.90612900661692], [-1.127987963947204, 44.90642464924369], [-1.12807422056623, 44.906727759642436], [-1.128118255807249, 44.90703541879304], [-1.128119644898304, 44.907344663820865], [-1.128078373758777, 44.907652516528834], [-1.127994839162005, 44.90795601207909], [-1.127869844940671, 44.90825222754787], [-1.127704594270472, 44.90853831007847], [-1.12750067810545, 44.90881150436116], [-1.127260059875459, 44.90906917917538], [-1.12698505659242, 44.90930885273766], [-1.126678316546732, 44.90952821661169], [-1.126342793808234, 44.90972515794939], [-1.12598171977707, 44.9098977798485], [-1.125598572058441, 44.910044419630424], [-1.125197040961188, 44.91016366486177], [-1.124780993943234, 44.91025436696495], [-1.124354438346862, 44.910315652286656], [-1.123921482783452, 44.91034693051705], [-1.123486297540402, 44.91034790037851], [-1.123053074392515, 44.91031855252915], [-1.1226259862059, 44.91025916965282], [-1.122209146724444, 44.91017032373484], [-1.121806570927187, 44.91005287054983], [-1.121422136339322, 44.90990794141467], [-1.121059545670277, 44.90973693228655], [-1.120722291139454, 44.909541490310986], [-1.12049157067207, 44.90937854873674], [-1.120406767554891, 44.909403729133466], [-1.119990718429154, 44.90949441327994], [-1.119564163378778, 44.90955568019887], [-1.1191312110099, 44.909586939757595], [-1.118696031579154, 44.909587890858425], [-1.118262816805347, 44.90955852434014], [-1.117835739473908, 44.90949912306643], [-1.117418913224131, 44.90941025919981], [-1.117016352907566, 44.90929278868775], [-1.116631935900244, 44.90914784301405], [-1.1162693647422, 44.90897681829521], [-1.115932131464852, 44.90878136182688], [-1.115623483950328, 44.9085633562106], [-1.115346394647169, 44.90832490121369], [-1.115103531943856, 44.908068293537625], [-1.11489723447589, 44.90779600468992], [-1.114729488613646, 44.90751065717313], [-1.114601909347413, 44.907214999220585], [-1.114515724753154, 44.90691187832239], [-1.11447176418783, 44.906604213797216], [-1.11447045032714, 44.90629496867364], [-1.114511795121385, 44.90598712115284], [-1.114595399707394, 44.90568363592665], [-1.114720458276311, 44.90538743562791], [-1.114885765859001, 44.90510137268755], [-1.115089729953091, 44.904828201869535], [-1.115330385878859, 44.904570553747796], [-1.115605415715308, 44.904330909380434]]]}}, {"type": "Feature", "properties": {"nb_detections_cluster": 1, "frp_max": 3.99, "frp_moyen": 3.99, "derniere_detection": "2026-07-25T02:11:00", "fetch_timestamp": "2026-07-25T02:11:00"}, "geometry": {"type": "Polygon", "coordinates": [[[-1.118059831778375, 44.91185063728006], [-1.118334885641463, 44.91161098562193], [-1.118641669690283, 44.91139164464134], [-1.118977229422445, 44.911194726457786], [-1.119338333347214, 44.911022127251535], [-1.119721504101434, 44.91087550901201], [-1.120123051928243, 44.910756283540906], [-1.120539110196577, 44.910665598863915], [-1.120965672619965, 44.91060432818162], [-1.121398631816882, 44.91057306146549], [-1.121833818842199, 44.91057209978001], [-1.122267043309936, 44.91060145238515], [-1.122694133721962, 44.910660836647274], [-1.123110977615285, 44.910749680759245], [-1.123513561142288, 44.910867129243506], [-1.123898007703736, 44.91101205118549], [-1.124260615263313, 44.91118305111798], [-1.124597891985117, 44.911378482452264], [-1.124906589851441, 44.91159646332662], [-1.125183735937529, 44.91183489472008], [-1.125426661042284, 44.912091480657516], [-1.12563302539924, 44.91236375031139], [-1.125800841219961, 44.91264908178823], [-1.125928491852395, 44.912944727370686], [-1.126014747369094, 44.913247839972676], [-1.126058776434456, 44.91355550055284], [-1.126060154335829, 44.91386474622273], [-1.126018867100195, 44.91417259877911], [-1.125935311655754, 44.914476093385574], [-1.125810292035823, 44.914772307127414], [-1.125645011660586, 44.91505838716453], [-1.125441061770071, 44.915331578211244], [-1.125200406118865, 44.91558924907811], [-1.124925362079247, 44.91582891801967], [-1.124618578334127, 44.91604827664412], [-1.124283009374227, 44.916245212153925], [-1.123921887044895, 44.91641782770297], [-1.12353868941657, 44.9165644606738], [-1.123137107278867, 44.91668369869861], [-1.122721008581398, 44.91677439326924], [-1.122294401164306, 44.91683567080496], [-1.121861394138194, 44.91686694107086], [-1.121426158286245, 44.916867902866066], [-1.120992885870816, 44.91683854692642], [-1.120565750232642, 44.91677915601368], [-1.120148865572731, 44.91669030219056], [-1.119746247305336, 44.91657284130779], [-1.119361773364748, 44.91642790475646], [-1.118999146839444, 44.916256888565165], [-1.118661860294174, 44.91606143994746], [-1.118353162124149, 44.915843441429246], [-1.118076025265801, 44.91560499270951], [-1.117833118565606, 44.91534839042928], [-1.117626781082755, 44.91507610604409], [-1.117458999572929, 44.91479076201357], [-1.11733138936963, 44.91449510653746], [-1.117245178846637, 44.91419198708207], [-1.117201197610467, 44.91388432295212], [-1.117199868535727, 44.91357507717249], [-1.117241203719051, 44.913267227950605], [-1.117324804389641, 44.912963739994765], [-1.11744986477616, 44.91266753596409], [-1.117615179891787, 44.91238146832547], [-1.117819157161445, 44.91210829188811], [-1.118059831778375, 44.91185063728006]]]}}, {"type": "Feature", "properties": {"nb_detections_cluster": 1, "frp_max": 4.51, "frp_moyen": 4.51, "derniere_detection": "2026-07-25T02:11:00", "fetch_timestamp": "2026-07-25T02:11:00"}, "geometry": {"type": "Polygon", "coordinates": [[[-1.094087830938902, 44.876950289374186], [-1.094394520307043, 44.87673101770501], [-1.094729957910138, 44.87653417487036], [-1.095090913433884, 44.87636165632485], [-1.095473910944377, 44.876215123281206], [-1.095875262353069, 44.87609598672069], [-1.096291102920209, 44.87600539381291], [-1.096717428455429, 44.87594421687474], [-1.097150133857937, 44.875913044975064], [-1.097585052626017, 44.875912178265324], [-1.098017996956289, 44.875941625091016], [-1.098444798047564, 44.87600110191125], [-1.098861346222202, 44.87609003602762], [-1.099263630479555, 44.87620757109592], [-1.099647777101599, 44.87635257536783], [-1.100010086939756, 44.87652365258333], [-1.100347071024606, 44.87671915540949], [-1.100655484156103, 44.876937201296066], [-1.100932356151203, 44.877175690596026], [-1.101175020448198, 44.87743232677648], [-1.101381139792269, 44.877704638525984], [-1.101548728754705, 44.87799000354552], [-1.101676172868527, 44.87828567379463], [-1.101762244195651, 44.87858880194949], [-1.101806113174952, 44.87889646881887], [-1.101807356636261, 44.87920571145359], [-1.101765961902152, 44.87951355167944], [-1.101682326937031, 44.87981702477865], [-1.101557256541009, 44.8801132080435], [-1.101391954624232, 44.88039924892726], [-1.101188012635106, 44.88067239252124], [-1.10094739425297, 44.880930008092875], [-1.100672416491911, 44.88116961442922], [-1.100365727397143, 44.881388903741374], [-1.100030280548287, 44.88158576389932], [-1.099669306614957, 44.881758298782636], [-1.099286282238527, 44.88190484655084], [-1.098884896539985, 44.882023995656766], [-1.098469015576826, 44.882114598448695], [-1.098042645091811, 44.88217578222991], [-1.09760989191313, 44.88220695766856], [-1.097174924378509, 44.88220782447719], [-1.096741932165399, 44.88217837430653], [-1.0963150859151, 44.882118890826], [-1.095898497040688, 44.882029946989945], [-1.095496178106879, 44.8819123995161], [-1.095112004164296, 44.881767380629555], [-1.094749675411429, 44.881596287151915], [-1.09441268154458, 44.88140076704108], [-1.09410426813971, 44.88118270351153], [-1.093827405390371, 44.88094419688828], [-1.093584759502961, 44.88068754436999], [-1.093378667024828, 44.88041521789596], [-1.09321111235224, 44.880129840331], [-1.093083708634438, 44.879834160197746], [-1.092997682257107, 44.87953102519983], [-1.092953861053978, 44.87922335479147], [-1.092952666359212, 44.87891411205786], [-1.092994108976157, 44.878606275176985], [-1.093077789100303, 44.87830280873806], [-1.0932029001961, 44.8780066351929], [-1.093368236789332, 44.87772060671467], [-1.093572206098997, 44.87744747773536], [-1.093812843395845, 44.87718987842585], [-1.094087830938902, 44.876950289374186]]]}}, {"type": "Feature", "properties": {"nb_detections_cluster": 25, "frp_max": 11.43, "frp_moyen": 5.58, "derniere_detection": "2026-07-25T02:11:00", "fetch_timestamp": "2026-07-25T02:11:00"}, "geometry": {"type": "Polygon", "coordinates": [[[-1.093749800717258, 44.925069848852765], [-1.094025023238968, 44.924830256417785], [-1.094331974619362, 44.92461098168198], [-1.094667698744985, 44.924414136126885], [-1.095028962542389, 44.92424161523334], [-1.095412287109287, 44.92409508023661], [-1.095813981208055, 44.923975942136806], [-1.096230176799498, 44.92388534811831], [-1.096656866275159, 44.92382417050872], [-1.097089941030408, 44.92379299838334], [-1.097525231007635, 44.92379213189578], [-1.097958544829713, 44.92382157938944], [-1.098385710138222, 44.92388105731694], [-1.098802613749019, 44.9239699929693], [-1.099205241239415, 44.92408752998745], [-1.099589715586712, 44.92423253660434], [-1.099952334486831, 44.92440361653739], [-1.100289605994382, 44.92459912242751], [-1.100518967044612, 44.92476114364049], [-1.100603707712543, 44.9247360063641], [-1.101019901207052, 44.924645394389536], [-1.101446591239459, 44.924584198378284], [-1.101879669199753, 44.92455300758289], [-1.102314964999459, 44.92455212233674], [-1.102748287205396, 44.92458155116382], [-1.103175463378439, 44.92464101069651], [-1.103592380229859, 44.92472992840296], [-1.103995023209519, 44.92484744809691], [-1.104379515145626, 44.92499243817812], [-1.10474215356479, 44.92516350252322], [-1.105079446333727, 44.92535899392325], [-1.105388145279922, 44.925577029938026], [-1.10566527746787, 44.925815511015585], [-1.105908173829915, 44.92607214070224], [-1.106114494875946, 44.926344447749145], [-1.106282253234149, 44.9266298099026], [-1.106409832805375, 44.92692547914974], [-1.10649600434605, 44.92722860817652], [-1.106539937328847, 44.92753627778325], [-1.10654120796603, 44.927845524994446], [-1.106499803317241, 44.928153371591904], [-1.106416121441152, 44.92845685279646], [-1.106290967588496, 44.928753045822376], [-1.106125546472089, 44.92903909802892], [-1.105921450687367, 44.92931225439842], [-1.105680645394052, 44.92956988407521], [-1.105405449405739, 44.929809505710544], [-1.105098512868959, 44.930028811368146], [-1.104762791746248, 44.93022568876056], [-1.104401519348774, 44.93039824160141], [-1.104018175192663, 44.93054480787717], [-1.10361645147916, 44.93066397586244], [-1.103600595064591, 44.93066742813221], [-1.103601439710857, 44.93087564232692], [-1.103560016690804, 44.931183488109035], [-1.103476314388182, 44.93148696737607], [-1.103351138250388, 44.93178315736092], [-1.103185693204825, 44.932069205452116], [-1.102981572077361, 44.93234235667157], [-1.102740740271784, 44.932599980213276], [-1.102465516857035, 44.93283959478754], [-1.102322276243662, 44.9329419272342], [-1.102440369826567, 44.93321563125525], [-1.102526529578092, 44.93351876393081], [-1.102570445713363, 44.93382643568628], [-1.102571694606722, 44.93413568352546], [-1.10253026352706, 44.93444352922406], [-1.102446550787451, 44.934747008011556], [-1.102321361935741, 44.93504319712548], [-1.102155902021713, 44.93532924396275], [-1.101951764014384, 44.93560239355733], [-1.10171091348007, 44.93586001511884], [-1.101435669668068, 44.93609962737666], [-1.101128683185515, 44.936318922484794], [-1.10079291047602, 44.93651578825743], [-1.100431585347661, 44.93668832852005], [-1.100048187824515, 44.93683488138031], [-1.09964641062193, 44.936954035242], [-1.09923012356875, 44.9370446424076], [-1.098803336319744, 44.93710583013822], [-1.098370159718025, 44.93713700906402], [-1.097934766180462, 44.937137878863886], [-1.097501349488526, 44.93710843115977], [-1.09707408437283, 44.93704894959735], [-1.096700606355588, 44.936969289695604], [-1.096626663426842, 44.93723723403426], [-1.096501438281364, 44.93753341681331], [-1.096335941337707, 44.93781945519985], [-1.096131765921532, 44.93809259430921], [-1.095890877959472, 44.93835020345193], [-1.095615597061347, 44.93858980147699], [-1.095308574191541, 44.93880908067547], [-1.094972766144197, 44.93900592901475], [-1.094611407067827, 44.93917845048823], [-1.094227977313569, 44.93932498338452], [-1.093826169907292, 44.93944411629969], [-1.093409854968837, 44.939534701737976], [-1.092983042421633, 44.939595867169764], [-1.092549843352528, 44.939627023439996], [-1.092114430394845, 44.93962787044581], [-1.091680997517144, 44.93959840002866], [-1.091253719605958, 44.93953889605304], [-1.090871356541425, 44.93945732276014], [-1.090796775917645, 44.93972746043916], [-1.09067151442305, 44.940023636869924], [-1.090505980396376, 44.940309666788785], [-1.090301767520443, 44.940582795392515], [-1.090060842082697, 44.94084039209291], [-1.089785524053935, 44.94107997585866], [-1.089642882396866, 44.94118183296651], [-1.089761176736797, 44.94145611987105], [-1.089847280612246, 44.941759263113674], [-1.089891133637779, 44.94206694062885], [-1.089892312795276, 44.942376189364786], [-1.089850806025013, 44.94268403108848], [-1.089767012368847, 44.94298750106764], [-1.089641738153783, 44.9432836766245], [-1.089476189251659, 44.943569705286514], [-1.089271959488503, 44.94384283226259], [-1.089031015314363, 44.94410042698017], [-1.088755676880467, 44.94434000842708], [-1.088448595705392, 44.94455926905406], [-1.088112729144911, 44.94475609700732], [-1.087751311911202, 44.94492859647665], [-1.087367824915655, 44.94507510596253], [-1.086965961735585, 44.94519421428654], [-1.086549593028155, 44.94528477418976], [-1.086122729234806, 44.945345913388536], [-1.085689481936094, 44.94537704298047], [-1.085254024229987, 44.94537786311967], [-1.084820550516141, 44.94534836590642], [-1.084393236074481, 44.94528883546324], [-1.083976196828413, 44.945199845196846], [-1.083573449681178, 44.945082252272215], [-1.083188873808306, 44.94493718935219], [-1.082826173279808, 44.94476605368253], [-1.082488841372805, 44.94457049362752], [-1.082250498294275, 44.94440210903696], [-1.082175687860582, 44.944424278486245], [-1.08175931713483, 44.94451482043041], [-1.081332453980591, 44.944575941224706], [-1.080899209972283, 44.94460705214408], [-1.080463758176184, 44.94460785352247], [-1.080030292935014, 44.944578337640856], [-1.079602989447067, 44.94451878880157], [-1.079185963530206, 44.94442978058856], [-1.078783231959247, 44.94431217033961], [-1.078398673759631, 44.944167090884456], [-1.078035992831089, 44.94399593962813], [-1.077698682261896, 44.94380036508502], [-1.077389990678052, 44.943582250993856], [-1.077112890951835, 44.94334369816664], [-1.076870051571269, 44.94308700424698], [-1.076663810946283, 44.942814641572866], [-1.076496154898769, 44.94252923335772], [-1.076368697552952, 44.94223352841929], [-1.076282665809521, 44.9419303747], [-1.076238887552331, 44.94162269183433], [-1.076237783700357, 44.94131344302728], [-1.076279364180517, 44.94100560651525], [-1.076363227859122, 44.94070214688381], [-1.076488566431562, 44.940405986519075], [-1.076654172231751, 44.94011997746719], [-1.076858449885177, 44.939846873972925], [-1.07709943169244, 44.93958930596172], [-1.077374796594418, 44.939349753720066], [-1.077517268647104, 44.93924804606411], [-1.077398961784322, 44.938973567523455], [-1.077312929472672, 44.93867041489478], [-1.077269148108007, 44.938362732732664], [-1.077268038639313, 44.938053484235354], [-1.077309611047683, 44.93774564763622], [-1.077393464277245, 44.937442187521725], [-1.077450027812406, 44.93730852094966], [-1.077300224182718, 44.937298315184876], [-1.076872979059331, 44.93723875598243], [-1.076456011606855, 44.93714973772246], [-1.076053338036878, 44.93703211783954], [-1.075668836816104, 44.936887029256226], [-1.075306211295378, 44.936715869465445], [-1.074968954029252, 44.93652028706379], [-1.074660313130307, 44.93630216586564], [-1.074383260982644, 44.936063606751475], [-1.074140465616072, 44.93580690742543], [-1.07393426501666, 44.93553454027757], [-1.073766644620894, 44.93524912856438], [-1.073639218209748, 44.93495342113726], [-1.073553212386118, 44.93465026596259], [-1.073509454784385, 44.93434258268888], [-1.073508366124768, 44.934033334525026], [-1.073549956188061, 44.9337254997012], [-1.073633823748471, 44.93342204278672], [-1.073690326757545, 44.93328853289535], [-1.073540060996345, 44.9332782897959], [-1.073112850488058, 44.9332187162144], [-1.072695918888955, 44.9331296839585], [-1.072293282065218, 44.933012050597554], [-1.071908818129543, 44.932866949183975], [-1.071546230073586, 44.93269577733421], [-1.071209010090995, 44.932500183761036], [-1.070900405935203, 44.932282052386405], [-1.070623389636388, 44.93204348418884], [-1.070380628879066, 44.9317867769599], [-1.070174461315977, 44.93151440316575], [-1.070006872065453, 44.9312289861269], [-1.069879474608538, 44.93093327474599], [-1.069793495269336, 44.93063011702748], [-1.06974976142723, 44.93032243264434], [-1.06974869357371, 44.93001318481611], [-1.069790301289296, 44.929705351769755], [-1.069874183178305, 44.92940189805739], [-1.069934739438624, 44.929258825415296], [-1.069779897948984, 44.92924826437563], [-1.069352722127995, 44.92918867641573], [-1.068935826452431, 44.92909963016479], [-1.068533226442386, 44.92898198332707], [-1.068148799855902, 44.9288368690847], [-1.067786249324831, 44.92866568517772], [-1.067449066681334, 44.92847008043502], [-1.067220980334351, 44.92830883514603], [-1.067134461152393, 44.92833446787997], [-1.066718185587294, 44.9284249530623], [-1.066291428493314, 44.928486015817505], [-1.065858300423181, 44.928517067979534], [-1.065422973326285, 44.92851781044829], [-1.064989640344021, 44.92848823607218], [-1.06456247540051, 44.92842862971697], [-1.064145592978884, 44.9283395655206], [-1.063743008471531, 44.9282219013601], [-1.063358599487121, 44.928076770584475], [-1.062996068487906, 44.92790557109299], [-1.06265890711786, 44.927709951864664], [-1.062350362565769, 44.92749179706853], [-1.062073406287645, 44.92725320790862], [-1.061830705389843, 44.92699648237844], [-1.06162459694853, 44.92672409312032], [-1.061457065512598, 44.9264386636037], [-1.061329724006286, 44.92614294285135], [-1.061243798214874, 44.92583977895792], [-1.061200115002104, 44.925532091655775], [-1.061199094371966, 44.92522284419258], [-1.06124074545031, 44.92491501479165], [-1.061324666423994, 44.924611567970004], [-1.061450048437097, 44.92431542599028], [-1.061475688557041, 44.92427115597499], [-1.061146162821511, 44.92411552435704], [-1.060809030681431, 44.92391989974082], [-1.060500514168858, 44.923701740058874], [-1.060223584469732, 44.92346314656232], [-1.059980908434424, 44.92320641728636], [-1.059774822899669, 44.9229340249095], [-1.059607312193779, 44.92264859293112], [-1.059479989041395, 44.92235287039771], [-1.0593940790511, 44.922049705421074], [-1.059350408934538, 44.92174201774398], [-1.05934939856966, 44.9214327706177], [-1.059391056983551, 44.92112494226229], [-1.059474982292525, 44.92082149718471], [-1.059535378204285, 44.92067885006418], [-1.059379417789334, 44.92066819637936], [-1.058952318350944, 44.9206085686052], [-1.058535502946893, 44.9205194835786], [-1.058132986323939, 44.92040179937726], [-1.057748645436775, 44.92025664954321], [-1.057386182091649, 44.920085432159304], [-1.057049087280819, 44.919889796376836], [-1.056740607551935, 44.91967162652429], [-1.056463713736623, 44.91943302395073], [-1.056221072339628, 44.91917628677877], [-1.056015019864072, 44.9189038877629], [-1.055847540319891, 44.91861845046647], [-1.055720246131646, 44.91832272398714], [-1.055634362629024, 44.918019556474725], [-1.055590716268646, 44.91771186769638], [-1.055589726699763, 44.917402620913954], [-1.055631402749288, 44.91709479434417], [-1.0557153423638, 44.91679135247674], [-1.055840736508079, 44.91649521752659], [-1.056006376981559, 44.91620924129501], [-1.056210668076488, 44.91593617771059], [-1.056451641964658, 44.91567865631433], [-1.05672697766378, 44.915439156943805], [-1.057034023400251, 44.91521998585989], [-1.057369822152582, 44.915023253545925], [-1.057731140129238, 44.91485085439223], [-1.058114497906678, 44.91470444846174], [-1.058516203927873, 44.91458544551169], [-1.058932390039107, 44.9144949914251], [-1.059359048723407, 44.91443395718214], [-1.059792071672716, 44.91440293047763], [-1.06022728932825, 44.91440221006496], [-1.060660511009142, 44.91443180288095], [-1.06108756524399, 44.914491423978966], [-1.061504339917878, 44.914580499271366], [-1.061906821849289, 44.914698171054575], [-1.062291135416704, 44.914843306263755], [-1.06265357986376, 44.915014507378075], [-1.06299066492444, 44.9152101258715], [-1.063299144425785, 44.91542827807992], [-1.063576047544917, 44.91566686333236], [-1.063818707419549, 44.91592358417183], [-1.064024786836472, 44.91619596847147], [-1.06419230075041, 44.9164813932335], [-1.064319635415991, 44.91677710984191], [-1.064405563948006, 44.91708027052626], [-1.064449258159381, 44.917387955781784], [-1.064450296561977, 44.917697202481996], [-1.064408668452232, 44.91800503241335], [-1.064324774041262, 44.91830848095692], [-1.064264392858766, 44.9184511305774], [-1.064420348037858, 44.91846177740006], [-1.064847436943716, 44.91852138412223], [-1.065264247524154, 44.91861044542253], [-1.065666766251979, 44.91872810373206], [-1.066051117151418, 44.918873226115764], [-1.066413599106693, 44.91904441517634], [-1.066750721490664, 44.91924002250375], [-1.066978793984283, 44.919401285546094], [-1.067065623742939, 44.919375556913856], [-1.067481831601973, 44.91928507067761], [-1.06790851741115, 44.919224003521784], [-1.068341572601244, 44.919192943458135], [-1.068776827303055, 44.91919218956128], [-1.069210090479066, 44.919221749090404], [-1.069637190258397, 44.91928133741945], [-1.070054014087683, 44.9193703807763], [-1.0704565483122, 44.91948802176484], [-1.070840916807007, 44.91963312761681], [-1.071203418286956, 44.919804301094096], [-1.071540561936958, 44.919999893936755], [-1.071849101019982, 44.92021802272772], [-1.072126064139494, 44.920456587021526], [-1.0723687838555, 44.92071328956305], [-1.072574922378584, 44.92098565840169], [-1.072742494094301, 44.921271070688555], [-1.072869884700644, 44.921566777927865], [-1.072955866773649, 44.92186993243942], [-1.072999611610559, 44.922177614777944], [-1.073000697235597, 44.92248686184516], [-1.072959112490307, 44.922794695423974], [-1.07287525716803, 44.923098150860426], [-1.072749938190233, 44.92339430561671], [-1.072724196660013, 44.92343876944918], [-1.073053512577109, 44.9235942543563], [-1.073390685454865, 44.92378984181066], [-1.073628905943977, 44.92395823840417], [-1.073705150576251, 44.923935642717005], [-1.074121381556811, 44.92384513149127], [-1.074548094820889, 44.923784038760296], [-1.074981181534908, 44.923752952782145], [-1.075416471526168, 44.92375217288093], [-1.075849773417408, 44.92378170656626], [-1.07627691496503, 44.923841269460866], [-1.076693783213575, 44.923930288037596], [-1.077096364080693, 44.92404790513895], [-1.077480780992415, 44.92419298822665], [-1.077843332197473, 44.924364140281796], [-1.078180526402052, 44.92455971325074], [-1.07841893127843, 44.92472821746789], [-1.0784948768029, 44.924705706884914], [-1.078911105768276, 44.924615177701284], [-1.079337819672733, 44.92455406656748], [-1.079770909676516, 44.9245229619187], [-1.080206205575241, 44.92452216325889], [-1.080639515934772, 44.924551678278256], [-1.081066668429998, 44.92461122277928], [-1.081483550000074, 44.92470022341191], [-1.081886146434419, 44.924817823191404], [-1.082270581009222, 44.92496288974634], [-1.082633151803186, 44.92513402621698], [-1.082970367333932, 44.925329584699774], [-1.083208956608404, 44.925498196516074], [-1.083284603027574, 44.925475771064306], [-1.083700829976178, 44.92538522392312], [-1.084127544519463, 44.92532409438672], [-1.084560637811504, 44.925292971067435], [-1.084995939616252, 44.92529215364902], [-1.085429258442715, 44.92532165000229], [-1.085856421884271, 44.92538117610949], [-1.086273316774708, 44.925470158797665], [-1.086675928775227, 44.92558774125486], [-1.087060381012177, 44.92573279127645], [-1.087422971394249, 44.925903912161914], [-1.087760208250506, 44.92609945615778], [-1.087991968739431, 44.9262632199912], [-1.088084328990275, 44.92623583539952], [-1.088500553830177, 44.92614527026397], [-1.088927268923766, 44.92608412228696], [-1.089360365419803, 44.92605298025842], [-1.089795673051385, 44.92605214404224], [-1.09022900027142, 44.92608162169024], [-1.09065617459249, 44.92614112936475], [-1.091073082743655, 44.92623009407035], [-1.091475710258472, 44.92634765916819], [-1.091860180113952, 44.926492692620855], [-1.092222790049192, 44.92666379788735], [-1.092560048205033, 44.92685932736461], [-1.092799006939201, 44.927028154738395], [-1.092874055211064, 44.927005899601824], [-1.092889693036479, 44.92700249635577], [-1.092888887532466, 44.92679410743958], [-1.09293036587287, 44.92648626604255], [-1.093014117766857, 44.926182795174874], [-1.093139335986583, 44.925886617330924], [-1.093304814025172, 44.92560058472531], [-1.093508957738571, 44.92532745182972], [-1.093749800717258, 44.925069848852765]], [[-1.088523709119141, 44.93225886321659], [-1.088106760200719, 44.93216988878767], [-1.087704097954204, 44.93205231128082], [-1.087319600737306, 44.931907263210434], [-1.08695697186241, 44.93173614167918], [-1.086619703916518, 44.93154059491521], [-1.086387925628556, 44.93137682796094], [-1.086295556084202, 44.93140421118527], [-1.085879288659699, 44.93149476820667], [-1.085452529081403, 44.93155590458149], [-1.085019387925914, 44.93158703143449], [-1.08458403726864, 44.9315878489462], [-1.084150670477955, 44.93155834924217], [-1.083723461803713, 44.931498816468945], [-1.083347630031345, 44.93141859751433], [-1.08327605625491, 44.93167774994118], [-1.083215388672802, 44.931821167391924], [-1.083369447163597, 44.93183165576192], [-1.083796657997159, 44.931891189901584], [-1.08421359800626, 44.931980180489326], [-1.084616252417699, 44.93209777063715], [-1.085000743949477, 44.932242828066336], [-1.085363370131915, 44.932413956005036], [-1.085700638949326, 44.932609506631884], [-1.085929218226814, 44.932771012601485], [-1.086014263629414, 44.93274580157752], [-1.086430540120557, 44.932655244016736], [-1.086857306997187, 44.93259410386711], [-1.087290454909532, 44.93256296984323], [-1.087725813095687, 44.93256214173189], [-1.088159189521857, 44.932591627506866], [-1.088586411226894, 44.93265114325227], [-1.088969101200945, 44.93273280460578], [-1.089043689269189, 44.93246263994708], [-1.089100398480375, 44.93232854565694], [-1.088950928676366, 44.93231837755514], [-1.088523709119141, 44.93225886321659]]]}}, {"type": "Feature", "properties": {"nb_detections_cluster": 1, "frp_max": 3.28, "frp_moyen": 3.28, "derniere_detection": "2026-07-25T02:11:00", "fetch_timestamp": "2026-07-25T02:11:00"}, "geometry": {"type": "Polygon", "coordinates": [[[-1.049166560081828, 44.756569042577205], [-1.049472768274243, 44.756349903794195], [-1.049807645284801, 44.75615320457358], [-1.050167966198225, 44.75598083898708], [-1.050550261191858, 44.755834466774395], [-1.050950848941784, 44.75571549736814], [-1.051365872061158, 44.75562507632841], [-1.051791334230038, 44.75556407431711], [-1.052223138659866, 44.755533078718756], [-1.052657127523004, 44.75553238798727], [-1.053089121968567, 44.755562008773616], [-1.053514962340178, 44.75562165586183], [-1.053930548209371, 44.75571075491406], [-1.054331877840086, 44.755828447997814], [-1.054715086705177, 44.755973601843195], [-1.05507648468484, 44.75614481874985], [-1.055412591589452, 44.75634045003958], [-1.055720170665309, 44.75655861192502], [-1.055996259760967, 44.75679720364193], [-1.056238199854255, 44.757053927671016], [-1.05644366066523, 44.75732631185458], [-1.056610663108199, 44.75761173319591], [-1.056737598366235, 44.757907443111854], [-1.056823243403852, 44.75821059389635], [-1.056866772767783, 44.7585182661399], [-1.056867766561323, 44.75882749684128], [-1.056826214514482, 44.75913530794095], [-1.056742516109771, 44.75943873500134], [-1.056617476761337, 44.759734855757856], [-1.05645230008327, 44.760020818265566], [-1.056248576320553, 44.760293868370375], [-1.056008267053223, 44.76055137624001], [-1.055733686320326, 44.76079086169861], [-1.055427478344856, 44.76101001812142], [-1.055092592073806, 44.76120673465825], [-1.054732252778334, 44.761379116571995], [-1.054349930987508, 44.76152550349542], [-1.053949309055043, 44.7616444854306], [-1.053534245681401, 44.76173491633603], [-1.05310873873347, 44.761795925170595], [-1.052676886720646, 44.76182692428758], [-1.052242849299153, 44.761827615097886], [-1.051810807185946, 44.76179799094749], [-1.051384921869244, 44.761738337181605], [-1.050969295504727, 44.761649228394774], [-1.050567931384668, 44.761531522893506], [-1.050184695361618, 44.76138635442494], [-1.049823278599048, 44.761215121251404], [-1.049487162008396, 44.76101947267619], [-1.049179582715595, 44.760801293150955], [-1.048903502880426, 44.76056268411781], [-1.048661581169185, 44.76030594376153], [-1.048456147155406, 44.760033544867206], [-1.048289178894976, 44.75974811099694], [-1.048162283891209, 44.75945239121531], [-1.048076683632642, 44.75914923360754], [-1.048033201851706, 44.758841557845344], [-1.048032256616521, 44.758532327065154], [-1.048073856331004, 44.75822451932954], [-1.048157599680807, 44.757921098946795], [-1.048282679524564, 44.75762498792491], [-1.048447890691975, 44.75733903783469], [-1.048651641612651, 44.75706600235305], [-1.04889196966289, 44.75680851075033], [-1.049166560081828, 44.756569042577205]]]}}, {"type": "Feature", "properties": {"nb_detections_cluster": 7, "frp_max": 2.87, "frp_moyen": 2.54, "derniere_detection": "2026-07-25T02:11:00", "fetch_timestamp": "2026-07-25T02:11:00"}, "geometry": {"type": "Polygon", "coordinates": [[[-0.969198716652471, 44.771066663691876], [-0.969505315162315, 44.770847744870174], [-0.969840557961233, 44.77065128639967], [-0.970201216612662, 44.770479180033576], [-0.970583818042793, 44.7703330830154], [-0.970984677977937, 44.77021440212776], [-0.971399936411215, 44.77012428015247], [-0.971825594757575, 44.77006358487175], [-0.972257554340041, 44.7700329007166], [-0.972691655837405, 44.770032523142056], [-0.973123719314418, 44.77006245578373], [-0.973549584449974, 44.77012241042286], [-0.973965150576914, 44.77021180976011], [-0.974366416148823, 44.77032979297163], [-0.974749517254735, 44.77047522399368], [-0.975110764811651, 44.7706467024569], [-0.975446680077436, 44.77084257716437], [-0.975754028142656, 44.77106096198455], [-0.97602984907921, 44.771299754006264], [-0.976271486445986, 44.77155665378104], [-0.976476612877015, 44.77182918745849], [-0.976643252505487, 44.772114730601906], [-0.976769800007315, 44.77241053345477], [-0.97685503608023, 44.77271374741555], [-0.97689813920864, 44.77302145246585], [-0.976898693600083, 44.77333068528799], [-0.976856693215887, 44.77363846780153], [-0.976772541856212, 44.773941835843644], [-0.976713403638403, 44.7740813409116], [-0.976873557581594, 44.77409242966321], [-0.977299457227232, 44.77415236997943], [-0.977715059089416, 44.77424175538319], [-0.978116361277706, 44.774359725184695], [-0.978499499528617, 44.77450514344943], [-0.978860784401534, 44.77467660993084], [-0.979196736795048, 44.774872473547404], [-0.97950412144225, 44.77509084827439], [-0.979779978062802, 44.77532963129781], [-0.98002164987198, 44.775586523255846], [-0.980226809172139, 44.77585905037345], [-0.980393479779923, 44.776144588277056], [-0.980520056072875, 44.77644038726065], [-0.980605318471401, 44.77674359875998], [-0.980648445206316, 44.77705130278037], [-0.980649020257726, 44.77736053601409], [-0.980607037387896, 44.77766832037676], [-0.980522900228201, 44.77797169168779], [-0.980397418418326, 44.77826772821901], [-0.980231799833866, 44.778553578836224], [-0.98002763897623, 44.77882649046258], [-0.979786901635781, 44.779083834599085], [-0.979511905975211, 44.77932313264658], [-0.979205300214726, 44.779542079785074], [-0.978870037133556, 44.77973856717987], [-0.978509345633159, 44.77991070230068], [-0.978126699635952, 44.78005682715726], [-0.977725784619317, 44.78017553427579], [-0.977310462107559, 44.78026568026171], [-0.976884732464346, 44.78032639681822], [-0.976452696344697, 44.780357099113914], [-0.976018515178604, 44.780357491418684], [-0.975586371067829, 44.78032756995376], [-0.975160426483074, 44.78026762292819], [-0.97474478415072, 44.78017822776117], [-0.974343447516453, 44.780060245517646], [-0.9739602821675, 44.77991481261029], [-0.973598978585835, 44.77974332984839], [-0.973263016591837, 44.77954744893908], [-0.972955631821353, 44.77932905657167], [-0.972679784559463, 44.77909025623805], [-0.972438131231238, 44.77883334796526], [-0.972232998824113, 44.77856080615532], [-0.972066362487959, 44.77827525574639], [-0.971939826528195, 44.77797944692508], [-0.971854608974431, 44.7776762286337], [-0.971811529872495, 44.77736852112795], [-0.97181100341177, 44.777059287849454], [-0.97185303396268, 44.77675150688438], [-0.971937216061494, 44.7764481422827], [-0.971996368614742, 44.77630863964886], [-0.971836209322687, 44.776297543842645], [-0.971410299256208, 44.77623758249267], [-0.971029364980326, 44.776155632487125], [-0.970952653059553, 44.776432061859154], [-0.970827124311902, 44.776728087398766], [-0.970661461621526, 44.77701392356511], [-0.970457259914743, 44.77728681742042], [-0.970216485375479, 44.777544140636856], [-0.969941456524841, 44.7777834148167], [-0.969634821902848, 44.77800233536977], [-0.969299534566852, 44.77819879371746], [-0.968938823652059, 44.77837089760921], [-0.968556163267996, 44.77851698935552], [-0.968155239030721, 44.77863566180151], [-0.967739912553432, 44.77872577188658], [-0.967314184238049, 44.778786451659734], [-0.966882154726832, 44.778817116643836], [-0.966447985386131, 44.77881747146819], [-0.966015858203779, 44.778787512715056], [-0.965589935487381, 44.778727528952594], [-0.965174319752613, 44.778638097953916], [-0.964773014188887, 44.77852008112905], [-0.964389884084054, 44.778374615223804], [-0.96402861958051, 44.77820310136523], [-0.963692700122115, 44.778007191560015], [-0.963385360934905, 44.77778877277572], [-0.963109561864794, 44.77754994875866], [-0.962867958872583, 44.777293019763945], [-0.962662878460803, 44.77702046039313], [-0.962496295278458, 44.77673489575349], [-0.962369813118977, 44.776439076168614], [-0.962284649493778, 44.77613585068442], [-0.9622416239293, 44.77582813962581], [-0.962241150099334, 44.77551890646859], [-0.962283231867479, 44.77521112929769], [-0.962367463276824, 44.77490777212648], [-0.96249303248591, 44.77461175635368], [-0.962658729612068, 44.77432593263237], [-0.962862958405634, 44.77405305342202], [-0.963103751641751, 44.7737957464877], [-0.963378790080803, 44.7735564896014], [-0.963685424814293, 44.77333758668872], [-0.964020702780583, 44.77314114565037], [-0.964381395204544, 44.772969058071695], [-0.964764028687237, 44.77282298101533], [-0.96516491864641, 44.77270432107161], [-0.965580204786155, 44.77261422082068], [-0.966005888254697, 44.77255354783561], [-0.966437870133218, 44.77252288633268], [-0.966871990885867, 44.77252253154881], [-0.967304070392018, 44.772552486900175], [-0.96772994817624, 44.77261246394936], [-0.968110853648176, 44.77269442519184], [-0.968187574437604, 44.77241799814374], [-0.968313107458015, 44.772121976034335], [-0.968478767674083, 44.77183614386091], [-0.968682959191581, 44.77156325416439], [-0.968923715144585, 44.77130593481084], [-0.969198716652471, 44.771066663691876]]]}}, {"type": "Feature", "properties": {"nb_detections_cluster": 6, "frp_max": 2.23, "frp_moyen": 2.13, "derniere_detection": "2026-07-25T02:11:00", "fetch_timestamp": "2026-07-25T02:11:00"}, "geometry": {"type": "Polygon", "coordinates": [[[-0.983912196130482, 44.787426405327075], [-0.984187212692948, 44.78718709569964], [-0.984493840739428, 44.78696813420925], [-0.984829127272313, 44.786771629320754], [-0.985189843433676, 44.78659947323439], [-0.985572515595761, 44.78645332367242], [-0.985973458803694, 44.78633458792346], [-0.98638881224873, 44.786244409297574], [-0.986814576430984, 44.786183656122496], [-0.98724665165449, 44.786152913386694], [-0.987680877484696, 44.78615247710924], [-0.988113072789359, 44.786182351491], [-0.988539075978246, 44.78624224887422], [-0.98895478505514, 44.78633159251088], [-0.989356197097422, 44.78644952211341], [-0.989739446784007, 44.7865949021344], [-0.990100843601429, 44.78676633269553], [-0.99043690737049, 44.7869621630612], [-0.990744401751928, 44.7871805075269], [-0.991020365408805, 44.787419263570065], [-0.991262140525717, 44.78767613208876], [-0.99146739841018, 44.78794863953368], [-0.991634161929414, 44.78823416172078], [-0.991760824566103, 44.78852994909541], [-0.991846165908981, 44.78883315320523], [-0.991889363428381, 44.78914085412679], [-0.991890000422461, 44.789450088582285], [-0.991848070056645, 44.7897578784756], [-0.991763975456331, 44.79006125957296], [-0.991708713639521, 44.79019167319379], [-0.991862910843439, 44.79020232546864], [-0.992288948482418, 44.790262208526904], [-0.992704693237196, 44.79035153822707], [-0.993106141841679, 44.79046945441575], [-0.993489428622788, 44.79061482167469], [-0.993850862709923, 44.790786240248465], [-0.994186963565062, 44.79098205951692], [-0.994494494491866, 44.791200393882406], [-0.994770493801515, 44.79143914091965], [-0.995012303335292, 44.79169600161343], [-0.995217594069283, 44.79196850248981], [-0.995384388554355, 44.79225401942803], [-0.995511079974945, 44.79254980292403], [-0.995596447642537, 44.79285300456279], [-0.995639668773876, 44.79316070444472], [-0.995640326439642, 44.793469939302035], [-0.995598413606077, 44.79377773103477], [-0.995514333229622, 44.7940811153915], [-0.99538889440264, 44.7943771705185], [-0.995223304586295, 44.79466304510256], [-0.995019158004469, 44.79493598583605], [-0.9947784203096, 44.79519336393974], [-0.994503409667391, 44.79543270048739], [-0.994196774441991, 44.79565169028819], [-0.993861467696126, 44.795848224096616], [-0.993500718751584, 44.79602040893538], [-0.99311800208391, 44.796166586335346], [-0.99271700385108, 44.79628534831662], [-0.99230158637891, 44.79637555095624], [-0.991875750945775, 44.796436325411726], [-0.991443599225774, 44.79646708629392], [-0.991009293762538, 44.796467537308445], [-0.990577017855274, 44.796437674111026], [-0.990150935244405, 44.79637778434944], [-0.989770759397181, 44.79629609633011], [-0.989694444625946, 44.79657134141006], [-0.989568969597168, 44.796867390203424], [-0.989403342854254, 44.79715325633799], [-0.989199158976739, 44.79742618658753], [-0.988958383976289, 44.79768355227374], [-0.988683336377951, 44.79792287458987], [-0.988376664901872, 44.79814184848226], [-0.988041322959996, 44.79833836485856], [-0.987680540213179, 44.798510530909354], [-0.987297791462617, 44.798656688346455], [-0.986896763175387, 44.798775429382275], [-0.98648131796686, 44.79886561029554], [-0.986055457382636, 44.79892636245309], [-0.985623283339131, 44.798957100680525], [-0.985188958595042, 44.79895752890167], [-0.984756666635328, 44.798927642991806], [-0.984330571355044, 44.79886773081749], [-0.983914776932338, 44.79877836946226], [-0.98351328827809, 44.79866041966535], [-0.983129972444, 44.79851501752696], [-0.982768521361695, 44.79834356356002], [-0.982432416272389, 44.79814770919431], [-0.982124894190271, 44.79792934086353], [-0.981848916722966, 44.797690561828084], [-0.981607141549567, 44.79743367190992], [-0.981401896830918, 44.7971611453343], [-0.981235158798392, 44.79687560689273], [-0.981108532736588, 44.79657980665665], [-0.981023237542552, 44.79627659348568], [-0.980980094009467, 44.79596888758628], [-0.980979516946803, 44.79565965238468], [-0.981021511211842, 44.79535186598561], [-0.981105671689823, 44.795048492491446], [-0.981231187221802, 44.79475245345824], [-0.981396848441453, 44.794466599763126], [-0.981601059444316, 44.79419368415434], [-0.981841853176317, 44.79393633474754], [-0.982116910392562, 44.793697029723816], [-0.982264998081309, 44.79359129894556], [-0.982148795794197, 44.79331984605379], [-0.982063499935671, 44.79301663401886], [-0.982020353211075, 44.79270892886517], [-0.982019770460698, 44.79239969401178], [-0.982061756596682, 44.79209190756008], [-0.982145906582625, 44.79178853361296], [-0.982271409360698, 44.791492493730786], [-0.982437055687458, 44.79120663879896], [-0.982641249801918, 44.79093372157759], [-0.982882024812676, 44.790676370197865], [-0.983157061655151, 44.79043706285991], [-0.983294290999731, 44.79033907652511], [-0.983179057922306, 44.790069885063986], [-0.983093761438146, 44.78976667415737], [-0.983050611569474, 44.78945896974545], [-0.983050023186939, 44.78914973524017], [-0.983092001257005, 44.78884194873959], [-0.983176140821025, 44.788538574347044], [-0.983301630921609, 44.788242533627255], [-0.983467262437457, 44.7879566774736], [-0.98367143975027, 44.787683758658034], [-0.983912196130482, 44.787426405327075]]]}}, {"type": "Feature", "properties": {"nb_detections_cluster": 3, "frp_max": 3.95, "frp_moyen": 3.95, "derniere_detection": "2026-07-25T02:11:00", "fetch_timestamp": "2026-07-25T02:11:00"}, "geometry": {"type": "Polygon", "coordinates": [[[-0.989680630321718, 44.809126576680974], [-0.989955728495331, 44.80888725098698], [-0.990262452443899, 44.80866827193438], [-0.990597848246125, 44.808471748157174], [-0.990958685991759, 44.808299572037484], [-0.991341490882233, 44.808153401490515], [-0.991742576684641, 44.8080346440069], [-0.99215808121728, 44.80794444310603], [-0.992584003525607, 44.8078836673301], [-0.993016242391271, 44.807852901885205], [-0.993450635804264, 44.80785244300907], [-0.99388300101897, 44.807882295120194], [-0.994309174809384, 44.807942170775206], [-0.994725053536837, 44.80803149343537], [-0.99512663264539, 44.80814940301509], [-0.995510045205478, 44.80829476415975], [-0.995871599135455, 44.80846617717281], [-0.996207812743348, 44.808661991487675], [-0.996515448247074, 44.8088803215544], [-0.996791542950713, 44.80911906498911], [-0.997033437776806, 44.80937592281129], [-0.997238802879891, 44.809648421574686], [-0.997405660094405, 44.809933937178876], [-0.997532402000385, 44.810229720132675], [-0.997617807422764, 44.810532922026326], [-0.997661053214298, 44.81084062295775], [-0.99766172220775, 44.811149859649085], [-0.997619807259828, 44.81145765398275], [-0.9975357113469, 44.811761041682225], [-0.997476202986179, 44.81190146073767], [-0.997632839117196, 44.81191226917812], [-0.998059047457325, 44.811972130506526], [-0.998474961960906, 44.81206143922774], [-0.998876577727574, 44.812179335390425], [-0.999260027474843, 44.81232468376916], [-0.999621618763048, 44.81249608479033], [-0.999957869540535, 44.81269188800281], [-1.000265541667342, 44.81291020796359], [-1.000541672094917, 44.8131489423861], [-1.000783601401803, 44.813405792376656], [-1.000988999410497, 44.81367828456442], [-1.001155887638534, 44.81396379491231], [-1.001282658367249, 44.814259573979776], [-1.001368090143954, 44.814562773394506], [-1.001411359567528, 44.81487047327835], [-1.00141204924306, 44.81517971036352], [-1.00137015182798, 44.81548750652869], [-1.00128607012969, 44.81579089747974], [-1.001160613252745, 44.81608696129944], [-1.00099498883163, 44.81637284659095], [-1.000790791423038, 44.81664579994352], [-1.000549987168504, 44.81690319245641], [-1.000274894874439, 44.81714254506459], [-0.999968163691134, 44.817361552422604], [-0.999632747605339, 44.81755810511585], [-0.999271876991848, 44.8177303099851], [-0.998889027498053, 44.81787650836836], [-0.998487886561337, 44.81799529208358], [-0.998072317882139, 44.81808551699845], [-0.997646324195431, 44.81814631405595], [-0.997214008699841, 44.81817709764924], [-0.996779535516758, 44.81817757126514], [-0.996347089561167, 44.8181477303417], [-0.995920836211695, 44.818087862312126], [-0.995504881169307, 44.81799854383478], [-0.99510323089225, 44.81788063523595], [-0.994719753989224, 44.817735272218926], [-0.994358143943476, 44.81756385491986], [-0.994021883527501, 44.81736803441548], [-0.993774611203359, 44.81719255944069], [-0.993697613047531, 44.81721535598337], [-0.993282042446034, 44.81730556293091], [-0.992856049490056, 44.81736634157869], [-0.992423737371201, 44.81739710649712], [-0.99198927017834, 44.81739756135296], [-0.991556832768746, 44.81736770176497], [-0.991130590438709, 44.81730781534611], [-0.990714648783022, 44.81721847893188], [-0.990313014130944, 44.817100553021284], [-0.989929554940629, 44.81695517348444], [-0.989567964524656, 44.81678374061657], [-0.989231725466389, 44.81658790564433], [-0.98892407607042, 44.8163695548146], [-0.988647979170595, 44.81613079121924], [-0.988406093596243, 44.8158739145315], [-0.988200748571363, 44.81560139884929], [-0.988033921293177, 44.81531586885925], [-0.987907217905531, 44.8150200745514], [-0.987821858049848, 44.81471686472834], [-0.98777866314166, 44.814409159564335], [-0.98777804848478, 44.8140999224786], [-0.987820019298085, 44.813792131594006], [-0.987904170692191, 44.8134887510562], [-0.988029691595168, 44.81319270248908], [-0.988195372588512, 44.81290683686165], [-0.988399617576924, 44.812633907037096], [-0.988640459178672, 44.812376541267994], [-0.988915577687563, 44.81213721789301], [-0.98906043339079, 44.81203381014564], [-0.988947480365336, 44.81177011396384], [-0.988862119833578, 44.8114669052708], [-0.988818921728164, 44.811159200846376], [-0.988818301383779, 44.810849964102665], [-0.988860264074157, 44.81054217315929], [-0.988944404988218, 44.81023879216249], [-0.989069913155028, 44.80994274274054], [-0.989235579278796, 44.80965687587071], [-0.989439807407471, 44.80938394442811], [-0.989680630321718, 44.809126576680974]]]}}, {"type": "Feature", "properties": {"nb_detections_cluster": 1, "frp_max": 3.02, "frp_moyen": 3.02, "derniere_detection": "2026-07-25T02:11:00", "fetch_timestamp": "2026-07-25T02:11:00"}, "geometry": {"type": "Polygon", "coordinates": [[[-0.980634365611843, 44.838196954531455], [-0.980941285905442, 44.83797799912887], [-0.981276889283468, 44.83778150162819], [-0.981637943836907, 44.837609354158495], [-0.982020972679647, 44.83746321435908], [-0.982422287422539, 44.8373444894245], [-0.982838023679692, 44.837254322560696], [-0.983264178265625, 44.83719358198213], [-0.983696647725767, 44.837162852555956], [-0.98413126783011, 44.83716243017309], [-0.984563853650609, 44.83719231890064], [-0.984990239837384, 44.837252230942674], [-0.985406320706893, 44.83734158941005], [-0.985808089756971, 44.837459533872426], [-0.986191678229216, 44.83760492863926], [-0.986553392348123, 44.83777637369031], [-0.98688974887914, 44.83797221815041], [-0.98719750866374, 44.838190576179336], [-0.987473707808946, 44.83842934512397], [-0.987715686231166, 44.8386862257581], [-0.987921113279434, 44.838958744415784], [-0.988088010191077, 44.83924427680494], [-0.988214769163192, 44.83954007327273], [-0.988300168855661, 44.839843285279194], [-0.98834338617568, 44.840150992824846], [-0.988344004229462, 44.84046023256805], [-0.988302016363559, 44.840768026361744], [-0.988217826255891, 44.84107140993459], [-0.988092244054558, 44.84136746144035], [-0.987926478600593, 44.841653329600675], [-0.987722125808626, 44.841926261169775], [-0.987481153316462, 44.84218362745657], [-0.987205881550699, 44.84242294964861], [-0.986898961390144, 44.84264192269333], [-0.986563348641732, 44.84283843750656], [-0.986202275574573, 44.843010601293905], [-0.985819219786255, 44.843156755788996], [-0.985417870701428, 44.84327549323253], [-0.985002094025723, 44.84336566993786], [-0.984575894497886, 44.8434264173123], [-0.984143377299578, 44.843457150227565], [-0.98370870849536, 44.843457572658615], [-0.983276074884785, 44.84342768053653], [-0.982849643654279, 44.84336776178767], [-0.982433522218389, 44.84327839355892], [-0.982031718638222, 44.843160436655765], [-0.981648102999156, 44.84301502724679], [-0.981286370120698, 44.84284356591498], [-0.980950003958318, 44.842647704161145], [-0.980642244040675, 44.84242932849008], [-0.980366054265857, 44.8421905422329], [-0.980124094357354, 44.84193364528112], [-0.979918694254666, 44.84166111192778], [-0.97975183168496, 44.84137556702966], [-0.979625113131395, 44.84107976072034], [-0.97953975838083, 44.840776541917975], [-0.979496588798975, 44.84046883088327], [-0.979496019445069, 44.84015959109186], [-0.979538055101047, 44.83985180069272], [-0.979622290252446, 44.8395484238267], [-0.97974791302016, 44.839252382082286], [-0.979913713004213, 44.83896652636276], [-0.980118092963003, 44.83869360943581], [-0.980359084214719, 44.838436259429756], [-0.980634365611843, 44.838196954531455]]]}}, {"type": "Feature", "properties": {"nb_detections_cluster": 1, "frp_max": 3.86, "frp_moyen": 3.86, "derniere_detection": "2026-07-25T02:11:00", "fetch_timestamp": "2026-07-25T02:11:00"}, "geometry": {"type": "Polygon", "coordinates": [[[-0.99367828753014, 44.84399668342863], [-0.993953539432829, 44.8437573450619], [-0.994260438187965, 44.84353835243022], [-0.99459602819069, 44.84334181429831], [-0.994957077660598, 44.843169623186554], [-0.995340109760367, 44.843023437154464], [-0.99574143606936, 44.842904663841836], [-0.99615719209023, 44.84281444692041], [-0.996583374447143, 44.8427536550867], [-0.997015879418115, 44.84272287370139], [-0.997450542431238, 44.84272239915568], [-0.997883178145371, 44.84275223601899], [-0.998309620730313, 44.84281209699475], [-0.998725763959592, 44.84290140568554], [-0.999127600730737, 44.84301930214032], [-0.999511261633414, 44.84316465113087], [-0.999873052194851, 44.84333605307771], [-1.000209488444582, 44.84353185752075], [-1.000517330456607, 44.84375017900519], [-1.000793613546288, 44.843988915229815], [-1.001035676821812, 44.84424576728354], [-1.00124118881519, 44.8445182617757], [-1.001408169945804, 44.84480377464705], [-1.001535011599747, 44.84509955643273], [-1.001620491640645, 44.84540275873425], [-1.00166378620186, 44.84571046164565], [-1.001664477645638, 44.84601970187006], [-1.001622558611609, 44.846327501255836], [-1.001538432114624, 44.846630895477865], [-1.001412907689956, 44.84692696258745], [-1.001247193621973, 44.847212851156044], [-1.001042885330162, 44.84748580774132], [-1.000801950023497, 44.84774320341139], [-1.000526707770184, 44.84798255907083], [-1.000219809164553, 44.84820156934479], [-0.999884209805713, 44.84839812479052], [-0.999523141833621, 44.848570332222344], [-0.999140082796629, 44.84871653295353], [-0.998738722150556, 44.84883531877943], [-0.998322925712303, 44.84892554554739], [-0.997896698410922, 44.848986344182514], [-0.997464145695587, 44.84901712906278], [-0.997029433972995, 44.84901760366263], [-0.996596750456167, 44.848987763410605], [-0.996170262812331, 44.84892789573348], [-0.995754078999549, 44.84883857728618], [-0.995352207679895, 44.848720668394705], [-0.99496851959138, 44.84857530476525], [-0.994606710251515, 44.848403886539806], [-0.994270264352406, 44.848208064804034], [-0.993962422190878, 44.84798972567733], [-0.993686148457311, 44.847750972138876], [-0.993444103683971, 44.84749410376509], [-0.993238618627816, 44.847221594573824], [-0.993071671834283, 44.84693606918922], [-0.992944870597722, 44.846640277557], [-0.992859435501292, 44.84633706845405], [-0.99281618868444, 44.8460293620477], [-0.99281554595013, 44.845720121769155], [-0.992857512786854, 44.8454123257721], [-0.992941684342733, 44.84510893825145], [-0.993067249350902, 44.84481288089835], [-0.993232997967396, 44.84452700476644], [-0.993437333445045, 44.84425406282009], [-0.99367828753014, 44.84399668342863]]]}}, {"type": "Feature", "properties": {"nb_detections_cluster": 2, "frp_max": 2.04, "frp_moyen": 2.03, "derniere_detection": "2026-07-25T02:11:00", "fetch_timestamp": "2026-07-25T02:11:00"}, "geometry": {"type": "Polygon", "coordinates": [[[-0.95122926885006, 44.85085531734486], [-0.951504735197384, 44.850616083751866], [-0.951811836880032, 44.85039720803955], [-0.952147616339599, 44.850200797846625], [-0.952508839971878, 44.85002874446137], [-0.952892029263029, 44.84988270461709], [-0.953293494279301, 44.84976408454578], [-0.953709369188174, 44.84967402644366], [-0.954135649469422, 44.84961339747787], [-0.954568230458443, 44.84958278144086], [-0.955002946851551, 44.84958247313175], [-0.955435612793699, 44.849612475519216], [-0.955862062163597, 44.84967249971291], [-0.956278188669303, 44.84976196774378], [-0.956679985369128, 44.84988001812649], [-0.957063583238234, 44.85002551415058], [-0.95742528841037, 44.850197054820725], [-0.957761617736785, 44.85039298834099], [-0.957996549350478, 44.85055976124663], [-0.958083220842627, 44.85053414838757], [-0.958499093772685, 44.85044407231821], [-0.958925374727089, 44.85038342494345], [-0.959357959034742, 44.85035279023301], [-0.959792681359998, 44.85035246316578], [-0.960225355790701, 44.850382446891075], [-0.960651816123847, 44.850442452698246], [-0.961067955961961, 44.85053190279531], [-0.961469768235017, 44.85064993586958], [-0.961853383768275, 44.85079541537725], [-0.962215108525446, 44.850966940482074], [-0.962551459169256, 44.85116285953801], [-0.962859196597513, 44.85138128598646], [-0.963135357132112, 44.85162011651539], [-0.963377281060816, 44.851877051305465], [-0.963582638256935, 44.85214961616914], [-0.963749450629968, 44.85243518636927], [-0.963876111190629, 44.85273101188878], [-0.963961399546037, 44.85303424390777], [-0.964004493675159, 44.8533419622339], [-0.964004977870192, 44.85365120342155], [-0.963962846766491, 44.85395898930959], [-0.963878505421195, 44.85426235570268], [-0.963752765438764, 44.85455838091988], [-0.963586837179714, 44.85484421393587], [-0.963382318126649, 44.85511710184319], [-0.963141177518736, 44.8553744163712], [-0.962865737401889, 44.85561367920582], [-0.962558650276589, 44.8558325858661], [-0.962222873558162, 44.85602902790717], [-0.961861641095331, 44.856201113235514], [-0.961478432021271, 44.8563471843404], [-0.961076937237404, 44.85646583426572], [-0.96066102385306, 44.856555920167786], [-0.96023469792408, 44.85661657432851], [-0.959802065849907, 44.85664721251746], [-0.959367294801826, 44.856647539622], [-0.958934572564387, 44.85661755249142], [-0.958508067177781, 44.856557539967234], [-0.958091886770858, 44.85646808009955], [-0.957690039972683, 44.85635003457654], [-0.957306397284776, 44.85620454042037], [-0.956944653786963, 44.856032999030255], [-0.956608293536714, 44.85583706267808], [-0.956373343970903, 44.85567028655033], [-0.956286663773125, 44.85569589811675], [-0.955870748407782, 44.85578596604978], [-0.955444423150917, 44.85584660179956], [-0.95501179439552, 44.85587722131296], [-0.954577029280913, 44.85587752965725], [-0.954144315534482, 44.8558475238624], [-0.953717821114607, 44.85578749294973], [-0.953301654044478, 44.85569801514644], [-0.952899822824652, 44.85557995231347], [-0.952516197806549, 44.85543444163973], [-0.952154473899744, 44.855262884683505], [-0.951818134972947, 44.855066933866595], [-0.951510420292077, 44.85484847655158], [-0.95123429331905, 44.85460961685586], [-0.950992413171974, 44.854352655378165], [-0.950787109021602, 44.85408006703288], [-0.95062035767043, 44.85379447720631], [-0.950493764529935, 44.853498636464586], [-0.950408548178631, 44.8531953940573], [-0.950365528648885, 44.852887670472306], [-0.950365119554444, 44.852578429305964], [-0.950407324133548, 44.852270648720236], [-0.950491735244704, 44.85196729276135], [-0.950617539314129, 44.85167128281621], [-0.950783524195843, 44.851385469481755], [-0.950988090867721, 44.85111260511728], [-0.95122926885006, 44.85085531734486]]]}}, {"type": "Feature", "properties": {"nb_detections_cluster": 4, "frp_max": 4.45, "frp_moyen": 4.31, "derniere_detection": "2026-07-25T02:11:00", "fetch_timestamp": "2026-07-25T02:11:00"}, "geometry": {"type": "Polygon", "coordinates": [[[-0.976731944830489, 44.88206680934808], [-0.977039120187973, 44.88184786165831], [-0.977374999481394, 44.88165137319359], [-0.977736348144801, 44.88147923599595], [-0.978119686460122, 44.881333107605755], [-0.978521323058484, 44.88121439510768], [-0.978937390455174, 44.88112424158792], [-0.979363882276604, 44.8810635151324], [-0.97979669182148, 44.881032800472326], [-0.980231651585679, 44.881032393356406], [-0.980664573371144, 44.88106229770473], [-0.98109128859353, 44.881122225570984], [-0.98150768840149, 44.88121159991364], [-0.981909763222184, 44.88132956014951], [-0.982293641353196, 44.88147497043617], [-0.982655626230006, 44.88164643060393], [-0.982992232010873, 44.88184228963208], [-0.983227554853019, 44.882009141743254], [-0.983311049468083, 44.88198445902888], [-0.983727114879369, 44.88189428754405], [-0.984153607368912, 44.881833542680994], [-0.984586420228967, 44.88180280934806], [-0.985021385923487, 44.881802383473826], [-0.985454316197322, 44.88183226915899], [-0.985881042384415, 44.881892178636924], [-0.986297455527871, 44.88198153504319], [-0.986699545926488, 44.88209947796726], [-0.987083441727898, 44.88224487173349], [-0.987445446197488, 44.8824163163312], [-0.987782073304914, 44.882612160889664], [-0.988090081286085, 44.88283051956772], [-0.988366503857776, 44.883069289706], [-0.988608678784477, 44.88332617206682], [-0.988814273522365, 44.88359869296762], [-0.98898130769322, 44.88388422809475], [-0.989108172171487, 44.88418002776901], [-0.989193644600046, 44.884483243419574], [-0.989236901184581, 44.884790955011866], [-0.989237524652075, 44.885100199165294], [-0.98919550829583, 44.88540799769034], [-0.989111256067045, 44.885711386270096], [-0.989051682148817, 44.88585172428566], [-0.98920415417884, 44.88586224347457], [-0.989630915002252, 44.88592213862061], [-0.990047364008729, 44.88601148108024], [-0.990449491151806, 44.88612941057725], [-0.990833424225368, 44.88627479156523], [-0.99119546613596, 44.8864462241566], [-0.991532130492762, 44.88664205759624], [-0.991757754235926, 44.88680198470354], [-0.991850470405745, 44.886774569851006], [-0.992266557601221, 44.88668436624124], [-0.992693077240875, 44.88662358849536], [-0.993125922355545, 44.88659282183844], [-0.99356092509864, 44.88659236251984], [-0.993993896858331, 44.88662221496234], [-0.994420668569178, 44.886682091719386], [-0.994837130836037, 44.88677141624163], [-0.9952392734848, 44.886889328425546], [-0.995623224160098, 44.887034692891476], [-0.995985285599043, 44.88720610991094], [-0.996321971222834, 44.887401928878745], [-0.996630038704004, 44.88762026420019], [-0.996906521186466, 44.887859013440824], [-0.997148755857862, 44.88811587756424], [-0.99735440959909, 44.888388383063564], [-0.997521501463756, 44.88867390577349], [-0.997648421770704, 44.888969696134396], [-0.997733947625137, 44.88927290566526], [-0.997777254718173, 44.88958061439046], [-0.997777925290277, 44.88988985895708], [-0.997735952180991, 44.890197661171676], [-0.997651738924873, 44.89050105668184], [-0.997526095891752, 44.89079712352648], [-0.997360232507377, 44.89108301027949], [-0.997155745628509, 44.89135596351607], [-0.996914604183457, 44.89161335433653], [-0.996639130225293, 44.891852703692116], [-0.996331976579641, 44.892071706268666], [-0.995996101301851, 44.89226825269759], [-0.99563473918941, 44.89244044987998], [-0.995251370623881, 44.892586639227794], [-0.994849688042676, 44.89270541264604], [-0.994433560363933, 44.89279562610158], [-0.994006995707677, 44.892856410647745], [-0.993574102773032, 44.89288718079817], [-0.993139051244286, 44.892887640169164], [-0.992706031608072, 44.89285778433601], [-0.992279214769696, 44.89279790087552], [-0.991862711858533, 44.89270856659468], [-0.991460534610624, 44.892590641972], [-0.991076556710964, 44.89244526286519], [-0.99071447646866, 44.892273829565326], [-0.990377781185115, 44.892077993303296], [-0.990152140165851, 44.89191806312965], [-0.990059414670359, 44.89194547660853], [-0.989643284927273, 44.89203567209817], [-0.989216720859708, 44.8920964382354], [-0.988783831161137, 44.892127189711154], [-0.988348785484677, 44.89212763032168], [-0.987915774260583, 44.89209775582289], [-0.987488968313113, 44.89203785397143], [-0.987072478666705, 44.891948501751415], [-0.986670316929592, 44.891830559814146], [-0.986286356637319, 44.8916851641841], [-0.985924295929339, 44.89151371531154], [-0.985587621918847, 44.891317864577275], [-0.985279577099565, 44.89109949838], [-0.985003128113428, 44.89086071995963], [-0.98476093718012, 44.89060382913221], [-0.984555336463646, 44.89033130013184], [-0.984388305622592, 44.890045757773414], [-0.984261452759863, 44.88974995216607], [-0.984175998954822, 44.88944673222126], [-0.984132766526039, 44.88913901821069], [-0.984132171136826, 44.888829773638754], [-0.984174217818636, 44.88852197670041], [-0.984258500949612, 44.888218591599575], [-0.98431808936309, 44.888078256051244], [-0.98416561222974, 44.88806773014783], [-0.98373884092683, 44.888007813962986], [-0.983322387151841, 44.88791844779501], [-0.982920262167421, 44.887800492429555], [-0.982536339155052, 44.88765508402043], [-0.982174315895048, 44.88748362314098], [-0.981837679139858, 44.88728776128765], [-0.981602338300183, 44.88712090595565], [-0.981518835293763, 44.88714558742519], [-0.981102727412637, 44.887235750785706], [-0.980676190577176, 44.88729648403592], [-0.98024333321854, 44.88732720218362], [-0.979808324678307, 44.887327609346], [-0.97937535502897, 44.8872977016012], [-0.978948594694254, 44.88723776702604], [-0.97853215425915, 44.8871483829199], [-0.978130044857776, 44.88703041024118], [-0.977746139521463, 44.886884985310424], [-0.977384135860215, 44.88671350886012], [-0.977047520437649, 44.8865176325367], [-0.976739535183081, 44.88629924298531], [-0.976463146164653, 44.886060443670765], [-0.9762210150244, 44.88580353461031], [-0.976015473350394, 44.88553099021361], [-0.975848500232549, 44.88524543544382], [-0.97572170321784, 44.884949620529596], [-0.9756363028478, 44.884646394471936], [-0.975593120926441, 44.88433867760137], [-0.975592572630749, 44.88402943344975], [-0.975634662538764, 44.883721640207995], [-0.975718984612477, 44.88341826204432], [-0.975844726134691, 44.883122220559706], [-0.976010675560881, 44.882836366654814], [-0.976215234209509, 44.88256345307991], [-0.976456431677328, 44.88230610793098], [-0.976731944830489, 44.88206680934808]]]}}]}