{"type": "FeatureCollection", "name": "zone_active", "crs": {"type": "name", "properties": {"name": "urn:ogc:def:crs:OGC:1.3:CRS84"}}, "features": [{"type": "Feature", "properties": {"nb_detections_cluster": 35, "frp_max": 50.61, "frp_moyen": 17.04, "derniere_detection": "2026-07-25T01:49:00", "fetch_timestamp": "2026-07-25T01:49:00"}, "geometry": {"type": "Polygon", "coordinates": [[[-1.22489, 44.77989], [-1.23095, 44.78498], [-1.22871, 44.78456], [-1.22179, 44.78387], [-1.22092, 44.78231], [-1.21487, 44.78317], [-1.2134, 44.78431], [-1.20797, 44.78248], [-1.20878, 44.77858], [-1.21567, 44.77928], [-1.22259, 44.77997], [-1.22489, 44.77989]]]}}, {"type": "Feature", "properties": {"nb_detections_cluster": 7, "frp_max": 32.85, "frp_moyen": 16.9, "derniere_detection": "2026-07-24T12:14:00", "fetch_timestamp": "2026-07-25T01:49:00"}, "geometry": {"type": "Polygon", "coordinates": [[[-1.18868, 44.78556], [-1.19856, 44.78826], [-1.19113, 44.79024], [-1.18372, 44.7922], [-1.18868, 44.78556]]]}}, {"type": "Feature", "properties": {"nb_detections_cluster": 10, "frp_max": 114.06, "frp_moyen": 47.35, "derniere_detection": "2026-07-24T13:55:00", "fetch_timestamp": "2026-07-25T01:49:00"}, "geometry": {"type": "Polygon", "coordinates": [[[-1.168130854308625, 44.7931863459833], [-1.168129247985273, 44.792877112916614], [-1.168170215596764, 44.79256925680406], [-1.168253361915002, 44.7922657424206], [-1.168377885546766, 44.79196949268021], [-1.168542586676499, 44.79168336049023], [-1.16874587864365, 44.791410101281876], [-1.168985803242246, 44.79115234648051], [-1.169260049594592, 44.79091257817184], [-1.169565976416761, 44.790693105206984], [-1.169900637461034, 44.7904960409766], [-1.170260809890078, 44.79032328306744], [-1.170643025309577, 44.790176494997255], [-1.171043603160647, 44.790057090203106], [-1.171458686150864, 44.789966218437534], [-1.171884277383214, 44.789904754702604], [-1.172316278826145, 44.789873290828744], [-1.172750530755084, 44.78987212977881], [-1.173182851786522, 44.78990128273247], [-1.173609079120123, 44.78996046897853], [-1.174025108602358, 44.79004911861646], [-1.174426934226814, 44.79016637804137], [-1.17481068669176, 44.79031111815911], [-1.175172670644467, 44.790481945253354], [-1.175509400254364, 44.79067721439974], [-1.175817632773015, 44.79089504529838], [-1.176094399758093, 44.79113334037263], [-1.176337035660912, 44.791389804960154], [-1.176543203502147, 44.791661969402185], [-1.176710917388332, 44.79194721281865], [-1.176838561651859, 44.79224278834046], [-1.176924906429621, 44.792545849556475], [-1.176969119529512, 44.79285347792054], [-1.176970774469664, 44.793162710854745], [-1.176929854612043, 44.79347057027884], [-1.176846753349591, 44.7937740912906], [-1.176722270344059, 44.79407035072136], [-1.176557603849761, 44.7943564952913], [-1.176354339196227, 44.79462976909353], [-1.176114433539786, 44.79488754014182], [-1.17584019703019, 44.79512732572611], [-1.175534270573123, 44.795346816331374], [-1.175199600402267, 44.79554389788906], [-1.174839409705687, 44.79571667214654], [-1.174457167579711, 44.79586347495779], [-1.174056555609535, 44.79598289231927], [-1.173641432398765, 44.79607377399548], [-1.173215796390066, 44.79613524460349], [-1.17278374733572, 44.79616671204877], [-1.172349446789978, 44.79616787323116], [-1.17191707800467, 44.79613871696595], [-1.171490805615284, 44.79607952409162], [-1.171074735506817, 44.79599086476332], [-1.170672875246926, 44.79587359295844], [-1.170289095468362, 44.79572883824682], [-1.169927092573503, 44.79555799490566], [-1.169590353120853, 44.795362708483665], [-1.169282120237103, 44.79514485994461], [-1.169005362378607, 44.794906547543064], [-1.168762744743326, 44.79465006660721], [-1.168556603608566, 44.794377887424105], [-1.168388923841486, 44.79409263144031], [-1.168261319798513, 44.793797046007874], [-1.1681750197971, 44.79349397791877], [-1.168130854308625, 44.7931863459833]]]}}, {"type": "Feature", "properties": {"nb_detections_cluster": 26, "frp_max": 37.62, "frp_moyen": 18.37, "derniere_detection": "2026-07-24T13:55:00", "fetch_timestamp": "2026-07-25T01:49:00"}, "geometry": {"type": "Polygon", "coordinates": [[[-1.21578, 44.805], [-1.22083, 44.79833], [-1.21844, 44.80265], [-1.21578, 44.805]]]}}, {"type": "Feature", "properties": {"nb_detections_cluster": 3, "frp_max": 37.62, "frp_moyen": 21.48, "derniere_detection": "2026-07-24T12:14:00", "fetch_timestamp": "2026-07-25T01:49:00"}, "geometry": {"type": "Polygon", "coordinates": [[[-1.201420223666418, 44.802467673115636], [-1.201418433963993, 44.80215843958572], [-1.201459226038772, 44.80185057023335], [-1.201542206352837, 44.80154702996123], [-1.201666575111246, 44.80125074193282], [-1.201831133989434, 44.80096455942444], [-1.202034297696232, 44.800691238351995], [-1.20227410926027, 44.80043341073677], [-1.202548258891802, 44.800193559365766], [-1.202854106237748, 44.7999739938901], [-1.2031887058152, 44.79977682859137], [-1.203548835378246, 44.7996039620296], [-1.203931026944931, 44.79945705876883], [-1.204331600185724, 44.799337533355384], [-1.204746697852338, 44.79924653670328], [-1.205172322906279, 44.79918494501708], [-1.205604376990255, 44.79915335135932], [-1.206038699872842, 44.7991520599425], [-1.20647110948743, 44.79918108320158], [-1.206897442180919, 44.79924014167415], [-1.207313592785542, 44.7993286666901], [-1.207715554128928, 44.799445805844485], [-1.208099455602879, 44.799590431201246], [-1.208461600420243, 44.79976115014922], [-1.208798501201871, 44.799956318805435], [-1.209106913551471, 44.80017405783772], [-1.209383867295441, 44.8004122705542], [-1.209626695087039, 44.8006686630857], [-1.209833058099411, 44.800940766467484], [-1.210000968559847, 44.80122596040764], [-1.210128808907885, 44.801521498513736], [-1.210215347392156, 44.80182453473514], [-1.21025974995507, 44.802132150766575], [-1.210261588290022, 44.802441384149134], [-1.210220843992561, 44.802749256798485], [-1.21013790876455, 44.80305280368522], [-1.210013580668299, 44.80334910139167], [-1.209849056465747, 44.80363529626959], [-1.209645920115499, 44.80390863192777], [-1.209406127537629, 44.80416647578434], [-1.209131987792254, 44.8044063444282], [-1.208826140852536, 44.80462592754439], [-1.20849153218577, 44.80482311017349], [-1.208131384387167, 44.804995993089385], [-1.207749166139463, 44.8051429110996], [-1.207348558797527, 44.80526244909098], [-1.20693342092013, 44.80535345566618], [-1.206507751091049, 44.80541505423924], [-1.206075649388255, 44.80544665148304], [-1.20564127787314, 44.805447943047206], [-1.205208820481233, 44.80541891649115], [-1.204782442701691, 44.805359851403956], [-1.204366251434911, 44.80527131670996], [-1.203964255415888, 44.80515416518604], [-1.203580326585388, 44.80500952524353], [-1.203218162781855, 44.80483879005422], [-1.20288125211407, 44.80464360412516], [-1.202572839358244, 44.80442584745232], [-1.202295894703588, 44.8041876174055], [-1.202053085147547, 44.80393120851988], [-1.201846748816194, 44.803659090388635], [-1.201678872456902, 44.80337388387054], [-1.201551072319646, 44.80307833584137], [-1.201464578610515, 44.80277529273308], [-1.201420223666418, 44.802467673115636]]]}}, {"type": "Feature", "properties": {"nb_detections_cluster": 6, "frp_max": 25.32, "frp_moyen": 13.32, "derniere_detection": "2026-07-24T13:33:00", "fetch_timestamp": "2026-07-25T01:49:00"}, "geometry": {"type": "Polygon", "coordinates": [[[-1.18353, 44.81413], [-1.17856, 44.81911], [-1.17376, 44.81919], [-1.17129, 44.81677], [-1.18358, 44.8082], [-1.18353, 44.81413]]]}}, {"type": "Feature", "properties": {"nb_detections_cluster": 1, "frp_max": 2.7, "frp_moyen": 2.7, "derniere_detection": "2026-07-25T01:49:00", "fetch_timestamp": "2026-07-25T01:49:00"}, "geometry": {"type": "Polygon", "coordinates": [[[-1.219479832592927, 44.808128393115545], [-1.219477943360431, 44.807819159295605], [-1.219518640631482, 44.80751128272198], [-1.219601531780975, 44.807207728367054], [-1.219725817872421, 44.80691141953], [-1.219890301377093, 44.80662520968766], [-1.220093397729381, 44.80635185501921], [-1.220333150606232, 44.8060939878696], [-1.22060725078274, 44.80585409140657], [-1.220913058381763, 44.805634475715586], [-1.221247628302855, 44.80543725556176], [-1.221607738585422, 44.80526433003343], [-1.221989921432948, 44.805117364262465], [-1.222390496599679, 44.80499777339712], [-1.222805606818656, 44.80490670898167], [-1.223231254930429, 44.8048450478732], [-1.223663342355656, 44.80481338380265], [-1.224097708541888, 44.8048120216606], [-1.224530171005617, 44.80484097456294], [-1.224956565584975, 44.80489996372479], [-1.225372786516451, 44.8049884211434], [-1.225774825950684, 44.8051054950647], [-1.226158812527737, 44.80525005818085], [-1.22652104864122, 44.805420718479965], [-1.226858046033098, 44.80561583264389], [-1.227166559377013, 44.80583352186521], [-1.227443617527055, 44.806071689931755], [-1.227686552131282, 44.806328043404385], [-1.227893023334419, 44.806600113694586], [-1.228061042322012, 44.80688528082917], [-1.228188990488553, 44.80718079867394], [-1.228275635044385, 44.807483821373495], [-1.228320140910387, 44.807791430752886], [-1.228322078785014, 44.808100664417424], [-1.228281429305057, 44.80840854428012], [-1.228198583259036, 44.80871210524224], [-1.228074337850139, 44.809008423750676], [-1.227909889043685, 44.80929464595693], [-1.227706820071852, 44.809568015206686], [-1.227467086205477, 44.809825898594646], [-1.227192995938902, 44.810065812329], [-1.22688718876844, 44.810285445660625], [-1.226552609778064, 44.81048268314646], [-1.226192481276897, 44.810655625032076], [-1.225810271761585, 44.81080260555706], [-1.22540966250271, 44.8109222090061], [-1.224994512077375, 44.811013283351414], [-1.224568819190134, 44.81107495135425], [-1.224136684141028, 44.811106619018744], [-1.223702269312666, 44.811107981316226], [-1.223269759057842, 44.811079025124805], [-1.222843319375012, 44.81102002935575], [-1.222427057760986, 44.81093156226577], [-1.222024983628536, 44.81081447598056], [-1.221640969671028, 44.810669898283095], [-1.22127871454707, 44.81049922174563], [-1.220941707245258, 44.810304090310375], [-1.220633193472783, 44.810086383448414], [-1.220356144392026, 44.809848198049856], [-1.2201132280064, 44.80959182821993], [-1.219906783471047, 44.80931974317574], [-1.219738798575597, 44.80903456345745], [-1.219610890615416, 44.80873903568284], [-1.219524290835051, 44.808436006088904], [-1.219479832592927, 44.808128393115545]]]}}, {"type": "Feature", "properties": {"nb_detections_cluster": 1, "frp_max": 25.59, "frp_moyen": 25.59, "derniere_detection": "2026-07-24T12:14:00", "fetch_timestamp": "2026-07-25T01:49:00"}, "geometry": {"type": "Polygon", "coordinates": [[[-1.157059168911589, 44.814205905976095], [-1.157057622901998, 44.813896670559885], [-1.157098666476448, 44.81358881635766], [-1.157181903674802, 44.81328530812589], [-1.157306532228205, 44.812989068719226], [-1.157471351310316, 44.812702950945486], [-1.157674773124401, 44.812429710096914], [-1.157914838213862, 44.812171977422054], [-1.158189234347977, 44.811932234793474], [-1.158495318800422, 44.81171279081499], [-1.158830143805606, 44.81151575859804], [-1.159190484947455, 44.811343035421125], [-1.159572872207233, 44.81119628446748], [-1.159973623371597, 44.811076918816774], [-1.160388879479523, 44.81098608784465], [-1.160814641967325, 44.81092466616028], [-1.161246811154726, 44.810893245189256], [-1.161681225702235, 44.81089212748131], [-1.162113702660761, 44.81092132379875], [-1.162540077728782, 44.81098055301283], [-1.162956245330419, 44.81106924480936], [-1.163358198129423, 44.811186545177414], [-1.163742065599537, 44.81133132462865], [-1.164104151280602, 44.81150218906794], [-1.164440968362371, 44.811697493211334], [-1.164749273253916, 44.81191535642193], [-1.16502609681573, 44.81215368081188], [-1.165268772953971, 44.81241017143656], [-1.165474964301449, 44.812682358386425], [-1.165642684737861, 44.81296762056454], [-1.165770318532017, 44.81326321092118], [-1.165856635921088, 44.813566282902244], [-1.165900804976178, 44.81387391785781], [-1.165902399639041, 44.81418315314647], [-1.165861403851624, 44.81449101066522], [-1.165778211737633, 44.81479452553009], [-1.165653623833358, 44.81509077463155], [-1.165488839403019, 44.81537690478918], [-1.165285444911698, 44.81565016023489], [-1.165045398765997, 44.81590790915912], [-1.164771012468638, 44.81614766906487], [-1.164464928367926, 44.816367130684384], [-1.164130094215932, 44.81656418022827], [-1.163769734780239, 44.816736919752174], [-1.163387320782606, 44.816883685444665], [-1.162986535463896, 44.817003063659605], [-1.162571239097663, 44.817093904538616], [-1.162145431794701, 44.817155333091726], [-1.161713214957506, 44.81718675762943], [-1.161278751756725, 44.8171878754649], [-1.160846227011166, 44.81715867583095], [-1.16041980685878, 44.81709943998377], [-1.160003598608013, 44.81701073849246], [-1.159601611157238, 44.816893425740496], [-1.159217716364361, 44.81674863169215], [-1.158855611739537, 44.81657775100348], [-1.158518784821013, 44.816382429582895], [-1.158210479577737, 44.8161645487313], [-1.157933665162731, 44.81592620701439], [-1.157691007318333, 44.815669700042726], [-1.15748484270871, 44.81539749835405], [-1.157317156426645, 44.81511222361164], [-1.157189562890795, 44.81481662334815], [-1.157103290316885, 44.814513544498325], [-1.157059168911589, 44.814205905976095]]]}}, {"type": "Feature", "properties": {"nb_detections_cluster": 17, "frp_max": 12.25, "frp_moyen": 8.81, "derniere_detection": "2026-07-24T13:55:00", "fetch_timestamp": "2026-07-25T01:49:00"}, "geometry": {"type": "Polygon", "coordinates": [[[-1.197440981172369, 44.815151590067], [-1.197324240790292, 44.815429583145956], [-1.197159616611979, 44.81571576035699], [-1.196956374889537, 44.815989073878356], [-1.196716472557855, 44.816246891341386], [-1.196442219734124, 44.81648672958905], [-1.196136257480675, 44.81670627859919], [-1.195801532375559, 44.81690342374075], [-1.195441268135628, 44.81707626614874], [-1.195058934565335, 44.81722314102076], [-1.19465821413052, 44.81734263365917], [-1.194242966479476, 44.817433593103424], [-1.193817191253531, 44.81749514322156], [-1.193384989546055, 44.81752669115316], [-1.192950524381878, 44.817527933022824], [-1.192517980598722, 44.81749885686866], [-1.192091524517993, 44.817439742757465], [-1.191675263794371, 44.81735116008578], [-1.19127320783188, 44.81723396209261], [-1.190889229148635, 44.81708927763689], [-1.190527026063173, 44.816918500319105], [-1.190190087062488, 44.816723275052134], [-1.189881657195493, 44.81650548221074], [-1.18960470681597, 44.816267219513094], [-1.189361902976217, 44.81601078180877], [-1.189155583746937, 44.81573863896851], [-1.188987735710445, 44.81545341208898], [-1.188859974843578, 44.81515784824199], [-1.18877353097386, 44.814854794011794], [-1.188729235957849, 44.81454716807534], [-1.188727515694705, 44.814237933090126], [-1.188768386050918, 44.8139300671601], [-1.188851452734425, 44.813626535154924], [-1.1889759151183, 44.813330260158374], [-1.18914057397619, 44.813044095321175], [-1.189343843054011, 44.81277079638899], [-1.189583764365625, 44.81251299516984], [-1.189669214846978, 44.81243827579266], [-1.189785986876088, 44.812160291048514], [-1.189950638182371, 44.81187412512095], [-1.190153899090404, 44.81160082481146], [-1.190393811692735, 44.81134302194128], [-1.190668065226655, 44.811103199059126], [-1.190974018338597, 44.81088366554173], [-1.191308724527276, 44.81068653536288], [-1.191668960520316, 44.81051370674439], [-1.192051257311079, 44.810366843884914], [-1.192451933556994, 44.81024736094177], [-1.19286713101812, 44.81015640841994], [-1.193292851695229, 44.810094862099135], [-1.193724996310461, 44.81006331460496], [-1.194159403760831, 44.81006206970549], [-1.194591891165573, 44.81009113938775], [-1.19501829412265, 44.81015024374232], [-1.195434506787792, 44.81023881365732], [-1.195836521391065, 44.81035599629539], [-1.19622046681139, 44.81050066330189], [-1.196582645838372, 44.81067142166449], [-1.196919570763314, 44.81086662712066], [-1.197227996957259, 44.81108439998392], [-1.19750495411307, 44.81132264323653], [-1.197747774850886, 44.81157906271525], [-1.197954120411491, 44.811851189195814], [-1.198122003189918, 44.81213640216378], [-1.198249805891957, 44.81243195504345], [-1.198336297128448, 44.812735001641826], [-1.198380643296489, 44.81304262355364], [-1.198382416632282, 44.81335185826331], [-1.198341599357077, 44.81365972767359], [-1.198258583875324, 44.81396326678623], [-1.198134169022051, 44.814259552258356], [-1.197969552394601, 44.81454573055947], [-1.197766318841635, 44.81481904545793], [-1.197526425219364, 44.815076864571786], [-1.197440981172369, 44.815151590067]]]}}, {"type": "Feature", "properties": {"nb_detections_cluster": 1, "frp_max": 7.16, "frp_moyen": 7.16, "derniere_detection": "2026-07-24T13:33:00", "fetch_timestamp": "2026-07-25T01:49:00"}, "geometry": {"type": "Polygon", "coordinates": [[[-1.154378320030154, 44.82489579974691], [-1.154376788478844, 44.824586563194096], [-1.15441785454716, 44.8242787088891], [-1.154501122058085, 44.82397520158938], [-1.154625788450609, 44.82367896414059], [-1.154790652533781, 44.82339284933168], [-1.154994126077327, 44.82311961242633], [-1.155234249126355, 44.82286188463508], [-1.155508708891902, 44.82262214778348], [-1.155814862034829, 44.82240271041966], [-1.156149760128067, 44.82220568559139], [-1.156510178051759, 44.82203297050601], [-1.156892645047864, 44.821886228268795], [-1.157293478135316, 44.82176687187556], [-1.157708817564354, 44.82167605061268], [-1.158134663969107, 44.82161463899595], [-1.158566916861398, 44.82158322835395], [-1.159001414095883, 44.82158212113696], [-1.159433971927415, 44.821611328006306], [-1.159860425275876, 44.8216705677316], [-1.160276667811731, 44.82175926989748], [-1.160678691477271, 44.82187658039312], [-1.161062625063911, 44.8220213696327], [-1.161424771474864, 44.82219224342686], [-1.161761643315082, 44.822387556401516], [-1.162069996466289, 44.82260542783475], [-1.16234686132417, 44.82284375975954], [-1.162589571397077, 44.82310025715866], [-1.162795788990868, 44.82337245005734], [-1.162963527732289, 44.823657717301394], [-1.16309117171364, 44.823953311792216], [-1.163177491073737, 44.82425638693594], [-1.163221653864438, 44.82456402405215], [-1.163223234087557, 44.82487326047862], [-1.163182215823835, 44.82518111810137], [-1.163098993413185, 44.825484632035405], [-1.162974367683442, 44.82578087918013], [-1.162809538262906, 44.82606700637401], [-1.162606092049786, 44.8263402578774], [-1.162365987948682, 44.82659800191876], [-1.162091538020399, 44.82683775604806], [-1.161785385226034, 44.8270572110532], [-1.161450477979261, 44.827254253208466], [-1.161090041751704, 44.82742698464067], [-1.16070754800481, 44.827573741616284], [-1.160306680747661, 44.82769311057316], [-1.159891301043144, 44.827783941742084], [-1.159465409804892, 44.82784536022656], [-1.159033109244009, 44.827876774434145], [-1.158598563337716, 44.827877881777454], [-1.15816595770159, 44.827848671590374], [-1.157739459252852, 44.82778942523073], [-1.157323176054218, 44.827700713368934], [-1.156921117726041, 44.82758339048832], [-1.156537156808975, 44.82743858665071], [-1.156174991450097, 44.82726769660644], [-1.155838109772617, 44.827072366354066], [-1.155529756272847, 44.82685447727953], [-1.155252900568501, 44.826616128027744], [-1.155010208799461, 44.826359614281806], [-1.154804017956459, 44.82608740664471], [-1.154636313384733, 44.82580212683702], [-1.154508709678862, 44.825506522440165], [-1.154422435152263, 44.82520344042867], [-1.154378320030154, 44.82489579974691]]]}}, {"type": "Feature", "properties": {"nb_detections_cluster": 63, "frp_max": 174.89, "frp_moyen": 34.4, "derniere_detection": "2026-07-24T13:55:00", "fetch_timestamp": "2026-07-25T01:49:00"}, "geometry": {"type": "Polygon", "coordinates": [[[-1.14664, 44.83389], [-1.1573, 44.83943], [-1.15059, 44.84167], [-1.14368, 44.84399], [-1.14135, 44.83789], [-1.13786, 44.83956], [-1.13208, 44.83667], [-1.12905, 44.83442], [-1.13517, 44.83086], [-1.13645, 44.82859], [-1.14287, 44.82979], [-1.14664, 44.83389]]]}}, {"type": "Feature", "properties": {"nb_detections_cluster": 182, "frp_max": 243.89, "frp_moyen": 52.38, "derniere_detection": "2026-07-24T13:55:00", "fetch_timestamp": "2026-07-25T01:49:00"}, "geometry": {"type": "Polygon", "coordinates": [[[-1.12721, 44.89331], [-1.12277, 44.90146], [-1.10934, 44.88889], [-1.11182, 44.88832], [-1.12172, 44.8874], [-1.13631, 44.8764], [-1.14299, 44.86627], [-1.14841, 44.86409], [-1.16004, 44.85006], [-1.1634, 44.85261], [-1.16803, 44.85729], [-1.16205, 44.85955], [-1.14678, 44.87223], [-1.13703, 44.88276], [-1.12721, 44.89331]]]}}, {"type": "Feature", "properties": {"nb_detections_cluster": 32, "frp_max": 74.8, "frp_moyen": 20.77, "derniere_detection": "2026-07-24T13:55:00", "fetch_timestamp": "2026-07-25T01:49:00"}, "geometry": {"type": "Polygon", "coordinates": [[[-1.172590762806513, 44.86598325095658], [-1.172487902027862, 44.866056952589716], [-1.172152799741896, 44.866254029540904], [-1.171792146110261, 44.86642679792282], [-1.171409414688318, 44.86657359364603], [-1.171008291774464, 44.866693002775236], [-1.170592640894247, 44.86678387515416], [-1.170166465573572, 44.86684533548949], [-1.169733870760232, 44.866876791785586], [-1.169299023266178, 44.8668779410497], [-1.168866111612411, 44.866848772211924], [-1.168439305664267, 44.86678956623178], [-1.168022716446819, 44.86670089339075], [-1.16762035652847, 44.866583607796336], [-1.167236101355178, 44.866438839151236], [-1.166873651908572, 44.866267981866855], [-1.166536499048336, 44.866072681626214], [-1.166227889882804, 44.865854819526234], [-1.165950796492089, 44.86561649395205], [-1.165707887305123, 44.86536000035879], [-1.165501501406306, 44.865087809155376], [-1.16533362601899, 44.86480254190419], [-1.165205877382253, 44.86450694606575], [-1.165119485204581, 44.86420386853228], [-1.165075280843407, 44.86389622820504], [-1.165073689323549, 44.86358698787993], [-1.16511472527039, 44.86327912571223], [-1.165197992796009, 44.86297560653515], [-1.165322689338278, 44.86267935330881], [-1.165487613414973, 44.86239321897417], [-1.165691176217219, 44.86211995898297], [-1.165931416929813, 44.86186220476811], [-1.166206021630071, 44.861622438409604], [-1.166512345582672, 44.86140296873979], [-1.16684743871536, 44.861205909117544], [-1.167208074029938, 44.86103315708522], [-1.167590778674959, 44.86088637610393], [-1.167991867381049, 44.8607669795425], [-1.168407477937244, 44.86067611707413], [-1.168833608367272, 44.86061466361139], [-1.169266155448458, 44.86058321088576], [-1.169700954203172, 44.86058206175277], [-1.170133817983438, 44.86061122727732], [-1.170560578763676, 44.86067042662715], [-1.170919344433307, 44.8607467907008], [-1.171022197544531, 44.860673090645854], [-1.171357270497107, 44.86047601745845], [-1.171717887251581, 44.860303250817736], [-1.172100575135168, 44.8601564543255], [-1.172501649039838, 44.86003704149992], [-1.172917246897105, 44.85994616217085], [-1.173343366852931, 44.85988469141318], [-1.173775905785468, 44.85985322112492], [-1.174210698795529, 44.85985205433073], [-1.174643559290442, 44.85988120226554], [-1.175070319276261, 44.85994038426651], [-1.175486869471353, 44.860029030474024], [-1.175889198856031, 44.86014628731616], [-1.176273433278336, 44.86029102572374], [-1.17663587274503, 44.860461851996874], [-1.176973027039399, 44.860657121219134], [-1.177281649323437, 44.86087495308994], [-1.177558767401209, 44.8611132500233], [-1.177801712342509, 44.86136971733901], [-1.178008144191174, 44.861641885352064], [-1.178176074510261, 44.861927133148], [-1.178303885546591, 44.86222271381562], [-1.178390345829514, 44.86252578089423], [-1.178434622052948, 44.862833415781196], [-1.178436287125405, 44.86314265583587], [-1.178395324309531, 44.86345052290941], [-1.178312127410254, 44.86375405202592], [-1.178187497008733, 44.86405031993867], [-1.178022632777315, 44.86433647328618], [-1.177819121948584, 44.86460975607697], [-1.177578924048664, 44.86486753623827], [-1.177304352041073, 44.86510733097222], [-1.17699805006214, 44.86532683067564], [-1.176662967961991, 44.865523921192356], [-1.176302332896097, 44.86569670418341], [-1.175919618240937, 44.86584351541867], [-1.175518510133357, 44.86596294081337], [-1.175102871956246, 44.86605383005468], [-1.174676707113106, 44.8661153076868], [-1.174244120450782, 44.86614678154748], [-1.173809278702691, 44.86614794847481], [-1.17337637033448, 44.86611879722874], [-1.172949565179835, 44.86605960859937], [-1.172590762806513, 44.86598325095658]]]}}, {"type": "Feature", "properties": {"nb_detections_cluster": 17, "frp_max": 248.22, "frp_moyen": 37.94, "derniere_detection": "2026-07-24T13:55:00", "fetch_timestamp": "2026-07-25T01:49:00"}, "geometry": {"type": "Polygon", "coordinates": [[[-1.16979, 44.87142], [-1.17111, 44.87123], [-1.17009, 44.87503], [-1.16293, 44.8737], [-1.15746, 44.87585], [-1.15609, 44.87598], [-1.15823, 44.87054], [-1.16428, 44.87355], [-1.16979, 44.87142]]]}}, {"type": "Feature", "properties": {"nb_detections_cluster": 28, "frp_max": 185.17, "frp_moyen": 41.42, "derniere_detection": "2026-07-24T13:55:00", "fetch_timestamp": "2026-07-25T01:49:00"}, "geometry": {"type": "Polygon", "coordinates": [[[-1.11822, 44.78633], [-1.11928, 44.79488], [-1.11724, 44.79393], [-1.10745, 44.79123], [-1.11358, 44.7894], [-1.1158, 44.78822], [-1.11324, 44.78374], [-1.11822, 44.78633]]]}}, {"type": "Feature", "properties": {"nb_detections_cluster": 566, "frp_max": 572.07, "frp_moyen": 27.7, "derniere_detection": "2026-07-24T11:53:00", "fetch_timestamp": "2026-07-25T01:49:00"}, "geometry": {"type": "Polygon", "coordinates": [[[-1.133445222639286, 44.79021814225534], [-1.133419267010007, 44.79041228823702], [-1.133335935411281, 44.7907157762805], [-1.133211229943364, 44.79101198651496], [-1.133046351003492, 44.79129806613416], [-1.132842885967762, 44.79157125985653], [-1.132602793922967, 44.79182893646687], [-1.132328386814629, 44.79206861416455], [-1.132022307192158, 44.792287984473425], [-1.131687502765075, 44.79248493448353], [-1.131327198015149, 44.7926575672091], [-1.130944863137792, 44.79280421986732], [-1.130544180612047, 44.79292347990078], [-1.130129009721505, 44.7930141985894], [-1.129703349368385, 44.7930755021201], [-1.129271299539648, 44.7931068000077], [-1.128837021797086, 44.79310779078521], [-1.128404699172848, 44.793078464909286], [-1.127978495857647, 44.79301910485214], [-1.127562517070898, 44.792930282379274], [-1.127160769500289, 44.79281285303942], [-1.126777122692718, 44.79266794791982], [-1.126415271769297, 44.7924969627463], [-1.126078701824223, 44.792301544433606], [-1.125770654350963, 44.792083575215784], [-1.125494096019497, 44.79184515450958], [-1.125251690105485, 44.79158857868614], [-1.12504577084656, 44.79131631894625], [-1.12487832097249, 44.79103099751215], [-1.12475095262521, 44.79073536236592], [-1.124664891851926, 44.79043226077818], [-1.124620966819889, 44.790124611881545], [-1.124619599865476, 44.789815378554216], [-1.124660803453223, 44.7895075388838], [-1.124744180082674, 44.7892040574866], [-1.124868926142949, 44.78890785695867], [-1.125033839676867, 44.788621789733234], [-1.125237331978906, 44.788348610615564], [-1.125477442914439, 44.78809095025963], [-1.125751859811989, 44.78785128984144], [-1.126057939745949, 44.787631937173025], [-1.126392734994828, 44.7874350044865], [-1.126753021429569, 44.787262388101844], [-1.127135329558605, 44.78711575017393], [-1.127535977930813, 44.78699650269407], [-1.127951108575106, 44.786905793899976], [-1.128376724135904, 44.78684449722439], [-1.128808726347589, 44.786813202889185], [-1.129242955478269, 44.78681221222468], [-1.12967523036392, 44.78684153476998], [-1.129965014254297, 44.78688189475976], [-1.129990980179974, 44.786687749821], [-1.13007432386213, 44.786384264709184], [-1.13019903559103, 44.786088058471094], [-1.130363913740127, 44.78580198359497], [-1.130567369944659, 44.78552879495981], [-1.1308074444176, 44.78527112331122], [-1.131081824838564, 44.78503144993398], [-1.131387868633159, 44.78481208276498], [-1.131722628427841, 44.78461513417596], [-1.13208288043489, 44.78444250064003], [-1.132465155494181, 44.78429584447724], [-1.132865772472955, 44.7841765778545], [-1.133280873702344, 44.784085849193815], [-1.133706462109937, 44.7840245321193], [-1.134138439691519, 44.783993217049165], [-1.134572646952306, 44.78399220551347], [-1.135004902938826, 44.78402150725221], [-1.13543104547689, 44.78408084012154], [-1.135846971229206, 44.784169632809146], [-1.136248675187844, 44.784287030332635], [-1.136632289222201, 44.7844319022681], [-1.136994119312067, 44.78460285362986], [-1.137330681107976, 44.78479823829688], [-1.137638733476937, 44.78501617485681], [-1.137915309710889, 44.78525456471541], [-1.138157746097543, 44.78551111229749], [-1.138363707578454, 44.785783347144886], [-1.138531210247032, 44.786068647699345], [-1.138658640469431, 44.786364266541355], [-1.13874477044362, 44.786667356842365], [-1.138788770046038, 44.78697499977587], [-1.13879021485092, 44.787284232623435], [-1.138749090244095, 44.78759207730539], [-1.138665791590618, 44.787895569061234], [-1.138541120453615, 44.78819178500384], [-1.138376276899706, 44.78847787227198], [-1.13817284796418, 44.788751075510454], [-1.137932792386131, 44.78900876341246], [-1.137658421759824, 44.789248454068584], [-1.137352378283247, 44.78946783887796], [-1.137017609317727, 44.78966480479095], [-1.136657339003409, 44.78983745466863], [-1.136275037203958, 44.78998412556296], [-1.135874386079744, 44.79010340474094], [-1.135459244611823, 44.790194143298066], [-1.135033611418951, 44.79025546722989], [-1.134601586226416, 44.79028678585468], [-1.134167330358664, 44.79028779750578], [-1.133735026637106, 44.79025849243877], [-1.133445222639286, 44.79021814225534]]]}}, {"type": "Feature", "properties": {"nb_detections_cluster": 328, "frp_max": 404.96, "frp_moyen": 53.68, "derniere_detection": "2026-07-24T13:55:00", "fetch_timestamp": "2026-07-25T01:49:00"}, "geometry": {"type": "Polygon", "coordinates": [[[-1.13324, 44.85107], [-1.13372, 44.85454], [-1.1268, 44.85685], [-1.12212, 44.86154], [-1.11301, 44.86145], [-1.10624, 44.85889], [-1.10099, 44.85936], [-1.09379, 44.85485], [-1.08877, 44.86069], [-1.08848, 44.86243], [-1.08339, 44.86086], [-1.08302, 44.85519], [-1.07974, 44.85305], [-1.0851, 44.85286], [-1.09046, 44.85266], [-1.09583, 44.85246], [-1.10117, 44.85226], [-1.11187, 44.85186], [-1.11026, 44.84374], [-1.11489, 44.8485], [-1.12024, 44.84834], [-1.12556, 44.84816], [-1.1309, 44.84799], [-1.13324, 44.85107]]]}}, {"type": "Feature", "properties": {"nb_detections_cluster": 2, "frp_max": 21.6, "frp_moyen": 18.73, "derniere_detection": "2026-07-24T11:53:00", "fetch_timestamp": "2026-07-25T01:49:00"}, "geometry": {"type": "Polygon", "coordinates": [[[-1.128316692027402, 44.86784742611174], [-1.128615754513913, 44.86780441547319], [-1.129048379449396, 44.86777311936869], [-1.129483234643593, 44.86777212773794], [-1.129916132905171, 44.86780145012927], [-1.130342905876513, 44.867860804199935], [-1.130759444150815, 44.86794961843353], [-1.13116173682292, 44.86806703764018], [-1.131545910094015, 44.868211931187226], [-1.131908264559235, 44.8683829038809], [-1.132245310819819, 44.868578309394756], [-1.132553803077452, 44.86879626611571], [-1.132830770387624, 44.86903467525542], [-1.13307354527129, 44.869291241053006], [-1.133279789409222, 44.869563492874924], [-1.13344751617146, 44.86984880899944], [-1.133575109764487, 44.87014444185711], [-1.133661340811136, 44.87044754448438], [-1.133705378212507, 44.870755197936006], [-1.133706797176743, 44.87106443939226], [-1.133665583336442, 44.871372290690516], [-1.133582132913992, 44.87167578700655], [-1.133457248932233, 44.87197200540921], [-1.133292133505899, 44.8722580930136], [-1.133088376287136, 44.87253129446119], [-1.132847939175487, 44.872788978462395], [-1.132573137438865, 44.87302866314532], [-1.132266617426753, 44.87324803996661], [-1.131931331089849, 44.87344499595346], [-1.131570507551355, 44.87361763406259], [-1.131187622003656, 44.873764291459246], [-1.130786362230161, 44.873883555540395], [-1.130370593075087, 44.873974277546935], [-1.129944319203938, 44.87403558363382], [-1.129511646514051, 44.874066883291206], [-1.129076742567687, 44.8740678750351], [-1.128703329987601, 44.874042581936195], [-1.128404234340965, 44.87408559289572], [-1.12797156040727, 44.87411688655308], [-1.127536656046492, 44.874117872265536], [-1.127103710327479, 44.87408854053852], [-1.126676893443667, 44.874029173900574], [-1.126260316525339, 44.8739403441806], [-1.12585799202219, 44.873822906997205], [-1.125473795038718, 44.873677993513105], [-1.125111425995642, 44.873506999534804], [-1.124774374977698, 44.87331157206184], [-1.124465888111736, 44.87309359341647], [-1.124188936299314, 44.87285516310629], [-1.123946186605126, 44.87259857759501], [-1.123739976576811, 44.872326308176675], [-1.123572291743274, 44.87204097716678], [-1.1234447465078, 44.871745332639726], [-1.123358568619441, 44.871442221956315], [-1.123314587371456, 44.871134564336906], [-1.123313225639629, 44.87082532274365], [-1.123354495836176, 44.870517475343725], [-1.123437999817184, 44.87021398682792], [-1.123562932743443, 44.8699177798608], [-1.123728090856476, 44.86963170693755], [-1.123931883093908, 44.86935852291833], [-1.12417234643146, 44.86910085850426], [-1.124447164803061, 44.86886119491039], [-1.12475369141631, 44.86864183997931], [-1.125088974247958, 44.8684449059649], [-1.125449784473666, 44.86827228919991], [-1.125832647558255, 44.868125651842824], [-1.126233876707209, 44.868006405879434], [-1.12664960835768, 44.86791569953283], [-1.127075839367757, 44.867854406212224], [-1.127508465546578, 44.867823116107076], [-1.12794332115509, 44.86782213050709], [-1.128316692027402, 44.86784742611174]]]}}, {"type": "Feature", "properties": {"nb_detections_cluster": 2, "frp_max": 21.59, "frp_moyen": 18.73, "derniere_detection": "2026-07-24T11:53:00", "fetch_timestamp": "2026-07-25T01:49:00"}, "geometry": {"type": "Polygon", "coordinates": [[[-1.125447750504193, 44.876069990948274], [-1.125625822948686, 44.876044389460496], [-1.126058513043732, 44.876013104923594], [-1.126493432111068, 44.87601212499939], [-1.126926392344431, 44.8760414591235], [-1.127353224789576, 44.876100824840236], [-1.127769819467102, 44.87618965052102], [-1.128172164928803, 44.876307080865786], [-1.128556386867582, 44.87645198513459], [-1.128918785409949, 44.87662296803042], [-1.129255870732688, 44.87681838312864], [-1.129564396661282, 44.87703634872382], [-1.129841391926901, 44.87727476594215], [-1.130084188781181, 44.87753133894502], [-1.130290448693178, 44.877803597029406], [-1.130458184880863, 44.87808891841329], [-1.130585781459764, 44.878384555476565], [-1.130672009023758, 44.87868766121517], [-1.130716036507272, 44.87899531665387], [-1.130717439213755, 44.87930455895379], [-1.130676202932167, 44.879612409944166], [-1.130592724100824, 44.87991590480369], [-1.130467806015991, 44.88021212061524], [-1.130302651120689, 44.880498204518844], [-1.130098849447065, 44.88077140119162], [-1.129858363322711, 44.881029079389954], [-1.129583508487528, 44.88126875729779], [-1.129276931802381, 44.88148812643702], [-1.128941585763812, 44.88168507390884], [-1.128580700070072, 44.88185770275197], [-1.128197750512263, 44.8820043502209], [-1.127796425490403, 44.882123603808196], [-1.127380590477269, 44.88221431485586], [-1.126954250772817, 44.88227560962437], [-1.126521512908601, 44.882306897712915], [-1.126086545074764, 44.88230787774893], [-1.125653536951636, 44.88227854029254], [-1.125592257749441, 44.882270017370054], [-1.125414165541908, 44.88229561885421], [-1.124981426665217, 44.88232690094236], [-1.124546458649613, 44.882327874946924], [-1.124113451177179, 44.88229853148603], [-1.123686575036264, 44.882239153201304], [-1.123269941927997, 44.8821503120338], [-1.122867564843358, 44.882032863712375], [-1.12248331939334, 44.88188793950709], [-1.122120906465492, 44.88171693532762], [-1.121783816567219, 44.88152149827181], [-1.121475296199795, 44.881303510754236], [-1.121198316587364, 44.88106507236788], [-1.120955545062258, 44.880808479654284], [-1.120749319382236, 44.88053620397683], [-1.120581625226778, 44.88025086771128], [-1.120454077088762, 44.879955218982595], [-1.120367902744994, 44.879652105192136], [-1.120323931454384, 44.879344445590085], [-1.120322585996612, 44.879035203157684], [-1.120363878626961, 44.87872735607018], [-1.120447410985274, 44.87842386901536], [-1.120572377958883, 44.87812766464363], [-1.120737575461276, 44.87784159542521], [-1.120941412050626, 44.87756841618459], [-1.121181924275449, 44.877310757576794], [-1.121456795598835, 44.87707110076098], [-1.121763378718438, 44.87685175351445], [-1.122098721066872, 44.87665482801707], [-1.122459593246711, 44.876482220519556], [-1.122842520126252, 44.87633559309118], [-1.123243814296755, 44.87621635762212], [-1.12365961156936, 44.87612566223439], [-1.124085908170379, 44.87606438023164], [-1.124518599277484, 44.87603310169442], [-1.124953518526541, 44.87603212780101], [-1.125386478109533, 44.87606146792892], [-1.125447750504193, 44.876069990948274]]]}}, {"type": "Feature", "properties": {"nb_detections_cluster": 1, "frp_max": 11.54, "frp_moyen": 11.54, "derniere_detection": "2026-07-24T13:55:00", "fetch_timestamp": "2026-07-25T01:49:00"}, "geometry": {"type": "Polygon", "coordinates": [[[-1.087461290006593, 44.78463313066736], [-1.0874601275247, 44.78432389749706], [-1.087501530500038, 44.78401607224703], [-1.087585099512198, 44.78371261939445], [-1.087710029097926, 44.78341646126027], [-1.087875115533067, 44.78313044986921], [-1.088078768447525, 44.782857339488686], [-1.088319026160513, 44.78259976011054], [-1.088593574587662, 44.78236019213083], [-1.088899769537341, 44.78214094247133], [-1.089234662181049, 44.781944122372096], [-1.089595027452387, 44.78177162706889], [-1.089977395101108, 44.78162511755061], [-1.090378083103356, 44.78150600457205], [-1.090793233106756, 44.781415435075715], [-1.091218847569546, 44.78135428115309], [-1.091650828236813, 44.781323131651426], [-1.092085015584145, 44.78132228650655], [-1.092517228849786, 44.78135175385627], [-1.092943306270762, 44.78141124996207], [-1.09335914513655, 44.78150020193986], [-1.093760741275516, 44.78161775327342], [-1.09414422759484, 44.78176277205775], [-1.094505911303621, 44.7819338618931], [-1.0948423094614, 44.782129375324956], [-1.095150182510359, 44.782347429700934], [-1.095426565468633, 44.78258592529218], [-1.09566879648456, 44.782842565505184], [-1.095874542476853, 44.7831148789896], [-1.0960418216136, 44.783400243429675], [-1.096169022413205, 44.78369591079049], [-1.096254919282732, 44.78399903377599], [-1.096298684343315, 44.784306693244645], [-1.096299895427871, 44.7846159263185], [-1.096258540173143, 44.78492375491543], [-1.096175016165659, 44.78522721442961], [-1.096050127139174, 44.78552338228412], [-1.095885075259172, 44.785809406080645], [-1.095681449567813, 44.78608253107505], [-1.095441210699719, 44.78634012671392], [-1.095166672015057, 44.78657971197628], [-1.094860477331061, 44.786798979276206], [-1.094525575466022, 44.78699581669572], [-1.094165191840707, 44.787168328333436], [-1.093782797410701, 44.787314852572756], [-1.093382075229047, 44.787433978093176], [-1.092966884961615, 44.787524557470185], [-1.092541225697491, 44.787585718232584], [-1.09210919741328, 44.78761687127029], [-1.091674961463285, 44.78761771651161], [-1.091242700477036, 44.78758824581498], [-1.090816578051381, 44.78752874304758], [-1.090400698626349, 44.78743978134946], [-1.089999067932245, 44.78732221761044], [-1.089615554389821, 44.787177184212204], [-1.089253851836148, 44.78700607811614], [-1.088917443935883, 44.786810547401636], [-1.088609570621241, 44.786592475385255], [-1.088333196884298, 44.78635396247371], [-1.088090984222345, 44.78609730592619], [-1.087885265011338, 44.78582497772073], [-1.087718020053998, 44.78553960073881], [-1.087590859518426, 44.78524392349733], [-1.087505007450232, 44.78494079367206], [-1.087461290006593, 44.78463313066736]]]}}, {"type": "Feature", "properties": {"nb_detections_cluster": 16, "frp_max": 249.54, "frp_moyen": 104.78, "derniere_detection": "2026-07-24T13:55:00", "fetch_timestamp": "2026-07-25T01:49:00"}, "geometry": {"type": "Polygon", "coordinates": [[[-1.098171350171859, 44.784263557469686], [-1.098170128803928, 44.78395432445371], [-1.098211472881877, 44.78364649524621], [-1.098294983552485, 44.783343034362574], [-1.098419855914295, 44.783046864201104], [-1.098584886794151, 44.782760836902455], [-1.098788486356861, 44.782487706887295], [-1.09902869343529, 44.782230104336556], [-1.099303194432536, 44.78199050986951], [-1.099609345613561, 44.78177123066303], [-1.099944198571192, 44.78157437824174], [-1.100304528621038, 44.78140184815266], [-1.100686865851874, 44.781255301719646], [-1.101087528532622, 44.781136150053], [-1.101502658554627, 44.781045540467716], [-1.101928258568443, 44.780984345441375], [-1.10236023045823, 44.78095315421697], [-1.102794414784056, 44.78095226713206], [-1.103226630813257, 44.780981692728304], [-1.10365271675627, 44.781041147669235], [-1.104068569820564, 44.781130059467145], [-1.104470185697861, 44.78124757199268], [-1.104853697105378, 44.78139255371456], [-1.105215411010753, 44.78156360858993], [-1.105551844182888, 44.781759089500916], [-1.105859756726943, 44.78197711410833], [-1.106136183280883, 44.78221558297], [-1.106378461573383, 44.78247219974983], [-1.106584258068037, 44.78274449332321], [-1.106751590446731, 44.78302984156615], [-1.106878846715262, 44.783325496599744], [-1.106964800746609, 44.78362861124678], [-1.107008624111493, 44.78393626644605], [-1.107009894081373, 44.7842454993608], [-1.106968597725904, 44.78455333191048], [-1.106885132064358, 44.784856799451305], [-1.106760300268523, 44.78515297932909], [-1.10659530395262, 44.78543901902979], [-1.106391731623573, 44.785712163656164], [-1.106151543401941, 44.785969782465756], [-1.105877052159969, 44.78620939421446], [-1.105570901257808, 44.78642869106134], [-1.105236039091913, 44.78662556080379], [-1.104875690700542, 44.78679810722919], [-1.104493326699776, 44.78694466838587], [-1.104092629849446, 44.78706383259773], [-1.103677459571325, 44.78715445206762], [-1.103251814761878, 44.78721565393817], [-1.102819795258419, 44.78724684870331], [-1.102385562330642, 44.787247735889444], [-1.101953298578962, 44.78721830695099], [-1.101527167626885, 44.7871588453529], [-1.101111273996618, 44.787069923838665], [-1.100709623555367, 44.786952398911076], [-1.100326084914186, 44.78680740257798], [-1.099964352152015, 44.78663633144377], [-1.099627909224606, 44.786440833251106], [-1.099319996401687, 44.786222791003304], [-1.099043579056012, 44.78598430482048], [-1.098801319105037, 44.78572767170432], [-1.098595549380313, 44.785455363407294], [-1.0984282511712, 44.785170002619125], [-1.098301035158786, 44.78487433770088], [-1.098215125923069, 44.78457121620967], [-1.098171350171859, 44.784263557469686]]]}}, {"type": "Feature", "properties": {"nb_detections_cluster": 1, "frp_max": 7.34, "frp_moyen": 7.34, "derniere_detection": "2026-07-24T13:55:00", "fetch_timestamp": "2026-07-25T01:49:00"}, "geometry": {"type": "Polygon", "coordinates": [[[-1.08247081661355, 44.79047293211761], [-1.082469681456136, 44.790163698277965], [-1.082511116051319, 44.789855874277094], [-1.082594720674048, 44.789552424580116], [-1.082719689518019, 44.789256271477555], [-1.082884818480923, 44.788970266945626], [-1.083088516783062, 44.78869716518572], [-1.083328822306529, 44.78843959610656], [-1.083603420506542, 44.788200040005066], [-1.083909666712184, 44.787980803688576], [-1.084244611601423, 44.787783998268665], [-1.084605029604821, 44.787611518839725], [-1.084987449964425, 44.78746502623777], [-1.0853881901489, 44.787345931054695], [-1.085803391303495, 44.78725538006169], [-1.086229055394001, 44.78719424517201], [-1.086661083687736, 44.78716311504969], [-1.087095316201774, 44.787162289443906], [-1.087527571739527, 44.78719177630435], [-1.087953688131043, 44.787251291704635], [-1.088369562290596, 44.78734026257488], [-1.088771189706719, 44.787457832216965], [-1.089154702985424, 44.7876028685496], [-1.08951640907618, 44.787773975004], [-1.089852824822953, 44.787969503965684], [-1.090160710498479, 44.78818757263267], [-1.090437100999202, 44.78842608113851], [-1.090679334400707, 44.78868273276527], [-1.090885077598598, 44.78895505605272], [-1.091052348787719, 44.78924042859066], [-1.09117953656285, 44.789536102266155], [-1.091265415456315, 44.789839229722325], [-1.091309157762204, 44.79014689177454], [-1.091310341532411, 44.790456125519974], [-1.091268954666583, 44.79076395286996], [-1.091185395055559, 44.791067409230656], [-1.091060466775873, 44.79136357205551], [-1.090895372370962, 44.791649588994595], [-1.090691701292489, 44.791922705369785], [-1.090451414612165, 44.792180290710654], [-1.090176826150644, 44.7924198640954], [-1.089870580204596, 44.79263911805248], [-1.089535626086078, 44.79283594079241], [-1.089175189719203, 44.793008436555176], [-1.088792742567624, 44.793154943877056], [-1.088391968192273, 44.79327405160051], [-1.087976726761841, 44.79336461247246], [-1.087551017858312, 44.7934257541999], [-1.08711894193651, 44.79345688785614], [-1.086684660809679, 44.793457713556116], [-1.08625235754257, 44.79342822334656], [-1.085826196139347, 44.79336870128254], [-1.085410281415514, 44.79327972069004], [-1.085008619441394, 44.79316213864078], [-1.084625078939024, 44.793017087692895], [-1.084263354005125, 44.792845964976735], [-1.08392692851986, 44.79265041873182], [-1.083619042584741, 44.792432332424255], [-1.083342661313297, 44.79219380659839], [-1.08310044627527, 44.791937138637806], [-1.082894729869355, 44.79166480063042], [-1.082727492871108, 44.79137941555208], [-1.082600345371816, 44.791083731997674], [-1.082514511291371, 44.790780597703716], [-1.08247081661355, 44.79047293211761]]]}}, {"type": "Feature", "properties": {"nb_detections_cluster": 12, "frp_max": 99.6, "frp_moyen": 47.26, "derniere_detection": "2026-07-24T13:55:00", "fetch_timestamp": "2026-07-25T01:49:00"}, "geometry": {"type": "Polygon", "coordinates": [[[-1.09323, 44.80713], [-1.08893, 44.81174], [-1.0872, 44.80996], [-1.09759, 44.80445], [-1.09323, 44.80713]]]}}, {"type": "Feature", "properties": {"nb_detections_cluster": 5, "frp_max": 5.27, "frp_moyen": 3.51, "derniere_detection": "2026-07-24T02:28:00", "fetch_timestamp": "2026-07-25T01:49:00"}, "geometry": {"type": "Polygon", "coordinates": [[[-1.11154, 44.82476], [-1.10472, 44.82484], [-1.10568, 44.82153], [-1.11154, 44.82476]]]}}, {"type": "Feature", "properties": {"nb_detections_cluster": 2, "frp_max": 4.34, "frp_moyen": 3.79, "derniere_detection": "2026-07-24T02:11:00", "fetch_timestamp": "2026-07-25T01:49:00"}, "geometry": {"type": "Polygon", "coordinates": [[[-1.101084574603356, 44.82858197532919], [-1.101306250055913, 44.828516105779535], [-1.101721729759149, 44.82842549392833], [-1.102147688396117, 44.82836429708344], [-1.102580024398326, 44.82833310450543], [-1.103014574820402, 44.82833221654488], [-1.103447155405148, 44.828361641751854], [-1.103873600853298, 44.828421096793654], [-1.10428980491118, 44.82851000918162], [-1.104691759891246, 44.82862752278071], [-1.10507559524581, 44.828772506049326], [-1.105437614823387, 44.828943562929716], [-1.105774332449551, 44.829139046284716], [-1.106082505490255, 44.829357073751616], [-1.10635916607475, 44.829595545860734], [-1.106601649677647, 44.82985216624474], [-1.10680762078485, 44.83012446374428], [-1.106975095395984, 44.83040981619762], [-1.107102460146237, 44.830705475685306], [-1.107188487862883, 44.83100859498719], [-1.10723234940592, 44.8313162549973], [-1.107233621677976, 44.83162549283256], [-1.107192291725356, 44.83193333036501], [-1.10710875688973, 44.83223680290288], [-1.106983821007972, 44.832532987743846], [-1.106818686695724, 44.832819032326064], [-1.106614943788045, 44.8330921817053], [-1.106374554047596, 44.83334980509328], [-1.106099832286894, 44.83358942120178], [-1.105793424085872, 44.833808722147865], [-1.105458280318903, 44.834005595689455], [-1.105097628736436, 44.834178145577305], [-1.10471494287489, 44.834324709826376], [-1.10431390859444, 44.8344438767308], [-1.10389838856732, 44.83453449846745], [-1.103472385059248, 44.83459570215711], [-1.103040001363086, 44.83462689827621], [-1.102605402257062, 44.834627786338096], [-1.102172773869267, 44.83459835778877], [-1.101746283336014, 44.8345388960894], [-1.101330038643566, 44.83444997398448], [-1.10092804904104, 44.834332447982504], [-1.10054418640664, 44.834187450101666], [-1.100182147940201, 44.83401637696128], [-1.099845420542038, 44.83382087632335], [-1.099615327508816, 44.833658076420555], [-1.09939362978708, 44.833723942703564], [-1.098978107149222, 44.83381454599536], [-1.098552103741057, 44.833875730782395], [-1.098119722854505, 44.833906907723154], [-1.097685129240731, 44.833907776515716], [-1.097252508974919, 44.83387832879168], [-1.096826029115127, 44.83381884819691], [-1.096409797544779, 44.83372990765795], [-1.096007823386552, 44.833612363860745], [-1.095623978369842, 44.833467348995], [-1.095261959524734, 44.833296259843564], [-1.094925253562489, 44.833100744322635], [-1.094617103286158, 44.8328826856025], [-1.094340476355222, 44.83264418396184], [-1.094098036705256, 44.832387536551295], [-1.093892118897894, 44.83211521526095], [-1.093724705647902, 44.83182984290571], [-1.093597408743398, 44.831534167958], [-1.093511453542403, 44.83123103807147], [-1.093467667194297, 44.8309233726512], [-1.093466470698748, 44.8306141347343], [-1.093507874877659, 44.830306302452335], [-1.093591480297879, 44.83000284035028], [-1.093716481144414, 44.82970667083819], [-1.093881673005808, 44.82942064605039], [-1.094085464495756, 44.82914752038334], [-1.094325892598181, 44.828889923976085], [-1.094600641587224, 44.82865033738866], [-1.094907065339397, 44.82843106772207], [-1.095242212822596, 44.82823422640901], [-1.095602856516293, 44.82806170888954], [-1.095985523489214, 44.82791517636647], [-1.096386528835395, 44.827796039816064], [-1.096802011147004, 44.82770544640787], [-1.097227969682862, 44.827644268463594], [-1.097660302875468, 44.82761309506175], [-1.098094847806506, 44.82761222636831], [-1.098527420271644, 44.82764167074785], [-1.098953855049777, 44.82770114468304], [-1.099370045989944, 44.82779007550324], [-1.099771985530863, 44.827907606895984], [-1.100155803273461, 44.8280526071483], [-1.100517803235783, 44.828223680038896], [-1.100854499432222, 44.82841917827646], [-1.101084574603356, 44.82858197532919]]]}}, {"type": "Feature", "properties": {"nb_detections_cluster": 5, "frp_max": 80.25, "frp_moyen": 48.91, "derniere_detection": "2026-07-24T12:14:00", "fetch_timestamp": "2026-07-25T01:49:00"}, "geometry": {"type": "Polygon", "coordinates": [[[-1.094794891858945, 44.86621342746936], [-1.094793687302523, 44.865904186030626], [-1.094835110225892, 44.86559634973239], [-1.094918761014511, 44.8652928831583], [-1.095043833415639, 44.86499670876147], [-1.095209122327963, 44.86471067872326], [-1.095413035429881, 44.86443754749069], [-1.095653608533611, 44.86417994525639], [-1.095928524516493, 44.86394035263658], [-1.096235135646592, 44.86372107679025], [-1.096570489087227, 44.863524229209645], [-1.096931355334531, 44.86335170539514], [-1.097314259314226, 44.86320516661019], [-1.097715513838313, 44.863086023891334], [-1.098131255099837, 44.86299542446749], [-1.098557479864512, 44.8629342407183], [-1.098990084001709, 44.8629030617782], [-1.099424901984627, 44.86290218786644], [-1.099857746980176, 44.862931627397856], [-1.100284451143502, 44.86299109690178], [-1.100700905730146, 44.86308002375031], [-1.101103100640509, 44.86319755166916], [-1.101487163016819, 44.863342548978856], [-1.101849394521676, 44.863513619486454], [-1.102186306939955, 44.8637091159236], [-1.102494655761767, 44.863927155801555], [-1.102771471423435, 44.86416563953119], [-1.103014087905866, 44.864422270633185], [-1.103220168414877, 44.86469457784505], [-1.103387727895963, 44.864979938911496], [-1.103515152166321, 44.86527560583009], [-1.103601213479256, 44.865578731309135], [-1.103645082370402, 44.86588639618315], [-1.103646335670758, 44.86619563752215], [-1.103604960608473, 44.86650347716449], [-1.103521354958812, 44.866806950397965], [-1.103396323239854, 44.86710313451362], [-1.103231068989516, 44.86738917695653], [-1.10302718319736, 44.86766232280299], [-1.102786629001672, 44.867919941298766], [-1.102511722798484, 44.86815955120278], [-1.102205111943902, 44.86837884469173], [-1.101869749264019, 44.86857570959541], [-1.101508864617766, 44.86874824974772], [-1.101125933786476, 44.86889480325739], [-1.100724644990043, 44.86901395852197], [-1.100308863352487, 44.86910456783044], [-1.099882593659724, 44.86916575842329], [-1.099449941768944, 44.86919694090312], [-1.099015075042093, 44.86919781491459], [-1.09858218218546, 44.86916837203908], [-1.098155432883174, 44.86910889587573], [-1.097738937614362, 44.86901995930842], [-1.097336708042012, 44.868902418984874], [-1.096952618355938, 44.86875740706125], [-1.096590367943041, 44.868586320292174], [-1.096253445745068, 44.86839080657087], [-1.09594509664774, 44.86817274905028], [-1.095668290225318, 44.86793424799759], [-1.095425692141838, 44.867677600557755], [-1.095219638484422, 44.867405278621185], [-1.095052113275682, 44.86711990500903], [-1.094924729381356, 44.86682422820579], [-1.094838712996506, 44.86652109588307], [-1.094794891858945, 44.86621342746936]]]}}, {"type": "Feature", "properties": {"nb_detections_cluster": 6, "frp_max": 92.11, "frp_moyen": 38.61, "derniere_detection": "2026-07-24T13:55:00", "fetch_timestamp": "2026-07-25T01:49:00"}, "geometry": {"type": "Polygon", "coordinates": [[[-1.11691, 44.86737], [-1.11088, 44.87133], [-1.10999, 44.86967], [-1.11691, 44.86737]]]}}, {"type": "Feature", "properties": {"nb_detections_cluster": 3, "frp_max": 46.99, "frp_moyen": 33.46, "derniere_detection": "2026-07-24T13:33:00", "fetch_timestamp": "2026-07-25T01:49:00"}, "geometry": {"type": "Polygon", "coordinates": [[[-1.097635576107478, 44.8792824050696], [-1.097815255761362, 44.879472440545186], [-1.098021366298961, 44.87974475870521], [-1.098188944273551, 44.880030128977936], [-1.098316375323896, 44.880325803272314], [-1.098402431637643, 44.88062893422555], [-1.098446283798184, 44.88093660261939], [-1.098447508797259, 44.88124584548997], [-1.098406094135199, 44.88155368466082], [-1.09832243796828, 44.88185715542429], [-1.098197345300779, 44.882153335095126], [-1.098032020257317, 44.882439371161205], [-1.097828054509029, 44.8827125087602], [-1.097587411964086, 44.882970117217305], [-1.097312409869316, 44.88320971538803], [-1.097005696504326, 44.883428995562156], [-1.096670225682529, 44.88362584569763], [-1.096309228304486, 44.8837983697706], [-1.095926181237423, 44.88394490604467], [-1.095524773820939, 44.88406404308336], [-1.095108872321754, 44.88415463335124], [-1.094682482680482, 44.88421580427215], [-1.094249711909869, 44.88424696663817], [-1.093814728517123, 44.884247820287754], [-1.093381722332467, 44.88421835699837], [-1.092954864131794, 44.8841588605658], [-1.092538265443294, 44.884069904069136], [-1.092135938926207, 44.88395234434806], [-1.091751759704181, 44.88380731374565], [-1.091389428026531, 44.88363620919633], [-1.091052433617688, 44.883440678764636], [-1.090744022058789, 44.88322260576446], [-1.090467163525544, 44.88298409061205], [-1.090224524183681, 44.882727430588155], [-1.090018440517436, 44.88245509770436], [-1.089850896838138, 44.88216971488723], [-1.089723506189075, 44.881874030709945], [-1.089637494829997, 44.88157089291501], [-1.089593690449934, 44.88126322098365], [-1.089592514220967, 44.88095397801569], [-1.089633976768559, 44.88064614219128], [-1.089717678096215, 44.88034267808951], [-1.089842811464163, 44.88004650813965], [-1.090008171183681, 44.879760484480215], [-1.090212164251055, 44.87948736149676], [-1.090452825708256, 44.87922976930244], [-1.090727837581671, 44.878990188416736], [-1.091034551215904, 44.878770925885675], [-1.091074480031216, 44.87874749769058], [-1.090894825514835, 44.878557451353444], [-1.090688753903924, 44.87828512007063], [-1.090521219261501, 44.87799973863915], [-1.090393834543908, 44.877704055618764], [-1.090307825953866, 44.877400918740946], [-1.090264021153833, 44.877093247478], [-1.090262841320043, 44.87678400492334], [-1.090304297112778, 44.87647616925317], [-1.090387988600698, 44.87617270504509], [-1.090513109138884, 44.875876534729365], [-1.090678453162253, 44.875590510448085], [-1.090882427818318, 44.87531738659275], [-1.091123068326409, 44.87505979328494], [-1.091398056914695, 44.87482021105486], [-1.091704745152039, 44.87460094696149], [-1.092040179459251, 44.874404112383864], [-1.092401129553803, 44.87423160269712], [-1.092784119554104, 44.87408507902866], [-1.093185461443943, 44.87396595226947], [-1.093601290575237, 44.873875369494776], [-1.094027602867735, 44.873814202923896], [-1.09446029334815, 44.87378304152587], [-1.094895195658427, 44.873782185351025], [-1.095328122153635, 44.873811642643396], [-1.095754904204283, 44.87387112976135], [-1.096171432316037, 44.8739600739073], [-1.096573695681393, 44.87407761864048], [-1.096957820783458, 44.87422263211948], [-1.097320108680832, 44.87439371799562], [-1.097657070615334, 44.87458922885259], [-1.097965461600179, 44.87480728206281], [-1.09824231166556, 44.87504577790872], [-1.098484954460926, 44.875302419794316], [-1.098691052938508, 44.875574736353286], [-1.09885862187054, 44.875860105240264], [-1.098986046982949, 44.87615577837751], [-1.099072100520664, 44.876458908413426], [-1.09911595309391, 44.87676657613857], [-1.09911718169056, 44.877075818595536], [-1.099075773776399, 44.87738365761185], [-1.098992127442822, 44.87768712848134], [-1.098867047599493, 44.87798330851771], [-1.098701738247612, 44.87826934520536], [-1.09849779090726, 44.87854248367597], [-1.098257169309382, 44.878800093246326], [-1.097982190499098, 44.87903969276125], [-1.097675502531783, 44.87925897449756], [-1.097635576107478, 44.8792824050696]]]}}, {"type": "Feature", "properties": {"nb_detections_cluster": 8, "frp_max": 38.28, "frp_moyen": 32.03, "derniere_detection": "2026-07-24T12:14:00", "fetch_timestamp": "2026-07-25T01:49:00"}, "geometry": {"type": "Polygon", "coordinates": [[[-1.100023838270639, 44.87977363658568], [-1.100022604620843, 44.87946439387578], [-1.100064008877968, 44.87915655430455], [-1.100147651606889, 44.87885308248719], [-1.100272726632132, 44.878556900927364], [-1.100438028826779, 44.87827086187541], [-1.100641965741009, 44.87799771986521], [-1.100882572957443, 44.877740105193176], [-1.10115753302468, 44.87750049859531], [-1.101464197786073, 44.87728120736524], [-1.101799613888346, 44.877084343143366], [-1.102160551224136, 44.876911801590325], [-1.10254353403459, 44.87676524414033], [-1.102944874372632, 44.8766460820097], [-1.103360707605048, 44.87655546261426], [-1.103787029612047, 44.876494258525966], [-1.10421973532678, 44.87646305907506], [-1.104654658244513, 44.87646216467833], [-1.105087610521915, 44.87649158394785], [-1.105514423281301, 44.876551033608074], [-1.105930986732717, 44.87663994122211], [-1.106333289728477, 44.87675745070096], [-1.10671745837019, 44.87690243054268], [-1.10707979329733, 44.87707348472253], [-1.107416805298977, 44.8772689661294], [-1.107725248906358, 44.877486992419335], [-1.108002153643053, 44.877725464134016], [-1.108244852632158, 44.87798208490989], [-1.108451008284861, 44.878254383583894], [-1.108618634822876, 44.878539737983], [-1.108746117417429, 44.87883540016904], [-1.108832227759906, 44.87913852289588], [-1.108876135913481, 44.8794461870246], [-1.108877418330721, 44.879755429632446], [-1.108836061959027, 44.88006327254554], [-1.108752464393312, 44.88036675102027], [-1.108627430073451, 44.88066294229718], [-1.108462162562078, 44.880948993752405], [-1.108258252976157, 44.88122215037551], [-1.108017664682853, 44.88147978130846], [-1.107742714406363, 44.88171940519039], [-1.107436049927079, 44.88193871406344], [-1.10710062458744, 44.88213559560919], [-1.106739668849792, 44.88230815350128], [-1.106356659180163, 44.88245472567758], [-1.105955284557811, 44.88257390035584], [-1.105539410933477, 44.882664529638056], [-1.105113043979191, 44.882725740572326], [-1.104680290489101, 44.8827569435653], [-1.104245318803921, 44.88275783806409], [-1.103812318641088, 44.882728415452696], [-1.103385460718497, 44.882668959135096], [-1.102968856561698, 44.882580041804005], [-1.102566518882664, 44.88246251992185], [-1.102182322912644, 44.88231752546724], [-1.101819969062374, 44.88214645502646], [-1.101482947269979, 44.88195095633552], [-1.101174503380489, 44.88173291240261], [-1.10089760788116, 44.88149442336407], [-1.100654927293913, 44.881237786249145], [-1.100448798500386, 44.88096547284883], [-1.100281206246682, 44.88068010590207], [-1.100153764044046, 44.88038443382927], [-1.100067698648855, 44.88008130425646], [-1.100023838270639, 44.87977363658568]]]}}, {"type": "Feature", "properties": {"nb_detections_cluster": 32, "frp_max": 99.98, "frp_moyen": 23.93, "derniere_detection": "2026-07-24T13:33:00", "fetch_timestamp": "2026-07-25T01:49:00"}, "geometry": {"type": "Polygon", "coordinates": [[[-1.08494, 44.89011], [-1.09194, 44.89078], [-1.07965, 44.89085], [-1.0744, 44.89132], [-1.06912, 44.8918], [-1.0684, 44.88764], [-1.07297, 44.883], [-1.08007, 44.88084], [-1.07896, 44.88668], [-1.08494, 44.89011]]]}}, {"type": "Feature", "properties": {"nb_detections_cluster": 2, "frp_max": 394.96, "frp_moyen": 331.07, "derniere_detection": "2026-07-24T12:14:00", "fetch_timestamp": "2026-07-25T01:49:00"}, "geometry": {"type": "Polygon", "coordinates": [[[-1.095172053490969, 44.90222344440229], [-1.095170846083282, 44.9019141994764], [-1.095212293517488, 44.90160635956106], [-1.09529599594211, 44.90130288927477], [-1.095421146606286, 44.90100671110634], [-1.09558653965423, 44.9007206772735], [-1.095790581760815, 44.90044754225978], [-1.09603130749536, 44.90018993629425], [-1.096306398264933, 44.89995034002899], [-1.096613204654121, 44.8997310606581], [-1.096948771945778, 44.89953420970779], [-1.097309868576699, 44.89936168271087], [-1.097693017254221, 44.89921514096138], [-1.09809452843426, 44.899095995524455], [-1.098510535838757, 44.89900539365515], [-1.098937033671061, 44.898944207756635], [-1.099369915171581, 44.89891302698405], [-1.099805012143238, 44.898912151574315], [-1.10023813506703, 44.89894158995663], [-1.100665113422386, 44.89900105867144], [-1.101081835825063, 44.89908998509842], [-1.101484289597008, 44.8992075129674], [-1.101868599388111, 44.89935251059935], [-1.102231064478746, 44.899523581798235], [-1.102568194404583, 44.89971907928904], [-1.102876742561204, 44.89993712057295], [-1.10315373746524, 44.90017560604723], [-1.103396511371236, 44.90043223921584], [-1.103602725968597, 44.900704548796384], [-1.103770394910982, 44.900989912510745], [-1.103897902960791, 44.901285582331035], [-1.103984021563744, 44.90158871093762], [-1.104027920702908, 44.90189637913487], [-1.104029176917103, 44.90220562396085], [-1.103987777405512, 44.90251346722032], [-1.103904120177973, 44.90281694416624], [-1.103779010248451, 44.90311313205385], [-1.103613651907321, 44.90339917829197], [-1.103409637145948, 44.903672327920304], [-1.10316893034415, 44.90392995014818], [-1.102893849367286, 44.90416956369856], [-1.102587043254439, 44.90438886071303], [-1.102251466712134, 44.90458572898739], [-1.101890351659078, 44.904758272323114], [-1.101507176095883, 44.90490482879822], [-1.101105630599834, 44.9050239867817], [-1.100689582767738, 44.90511459853633], [-1.100263039949851, 44.90517579127905], [-1.099830110634538, 44.9052069755917], [-1.099394964856374, 44.90520785110136], [-1.098961794009968, 44.905178409374905], [-1.098534770457528, 44.905118934000456], [-1.098118007320195, 44.90502999785428], [-1.097715518841437, 44.90491245758004], [-1.097331181705122, 44.90476744533348], [-1.096968697681741, 44.904596357872265], [-1.096631557963196, 44.90440084309636], [-1.096323009530235, 44.90418278416887], [-1.096046023876844, 44.90394428137049], [-1.095803268392984, 44.90368763186309], [-1.095597080681298, 44.90341530755693], [-1.095429446054921, 44.903129931296036], [-1.095301978432714, 44.90283425159041], [-1.095215904815343, 44.90253111613962], [-1.095172053490969, 44.90222344440229]]]}}, {"type": "Feature", "properties": {"nb_detections_cluster": 7, "frp_max": 597.37, "frp_moyen": 230.97, "derniere_detection": "2026-07-24T13:55:00", "fetch_timestamp": "2026-07-25T01:49:00"}, "geometry": {"type": "Polygon", "coordinates": [[[-1.11837, 44.9108], [-1.11919, 44.90744], [-1.12162, 44.91208], [-1.10695, 44.91597], [-1.11429, 44.91402], [-1.11837, 44.9108]]]}}, {"type": "Feature", "properties": {"nb_detections_cluster": 6, "frp_max": 212.72, "frp_moyen": 89.54, "derniere_detection": "2026-07-24T13:55:00", "fetch_timestamp": "2026-07-25T01:49:00"}, "geometry": {"type": "Polygon", "coordinates": [[[-1.106078132253779, 44.92593706979951], [-1.106219433695074, 44.926018963003294], [-1.106528140704073, 44.92623699589523], [-1.106805280998985, 44.92647547417778], [-1.1070481854341, 44.92673210142415], [-1.107254514441567, 44.92700440640896], [-1.10742228057291, 44.92728976689844], [-1.107549867654124, 44.92758543489575], [-1.107636046369303, 44.927888563098826], [-1.107679986122023, 44.92819623231595], [-1.107681263059336, 44.92850547957544], [-1.107639864180193, 44.92881332665857], [-1.107556187487683, 44.92911680878154], [-1.107431038182592, 44.92941300314976], [-1.107265620933919, 44.929699057109595], [-1.107061528299825, 44.92997221562647], [-1.106820725409661, 44.930229847824066], [-1.106545531053856, 44.93046947232934], [-1.106238595363195, 44.930688781178375], [-1.105902874292044, 44.93088566205301], [-1.105541601151057, 44.93105821863332], [-1.105158255463511, 44.931204788869756], [-1.10475652944539, 44.931323960998775], [-1.104340292432444, 44.931414587146904], [-1.103913553597355, 44.93147579439242], [-1.103480423316822, 44.931506993177486], [-1.103045073561458, 44.93150788298977], [-1.102611697690943, 44.93147845525839], [-1.102184470042638, 44.931418993436665], [-1.101767505703877, 44.93133007027029], [-1.10136482085639, 44.93121254227796], [-1.100980294075699, 44.93106754149712], [-1.100617628959099, 44.93089646457498], [-1.100280318442831, 44.93070095931004], [-1.099971611152717, 44.93048290877376], [-1.099694480112693, 44.930244413166136], [-1.09945159411281, 44.92998776957968], [-1.099245292012463, 44.92971544986775], [-1.099077560226105, 44.92943007683007], [-1.098950013607881, 44.9291343989457], [-1.098863879918725, 44.928831263896626], [-1.098819988024739, 44.928523591137676], [-1.098818759939684, 44.928214343776666], [-1.098860206787246, 44.9279065000362], [-1.098943928720936, 44.927603024571596], [-1.099069118801375, 44.92730683992163], [-1.099234570792591, 44.92702079836639], [-1.099438690801286, 44.92674765446383], [-1.099679512646118, 44.92649003852859], [-1.099954716808241, 44.926250431308794], [-1.100261652780018, 44.92603114010406], [-1.100597364596281, 44.925834276554504], [-1.100958619302035, 44.92566173631429], [-1.10134193808246, 44.92551518080494], [-1.1015519409635, 44.92545288487239], [-1.101410647762257, 44.92537098574912], [-1.101101965410039, 44.92515293870133], [-1.100824855895549, 44.924914446294004], [-1.100581987801584, 44.92465780558885], [-1.10037569981516, 44.92438548841147], [-1.100207978214896, 44.92410011753719], [-1.10008043775695, 44.923804441424245], [-1.09999430614305, 44.923501307737546], [-1.099950412219443, 44.92319363591883], [-1.099949178019572, 44.92288438906684], [-1.099990614726146, 44.922576545399274], [-1.100074322590466, 44.922273069570814], [-1.100199494808764, 44.92197688412369], [-1.100364925317192, 44.92169084134571], [-1.100569020429423, 44.92141769580659], [-1.100809814203941, 44.92116007783673], [-1.101084987392265, 44.92092046820389], [-1.101391889785059, 44.92070117423089], [-1.101727565740521, 44.920504307584544], [-1.102088782648968, 44.920331763948795], [-1.102472062059523, 44.92018520477792], [-1.102873713169286, 44.920066041304814], [-1.103289868352907, 44.919975420958174], [-1.103716520390931, 44.919914216319135], [-1.104149561039133, 44.919883016723254], [-1.10458482056825, 44.919882122588696], [-1.105018107894288, 44.919911542524986], [-1.105445250913927, 44.919970993250175], [-1.105862136657634, 44.92005990231715], [-1.106264750874778, 44.92017741362289], [-1.106649216670508, 44.920322395647894], [-1.107011831823151, 44.92049345234639], [-1.107349104423484, 44.92068893658306], [-1.107657786493241, 44.92090696598668], [-1.107934905259489, 44.92114544106897], [-1.108177791783889, 44.921402065433995], [-1.108384106671155, 44.9216743678841], [-1.108551862608882, 44.92195972620992], [-1.108679443521345, 44.92225539243547], [-1.108765620152171, 44.922558519275746], [-1.108809561925137, 44.922866187552216], [-1.108810844967975, 44.923175434302145], [-1.108769456220971, 44.92348328131184], [-1.108685793589762, 44.92378676379815], [-1.108560662139835, 44.92408295896303], [-1.108395266368331, 44.924369014145164], [-1.108191198626656, 44.92464217429817], [-1.107950423804493, 44.924899808530036], [-1.107675260421994, 44.92513943544812], [-1.10736835831166, 44.92535874706529], [-1.107032673104441, 44.92555563103669], [-1.106671437765559, 44.92572819101256], [-1.106288131454164, 44.92587476491071], [-1.106078132253779, 44.92593706979951]]]}}, {"type": "Feature", "properties": {"nb_detections_cluster": 74, "frp_max": 199.53, "frp_moyen": 57.07, "derniere_detection": "2026-07-24T13:55:00", "fetch_timestamp": "2026-07-25T01:49:00"}, "geometry": {"type": "Polygon", "coordinates": [[[-1.04622, 44.83152], [-1.04652, 44.8372], [-1.04127, 44.84048], [-1.03579, 44.83758], [-1.0301, 44.83209], [-1.02752, 44.82846], [-1.03486, 44.82053], [-1.04024, 44.82035], [-1.04531, 44.81448], [-1.05068, 44.81429], [-1.05606, 44.81411], [-1.06111, 44.80824], [-1.06143, 44.81392], [-1.05638, 44.81978], [-1.05132, 44.82565], [-1.04622, 44.83152]]]}}, {"type": "Feature", "properties": {"nb_detections_cluster": 4, "frp_max": 171.07, "frp_moyen": 80.48, "derniere_detection": "2026-07-24T13:55:00", "fetch_timestamp": "2026-07-25T01:49:00"}, "geometry": {"type": "Polygon", "coordinates": [[[-1.074348244533743, 44.805272972091075], [-1.074534230064646, 44.80516375174756], [-1.074894789289109, 44.80499130286586], [-1.075277353182609, 44.80484484289053], [-1.075678237831881, 44.80472578209929], [-1.076093582991325, 44.80463526693214], [-1.076519389240344, 44.80457416895741], [-1.076951556477655, 44.80454307648362], [-1.077385923382691, 44.80454228889746], [-1.077818307465036, 44.80457181378252], [-1.078244545317179, 44.804631366846316], [-1.078660532683993, 44.80472037465628], [-1.079062263964034, 44.80483798015856], [-1.079445870763231, 44.80498305092659], [-1.0798076591305, 44.80515419006005], [-1.080144145117449, 44.8053497496297], [-1.08045208832028, 44.80556784653883], [-1.08072852308125, 44.80580638064901], [-1.080970787049438, 44.806063054995725], [-1.081176546825754, 44.8063353978999], [-1.081343820445003, 44.80662078676244], [-1.081470996478128, 44.80691647331309], [-1.081556849570088, 44.807219610070966], [-1.081600552262983, 44.8075272777618], [-1.081601682989745, 44.80783651342837], [-1.081560230160427, 44.808144338963494], [-1.081476592300737, 44.80844778979072], [-1.081351574240453, 44.808743943416715], [-1.081186379387379, 44.8090299475801], [-1.080982598160365, 44.80930304772574], [-1.080742192691812, 44.80956061353948], [-1.080467477946359, 44.80980016428752], [-1.080161099436942, 44.8100193927163], [-1.079826007752446, 44.81021618728219], [-1.079465430142072, 44.810388652496506], [-1.079082839430045, 44.81053512718978], [-1.078681920560249, 44.810654200518705], [-1.07826653509336, 44.810744725561435], [-1.077840683998966, 44.81080583037014], [-1.077408469101737, 44.81083692637367], [-1.076974053553779, 44.8108377140497], [-1.076541621714832, 44.810808185811155], [-1.076115338827665, 44.81074862607946], [-1.075699310878076, 44.81065960854335], [-1.075297545027081, 44.81054199063047], [-1.074913910997295, 44.810396905244346], [-1.074681778875707, 44.810287093797136], [-1.074495776679383, 44.810396314576074], [-1.074135181559779, 44.810568762473835], [-1.073752575732708, 44.810715218791216], [-1.073351644287704, 44.81083427286192], [-1.072936248906619, 44.81092477794963], [-1.072510390654579, 44.81098586229871], [-1.072078171425223, 44.811016937535065], [-1.071643754412406, 44.81101770433641], [-1.071211323989975, 44.81098815531674], [-1.070785045387046, 44.81092857509763], [-1.070369024548126, 44.81083953756517], [-1.069967268565704, 44.81072190033964], [-1.06958364706729, 44.81057679651049], [-1.069221854929664, 44.810405623717514], [-1.068885376680121, 44.81021003068248], [-1.068577452928151, 44.809991901322135], [-1.068301049151212, 44.80975333659551], [-1.068058827135443, 44.80949663426076], [-1.067853119346326, 44.80922426673682], [-1.067685906475967, 44.80893885728376], [-1.067558798382792, 44.808643154731165], [-1.067473018606679, 44.80834000699841], [-1.067429392607919, 44.808032333662204], [-1.067428339842394, 44.8077230978358], [-1.067469869748377, 44.80741527763044], [-1.067553581682545, 44.80711183747466], [-1.067678668804818, 44.806815699566975], [-1.06784392587359, 44.80652971573721], [-1.068047760875307, 44.806256639987254], [-1.068288210375546, 44.80599910197536], [-1.068562958443028, 44.805759581699135], [-1.068869358963705, 44.805540385620915], [-1.069204461129668, 44.805343624464754], [-1.069565037857166, 44.805171192898726], [-1.069947616860058, 44.80502475129799], [-1.070348514079651, 44.804905709763275], [-1.070763869149357, 44.804815214549166], [-1.071189682553193, 44.80475413703188], [-1.071621854121011, 44.804723065322946], [-1.072056222490563, 44.80472229860907], [-1.072488605157335, 44.80475184427294], [-1.072914838727433, 44.804811417821924], [-1.073330818986938, 44.80490044562624], [-1.073732540402806, 44.80501807043951], [-1.074116134675897, 44.805163159649204], [-1.074348244533743, 44.805272972091075]]]}}, {"type": "Feature", "properties": {"nb_detections_cluster": 12, "frp_max": 171.07, "frp_moyen": 60.84, "derniere_detection": "2026-07-24T13:55:00", "fetch_timestamp": "2026-07-25T01:49:00"}, "geometry": {"type": "Polygon", "coordinates": [[[-1.07741, 44.81503], [-1.08037, 44.8196], [-1.07517, 44.81637], [-1.07746, 44.81425], [-1.07741, 44.81503]]]}}, {"type": "Feature", "properties": {"nb_detections_cluster": 7, "frp_max": 69.45, "frp_moyen": 39.6, "derniere_detection": "2026-07-24T12:14:00", "fetch_timestamp": "2026-07-25T01:49:00"}, "geometry": {"type": "Polygon", "coordinates": [[[-1.064992067833183, 44.82731340589511], [-1.064971601955953, 44.82746499698774], [-1.064887845757964, 44.8277684372523], [-1.064762697285423, 44.8280645740797], [-1.064597361201845, 44.82835055537028], [-1.064393429286064, 44.82862362678908], [-1.064152865121673, 44.82888115829852], [-1.063877985201723, 44.82912066949516], [-1.063571436630065, 44.82933985350629], [-1.063236171633665, 44.82953659921602], [-1.062875419131196, 44.829709011606234], [-1.062492653631643, 44.82985543001619], [-1.0620915617627, 44.82997444414467], [-1.061676006751668, 44.83006490764004], [-1.061249991201504, 44.830125949147316], [-1.060817618521233, 44.83015698070503], [-1.060383053383031, 44.830157703411615], [-1.059950481587752, 44.83012811030581], [-1.059524069726444, 44.83006848643384], [-1.059107925027329, 44.82997940610227], [-1.058706055776022, 44.82986172734357], [-1.058322332691079, 44.829716583647325], [-1.057960451627711, 44.82954537303724], [-1.05762389796962, 44.82934974459935], [-1.057315913052415, 44.82913158259136], [-1.057039462942419, 44.82889298828674], [-1.056797209871689, 44.828636259728455], [-1.056591486604423, 44.82836386958801], [-1.056424273981359, 44.828078441343266], [-1.056297181858062, 44.82778272400467], [-1.056211433620105, 44.827479565633965], [-1.056167854423531, 44.827171885910275], [-1.056166863272986, 44.82686264800827], [-1.056208469012876, 44.826554830059116], [-1.056292270269128, 44.82625139646955], [-1.056417459341072, 44.825955269374774], [-1.056582830004988, 44.8256693005004], [-1.056786789153137, 44.82539624370429], [-1.057027372155398, 44.82513872846204], [-1.057302261794793, 44.82489923455199], [-1.057608810593959, 44.82468006818252], [-1.057944066317186, 44.82448333979153], [-1.058304800402164, 44.82431094373161], [-1.058687539047683, 44.82416454003598], [-1.059088596658033, 44.82404553844032], [-1.05950411132245, 44.823955084814685], [-1.059930081988479, 44.82389405013476], [-1.060362406971966, 44.82386302209962], [-1.060796923433693, 44.82386229947549], [-1.061229447443416, 44.823891889220434], [-1.061655814246462, 44.823951506417444], [-1.062071918346173, 44.82404057701639], [-1.06247375301714, 44.824158243358866], [-1.062857448869718, 44.82430337243243], [-1.063118120886873, 44.824426694659], [-1.063138590657442, 44.824275104060575], [-1.063222351094245, 44.82397166546703], [-1.063347498569042, 44.82367553077779], [-1.063512827258692, 44.82338955179172], [-1.063716744459647, 44.823116482464], [-1.06395728594569, 44.82285895239101], [-1.064232134899577, 44.8226194414939], [-1.064538644235659, 44.82240025614467], [-1.064873862098151, 44.822203506963994], [-1.065234560289236, 44.8220310885047], [-1.065617265353242, 44.82188466101567], [-1.066018292017737, 44.82176563446175], [-1.066433778669855, 44.82167515495326], [-1.066859724526795, 44.82161409371519], [-1.06729202814323, 44.821583038702286], [-1.06772652688564, 44.821582288940554], [-1.068159036994368, 44.82161185164939], [-1.068585393848583, 44.821671442172075], [-1.069001492047433, 44.82176048671534], [-1.069403324922362, 44.821878127871706], [-1.069787023101063, 44.82202323287121], [-1.070148891752515, 44.82219440448394], [-1.070485446155154, 44.822389994467855], [-1.070793445246215, 44.8226081194334], [-1.071069922829551, 44.82284667897194], [-1.071312216141593, 44.82310337587408], [-1.071517991500333, 44.82337573824347], [-1.071685266790129, 44.82366114329354], [-1.071812430565419, 44.82395684259812], [-1.071898257588759, 44.82425998855345], [-1.071941920652851, 44.8245676617966], [-1.07194299857182, 44.824876899316855], [-1.071901480263863, 44.82518472298908], [-1.071817764884899, 44.82548816825474], [-1.071692658010926, 44.825784312673974], [-1.071527363904819, 44.82607030407402], [-1.071323473941102, 44.826343388022636], [-1.071082951299277, 44.82660093436157], [-1.070808112072418, 44.82684046254458], [-1.07050160297237, 44.82705966553538], [-1.070166375845844, 44.827256432035334], [-1.069805659246672, 44.82742886682604], [-1.069422927337935, 44.827575309031054], [-1.069021866423697, 44.827694348119934], [-1.068606339433021, 44.82778483750068], [-1.068180348698894, 44.82784590556894], [-1.067747997391251, 44.827876964107425], [-1.067313449976357, 44.82787771395472], [-1.066880892084325, 44.827848147888105], [-1.066454490172272, 44.82778855069333], [-1.066038351372597, 44.82769949642004], [-1.065636483914124, 44.82758184284972], [-1.065252758498187, 44.82743672322929], [-1.064992067833183, 44.82731340589511]]]}}, {"type": "Feature", "properties": {"nb_detections_cluster": 2, "frp_max": 54.35, "frp_moyen": 38.16, "derniere_detection": "2026-07-24T12:14:00", "fetch_timestamp": "2026-07-25T01:49:00"}, "geometry": {"type": "Polygon", "coordinates": [[[-1.05102701946966, 44.83759168159675], [-1.05102605643116, 44.83728244258999], [-1.051067698052836, 44.836974625514245], [-1.051151542614814, 44.83667119476778], [-1.051276781999164, 44.836375072458374], [-1.051442209497458, 44.83608911026557], [-1.051646231454493, 44.835816061982804], [-1.051886882635196, 44.8355585570037], [-1.052161845165976, 44.83531907500771], [-1.052468470867523, 44.835099922088475], [-1.052803806763605, 44.83490320855437], [-1.053164623519945, 44.834730828614916], [-1.053547446539341, 44.83458444214804], [-1.053948589413739, 44.834465458723585], [-1.054364189411485, 44.834375024036554], [-1.05479024465858, 44.834314008880334], [-1.055222652656584, 44.83428300076599], [-1.055657249767082, 44.834282298267894], [-1.05608985128339, 44.83431190815037], [-1.056516291704649, 44.83437154530243], [-1.056932464825419, 44.83446063548188], [-1.057334363255751, 44.834578320841764], [-1.05771811699208, 44.83472346818649], [-1.058080030668334, 44.83489467987833], [-1.058416619129257, 44.83509030728939], [-1.058724640983941, 44.835308466669616], [-1.059001129816801, 44.83554705727898], [-1.059243422755656, 44.83580378160882], [-1.059449186121774, 44.836076167498675], [-1.059616437914657, 44.83636159193536], [-1.059743566914653, 44.836657306305995], [-1.059829348218843, 44.836960462861605], [-1.059872955059851, 44.837268142137155], [-1.059873966792913, 44.837577381063745], [-1.059832372973309, 44.837885201502644], [-1.05974857348391, 44.838188638926326], [-1.059623374710528, 44.83848477097042], [-1.059457981800938, 44.83877074558128], [-1.059253987081116, 44.839043808488256], [-1.059013354739426, 44.839301329735726], [-1.058738401925486, 44.83954082901902], [-1.058431776445191, 44.83975999958021], [-1.058096431266274, 44.839956730432895], [-1.057735596079743, 44.84012912670206], [-1.057352746191063, 44.84027552788221], [-1.05695156904086, 44.84039452383807], [-1.056535928677988, 44.840484968393085], [-1.056109828527653, 44.84054599037464], [-1.055677372813904, 44.84057700200939], [-1.055242727008846, 44.84057770458763], [-1.054810077690463, 44.84054809134202], [-1.054383592196626, 44.840488447512726], [-1.053967378464887, 44.84039934759858], [-1.053565445445851, 44.84028164982066], [-1.053181664472309, 44.84013648785174], [-1.052819731957042, 44.83996525989153], [-1.05248313377928, 44.83976961519316], [-1.052175111703344, 44.839551438170986], [-1.05189863215332, 44.83931283024304], [-1.051656357644656, 44.83905608958349], [-1.051450621147821, 44.83878368898036], [-1.051283403630745, 44.83849825201226], [-1.051156314995875, 44.83820252777365], [-1.051070578594924, 44.837899364392705], [-1.05102701946966, 44.83759168159675]]]}}, {"type": "Feature", "properties": {"nb_detections_cluster": 1, "frp_max": 9.96, "frp_moyen": 9.96, "derniere_detection": "2026-07-24T12:14:00", "fetch_timestamp": "2026-07-25T01:49:00"}, "geometry": {"type": "Polygon", "coordinates": [[[-1.06123689850402, 44.8395020886081], [-1.061235879234279, 44.839192849499355], [-1.061277466332116, 44.83888502840288], [-1.061361258602669, 44.838581589755684], [-1.061486448431491, 44.83828545574176], [-1.061651829587259, 44.8379994781534], [-1.061855808860915, 44.837726410932326], [-1.062096421428271, 44.83746888365461], [-1.062371349787418, 44.837229376214474], [-1.062677946087952, 44.83701019495062], [-1.063013257636606, 44.8368134504444], [-1.063374055333414, 44.83664103720358], [-1.063756864764579, 44.83649461542677], [-1.064157999652782, 44.83637559502386], [-1.064573597343185, 44.83628512204591], [-1.064999655983951, 44.83622406765502], [-1.065432073043929, 44.836193019740016], [-1.06586668479744, 44.836192277258554], [-1.066299306396833, 44.836221847359894], [-1.066725772147914, 44.83628144531621], [-1.067141975601417, 44.83637049726259], [-1.067543909075412, 44.83648814572029], [-1.067927702229006, 44.83663325784907], [-1.068289659316694, 44.83680443635031], [-1.068626294765332, 44.837000032915725], [-1.068934366731678, 44.83721816409233], [-1.069210908317728, 44.83745672941167], [-1.069453256143429, 44.83771343160869], [-1.069659076001604, 44.83798579873609], [-1.069826385347834, 44.83827120796143], [-1.069953572408293, 44.83856691081833], [-1.070039411720968, 44.838870059668814], [-1.070083075959857, 44.839177735122085], [-1.070084143927411, 44.839486974146105], [-1.070042604637296, 44.83979479860129], [-1.069958857447151, 44.84009824392148], [-1.069833708239008, 44.840394387666315], [-1.069668361683158, 44.84068037766955], [-1.069464409659006, 44.8409534595123], [-1.069223815943557, 44.84121100305666], [-1.068948897314249, 44.84145052778323], [-1.068642301247575, 44.841669726689055], [-1.068306980427817, 44.841866488514796], [-1.067946164311223, 44.8420389180871], [-1.067563328019452, 44.84218535457975], [-1.067162158862059, 44.84230438751732], [-1.066746520810828, 44.84239487036706], [-1.066320417268645, 44.842455931587516], [-1.065887952492193, 44.84248698302739], [-1.065453292040868, 44.84248772559358], [-1.065020622633752, 44.84245815213354], [-1.064594111802263, 44.84239854750424], [-1.064177867728082, 44.84230948582692], [-1.063775899654168, 44.842191824954384], [-1.06339207925107, 44.842046698203895], [-1.063030103311476, 44.84187550343603], [-1.062693458132999, 44.84167988958416], [-1.062385385932791, 44.84146174076559], [-1.062108853617846, 44.841223158126716], [-1.061866524211933, 44.84096643959822], [-1.061660731214364, 44.840694057755], [-1.061493456137324, 44.840408635995], [-1.061366309437691, 44.84011292326629], [-1.061280515026434, 44.839809767586246], [-1.06123689850402, 44.8395020886081]]]}}, {"type": "Feature", "properties": {"nb_detections_cluster": 4, "frp_max": 127.22, "frp_moyen": 64.47, "derniere_detection": "2026-07-24T12:14:00", "fetch_timestamp": "2026-07-25T01:49:00"}, "geometry": {"type": "Polygon", "coordinates": [[[-1.046596552444367, 44.843361505336155], [-1.046595613695368, 44.843052265709034], [-1.046637283869863, 44.84274444971628], [-1.046721160972873, 44.84244102174574], [-1.046846436572978, 44.842144903878406], [-1.047011903612896, 44.84185894775103], [-1.047215968056567, 44.8415859070986], [-1.047456664259735, 44.84132841124123], [-1.047731673915234, 44.84108893977054], [-1.048038348389968, 44.84086979867877], [-1.048373734238068, 44.84067309816043], [-1.048734601644296, 44.84050073229964], [-1.049117475523795, 44.84035436083879], [-1.049518668978842, 44.8402353932032], [-1.049934318790823, 44.84014497493586], [-1.050360422606163, 44.84008397667204], [-1.050792877458847, 44.84005298576012], [-1.051227519259377, 44.84005230060886], [-1.051660162870831, 44.84008192781551], [-1.052086642387071, 44.840141582102355], [-1.052502851226257, 44.84023068906215], [-1.05290478165453, 44.84034839068634], [-1.05328856336021, 44.84049355362276], [-1.053650500707886, 44.84066478008356], [-1.053987108314312, 44.84086042129856], [-1.054295144604154, 44.84107859338485], [-1.054571643022725, 44.841317195479974], [-1.054813940605428, 44.84157392996471], [-1.05501970362868, 44.84184632458073], [-1.055186950095137, 44.84213175623084], [-1.055314068836292, 44.84242747623264], [-1.055399835047856, 44.84273063678296], [-1.055443422107642, 44.84303831837823], [-1.055444409561231, 44.843347557927174], [-1.055402787197588, 44.84365537728504], [-1.055318955174345, 44.843958811934705], [-1.055193720190536, 44.84425493953846], [-1.055028287742582, 44.84454090808541], [-1.054824250537188, 44.84481396336329], [-1.054583573171864, 44.84507147548992], [-1.054308573229845, 44.84531096424848], [-1.054001898970944, 44.84553012298234], [-1.053666503832736, 44.84572684081906], [-1.053305617987473, 44.84589922300894], [-1.052922717228612, 44.846045609182106], [-1.052521489486837, 44.84616458934782], [-1.052105799298381, 44.846255017481596], [-1.051679650568464, 44.846316022569], [-1.051247147989143, 44.846347016999395], [-1.050812457484024, 44.84634770222884], [-1.050379766061719, 44.84631807165705], [-1.049953241465709, 44.8462584106911], [-1.049536992010226, 44.84616929399488], [-1.049135026989992, 44.84605157995112], [-1.048751218046031, 44.84590640238927], [-1.048389261860514, 44.84573515965921], [-1.048052644540607, 44.84553950115634], [-1.047744608034933, 44.845321311427945], [-1.04746811890647, 44.84508269201446], [-1.047225839762802, 44.84482594120062], [-1.047020103618912, 44.84455353187228], [-1.046852891439183, 44.84426808769203], [-1.046725813074504, 44.843972357823795], [-1.046640091777517, 44.843669190449916], [-1.046596552444367, 44.843361505336155]]]}}, {"type": "Feature", "properties": {"nb_detections_cluster": 1, "frp_max": 2.92, "frp_moyen": 2.92, "derniere_detection": "2026-07-24T02:11:00", "fetch_timestamp": "2026-07-25T01:49:00"}, "geometry": {"type": "Polygon", "coordinates": [[[-1.063254935220756, 44.8645021703839], [-1.063253904384376, 44.86419292879655], [-1.063295498934343, 44.863885104457445], [-1.063379317603407, 44.86358166183489], [-1.063504552522297, 44.863285523151156], [-1.06366999702491, 44.86299954024347], [-1.063874057291649, 44.86272646710486], [-1.064114767717944, 44.86246893336834], [-1.064389809859175, 44.862229418990346], [-1.064696534768994, 44.86201023037636], [-1.065031988515518, 44.86181347817855], [-1.065392940629419, 44.86164105697871], [-1.065775915209985, 44.86149462705211], [-1.066177224389732, 44.86137559838709], [-1.066593003835713, 44.86128511711429], [-1.067019249946183, 44.861224054475656], [-1.067451858385115, 44.861192998439435], [-1.067886663584351, 44.86119224804148], [-1.06831947883388, 44.8612218105073], [-1.068746136575166, 44.86128140118253], [-1.069162528510568, 44.86137044627243], [-1.069564645143511, 44.86148808836428], [-1.06994861436965, 44.86163319467911], [-1.070310738748185, 44.861804367974315], [-1.070647531095143, 44.861999959991735], [-1.070955748056428, 44.86221808732221], [-1.071232421337692, 44.86245664953433], [-1.071474886290503, 44.86271334939299], [-1.071680807579483, 44.862985714973384], [-1.071848201683064, 44.863271123458006], [-1.071975456010748, 44.86356682638766], [-1.072061344452201, 44.86386997612362], [-1.072105039207726, 44.86417765326664], [-1.072106118785275, 44.86448689476836], [-1.072064572086082, 44.86479472246541], [-1.071980798538515, 44.865098171760394], [-1.071855604277855, 44.86539432017468], [-1.071690194407731, 44.86568031549704], [-1.071486161416828, 44.865953403257386], [-1.071245469861528, 44.86621095326084], [-1.070970437461246, 44.866450484925764], [-1.07066371278799, 44.866669691182395], [-1.070328249764554, 44.86686646070057], [-1.069967279216769, 44.867038898232856], [-1.069584277753755, 44.86718534287635], [-1.069182934276071, 44.867304384077144], [-1.068767114434716, 44.86739487522287], [-1.068340823383806, 44.86745594469217], [-1.067908167186403, 44.86748700425428], [-1.067473313245995, 44.86748775473785], [-1.067040450145692, 44.86745818891412], [-1.066613747282907, 44.867398591566456], [-1.066197314689277, 44.867309536745985], [-1.065795163423847, 44.86719188223948], [-1.065411166921869, 44.867046761302895], [-1.06504902367234, 44.866875571740756], [-1.064712221584434, 44.8666799624364], [-1.064404004386586, 44.86646181746329], [-1.064127340382235, 44.866223237930804], [-1.063884893863307, 44.86596652173972], [-1.063678999456775, 44.86569414144242], [-1.063511639651131, 44.86540872042202], [-1.063384425718822, 44.865113007619435], [-1.063298582217809, 44.86480985105279], [-1.063254935220756, 44.8645021703839]]]}}, {"type": "Feature", "properties": {"nb_detections_cluster": 9, "frp_max": 302.47, "frp_moyen": 201.98, "derniere_detection": "2026-07-24T12:14:00", "fetch_timestamp": "2026-07-25T01:49:00"}, "geometry": {"type": "Polygon", "coordinates": [[[-1.085412236564699, 44.89954305529371], [-1.085411082993297, 44.899233810519924], [-1.085452581981365, 44.898925974502546], [-1.085536333181031, 44.89862251182247], [-1.085661529371832, 44.89832634489524], [-1.085826964259688, 44.89804032583022], [-1.0860310441167, 44.897767208968716], [-1.086271803148812, 44.89750962436492], [-1.086546922442602, 44.897270052465174], [-1.086853752308138, 44.89705080022894], [-1.087189337802361, 44.89685397892109], [-1.087550447186917, 44.89668148378893], [-1.08793360304646, 44.8965349758197], [-1.088335115767845, 44.89641586575324], [-1.088751119058242, 44.89632530050398], [-1.089177607160669, 44.89626415212254], [-1.089610473409241, 44.89623300940275], [-1.090045549753732, 44.89623217221513], [-1.090478646873725, 44.89626164862086], [-1.090905594497057, 44.89632115479425], [-1.091322281535321, 44.8964101177543], [-1.091724695650892, 44.89652768087903], [-1.092108961875404, 44.896672712149936], [-1.092471379908615, 44.896843815047056], [-1.092808459739204, 44.897039341990144], [-1.09311695524501, 44.89725741019673], [-1.093393895449548, 44.897495919804825], [-1.093636613133989, 44.897752574085935], [-1.093842770529047, 44.898024901554315], [-1.094010381839164, 44.898310279759535], [-1.094137832381693, 44.89860596053413], [-1.09422389415614, 44.89890909645288], [-1.094267737692856, 44.89921676824973], [-1.094268940066171, 44.89952601292799], [-1.094227488993853, 44.89983385229376], [-1.094143782982399, 44.90013732163747], [-1.094018627515714, 44.900433498287505], [-1.093853227322874, 44.90071952976083], [-1.093649174798469, 44.90099266123933], [-1.093408434686176, 44.90125026210709], [-1.09313332517234, 44.90148985129273], [-1.092826495571052, 44.901709121172516], [-1.092490900815223, 44.90190595980358], [-1.092129772999118, 44.90207847127279], [-1.091746590246402, 44.90222499396517], [-1.091345043203706, 44.90234411657506], [-1.09092899948281, 44.90243469170596], [-1.09050246639442, 44.902495846927586], [-1.090069552333204, 44.90252699318316], [-1.0896344271868, 44.90252783046633], [-1.089201282151057, 44.90249835071219], [-1.088774289339513, 44.90243883787516], [-1.088357561577131, 44.90234986519233], [-1.087955112766544, 44.90223228965928], [-1.087570819209428, 44.90208724377137], [-1.087208382256396, 44.90191612461028], [-1.086871292645855, 44.901720580381294], [-1.086562796875799, 44.90150249453117], [-1.08628586593287, 44.90126396759991], [-1.086043166679977, 44.90100729698171], [-1.085837036178093, 44.90073495479019], [-1.085669459189285, 44.90044956404153], [-1.085542049077253, 44.90015387338528], [-1.085456032288771, 44.89985073062634], [-1.085412236564699, 44.89954305529371]]]}}, {"type": "Feature", "properties": {"nb_detections_cluster": 2, "frp_max": 31.55, "frp_moyen": 29.02, "derniere_detection": "2026-07-24T13:55:00", "fetch_timestamp": "2026-07-25T01:49:00"}, "geometry": {"type": "Polygon", "coordinates": [[[-1.074642165094498, 44.900052626085206], [-1.074641070858513, 44.89974338115378], [-1.074682629297883, 44.899435549113754], [-1.074766439492211, 44.89913209450766], [-1.074891693652945, 44.89883593967319], [-1.075057184927816, 44.89854993660324], [-1.075261319046014, 44.89827683948499], [-1.075502129691069, 44.89801927818244], [-1.075777297452671, 44.89777973291755], [-1.076084172174303, 44.897560510393205], [-1.076419798481104, 44.897363721588164], [-1.076780944241871, 44.89719126143673], [-1.07716413169111, 44.89704479058929], [-1.077565670911619, 44.89692571942819], [-1.077981695355515, 44.89683519449327], [-1.07840819906221, 44.89677408744691], [-1.078841075215631, 44.89674298668495], [-1.079276155670213, 44.89674219167388], [-1.079709251065967, 44.896771710068826], [-1.080136191147316, 44.896831257639754], [-1.080552864898424, 44.896920261007], [-1.080955260109533, 44.89703786315955], [-1.081339501994212, 44.89718293170309], [-1.081701890486474, 44.89735406975872], [-1.082038935859322, 44.89754962940764], [-1.082347392322254, 44.897767727552434], [-1.082624289274601, 44.89800626404273], [-1.082866959913882, 44.8982629418912], [-1.083073066923702, 44.89853528938508], [-1.083240624993576, 44.89882068388104], [-1.083368019953439, 44.89911637705468], [-1.083454024337972, 44.899419521361345], [-1.083497809230136, 44.89972719745408], [-1.083498952268992, 44.90003644229477], [-1.083457441743714, 44.90034427768789], [-1.08337367673339, 44.90064773896209], [-1.083248463290176, 44.90094390352338], [-1.083083006701587, 44.90122991900508], [-1.082878899905463, 44.901503030743044], [-1.082638108168297, 44.901760608311434], [-1.082362950173783, 44.9020001708632], [-1.082056075703093, 44.90221941103113], [-1.081720440121444, 44.90241621715845], [-1.081359275916469, 44.90258869364514], [-1.080976061562459, 44.9027351792131], [-1.080574488010553, 44.90285426291426], [-1.08015842312797, 44.902944797726875], [-1.079731874429332, 44.903005911608965], [-1.079298950459732, 44.903037015902], [-1.078863821202281, 44.903037811003784], [-1.078430677892433, 44.90300828925572], [-1.078003692627081, 44.902948735016714], [-1.077586978158454, 44.90285972192264], [-1.077184548261062, 44.902742107358335], [-1.076800279054311, 44.902597024195074], [-1.076437871654158, 44.9024258698736], [-1.076100816514223, 44.90223029293781], [-1.075792359800348, 44.90201217714946], [-1.075515472122849, 44.90177362333686], [-1.075272819927777, 44.90151692915312], [-1.075066739822727, 44.901244566938736], [-1.074899216084251, 44.90095915990272], [-1.074771861563076, 44.90066345685139], [-1.074685902170483, 44.90036030570899], [-1.074642165094498, 44.900052626085206]]]}}, {"type": "Feature", "properties": {"nb_detections_cluster": 16, "frp_max": 194.2, "frp_moyen": 51.74, "derniere_detection": "2026-07-24T13:55:00", "fetch_timestamp": "2026-07-25T01:49:00"}, "geometry": {"type": "Polygon", "coordinates": [[[-1.05817, 44.90252], [-1.06677, 44.90563], [-1.05998, 44.90788], [-1.05494, 44.91048], [-1.04611, 44.911], [-1.05321, 44.91012], [-1.05104, 44.90459], [-1.05324, 44.90166], [-1.05817, 44.90252]]]}}, {"type": "Feature", "properties": {"nb_detections_cluster": 6, "frp_max": 335.72, "frp_moyen": 220.97, "derniere_detection": "2026-07-24T12:14:00", "fetch_timestamp": "2026-07-25T01:49:00"}, "geometry": {"type": "Polygon", "coordinates": [[[-1.07765, 44.9079], [-1.08495, 44.90596], [-1.07244, 44.91179], [-1.07079, 44.91148], [-1.07765, 44.9079]]]}}, {"type": "Feature", "properties": {"nb_detections_cluster": 2, "frp_max": 285.01, "frp_moyen": 244.59, "derniere_detection": "2026-07-24T11:53:00", "fetch_timestamp": "2026-07-25T01:49:00"}, "geometry": {"type": "Polygon", "coordinates": [[[-1.083396138454542, 44.912246265813714], [-1.083769202019574, 44.91227167187247], [-1.084196264349815, 44.912331204124094], [-1.084613059645436, 44.91242019268715], [-1.085015574526499, 44.91253778069312], [-1.085399933054413, 44.91268283588391], [-1.085762434040133, 44.912853961509235], [-1.0860995866735, 44.913049509769984], [-1.086408144131191, 44.91326759767839], [-1.08668513483997, 44.913506125182735], [-1.086927891094431, 44.91376279538219], [-1.087134074753577, 44.91403513663766], [-1.087301699768594, 44.914320526365984], [-1.087429151324478, 44.91461621628862], [-1.087515201410577, 44.91491935889228], [-1.087559020669395, 44.91522703484645], [-1.08756018640865, 44.91553628111437], [-1.087518686698518, 44.91584411948679], [-1.087434920513531, 44.91614758526367], [-1.087309693916773, 44.91644375580773], [-1.087144212322072, 44.91672977869465], [-1.086940068907761, 44.91700289918898], [-1.086699229292712, 44.91726048678056], [-1.08642401262149, 44.91750006052589], [-1.086117069240208, 44.917719312949856], [-1.085781355177653, 44.9179161322777], [-1.085420103677277, 44.91808862278226], [-1.085036794054152, 44.9182351230504], [-1.084635118177065, 44.91835422199249], [-1.084218944898905, 44.91844477243994], [-1.083792282778484, 44.91850590220023], [-1.083359241453536, 44.91853702246182], [-1.082923992037738, 44.91853783346875], [-1.08249072692412, 44.91850832740923], [-1.082063619383008, 44.918448788491], [-1.0816467833446, 44.918359790202416], [-1.081283744513051, 44.918253732503594], [-1.080910642295638, 44.918228318054354], [-1.08048353856314, 44.918168773068764], [-1.080066707111796, 44.918079768861354], [-1.079664162843066, 44.917962162731364], [-1.079279782978116, 44.91781708746887], [-1.078917269698854, 44.917645940438454], [-1.078580114478762, 44.91745037011385], [-1.078271564447625, 44.91723226019311], [-1.077994591114504, 44.91699371144809], [-1.07775186175033, 44.91673702148305], [-1.077545713705777, 44.91646466259792], [-1.077378131911516, 44.91617925796961], [-1.077250729777148, 44.915883556381324], [-1.077164733672204, 44.91558040574321], [-1.077120971137933, 44.915272725660074], [-1.07711986294254, 44.914963479310146], [-1.077161419055437, 44.914655644906134], [-1.07724523857825, 44.91435218701335], [-1.077370513632216, 44.91405602800115], [-1.077536037163515, 44.913770019902664], [-1.077740214590382, 44.91349691695354], [-1.077981079179016, 44.913239349073876], [-1.07825631099941, 44.912999796549016], [-1.078563259278006, 44.912780566151795], [-1.078898967931506, 44.9125837689367], [-1.079260204035688, 44.9124112999191], [-1.079643488955108, 44.91226481983469], [-1.080045131834045, 44.9121457391548], [-1.080461265126567, 44.91205520451092], [-1.080887881824104, 44.9119940876589], [-1.081320874022754, 44.911962977089026], [-1.081756072459736, 44.9119621723622], [-1.082189286639211, 44.911991681227114], [-1.082616345162029, 44.912051219545475], [-1.08303313587207, 44.91214021402678], [-1.083396138454542, 44.912246265813714]]]}}, {"type": "Feature", "properties": {"nb_detections_cluster": 2, "frp_max": 99.01, "frp_moyen": 90.83, "derniere_detection": "2026-07-24T13:33:00", "fetch_timestamp": "2026-07-25T01:49:00"}, "geometry": {"type": "Polygon", "coordinates": [[[-1.093170676404354, 44.9270641423711], [-1.093284866989994, 44.927214909633335], [-1.093452562682605, 44.92750029122129], [-1.093580076607257, 44.927795975267856], [-1.093666180152439, 44.92809911431633], [-1.093710043445551, 44.928406789070486], [-1.09371124336994, 44.92871603650515], [-1.093669767666226, 44.92902387839992], [-1.0935860150774, 44.929327350020806], [-1.093460791535266, 44.92962352867429], [-1.093295302423893, 44.92990956185804], [-1.093091140993693, 44.930182694737425], [-1.092850273036765, 44.930440296683074], [-1.092575017970392, 44.930679886613156], [-1.09226802651028, 44.93089915689681], [-1.091932255148133, 44.931095995587185], [-1.091570937679181, 44.931268506770685], [-1.091187554053834, 44.931415028835005], [-1.09078579685365, 44.931534150480516], [-1.090369535714861, 44.93162472432006], [-1.089942780042635, 44.931685877935706], [-1.089509640375926, 44.9317170222862], [-1.089074288775795, 44.931717857383525], [-1.088640918619695, 44.931688375183825], [-1.088213704189913, 44.93162885966506], [-1.08779676044639, 44.93153988409017], [-1.08739410337238, 44.93142230548262], [-1.087009611275763, 44.931277256367345], [-1.0866469874196, 44.93110613385717], [-1.086309724342547, 44.9309105861896], [-1.086001070213318, 44.930692496844514], [-1.085723997543628, 44.93045396639562], [-1.085481174561149, 44.930197292271004], [-1.085274939518149, 44.92992494661804], [-1.085107278183069, 44.92963955248625], [-1.084979804731393, 44.92934385855777], [-1.084893746219276, 44.92904071266906], [-1.084849930788723, 44.928733034379206], [-1.084848779717055, 44.928423786849244], [-1.08489030338627, 44.928115948303265], [-1.084974101210088, 44.927812483346536], [-1.085099365518353, 44.9275163144165], [-1.085264889360373, 44.92723029364181], [-1.085469078151059, 44.92695717538022], [-1.085709965046864, 44.926699589699375], [-1.085985229902693, 44.92646001705601], [-1.086292221626638, 44.926240764416725], [-1.086627983716855, 44.92604394305024], [-1.086989282734429, 44.92587144820447], [-1.087372639438027, 44.925724940863844], [-1.087774362280678, 44.92560583176212], [-1.088190582946492, 44.925515267804506], [-1.088617293585652, 44.925454121029084], [-1.089050385389803, 44.92542298021429], [-1.089485688137213, 44.925422145212266], [-1.089919010327812, 44.92545162406319], [-1.08994955754993, 44.925455879649206], [-1.089835379509198, 44.92530510904051], [-1.089667708780744, 44.925019722184246], [-1.089540221788744, 44.92472403389698], [-1.089454145719895, 44.92442089196085], [-1.089410308885422, 44.92411321589691], [-1.089409132768909, 44.9238039688448], [-1.089450627993664, 44.92349612902403], [-1.089534394247439, 44.92319266105217], [-1.089659624164195, 44.92289648739573], [-1.089825111124499, 44.92261046022891], [-1.090029260898479, 44.922337333971036], [-1.090270107018337, 44.9220797387668], [-1.090545329731643, 44.92184015516463], [-1.090852278352288, 44.92162089023671], [-1.091187996793457, 44.92142405537009], [-1.091549252036497, 44.921251545942695], [-1.091932565261527, 44.92110502307938], [-1.092334245340167, 44.92098589766338], [-1.092750424368231, 44.92089531675698], [-1.093177094896753, 44.92083415256151], [-1.093610148503528, 44.92080299402309], [-1.094045415334554, 44.92080214116456], [-1.094478704235541, 44.92083160219799], [-1.094905843087989, 44.92089109344573], [-1.095322718962447, 44.92098004207047], [-1.095725317703245, 44.92109759158825], [-1.096109762564464, 44.92124261011167], [-1.096472351525899, 44.92141370124348], [-1.096809592930397, 44.92160921751673], [-1.097118239099948, 44.92182727625175], [-1.097395317607167, 44.92206577767772], [-1.097638159901247, 44.92232242514504], [-1.097844427012677, 44.9225947472335], [-1.098012132088994, 44.92288012154457], [-1.098139659544143, 44.92317579994833], [-1.098225780636452, 44.92347893504241], [-1.098269665324469, 44.923786607568665], [-1.098270890285626, 44.924095854523436], [-1.098229443019544, 44.924403697690984], [-1.098145721995441, 44.924707172325064], [-1.09802053284121, 44.92500335570318], [-1.0978550806098, 44.92528939527752], [-1.097650958196473, 44.925562536151965], [-1.097410131017572, 44.925820147620065], [-1.097134918097637, 44.92605974850843], [-1.096827969746424, 44.926279031080576], [-1.09649224204039, 44.92647588327136], [-1.096130968354236, 44.92664840903713], [-1.095747628216599, 44.92679494662516], [-1.095345913790095, 44.92691408458632], [-1.094929694298882, 44.92700467537624], [-1.094502978746899, 44.92706584641379], [-1.09406987728658, 44.92709700848986], [-1.09363456161091, 44.92709786144572], [-1.093201224751251, 44.92706839706553], [-1.093170676404354, 44.9270641423711]]]}}, {"type": "Feature", "properties": {"nb_detections_cluster": 8, "frp_max": 24.11, "frp_moyen": 18.0, "derniere_detection": "2026-07-24T13:55:00", "fetch_timestamp": "2026-07-25T01:49:00"}, "geometry": {"type": "Polygon", "coordinates": [[[-1.040085355281906, 44.847219076256955], [-1.040233685115672, 44.84725084625393], [-1.040635640061918, 44.847368592578704], [-1.041019438020037, 44.8475137982716], [-1.041381383198013, 44.847685065133], [-1.041717990137061, 44.84788074400372], [-1.04202601726809, 44.84809895063815], [-1.042302498124406, 44.84833758384121], [-1.042544769910295, 44.84859434569401], [-1.042750499150345, 44.84886676367467], [-1.042917704172283, 44.84915221446091], [-1.043044774206458, 44.84944794918603], [-1.043130484917389, 44.849751119904944], [-1.043174010217143, 44.8500588070161], [-1.043174930245871, 44.85036804737504], [-1.043133235441697, 44.85067586282913], [-1.043049326659767, 44.85097928889877], [-1.042924011338261, 44.851275403328756], [-1.042758495747272, 44.851561354235066], [-1.042554373394247, 44.851834387575224], [-1.042313609696794, 44.85209187367829], [-1.042038523069708, 44.85233133257804], [-1.041731762607809, 44.85255045790537], [-1.041396282579067, 44.85274713910955], [-1.041035313973523, 44.852919481793705], [-1.040652333381934, 44.85306582596844], [-1.040251029504091, 44.85318476204753], [-1.039835267609738, 44.85327514443112], [-1.03940905229493, 44.85333610254542], [-1.038976488893218, 44.853367049232276], [-1.038541743914179, 44.85336768640761], [-1.038109004891211, 44.85333800793397], [-1.037682440026348, 44.853278299679864], [-1.037266158021713, 44.85318913676467], [-1.036864168485519, 44.85307137801629], [-1.036480343294865, 44.85292615769474], [-1.0361183792883, 44.85275487456178], [-1.03578176264818, 44.85255917840193], [-1.035473735316405, 44.852340954125154], [-1.035197263767381, 44.852102303604596], [-1.03505440613672, 44.8519508809637], [-1.034906066820943, 44.85191910399717], [-1.034504091322322, 44.851801336750675], [-1.034120280912377, 44.85165610832851], [-1.033758332287258, 44.85148481757046], [-1.033421731481138, 44.85128911433445], [-1.033113720283379, 44.851070883598624], [-1.032837265012966, 44.85083222729833], [-1.032595027951132, 44.85057544407354], [-1.032389341707294, 44.850303007122186], [-1.032222186764974, 44.85001754037285], [-1.032095172423548, 44.84972179320674], [-1.032009521318813, 44.8494186139727], [-1.031966057670693, 44.849110922550665], [-1.03196519937042, 44.84880168222779], [-1.032006953982427, 44.84849387115838], [-1.032090918698467, 44.84819045368281], [-1.032216284243322, 44.84789435178091], [-1.032381842693518, 44.84760841693559], [-1.032585999132745, 44.84733540267679], [-1.032826787030914, 44.84707793807044], [-1.033101887197969, 44.84683850240711], [-1.033408650129365, 44.84661940133418], [-1.033744121527608, 44.84642274466075], [-1.034105070753848, 44.84625042604874], [-1.034488021935549, 44.84610410478551], [-1.034889287430823, 44.845985189813014], [-1.035305003327554, 44.84589482616714], [-1.035731166636, 44.845833883957155], [-1.036163673817428, 44.84580294999174], [-1.036598360278577, 44.845802322131306], [-1.037031040452563, 44.84583200642148], [-1.037457548081224, 44.84589171703485], [-1.037873776312015, 44.84598087902182], [-1.038275717224301, 44.846098633843994], [-1.038659500405358, 44.846243847636934], [-1.039021430205425, 44.84641512212306], [-1.039358021313766, 44.84661080806975], [-1.039666032313701, 44.84682902116328], [-1.039942496893842, 44.847067660146315], [-1.040085355281906, 44.847219076256955]]]}}, {"type": "Feature", "properties": {"nb_detections_cluster": 8, "frp_max": 4.06, "frp_moyen": 3.42, "derniere_detection": "2026-07-25T01:49:00", "fetch_timestamp": "2026-07-25T01:49:00"}, "geometry": {"type": "Polygon", "coordinates": [[[-0.91357, 44.86699], [-0.91439, 44.86314], [-0.91787, 44.87923], [-0.90953, 44.88622], [-0.91034, 44.88238], [-0.91115, 44.87853], [-0.91195, 44.87468], [-0.91276, 44.87083], [-0.91357, 44.86699]]]}}, {"type": "Feature", "properties": {"nb_detections_cluster": 2, "frp_max": 9.25, "frp_moyen": 8.77, "derniere_detection": "2026-07-24T12:14:00", "fetch_timestamp": "2026-07-25T01:49:00"}, "geometry": {"type": "Polygon", "coordinates": [[[-1.011553328215724, 44.885398486541526], [-1.011587963159898, 44.885479157560134], [-1.011673558987884, 44.885782356022624], [-1.011716939798338, 44.8860900589727], [-1.011717687121926, 44.88639930311319], [-1.011675793059115, 44.886707110254804], [-1.011591660383245, 44.887010515997815], [-1.011466098688095, 44.88730659828263], [-1.011300316616024, 44.88759250553454], [-1.011095910240598, 44.887865484131396], [-1.010854847714674, 44.88812290492931], [-1.010579450331099, 44.888362288590876], [-1.010272370177811, 44.888581329471585], [-1.009936564602143, 44.8887779178339], [-1.009575267730054, 44.8889501601751], [-1.009191959314543, 44.88909639747224], [-1.008790331213489, 44.88921522116843], [-1.008374251820117, 44.88930548674631], [-1.007947728789228, 44.88936632475713], [-1.007514870418896, 44.88939714919958], [-1.007079846060399, 44.88939766316704], [-1.00664684593862, 44.88936786170888], [-1.006220040770891, 44.88930803187815], [-1.005803541574203, 44.889218749965295], [-1.005401360048891, 44.88910087594441], [-1.005017369921259, 44.88895554518581], [-1.004655269618331, 44.888784157514934], [-1.0043185466349, 44.888588363723144], [-1.00401044393664, 44.888370049660736], [-1.003733928723224, 44.88813131806553], [-1.003491663852483, 44.88787446830262], [-1.003285982200813, 44.887601974210696], [-1.003118864206565, 44.88731646026854], [-1.002991918812261, 44.88702067631171], [-1.00290636798864, 44.88671747104322], [-1.002863034988801, 44.886409764593566], [-1.002862336444744, 44.88610052039445], [-1.002904278381431, 44.885792716637354], [-1.002988456185759, 44.88548931759198], [-1.003076681438654, 44.88528135147731], [-1.003042058847992, 44.885200677810126], [-1.002956510527203, 44.88489747275296], [-1.002913178657409, 44.8845897664982], [-1.00291247985977, 44.88428052247563], [-1.002954420161737, 44.88397271887508], [-1.003038594965993, 44.88366931996471], [-1.00316419297343, 44.88337324754544], [-1.003330004021381, 44.883087352816084], [-1.003534430760616, 44.88281438892007], [-1.003775504057839, 44.8825569844382], [-1.004050901974584, 44.88231761808197], [-1.004357972139143, 44.882098594831206], [-1.004693757295709, 44.88190202374551], [-1.005055023784444, 44.881729797662594], [-1.005438292678218, 44.881583574978734], [-1.005839873276321, 44.88146476368665], [-1.006255898633016, 44.88137450782381], [-1.006682362779317, 44.88131367646166], [-1.007115159280274, 44.8812828553415], [-1.007550120757293, 44.881282341237174], [-1.007983058995827, 44.88131213909895], [-1.00840980525318, 44.88137196200584], [-1.008826250379312, 44.88146123392698], [-1.009228384365215, 44.88157909526542], [-1.009612334939029, 44.881724411131046], [-1.009974404838977, 44.88189578226339], [-1.01031110740495, 44.88209155849914], [-1.01061920014654, 44.8823098546551], [-1.010895715964633, 44.88254856867404], [-1.011137991726101, 44.88280540185875], [-1.011343693916403, 44.88307788100029], [-1.011510841122836, 44.88336338218731], [-1.011637823131542, 44.88365915606756], [-1.011723416453753, 44.88396235431871], [-1.01176679613105, 44.8842700570739], [-1.011767543705056, 44.88457930103782], [-1.011725651273874, 44.88488710802287], [-1.011641521595173, 44.88519051363083], [-1.011553328215724, 44.885398486541526]]]}}, {"type": "Feature", "properties": {"nb_detections_cluster": 3, "frp_max": 7.09, "frp_moyen": 4.56, "derniere_detection": "2026-07-25T01:49:00", "fetch_timestamp": "2026-07-25T01:49:00"}, "geometry": {"type": "Polygon", "coordinates": [[[-0.92054, 44.89917], [-0.91462, 44.89462], [-0.92135, 44.89533], [-0.92054, 44.89917]]]}}, {"type": "Feature", "properties": {"nb_detections_cluster": 32, "frp_max": 120.14, "frp_moyen": 35.35, "derniere_detection": "2026-07-24T13:55:00", "fetch_timestamp": "2026-07-25T01:49:00"}, "geometry": {"type": "Polygon", "coordinates": [[[-1.00963, 44.89742], [-1.0262, 44.90257], [-1.0208, 44.90274], [-1.01422, 44.90152], [-1.00451, 44.90329], [-1.00357, 44.89788], [-1.00244, 44.89277], [-1.00963, 44.89742]]]}}, {"type": "Feature", "properties": {"nb_detections_cluster": 2, "frp_max": 46.23, "frp_moyen": 28.18, "derniere_detection": "2026-07-24T13:55:00", "fetch_timestamp": "2026-07-25T01:49:00"}, "geometry": {"type": "Polygon", "coordinates": [[[-1.005841263609481, 44.908969884446385], [-1.00584054837112, 44.90866063810667], [-1.005882490833627, 44.908352831075085], [-1.005966686378266, 44.90804942765287], [-1.006092323505607, 44.90775334968437], [-1.006258191675696, 44.90746744842186], [-1.006462692988717, 44.90719447707173], [-1.006703857592806, 44.906937064286524], [-1.006979362669876, 44.906697688857705], [-1.007286554816034, 44.90647865585249], [-1.00762247560067, 44.90628207442441], [-1.007983890057842, 44.90610983751077], [-1.008367317835584, 44.90596360361214], [-1.008769066703341, 44.9058447808292], [-1.00918526809524, 44.905754513310065], [-1.009611914347457, 44.90569367023844], [-1.010044897271807, 44.90566283746836], [-1.010480047694924, 44.905662311885834], [-1.010913175583216, 44.90569209855165], [-1.011340110368166, 44.90575191065266], [-1.011756741084692, 44.90584117226204], [-1.012159055936992, 44.90595902388211], [-1.012543180911829, 44.90610433071635], [-1.012905417068234, 44.9062756935913], [-1.013242276145242, 44.90647146242315], [-1.013550514145328, 44.906689752100014], [-1.013827162570516, 44.90692846062705], [-1.014069557010534, 44.90718528935998], [-1.014275362807717, 44.907457765132754], [-1.014442597551277, 44.907743264066454], [-1.014569650183932, 44.908039036830566], [-1.014655296536291, 44.90834223511355], [-1.014698711138683, 44.908649939048246], [-1.014699475195793, 44.908959185327966], [-1.014657580646374, 44.909266995742904], [-1.014573430267885, 44.90957040586177], [-1.014447833824049, 44.90986649358285], [-1.014282000291374, 44.91015240727913], [-1.01407752623858, 44.91042539326636], [-1.013836380469936, 44.91068282232952], [-1.013560885079695, 44.91092221505157], [-1.013253693099488, 44.91114126570075], [-1.012917762953548, 44.91133786444547], [-1.012556329967568, 44.911510117682965], [-1.012172875205565, 44.91165636628535], [-1.011771091935083, 44.91177520158685], [-1.011354850044073, 44.911865478958326], [-1.010928158752718, 44.91192632883741], [-1.010495127980033, 44.91195716510849], [-1.010059928738165, 44.91195769075099], [-1.009626752936786, 44.911927900701826], [-1.009199772985685, 44.91186808190419], [-1.008783101585655, 44.9117788105422], [-1.008380752095941, 44.91166094648839], [-1.007996599860876, 44.91151562501703], [-1.007634344869025, 44.91134424586413], [-1.00729747610519, 44.911148459739046], [-1.006989237939153, 44.91093015241822], [-1.006712598875269, 44.91069142657453], [-1.006470222964059, 44.910434581517755], [-1.006264444151139, 44.91016209104125], [-1.006097243810303, 44.90987657958896], [-1.005970231676759, 44.90958079697251], [-1.005884630363536, 44.909277591882066], [-1.005841263609481, 44.908969884446385]]]}}]}