{"type": "FeatureCollection", "name": "zone_active", "crs": {"type": "name", "properties": {"name": "urn:ogc:def:crs:OGC:1.3:CRS84"}}, "features": [{"type": "Feature", "properties": {"nb_detections_cluster": 15, "frp_max": 8.42, "frp_moyen": 3.82, "derniere_detection": "2026-07-26T12:55:00", "fetch_timestamp": "2026-07-27T01:32:00"}, "geometry": {"type": "Polygon", "coordinates": [[[-1.12435, 44.77868], [-1.12313, 44.78123], [-1.12131, 44.78203], [-1.11639, 44.78055], [-1.11146, 44.77905], [-1.10654, 44.77756], [-1.1095, 44.77428], [-1.10706, 44.7727], [-1.10456, 44.77281], [-1.10957, 44.7723], [-1.11206, 44.77185], [-1.1145, 44.77379], [-1.11444, 44.77574], [-1.12437, 44.77678], [-1.12435, 44.77868]]]}}, {"type": "Feature", "properties": {"nb_detections_cluster": 15, "frp_max": 14.35, "frp_moyen": 2.89, "derniere_detection": "2026-07-26T12:55:00", "fetch_timestamp": "2026-07-27T01:32:00"}, "geometry": {"type": "Polygon", "coordinates": [[[-1.21442, 44.7759], [-1.21891, 44.776], [-1.21358, 44.77953], [-1.21136, 44.77644], [-1.20109, 44.77684], [-1.20257, 44.77454], [-1.21022, 44.77311], [-1.21442, 44.7759]]]}}, {"type": "Feature", "properties": {"nb_detections_cluster": 1, "frp_max": 1.54, "frp_moyen": 1.54, "derniere_detection": "2026-07-26T01:49:00", "fetch_timestamp": "2026-07-27T01:32:00"}, "geometry": {"type": "Polygon", "coordinates": [[[-1.221071964185841, 44.78106845496936], [-1.221070067107928, 44.78075922402114], [-1.221110736081163, 44.78045134969627], [-1.221193578753623, 44.78014779694543], [-1.221317796656291, 44.77985148905242], [-1.221482192917682, 44.779565279484956], [-1.221685183812853, 44.77929192441961], [-1.22192481403471, 44.779034056205134], [-1.222198775539824, 44.778794158019615], [-1.222504429786641, 44.77857453996503], [-1.222838833151558, 44.7783773168293], [-1.223198765277857, 44.7782043877295], [-1.223580760084483, 44.77805741783187], [-1.223981139136229, 44.777937822324475], [-1.224396047054334, 44.77784675279621], [-1.224821488627046, 44.777785086153436], [-1.225253367263477, 44.77775341618044], [-1.225687524421259, 44.77775204782452], [-1.226119779629272, 44.77778099426152], [-1.226545970720975, 44.77783997676874], [-1.226961993891941, 44.77792842740752], [-1.227363843196801, 44.778045494489064], [-1.22774764910621, 44.7781900507714], [-1.228109715753347, 44.77836070430845], [-1.228446556511997, 44.77855581184713], [-1.228754927564152, 44.77877349464386], [-1.229031859134273, 44.77901165654833], [-1.229274684089606, 44.7792680041807], [-1.229481063631132, 44.7795400690087], [-1.229649009827541, 44.779825231111765], [-1.229776904774837, 44.780120744404144], [-1.229863516196464, 44.7804237630743], [-1.229908009333037, 44.78073136898608], [-1.229909955006267, 44.781040599778194], [-1.229869333778511, 44.781348477391305], [-1.229786536166862, 44.7816520367484], [-1.229662358908675, 44.781948354311794], [-1.229497997313491, 44.78223457624216], [-1.22929503377405, 44.78250794588779], [-1.22905542254618, 44.78276583033963], [-1.228781470943381, 44.78300574579564], [-1.22847581712667, 44.78322538149013], [-1.228141404703117, 44.78342262195727], [-1.227781454377561, 44.78359556741395], [-1.227399432930443, 44.78374255206534], [-1.226999019820749, 44.78386216015644], [-1.226584071736069, 44.78395323961471], [-1.226158585431733, 44.7840149131522], [-1.225726659217642, 44.78404658671972], [-1.225292453464544, 44.784047955231756], [-1.224860150511051, 44.784019005506494], [-1.224433914358537, 44.783960016393046], [-1.224017850543089, 44.78387155608388], [-1.223615966572024, 44.783754476639444], [-1.223232133306884, 44.7836099057768], [-1.22287004766576, 44.78343923600238], [-1.222533197004795, 44.783244111193206], [-1.222224825522535, 44.78302641075658], [-1.22194790301105, 44.782788231520726], [-1.221705096254975, 44.78253186753146], [-1.221498743353941, 44.78225978794969], [-1.221330831215479, 44.78197461326294], [-1.221202976434758, 44.78167909004055], [-1.221116409744754, 44.781376064475644], [-1.221071964185841, 44.78106845496936]]]}}, {"type": "Feature", "properties": {"nb_detections_cluster": 18, "frp_max": 42.37, "frp_moyen": 9.71, "derniere_detection": "2026-07-26T12:55:00", "fetch_timestamp": "2026-07-27T01:32:00"}, "geometry": {"type": "Polygon", "coordinates": [[[-1.10403, 44.80153], [-1.10578, 44.80283], [-1.10388, 44.80218], [-1.10094, 44.80678], [-1.0929, 44.81055], [-1.09599, 44.80529], [-1.09103, 44.8038], [-1.0989, 44.80304], [-1.09907, 44.80004], [-1.09972, 44.79971], [-1.10275, 44.79885], [-1.10403, 44.80153]]]}}, {"type": "Feature", "properties": {"nb_detections_cluster": 7, "frp_max": 1.62, "frp_moyen": 0.98, "derniere_detection": "2026-07-26T03:10:00", "fetch_timestamp": "2026-07-27T01:32:00"}, "geometry": {"type": "Polygon", "coordinates": [[[-1.2196, 44.80626], [-1.22044, 44.80264], [-1.21792, 44.81351], [-1.20518, 44.81575], [-1.21194, 44.81281], [-1.21516, 44.8117], [-1.2196, 44.80626]]]}}, {"type": "Feature", "properties": {"nb_detections_cluster": 6, "frp_max": 5.95, "frp_moyen": 3.41, "derniere_detection": "2026-07-26T13:16:00", "fetch_timestamp": "2026-07-27T01:32:00"}, "geometry": {"type": "Polygon", "coordinates": [[[-1.19246, 44.81799], [-1.19422, 44.81779], [-1.19518, 44.82023], [-1.19162, 44.82161], [-1.18944, 44.82088], [-1.18862, 44.81731], [-1.19246, 44.81799]]]}}, {"type": "Feature", "properties": {"nb_detections_cluster": 1, "frp_max": 0.55, "frp_moyen": 0.55, "derniere_detection": "2026-07-26T01:49:00", "fetch_timestamp": "2026-07-27T01:32:00"}, "geometry": {"type": "Polygon", "coordinates": [[[-1.174558449709599, 44.824006603899534], [-1.17455680713561, 44.823697367726425], [-1.174597762003404, 44.82338950605312], [-1.174680919206838, 44.82308598370817], [-1.174805477247108, 44.82278972368224], [-1.174970235976579, 44.82250357898182], [-1.175173608179355, 44.82223030515854], [-1.175413634876225, 44.82197253377856], [-1.17568800420583, 44.821732747087275], [-1.175994073699632, 44.82151325411282], [-1.176328895735792, 44.82131616843854], [-1.176689245926566, 44.82114338785768], [-1.177071654165878, 44.8209965761063], [-1.177472438038214, 44.82087714684953], [-1.177887738267507, 44.820786250075436], [-1.178313555865184, 44.820724761026874], [-1.178745790620333, 44.82069327177801], [-1.179180280562188, 44.82069208553607], [-1.179612842015811, 44.82072121372326], [-1.180039309866244, 44.82078037586686], [-1.180455577644405, 44.820869002298465], [-1.180857637049666, 44.8209862396366], [-1.181241616529485, 44.82113095899985], [-1.181603818545383, 44.821301766871706], [-1.181940755167125, 44.82149701851294], [-1.182249181652902, 44.82171483379224], [-1.182526127692502, 44.82195311528344], [-1.182768926012813, 44.822209568454994], [-1.182975238070159, 44.82248172375813], [-1.183143076581864, 44.822766960400784], [-1.183270824679653, 44.82306253157916], [-1.183357251499868, 44.82336559092401], [-1.183401524059625, 44.82367321990721], [-1.183403215303696, 44.82398245594497], [-1.183362308243654, 44.82429032092714], [-1.183279196148418, 44.824593849898044], [-1.183154678783308, 44.82489011961237], [-1.182989954732834, 44.825176276691316], [-1.182786609880201, 44.82544956510755], [-1.182546602153567, 44.8257073527341], [-1.182272242685278, 44.82594715670125], [-1.181966173564903, 44.82616666731693], [-1.181631342399934, 44.826363770319894], [-1.181270973928926, 44.826536567250905], [-1.180888538960459, 44.82668339374564], [-1.180487720937232, 44.82680283557235], [-1.180072380447709, 44.82689374225994], [-1.179646518027645, 44.82695523818457], [-1.179214235610446, 44.82698673100781], [-1.17877969699851, 44.826987917385104], [-1.178347087737134, 44.82695878588904], [-1.177920574778503, 44.82689961711947], [-1.177504266325182, 44.82681098099947], [-1.177102172240923, 44.8266937312828], [-1.176718165410961, 44.82654899732662], [-1.176355944424827, 44.82637817320819], [-1.176018997941772, 44.8261829042911], [-1.175710571082567, 44.82596507137055], [-1.175433634171776, 44.8257267725507], [-1.175190854131698, 44.825470303028965], [-1.174984568803508, 44.82519813298248], [-1.174816764442695, 44.8249128837699], [-1.174689056605134, 44.82461730267802], [-1.174602674607308, 44.824314236457106], [-1.174558449709599, 44.824006603899534]]]}}, {"type": "Feature", "properties": {"nb_detections_cluster": 2, "frp_max": 1.46, "frp_moyen": 1.44, "derniere_detection": "2026-07-26T01:49:00", "fetch_timestamp": "2026-07-27T01:32:00"}, "geometry": {"type": "Polygon", "coordinates": [[[-1.163025878254448, 44.82705242486328], [-1.163149657249053, 44.826993103124], [-1.163532140665541, 44.82684633775827], [-1.163932995029986, 44.82672695718214], [-1.16434836038772, 44.82663611091488], [-1.164774237123199, 44.826574673713054], [-1.165206524456213, 44.82654323715159], [-1.165641059909833, 44.826542103930365], [-1.166073659370966, 44.82657128496107], [-1.166500157358719, 44.82663049926214], [-1.166916447113815, 44.82671917666298], [-1.167318520123967, 44.8268364632913], [-1.167702504705544, 44.826981229791045], [-1.168064703270821, 44.827152082191844], [-1.168401627922626, 44.827347375325665], [-1.168710034034225, 44.8275652286616], [-1.168986951491378, 44.82780354440697], [-1.169229713295975, 44.828060027700346], [-1.16943598125573, 44.82833220870283], [-1.169603768512368, 44.82861746637484], [-1.169731458690959, 44.82891305370995], [-1.169817821485377, 44.829216124183276], [-1.169862024529115, 44.82952375915941], [-1.169863641436234, 44.829832995996796], [-1.169822655934063, 44.83014085657748], [-1.169739462046858, 44.830444375988115], [-1.169614860327601, 44.83074063107534], [-1.169450050173192, 44.83102676860116], [-1.16924661829612, 44.831300032726475], [-1.169006523462759, 44.83155779155822], [-1.1687320776445, 44.831797562503944], [-1.16842592376272, 44.83201703618957], [-1.168091010241446, 44.832214098709485], [-1.167730562612637, 44.83238685199439], [-1.167348052447478, 44.83253363210028], [-1.166947163913135, 44.83265302524222], [-1.166531758277411, 44.832743881418054], [-1.166105836703704, 44.83280532549042], [-1.165673501695337, 44.83283676562039], [-1.165238917561375, 44.832837898970915], [-1.164806270285669, 44.83280871462537], [-1.164379727186599, 44.83274949369266], [-1.163963396757044, 44.832660806598284], [-1.163561289072389, 44.832543507587026], [-1.163177277148784, 44.832398726490794], [-1.1628150596247, 44.8322278578409], [-1.162478125125875, 44.832032547429854], [-1.162169718657466, 44.83181467645249], [-1.16196404225868, 44.83163765245166], [-1.161840251780756, 44.83169697295914], [-1.161457730925996, 44.831843732727336], [-1.161056834798884, 44.83196310456234], [-1.160641424740406, 44.832053938667244], [-1.160215501956602, 44.83211536011723], [-1.159783168962468, 44.8321467772913], [-1.159348590047679, 44.83214788757354], [-1.158915951145805, 44.83211868026948], [-1.158489419494546, 44.83205943670922], [-1.158073103476476, 44.83197072753615], [-1.157671013028118, 44.83185340720774], [-1.157287020999542, 44.83170860576123], [-1.156924825837519, 44.83153771792394], [-1.15658791595233, 44.831342389673175], [-1.156279536111982, 44.83112450237554], [-1.156002656187875, 44.8308861546589], [-1.155759942553131, 44.83062964219156], [-1.155553732409037, 44.83035743556419], [-1.155386011286662, 44.83007215648765], [-1.155258393939911, 44.829776552536295], [-1.15517210881349, 44.82947347068041], [-1.155127986234606, 44.82916582986284], [-1.155126450441279, 44.82885659288414], [-1.155167515523084, 44.82854873786726], [-1.155250785312396, 44.82824522957654], [-1.155375457226158, 44.8279489908672], [-1.155540330020153, 44.827662874540266], [-1.155743815380128, 44.8273896358741], [-1.155983953237327, 44.827131906096184], [-1.156258430660117, 44.82689216705119], [-1.156564604139279, 44.82667272730838], [-1.156899525051881, 44.82647569993844], [-1.157259968058309, 44.82630298217319], [-1.157642462158986, 44.8261562371437], [-1.158043324111869, 44.826036877872625], [-1.158458693889266, 44.82594605367415], [-1.158884571833118, 44.82588463909226], [-1.1593168571516, 44.82585322548408], [-1.15975138738719, 44.82585211532853], [-1.16018397847703, 44.82588131931515], [-1.16061046502081, 44.82594055624135], [-1.161026740369411, 44.826029255718694], [-1.161428796149216, 44.82614656366229], [-1.161812760842446, 44.82629135051086], [-1.162174937052814, 44.82646222209805], [-1.162511837098338, 44.82665753307109], [-1.162820216589147, 44.82687540272727], [-1.163025878254448, 44.82705242486328]]]}}, {"type": "Feature", "properties": {"nb_detections_cluster": 1, "frp_max": 3.56, "frp_moyen": 3.56, "derniere_detection": "2026-07-26T13:16:00", "fetch_timestamp": "2026-07-27T01:32:00"}, "geometry": {"type": "Polygon", "coordinates": [[[-1.112496978753405, 44.84037413154857], [-1.112495677311598, 44.840064892887696], [-1.112536984186609, 44.839757052560266], [-1.112620500882079, 44.839453575188884], [-1.112745422437137, 44.83915738333072], [-1.112910545203565, 44.83887132933543], [-1.113114278460076, 44.838598167880825], [-1.113354659750999, 44.838340529450655], [-1.113629373800894, 44.83810089500977], [-1.113935774822375, 44.837881572119976], [-1.11427091200191, 44.83768467272659], [-1.114631557917913, 44.837512092828945], [-1.115014239617484, 44.83736549423055], [-1.115415272052683, 44.83724628854398], [-1.115830793554719, 44.83715562360445], [-1.116256803004995, 44.83709437242251], [-1.116689198345761, 44.837063124781835], [-1.117123816060345, 44.83706218156326], [-1.117556471243705, 44.83709155184892], [-1.117982997878407, 44.83715095283497], [-1.118399288929206, 44.837239812553186], [-1.118801335871086, 44.83735727537573], [-1.119185267271048, 44.83750221024996], [-1.119547386052966, 44.83767322158414], [-1.119884205087339, 44.83786866267969], [-1.120192480763791, 44.838086651580866], [-1.120469244223389, 44.83832508918944], [-1.120711829950203, 44.83858167947027], [-1.12091790144678, 44.83885395155405], [-1.121085473746026, 44.83913928352382], [-1.121212932542369, 44.83943492765745], [-1.121299049757325, 44.83973803688278], [-1.121342995388871, 44.84004569219092], [-1.121344345529654, 44.840354930744176], [-1.121303086475844, 44.840662774407775], [-1.121219614886056, 44.84096625843099], [-1.121094733987775, 44.84126246000097], [-1.120929645866803, 44.841548526394845], [-1.12072593991302, 44.841821702458326], [-1.120485577532871, 44.84207935714627], [-1.120210873275064, 44.84231900886906], [-1.119904472550678, 44.84253834940071], [-1.119569326161831, 44.842735266117984], [-1.119208661884018, 44.84290786235578], [-1.118825953375771, 44.84305447568263], [-1.118424886715275, 44.843173693919994], [-1.118009324886578, 44.843264368750305], [-1.117583270558008, 44.84332562678296], [-1.117150827511961, 44.843356877970926], [-1.1167161610984, 44.84335782129715], [-1.11628345809384, 44.84332844767527], [-1.115856886353457, 44.84326904003743], [-1.115440554645878, 44.84318017060739], [-1.115038473058544, 44.84306269538626], [-1.114654514355853, 44.84291774590315], [-1.114292376663162, 44.84274671831121], [-1.113955547836703, 44.84255125993375], [-1.113647271863154, 44.8423332533907], [-1.113370517612868, 44.84209479845826], [-1.113127950247863, 44.84183819183725], [-1.112921905559964, 44.84156590502502], [-1.112754367486015, 44.84128056050448], [-1.112626949016333, 44.840984906480045], [-1.112540876679672, 44.84068179040403], [-1.112496978753405, 44.84037413154857]]]}}, {"type": "Feature", "properties": {"nb_detections_cluster": 1, "frp_max": 1.89, "frp_moyen": 1.89, "derniere_detection": "2026-07-26T12:55:00", "fetch_timestamp": "2026-07-27T01:32:00"}, "geometry": {"type": "Polygon", "coordinates": [[[-1.145256811038293, 44.8437254372919], [-1.145255329184983, 44.843416198703984], [-1.145296459004056, 44.84310834587387], [-1.145379803704109, 44.84280484354472], [-1.145504559980382, 44.842508614514294], [-1.145669525775994, 44.842222511490405], [-1.145873111880903, 44.84194928962318], [-1.146113357256059, 44.84169157997831], [-1.146387947934398, 44.84145186420653], [-1.146694239316085, 44.841232450652974], [-1.147029281642893, 44.841035452136104], [-1.147389848406163, 44.84086276560981], [-1.147772467414775, 44.84071605390442], [-1.148173454224097, 44.84059672972166], [-1.148588947604383, 44.8405059420378], [-1.149014946707609, 44.840444565045274], [-1.149447349575523, 44.84041318973925], [-1.149881992618927, 44.84041211822979], [-1.150314690688926, 44.84044136083437], [-1.15074127735526, 44.84050063597852], [-1.151157645004843, 44.84058937290579], [-1.151559784375356, 44.84070671717072], [-1.151943823144135, 44.84085153886226], [-1.152306063201559, 44.84102244347857], [-1.152643016250747, 44.841217785348775], [-1.152951437391277, 44.84143568347266], [-1.153228356363894, 44.84167403962623], [-1.153471106155553, 44.84193055855885], [-1.15367734868927, 44.84220277008839], [-1.153845097351214, 44.84248805288122], [-1.153972736137699, 44.84278365968895], [-1.15405903523709, 44.84308674379901], [-1.154103162895872, 44.84339438644467], [-1.154104693453704, 44.843703624910304], [-1.154063611469161, 44.84401148106225], [-1.153980311895391, 44.844314990029694], [-1.153855596302978, 44.84461122875977], [-1.153690665185344, 44.84489734417188], [-1.153487106419876, 44.84517058063986], [-1.153246879994985, 44.845428306536895], [-1.152972299149486, 44.84566803958771], [-1.152666008105345, 44.84588747078312], [-1.152330956607815, 44.84608448662673], [-1.151970371517982, 44.84625718949878], [-1.151587725731245, 44.84640391594076], [-1.151186704721307, 44.846523252684655], [-1.15077117103222, 44.846614050271455], [-1.150345127061056, 44.8466754341282], [-1.149912676490316, 44.84670681299591], [-1.14947798474239, 44.84670788462764], [-1.14904523883786, 44.846678638701206], [-1.148618607045242, 44.84661935691878], [-1.148202198711799, 44.84653061029187], [-1.147800024663308, 44.84641325363871], [-1.147415958555088, 44.846268417346415], [-1.147053699547399, 44.846097496477945], [-1.146716736665371, 44.845902137328714], [-1.146408315187297, 44.845684221562955], [-1.146131405385402, 44.845445848082676], [-1.145888673920306, 44.84518931280429], [-1.145682458164713, 44.84491708653813], [-1.145514743703386, 44.84463179118418], [-1.145387145225702, 44.84433617447349], [-1.145300890994248, 44.84403308349922], [-1.145256811038293, 44.8437254372919]]]}}, {"type": "Feature", "properties": {"nb_detections_cluster": 2, "frp_max": 4.12, "frp_moyen": 3.18, "derniere_detection": "2026-07-26T13:16:00", "fetch_timestamp": "2026-07-27T01:32:00"}, "geometry": {"type": "Polygon", "coordinates": [[[-1.138036417346154, 44.848455149805204], [-1.138034975117678, 44.848145910647204], [-1.13807614797074, 44.84783806002101], [-1.138159538699406, 44.84753456264863], [-1.138284343555572, 44.84723834127996], [-1.138449360014478, 44.84695224854901], [-1.138652998378174, 44.84667903950674], [-1.138893297104368, 44.84642134509533], [-1.13916794171227, 44.846181646818756], [-1.139474287082773, 44.84596225285366], [-1.139809382937838, 44.84576527582986], [-1.140170002253449, 44.845592612494286], [-1.140552672332539, 44.84544592545389], [-1.140953708238812, 44.84532662717294], [-1.141369248269866, 44.84523586637824], [-1.141795291128574, 44.84517451700333], [-1.142227734435455, 44.84514316977744], [-1.142662414211999, 44.845142126540246], [-1.143095144955675, 44.845171397337], [-1.143521759921647, 44.84523070032179], [-1.143938151224348, 44.845319464470066], [-1.144340309373698, 44.84543683507425], [-1.144724361866172, 44.84558168196968], [-1.145086610459947, 44.84575261041179], [-1.145423566775858, 44.845947974500326], [-1.14573198588192, 44.84616589302108], [-1.146008897538345, 44.846404267553574], [-1.146251634802398, 44.84666080267027], [-1.146457859717581, 44.84693302803307], [-1.146625585839565, 44.84721832217513], [-1.146753197381562, 44.84751393773873], [-1.146839464794149, 44.84781702792697], [-1.14688355662881, 44.84812467391448], [-1.146885047570071, 44.848433912953446], [-1.146843922557918, 44.84874176690465], [-1.146760576959783, 44.84904527091837], [-1.14663581278943, 44.84934150198945], [-1.146470831008087, 44.84962760711101], [-1.146267219981064, 44.84990083075594], [-1.146026940200118, 44.850158541420896], [-1.145752305417988, 44.85039825697728], [-1.145445960376179, 44.85061766858438], [-1.145110855340099, 44.85081466293444], [-1.144750217686586, 44.85098734261467], [-1.144367520817421, 44.85113404439], [-1.143966450698429, 44.85125335522993], [-1.143550870346786, 44.851344125924975], [-1.143124782609117, 44.85140548216117], [-1.142692291589578, 44.8514368329456], [-1.142257563100247, 44.85143787630183], [-1.141824784515663, 44.85140860218005], [-1.14139812441916, 44.851349292553934], [-1.140981692430646, 44.85126051870325], [-1.140579499603734, 44.851143135708455], [-1.140195419774586, 44.85099827421035], [-1.139833152235563, 44.85082732951469], [-1.13949618609388, 44.85063194814636], [-1.139187766659126, 44.850414011983595], [-1.138910864183716, 44.850175620124844], [-1.138668145257565, 44.84991906866351], [-1.138461947132457, 44.849646828565746], [-1.138294255223192, 44.849361521864736], [-1.138166684001784, 44.84906589640078], [-1.138080461468157, 44.84876279935125], [-1.138036417346154, 44.848455149805204]]]}}, {"type": "Feature", "properties": {"nb_detections_cluster": 2, "frp_max": 6.24, "frp_moyen": 5.33, "derniere_detection": "2026-07-26T13:16:00", "fetch_timestamp": "2026-07-27T01:32:00"}, "geometry": {"type": "Polygon", "coordinates": [[[-1.171815090415837, 44.866566496943506], [-1.171813461704474, 44.86625725645263], [-1.171854462652485, 44.86594939153263], [-1.171937697708917, 44.86564586704332], [-1.172062364624232, 44.865349605995945], [-1.172227262201406, 44.86506346140685], [-1.172430801886643, 44.86479018882658], [-1.172671023087226, 44.8645324198093], [-1.172945612068251, 44.86429263657759], [-1.173251924245649, 44.86407314812629], [-1.173587009660445, 44.8638760679951], [-1.173947641388665, 44.86370329392398], [-1.174330346613313, 44.86355648958619], [-1.174731440059373, 44.86343706857549], [-1.175147059470192, 44.86334618080054], [-1.175573202784208, 44.86328470141753], [-1.176005766654685, 44.863253222407565], [-1.176440585942345, 44.86325204687925], [-1.176873473801533, 44.863281186151674], [-1.17730026197486, 44.863340359645335], [-1.177716840909327, 44.86342899758256], [-1.178119199308562, 44.86354624647109], [-1.17850346274127, 44.86369097731829], [-1.178865930934908, 44.86386179649711], [-1.179203113396172, 44.86405705915943], [-1.179511763015853, 44.86427488506782], [-1.179788907334798, 44.86451317669377], [-1.180031877170106, 44.86476963940813], [-1.180238332325878, 44.86504180357026], [-1.180406284140696, 44.86532704830276], [-1.180534114654334, 44.865622626723926], [-1.180620592208518, 44.865925692394775], [-1.18066488333077, 44.86623332672622], [-1.180666560786045, 44.86654256708296], [-1.180625607717646, 44.86685043531325], [-1.180542417836544, 44.867153966430116], [-1.18041779165621, 44.867450237167525], [-1.180252928808247, 44.86773639413683], [-1.180049416511828, 44.8680096813117], [-1.179809214307132, 44.8682674665771], [-1.179534635199065, 44.86850726708605], [-1.179228323392276, 44.86872677317978], [-1.178893228831505, 44.86892387064051], [-1.178532578792199, 44.86909666106244], [-1.178149846795034, 44.86924348014388], [-1.177748719143887, 44.86936291372448], [-1.177333059409887, 44.86945381141256], [-1.176906871204194, 44.86951529767096], [-1.176474259598707, 44.86954678025434], [-1.176039391567136, 44.86954795591678], [-1.175606455828336, 44.869518813334075], [-1.175179622479679, 44.86945963321289], [-1.17476300281023, 44.8693709855856], [-1.174360609681784, 44.86925372431685], [-1.173976318860257, 44.869108978875055], [-1.173613831670734, 44.86893814344811], [-1.173276639336513, 44.86874286350855], [-1.172967989346221, 44.86852501995776], [-1.172690854173251, 44.86828671100224], [-1.17244790264903, 44.86803023193709], [-1.172241474265774, 44.867758053031324], [-1.172073556656045, 44.867472795728915], [-1.171945766465588, 44.867177207394604], [-1.17185933380308, 44.86687413484837], [-1.171815090415837, 44.866566496943506]]]}}, {"type": "Feature", "properties": {"nb_detections_cluster": 3, "frp_max": 3.96, "frp_moyen": 3.28, "derniere_detection": "2026-07-26T12:55:00", "fetch_timestamp": "2026-07-27T01:32:00"}, "geometry": {"type": "Polygon", "coordinates": [[[-1.17998, 44.87731], [-1.17784, 44.87592], [-1.17884, 44.87399], [-1.17998, 44.87731]]]}}, {"type": "Feature", "properties": {"nb_detections_cluster": 4, "frp_max": 7.17, "frp_moyen": 5.39, "derniere_detection": "2026-07-26T13:16:00", "fetch_timestamp": "2026-07-27T01:32:00"}, "geometry": {"type": "Polygon", "coordinates": [[[-1.170191966851409, 44.87933264848819], [-1.170420980945685, 44.87933204172658], [-1.170853989666585, 44.879361204617254], [-1.171280893734668, 44.87942040155114], [-1.171697582481134, 44.87950906252486], [-1.172100043552341, 44.879626333824305], [-1.172484401528416, 44.879771086241036], [-1.17284695522645, 44.87994192594035], [-1.173184213329745, 44.88013720787649], [-1.173492928000592, 44.88035505162642], [-1.173770126153257, 44.880593359489815], [-1.174013138086209, 44.88084983668118], [-1.174219623197877, 44.88112201342038], [-1.17438759253804, 44.88140726870894], [-1.174515427977336, 44.88170285556347], [-1.174601897809659, 44.88200592746369], [-1.174646168636489, 44.88231356576052], [-1.174647813417816, 44.882622807780436], [-1.174606815611215, 44.88293067535563], [-1.174523569358129, 44.883234203505395], [-1.174398875714593, 44.883530468992234], [-1.174233934961638, 44.883816618478036], [-1.174030335068495, 44.8840898960085], [-1.173790036418808, 44.88434766956147], [-1.173515352946242, 44.884587456402706], [-1.173208929860563, 44.88480694700506], [-1.172873718178285, 44.88500402729997], [-1.172512946302981, 44.88517679904692], [-1.172130088928926, 44.88532359812407], [-1.171728833567754, 44.885443010563776], [-1.171313045020871, 44.885533886177946], [-1.170886728140368, 44.88559534964203], [-1.170453989237766, 44.88562680893029], [-1.170018996513129, 44.885627961021136], [-1.169585939886579, 44.88559879481744], [-1.169158990620079, 44.88553959125338], [-1.168742261119375, 44.885450920587104], [-1.168339765304278, 44.88533363690523], [-1.167977908805936, 44.88519735476233], [-1.167748870757022, 44.885197956487204], [-1.167315818627395, 44.885168781436455], [-1.166888875025792, 44.88510956915426], [-1.166472152303382, 44.88502088998274], [-1.166069664314659, 44.88490359809038], [-1.165685287739275, 44.884758823240574], [-1.165322724728265, 44.88458795990446], [-1.164985467235151, 44.88439265382336], [-1.164676763376005, 44.884174786150446], [-1.164399586142867, 44.88393645532455], [-1.164156604772005, 44.88367995685138], [-1.163950159042791, 44.883407761186845], [-1.1637822367545, 44.88312248993627], [-1.163654454597554, 44.882826890598714], [-1.163568042602858, 44.88252381010011], [-1.163523832318266, 44.88221616737024], [-1.163522248825184, 44.88190692522815], [-1.163563306671237, 44.88159906184659], [-1.163646609757156, 44.88129554207048], [-1.163771355177933, 44.880999288865674], [-1.163936340980249, 44.88071315517291], [-1.164139977760477, 44.88043989643773], [-1.164380303990724, 44.88018214408095], [-1.164655004924573, 44.879942380164664], [-1.164961434899858, 44.879722913497694], [-1.165296642823288, 44.87952585740997], [-1.165657400591282, 44.87935310940981], [-1.166040234173299, 44.87920633291948], [-1.166441457058504, 44.87908694126459], [-1.166857205744057, 44.87899608407106], [-1.167283476923818, 44.878934636200675], [-1.16771616602005, 44.87890318933104], [-1.168151106687893, 44.87890204626133], [-1.16858411091313, 44.878931217998044], [-1.16901100931806, 44.878990423649114], [-1.1694276912884, 44.87907909312725], [-1.169830144535732, 44.87919637263646], [-1.170191966851409, 44.87933264848819]]]}}, {"type": "Feature", "properties": {"nb_detections_cluster": 4, "frp_max": 1.78, "frp_moyen": 1.63, "derniere_detection": "2026-07-26T03:10:00", "fetch_timestamp": "2026-07-27T01:32:00"}, "geometry": {"type": "Polygon", "coordinates": [[[-1.1098, 44.88955], [-1.10725, 44.89254], [-1.10764, 44.8901], [-1.10848, 44.88649], [-1.1098, 44.88955]]]}}, {"type": "Feature", "properties": {"nb_detections_cluster": 148, "frp_max": 172.97, "frp_moyen": 9.48, "derniere_detection": "2026-07-26T13:16:00", "fetch_timestamp": "2026-07-27T01:32:00"}, "geometry": {"type": "Polygon", "coordinates": [[[-1.06478, 44.76099], [-1.06695, 44.76557], [-1.06168, 44.76625], [-1.05894, 44.76934], [-1.05397, 44.76783], [-1.0517, 44.76329], [-1.04402, 44.76482], [-1.04362, 44.76708], [-1.03864, 44.7656], [-1.03289, 44.76396], [-1.02861, 44.76262], [-1.02356, 44.76112], [-1.02405, 44.75876], [-1.02169, 44.75436], [-1.02718, 44.7535], [-1.02693, 44.75051], [-1.02485, 44.74911], [-1.02193, 44.74623], [-1.0253, 44.74672], [-1.03028, 44.74822], [-1.03492, 44.75211], [-1.0403, 44.75127], [-1.03798, 44.74682], [-1.04298, 44.74831], [-1.04797, 44.7498], [-1.04523, 44.75277], [-1.04488, 44.75507], [-1.04437, 44.75884], [-1.05207, 44.76105], [-1.05481, 44.75803], [-1.0598, 44.75951], [-1.06478, 44.76099]]]}}, {"type": "Feature", "properties": {"nb_detections_cluster": 3, "frp_max": 3.76, "frp_moyen": 3.1, "derniere_detection": "2026-07-26T12:55:00", "fetch_timestamp": "2026-07-27T01:32:00"}, "geometry": {"type": "Polygon", "coordinates": [[[-1.10086, 44.86707], [-1.09949, 44.86803], [-1.09437, 44.86716], [-1.10086, 44.86707]]]}}, {"type": "Feature", "properties": {"nb_detections_cluster": 21, "frp_max": 15.95, "frp_moyen": 6.33, "derniere_detection": "2026-07-26T13:16:00", "fetch_timestamp": "2026-07-27T01:32:00"}, "geometry": {"type": "Polygon", "coordinates": [[[-1.10165, 44.93023], [-1.10345, 44.93414], [-1.09669, 44.93706], [-1.09005, 44.93864], [-1.08009, 44.94036], [-1.07895, 44.93704], [-1.08507, 44.9395], [-1.09078, 44.93636], [-1.09754, 44.93344], [-1.10165, 44.93023]]]}}, {"type": "Feature", "properties": {"nb_detections_cluster": 9, "frp_max": 6.03, "frp_moyen": 3.8, "derniere_detection": "2026-07-26T12:55:00", "fetch_timestamp": "2026-07-27T01:32:00"}, "geometry": {"type": "Polygon", "coordinates": [[[-1.06463, 44.94439], [-1.06307, 44.94704], [-1.06131, 44.9471], [-1.0579, 44.9473], [-1.05633, 44.94796], [-1.05813, 44.94557], [-1.06463, 44.94439]]]}}, {"type": "Feature", "properties": {"nb_detections_cluster": 552, "frp_max": 222.37, "frp_moyen": 13.64, "derniere_detection": "2026-07-27T01:32:00", "fetch_timestamp": "2026-07-27T01:32:00"}, "geometry": {"type": "Polygon", "coordinates": [[[-0.99356, 44.76405], [-0.99477, 44.76854], [-0.98142, 44.77355], [-0.93904, 44.78281], [-0.88806, 44.77764], [-0.88187, 44.77715], [-0.84771, 44.74773], [-0.81002, 44.74097], [-0.80543, 44.73614], [-0.81815, 44.71489], [-0.82133, 44.70958], [-0.83153, 44.71269], [-0.84173, 44.7158], [-0.85192, 44.71891], [-0.86717, 44.72356], [-0.89221, 44.73146], [-0.93465, 44.75032], [-0.97818, 44.75917], [-0.99244, 44.76073], [-0.99356, 44.76405]]]}}, {"type": "Feature", "properties": {"nb_detections_cluster": 5, "frp_max": 4.8, "frp_moyen": 2.66, "derniere_detection": "2026-07-26T01:49:00", "fetch_timestamp": "2026-07-27T01:32:00"}, "geometry": {"type": "Polygon", "coordinates": [[[-1.002463027047507, 44.759409741724824], [-1.002462332278944, 44.7591005105459], [-1.002504181727274, 44.758792719905465], [-1.002588171673216, 44.75848933394691], [-1.002713492600838, 44.758193274346425], [-1.00287893701851, 44.75790739217936], [-1.003082911110071, 44.75763444046827], [-1.00332345010322, 44.75737704767656], [-1.003598237206342, 44.75713769240322], [-1.003904625930823, 44.75691867952142], [-1.004239665583517, 44.75672211799095], [-1.004600129683604, 44.75654990055748], [-1.004982547030218, 44.756403685534124], [-1.005383235121793, 44.756284880839814], [-1.005798335605725, 44.75619463044855], [-1.006223851417472, 44.75613380337906], [-1.006655685252187, 44.756102985331374], [-1.007089678999224, 44.75610247304974], [-1.007521653760681, 44.75613227146686], [-1.007947450069608, 44.75619209365644], [-1.008362967921594, 44.75628136359448], [-1.008764206235188, 44.75639922170308], [-1.00914730136212, 44.75654453312322], [-1.009508564277285, 44.756715898637204], [-1.009844516091068, 44.7569116681358], [-1.010151921542584, 44.75712995650066], [-1.010427820151683, 44.75736866174944], [-1.010669554729885, 44.75762548526945], [-1.010874796975717, 44.75789795394475], [-1.011041569907712, 44.758183443964725], [-1.011168266918671, 44.758479206084644], [-1.011253667267098, 44.758782392095405], [-1.011296947855892, 44.75909008224802], [-1.011297691184011, 44.7593993133685], [-1.011255889393569, 44.75970710739296], [-1.011171944372383, 44.76001050004802], [-1.011046663909947, 44.760306569400115], [-1.010881253942842, 44.760592463999146], [-1.010677306963308, 44.76086543034481], [-1.010436786701749, 44.76112283941128], [-1.010162009229935, 44.76136221197417], [-1.009855620666354, 44.76158124249587], [-1.009520571697969, 44.761777821338704], [-1.009160089163597, 44.76195005509165], [-1.008777644972523, 44.76209628481453], [-1.008376922657929, 44.762215102023454], [-1.007961781887593, 44.76230536226354], [-1.007536221274239, 44.76236619613752], [-1.007104339844415, 44.7623970176839], [-1.00667029753782, 44.76239753002398], [-1.006238275118476, 44.76236772822281], [-1.005812433884793, 44.76230789933674], [-1.00539687556762, 44.76221861964711], [-1.00499560280346, 44.76210074910654], [-1.0046124805645, 44.76195542305182], [-1.004251198917745, 44.76178404126306], [-1.003915237472656, 44.761588254474916], [-1.003607831860238, 44.76136994847018], [-1.003331942566832, 44.76113122590902], [-1.003090226422915, 44.76087438606953], [-1.002885011021544, 44.76060190269471], [-1.002718272312567, 44.7603164001601], [-1.002591615588012, 44.7600206281914], [-1.002506260041193, 44.759717435376125], [-1.002463027047507, 44.759409741724824]]]}}, {"type": "Feature", "properties": {"nb_detections_cluster": 3, "frp_max": 4.01, "frp_moyen": 2.49, "derniere_detection": "2026-07-26T03:10:00", "fetch_timestamp": "2026-07-27T01:32:00"}, "geometry": {"type": "Polygon", "coordinates": [[[-1.021207332200833, 44.767271987740926], [-1.021388088038332, 44.76742830429481], [-1.021629915885514, 44.76768510480753], [-1.02183524792379, 44.76795755413916], [-1.022002106306967, 44.768243028665395], [-1.022128883604867, 44.76853877929076], [-1.022214358302686, 44.76884195791695], [-1.022257706587143, 44.76914964486611], [-1.022258510305044, 44.7694588769952], [-1.022216761016666, 44.7697666762307], [-1.022132860103919, 44.770070078249084], [-1.022007614931205, 44.77036616102671], [-1.021842231094929, 44.77065207298422], [-1.021638300835363, 44.770925060454196], [-1.021397787721587, 44.771182494207395], [-1.021123007756259, 44.771421894781724], [-1.020816607081642, 44.77164095636983], [-1.020481536501138, 44.77183756903481], [-1.020121023061556, 44.77200983903994], [-1.019738538969736, 44.772156107095824], [-1.019337768143097, 44.772274964349414], [-1.018922570716656, 44.77236526596011], [-1.018496945848864, 44.77242614213213], [-1.018064993185232, 44.77245700649664], [-1.017630873351686, 44.77245756176243], [-1.01719876785912, 44.7724278025811], [-1.016772838806273, 44.772368015598516], [-1.016357188770042, 44.772278776692346], [-1.015955821270553, 44.772160945422435], [-1.015572602192658, 44.7720156567473], [-1.015211222536277, 44.771844310087026], [-1.014875162855031, 44.77164855583795], [-1.014567659726235, 44.77143027946949], [-1.014291674575558, 44.771191583356405], [-1.01404986515678, 44.770934766522046], [-1.01384455996133, 44.770662302487985], [-1.013677735803845, 44.77037681544347], [-1.013550998799231, 44.7700810549651], [-1.013482478324619, 44.76983788025599], [-1.013301736714595, 44.76968155067997], [-1.013059938306995, 44.769424731820784], [-1.012854643418032, 44.76915226609609], [-1.012687828763098, 44.76886677771152], [-1.012561100365594, 44.76857101625647], [-1.012475678109007, 44.76826783021733], [-1.012432384011057, 44.7679601395394], [-1.01243163433203, 44.76765090750253], [-1.0124734355923, 44.76734311218118], [-1.012557384536419, 44.767039717763865], [-1.012682672043066, 44.76674364600827], [-1.012848090942194, 44.766457748106916], [-1.013052047663128, 44.76618477723386], [-1.013292577600589, 44.76592736203717], [-1.013567364049927, 44.765687981331546], [-1.013873760528611, 44.7654689402351], [-1.014208816268639, 44.76527234797939], [-1.01456930463413, 44.765100097605966], [-1.014951754190443, 44.76495384774511], [-1.01535248212579, 44.76483500665123], [-1.015767629703872, 44.76474471864883], [-1.016193199406682, 44.76468385311883], [-1.016625093410503, 44.76465299613154], [-1.017059153025397, 44.76465244480619], [-1.017491198719332, 44.764682204451425], [-1.017917070342482, 44.76474198851427], [-1.018332667165385, 44.764831221337865], [-1.018733987346327, 44.76494904370166], [-1.01911716644889, 44.765094321090885], [-1.019478514639501, 44.76526565461551], [-1.019814552207538, 44.76546139447437], [-1.020122043066478, 44.76567965583453], [-1.020398025913821, 44.76591833697379], [-1.020639842749963, 44.76617513951156], [-1.020845164481325, 44.766447590534064], [-1.021012013360979, 44.76673306640073], [-1.021138782050286, 44.76702881800315], [-1.021207332200833, 44.767271987740926]]]}}, {"type": "Feature", "properties": {"nb_detections_cluster": 2, "frp_max": 1.7, "frp_moyen": 1.66, "derniere_detection": "2026-07-26T01:49:00", "fetch_timestamp": "2026-07-27T01:32:00"}, "geometry": {"type": "Polygon", "coordinates": [[[-0.979011148686803, 44.782478808359905], [-0.979010582589306, 44.78216957457286], [-0.979052577556782, 44.78186179033788], [-0.979136728468037, 44.78155841973649], [-0.979262224256584, 44.781262384296866], [-0.979427855746535, 44.78097653486153], [-0.979632027320009, 44.780703624137686], [-0.979872772302873, 44.78044628019398], [-0.980147771919876, 44.780206981158834], [-0.980454377636076, 44.77998803136379], [-0.980789636668992, 44.77979153916106], [-0.981150320425569, 44.779619396628746], [-0.981532955590132, 44.77947326135858], [-0.981933857564073, 44.77935454050156], [-0.982349165935681, 44.7792643772243], [-0.982774881639052, 44.77920363970681], [-0.983206905444963, 44.77917291278676], [-0.983641077413884, 44.77917249233093], [-0.984073216932114, 44.779202382387886], [-0.984499162946491, 44.779262295148875], [-0.98491481401123, 44.77935165371782], [-0.985316167762216, 44.779469597663415], [-0.985699359439569, 44.77961499130006], [-0.986060699088326, 44.77978643461838], [-0.986396707079721, 44.779982276759874], [-0.98670414761156, 44.78020063190668], [-0.986980059865431, 44.78043939743333], [-0.987221786520932, 44.780696274146564], [-0.987426999352289, 44.780968788418136], [-0.987593721660646, 44.78125431599825], [-0.98772034732564, 44.78155010728029], [-0.98780565629217, 44.78185331377428], [-0.987848826342498, 44.782161015533745], [-0.987849441039488, 44.782470249272826], [-0.987807493763463, 44.78277803690225], [-0.987723387802864, 44.78308141421006], [-0.987597932496746, 44.78337745941039], [-0.987432335465283, 44.78366332128555], [-0.987228191002132, 44.78393624665031], [-0.986987464739596, 44.78419360687344], [-0.98671247473351, 44.78443292320081], [-0.986405869149475, 44.78465189063642], [-0.986070600764897, 44.78484840015008], [-0.985709898532204, 44.78502055899852], [-0.985327236477102, 44.78516670896292], [-0.984926300231585, 44.78528544232764], [-0.984510951524402, 44.78537561544534], [-0.984085190971533, 44.78543635975788], [-0.983653119525738, 44.7854670901665], [-0.983218898957324, 44.78546751067029], [-0.982786711747641, 44.7854376172189], [-0.982360720782609, 44.785377697751485], [-0.98194502923544, 44.78528832942185], [-0.981543641025967, 44.785170373036436], [-0.98116042223829, 44.78502496475884], [-0.980799063869206, 44.78485350516115], [-0.980463046266894, 44.78465764572741], [-0.98015560560289, 44.784439272940055], [-0.979879702700683, 44.78420049010243], [-0.979637994521297, 44.783943597073076], [-0.979432808580479, 44.783671068107274], [-0.979266120543699, 44.78338552801951], [-0.979139535214276, 44.78308972689699], [-0.979054271097249, 44.78278651360794], [-0.979011148686803, 44.782478808359905]]]}}, {"type": "Feature", "properties": {"nb_detections_cluster": 1, "frp_max": 2.5, "frp_moyen": 2.5, "derniere_detection": "2026-07-26T01:49:00", "fetch_timestamp": "2026-07-27T01:32:00"}, "geometry": {"type": "Polygon", "coordinates": [[[-0.983150541901422, 44.79034897377791], [-0.983149952960005, 44.79003973917922], [-0.98319193114751, 44.78973195254729], [-0.98327607150414, 44.78942857798671], [-0.983401563064845, 44.78913253706381], [-0.983567196694252, 44.788846680673956], [-0.983771376753682, 44.78857376159136], [-0.984012136487108, 44.78831640796511], [-0.984287156977082, 44.78807709801698], [-0.984593789487531, 44.78785813618355], [-0.984929080977857, 44.78766163093299], [-0.985289802542389, 44.78748947446903], [-0.985672480501346, 44.787343324517565], [-0.986073429844037, 44.787224588370954], [-0.986488789702648, 44.787134409343096], [-0.986914560515547, 44.78707365576561], [-0.987346642522932, 44.7870429126308], [-0.987780875224936, 44.78704247596159], [-0.988213077423162, 44.787072349962685], [-0.988639087461011, 44.7871322469799], [-0.989054803276327, 44.78722159026879], [-0.989456221881614, 44.78733951954514], [-0.989839477892601, 44.78748489926465], [-0.990200880734925, 44.787656329551936], [-0.99053695017138, 44.78785215967401], [-0.990844449808128, 44.788070503928715], [-0.99112041825762, 44.78830925979553], [-0.991362197658295, 44.78856612817422], [-0.991567459276406, 44.7888386355168], [-0.991734225943208, 44.789124157640224], [-0.991860891111056, 44.78941994499049], [-0.991946234344289, 44.789723149115446], [-0.991989433095016, 44.790030850091505], [-0.991990070649518, 44.790340084640356], [-0.991948140167796, 44.79064787466499], [-0.991864044776342, 44.79095125593036], [-0.991738593712219, 44.791247306612526], [-0.991572994554541, 44.79153317544105], [-0.991368841617256, 44.79180610916373], [-0.991128100614101, 44.79206347906883], [-0.990853089742731, 44.79230280630907], [-0.990546457369583, 44.79252178578325], [-0.990211156529978, 44.79271830834534], [-0.989850416488873, 44.79289048112632], [-0.989467711636094, 44.79303664577321], [-0.989066728015848, 44.793155394428965], [-0.988651327813215, 44.79324558329891], [-0.988225512140225, 44.79330634367327], [-0.987793382480629, 44.793337090298486], [-0.987359101165541, 44.7933375270175], [-0.98692685126153, 44.79330764962375], [-0.986500796258505, 44.79324774590173], [-0.986085039946608, 44.7931583928536], [-0.985683586869592, 44.793040451138566], [-0.985300303736461, 44.79289505677899], [-0.984938882163864, 44.79272361021281], [-0.984602803108805, 44.79252776279867], [-0.984295303334757, 44.79230940090319], [-0.984019344234545, 44.79207062772485], [-0.983777583310442, 44.79181374302916], [-0.983572348586152, 44.791541220991135], [-0.983405616196906, 44.79125568635859], [-0.98327899137308, 44.7909598891662], [-0.983193692999937, 44.79065667824438], [-0.983150541901422, 44.79034897377791]]]}}, {"type": "Feature", "properties": {"nb_detections_cluster": 7, "frp_max": 2.65, "frp_moyen": 1.55, "derniere_detection": "2026-07-26T01:49:00", "fetch_timestamp": "2026-07-27T01:32:00"}, "geometry": {"type": "Polygon", "coordinates": [[[-0.981459972725509, 44.7975289067987], [-0.981459393007391, 44.79721967143591], [-0.981501385810607, 44.79691188469218], [-0.98158554603443, 44.79660851067318], [-0.981711062522328, 44.796312470939995], [-0.981876725898728, 44.796026616376544], [-0.98208094023837, 44.79575369973943], [-0.982321738455014, 44.7954963491542], [-0.982596801260555, 44.79525704281328], [-0.982903479511392, 44.79503808511857], [-0.983238819726453, 44.79484158449835], [-0.983599592530886, 44.794669433111736], [-0.983982323751536, 44.79452328863578], [-0.984383327864894, 44.79440455831007], [-0.984798743475825, 44.79431438539246], [-0.985224570485938, 44.79425363815572], [-0.985656708594392, 44.79422290153115], [-0.986090996761223, 44.79422247147894], [-0.986523253254055, 44.79425235214006], [-0.986949315893569, 44.79431225579624], [-0.987365082111183, 44.79440160563912], [-0.987766548434131, 44.79451954132133], [-0.988149849018701, 44.794664927236916], [-0.988511292861337, 44.79483636345081], [-0.988847399330016, 44.79503219917301], [-0.989154931674269, 44.79525054864737], [-0.989430928191524, 44.79548930930312], [-0.98967273074985, 44.795746181993906], [-0.989878010392383, 44.79601869313024], [-0.990044789776667, 44.79630421849251], [-0.990171462232438, 44.79660000849551], [-0.990256807253679, 44.79690321466155], [-0.990300002275106, 44.79721091704738], [-0.990300630618731, 44.797520152361095], [-0.990258685533084, 44.79782794249829], [-0.990174570285131, 44.79813132322286], [-0.990049094303009, 44.79842737271603], [-0.989883465405675, 44.79871323971882], [-0.989679278193377, 44.798986170996606], [-0.989438498709869, 44.799243537861166], [-0.98916344552335, 44.79948286149451], [-0.988856767407766, 44.799701836830195], [-0.988521417838995, 44.79989835476199], [-0.988160626551345, 44.80007052246549], [-0.987777868428272, 44.80021668163665], [-0.987376830027126, 44.8003354244711], [-0.986961374060707, 44.80042560723031], [-0.986535502178242, 44.80048636126327], [-0.986103316404992, 44.80051710137756], [-0.985668979612654, 44.80051753147884], [-0.985236675402254, 44.80048764742426], [-0.984810567786867, 44.800427737062506], [-0.984394761063479, 44.80033837745964], [-0.983993260261465, 44.80022042933809], [-0.983609932549551, 44.80007502878184], [-0.98324846997378, 44.79990357628857], [-0.982912353886079, 44.799707723273976], [-0.982604821406573, 44.79948935615864], [-0.982328834243028, 44.79925057819132], [-0.982087050167919, 44.79899368918364], [-0.98188179742781, 44.79872116335213], [-0.981715052331312, 44.798435625481126], [-0.981588420231031, 44.79813982563651], [-0.98150312008214, 44.79783661267424], [-0.981459972725509, 44.7975289067987]]]}}, {"type": "Feature", "properties": {"nb_detections_cluster": 1, "frp_max": 2.02, "frp_moyen": 2.02, "derniere_detection": "2026-07-26T01:32:00", "fetch_timestamp": "2026-07-27T01:32:00"}, "geometry": {"type": "Polygon", "coordinates": [[[-0.991428168398581, 44.820829305368555], [-0.991427533590062, 44.82052006764193], [-0.9914694892107, 44.820212274718386], [-0.99155363051725, 44.81990889076322], [-0.991679146534759, 44.819612837433255], [-0.991844827891605, 44.81932696574339], [-0.99204907848883, 44.81905402861519], [-0.992289930890539, 44.8187966543716], [-0.992565065286414, 44.8185573214329], [-0.99287183184311, 44.81833833445711], [-0.993207276228939, 44.81814180215453], [-0.99356816806577, 44.81796961698937], [-0.993951032034155, 44.81782343696395], [-0.994352181332329, 44.81770466966017], [-0.994767753167229, 44.81761445869197], [-0.995193745936326, 44.817553672698494], [-0.995626057742898, 44.8175228969842], [-0.996060525874706, 44.817522427885734], [-0.996492966866792, 44.817552269919986], [-0.996919216763615, 44.81761213574065], [-0.997335171193804, 44.81770144890365], [-0.997736824872586, 44.81781934941487], [-0.998120310152446, 44.81796470200699], [-0.998481934251583, 44.81813610706589], [-0.998818214802391, 44.818331914101485], [-0.999125913378184, 44.818550237634], [-0.999402066675667, 44.818788975342464], [-0.999644015053094, 44.81904582830155], [-0.999849428149225, 44.81931832311181], [-1.000016327336201, 44.819603835710915], [-1.000143104789703, 44.81989961663664], [-1.000228538992153, 44.82020281749878], [-1.00027180651893, 44.820510518405186], [-1.000272489993248, 44.820819756078286], [-1.000230582132118, 44.821127552391026], [-1.00014648584341, 44.821430943047886], [-1.000021010372068, 44.821727006134495], [-0.999855363531548, 44.822012890260986], [-0.999651140094365, 44.82228584202789], [-0.999410306452667, 44.8225432325497], [-0.999135181695838, 44.82278258278057], [-0.998828415286799, 44.82300158739794], [-0.998492961551561, 44.823198137013556], [-0.998132051227552, 44.823370338497895], [-0.997749160344668, 44.8235165332215], [-0.997347976738986, 44.82363531303761], [-0.996932364521985, 44.82372553385147], [-0.996506326848057, 44.82378632664552], [-0.996073967339589, 44.82381710585402], [-0.995639450541982, 44.823817575006025], [-0.995206961790389, 44.823787729582556], [-0.994780666875724, 44.823727857060206], [-0.994364671899367, 44.82363853414056], [-0.993962983704259, 44.823520621192706], [-0.993579471264358, 44.82337525396188], [-0.99321782840521, 44.82320383262477], [-0.992881538215356, 44.823008008297016], [-0.992573839491907, 44.822789667122926], [-0.992297695543831, 44.8225509121014], [-0.992055765653583, 44.822294042823145], [-0.991850379471952, 44.822021533314704], [-0.991683514592484, 44.821736008203246], [-0.991556777521083, 44.821440217431885], [-0.991471388223465, 44.82113700976917], [-0.991428168398581, 44.820829305368555]]]}}, {"type": "Feature", "properties": {"nb_detections_cluster": 44, "frp_max": 56.96, "frp_moyen": 7.96, "derniere_detection": "2026-07-26T13:16:00", "fetch_timestamp": "2026-07-27T01:32:00"}, "geometry": {"type": "Polygon", "coordinates": [[[-0.98901, 44.84748], [-0.98691, 44.84986], [-0.97772, 44.85651], [-0.97567, 44.85886], [-0.9707, 44.85735], [-0.95956, 44.8573], [-0.95135, 44.86105], [-0.93998, 44.85943], [-0.9348, 44.85353], [-0.94067, 44.85287], [-0.94952, 44.85431], [-0.95575, 44.85281], [-0.96388, 44.84907], [-0.97197, 44.84531], [-0.97263, 44.84101], [-0.98503, 44.84307], [-0.98669, 44.84399], [-0.98901, 44.84748]]]}}, {"type": "Feature", "properties": {"nb_detections_cluster": 11, "frp_max": 4.02, "frp_moyen": 2.18, "derniere_detection": "2026-07-26T03:10:00", "fetch_timestamp": "2026-07-27T01:32:00"}, "geometry": {"type": "Polygon", "coordinates": [[[-1.02602, 44.85101], [-1.03196, 44.8541], [-1.02703, 44.85262], [-1.02212, 44.85116], [-1.02602, 44.85101]]]}}, {"type": "Feature", "properties": {"nb_detections_cluster": 2, "frp_max": 5.64, "frp_moyen": 5.15, "derniere_detection": "2026-07-26T13:16:00", "fetch_timestamp": "2026-07-27T01:32:00"}, "geometry": {"type": "Polygon", "coordinates": [[[-0.996365601740538, 44.85360950391613], [-0.996364939377427, 44.85330026289977], [-0.996406892427207, 44.85299246480564], [-0.996491056170573, 44.85268907384887], [-0.996616619415704, 44.85239301175373], [-0.996782372335417, 44.85210712961958], [-0.996986718140924, 44.85183418046853], [-0.997227688478895, 44.85157679273938], [-0.997502962402821, 44.85133744498222], [-0.99780988873538, 44.851118441997855], [-0.998145511606065, 44.85092189265066], [-0.998506598917909, 44.85074968956902], [-0.998889673469163, 44.85060349092776], [-0.999291046430412, 44.85048470448803], [-0.999706852855112, 44.85039447404805], [-1.000133088882133, 44.85033366843445], [-1.000565650272771, 44.85030287314059], [-1.001000371911935, 44.85030238469166], [-1.001433067894074, 44.850332207790856], [-1.001859571808773, 44.85039205527421], [-1.002275776839119, 44.85048135087422], [-1.002677675287654, 44.85059923476591], [-1.003061397150237, 44.850744571841965], [-1.003423247367176, 44.85091596263769], [-1.003759741393623, 44.85111175680039], [-1.004067638747253, 44.85133006897425], [-1.004343974210525, 44.85156879694771], [-1.004586086387262, 44.85182564188919], [-1.004791643338519, 44.85209813047653], [-1.004958665050654, 44.852383638707316], [-1.005085542518852, 44.85267941716145], [-1.005171053261705, 44.85298261747253], [-1.005214373116749, 44.85329031975378], [-1.005215084202461, 44.85359956071441], [-1.005173178969122, 44.853907362195756], [-1.005089060298475, 44.854210759852506], [-1.004963537650224, 44.85450683170292], [-1.004797819291434, 44.8547927262728], [-1.004593500682739, 44.855065690062034], [-1.00435254913231, 44.855323094069384], [-1.004077284864659, 44.855562459119135], [-1.003770358686024, 44.85578147974601], [-1.003434726460998, 44.855978046407536], [-1.003073620646029, 44.85615026581001], [-1.002690519153931, 44.856296479151425], [-1.002289111849441, 44.85641527810566], [-1.001873264998894, 44.856505518393625], [-1.001446984016962, 44.8565663308102], [-1.001014374869943, 44.856597129600594], [-1.000579604508175, 44.85659761810527], [-1.000146860709595, 44.85656779161886], [-0.999720311722177, 44.85650793743552], [-0.999304066094952, 44.85641863208021], [-0.998902133085493, 44.85630073575283], [-0.998518384026099, 44.85615538403857], [-0.99815651502162, 44.855983976964666], [-0.997820011338896, 44.85578816550935], [-0.997512113831343, 44.855569835693025], [-0.997235787722411, 44.855331090405215], [-0.9969936940488, 44.85507422914287], [-0.996788164038386, 44.854801725855395], [-0.996621176669492, 44.85451620511009], [-0.996494339627142, 44.854220416807976], [-0.996408873839199, 44.85391720969393], [-0.996365601740538, 44.85360950391613]]]}}, {"type": "Feature", "properties": {"nb_detections_cluster": 38, "frp_max": 69.33, "frp_moyen": 8.83, "derniere_detection": "2026-07-27T01:32:00", "fetch_timestamp": "2026-07-27T01:32:00"}, "geometry": {"type": "Polygon", "coordinates": [[[-0.98308, 44.88131], [-0.98829, 44.88356], [-0.98299, 44.8859], [-0.97802, 44.8844], [-0.97617, 44.87764], [-0.97119, 44.87613], [-0.9662, 44.87462], [-0.96437, 44.86786], [-0.95578, 44.86866], [-0.96828, 44.86644], [-0.97139, 44.86701], [-0.96936, 44.86937], [-0.96895, 44.87184], [-0.97931, 44.87238], [-0.98004, 44.87758], [-0.98308, 44.88131]]]}}, {"type": "Feature", "properties": {"nb_detections_cluster": 17, "frp_max": 17.89, "frp_moyen": 9.94, "derniere_detection": "2026-07-26T13:16:00", "fetch_timestamp": "2026-07-27T01:32:00"}, "geometry": {"type": "Polygon", "coordinates": [[[-1.00593, 44.88663], [-1.01089, 44.88813], [-1.0028, 44.89188], [-0.99787, 44.89039], [-1.00221, 44.8865], [-1.00001, 44.88494], [-1.00099, 44.88514], [-1.00593, 44.88663]]]}}, {"type": "Feature", "properties": {"nb_detections_cluster": 2, "frp_max": 4.35, "frp_moyen": 4.05, "derniere_detection": "2026-07-26T01:49:00", "fetch_timestamp": "2026-07-27T01:32:00"}, "geometry": {"type": "Polygon", "coordinates": [[[-0.98627996933636, 44.92465910558091], [-0.986279361733289, 44.92434985765033], [-0.986321423257096, 44.92404205654383], [-0.986405748142105, 44.923738666505486], [-0.986531523643031, 44.9234426092506], [-0.986697537887175, 44.92315673583188], [-0.986902191567913, 44.92288379918747], [-0.987143513366067, 44.92262642763559], [-0.987419178949855, 44.92238709957057], [-0.987726533369879, 44.922168119603434], [-0.988062616633092, 44.92197159637695], [-0.988424192209209, 44.92179942226788], [-0.988807778195076, 44.921653255172025], [-0.989209680837013, 44.92153450254679], [-0.989626030088741, 44.92144430786471], [-0.990052816862986, 44.92138353960812], [-0.990485931618757, 44.92135278291066], [-0.990921203913533, 44.92135233392586], [-0.991354442540425, 44.92138219697696], [-0.991781475864764, 44.92144208451524], [-0.99219819197271, 44.92153141988756], [-0.992600578246228, 44.92164934288594], [-0.992984759984292, 44.9217947180266], [-0.993347037699202, 44.92196614547824], [-0.993683922729592, 44.922161974535214], [-0.993992170827729, 44.92238031950573], [-0.994268813398039, 44.92261907786237], [-0.994511186086217, 44.922875950480986], [-0.994716954443611, 44.92314846377284], [-0.994884136419491, 44.92343399349766], [-0.995011121464232, 44.923729790028226], [-0.99509668605883, 44.924033004824075], [-0.995140005520489, 44.92434071785888], [-0.995140661969699, 44.92464996573822], [-0.995098648381137, 44.92495777023671], [-0.995014368678358, 44.92526116697996], [-0.994888633870315, 44.925557233994944], [-0.994722654265907, 44.92584311985392], [-0.994518027840569, 44.92611607114068], [-0.994276724866069, 44.926373458974254], [-0.99400106895081, 44.926612804334695], [-0.99369371467263, 44.92683180194625], [-0.993357622019126, 44.92702834248812], [-0.992996027881447, 44.92720053291812], [-0.992612414876059, 44.92734671471323], [-0.992210477794985, 44.92746547985121], [-0.991794088007981, 44.927555684378596], [-0.991367256160068, 44.927616459434745], [-0.990934093524397, 44.92764721962472], [-0.990498772383482, 44.92764766866076], [-0.990065485821342, 44.92761780221767], [-0.989638407314774, 44.927557907974474], [-0.989221650513944, 44.92746856284204], [-0.98881922960069, 44.927350627403385], [-0.988435020607227, 44.92720523762042], [-0.988072724068662, 44.92703379388708], [-0.987735829369746, 44.92683794753467], [-0.987427581129765, 44.92661958491974], [-0.987150947949747, 44.92638080924773], [-0.986908593823129, 44.926123920308186], [-0.986702852485256, 44.92585139231705], [-0.986535704948514, 44.92556585007952], [-0.986408760439048, 44.925270043703634], [-0.986323240918117, 44.924966822108225], [-0.98627996933636, 44.92465910558091]]]}}, {"type": "Feature", "properties": {"nb_detections_cluster": 1, "frp_max": 3.36, "frp_moyen": 3.36, "derniere_detection": "2026-07-26T01:49:00", "fetch_timestamp": "2026-07-27T01:32:00"}, "geometry": {"type": "Polygon", "coordinates": [[[-0.984589396674798, 44.93184903855441], [-0.984588798314639, 44.93153978994647], [-0.984630874507148, 44.93123198881454], [-0.984715219345206, 44.93092859940291], [-0.984841019891221, 44.93063254342088], [-0.985007064031156, 44.93034667190887], [-0.985211752170371, 44.9300737377866], [-0.985453112657758, 44.929816369348075], [-0.985728820788895, 44.92957704495756], [-0.986036221204622, 44.92935806919075], [-0.98637235346896, 44.92916155064992], [-0.986733980579781, 44.92898938166673], [-0.987117620137716, 44.92884322008761], [-0.987519577873285, 44.928724473316805], [-0.987935983209775, 44.92863428477052], [-0.988362826519952, 44.92857352287198], [-0.98879599771853, 44.92854277269361], [-0.989231325819596, 44.92854233032618], [-0.989664619078998, 44.928572200029194], [-0.990091705336094, 44.92863209418991], [-0.990508472167429, 44.92872143609138], [-0.990910906466609, 44.9288393654628], [-0.991295133070201, 44.92898474675896], [-0.9916574520585, 44.92915618008934], [-0.991994374372694, 44.929352014691695], [-0.992302655405998, 44.92957036482078], [-0.992579326245623, 44.92980912789957], [-0.99282172226495, 44.93006600475837], [-0.99302750879054, 44.930338521767645], [-0.993194703596566, 44.930624054651304], [-0.993321696009695, 44.93091985375172], [-0.993407262439796, 44.93122307050364], [-0.993450578186217, 44.93153078486194], [-0.993451225405045, 44.93184003341939], [-0.99340919715967, 44.9321478379441], [-0.993324897514629, 44.932451234061375], [-0.993199137670776, 44.93274729980426], [-0.993033128177982, 44.93303318375724], [-0.992828467299419, 44.933306132522404], [-0.992587125638583, 44.93356351724312], [-0.992311427176404, 44.93380285892937], [-0.992004026900464, 44.934021852340805], [-0.991667885241377, 44.93421838819707], [-0.991306239562301, 44.9343905735011], [-0.990922572976175, 44.93453674977924], [-0.990520580791155, 44.93465550906236], [-0.990104134907829, 44.93474570745345], [-0.989677246511623, 44.934806476150925], [-0.989244027420453, 44.93483722982109], [-0.988808650460718, 44.93483767223901], [-0.988375309254183, 44.934807799143215], [-0.987948177804068, 44.93474789827685], [-0.987531370270573, 44.93465854661452], [-0.987128901324251, 44.93454060480217], [-0.986744647460006, 44.93439520886309], [-0.986382309645157, 44.93422375925051], [-0.986045377662005, 44.93402790735242], [-0.985737096488913, 44.933809539578704], [-0.985460435044039, 44.933570759184505], [-0.985218057592967, 44.93331386600487], [-0.985012298095569, 44.93304133429657], [-0.984845137738993, 44.93275578890059], [-0.9847181858727, 44.93245997995538], [-0.984632664528626, 44.932156756404495], [-0.984589396674798, 44.93184903855441]]]}}, {"type": "Feature", "properties": {"nb_detections_cluster": 1, "frp_max": 1.92, "frp_moyen": 1.92, "derniere_detection": "2026-07-26T01:49:00", "fetch_timestamp": "2026-07-27T01:32:00"}, "geometry": {"type": "Polygon", "coordinates": [[[-0.954881015569712, 44.78330784668019], [-0.954880582151504, 44.78299861269634], [-0.9549227098003, 44.78269083752786], [-0.95500699211718, 44.78238748516885], [-0.95513261677029, 44.782091476971566], [-0.955298373342926, 44.78180566351614], [-0.955502665012881, 44.781532797163095], [-0.955743523949768, 44.78127550555369], [-0.956018630281285, 44.781036266312306], [-0.956325334445187, 44.780817383194574], [-0.956660682711312, 44.7806209639106], [-0.957021445627667, 44.78044889983621], [-0.957404149116626, 44.780302847807654], [-0.957805107921952, 44.78018421417435], [-0.958220461084929, 44.78009414126299], [-0.958646209108546, 44.78003349638347], [-0.959078252452501, 44.780002863481386], [-0.959512430989207, 44.7800025375183], [-0.959944564041734, 44.78003252163286], [-0.960370490619125, 44.78009252711067], [-0.96078610946264, 44.780181976162886], [-0.961187418518253, 44.780300007486886], [-0.96157055345624, 44.780445484555756], [-0.961931824867721, 44.78061700655662], [-0.96226775378071, 44.78081292187337], [-0.962575105154164, 44.781031343983365], [-0.962850919027887, 44.78127016961631], [-0.963092539028509, 44.78152709900004], [-0.963297637956998, 44.78179965799902], [-0.963464240211077, 44.78208522193258], [-0.963590740826253, 44.78238104084393], [-0.963675920951464, 44.78268426597687], [-0.963718959609608, 44.78299197720527], [-0.963719441628816, 44.78330121115194], [-0.963677361667153, 44.78360898972542], [-0.963593124290955, 44.78391234880087], [-0.963467540105027, 44.78420836676782], [-0.963301817970941, 44.78449419267074], [-0.963097553387453, 44.784767073670736], [-0.962856713144031, 44.78502438156371], [-0.962581616394595, 44.78526363809949], [-0.962274912333161, 44.785482538857806], [-0.961939554685949, 44.7856789754507], [-0.961578773265463, 44.7858510558371], [-0.961196042860432, 44.785997122553944], [-0.960795049761466, 44.786115768687374], [-0.960379656245161, 44.786205851430225], [-0.959953863359288, 44.78626650309488], [-0.959521772368178, 44.78629713947494], [-0.959087545230472, 44.78629746547523], [-0.95865536449081, 44.78626747795563], [-0.958229392972738, 44.786207465761436], [-0.957813733662041, 44.78611800693954], [-0.957412390167875, 44.78599996316804], [-0.957029228143424, 44.78585447145221], [-0.956667938038479, 44.78568293316778], [-0.956331999543408, 44.78548700055665], [-0.956024648067488, 44.78526856080604], [-0.955748843574852, 44.78502971786419], [-0.955507242078359, 44.78477277216843], [-0.955302170065942, 44.78450019848116], [-0.955135602105505, 44.78421462204752], [-0.955009141843655, 44.783918793304636], [-0.954924006580701, 44.78361556138658], [-0.954881015569712, 44.78330784668019]]]}}, {"type": "Feature", "properties": {"nb_detections_cluster": 11, "frp_max": 44.37, "frp_moyen": 6.43, "derniere_detection": "2026-07-26T13:16:00", "fetch_timestamp": "2026-07-27T01:32:00"}, "geometry": {"type": "Polygon", "coordinates": [[[-0.96854, 44.90014], [-0.96539, 44.90539], [-0.96042, 44.90389], [-0.9536, 44.90176], [-0.95984, 44.90236], [-0.96874, 44.89772], [-0.96854, 44.90014]]]}}, {"type": "Feature", "properties": {"nb_detections_cluster": 5, "frp_max": 29.74, "frp_moyen": 12.64, "derniere_detection": "2026-07-26T13:16:00", "fetch_timestamp": "2026-07-27T01:32:00"}, "geometry": {"type": "Polygon", "coordinates": [[[-0.97278, 44.91573], [-0.96692, 44.91641], [-0.9661, 44.91281], [-0.97278, 44.91573]]]}}, {"type": "Feature", "properties": {"nb_detections_cluster": 11, "frp_max": 53.29, "frp_moyen": 13.57, "derniere_detection": "2026-07-26T13:16:00", "fetch_timestamp": "2026-07-27T01:32:00"}, "geometry": {"type": "Polygon", "coordinates": [[[-0.97966806841614, 44.93619703771089], [-0.979795389207743, 44.93641455605678], [-0.979922324061001, 44.93671037097274], [-0.980007826882032, 44.93701359855922], [-0.980051073582548, 44.93732131866664], [-0.980051646983395, 44.93763056783238], [-0.980009540858728, 44.937938367818546], [-0.979925160023005, 44.93824175429413], [-0.979799316458947, 44.93853780538491], [-0.979633221522708, 44.93882366981637], [-0.979428474300391, 44.93909659437862], [-0.979187046227149, 44.939353950448016], [-0.978911262116273, 44.939593259310435], [-0.978603777780397, 44.93981221604164], [-0.978267554459913, 44.940008711714505], [-0.977905830304687, 44.94018085371899], [-0.977522089183703, 44.94032698399844], [-0.977120027123207, 44.94044569502678], [-0.976703516696998, 44.94053584337178], [-0.976276569712338, 44.94059656071388], [-0.975843298551612, 44.94062726221407], [-0.975407876542862, 44.94062765214991], [-0.974974497741845, 44.94059772676545], [-0.974547336513938, 44.940537774307465], [-0.974130507306158, 44.940448372247545], [-0.973728024997783, 44.94033038171705], [-0.973343766212336, 44.940184939208464], [-0.97298143196441, 44.94001344562362], [-0.972644512001792, 44.939817552773995], [-0.972336251186875, 44.93959914746387], [-0.972059618241519, 44.93936033330988], [-0.971817277156578, 44.93910341047223], [-0.971611561541423, 44.938830853493236], [-0.971444452160313, 44.938545287457245], [-0.971317557871515, 44.93824946270137], [-0.97123210015221, 44.93794622832141], [-0.971188901357456, 44.93763850472802], [-0.971188376825409, 44.9373292555178], [-0.971230530903918, 44.9370214589303], [-0.971314956935686, 44.93671807916598], [-0.971440841201131, 44.93642203784116], [-0.97160697077997, 44.93613618585498], [-0.971811745254801, 44.93586327593912], [-0.972053192143176, 44.93560593615435], [-0.972328985908745, 44.93536664458902], [-0.972636470367853, 44.93514770550261], [-0.972972684275372, 44.934951227144175], [-0.973334389843167, 44.934779101458396], [-0.973692092245676, 44.934642890999314], [-0.973564799145952, 44.934425365779106], [-0.973437902994829, 44.934129543806776], [-0.973352440089394, 44.93382631142932], [-0.973309232834758, 44.933518589038066], [-0.973308696650662, 44.933209340218085], [-0.973350835997271, 44.93290154320518], [-0.973435244359261, 44.932598162203924], [-0.973561108187299, 44.93230211884252], [-0.973727214757989, 44.93201626403979], [-0.973931963875561, 44.93174335055453], [-0.974173383301794, 44.93148600648188], [-0.974449147764821, 44.93124670995151], [-0.974756601363168, 44.93102776527071], [-0.975092783148874, 44.930831280742424], [-0.975454455643103, 44.93065914837073], [-0.975838136009617, 44.93051302564954], [-0.97624012958612, 44.9303943196089], [-0.976656565450904, 44.93030417327282], [-0.977083433682875, 44.930243454658054], [-0.977516623956852, 44.930212748420274], [-0.977951965103301, 44.93021235022711], [-0.978385265252474, 44.93024226391274], [-0.978812352177381, 44.930302201440924], [-0.979229113448097, 44.93039158567712], [-0.979631536011705, 44.93050955594288], [-0.980015744817678, 44.93065497629921], [-0.980378040117569, 44.93082644647947], [-0.980714933080532, 44.93102231536657], [-0.981023179382259, 44.93124069688506], [-0.981299810444241, 44.93147948815562], [-0.981542162022739, 44.931736389737075], [-0.9817478998721, 44.93200892776177], [-0.981915042235085, 44.93229447775113], [-0.982041978943246, 44.93259028988281], [-0.982127486942772, 44.932893515465956], [-0.982170742095612, 44.93320123437032], [-0.982171327141324, 44.93351048314487], [-0.982129235742017, 44.93381828355551], [-0.982044872570431, 44.93412167126713], [-0.981919049439253, 44.93441772439358], [-0.981752977507922, 44.93470359164087], [-0.981548255641041, 44.9349765197719], [-0.981306855029597, 44.93523388012872], [-0.981031100222417, 44.93547319395587], [-0.980723646749909, 44.935692156281355], [-0.980387455555192, 44.93588865812413], [-0.980025764478693, 44.93606080681477], [-0.97966806841614, 44.93619703771089]]]}}, {"type": "Feature", "properties": {"nb_detections_cluster": 1, "frp_max": 2.0, "frp_moyen": 2.0, "derniere_detection": "2026-07-26T01:49:00", "fetch_timestamp": "2026-07-27T01:32:00"}, "geometry": {"type": "Polygon", "coordinates": [[[-0.915233586835993, 44.74915626455537], [-0.915233371563288, 44.74884703413379], [-0.915275690490882, 44.74853927773031], [-0.915360135378697, 44.74823595915805], [-0.915485892330292, 44.747939999443695], [-0.91565174965595, 44.7476542487002], [-0.915856109564252, 44.74738145868402], [-0.916097003568698, 44.747124256301056], [-0.916372111460241, 44.746885118316364], [-0.916678783662464, 44.746666347510335], [-0.91701406675372, 44.7464700505115], [-0.917374731910209, 44.74629811751806], [-0.917757305996113, 44.74615220410399], [-0.918158105001527, 44.74603371528389], [-0.918573269506598, 44.74594379199012], [-0.918998801830876, 44.74588330009178], [-0.919430604510851, 44.74585282206149], [-0.919864519735964, 44.74585265136951], [-0.920296369364273, 44.74588278965943], [-0.920721995133383, 44.74594294673229], [-0.921137298680449, 44.74603254333956], [-0.921538280986827, 44.74615071675778], [-0.921921080868467, 44.74629632909173], [-0.922282012142213, 44.74646797822605], [-0.922617599110813, 44.74666401132027], [-0.922924610025481, 44.74688254071761], [-0.923200088204123, 44.747121462114485], [-0.923441380505769, 44.7473784748164], [-0.923646162886982, 44.7476511038853], [-0.923812462793894, 44.7479367239656], [-0.923938678173884, 44.748232584559574], [-0.924023592923173, 44.74853583650933], [-0.924066388620888, 44.748843559430334], [-0.924066652435696, 44.74915278983242], [-0.92402438112794, 44.749460549658146], [-0.92393998110769, 44.74976387496284], [-0.923814264547154, 44.750059844461106], [-0.923648441583842, 44.75034560766399], [-0.923444108688649, 44.75061841233624], [-0.923203233309975, 44.75087563100868], [-0.922928134941091, 44.75111478629036], [-0.92262146279246, 44.75133357473607], [-0.922286170283672, 44.75152988903948], [-0.921925486600437, 44.75170183833735], [-0.921542885590546, 44.7518477664291], [-0.921142052298576, 44.75196626773612], [-0.920726847461996, 44.7520562008462], [-0.920301270311169, 44.75211669951295], [-0.919869420032269, 44.75214718100367], [-0.919435456265051, 44.75214735171513], [-0.919003559016905, 44.75211721000297], [-0.91857788838023, 44.75205704619767], [-0.918162544442104, 44.751967439806506], [-0.917761527773379, 44.75184925392891], [-0.91737870087863, 44.7517036269389], [-0.917017750979112, 44.75153196151507], [-0.916682154487855, 44.751335911123874], [-0.916375143519594, 44.75111736408683], [-0.916099674758486, 44.7508784253854], [-0.915858400983585, 44.750621396379074], [-0.91565364552636, 44.75034875263246], [-0.915487379906003, 44.75006312006524], [-0.915361204857524, 44.74976724965499], [-0.915276334934781, 44.749463990936796], [-0.915233586835993, 44.74915626455537]]]}}, {"type": "Feature", "properties": {"nb_detections_cluster": 83, "frp_max": 10.52, "frp_moyen": 3.81, "derniere_detection": "2026-07-26T03:10:00", "fetch_timestamp": "2026-07-27T01:32:00"}, "geometry": {"type": "Polygon", "coordinates": [[[-0.9489, 44.84451], [-0.94768, 44.84756], [-0.94265, 44.84606], [-0.94387, 44.84298], [-0.9408, 44.83625], [-0.94579, 44.84079], [-0.9489, 44.84451]]]}}, {"type": "Feature", "properties": {"nb_detections_cluster": 14, "frp_max": 118.93, "frp_moyen": 51.77, "derniere_detection": "2026-07-26T13:16:00", "fetch_timestamp": "2026-07-27T01:32:00"}, "geometry": {"type": "Polygon", "coordinates": [[[-0.92263924545558, 44.86404330426831], [-0.922891454012046, 44.86422245822616], [-0.923167507678916, 44.86446138914232], [-0.923409304029472, 44.86471841206464], [-0.92361451416489, 44.86499105195666], [-0.923781161410176, 44.86527668335857], [-0.923907640365584, 44.8655725556637], [-0.923992732386531, 44.86587581960137], [-0.924035617342221, 44.86618355467159], [-0.924035881538849, 44.866492797267256], [-0.923993521730157, 44.866800569213446], [-0.923908945175659, 44.86710390644878], [-0.923782965744981, 44.8673998875729], [-0.923616796104786, 44.867685661984936], [-0.92341203606258, 44.8679584773416], [-0.923170657178801, 44.86821570607081], [-0.922894983794622, 44.86845487068469], [-0.92258767065765, 44.86867366764814], [-0.922251677360538, 44.86886998957275], [-0.921890239838535, 44.8690419455218], [-0.921506839200433, 44.86918787923068], [-0.921105168193285, 44.86930638506658], [-0.920689095624281, 44.86939632157366], [-0.920262629082957, 44.86945682247283], [-0.919829876323499, 44.869487305009834], [-0.919395005679914, 44.86948747557136], [-0.918962205896231, 44.8694573325145], [-0.918535645759631, 44.86939716618271], [-0.918119433926266, 44.869307556107586], [-0.917717579327723, 44.86918936542405], [-0.917333952540371, 44.86904373255249], [-0.916972248490496, 44.86887206022815], [-0.916635950855128, 44.868676001983985], [-0.916328298501977, 44.868457446217185], [-0.916052254292087, 44.86821849799334], [-0.915810476545832, 44.86796145876367], [-0.915605293447082, 44.867688804191296], [-0.915438680631829, 44.867403160300206], [-0.915312242176691, 44.867107278177045], [-0.915227195169848, 44.86680400746973], [-0.915184358012231, 44.86649626893846], [-0.915184142560789, 44.866187026323324], [-0.915226550188532, 44.86587925780003], [-0.915311171798286, 44.865575927298366], [-0.915437191788977, 44.86527995595991], [-0.915603395935245, 44.864994194009554], [-0.915808183103531, 44.86472139331161], [-0.91604958069096, 44.864464180874855], [-0.916325263637587, 44.864225033561056], [-0.916632576828325, 44.86400625424051], [-0.916968560668458, 44.863809949623615], [-0.917329979586161, 44.86363800998192], [-0.917713353187595, 44.86349209095338], [-0.918114989764709, 44.86337359760665], [-0.918531021833442, 44.863283670917625], [-0.918650881094855, 44.86326666730711], [-0.918398690359563, 44.86308750377163], [-0.918122663736322, 44.86284856110418], [-0.917880899632944, 44.862591526823145], [-0.917675726101995, 44.862318876543966], [-0.917509118687428, 44.862033236249275], [-0.91738268141397, 44.86173735699111], [-0.917297631358556, 44.861434088389835], [-0.917254786951612, 44.861126351185334], [-0.917254560120041, 44.86081710910494], [-0.917296952346583, 44.86050934031922], [-0.917381554682514, 44.86020600876052], [-0.917507551712484, 44.85991003558064], [-0.91767372943235, 44.85962427102213], [-0.917878486963124, 44.85935146697451], [-0.918119851987399, 44.859094250478805], [-0.918395499758847, 44.85885509843588], [-0.918702775501131, 44.85863631376155], [-0.919038719980145, 44.8584400032178], [-0.919400098003069, 44.85826805713327], [-0.919783429569821, 44.858122131207956], [-0.920185023377063, 44.858003630576896], [-0.920601012352509, 44.85791369628615], [-0.921027390877906, 44.8578531943107], [-0.921460053342926, 44.85782270722019], [-0.921894833659539, 44.8578225285721], [-0.922327545357289, 44.85785266008664], [-0.922754021874323, 44.857912811630094], [-0.923170156657222, 44.85800240400718], [-0.923571942684426, 44.858120574535185], [-0.923955511033615, 44.858266185346785], [-0.924317168122454, 44.85843783434126], [-0.924653431264799, 44.85863386867956], [-0.924961062200522, 44.85885240069293], [-0.925237098276428, 44.85909132605265], [-0.925478880978188, 44.85934834402613], [-0.92568408153851, 44.85962097962456], [-0.925850723374717, 44.85990660742954], [-0.925977201139277, 44.860202476868956], [-0.926062296199207, 44.86050573869981], [-0.926105188394581, 44.86081347244238], [-0.926105463962015, 44.86112271450239], [-0.926063119545874, 44.86143048671004], [-0.925978562257558, 44.86173382500149], [-0.925852605781263, 44.86202980796623], [-0.925686462562674, 44.86231558498563], [-0.925481732154917, 44.862588403691326], [-0.925240385833075, 44.86284563647901], [-0.924964747624752, 44.86308480582171], [-0.924657471938781, 44.8633036081388], [-0.924321518007102, 44.863499935990276], [-0.923960121385797, 44.863671898382385], [-0.923576762789671, 44.86381783898843], [-0.92317513456079, 44.863936352109214], [-0.922759105094241, 44.86402629621871], [-0.92263924545558, 44.86404330426831]]]}}, {"type": "Feature", "properties": {"nb_detections_cluster": 9, "frp_max": 2.7, "frp_moyen": 1.78, "derniere_detection": "2026-07-26T01:49:00", "fetch_timestamp": "2026-07-27T01:32:00"}, "geometry": {"type": "Polygon", "coordinates": [[[-0.947953134589129, 44.88317757588769], [-0.947952738562916, 44.88286833173121], [-0.94799497913991, 44.882560549094656], [-0.948079448831203, 44.88225719204395], [-0.948205333498169, 44.88196118197658], [-0.948371420218021, 44.88167536949051], [-0.948576108987376, 44.88140250693698], [-0.948817428150275, 44.88114522192051], [-0.949093053401347, 44.88090599200197], [-0.949400330180492, 44.880687120847185], [-0.949736299243074, 44.880490716050964], [-0.950097725159091, 44.880318668849625], [-0.95048112746693, 44.88017263591688], [-0.950882814181827, 44.88005402341818], [-0.951298917336749, 44.87996397347681], [-0.951725430213985, 44.879903353181355], [-0.952158245909627, 44.87987274624075], [-0.952593196860383, 44.879872447366516], [-0.953026094953044, 44.87990245943648], [-0.953452771831324, 44.87996249346709], [-0.953869119012928, 44.88005197139458], [-0.954271127431547, 44.88017003163828], [-0.954654926023882, 44.88031553739281], [-0.955016818990993, 44.88048708756915], [-0.955353321375813, 44.88068303027986], [-0.955661192614823, 44.88090147873854], [-0.955937467741123, 44.88114032942117], [-0.956179485938627, 44.88139728231437], [-0.956384916172384, 44.881669863056224], [-0.956551779647986, 44.88195544675667], [-0.956678468883388, 44.88225128326859], [-0.956763763208877, 44.88255452366616], [-0.956806840545189, 44.88286224767634], [-0.956807285345497, 44.88317149179873], [-0.956765092623814, 44.88347927784388], [-0.95668066802999, 44.88378264161488], [-0.956554823969583, 44.88407866145602], [-0.956388771804893, 44.88436448639367], [-0.956184110211368, 44.88463736359817], [-0.955942809800613, 44.88489466490188], [-0.955667194157367, 44.885133912118086], [-0.955359917472503, 44.88535280091621], [-0.955023938987039, 44.8855492230234], [-0.954662494493089, 44.8857212865381], [-0.954279065166208, 44.88586733415971], [-0.953877344029485, 44.885985959158226], [-0.953461200372763, 44.88607601893006], [-0.953034642470218, 44.886136646008836], [-0.952601778956055, 44.88616725642495], [-0.952166779231202, 44.88616755533329], [-0.951733833283229, 44.886137539854715], [-0.951307111307481, 44.8860774991038], [-0.950890723519316, 44.885988011402574], [-0.950488680545536, 44.88586993870727], [-0.950104854777371, 44.88572441830179], [-0.949742943058117, 44.88555285183818], [-0.949406431065472, 44.885356891829815], [-0.949098559732179, 44.8851384257278], [-0.948822294028763, 44.8848995577342], [-0.948580294409192, 44.88464258852763], [-0.948374891194478, 44.884369993096946], [-0.948208062140703, 44.88408439689665], [-0.948081413407098, 44.88378855055427], [-0.947996164106919, 44.88348530337336], [-0.947953134589129, 44.88317757588769]]]}}, {"type": "Feature", "properties": {"nb_detections_cluster": 1, "frp_max": 2.23, "frp_moyen": 2.23, "derniere_detection": "2026-07-26T01:32:00", "fetch_timestamp": "2026-07-27T01:32:00"}, "geometry": {"type": "Polygon", "coordinates": [[[-0.914672759287939, 44.88675624957837], [-0.914672546577119, 44.88644700498397], [-0.914714972315383, 44.88613923468663], [-0.914799627230647, 44.885835902633275], [-0.914925695400621, 44.8855399299804], [-0.915091962135535, 44.88525416696552], [-0.915296825698719, 44.88498136546323], [-0.915538312751294, 44.884724152490044], [-0.915814097371533, 44.884485004912875], [-0.916121523465089, 44.88426622560451], [-0.916457630349932, 44.88406992127528], [-0.91681918126936, 44.88389798219393], [-0.917202694558489, 44.883752063993015], [-0.917604477164285, 44.88363357173322], [-0.918020660196718, 44.88354364637994], [-0.918447236169217, 44.883483153822134], [-0.918880097570539, 44.883452676538724], [-0.919315076397427, 44.88345250799281], [-0.919747984268304, 44.88348264980726], [-0.920174652732681, 44.883542811749244], [-0.920590973389155, 44.883632414523305], [-0.920992937426612, 44.88375059534666], [-0.921376674208817, 44.883896216252836], [-0.921738488531651, 44.88406787504391], [-0.922074896194923, 44.884263918786516], [-0.922382657546773, 44.88448245972133], [-0.922658808677979, 44.88472139343373], [-0.922900689966001, 44.88497841911068], [-0.923105971693818, 44.88525106168923], [-0.923272676496673, 44.88553669568367], [-0.923399198420146, 44.88583257046238], [-0.923484318405421, 44.88613583673085], [-0.923527216051919, 44.886443573966645], [-0.923527477543117, 44.88675281854182], [-0.923485099658306, 44.88706059226235], [-0.923400489830586, 44.8873639310498], [-0.923274462249559, 44.88765991348887], [-0.923108230045183, 44.887945688965935], [-0.922903393627142, 44.888218505127526], [-0.922661925291137, 44.88847573439381], [-0.922386150239633, 44.88871489927164], [-0.922078724199255, 44.88893369622346], [-0.921742607849985, 44.88913001786089], [-0.921381038312242, 44.88930197325002], [-0.920997497966401, 44.889447906131615], [-0.920595680905268, 44.88956641088082], [-0.920179457342974, 44.88965634605227], [-0.919752836323631, 44.88971684537971], [-0.919319927089603, 44.889747326124024], [-0.918884899482335, 44.889747494689196], [-0.918451943758005, 44.88971734945153], [-0.918025230206085, 44.889657180775465], [-0.917608868960663, 44.88956756821521], [-0.917206870392667, 44.88944937492964], [-0.916823106465321, 44.88930373936417], [-0.916461273425917, 44.88913206428004], [-0.91612485619391, 44.88893600323674], [-0.915817094788885, 44.88871744465848], [-0.915540953122103, 44.888478493637884], [-0.915299090452397, 44.888221451653145], [-0.915093835781293, 44.88794879439392], [-0.914927165433774, 44.88766314791006], [-0.914800684040161, 44.8873672633132], [-0.914715609101731, 44.887063990275095], [-0.914672759287939, 44.88675624957837]]]}}, {"type": "Feature", "properties": {"nb_detections_cluster": 1, "frp_max": 1.36, "frp_moyen": 1.36, "derniere_detection": "2026-07-26T01:49:00", "fetch_timestamp": "2026-07-27T01:32:00"}, "geometry": {"type": "Polygon", "coordinates": [[[-0.933752354228252, 44.89256701035134], [-0.933752036375578, 44.89225776524202], [-0.93379436188716, 44.89194998710807], [-0.933878922455941, 44.89164663997196], [-0.934004903067978, 44.89135064513556], [-0.934171089876422, 44.89106485305016], [-0.934375881913993, 44.89079201587038], [-0.934617306530286, 44.890534760956385], [-0.934893038404493, 44.89029556557908], [-0.935200421949883, 44.8900767330716], [-0.935536496893849, 44.88988037065658], [-0.935898026786992, 44.88970836916218], [-0.936281530166661, 44.88956238482195], [-0.936683314075058, 44.88944382333349], [-0.937099509609467, 44.889353826328794], [-0.93752610916285, 44.889293260386765], [-0.937959004996872, 44.889262708692954], [-0.938394028776745, 44.8892624654269], [-0.938826991688113, 44.88929253293102], [-0.939253724750628, 44.889352621687976], [-0.939670118941037, 44.88944215310701], [-0.940072164740361, 44.88956026509244], [-0.940455990725296, 44.88970582034061], [-0.940817900833014, 44.8898774172859], [-0.941154409941235, 44.890073403590506], [-0.941462277421488, 44.890291892048204], [-0.941738538342818, 44.89053077874983], [-0.941980532025647, 44.89078776333502], [-0.942185927670794, 44.89106037113667], [-0.942352746816615, 44.89134597700404], [-0.942479382407643, 44.89164183057648], [-0.942564614290449, 44.89194508276384], [-0.942607620986817, 44.89225281317937], [-0.942607987629938, 44.89256205826092], [-0.942565709986286, 44.892869839809755], [-0.942481194523378, 44.89317319367213], [-0.942355254521764, 44.8934691982877], [-0.942189102267658, 44.89375500282937], [-0.941984337400436, 44.89402785466385], [-0.941742931526362, 44.89428512586777], [-0.941467209245989, 44.894524338544244], [-0.941159825777365, 44.89474318869533], [-0.940823741390146, 44.894939568420355], [-0.940462192896631, 44.895111586225944], [-0.94007866247427, 44.8952575852517], [-0.939676844120098, 44.89537615923569], [-0.939260608060562, 44.89546616606574], [-0.93883396346006, 44.89552673878532], [-0.938401019788063, 44.89555729394847], [-0.937965947217741, 44.89555753724226], [-0.937532936438443, 44.89552746632328], [-0.937106158270055, 44.89546737084005], [-0.936689723469223, 44.89537782964185], [-0.93628764311556, 44.89525970520015], [-0.935903789960276, 44.8951141352973], [-0.93554186111034, 44.89494252206204], [-0.935205342408284, 44.894746518458284], [-0.934897474851265, 44.89452801235696], [-0.934621223373189, 44.894289108345355], [-0.934379248290733, 44.89403210744898], [-0.934173879688278, 44.8937594849618], [-0.934007094988232, 44.893473866598875], [-0.93388049992233, 44.8931780032011], [-0.933795313086642, 44.89287474423619], [-0.933752354228252, 44.89256701035134]]]}}, {"type": "Feature", "properties": {"nb_detections_cluster": 25, "frp_max": 17.97, "frp_moyen": 3.89, "derniere_detection": "2026-07-26T13:16:00", "fetch_timestamp": "2026-07-27T01:32:00"}, "geometry": {"type": "Polygon", "coordinates": [[[-0.93917, 44.90991], [-0.94414, 44.9114], [-0.93601, 44.91516], [-0.93601, 44.91177], [-0.92919, 44.90691], [-0.93563, 44.90317], [-0.93418, 44.90841], [-0.93917, 44.90991]]]}}, {"type": "Feature", "properties": {"nb_detections_cluster": 1, "frp_max": 5.51, "frp_moyen": 5.51, "derniere_detection": "2026-07-26T13:16:00", "fetch_timestamp": "2026-07-27T01:32:00"}, "geometry": {"type": "Polygon", "coordinates": [[[-0.894295281074825, 44.854045435691575], [-0.894295180681475, 44.85373619428106], [-0.894337693367911, 44.85342843497551], [-0.894422409025562, 44.85312512161578], [-0.894548511148049, 44.85282917517828], [-0.894714784719506, 44.852543445647946], [-0.894919627938255, 44.8522706845768], [-0.895161067662102, 44.85201351859193], [-0.895436778425769, 44.85177442410768], [-0.895744104846704, 44.851555703485545], [-0.896080087203143, 44.85135946287061], [-0.896441489937855, 44.85118759191814], [-0.896824832813078, 44.8510417456046], [-0.897226424416808, 44.85092332829843], [-0.897642397698143, 44.850833480243296], [-0.898068747190054, 44.85077306658385], [-0.898501367561814, 44.850742669039306], [-0.898936093130682, 44.850742580304946], [-0.899368737953276, 44.85077280123518], [-0.899795136111532, 44.85083304083534], [-0.900211181806352, 44.85092271906222], [-0.900612868873769, 44.85104097240648], [-0.900996329344087, 44.85118666220327], [-0.901357870673464, 44.851358385591354], [-0.901694011290139, 44.851554489015236], [-0.902001514113541, 44.85177308414089], [-0.902277417723855, 44.85201206603177], [-0.902519064882104, 44.85226913341081], [-0.902724128126044, 44.852541810813364], [-0.902890632195188, 44.85282747241835], [-0.903016973068615, 44.853123367328024], [-0.903101933431594, 44.85342664605399], [-0.903144694421415, 44.85373438795365], [-0.903144843538366, 44.854043629354045], [-0.903102378644776, 44.85435139209158], [-0.903017708012564, 44.85465471219345], [-0.902891646417806, 44.85495066842421], [-0.90272540731891, 44.85523641042258], [-0.902520591192795, 44.85550918615734], [-0.902279170140496, 44.85576636843796], [-0.902003468909759, 44.85600548022379], [-0.901696142516788, 44.856224218488514], [-0.901360150682271, 44.85642047640898], [-0.90099872932768, 44.85659236366492], [-0.900615359406325, 44.856738224653355], [-0.900213733369581, 44.85685665444186], [-0.899797719591587, 44.856946512307104], [-0.899371325095639, 44.85700693272743], [-0.898938656941944, 44.8570373337238], [-0.898503882649474, 44.85703742246829], [-0.898071190034035, 44.85700719810608], [-0.897644746850339, 44.85694695176375], [-0.897228660627791, 44.8568572637436], [-0.896826939087812, 44.85673899793132], [-0.896443451524861, 44.85659329347091], [-0.896081891523935, 44.8564215537871], [-0.89574574137433, 44.85622543306162], [-0.895438238522965, 44.856006820293395], [-0.895162344390729, 44.85576782109696], [-0.894920715852359, 44.85551073741445], [-0.894715679654551, 44.855238045337], [-0.894549210018423, 44.85495237124969], [-0.894422909641655, 44.854656466529896], [-0.89433799428271, 44.854353181043074], [-0.894295281074825, 44.854045435691575]]]}}, {"type": "Feature", "properties": {"nb_detections_cluster": 1, "frp_max": 41.04, "frp_moyen": 41.04, "derniere_detection": "2026-07-26T12:55:00", "fetch_timestamp": "2026-07-27T01:32:00"}, "geometry": {"type": "Polygon", "coordinates": [[[-0.907575130368426, 44.85642596512873], [-0.907574956852001, 44.8561167234975], [-0.907617398572131, 44.85580895887459], [-0.907702046103585, 44.8555056351522], [-0.907828083595933, 44.855209673406556], [-0.907994296655549, 44.85492392377011], [-0.908199084063309, 44.8546511379886], [-0.908440473214281, 44.85439394292708], [-0.908716139129991, 44.854154815280005], [-0.909023426859553, 44.853936057728234], [-0.909359377053587, 44.853739776772535], [-0.909720754464384, 44.853567862456615], [-0.910104079097869, 44.85342197017454], [-0.910505659717551, 44.85330350473739], [-0.91092162937819, 44.85321360685234], [-0.911347982647542, 44.8531531421438], [-0.911780614158464, 44.85312269282257], [-0.912215358120954, 44.8531225520825], [-0.912648028414546, 44.85315272127872], [-0.913074458875981, 44.853212909914745], [-0.91349054339521, 44.853302538438065], [-0.913892275434545, 44.85342074381796], [-0.914275786591395, 44.853566387851465], [-0.914637383834009, 44.85373806811796], [-0.91497358505239, 44.85393413147728], [-0.915281152582583, 44.85415268998117], [-0.915557124381849, 44.85439163904581], [-0.915798842554732, 44.854648677710244], [-0.916003978955273, 44.85492133078644], [-0.916170557618615, 44.85520697268759], [-0.916296973805572, 44.85550285270583], [-0.91638200947619, 44.855806121496194], [-0.916424845042539, 44.856113858511904], [-0.916425067286681, 44.85642310012706], [-0.916382673366634, 44.85673086817613], [-0.916298070870695, 44.85703419863522], [-0.916172073918608, 44.85733017016924], [-0.916005895346055, 44.85761593226954], [-0.915801135046847, 44.85788873271144], [-0.915559764584143, 44.85814594406647], [-0.915284108218244, 44.85838508901403], [-0.914976820533038, 44.85860386420843], [-0.914640860876201, 44.8588001624709], [-0.914279464859094, 44.858972093092646], [-0.913896113190819, 44.85911800005293], [-0.913494498146801, 44.85923647797666], [-0.913078487995188, 44.85932638567679], [-0.912652089724269, 44.859386857151705], [-0.912219410430571, 44.859417309930585], [-0.911784617740363, 44.85941745068673], [-0.911351899646689, 44.85938727806434], [-0.910925424149738, 44.85932708269162], [-0.910509299090249, 44.85923744437993], [-0.910107532563849, 44.85911922653617], [-0.909723994298449, 44.85897356784229], [-0.909362378367566, 44.85880187128225], [-0.909026167599375, 44.858605790622434], [-0.908718600024826, 44.858387214475925], [-0.908442637688363, 44.858148248104534], [-0.908200938121792, 44.8578911931343], [-0.907995828756039, 44.85761852537986], [-0.907829284517033, 44.857332870992146], [-0.907702908821051, 44.85703698115882], [-0.907617918151999, 44.856733705602075], [-0.907575130368426, 44.85642596512873]]]}}, {"type": "Feature", "properties": {"nb_detections_cluster": 1, "frp_max": 28.72, "frp_moyen": 28.72, "derniere_detection": "2026-07-26T13:16:00", "fetch_timestamp": "2026-07-27T01:32:00"}, "geometry": {"type": "Polygon", "coordinates": [[[-0.89590471667562, 44.86126550021348], [-0.895904607407051, 44.86095625808699], [-0.895947116739268, 44.86064849745088], [-0.896031834595823, 44.860345182158866], [-0.896157944448983, 44.860049233205935], [-0.896324231208264, 44.85976350060127], [-0.896529092944832, 44.85949073592651], [-0.896770556338037, 44.85923356584343], [-0.897046295694553, 44.85899446680589], [-0.897353655356401, 44.85877574121917], [-0.897689675281661, 44.858579495276246], [-0.8980511195513, 44.858407618683614], [-0.898434507527594, 44.858261766472076], [-0.898836147364267, 44.858143343066864], [-0.899252171546017, 44.85805348877041], [-0.89967857411575, 44.8579930687874], [-0.900111249231723, 44.85796266489797], [-0.900546030684153, 44.85796256985849], [-0.900978731991645, 44.857992784584084], [-0.901405186692341, 44.85805301813982], [-0.901821288442785, 44.85814269054072], [-0.90222303053933, 44.85826093833351], [-0.902606544482465, 44.85840662290681], [-0.902968137213502, 44.85857834144971], [-0.903304326665748, 44.85877444045337], [-0.903611875288384, 44.858993031626284], [-0.903887821220549, 44.85923201007001], [-0.904129506815679, 44.859489074540704], [-0.90433460424132, 44.85976174960173], [-0.904501137907718, 44.8600474094545], [-0.904627503508807, 44.86034330321826], [-0.904712483491583, 44.86064658141557], [-0.90475525880423, 44.86095432340899], [-0.904755416808928, 44.86126356552464], [-0.904712955282233, 44.861571329592046], [-0.904628282463454, 44.86187465162563], [-0.904502213149548, 44.86217061037133], [-0.904335960873098, 44.86245635544365], [-0.904131126237781, 44.862729134781816], [-0.903889681522762, 44.862986321160506], [-0.903613951703575, 44.863225437499715], [-0.903306592071687, 44.863444180729196], [-0.90297056266786, 44.863640443978], [-0.902609099775391, 44.863812336874574], [-0.902225684747664, 44.86395820376155], [-0.901824010470527, 44.864076639649745], [-0.901407945782811, 44.86416650375703], [-0.90098149819823, 44.864226930501644], [-0.900548775288424, 44.86425733784365], [-0.900113945099865, 44.86425743289398], [-0.899681195986852, 44.864227214737085], [-0.899254696248378, 44.86416697443977], [-0.898838553958681, 44.864077292246094], [-0.898436777379306, 44.86395903198566], [-0.898053236334919, 44.86381333274893], [-0.897691624925696, 44.86364159791041], [-0.897355425936121, 44.86344548160512], [-0.897047877283528, 44.86322687278943], [-0.896771940829927, 44.86298787703982], [-0.896530273857628, 44.86273079626519], [-0.896325203483422, 44.86245810652873], [-0.896158704257487, 44.86217243419296], [-0.896032379162365, 44.86187653061838], [-0.895947444194433, 44.86157324565947], [-0.89590471667562, 44.86126550021348]]]}}, {"type": "Feature", "properties": {"nb_detections_cluster": 1, "frp_max": 16.09, "frp_moyen": 16.09, "derniere_detection": "2026-07-26T12:55:00", "fetch_timestamp": "2026-07-27T01:32:00"}, "geometry": {"type": "Polygon", "coordinates": [[[-0.907104017925492, 44.87052594707588], [-0.907103846960091, 44.870216704050236], [-0.907146301919892, 44.86990893821999], [-0.907230973251818, 44.869605613489], [-0.907357044875902, 44.8693096509432], [-0.907523302069524, 44.86902390072274], [-0.90772814318828, 44.86875111457896], [-0.907969595109786, 44.86849391938043], [-0.908245332250923, 44.86825479182288], [-0.908552698974805, 44.86803603458632], [-0.908888735171304, 44.867839754168465], [-0.909250204764532, 44.867667840607844], [-0.909633626872794, 44.86752194929125], [-0.910035309321065, 44.86740348502049], [-0.910451384183693, 44.867313588491434], [-0.91087784501558, 44.8672531253155], [-0.911310585414026, 44.86722267768871], [-0.911745438540729, 44.867222538788575], [-0.912178217224262, 44.867252709952524], [-0.912604754257862, 44.86731290066511], [-0.913020942505448, 44.867402531353875], [-0.913422774430663, 44.867520738967194], [-0.913806380669204, 44.86766638528063], [-0.914168067273819, 44.867838067851615], [-0.914504351274034, 44.86803413351779], [-0.91481199420872, 44.86825269430867], [-0.915088033308945, 44.868491645618434], [-0.91532981003103, 44.86874868646452], [-0.915534995665015, 44.86902134163789], [-0.915701613771692, 44.86930698553151], [-0.915828059231762, 44.869602867418365], [-0.91591311372306, 44.86990613793547], [-0.915955957476067, 44.870213876519415], [-0.915956177193662, 44.870523119529224], [-0.915913770057839, 44.870830888785896], [-0.915829143783828, 44.87113422025392], [-0.915703112720044, 44.871430192588484], [-0.9155368900304, 44.87171595527323], [-0.915332076033327, 44.87198875607784], [-0.915090642808943, 44.87224596757032], [-0.914814915221843, 44.87248511242879], [-0.914507548541759, 44.87270388730836], [-0.914171502877136, 44.872900185033316], [-0.913810014667713, 44.87307211490001], [-0.9134265655106, 44.87321802089503], [-0.913024848620292, 44.8733364976525], [-0.912608733246029, 44.87342640399665], [-0.912182227389749, 44.87348687393893], [-0.911749439184413, 44.87351732502323], [-0.911314537305517, 44.873517463939244], [-0.910881710798004, 44.87348728934885], [-0.910455128706489, 44.873427091899224], [-0.910038899898602, 44.873337451421705], [-0.909637033469409, 44.873219231344095], [-0.909253400109185, 44.87307357036984], [-0.90889169480745, 44.87290187150489], [-0.908555401253197, 44.87270578853783], [-0.908247758274713, 44.872487210103905], [-0.907971728642614, 44.87224824148706], [-0.907729970536722, 44.87199118433489], [-0.907524811951588, 44.87171851448309], [-0.907358228286949, 44.871432858102764], [-0.907231823338512, 44.8711369664008], [-0.90714681387161, 44.87083368911736], [-0.907104017925492, 44.87052594707588]]]}}, {"type": "Feature", "properties": {"nb_detections_cluster": 10, "frp_max": 26.86, "frp_moyen": 6.51, "derniere_detection": "2026-07-27T01:32:00", "fetch_timestamp": "2026-07-27T01:32:00"}, "geometry": {"type": "Polygon", "coordinates": [[[-0.89858, 44.87904], [-0.89913, 44.88041], [-0.896, 44.88251], [-0.89721, 44.88014], [-0.89769, 44.87621], [-0.89858, 44.87904]]]}}, {"type": "Feature", "properties": {"nb_detections_cluster": 4, "frp_max": 5.46, "frp_moyen": 3.27, "derniere_detection": "2026-07-26T12:55:00", "fetch_timestamp": "2026-07-27T01:32:00"}, "geometry": {"type": "Polygon", "coordinates": [[[-0.885773713684464, 44.88933741652395], [-0.885777551111166, 44.88936507849236], [-0.885777604642153, 44.88967432340324], [-0.885735017569648, 44.889982082966675], [-0.885650199341407, 44.890285393240354], [-0.885523966154229, 44.89058133308332], [-0.885357533118486, 44.89086705229202], [-0.885152502578399, 44.891139799054656], [-0.884910848699689, 44.89139694645961], [-0.884634898472289, 44.89163601780206], [-0.88432730931051, 44.89185471044513], [-0.883991043465953, 44.89205091800505], [-0.883629339499433, 44.89222275064654], [-0.883245681086594, 44.892368553292606], [-0.882843763457893, 44.89248692157276], [-0.882427457796509, 44.892576715356086], [-0.882000773937646, 44.89263706973818], [-0.881567821729173, 44.89266740337605], [-0.881132771426604, 44.8926674240906], [-0.880699813504761, 44.8926371316823], [-0.880273118274218, 44.892576817933154], [-0.87985679569243, 44.892487063794704], [-0.879454855757661, 44.89236873378955], [-0.87907116986804, 44.89222296767993], [-0.878709433518798, 44.89205116948443], [-0.87837313069762, 44.891854993948286], [-0.878065500321603, 44.89163633059834], [-0.877789505039458, 44.891397285536264], [-0.87754780269958, 44.89114016114589], [-0.877342720758783, 44.890867433910365], [-0.877176233877963, 44.890581730553315], [-0.877049944920031, 44.890285802733935], [-0.876965069532566, 44.88998250054005], [-0.876922424462915, 44.88967474503482], [-0.876922419717412, 44.88936550012156], [-0.876965054639276, 44.88905774399788], [-0.877049917941928, 44.88875444047393], [-0.877176191696383, 44.88845851043122], [-0.877342659233295, 44.88817280369671], [-0.877547716882579, 44.88790007160284], [-0.877789389436723, 44.88764294049749], [-0.878065349188108, 44.887403886459104], [-0.878372938356423, 44.88718521145957], [-0.878709194689813, 44.886989021204656], [-0.879070879992975, 44.88681720486455], [-0.879454511307485, 44.886671416889875], [-0.879856394444261, 44.88655306108726], [-0.880272659545629, 44.886463277108135], [-0.880699298335083, 44.88640292948012], [-0.881132202696746, 44.88637259928665], [-0.881416534563749, 44.886372585941295], [-0.881412699490632, 44.88634492384815], [-0.881412670008788, 44.88603567925727], [-0.881455277784316, 44.88572792173084], [-0.881540111792136, 44.88542461509256], [-0.881666354385436, 44.88512868025398], [-0.881832789194992, 44.88484296708825], [-0.882037812865906, 44.88457022698973], [-0.882279450517874, 44.884313086383486], [-0.882555374779364, 44.88407402143941], [-0.882862928211789, 44.88385533423446], [-0.883199148907371, 44.88365913059192], [-0.883560799013924, 44.88348729981096], [-0.883944395911879, 44.88334149648118], [-0.884346245743494, 44.88322312455715], [-0.884762478971724, 44.88313332384548], [-0.885189087626908, 44.883072959034955], [-0.88562196388327, 44.88304261137445], [-0.886056939594594, 44.88304257307886], [-0.886489826409297, 44.883072844516995], [-0.886916456079549, 44.883133134207775], [-0.887332720577321, 44.88322286162573], [-0.887734611631999, 44.883341162787836], [-0.88811825930979, 44.88348689856881], [-0.888479969264197, 44.883658665664605], [-0.888816258299607, 44.88385481009886], [-0.889123887906029, 44.884073443142604], [-0.88939989544243, 44.88431245949414], [-0.889641622668585, 44.88456955754454], [-0.889846741350634, 44.88484226153375], [-0.890013275693551, 44.88512794538454], [-0.890139621384127, 44.885423857985], [-0.890224561060448, 44.8857271496762], [-0.890267276058185, 44.88603489969066], [-0.890267354319723, 44.88634414427716], [-0.890224794388959, 44.88665190524138], [-0.890140005452324, 44.886955218627484], [-0.890013803424571, 44.88725116326461], [-0.889847403116012, 44.88753688890306], [-0.88964240655569, 44.88780964366912], [-0.889400787582064, 44.88806680057412], [-0.889124872848871, 44.88830588282177], [-0.888817319428528, 44.88852458767018], [-0.88848108922835, 44.88872080861802], [-0.888119420465778, 44.88889265570108], [-0.887735796477323, 44.88903847370325], [-0.887333912161798, 44.8891568581062], [-0.886917638381446, 44.88924666862367], [-0.886490984664324, 44.88930704019008], [-0.886058060567913, 44.88933739129695], [-0.885773713684464, 44.88933741652395]]]}}, {"type": "Feature", "properties": {"nb_detections_cluster": 3, "frp_max": 1.1, "frp_moyen": 0.85, "derniere_detection": "2026-07-26T03:10:00", "fetch_timestamp": "2026-07-27T01:32:00"}, "geometry": {"type": "Polygon", "coordinates": [[[-0.80474, 44.71709], [-0.79455, 44.71399], [-0.79965, 44.71554], [-0.80474, 44.71709]]]}}, {"type": "Feature", "properties": {"nb_detections_cluster": 3, "frp_max": 8.77, "frp_moyen": 8.77, "derniere_detection": "2026-07-26T13:16:00", "fetch_timestamp": "2026-07-27T01:32:00"}, "geometry": {"type": "Polygon", "coordinates": [[[-0.79152, 44.7394], [-0.78481, 44.73645], [-0.79072, 44.73577], [-0.79152, 44.7394]]]}}, {"type": "Feature", "properties": {"nb_detections_cluster": 1, "frp_max": 9.68, "frp_moyen": 9.68, "derniere_detection": "2026-07-26T13:16:00", "fetch_timestamp": "2026-07-27T01:32:00"}, "geometry": {"type": "Polygon", "coordinates": [[[-0.79652351036885, 44.74599153281982], [-0.796523947442918, 44.745682302863315], [-0.796566913160621, 44.745374592489256], [-0.796651993053427, 44.74507136506677], [-0.796778367110327, 44.744775540743994], [-0.796944817699777, 44.744489968329354], [-0.797149741318447, 44.74421739786139], [-0.797391164052786, 44.743960454131205], [-0.797666760603762, 44.74372161141254], [-0.797973876690979, 44.743503169642146], [-0.798309554620035, 44.74330723227969], [-0.798670561766672, 44.743135686060086], [-0.799053421703428, 44.74299018283274], [-0.799454447669202, 44.74287212366235], [-0.799869778059819, 44.74278264534405], [-0.800295413598363, 44.74272260946221], [-0.800727255828041, 44.7426925940985], [-0.801161146557745, 44.74269288826818], [-0.801592907881355, 44.74272348913875], [-0.802018382386411, 44.742784102057065], [-0.802433473165948, 44.74287414338526], [-0.802834183249156, 44.742992746117615], [-0.803216654072101, 44.743138768224924], [-0.803577202618849, 44.7433108036459], [-0.803912356876051, 44.74350719582023], [-0.804218889260088, 44.74372605363311], [-0.804493847695279, 44.743965269618144], [-0.804734584044022, 44.74422254024366], [-0.804938779615098, 44.74449538808737], [-0.805104467504238, 44.74478118568629], [-0.805230051551458, 44.74507718083262], [-0.805314321731957, 44.74538052307198], [-0.805356465831679, 44.74568829114957], [-0.805356077294204, 44.74599752113966], [-0.805313159162462, 44.746305234987936], [-0.805228124076281, 44.74660846919181], [-0.805101790324776, 44.74690430334253], [-0.804935373990579, 44.74718988825397], [-0.804730477260611, 44.74746247340739], [-0.8044890730151, 44.74771943344728], [-0.804213485842567, 44.74795829347314], [-0.803906369663, 44.74817675288315], [-0.803570682174348, 44.748372707539694], [-0.80320965636824, 44.74854427004333], [-0.802826769389211, 44.74868978791881], [-0.802425709037579, 44.74880785953854], [-0.802010338238951, 44.748897347628976], [-0.8015846578231, 44.74895739023018], [-0.801152767971427, 44.74898740900231], [-0.800718828705129, 44.74898711479904], [-0.800287019795558, 44.748956510454256], [-0.799861500483877, 44.74889589075457], [-0.799446369398944, 44.74880583959842], [-0.799045625060483, 44.74868722436925], [-0.798663127348838, 44.74854118757651], [-0.798302560313261, 44.74836913584583], [-0.797967396677616, 44.74817272636429], [-0.797660864385929, 44.747953850911806], [-0.797385915510335, 44.74771461763266], [-0.797145197821064, 44.74745733072312], [-0.796941029292262, 44.74718446823129], [-0.796775375788978, 44.746898658183], [-0.79664983214977, 44.746602653264546], [-0.796565606846577, 44.74629930430581], [-0.79652351036885, 44.74599153281982]]]}}, {"type": "Feature", "properties": {"nb_detections_cluster": 2, "frp_max": 0.62, "frp_moyen": 0.62, "derniere_detection": "2026-07-27T01:32:00", "fetch_timestamp": "2026-07-27T01:32:00"}, "geometry": {"type": "Polygon", "coordinates": [[[-0.877983929327251, 44.89700269280836], [-0.878111084996974, 44.89711281386637], [-0.878352815639174, 44.897369937507925], [-0.878557926249267, 44.8976426634292], [-0.878724441109621, 44.897928365341706], [-0.878850756094286, 44.89822429195951], [-0.878935654136681, 44.89852759348867], [-0.878978316973068, 44.89883534906687], [-0.878978333047816, 44.89914459488925], [-0.878935701503396, 44.89945235274949], [-0.878850832215642, 44.89975565872161], [-0.878724541872912, 44.90005159170608], [-0.878558046135886, 44.90033730156532], [-0.878352947952552, 44.90061003657755], [-0.87811122214004, 44.900867169944306], [-0.877835196381069, 44.901106225095944], [-0.877527528817428, 44.901324899551476], [-0.877191182455895, 44.90152108710228], [-0.876829396632871, 44.901692898105836], [-0.876445655812525, 44.901838677693476], [-0.876043656019179, 44.901957021716846], [-0.875627269227552, 44.90204679027864], [-0.87520050605444, 44.90210711871738], [-0.874767477111822, 44.90213742594], [-0.874332353394457, 44.90213742002182], [-0.873899326084429, 44.90210710101984], [-0.873472566160765, 44.9020467609722], [-0.873056184204128, 44.90195698108378], [-0.87265419078472, 44.90183862612518], [-0.87227045781584, 44.901692836099016], [-0.871908681246149, 44.9015210152542], [-0.871572345450653, 44.90132481855414], [-0.871264689663942, 44.901106135729506], [-0.870988676779322, 44.90086707306952], [-0.870746964814546, 44.90060993312748], [-0.870541881318917, 44.90033719253629], [-0.870375400968073, 44.90005147814821], [-0.870249126561784, 44.89975554172859], [-0.870164273607226, 44.89945223344807], [-0.870121658635437, 44.89914447442838], [-0.870121691362639, 44.8988352286067], [-0.870164370770928, 44.89852747418924], [-0.870249285145089, 44.89822417496974], [-0.870375616064119, 44.89792825178823], [-0.870542146308014, 44.89764255440551], [-0.870747271602706, 44.897369834063916], [-0.87098901608919, 44.89711271699818], [-0.871265051367119, 44.896873679151454], [-0.871572718928891, 44.896655022339715], [-0.871826126127189, 44.89650722146738], [-0.871698984161423, 44.896397093236764], [-0.871457288193011, 44.896139955195565], [-0.871252217578961, 44.895867216292714], [-0.871085746870929, 44.89558150336423], [-0.870959478775905, 44.89528556816141], [-0.870874628740386, 44.89498226084317], [-0.870832013267407, 44.89467450252201], [-0.870832042078125, 44.89436525712831], [-0.87087471419247, 44.89405750286425], [-0.870959617965577, 44.89375420352204], [-0.871085935078636, 44.89345827994291], [-0.871252448444687, 44.893172581891506], [-0.871457553952276, 44.89289986061661], [-0.87169927593301, 44.89264274236192], [-0.871975286203317, 44.892403703082074], [-0.872282926496441, 44.89218504460683], [-0.872619234068278, 44.89198887248281], [-0.8729809702302, 44.89181707570564], [-0.873364651534134, 44.89167130853748], [-0.873766583309732, 44.89155297458463], [-0.874182895231065, 44.891463213288155], [-0.874609578570892, 44.89140288895723], [-0.875042524784448, 44.89137258245095], [-0.875477565052033, 44.89137258558799], [-0.875910510400559, 44.89140289833815], [-0.876337192018651, 44.89146322882263], [-0.876753501378117, 44.89155299612308], [-0.877155429776368, 44.8916713358725], [-0.877539106919983, 44.89181710857403], [-0.877900838178658, 44.89198891056807], [-0.87823714015151, 44.892185087542245], [-0.878544774203809, 44.89240375045419], [-0.878820777651521, 44.892642793714565], [-0.879062492293571, 44.892899915455295], [-0.879267590017036, 44.893172639688146], [-0.879434095228462, 44.89345834014091], [-0.87956040389491, 44.893754265541716], [-0.879645299010749, 44.89405756610835], [-0.879687962340533, 44.894365320987774], [-0.87968798232399, 44.89467456638182], [-0.879645358066062, 44.89498232408833], [-0.879560499372517, 44.89528563018282], [-0.879434222829784, 44.89558156356456], [-0.879267743965726, 44.89586727409219], [-0.879062665565905, 44.896140010037456], [-0.878820962256979, 44.89639714459292], [-0.878544961504974, 44.896636201177486], [-0.878237321210859, 44.8968548772964], [-0.877983929327251, 44.89700269280836]]]}}]}