{"type": "FeatureCollection", "name": "zone_active", "crs": {"type": "name", "properties": {"name": "urn:ogc:def:crs:OGC:1.3:CRS84"}}, "features": [{"type": "Feature", "properties": {"nb_detections": 916, "derniere_detection": "2026-07-23T14:12:00", "fetch_timestamp": "2026-07-25T11:43:28.510478"}, "geometry": {"type": "MultiPolygon", "coordinates": [[[[-1.140580468935177, 44.802121719410955], [-1.140886568700646, 44.801902324749406], [-1.141221396983019, 44.80170534633745], [-1.141581729334923, 44.801532680935395], [-1.141964095822467, 44.80138599117015], [-1.142364814432487, 44.8012666895322], [-1.142780026517525, 44.80117592478069], [-1.143205733937829, 44.80111457088729], [-1.143637837543352, 44.80108321862472], [-1.144072176626016, 44.80108216988118], [-1.144504568963254, 44.80111143475489], [-1.144930851068196, 44.80117073145701], [-1.145346918259902, 44.801259489023494], [-1.145748764168752, 44.801376852810094], [-1.146132519297504, 44.8015216927178], [-1.146494488267513, 44.80169261406936], [-1.146831185392139, 44.80188797103271], [-1.147139368235355, 44.80210588246231], [-1.147416068832731, 44.802344250005945], [-1.147658622274377, 44.8026007783033], [-1.147864692374541, 44.80287299708206], [-1.148032294180473, 44.80315828493869], [-1.148159813103405, 44.80345389457601], [-1.148246020486812, 44.803756979254224], [-1.148290085461314, 44.80406462020097], [-1.148291582971194, 44.80437385471704], [-1.148250497894278, 44.80468170470677], [-1.148167225214478, 44.80498520535862], [-1.148042566244321, 44.805281433699726], [-1.147877720932804, 44.805567536749656], [-1.147674276331723, 44.80584075900117], [-1.147434191330661, 44.80609846896442], [-1.147159777806921, 44.80633818451753], [-1.146853678371369, 44.80655759681989], [-1.146518840924072, 44.80675459255704], [-1.146158490264609, 44.806927274302865], [-1.145776097030418, 44.80707397880239], [-1.145375344262524, 44.807193292998896], [-1.144960091921052, 44.807284067650606], [-1.144534339692784, 44.80734542840541], [-1.144102188449714, 44.80737678422691], [-1.143667800730606, 44.807377833090115], [-1.143235360627095, 44.807348564892216], [-1.142809033461684, 44.8072892615498], [-1.142392925646959, 44.807200494282114], [-1.141991045113665, 44.80708311810618], [-1.141607262689637, 44.80693826359714], [-1.141245274802464, 44.806767325993405], [-1.140908567865761, 44.806571951751536], [-1.140600384692629, 44.806354022681134], [-1.140323693260177, 44.80611563781232], [-1.140081158126091, 44.80585909317116], [-1.139875114772574, 44.805586859658135], [-1.139707547124517, 44.805301559242956], [-1.139580068458018, 44.805005939705424], [-1.139493905882575, 44.80470284816582], [-1.139449888545619, 44.80439520366014], [-1.139448439672184, 44.804085969024406], [-1.139489572515372, 44.803778122358864], [-1.139572890255641, 44.80347462834733], [-1.139697589848816, 44.803178409707414], [-1.139862469784778, 44.802892319046826], [-1.140065941681135, 44.802619111396616], [-1.140306045599362, 44.80236141768557], [-1.140580468935177, 44.802121719410955]]], [[[-1.15941310353089, 44.80461628799749], [-1.159813808126553, 44.80449692318798], [-1.160229015887035, 44.80440609301502], [-1.160654728714125, 44.80434467208017], [-1.161086847405658, 44.804313251801744], [-1.161521211108284, 44.80431213472282], [-1.161953637362414, 44.80434133159966], [-1.162379962354676, 44.80440056129812], [-1.162796080991292, 44.80448925349934], [-1.163197986407436, 44.80460655418852], [-1.163581808533055, 44.80475133387418], [-1.163943851344587, 44.804922198458996], [-1.164280628444577, 44.80511750265757], [-1.164588896627107, 44.80533536583248], [-1.164865687106194, 44.805573690096224], [-1.165108334106629, 44.805830180505374], [-1.165314500541892, 44.806102367152455], [-1.165482200531689, 44.80638762894349], [-1.165609818541852, 44.806683218832426], [-1.165696124961695, 44.806986290269684], [-1.165740287968115, 44.807293924610576], [-1.165741881561274, 44.807603159219624], [-1.165700889693589, 44.80791101600034], [-1.165617706451174, 44.808214530075894], [-1.165493132285037, 44.80851077834432], [-1.165328366327229, 44.80879690763328], [-1.16512499486505, 44.80907016218298], [-1.164884976083416, 44.80932791019254], [-1.164610621221583, 44.80956766917376], [-1.164304572325149, 44.80978712986778], [-1.163969776807156, 44.80998417849413], [-1.163609459063091, 44.810156917117304], [-1.163227089413138, 44.81030368193452], [-1.163196988033529, 44.81031264900059], [-1.163035033828689, 44.81053023466503], [-1.162794999228887, 44.8107879782784], [-1.162520628325751, 44.81102773220763], [-1.162214563319393, 44.811247187242515], [-1.161879751778037, 44.81144422965709], [-1.161519418251529, 44.81161696157567], [-1.161137033212095, 44.811763719260064], [-1.16073627962168, 44.811883089141276], [-1.160321017448216, 44.81197392144119], [-1.159895246473118, 44.812035341252475], [-1.159463067748924, 44.81206675696983], [-1.159028644079113, 44.81206786599137], [-1.158596159901663, 44.81203865763481], [-1.158169780963696, 44.81197941324038], [-1.157753614176613, 44.8118907034595], [-1.157351668039334, 44.811773382755455], [-1.156967814011777, 44.81162858116915], [-1.156605749211402, 44.81145769342923], [-1.156268960792836, 44.81126236551203], [-1.155960692354186, 44.811044478780985], [-1.155683912693986, 44.81080613185844], [-1.155441287219852, 44.81054962040508], [-1.155235152284217, 44.8102774150018], [-1.155067492694122, 44.80999213734765], [-1.154939922611232, 44.80969653500328], [-1.154853670025486, 44.809393454923516], [-1.154809564951166, 44.80908581603405], [-1.154808031458201, 44.8087765811169], [-1.154849083614515, 44.80846872827518], [-1.154932325377455, 44.80816522225223], [-1.155056954434339, 44.80786898588141], [-1.155221769954105, 44.80758287194134], [-1.155425184174449, 44.807309635687304], [-1.155665237712005, 44.807051908323565], [-1.15593961844739, 44.806812171671595], [-1.156245683802644, 44.80659273427759], [-1.156580486196135, 44.80639570918963], [-1.156940801429563, 44.806222993617546], [-1.157323159733697, 44.80607625067131], [-1.157353259781688, 44.80606728521195], [-1.157515223120488, 44.80584970816975], [-1.157755260841266, 44.80559197640941], [-1.158029625537359, 44.80535223470522], [-1.158335674785244, 44.805132791652035], [-1.158670461158376, 44.804935760352436], [-1.159030760612699, 44.80476303807606], [-1.15941310353089, 44.80461628799749]]], [[[-1.138730145647518, 44.80883165977894], [-1.139036289174094, 44.80861226972841], [-1.139371163908736, 44.80841529645721], [-1.139731544956768, 44.80824263667612], [-1.14011396191543, 44.80809595295792], [-1.140514732285604, 44.80797665773486], [-1.1409299969215, 44.80788589970435], [-1.141355757177429, 44.80782455277327], [-1.141787913394674, 44.80779320764734], [-1.142222304358646, 44.80779216614604], [-1.142654747347301, 44.80782143829787], [-1.143081078386128, 44.807880742243874], [-1.143497192323068, 44.80796950695031], [-1.143899082338439, 44.80808687770412], [-1.144282878510329, 44.80823172433924], [-1.144644885064889, 44.80840265211364], [-1.144981615953555, 44.80859801513339], [-1.145289828415134, 44.80881593219462], [-1.145566554199923, 44.80905430489089], [-1.145809128155403, 44.809310837812326], [-1.146015213898166, 44.809583060641984], [-1.146182826324698, 44.80986835193735], [-1.146310350743807, 44.81016396436814], [-1.146396558445882, 44.8104670511676], [-1.146440618558301, 44.81077469354299], [-1.14644210607201, 44.8110839287813], [-1.146401005960929, 44.81139177877987], [-1.146317713353603, 44.81169527872709], [-1.146193029754328, 44.81199150565694], [-1.146028155349172, 44.81227760660242], [-1.145961558838561, 44.81236702925118], [-1.14626910812859, 44.81245683338174], [-1.146652940246985, 44.812601672028464], [-1.14701498215388, 44.812772592318105], [-1.147351747460327, 44.812967948428835], [-1.147659993073735, 44.81318585922332], [-1.147797164797997, 44.813304003596045], [-1.147799543803917, 44.81330192563143], [-1.148105676276445, 44.8130825102224], [-1.148440545858936, 44.812885509276825], [-1.148800927706198, 44.812712819772024], [-1.149183351407664, 44.81256610456699], [-1.149584134399208, 44.812446776397174], [-1.149999417413452, 44.81235598427723], [-1.150425201627717, 44.81229460244232], [-1.15085738715259, 44.812263221934245], [-1.151291812491315, 44.812262144913134], [-1.151724294590909, 44.81229138174957], [-1.15215066910034, 44.8123506509246], [-1.152566830449068, 44.81243938173926], [-1.152968771360991, 44.81255671980694], [-1.153352621424226, 44.812701535276254], [-1.153714684346119, 44.81287243370527], [-1.154051473535449, 44.8130677694827], [-1.154359745669734, 44.813285661667], [-1.154486900716776, 44.813395159705394], [-1.154755394537559, 44.81320268903162], [-1.155090241528012, 44.8130056680052], [-1.155450603713923, 44.812832956891114], [-1.155833010873967, 44.81268621875647], [-1.156233780603224, 44.812566866557475], [-1.156649053761957, 44.81247604954022], [-1.157074831622338, 44.812414642179554], [-1.157507014356102, 44.81238323576312], [-1.157941440493352, 44.81238213270049], [-1.158373926973416, 44.81241134361299], [-1.158800309403102, 44.81247058723131], [-1.159216482135639, 44.81255929310256], [-1.159618437785364, 44.81267660708029], [-1.160002305798542, 44.81282139954512], [-1.160364389709752, 44.812992276276624], [-1.160701202725742, 44.81318759187244], [-1.161009501294688, 44.81340546558538], [-1.161286316337903, 44.813643799426515], [-1.161528981843512, 44.81390029836014], [-1.161735160546647, 44.814172492396665], [-1.161902866448704, 44.81445776037096], [-1.161978278765514, 44.81463243498277], [-1.162145018982112, 44.81451288684279], [-1.162479847873238, 44.81431584342527], [-1.162840195750585, 44.814143108230915], [-1.163222592530515, 44.8139963445587], [-1.163623355907985, 44.81387696561079], [-1.164038626804358, 44.81378612089078], [-1.164464406513547, 44.81372468514034], [-1.164896595189461, 44.813693249920426], [-1.16533103130498, 44.81369211791799], [-1.165763531703372, 44.81372130003299], [-1.166189931857458, 44.81378051527341], [-1.166606125949851, 44.81386919345965], [-1.16700810638928, 44.813986480711804], [-1.167392002383387, 44.81413124766782], [-1.167754117197406, 44.814302100352975], [-1.168090963740611, 44.81449739359641], [-1.168399298138421, 44.814715246866214], [-1.168676150967235, 44.814953562370356], [-1.168918855851401, 44.81521004524968], [-1.169125075146925, 44.8154822256693], [-1.169292822464367, 44.81576748259521], [-1.169420481813652, 44.81606306902821], [-1.16950682318582, 44.81636613845207], [-1.169551014420968, 44.816673772241494], [-1.169552629247186, 44.816983007766325], [-1.16951165141217, 44.81729086692128], [-1.169428474866652, 44.817594384806725], [-1.169303899996903, 44.81789063828401], [-1.169139125941515, 44.81817677413063], [-1.168935739065559, 44.81845003652364], [-1.168695697702208, 44.81870779358668], [-1.168421313308037, 44.81894756274434], [-1.168115228212947, 44.819167034639776], [-1.167780390178518, 44.8193640953846], [-1.167420024009675, 44.81953684692662], [-1.167242064047969, 44.819605150203714], [-1.167369626778195, 44.81969527369307], [-1.167504254131021, 44.819811154542215], [-1.167794514687022, 44.81960303492438], [-1.168129354095506, 44.81940597412125], [-1.168489717244794, 44.81923322028273], [-1.168872133904127, 44.81908643688729], [-1.169272921576998, 44.818967037327035], [-1.169688220950809, 44.81887617130407], [-1.170114033045267, 44.81881471376517], [-1.170546257702475, 44.81878325648108], [-1.170980733048895, 44.81878210235123], [-1.171413275550107, 44.81881126248862], [-1.171839720273599, 44.81887045611289], [-1.172255960972918, 44.81895911325253], [-1.172657989608097, 44.819076380230335], [-1.173041934922793, 44.81922112787949], [-1.173404099707407, 44.81939196241112], [-1.17374099639011, 44.819587238829264], [-1.174049380613577, 44.81980507676401], [-1.174202963423533, 44.8199372504992], [-1.174208165138552, 44.8199327044357], [-1.174514230608772, 44.819713215674945], [-1.174849047110469, 44.81951613458452], [-1.175209390309218, 44.819343358913535], [-1.175591790166285, 44.81919655235075], [-1.17599256434688, 44.81907712851137], [-1.17640785366826, 44.81898623733124], [-1.176833659246879, 44.81892475399938], [-1.177265880987544, 44.81889327053496], [-1.177700357044787, 44.818892090089435], [-1.17813290387734, 44.81892122402922], [-1.178559356511009, 44.818980391826194], [-1.178975608623203, 44.81906902375756], [-1.179377652064113, 44.819186266388826], [-1.179761615434895, 44.819330990787634], [-1.180123801352159, 44.81950180338899], [-1.180460722040669, 44.81969705940813], [-1.180769132912028, 44.81991487867156], [-1.18104606380637, 44.82015316371476], [-1.181288847596423, 44.820409619971954], [-1.181495145878438, 44.82068177786466], [-1.181662971502408, 44.820967016575864], [-1.181790707724185, 44.82126258928188], [-1.181877123794505, 44.821565649598696], [-1.181921386834044, 44.82187327898881], [-1.181923069879296, 44.82218251486453], [-1.181882156020841, 44.82249037911726], [-1.181799038593114, 44.82279390679831], [-1.181674517412845, 44.823090174674846], [-1.18150979110134, 44.823376329385695], [-1.181306445563624, 44.82364961492633], [-1.181066438734504, 44.82390739919748], [-1.18079208173772, 44.824147199361754], [-1.18048601663908, 44.82436670576369], [-1.180151191007366, 44.82456380418262], [-1.179790829527866, 44.82473659620347], [-1.179408402941831, 44.82488341750919], [-1.179007594611231, 44.825002853918015], [-1.178592265031175, 44.82509375501107], [-1.178166414632329, 44.82515524521835], [-1.178064070101859, 44.82516270027595], [-1.17811949715812, 44.82517038975153], [-1.178535794427818, 44.82525902351516], [-1.17893788123736, 44.825376267980964], [-1.179321885770339, 44.82552099419885], [-1.179684110247034, 44.82569180858639], [-1.180021066520911, 44.825887066341544], [-1.180329509660891, 44.826104887274155], [-1.180606469196338, 44.8263431739036], [-1.180849277724112, 44.826599631648854], [-1.181055596602165, 44.826871790917075], [-1.181223438482042, 44.827157030878055], [-1.181351186462931, 44.827452604696006], [-1.18143760968219, 44.827755665976234], [-1.1814818751915, 44.82806329617199], [-1.181483556003417, 44.82837253268775], [-1.181442635229875, 44.828680397408824], [-1.181359506271756, 44.828983925381976], [-1.181234969056693, 44.829280193371545], [-1.181070222360289, 44.82956634801527], [-1.180866852283786, 44.829839633309284], [-1.18062681699823, 44.830097417156665], [-1.18035242790136, 44.830337216724125], [-1.1800463273681, 44.83055672236192], [-1.179711463308496, 44.830753819856746], [-1.179351060777952, 44.83092661080244], [-1.17896859091313, 44.8310734308923], [-1.17856773749289, 44.83119286595631], [-1.17815236144669, 44.83128376558844], [-1.177726463652825, 44.83134525423284], [-1.177294146385484, 44.83137673962122], [-1.176859573782804, 44.83137791848061], [-1.176426931717543, 44.83134877945601], [-1.176000387457906, 44.831289603219844], [-1.175584049507993, 44.831200959767024], [-1.175181928015695, 44.831083702921994], [-1.174936767817373, 44.83099130279661], [-1.174716692308934, 44.831227607822626], [-1.174442272470781, 44.831467392864205], [-1.174136142692919, 44.8316868822796], [-1.173801251167142, 44.831883962011716], [-1.173440823213476, 44.83205673382548], [-1.173058330213529, 44.832203533598424], [-1.172657456169067, 44.832322947356204], [-1.172242062208267, 44.832413824898076], [-1.171816149382032, 44.83247529088092], [-1.171383820109392, 44.83250675325472], [-1.170949238644144, 44.83250790896819], [-1.170516590944432, 44.83247874688929], [-1.170090044332728, 44.83241954791249], [-1.169673707335772, 44.83233088225173], [-1.169271590092244, 44.83221360394542], [-1.168887565710417, 44.832068842626], [-1.168525332948819, 44.83189799263434], [-1.168188380580029, 44.8317026995832], [-1.167879953781393, 44.831484844500224], [-1.167726666484857, 44.831352930180294], [-1.167455858614578, 44.83154706193147], [-1.167120944492456, 44.83174412149314], [-1.166760496896077, 44.83191687160036], [-1.166433656798181, 44.83204228697782], [-1.166480380835982, 44.83207529122105], [-1.166757311063658, 44.832313612884924], [-1.167000082176391, 44.83257010143734], [-1.167206355892177, 44.832842286988736], [-1.167374145297211, 44.83312754845567], [-1.167501833995766, 44.83342313879525], [-1.167588191695855, 44.8337262114536], [-1.167632386079915, 44.83403384777426], [-1.16763399084528, 44.83434308510271], [-1.167592989836102, 44.83465094531627], [-1.167509777225877, 44.83495446350509], [-1.167385153747808, 44.83525071652756], [-1.16722031900827, 44.83553685116558], [-1.167016859956472, 44.83581011160782], [-1.166776735620459, 44.836067865996704], [-1.166502258255749, 44.83630763178254], [-1.16619607108754, 44.83652709964095], [-1.165861122860466, 44.83672415572246], [-1.165500639440778, 44.83689690201974], [-1.16511809274443, 44.8370436746561], [-1.164717167290496, 44.837163059918545], [-1.164301724702443, 44.83725390788081], [-1.163875766499658, 44.83731534348464], [-1.163443395538336, 44.83734677497269], [-1.163008776473909, 44.83734789959115], [-1.162576095626741, 44.83731870650748], [-1.162149520638628, 44.837259476914795], [-1.161733160309645, 44.83717078132196], [-1.161331025003198, 44.83705347405566], [-1.161149773044468, 44.836985138984026], [-1.161016611412829, 44.83712805177132], [-1.16074210428755, 44.837367803393164], [-1.160435888841382, 44.83758725543467], [-1.16010091409139, 44.837784294198684], [-1.159740406159366, 44.837957021844666], [-1.15935783719743, 44.83810377467557], [-1.158956891939191, 44.838223139169166], [-1.158541432198931, 44.838313965599184], [-1.1581154596613, 44.83837537911485], [-1.157683077320612, 44.83840678817148], [-1.157248449941935, 44.8384078902314], [-1.15681576392573, 44.83837867467931], [-1.156389186963579, 44.838319422924776], [-1.155972827874558, 44.83823070569013], [-1.155570697010094, 44.838113377510446], [-1.155186667609573, 44.83796856849863], [-1.154824438479735, 44.83779767345486], [-1.154487498358016, 44.83760233842583], [-1.154179092303611, 44.83738444484346], [-1.154079362919724, 44.83729859942445], [-1.153885609543908, 44.83743743154817], [-1.153550612715862, 44.83763445053065], [-1.153190085608379, 44.83780715688934], [-1.15288396088285, 44.83792456299], [-1.153041236009792, 44.83803568317943], [-1.153318138604925, 44.838274038844304], [-1.153560874115826, 44.83853055729583], [-1.153767104603073, 44.838802768356494], [-1.153934843568901, 44.83908805069715], [-1.15406247510306, 44.83938365707376], [-1.154148769463833, 44.839686740777985], [-1.154192894943415, 44.83999438304689], [-1.154194425902541, 44.84030362116858], [-1.154153346896004, 44.84061147701266], [-1.154070052848353, 44.84091498571125], [-1.153945345277032, 44.84121122421411], [-1.153780424598287, 44.841497339442846], [-1.153576878589031, 44.84177057577304], [-1.15333666711487, 44.842028301579205], [-1.153062103270672, 44.84226803458693], [-1.152755831114681, 44.84248746578749], [-1.15242080021025, 44.8426844816844], [-1.152060237220122, 44.84285718465741], [-1.151677614826832, 44.843003911247024], [-1.151276618278741, 44.84312324818381], [-1.150861109884263, 44.84321404600692], [-1.150435091796795, 44.8432754301411], [-1.150002667449485, 44.84330680932467], [-1.149568002012096, 44.843307881307695], [-1.149135282251738, 44.843278635764605], [-1.148708676185063, 44.84321935439384], [-1.148292292911498, 44.843130608202955], [-1.147890143015413, 44.843013252005996], [-1.147506099919466, 44.8428684161857], [-1.147143862562249, 44.842697495800444], [-1.146806919760354, 44.842502137141], [-1.146498516598677, 44.842284221866876], [-1.146379272216531, 44.84218156667186], [-1.146105549751435, 44.84237764460341], [-1.145770496180621, 44.84257464041788], [-1.145409913452264, 44.84274732177954], [-1.145027274439101, 44.84289402543708], [-1.144626264549647, 44.84301333834191], [-1.144210746220882, 44.84310411126464], [-1.143784721701941, 44.84316546986986], [-1.143352294487953, 44.84319682314182], [-1.14291762977631, 44.843197869080136], [-1.142484914327131, 44.84316859761011], [-1.142058316115524, 44.843109290679934], [-1.141641944165221, 44.84302051954333], [-1.141239808951473, 44.842903139254645], [-1.140855783755457, 44.84275828042863], [-1.140493567343278, 44.84258733834526], [-1.140156648329707, 44.84239195950431], [-1.13984827157043, 44.84217402575965], [-1.139695694402579, 44.84204265213774], [-1.139395265350575, 44.84225782500914], [-1.13906018896509, 44.842454800557995], [-1.138699586380906, 44.84262746011159], [-1.138316930662088, 44.84277414062865], [-1.137915907378132, 44.842893429283464], [-1.137500379095101, 44.84298417708023], [-1.137079233012237, 44.84304480669553], [-1.137122067246627, 44.843050763717365], [-1.137538432278175, 44.84313955181085], [-1.137940561449944, 44.84325694551929], [-1.138324582537364, 44.84340181445552], [-1.138686797600934, 44.84357276366276], [-1.139023718584275, 44.84376814704074], [-1.139332100895554, 44.8439860831895], [-1.139608974649222, 44.84422447351885], [-1.13985167326747, 44.84448102244906], [-1.140057859165891, 44.84475325950902], [-1.140225546275844, 44.845038563119175], [-1.140353119186208, 44.8453341858306], [-1.140439348719584, 44.84563728077757], [-1.140483403792259, 44.845944929088766], [-1.140484859442828, 44.84625416799403], [-1.140443700951197, 44.84656201935536], [-1.140360324007303, 44.84686551834793], [-1.140235530926876, 44.84716174201489], [-1.140070522949673, 44.84744783742068], [-1.139866888693404, 44.84772104913168], [-1.139626588873662, 44.84797874575949], [-1.139351937436293, 44.84821844531065], [-1.139045579283326, 44.8484378390986], [-1.138710464806549, 44.84863481398719], [-1.138349821473822, 44.848807472751076], [-1.137967122741704, 44.8489541523566], [-1.137566054594028, 44.849073439986824], [-1.137150480029026, 44.849164186655834], [-1.136724401837614, 44.849225518281024], [-1.136291924032006, 44.849256844106584], [-1.135857212296992, 44.84925786239649], [-1.135424453845705, 44.84922856334232], [-1.134997817067508, 44.84916922915797], [-1.134581411357648, 44.849080431359695], [-1.134179247516553, 44.84896302525866], [-1.133795199101118, 44.848818141718205], [-1.133432965101045, 44.84864717625637], [-1.133096034300429, 44.848451775598086], [-1.132787651668377, 44.84823382180733], [-1.132640207174101, 44.84810685791385], [-1.132345295243483, 44.84831801921854], [-1.132010157987317, 44.8485149738702], [-1.131649494830223, 44.84868761085719], [-1.131266779419793, 44.8488342673556], [-1.130865697900575, 44.84895353077101], [-1.13045011339966, 44.84904425235078], [-1.130024028803719, 44.84910555825395], [-1.129591548186686, 44.849136857972475], [-1.129156837260448, 44.84913785002176], [-1.128724083230347, 44.8491085248462], [-1.128297454443144, 44.84904916491124], [-1.127881060217078, 44.848960341981225], [-1.127478911241915, 44.848842911609324], [-1.127094880931297, 44.84869800489269], [-1.126732668100468, 44.84852701757257], [-1.126395761329537, 44.8483315965844], [-1.12608740535608, 44.84811362418802], [-1.125810569821113, 44.847875199830774], [-1.125567920669658, 44.84761861991906], [-1.12536179448134, 44.847346355693006], [-1.125194175978002, 44.84706102941806], [-1.125066678924596, 44.846765389123], [-1.124980530606684, 44.84646228212798], [-1.124936560033333, 44.84615462761776], [-1.124935189978143, 44.84584538852456], [-1.124976432934112, 44.84553754299154], [-1.125059891020275, 44.84523405569148], [-1.125184759839982, 44.844937849277244], [-1.125349836252646, 44.84465177623874], [-1.125553529983131, 44.84437859143724], [-1.125793878956161, 44.84412092558139], [-1.126068568207272, 44.84388125990015], [-1.126374952187665, 44.84366190225625], [-1.126710080247696, 44.84346496492967], [-1.127070725053417, 44.843292344285075], [-1.127453413662469, 44.843145702518335], [-1.127854460960266, 44.843026451657714], [-1.128270005134826, 44.84293573997344], [-1.128696044849199, 44.84287444092612], [-1.129128477754223, 44.842843144760415], [-1.129563139971557, 44.842842152824296], [-1.129995846167716, 44.842871474669096], [-1.13042242983417, 44.84293082795734], [-1.130838783386646, 44.84301964118009], [-1.131240897698438, 44.84313705915727], [-1.131624900688001, 44.84328195126799], [-1.131987094590023, 44.84345292233237], [-1.132323991551818, 44.84364832603959], [-1.132632347212771, 44.84386628079398], [-1.132779780559179, 44.8439932445231], [-1.133074668152739, 44.8437820823606], [-1.133409773441458, 44.84358512479766], [-1.133770398430392, 44.84341248237732], [-1.134153070367918, 44.8432658175051], [-1.134554104299911, 44.84314654243178], [-1.134969638543024, 44.84305580566073], [-1.135390786985009, 44.84299518405007], [-1.135347952976591, 44.84298922636019], [-1.134931592521423, 44.842900430053724], [-1.134529472189794, 44.84278302545712], [-1.134145465119472, 44.84263814341929], [-1.133783269901904, 44.8424671794438], [-1.133446374947632, 44.84227178024121], [-1.133138024880521, 44.84205382786155], [-1.132861189284831, 44.84181542155939], [-1.132618534106322, 44.84155885756728], [-1.132412395982831, 44.841286606972005], [-1.132244759751337, 44.8410012919078], [-1.132117239347715, 44.84070566029549], [-1.132031062282599, 44.84040255937166], [-1.131987057842097, 44.84009490826261], [-1.131985649126139, 44.83978566986789], [-1.132026849000201, 44.83947782232395], [-1.132110259998345, 44.839174330322976], [-1.132235078177499, 44.83887811656318], [-1.132400100884825, 44.83859203360523], [-1.132603738362422, 44.83831883640593], [-1.13284402907674, 44.838061155793426], [-1.133118658624324, 44.83782147313877], [-1.133424982031258, 44.83760209646815], [-1.13376004923113, 44.837405138244804], [-1.134120633475956, 44.837232495034655], [-1.134503262406441, 44.83708582925084], [-1.134514485571815, 44.837082490893735], [-1.134318367079333, 44.83694385910558], [-1.134146720737633, 44.83679603169334], [-1.133864756737661, 44.83699796975169], [-1.133529692333146, 44.837194928264914], [-1.133169106513551, 44.83736756955289], [-1.132786472181533, 44.83751423075027], [-1.132385474700635, 44.83763349921745], [-1.131969976388393, 44.83772422615305], [-1.131543979301183, 44.837785537664566], [-1.131111586669916, 44.83781684318992], [-1.130723129692748, 44.8378177352605], [-1.130489591553547, 44.83795500147725], [-1.130128991514103, 44.8381276329302], [-1.129746344069786, 44.83827428368212], [-1.12934533471047, 44.83839354119396], [-1.128929825868145, 44.838484256769895], [-1.128503819700641, 44.83854555662685], [-1.128071419526353, 44.838576850314965], [-1.127636790282207, 44.83857783640778], [-1.127204118386636, 44.83854850540701], [-1.126777571395139, 44.83848913983428], [-1.126361257837963, 44.83840031150816], [-1.125959187627755, 44.83828287603386], [-1.125821883285803, 44.838231055053114], [-1.125574488128577, 44.8384081937834], [-1.125239386251931, 44.83860512735628], [-1.124878765907978, 44.83877774178628], [-1.124496100332009, 44.83892437446672], [-1.124095075188605, 44.83904361303265], [-1.123679553061841, 44.83913430897071], [-1.12325353623755, 44.83919558868696], [-1.122821128136811, 44.83922686192556], [-1.122386493772918, 44.83922782745699], [-1.12195381961363, 44.83919847598107], [-1.121527273236241, 44.8391390902166], [-1.121110963165065, 44.83905024217669], [-1.120708899279141, 44.83893278765634], [-1.120552431360727, 44.838873725181955], [-1.120619006365298, 44.83910806381144], [-1.120662947780045, 44.83941571932553], [-1.120664294162458, 44.83972495782343], [-1.12062303184492, 44.840032801170906], [-1.12053955751749, 44.84033628462023], [-1.120414674434043, 44.84063248536411], [-1.120249584701442, 44.840918550687626], [-1.120045877725108, 44.84119172544679], [-1.119805514921352, 44.84144937860899], [-1.11953081084298, 44.84168902859933], [-1.119224410899358, 44.841908367208525], [-1.118889265885098, 44.84210528183184], [-1.118528603562462, 44.8422778758243], [-1.118145897571161, 44.84242448677612], [-1.11774483396514, 44.84254370253159], [-1.11732927569903, 44.842634374797086], [-1.116903225406842, 44.84269563020668], [-1.116470786832092, 44.84272687873863], [-1.116036125281664, 44.84272781940142], [-1.115603427485228, 44.842698443134424], [-1.115176861247781, 44.842639032895164], [-1.114828787790766, 44.84256473073409], [-1.11485322615601, 44.84273595068734], [-1.114854540637276, 44.84304518958976], [-1.114813244044339, 44.84335303110966], [-1.114729733397291, 44.843656510516865], [-1.114604812299743, 44.84395270504299], [-1.114439683224644, 44.84423876203296], [-1.114235935956318, 44.84451192642302], [-1.113995532299149, 44.844769567280395], [-1.113720787199447, 44.84500920314866], [-1.113642994682115, 44.84506488029886], [-1.113669536360518, 44.84515833709879], [-1.113713444447271, 44.84546599596974], [-1.113714752717969, 44.84577523516022], [-1.113673447871874, 44.846083076529276], [-1.113589927008501, 44.84638655534819], [-1.113464993829792, 44.8466827488542], [-1.113299850924999, 44.84696880440205], [-1.1130960882116, 44.84724196694193], [-1.112855667642703, 44.847499605558816], [-1.112580904327475, 44.84773923881788], [-1.11227444424586, 44.84795855867097], [-1.111939238771749, 44.84815545269396], [-1.111578516249822, 44.84832802444029], [-1.11119575089971, 44.848474611714444], [-1.110794629347201, 44.848593802588745], [-1.110379015105178, 44.84868444900921], [-1.109983633527235, 44.848741263303694], [-1.110053649253137, 44.84875101726349], [-1.110470013727066, 44.848839907060835], [-1.110872127113363, 44.84895739905235], [-1.111256117339243, 44.849102361904464], [-1.111618286762097, 44.84927339975605], [-1.11195514776471, 44.849468865653186], [-1.11226345633245, 44.84968687740131], [-1.112391634001464, 44.8497973057239], [-1.112665204812412, 44.84960152909214], [-1.113000416371382, 44.84940463278459], [-1.113361141438613, 44.84923205635723], [-1.113743906299069, 44.84908546158014], [-1.114145025104104, 44.84896626002908], [-1.11456063535336, 44.84887559949947], [-1.114986735073812, 44.84881435295936], [-1.115419221338636, 44.84878311014778], [-1.115853929755804, 44.84878217189902], [-1.116286674547049, 44.84881154724737], [-1.116713288832249, 44.84887095334023], [-1.117129664732301, 44.84895981816023], [-1.117531792905271, 44.849077286030415], [-1.117915801136057, 44.84922222584951], [-1.118277991608754, 44.84939324197815], [-1.118614876503532, 44.84958868767163], [-1.118923211575782, 44.849806680929916], [-1.11906525808474, 44.84992903629975], [-1.119354921118535, 44.8497217088941], [-1.119690109943953, 44.84952479237748], [-1.12005081522851, 44.84935219420431], [-1.120433563447577, 44.849205576354045], [-1.120834668912676, 44.84908635062465], [-1.121250269251839, 44.84899566504436], [-1.121676362587415, 44.848934392822436], [-1.122108846054026, 44.8489031239452], [-1.122543555286575, 44.848902159497925], [-1.12297630449894, 44.848931508767194], [-1.123402926768448, 44.848990889151466], [-1.123819314139153, 44.849079728880945], [-1.124221457158718, 44.8491971725203], [-1.124605483469144, 44.84934208920152], [-1.124967695080513, 44.84951308350811], [-1.125304603969527, 44.84970850890548], [-1.125612965660615, 44.849926483589066], [-1.125889810466575, 44.85016490859752], [-1.126132472088105, 44.850421488017126], [-1.126338613296822, 44.850693751083135], [-1.126506248454185, 44.850979075965476], [-1.126633762649123, 44.85127471501032], [-1.126719927269442, 44.851577821194525], [-1.126763911856347, 44.85188547553853], [-1.126765292127052, 44.85219471521398], [-1.126724054087264, 44.85250256207531], [-1.126640594192913, 44.852806051341005], [-1.126515715558542, 44.8531022601478], [-1.126350620247846, 44.853388335703144], [-1.126146897719674, 44.85366152276454], [-1.125906509539842, 44.85391919018093], [-1.12563177050532, 44.85415885624013], [-1.125325326361953, 44.85437821257811], [-1.124990128329908, 44.854575146419386], [-1.124629404681994, 44.85474776093393], [-1.124246629648531, 44.85489439351427], [-1.123845489948462, 44.85501363179638], [-1.123429849269385, 44.85510432726964], [-1.12300371103919, 44.855165606344606], [-1.122571179848529, 44.85519687877161], [-1.122136421896513, 44.85519784332893], [-1.121703624841519, 44.85516849072578], [-1.121276957444789, 44.855109103691824], [-1.120860529396484, 44.855020254252345], [-1.120458351712156, 44.85490279821594], [-1.120074298081951, 44.854757866926924], [-1.119712067545673, 44.85458685636319], [-1.119375148853891, 44.854391413684105], [-1.119066786858893, 44.854173421358354], [-1.118924729612446, 44.854051065822745], [-1.118635042663151, 44.85425839239567], [-1.118299821889488, 44.854455306027305], [-1.117939078451331, 44.85462789879489], [-1.117556286769703, 44.85477450830044], [-1.117155133723969, 44.85489372240209], [-1.116739483130343, 44.85498439282219], [-1.116343840957436, 44.85504126189548], [-1.116413422167389, 44.85505095011581], [-1.116829843407703, 44.85513981623794], [-1.11723201520071, 44.85525728542866], [-1.117616064911329, 44.85540222657397], [-1.117978294324265, 44.855573244021805], [-1.118315215244726, 44.85576869101471], [-1.118623583081182, 44.85598668554014], [-1.118900428087122, 44.85622512844567], [-1.11914308396117, 44.856481723645246], [-1.119349213530119, 44.85675400022212], [-1.119516831267341, 44.85703933621606], [-1.119644322429336, 44.85733498386623], [-1.119730458625534, 44.85763809606656], [-1.119774409670691, 44.85794575377951], [-1.119775751604875, 44.85825499414422], [-1.119734470802842, 44.858562839008485], [-1.11965096413222, 44.85886632360996], [-1.119526035157937, 44.85916252513023], [-1.119360886428438, 44.85944859084691], [-1.119157107916997, 44.85972176561223], [-1.118916661728599, 44.859979418393465], [-1.118641863218926, 44.8602190676194], [-1.11833535870669, 44.86043840508812], [-1.118000099993568, 44.86063531820583], [-1.117639315936911, 44.8608079103421], [-1.117256481348981, 44.86095451910497], [-1.116855283522449, 44.86107373235985], [-1.116439586704898, 44.861164401837144], [-1.116013394865058, 44.861225654197824], [-1.115580813110058, 44.861256899449494], [-1.115146008126144, 44.86125783663223], [-1.114713168024791, 44.86122845671892], [-1.114286461981922, 44.86116904270223], [-1.113870000059977, 44.86108016686743], [-1.113467793600788, 44.860962685277286], [-1.113083716571639, 44.86081772952229], [-1.11272146823766, 44.86064669581597], [-1.112384537520767, 44.86045123154057], [-1.112076169388963, 44.860233219372766], [-1.11179933360011, 44.859994759143014], [-1.111556696101373, 44.859738147603096], [-1.111350593359808, 44.85946585629774], [-1.111183009871084, 44.85918050775315], [-1.111055559062546, 44.8588848502125], [-1.110969467774005, 44.85858173116193], [-1.110925564464931, 44.85827406990225], [-1.110924271260784, 44.857964829430614], [-1.110965599914138, 44.857656987903326], [-1.111049151718469, 44.8573535099545], [-1.111174121374381, 44.85705731814689], [-1.111339304770063, 44.85677126482965], [-1.111543110600034, 44.856498104674024], [-1.111783575709476, 44.85624046815127], [-1.112058384015581, 44.85600083620783], [-1.112364888823165, 44.85578151638148], [-1.112700138319201, 44.855584620588], [-1.113060904000547, 44.85541204479208], [-1.113443711761091, 44.855265450757685], [-1.113844875339127, 44.85514625005345], [-1.11426053180322, 44.85505559046665], [-1.114656176186352, 44.85499872881792], [-1.114586595344225, 44.85498903949634], [-1.114170178771291, 44.85490016496389], [-1.113768015939506, 44.85478268469448], [-1.113383980395894, 44.854637730265935], [-1.113021771005976, 44.85446669787901], [-1.112684876316559, 44.8542712349032], [-1.112376540948656, 44.85405322400271], [-1.112248353596896, 44.8539427955109], [-1.11197476018786, 44.85413857138979], [-1.111639516780258, 44.854335464901], [-1.111278753646718, 44.854508036017904], [-1.110895945398045, 44.85465462255102], [-1.110494779073258, 44.8547738125798], [-1.110079118616529, 44.85486445805844], [-1.109652967646347, 44.854925685879], [-1.109220430876145, 44.854956906285494], [-1.108785674558808, 44.85495781855732], [-1.108352886336966, 44.85492841390727], [-1.10792623488674, 44.85486897556633], [-1.107509829744626, 44.85478007605404], [-1.107107681705442, 44.85466257166122], [-1.106723664173658, 44.85451759419798], [-1.106361475841236, 44.854346540086944], [-1.106024605052078, 44.85415105690688], [-1.105716296196905, 44.853933027516554], [-1.10557928944915, 44.853814980905035], [-1.105294476863327, 44.85401875090502], [-1.104959210754157, 44.854215624234], [-1.104598427866434, 44.85438817363399], [-1.104215603001318, 44.85453473712467], [-1.103814423357948, 44.85465390300746], [-1.103398753008845, 44.85474452346907], [-1.103024255864977, 44.85479830660763], [-1.103044145611789, 44.85480107847407], [-1.103460543840689, 44.85488999473759], [-1.103862685877651, 44.85500751235094], [-1.10424669937399, 44.855152499733855], [-1.104608886462972, 44.855323560788946], [-1.104945759357189, 44.85551904833892], [-1.105254073927396, 44.85573707998064], [-1.105530860939825, 44.85597555620423], [-1.105773454651378, 44.856232180602724], [-1.10597951848729, 44.85650448197816], [-1.106147067553783, 44.856789838131455], [-1.10627448776853, 44.85708550110753], [-1.10636055142409, 44.85738862365264], [-1.106404429033742, 44.85769628662957], [-1.106405697344736, 44.858005527126686], [-1.106364343440863, 44.85831336699041], [-1.106280764893813, 44.858616841506446], [-1.106155765960821, 44.85891302795346], [-1.105990549864204, 44.85919907375414], [-1.105786707226193, 44.85947222395246], [-1.105546200769549, 44.859729847752284], [-1.105271346430587, 44.85996946386141], [-1.104964791065923, 44.86018876439685], [-1.104629486967207, 44.860385637120515], [-1.104268663429111, 44.86055818579099], [-1.103885795644341, 44.86070474843497], [-1.103484571225468, 44.86082391336205], [-1.103068854676338, 44.860914532768106], [-1.102649198796593, 44.860974793454794], [-1.102694281777787, 44.86098107576426], [-1.103110725274677, 44.86106999351652], [-1.103512910832841, 44.86118751263029], [-1.103896965684566, 44.86133250151081], [-1.104259191564926, 44.861503564046345], [-1.104596100312985, 44.8616990530453], [-1.104904447454228, 44.861917086090585], [-1.105049853661427, 44.862042354187174], [-1.105344858320394, 44.861831323112455], [-1.105680168542896, 44.86163444813712], [-1.106040994659078, 44.86146189481978], [-1.106423861980983, 44.86131532470802], [-1.106825083673481, 44.86119614914007], [-1.107240796245659, 44.86110551566113], [-1.107666996739393, 44.86104429697876], [-1.108099581257691, 44.861013082563794], [-1.10853438446261, 44.861012172977055], [-1.108967219663336, 44.86104157697688], [-1.10939391910933, 44.86110101143476], [-1.109810374101577, 44.861189904060204], [-1.110212574536624, 44.86130739890852], [-1.110596647503573, 44.86145236461864], [-1.110958894563137, 44.86162340530191], [-1.111295827350524, 44.86181887397719], [-1.111604201159827, 44.8620368884231], [-1.111881046186886, 44.862275349295395], [-1.112123696129974, 44.86253196033495], [-1.112329813872828, 44.862804250472465], [-1.112497414002525, 44.863089597617105], [-1.11262488194494, 44.8633852539006], [-1.112710989532925, 44.863688372133716], [-1.112754906856562, 44.86399603322077], [-1.1127562102805, 44.864305274268354], [-1.112714886550221, 44.864613117117656], [-1.112631332946647, 44.864916597025655], [-1.112506353486606, 44.86521279121914], [-1.112341151204689, 44.865498847046204], [-1.11213731658989, 44.86577200945432], [-1.111896812287519, 44.86602964752975], [-1.111621954212982, 44.866269279842875], [-1.111315389258727, 44.86648859835462], [-1.110980069808644, 44.866685490653765], [-1.110619225305164, 44.866858060310406], [-1.11023633114286, 44.867004645149066], [-1.10983507518832, 44.86712383326557], [-1.109419322249131, 44.86721447663248], [-1.108993076834698, 44.86727570216225], [-1.10856044456829, 44.8673069201209], [-1.108125592622781, 44.86730782981143], [-1.107692709562063, 44.867278422471514], [-1.107265964975904, 44.867218981358036], [-1.106849469298032, 44.86713007901721], [-1.106447234195424, 44.86701257176713], [-1.106063133911235, 44.866867591445434], [-1.105700867934537, 44.86669653450229], [-1.105363925357097, 44.86650104854371], [-1.105055551261051, 44.866283016455256], [-1.104910134060411, 44.86615774819645], [-1.104615105039048, 44.86636877840765], [-1.104279762812677, 44.86656565046402], [-1.103918898489635, 44.8667381983386], [-1.103535987655478, 44.86688476006574], [-1.103134718337452, 44.867003923963836], [-1.102718955471923, 44.867094542238725], [-1.102292703663955, 44.86715574204451], [-1.101860068598437, 44.86718693389508], [-1.101425217475218, 44.86718781734483], [-1.100992338850269, 44.86715838388423], [-1.100565602270617, 44.86709891702172], [-1.100149118092831, 44.867009989551576], [-1.099746897873069, 44.86689245803393], [-1.099362815711072, 44.86674745454014], [-1.099000570921282, 44.86657637574357], [-1.098663652391316, 44.86638086946073], [-1.0983553049716, 44.86616281877287], [-1.098226482424248, 44.86605182644191], [-1.09796482234122, 44.866238957092335], [-1.097629457576083, 44.866435809054906], [-1.097268573654061, 44.86660833530814], [-1.096885646349563, 44.86675487409467], [-1.096484363848551, 44.866874013953826], [-1.096068591214433, 44.86696460732297], [-1.095642333146412, 44.86702578159616], [-1.095209695389709, 44.86705694753312], [-1.094774845170113, 44.86705780493793], [-1.094341971034885, 44.86702834555185], [-1.09391524248779, 44.86696885313313], [-1.093498769807994, 44.866879900722154], [-1.093096564440853, 44.86676234511928], [-1.092712500342983, 44.86661731862787], [-1.092350276654761, 44.866446218142784], [-1.092178208587113, 44.86634635379427], [-1.092048314668316, 44.86640844272636], [-1.091665375105163, 44.86655496350005], [-1.091264082958045, 44.86667408448525], [-1.090848303383331, 44.86676465830104], [-1.090422041147115, 44.866825812529854], [-1.08998940203479, 44.86685695812449], [-1.08955455328521, 44.86685779508493], [-1.08934603277998, 44.86684359442754], [-1.088981962071017, 44.86689582118533], [-1.088549321620665, 44.8669269611695], [-1.088114472307621, 44.866927792490166], [-1.087681602670416, 44.866898307139884], [-1.08725488216947, 44.86683878912691], [-1.086838421006411, 44.866749811738224], [-1.086436230515615, 44.86663223201473], [-1.086052184510347, 44.86648718249214], [-1.08568998195664, 44.86631606028714], [-1.085353111335133, 44.86612051363429], [-1.085044817034635, 44.86590242600369], [-1.084909239144025, 44.865785572665274], [-1.084624255758227, 44.86598931549462], [-1.08428884572308, 44.866186127145184], [-1.0839279224239, 44.86635861002263], [-1.08354496201454, 44.866505102787315], [-1.083143652999975, 44.86662419442186], [-1.082727860699113, 44.86671473782813], [-1.082424153189387, 44.86675828669876], [-1.082445494388188, 44.86676126433136], [-1.082861948674896, 44.866850258196855], [-1.083264133242757, 44.86696785087516], [-1.083648175333442, 44.86711291006317], [-1.084010376804706, 44.867284038972095], [-1.084347249730407, 44.86747958977118], [-1.084655549980697, 44.867697679448206], [-1.084932308459357, 44.86793620793443], [-1.085174859697665, 44.8681928783195], [-1.085380867529447, 44.86846521896254], [-1.085548347599803, 44.868750607286245], [-1.085675686490405, 44.86904629502563], [-1.08576165727656, 44.86934943468837], [-1.085805431365509, 44.86965710697224], [-1.085806586501095, 44.86996634887584], [-1.085765110856753, 44.870274182231974], [-1.085681403176374, 44.87057764238883], [-1.08555626896068, 44.8708738067633], [-1.085390912734785, 44.87115982299044], [-1.085186926470487, 44.87143293639899], [-1.084946274273883, 44.871690516547034], [-1.084671273485064, 44.87193008256271], [-1.084364572371339, 44.87214932704545], [-1.084029124628364, 44.87234613829691], [-1.0836681609346, 44.87251862066777], [-1.083285157832984, 44.87266511282324], [-1.082883804239727, 44.872784203751834], [-1.082467965903171, 44.872874746362164], [-1.082041648155528, 44.872935868537205], [-1.081608957316996, 44.8729669815385], [-1.08117406112476, 44.87296778567997], [-1.080764870329301, 44.87293989041759], [-1.080661187264988, 44.87303020215254], [-1.080354464483871, 44.87324943563574], [-1.080018996112414, 44.873446234841765], [-1.079658013027817, 44.87361870423725], [-1.079274991959836, 44.8737651826124], [-1.078873621997785, 44.87388425908843], [-1.078457769047712, 44.8739747867132], [-1.078038198861678, 44.87403492456341], [-1.07822546933448, 44.87423311272135], [-1.078431465619461, 44.8745054667784], [-1.078598928383285, 44.874790866129594], [-1.078726244374099, 44.87508656240374], [-1.078812186887553, 44.87538970802629], [-1.078855927602983, 44.87569738363755], [-1.078857044585465, 44.87600662620407], [-1.078815526375716, 44.87631445755216], [-1.078731772127431, 44.876617913049394], [-1.078606587789713, 44.876914070157405], [-1.078441178370324, 44.87720007658126], [-1.078237136353319, 44.87747317774406], [-1.077996426381743, 44.87773074332176], [-1.077990280223053, 44.877736096029345], [-1.078046466476864, 44.87786658802783], [-1.07813240957544, 44.878169734442494], [-1.078176148731433, 44.878477410591465], [-1.078177262024866, 44.87878665343606], [-1.078135738031912, 44.87909448479995], [-1.078051975961898, 44.87939794005052], [-1.077926781839193, 44.879694096651775], [-1.077874959200109, 44.8797836960218], [-1.078130558490133, 44.87963377635659], [-1.078491584943266, 44.8794613115988], [-1.078874646916498, 44.87931483566222], [-1.079276055700758, 44.87919575897825], [-1.079691946003999, 44.87910522813989], [-1.0801183131571, 44.879044114866375], [-1.080551051658649, 44.879013007613516], [-1.080985994688304, 44.87901220591031], [-1.081418954209112, 44.87904171747626], [-1.081845761273614, 44.879101258147166], [-1.082262306146599, 44.879190254609775], [-1.082664577859123, 44.87930784991955], [-1.08304870281382, 44.879452911748054], [-1.083410982070581, 44.87962404328106], [-1.083747926954259, 44.87981959666257], [-1.084056292642062, 44.880037688855495], [-1.084333109407561, 44.88027621976684], [-1.084575711220634, 44.88053289246294], [-1.084781761427916, 44.88080523528064], [-1.084949275266228, 44.8810906256217], [-1.085076638991816, 44.88138631520171], [-1.085162625440548, 44.881689456510614], [-1.085206405868538, 44.88199713023034], [-1.085207557958279, 44.88230637334568], [-1.085166069912227, 44.88261420767767], [-1.085082340593408, 44.882917668565234], [-1.084957175710652, 44.88321383341808], [-1.084791780084164, 44.88349984986679], [-1.084587746064978, 44.88377296323785], [-1.084347038218931, 44.884030543089764], [-1.084071974421941, 44.884270108553494], [-1.083765203548068, 44.88448935223376], [-1.083429679964805, 44.884686162440005], [-1.083068635081067, 44.88485864353288], [-1.082685546221818, 44.885005134189996], [-1.082284103129345, 44.88512422341422], [-1.081868172414137, 44.88521476413064], [-1.081441760298328, 44.885275884240386], [-1.08100897401122, 44.885306995024976], [-1.080573982209527, 44.88530779681967], [-1.080140974804484, 44.885278281901435], [-1.079714122583717, 44.88521873456334], [-1.079297537017763, 44.8851297283748], [-1.078895230639375, 44.88501212065415], [-1.07851107837811, 44.88486704420677], [-1.078148780223454, 44.88469589640867], [-1.077811825576787, 44.88450032574091], [-1.077503459636087, 44.88428221590488], [-1.077356437322144, 44.88415551478448], [-1.07708491891578, 44.884349531668214], [-1.076749372748949, 44.884546321685036], [-1.07638830824049, 44.884718781054694], [-1.076005202904472, 44.88486524866396], [-1.075603746641959, 44.88498431373773], [-1.075187806190359, 44.88507482943368], [-1.074761387865634, 44.88513592389398], [-1.074328598956925, 44.88516700864717], [-1.073893608146214, 44.88516778427923], [-1.073460605335189, 44.885138243319155], [-1.073033761267206, 44.885078670310875], [-1.07261718733424, 44.884989639071044], [-1.072214895956944, 44.88487200715928], [-1.071830761920318, 44.88472690761397], [-1.071468485038234, 44.88455573803358], [-1.071131554507098, 44.884360147109], [-1.070823215292522, 44.884142018736696], [-1.070700920821054, 44.88403660924457], [-1.070444636455212, 44.884219710018364], [-1.070109067787773, 44.88441647996585], [-1.069747983715834, 44.884588917741624], [-1.069364861941982, 44.884735362440445], [-1.068963392525685, 44.88485440350787], [-1.068547442331108, 44.8849448943328], [-1.068121017768108, 44.88500596329698], [-1.067688226185945, 44.885037022174494], [-1.067253236292369, 44.8850377718006], [-1.066820237980235, 44.88500820495478], [-1.066393401949544, 44.88494860643026], [-1.065976839514821, 44.88485955028951], [-1.065574562985915, 44.884741894331995], [-1.065190447004746, 44.884596771827674], [-1.064828191211198, 44.88442558059616], [-1.064491284598474, 44.8842299695369], [-1.064182971901727, 44.88401182274023], [-1.064060928053202, 44.8839066110056], [-1.063804353974843, 44.88408988835205], [-1.06346876280927, 44.88428663822878], [-1.063107659176497, 44.884459054409454], [-1.0627245209676, 44.88460547619678], [-1.062323038400417, 44.884724493257046], [-1.06190707846585, 44.88481495921033], [-1.061599439413709, 44.8848589978454], [-1.061616972885147, 44.88486144684436], [-1.062033528416746, 44.88495051933644], [-1.062435799018641, 44.88506818812655], [-1.062819911104014, 44.885213320178686], [-1.063182165856474, 44.88538451800243], [-1.063519074836591, 44.88558013310338], [-1.063827393567019, 44.8857982818501], [-1.064104152773195, 44.88603686360494], [-1.064346686978945, 44.8862935809446], [-1.064552660181609, 44.88656596177591], [-1.064720088359228, 44.88685138313448], [-1.064847358592649, 44.887147096437054], [-1.0649332446178, 44.88745025394507], [-1.064976918657658, 44.88775793618428], [-1.064977959419076, 44.88806718005732], [-1.064936356176516, 44.88837500737783], [-1.06485250890234, 44.88867845355205], [-1.064727224441354, 44.88897459613136], [-1.064561708765442, 44.88926058296067], [-1.064357555381933, 44.889533659651676], [-1.064116730006425, 44.88979119611599], [-1.063841551646985, 44.89003071190242], [-1.063534670281293, 44.89024990009408], [-1.063199041341301, 44.89044664953473], [-1.062837897250948, 44.89061906517035], [-1.062454716290999, 44.890765486308894], [-1.062053189091098, 44.890884502622846], [-1.061637183072096, 44.89097496773955], [-1.061210705181663, 44.891036010288325], [-1.060777863282818, 44.89106704229773], [-1.060342826568061, 44.89106776486181], [-1.059909785381309, 44.891038171020675], [-1.059482910835597, 44.89097854582763], [-1.059066314616464, 44.89088946360201], [-1.058664009359177, 44.890771782394495], [-1.058279869982349, 44.890626635718284], [-1.057917596351158, 44.8904554216258], [-1.057580677630541, 44.89025978923664], [-1.057272358672161, 44.89004162284662], [-1.057162670362065, 44.88994705573477], [-1.056934388877292, 44.89011007732946], [-1.056598737639361, 44.89030680681821], [-1.056237574176071, 44.89047920098698], [-1.055854376954868, 44.89062559935049], [-1.0554528367621, 44.89074459180061], [-1.055036821143823, 44.89083503219449], [-1.05469729032712, 44.890883609122454], [-1.055104054142342, 44.89097060632755], [-1.055506353360586, 44.891088300435335], [-1.055890488724685, 44.89123345672363], [-1.056252761194045, 44.891404677468614], [-1.056589682158554, 44.89160031395522], [-1.056898007025361, 44.891818482346], [-1.057174766460683, 44.89205708181417], [-1.05741729498599, 44.89231381476582], [-1.057623256653157, 44.89258620895741], [-1.057790667551131, 44.89287164129585], [-1.05791791492698, 44.89316736309215], [-1.058003772736566, 44.893470526525846], [-1.058047413474412, 44.89377821206566], [-1.058048066870852, 44.89397972893007], [-1.058282239342935, 44.89396294713666], [-1.058717298524349, 44.893962232641876], [-1.059150361642454, 44.89399183115863], [-1.059577258752381, 44.894051457685464], [-1.059993879251931, 44.89414053808244], [-1.060396211443927, 44.894258214596796], [-1.060780381148541, 44.89440335411816], [-1.061142688994579, 44.894574559084184], [-1.061479646031341, 44.89477018093167], [-1.061788007318686, 44.8949883359643], [-1.062064803172164, 44.89522692348381], [-1.062307367762589, 44.89548364601141], [-1.062513364794562, 44.895756031403955], [-1.062680810016476, 44.89604145665312], [-1.062808090344844, 44.89633717313822], [-1.062893979418163, 44.89664033308995], [-1.062937649429829, 44.89694801701062], [-1.062938679125256, 44.89725726178659], [-1.062897057885249, 44.89756508922278], [-1.062813185855273, 44.89786853472437], [-1.062687870118348, 44.89816467584915], [-1.062522316947393, 44.898450660456035], [-1.062318120210692, 44.89872373417812], [-1.062077246041262, 44.89898126695561], [-1.061802013917026, 44.899220778372786], [-1.061495074333439, 44.89943996155481], [-1.061159383283159, 44.89963670539379], [-1.060798173788358, 44.899809114889536], [-1.060414924759802, 44.8999555294092], [-1.060013327482834, 44.900074538689], [-1.05959725005337, 44.90016499642399], [-1.059170700107012, 44.900226031314645], [-1.058737786200946, 44.90025705546324], [-1.058302678221372, 44.900257770039566], [-1.057869567198757, 44.90022816816068], [-1.057778797991663, 44.90021549011091], [-1.057778901533556, 44.90024746761726], [-1.057737249774165, 44.90055529340426], [-1.057653345376254, 44.90085873529017], [-1.057527995734525, 44.901154870867586], [-1.057362407448408, 44.90144084804884], [-1.05715817472438, 44.90171391253852], [-1.056917264042067, 44.90197143436568], [-1.056641995231086, 44.90221093322007], [-1.056335019140286, 44.90243010234786], [-1.055999292113992, 44.902626830776434], [-1.055638047520954, 44.90279922365411], [-1.055254764610067, 44.90294562050801], [-1.054853134993098, 44.903064611244545], [-1.05443702707753, 44.90315504973738], [-1.054010448792679, 44.90321606487228], [-1.053577508968748, 44.903247068941866], [-1.053142377741635, 44.9032477633093], [-1.052709246365767, 44.90321814128631], [-1.052282286823024, 44.90315848819762], [-1.052208794331426, 44.90314277133186], [-1.052209123657361, 44.90324768979201], [-1.052167439119096, 44.903555513774805], [-1.052083500118221, 44.90385895173412], [-1.051958114382653, 44.90415508130037], [-1.051792488859416, 44.90444105044369], [-1.051588218113618, 44.90471410494607], [-1.051347268991094, 44.90497161493276], [-1.051071961691727, 44.9052111002075], [-1.0507936969057, 44.90540973221235], [-1.05086478474945, 44.90566080650239], [-1.050908395823712, 44.90596849600411], [-1.050909359392584, 44.9062777417481], [-1.050867665473481, 44.90658556552989], [-1.050783714911625, 44.906889002789725], [-1.050658315546215, 44.907185131164724], [-1.050492674455485, 44.90747109863653], [-1.050288386354429, 44.907744151003186], [-1.050047418255999, 44.90800165841051], [-1.049772090542819, 44.908241140687124], [-1.049465054631081, 44.90846029123876], [-1.049129267441347, 44.90865699927178], [-1.048767962921921, 44.908829370130846], [-1.048384620898991, 44.90897574355523], [-1.047982933553789, 44.909094709676936], [-1.047566769849949, 44.90918512260676], [-1.047140138254252, 44.90924611147668], [-1.046707148110499, 44.909277088832276], [-1.046271970039366, 44.909277756294046], [-1.045838795746568, 44.909248107432866], [-1.045411797627424, 44.90918842783199], [-1.044995088557877, 44.90909929233481], [-1.044592682260252, 44.908981559505115], [-1.044208454626377, 44.90883636335335], [-1.043846106371449, 44.90866510240846], [-1.04350912737901, 44.90846942624127], [-1.043200763081023, 44.90825121956925], [-1.043197266514976, 44.90824820489919], [-1.04299628206536, 44.90820520879064], [-1.042834771844452, 44.90832046924807], [-1.042498962249768, 44.908517157235586], [-1.042137638264741, 44.90868950652771], [-1.041754279903134, 44.90883585707136], [-1.041352579503626, 44.90895479921895], [-1.040936406155651, 44.90904518731217], [-1.040509768418933, 44.90910615072225], [-1.040076775696456, 44.90913710223998], [-1.03964159863375, 44.90913774373473], [-1.039208428926818, 44.90910806902753], [-1.038781438926784, 44.90904836395055], [-1.038364741431355, 44.90895920359258], [-1.037962350051323, 44.90884144675689], [-1.037578140534764, 44.90869622768511], [-1.037215813422296, 44.90852494512695], [-1.036878858393738, 44.90832924886143], [-1.036626994187192, 44.908150992956486], [-1.036315464757814, 44.90808432784561], [-1.036194488090981, 44.90817064750239], [-1.035858656118621, 44.90836731541222], [-1.035497312704318, 44.90853964310312], [-1.035113938049061, 44.90868597073003], [-1.034712224648539, 44.90880488886615], [-1.034296041717477, 44.90889525208441], [-1.033869397907947, 44.908956189995635], [-1.033436402681466, 44.908987115636236], [-1.033001226707696, 44.90898773112482], [-1.032568061672149, 44.9089580305329], [-1.032141079880937, 44.908898299941995], [-1.031724394052661, 44.908809114686626], [-1.031322017685683, 44.90869133380991], [-1.030937826383412, 44.908546091785006], [-1.03057552051095, 44.90837478758274], [-1.030238589543455, 44.90817907119052], [-1.030061909302569, 44.908054005258], [-1.030020980529034, 44.9080482787485], [-1.02960430438261, 44.9079590855661], [-1.029201938561137, 44.907841297042836], [-1.028817758566423, 44.907696047725544], [-1.028455464654629, 44.90752473665526], [-1.02811854618568, 44.907329013885615], [-1.02781024800839, 44.90711076458285], [-1.027533539205428, 44.906872090861135], [-1.027291084499321, 44.90661529152828], [-1.027085218594903, 44.906342839937366], [-1.026917923705069, 44.9060573601579], [-1.026790810475912, 44.90576160169659], [-1.02670510249436, 44.905458413011075], [-1.026661624526762, 44.905150714072235], [-1.026660794600857, 44.904841468239624], [-1.026702620006421, 44.90453365372059], [-1.026786697252067, 44.90423023488866], [-1.026912215977592, 44.9039341337367], [-1.027077966783193, 44.90364820174033], [-1.027282352899144, 44.903375192402066], [-1.027523405582739, 44.90311773474038], [-1.02779880309344, 44.90287830797892], [-1.028105893062934, 44.90265921767934], [-1.028352767898052, 44.90251465901752], [-1.028351720257794, 44.902514969108886], [-1.027935573733064, 44.90260530832946], [-1.027508970837702, 44.90266622170132], [-1.027076020639094, 44.90269712249724], [-1.026640893373134, 44.902697713075185], [-1.026207780256088, 44.90266798774657], [-1.025780853093892, 44.902608232831184], [-1.02536422407885, 44.90251902389787], [-1.024961906161986, 44.90240122021776], [-1.024577774383613, 44.90225595648371], [-1.024215528535402, 44.90208463187556], [-1.023878657514278, 44.901888896577354], [-1.023772718207219, 44.90181388550183], [-1.023660752996782, 44.901798211664065], [-1.023244133365609, 44.901708994802966], [-1.023233021426614, 44.901705740821235], [-1.0231836058038, 44.9017409923176], [-1.023137140393161, 44.90176819718399], [-1.023331612556629, 44.90188119584542], [-1.023639864586743, 44.90209945722347], [-1.023916533297065, 44.90233814029125], [-1.024158954082164, 44.90259494664966], [-1.024364792030869, 44.90286740334819], [-1.024532064422968, 44.90315288669163], [-1.024659159838811, 44.90344864749965], [-1.02474485369718, 44.90375183757594], [-1.024788320071066, 44.90405953713238], [-1.024789139666718, 44.90436878290454], [-1.024747303888136, 44.90467659668758], [-1.024663214946864, 44.9049800140178], [-1.024537682014987, 44.905276112724145], [-1.024371913457358, 44.90556204107383], [-1.024167505216906, 44.90583504524153], [-1.023926425464004, 44.90609249583719], [-1.023650995657017, 44.90633191323644], [-1.023343868195821, 44.90655099146985], [-1.023008000883117, 44.906747620440164], [-1.022646628439279, 44.906919906253584], [-1.022263231345063, 44.9070661894684], [-1.021861502312425, 44.907185061085556], [-1.021445310706769, 44.90727537612602], [-1.021018665263805, 44.9073362646647], [-1.020585675460828, 44.907367140213545], [-1.020150511915279, 44.90736770537369], [-1.019717366192936, 44.90733795470136], [-1.019536715960919, 44.907312661290106], [-1.019416491366027, 44.90736997309852], [-1.01903308277648, 44.907516245187786], [-1.018631343679448, 44.907635105142695], [-1.01821514353731, 44.90772540809654], [-1.017788491168029, 44.90778628424062], [-1.017355496115636, 44.90781714720634], [-1.016920329048147, 44.90781769971597], [-1.016487181565274, 44.90778793644765], [-1.016060225804002, 44.907728144086605], [-1.015643574232115, 44.90763889856233], [-1.015428442202441, 44.90757588910747], [-1.015167110855218, 44.90755792859021], [-1.014740158250692, 44.90749813116105], [-1.014323510486218, 44.90740888069318], [-1.013921180693382, 44.907291036857835], [-1.013537044026817, 44.90714573473457], [-1.013174800325175, 44.90697437387305], [-1.012837938464575, 44.90677860480641], [-1.012529702748391, 44.90656031314684], [-1.012253061657486, 44.90632160141641], [-1.01201067926202, 44.90606476878894], [-1.011804889570183, 44.90579228893812], [-1.011637674060691, 44.90550678620558], [-1.011510642614973, 44.905211010318986], [-1.011425018032198, 44.90490780990372], [-1.011381624275445, 44.90460010504356], [-1.01138087856142, 44.90429085915495], [-1.011422787368902, 44.903983050445696], [-1.011506946403364, 44.903679643233275], [-1.011632544517049, 44.90338355939855], [-1.011798371545764, 44.903097650250324], [-1.012002829985915, 44.90282466907097], [-1.012243950398506, 44.902567244607695], [-1.01251941039099, 44.90232785576444], [-1.012826556993587, 44.90210880773765], [-1.013162432214202, 44.90191220982551], [-1.013523801525576, 44.90173995512404], [-1.01375574719109, 44.90165147292922], [-1.013740036046169, 44.90164034566199], [-1.013463414059768, 44.901401637306336], [-1.013221047374408, 44.90114480770803], [-1.013015269847052, 44.900872330511575], [-1.012848062839347, 44.90058683003309], [-1.012721036150949, 44.90029105597851], [-1.012635412535327, 44.89998785695556], [-1.012592015946365, 44.89968015303464], [-1.012591263628173, 44.899370907623144], [-1.012633162123254, 44.89906309892431], [-1.01271730723651, 44.898759691255485], [-1.012837029447298, 44.898477419320486], [-1.012423648884284, 44.898388847015795], [-1.012021387742639, 44.89827099662884], [-1.011637317732488, 44.898125688341565], [-1.011275138050393, 44.89795432176302], [-1.01093833695581, 44.89775854748144], [-1.010630158166826, 44.89754025115917], [-1.010353569616029, 44.897301535363205], [-1.0101112348676, 44.89704469930653], [-1.009905487470916, 44.89677221669581], [-1.00973830849746, 44.8964867118993], [-1.009611307476942, 44.8961909346645], [-1.009525706915682, 44.89588773362978], [-1.009482330545618, 44.895580028884844], [-1.009481699529595, 44.89531458116102], [-1.009310523084907, 44.89536521982429], [-1.00889439893615, 44.89545548752331], [-1.008467829732654, 44.895516327647684], [-1.008034924217299, 44.89554715417576], [-1.007599852195544, 44.895547670180825], [-1.007166804351449, 44.895517870692615], [-1.006739951862091, 44.89545804274522], [-1.006323406200342, 44.895368762610936], [-1.005921179514153, 44.89525089024672], [-1.005537145964867, 44.89510556100692], [-1.005175004397776, 44.89493417470238], [-1.004838242705139, 44.89473838211131], [-1.004530104225459, 44.8945200690724], [-1.004253556503013, 44.89428133831363], [-1.004011262708691, 44.8940244891921], [-1.003805555997392, 44.893751995540235], [-1.003638417048725, 44.89346648183263], [-1.003511455006913, 44.8931706979026], [-1.003425892002895, 44.89286749245289], [-1.003382551406939, 44.89255978561575], [-1.003381849924049, 44.892250540826595], [-1.003423793607335, 44.89194273628262], [-1.003507977826723, 44.89163933626109], [-1.00363359119224, 44.891343262573635], [-1.003799423393141, 44.891057366431255], [-1.004003876876337, 44.890784400991016], [-1.004244982250855, 44.89052699484857], [-1.004520417269221, 44.89028762673136], [-1.004827529202369, 44.890068601636266], [-1.005163360392231, 44.88987202864059], [-1.005524676735674, 44.88969980060043], [-1.005907998825504, 44.88955357593095], [-1.006309635448813, 44.889434762643944], [-1.006725719120442, 44.8893445047961], [-1.007087770431663, 44.889292867081906], [-1.007189480917296, 44.889117489637854], [-1.007393910849128, 44.888844518123385], [-1.00763499234547, 44.88858710477875], [-1.007910403388771, 44.88834772840084], [-1.008217491480806, 44.88812869406602], [-1.008553299193053, 44.887932110940625], [-1.008914592648411, 44.887759871978275], [-1.009297892660039, 44.88761363569934], [-1.009699508227573, 44.88749481022738], [-1.010115572068557, 44.887404539736444], [-1.010542077843466, 44.887343693438815], [-1.01097491871656, 44.887312857219634], [-1.011409926882051, 44.88731232799809], [-1.011842913675904, 44.88734211087004], [-1.012269709887972, 44.887401919058824], [-1.012686205887287, 44.88749117667529], [-1.013088391175073, 44.88760902426027], [-1.013472392985557, 44.887754327056044], [-1.013834513563667, 44.88792568592803], [-1.014171265761356, 44.88812145083096], [-1.014479406610334, 44.888339736690796], [-1.014755968548254, 44.88857844154945], [-1.01499828799787, 44.88883526679793], [-1.015204031023905, 44.88910773930379], [-1.01537121582036, 44.88939323521956], [-1.015460180152776, 44.889600398315025], [-1.015749134638193, 44.889514890092116], [-1.016165203722304, 44.889424596883906], [-1.016167479250233, 44.88942427213908], [-1.016392882003018, 44.889292296681845], [-1.016754160155892, 44.88912003214769], [-1.017137449029688, 44.8889737687546], [-1.017539057731208, 44.8888549148873], [-1.017955119044046, 44.88876461499322], [-1.018381626652974, 44.88870373856778], [-1.018814473704565, 44.888672871786206], [-1.019249492333538, 44.88867231186201], [-1.019682493775121, 44.88870206418665], [-1.020109308678162, 44.888761842277624], [-1.020525827231771, 44.8888510705356], [-1.020928038720069, 44.888968889784046], [-1.021312070125079, 44.88911416553817], [-1.021674223406854, 44.88928549892376], [-1.022011011102534, 44.88948124014098], [-1.022319189902106, 44.88969950434391], [-1.022595791877879, 44.88993818978296], [-1.022838153067151, 44.890194998036264], [-1.023043939132785, 44.890467456135], [-1.023211167854384, 44.89075294037049], [-1.023231020705827, 44.890799152494125], [-1.023441027737801, 44.89092120084544], [-1.023749220004008, 44.891139461178824], [-1.023882679179017, 44.89125461898488], [-1.024156673792179, 44.89105911996949], [-1.024492443205925, 44.890862488480884], [-1.024853706605635, 44.89069019751988], [-1.025236985093683, 44.89054390610755], [-1.025638587876793, 44.89042502289838], [-1.026054647795479, 44.890334692622375], [-1.02635866928195, 44.89029127723823], [-1.025974582187063, 44.890209020715865], [-1.025572351220579, 44.89009121969548], [-1.025188302105179, 44.889945958626335], [-1.024826133836285, 44.889774636662665], [-1.02448933456358, 44.889578903962985], [-1.024181147987803, 44.88936064578919], [-1.023904542116771, 44.889121964340895], [-1.023662180681744, 44.888865158500266], [-1.02345639748941, 44.88859270168304], [-1.023289173956297, 44.88830721800909], [-1.023162120041559, 44.88801145702257], [-1.023076458761228, 44.88770826720542], [-1.023033014432275, 44.88740056853941], [-1.023032204758911, 44.88709132438141], [-1.023074036836307, 44.88678351292265], [-1.02315810710927, 44.88648009850712], [-1.023283605285189, 44.886184003085205], [-1.023437099154295, 44.88591916754947], [-1.023325742880748, 44.885927113711446], [-1.022890745566793, 44.8859276895992], [-1.022457763825347, 44.88589794980678], [-1.0220309681967, 44.88583818079328], [-1.021614469606001, 44.88574895826333], [-1.021212279747832, 44.885631141619044], [-1.020828272428884, 44.88548586567812], [-1.020466146241926, 44.88531452973799], [-1.020129388931257, 44.88511878409181], [-1.019821243793398, 44.88490051412614], [-1.019544678437021, 44.884661822154165], [-1.019302356203151, 44.88440500715939], [-1.019096610520918, 44.88413254264571], [-1.018929422445606, 44.88384705280709], [-1.018841951757132, 44.88364337937096], [-1.018506143612392, 44.88348448180287], [-1.018169404114143, 44.88328873032652], [-1.017861276642272, 44.88307045504856], [-1.017584728635279, 44.8828317583333], [-1.017342423267082, 44.88257493921001], [-1.01713669380437, 44.88230247122224], [-1.01696952114622, 44.88201697859747], [-1.016842514761864, 44.88172121096602], [-1.016756897209654, 44.88141801687376], [-1.016713492385542, 44.88111031634363], [-1.016712717613414, 44.88080107275037], [-1.016754579652483, 44.88049326427979], [-1.016838674659184, 44.880189855247025], [-1.016964192102892, 44.879893767550534], [-1.017129922596749, 44.87960785253636], [-1.017334269567192, 44.87933486354338], [-1.017575264648992, 44.87907742939407], [-1.017850586656743, 44.87883802908571], [-1.018157583949557, 44.87861896792513], [-1.018493299973182, 44.87842235533705], [-1.018854501733308, 44.87825008455881], [-1.019237710925917, 44.878103814417116], [-1.019639237425001, 44.87798495336168], [-1.02005521480559, 44.87789464590917], [-1.020481637560526, 44.877833761627784], [-1.020914399653304, 44.877802886768386], [-1.021349334036568, 44.87780231862226], [-1.021782252756609, 44.87783206266002], [-1.022208987258666, 44.877891832479], [-1.022625428505921, 44.8779810525595], [-1.023027566526787, 44.878098863803714], [-1.023411529010656, 44.87824413180393], [-1.023773618581204, 44.87841545776058], [-1.024110348389076, 44.87861119194542], [-1.024418475681734, 44.878829449580195], [-1.024540830656587, 44.8789350468617], [-1.024787301240075, 44.878759145868784], [-1.025122994883211, 44.87856251323184], [-1.025484177200841, 44.87839022088431], [-1.025867370076082, 44.878243927860666], [-1.026268883539974, 44.8781250428309], [-1.026684851293003, 44.878034710542536], [-1.027111267920665, 44.87797380080298], [-1.027544027445424, 44.87794290010817], [-1.027978962844633, 44.87794230599819], [-1.028411886154803, 44.87797202419367], [-1.028838628776996, 44.87803176854073], [-1.029255081596236, 44.878120963764964], [-1.029657234529562, 44.878238751007935], [-1.030041215122837, 44.87838399609301], [-1.030403325825431, 44.87855530044132], [-1.03074007958459, 44.878751014532654], [-1.031048233417225, 44.878969253782294], [-1.031157255629861, 44.87906332805161], [-1.031387019795646, 44.878899323023155], [-1.031722691160887, 44.87870267042938], [-1.032083854125446, 44.87853035661136], [-1.032467030758713, 44.878384040810275], [-1.032868531248051, 44.87826513191546], [-1.033284489418817, 44.87817477490428], [-1.033590980763033, 44.878130976738625], [-1.033571743613778, 44.87812828441837], [-1.033155283882849, 44.8780391053811], [-1.032753125041086, 44.87792133081253], [-1.032369140596482, 44.87777609512512], [-1.032007028921575, 44.87760479722862], [-1.031670277621023, 44.87740908704971], [-1.031362129933627, 44.87719084963343], [-1.031085553492817, 44.876952186979445], [-1.030843211746606, 44.87669539778893], [-1.030637438312302, 44.876422955317324], [-1.030470214512731, 44.87613748354633], [-1.030343150309923, 44.87584173190552], [-1.030257468819306, 44.87553854878683], [-1.030213994552826, 44.875230854107585], [-1.030213145503325, 44.87492161118631], [-1.030254929145498, 44.87461379820237], [-1.030338942390884, 44.8743103795145], [-1.030464375496308, 44.87401427711422], [-1.030630019887123, 44.87372834248921], [-1.030834279818925, 44.87345532916729], [-1.031075187764594, 44.87319786620534], [-1.031350423377731, 44.872958432878086], [-1.03165733584927, 44.872739334810426], [-1.03199296944159, 44.872542681782456], [-1.03235409195398, 44.87237036742099], [-1.03273722584534, 44.87222405097247], [-1.033138681714577, 44.872105141332476], [-1.033554593816647, 44.87201478348551], [-1.03385617300879, 44.871971681874676], [-1.033831874971763, 44.87196828095506], [-1.033415460516644, 44.87187910306704], [-1.033013345249095, 44.87176132967013], [-1.032629402257362, 44.87161609516545], [-1.032267329514688, 44.87144479845137], [-1.031930614250732, 44.87124908944322], [-1.031622499357222, 44.871030853174716], [-1.031345952151764, 44.870792191634486], [-1.031103635800856, 44.870535403512996], [-1.030897883677298, 44.870262962055335], [-1.030730676898771, 44.86997749123348], [-1.030603625263492, 44.86968174046784], [-1.030517951765991, 44.869378558141975], [-1.030474480841377, 44.86907086416551], [-1.030473630450461, 44.86876162185024], [-1.030515408081011, 44.86845380936968], [-1.03059941070261, 44.86815039107771], [-1.030724828674537, 44.86785428896207], [-1.030890453568018, 44.86756835450768], [-1.031094689826521, 44.86729534124075], [-1.031335570150997, 44.86703787821757], [-1.031610774461107, 44.86679844471352], [-1.031917652249279, 44.86657934635516], [-1.032253248111908, 44.866382692925434], [-1.032614330211604, 44.866210378054994], [-1.032997421396403, 44.86606406099518], [-1.033398832676409, 44.86594515064749], [-1.033814698735887, 44.86585479200322], [-1.034107250559875, 44.86581297537592], [-1.033715638962612, 44.86572910126395], [-1.033313567104311, 44.865611329184496], [-1.032929665384617, 44.86546609600202], [-1.032567631379218, 44.865294800602165], [-1.03223095194466, 44.86509909288762], [-1.031922869627587, 44.86488085787964], [-1.031646351431883, 44.86464219755467], [-1.031404060244701, 44.864385410591545], [-1.03119832919656, 44.86411297022414], [-1.031031139202265, 44.86382750041394], [-1.030904099898504, 44.863531750571624], [-1.030818434161179, 44.86322856907184], [-1.030774966350806, 44.862920875816314], [-1.030774114398358, 44.862611634109804], [-1.030815885806792, 44.86230382212003], [-1.030899877605767, 44.862000404196145], [-1.031025280258929, 44.86170430232234], [-1.031190885485153, 44.8614183679812], [-1.031395097917426, 44.86114535469785], [-1.031635950486236, 44.86088789152875], [-1.031911123378602, 44.860648457750685], [-1.032217966389546, 44.86042935899284], [-1.032553524450381, 44.860232705042016], [-1.032914566087737, 44.86006038953391], [-1.033297614539261, 44.859914071726], [-1.033698981226511, 44.85979516052695], [-1.034114801263094, 44.859704800936306], [-1.034541070656641, 44.859643863024296], [-1.034973684847089, 44.859612933558196], [-1.035408478210965, 44.85961231035513], [-1.035841264152199, 44.85964199941585], [-1.036267875394362, 44.859701714867], [-1.036684204087372, 44.859790881712435], [-1.037086241343361, 44.859908641366935], [-1.037470115821991, 44.86005385991959], [-1.037832130994432, 44.860225139046946], [-1.038168800727881, 44.86042082947169], [-1.038476882848499, 44.86063904683701], [-1.038589845469829, 44.860736533809266], [-1.038837684763132, 44.86055953670745], [-1.039173220420591, 44.86036286274151], [-1.039534242582355, 44.860190525699785], [-1.039917274673524, 44.86004418504705], [-1.04031862827312, 44.85992524991203], [-1.04073443862071, 44.85983486552471], [-1.04105122546721, 44.85978955945677], [-1.041042499251203, 44.859788338403675], [-1.040626163657952, 44.85969918790197], [-1.040224120479149, 44.85958144107441], [-1.039840242108659, 44.85943623206623], [-1.039478225897323, 44.8592649595302], [-1.039141558530374, 44.85906927314876], [-1.038833482438329, 44.85885105773775], [-1.038556964565244, 44.85861241508489], [-1.038314667795313, 44.85835564369878], [-1.038108925312995, 44.858083216663324], [-1.037941718143395, 44.85779775781165], [-1.0378146560888, 44.85750201644891], [-1.037728962244413, 44.857198840868115], [-1.037685461241619, 44.856891150914024], [-1.037684571331226, 44.85658190985973], [-1.037726300381898, 44.856274095866596], [-1.037810245831347, 44.8559706733032], [-1.037935598589682, 44.85567456419838], [-1.038101150856353, 44.85538862010446], [-1.038305307774392, 44.85511559464049], [-1.038546102808906, 44.85485811698029], [-1.038821216700943, 44.854618666540176], [-1.039127999813642, 44.85439954910988], [-1.039463497655048, 44.854202874655975], [-1.039824479331585, 44.854030537011624], [-1.040207468658184, 44.85388419564745], [-1.040608777625625, 44.853765259699], [-1.041024541903193, 44.8536748744041], [-1.041450758035317, 44.85361391008052], [-1.041883321974685, 44.85358295374985], [-1.042318068581595, 44.85358230348787], [-1.042750811710121, 44.853611965555885], [-1.043177384496023, 44.85367165434047], [-1.043593679459476, 44.85376079510223], [-1.043601858216121, 44.85376319039648], [-1.043579366977505, 44.85373341191222], [-1.043412144955017, 44.853447961700034], [-1.043285063937137, 44.85315222701317], [-1.043199347201831, 44.852849056080395], [-1.043155819601082, 44.8525413687017], [-1.043154899641971, 44.8522321281254], [-1.043196595482661, 44.85192431250836], [-1.043280504880777, 44.85162088623475], [-1.043405819093691, 44.85132477136923], [-1.043571330692101, 44.8510388195196], [-1.043775445210706, 44.85076578437965], [-1.044016196522921, 44.850508295216386], [-1.044291265790819, 44.85026883155695], [-1.044598003807219, 44.850049699318355], [-1.044672643351191, 44.850005935069454], [-1.044690614417137, 44.84994094126119], [-1.044815917448518, 44.84964482496472], [-1.044981416918419, 44.84935887116803], [-1.045185518478355, 44.84908583358369], [-1.045426256126543, 44.84882834150223], [-1.045701311156641, 44.8485888744789], [-1.046008034498567, 44.84836973846312], [-1.046343472235871, 44.848173043600475], [-1.046704394053666, 44.84800068392066], [-1.047087324343183, 44.84785431910652], [-1.047488575663577, 44.84773535851939], [-1.047904284239113, 44.84764494763434], [-1.048330447150467, 44.84758395701561], [-1.048762960862686, 44.847552973937916], [-1.049197660719611, 44.84755229673462], [-1.049630361025393, 44.84758193192644], [-1.050056895328074, 44.84764159415874], [-1.050473156518351, 44.84773070894777], [-1.050875136358329, 44.84784841820963], [-1.050897934940806, 44.847857041087664], [-1.05118785783694, 44.84764987816524], [-1.05152327313721, 44.84745316769561], [-1.051884174435353, 44.84728079121391], [-1.052267086320123, 44.847134408564735], [-1.052668321527837, 44.84701542928117], [-1.05294889355164, 44.84695439385088], [-1.052704710213765, 44.84678145880321], [-1.052428192829063, 44.84654285163284], [-1.052185884717549, 44.84628611152474], [-1.051980119173249, 44.846013711261655], [-1.051812877443739, 44.845728274418896], [-1.051685769664531, 44.84543255008975], [-1.051600019371558, 44.84512938640322], [-1.051556451740217, 44.84482170308963], [-1.051555485663328, 44.84451246335816], [-1.051597129743381, 44.844204645357586], [-1.05168098223665, 44.8439012134951], [-1.051806234948651, 44.84360508988925], [-1.05197168104245, 44.84331912623205], [-1.05217572668362, 44.84304607633102], [-1.05241640640889, 44.84278856959539], [-1.05269140206969, 44.84254908572153], [-1.052998065167608, 44.842329930821144], [-1.053333442366249, 44.842133215221715], [-1.0536943039336, 44.84196083315262], [-1.054077174840962, 44.84181444451231], [-1.054478368219184, 44.84169545889156], [-1.054894020850355, 44.8416050220065], [-1.055320130353731, 44.84154400467169], [-1.055752593708518, 44.84151299441916], [-1.056187246743356, 44.8415122898439], [-1.056619904213166, 44.8415418977302], [-1.0570464000784, 44.84160153298633], [-1.057462627599834, 44.84169062138834], [-1.057864578863766, 44.84180830510635], [-1.058248383357952, 44.84195345096061], [-1.0586103452276, 44.842124661327794], [-1.058946978853406, 44.84232028759268], [-1.059255042409543, 44.84253844601633], [-1.05938332756452, 44.842649132008745], [-1.059647782453674, 44.842460109390586], [-1.059983137143291, 44.84226337368971], [-1.060343979140892, 44.84209096999325], [-1.060726833606138, 44.84194455840793], [-1.061128013828132, 44.84182554874544], [-1.061543656715578, 44.84173508695345], [-1.061891826336464, 44.84168520886677], [-1.061843975745, 44.841678520372255], [-1.061427741365851, 44.84158944840192], [-1.061025784204043, 44.841471777596844], [-1.060641975824987, 44.84132664137], [-1.060280012905522, 44.84115543767316], [-1.059943381617819, 44.84095981552578], [-1.059635324045203, 44.84074165912502], [-1.059358806953746, 44.84050306969032], [-1.059116493220562, 44.84024634521776], [-1.05891071619399, 44.839973958339485], [-1.058743457232372, 44.83968853250196], [-1.058616326637364, 44.839392816692495], [-1.058530548164828, 44.83908965895809], [-1.058486947261729, 44.83878197897179], [-1.058485943141483, 44.838472739910735], [-1.058527544773113, 44.83816491991736], [-1.058611350821817, 44.837861483418045], [-1.058736553540491, 44.837565352576036], [-1.058901946573721, 44.83727937915308], [-1.059105936598105, 44.8370063170508], [-1.059346558685972, 44.83674879579592], [-1.059621495243778, 44.83650929522469], [-1.059928098342213, 44.836290121609615], [-1.060263415222591, 44.836093385458426], [-1.060624216733641, 44.8359209811984], [-1.061007028424874, 44.835774568941694], [-1.061408163997235, 44.83565555850649], [-1.06182376078932, 44.83556509584789], [-1.062249816957955, 44.835504052028604], [-1.062682229995799, 44.83547301483571], [-1.063116836215902, 44.83547228312356], [-1.063549450823881, 44.835501863937786], [-1.063975908192852, 44.83556147244732], [-1.064392101954234, 44.835650534685726], [-1.064794024519398, 44.835768193075104], [-1.06517780565246, 44.83591331467959], [-1.065539749723629, 44.836084502109316], [-1.065876371285065, 44.836280106970015], [-1.066184428627219, 44.83649824572882], [-1.066326888658428, 44.83662115293897], [-1.066607814436785, 44.83642030100155], [-1.06694310870289, 44.83622354465972], [-1.06730389055143, 44.836051118676096], [-1.067686685721169, 44.83590468337197], [-1.06807430278147, 44.835789656565595], [-1.067833990581533, 44.83565002235794], [-1.067525931485723, 44.83543188823881], [-1.067249407020483, 44.83519331887906], [-1.067007080134102, 44.83493661208146], [-1.066801284301768, 44.83466424030798], [-1.066728222526719, 44.83453958496872], [-1.066550609468419, 44.8344555806896], [-1.066213996490814, 44.8342599779911], [-1.065905951305826, 44.83404183947448], [-1.065629440560337, 44.83380326618697], [-1.065387127070491, 44.833546555969114], [-1.065181344182444, 44.833274181315815], [-1.065014073311176, 44.832988765555804], [-1.064886924873236, 44.83269305757936], [-1.064859906394028, 44.832597597402994], [-1.064448140503966, 44.832509479897624], [-1.064046241973314, 44.83239182038144], [-1.063662487815781, 44.83224669503156], [-1.063300574185942, 44.83207550169494], [-1.062963986781242, 44.831879889291244], [-1.062655967262394, 44.8316617419238], [-1.062379482029048, 44.83142316072505], [-1.062137193651602, 44.83116644361176], [-1.061931435234339, 44.83089406314523], [-1.061764187956554, 44.83060864271014], [-1.06163706200758, 44.830312931241785], [-1.061551281098751, 44.83000977674541], [-1.061507670700725, 44.82970209886286], [-1.061506650118594, 44.829392860751085], [-1.061548228480141, 44.829085040543305], [-1.061632004674884, 44.828781602668066], [-1.061757171243416, 44.828485469301846], [-1.061922522178628, 44.82819949223072], [-1.06212646456267, 44.82792642539147], [-1.062367033926754, 44.82766889835647], [-1.062641913185134, 44.82742939101761], [-1.062948454960316, 44.82721020971262], [-1.063283707084139, 44.82701346502324], [-1.063644441028878, 44.82684105145903], [-1.064027182994608, 44.82669462922171], [-1.064428247353599, 44.826575608225575], [-1.064843772130075, 44.82648513452746], [-1.065269756174191, 44.826424079296345], [-1.065702097672976, 44.82639303042917], [-1.066136633628207, 44.82639228689276], [-1.066569179921967, 44.826421855846554], [-1.066995571585057, 44.82648145257371], [-1.067411702881495, 44.826570503221255], [-1.067813566824062, 44.82668815032284], [-1.06819729374132, 44.82683326105134], [-1.068559188525521, 44.82700443812161], [-1.06889576620345, 44.827200033239144], [-1.069203785488185, 44.827418162964875], [-1.069480279989075, 44.82765672684435], [-1.069722586779576, 44.827913427626356], [-1.0699283720478, 44.82818579337722], [-1.070095653582584, 44.82847120127774], [-1.070222819878121, 44.82876690287435], [-1.070249845626094, 44.82886236162435], [-1.070661593887163, 44.82895045749565], [-1.070845371706296, 44.829004250818706], [-1.07088187296208, 44.82887196093657], [-1.07100699098356, 44.828575817129554], [-1.071172295108364, 44.828289826268026], [-1.071376192869332, 44.82801674242164], [-1.071616720227288, 44.8277591953266], [-1.071891560500872, 44.82751966506802], [-1.072198066687877, 44.827300458204334], [-1.072533286962708, 44.827103685563465], [-1.072893993104205, 44.826931241924115], [-1.073276711580049, 44.826784787777655], [-1.073394721868754, 44.82674975541868], [-1.073452016508571, 44.82654206107152], [-1.073577115797608, 44.82624591459443], [-1.073742399988308, 44.8259599201243], [-1.073946276805499, 44.82568683176552], [-1.074186782411697, 44.82542927929774], [-1.074461600335006, 44.82518974285786], [-1.07476808378843, 44.824970529063826], [-1.075103281165267, 44.824773748810316], [-1.075463964464817, 44.82460129694934], [-1.075846660374683, 44.82445483405144], [-1.076247683710474, 44.82433577042244], [-1.076663172891297, 44.82424525252967], [-1.077089127109951, 44.82418415196773], [-1.077521444840569, 44.824153057070006], [-1.077955963313731, 44.82415226724657], [-1.078388498579824, 44.82418179010253], [-1.078814885775837, 44.82424134136492], [-1.079231019208836, 44.82433034761855], [-1.079632891871096, 44.82444795182459], [-1.08001663400731, 44.824593021568894], [-1.080096941224618, 44.824630996413], [-1.08020142282609, 44.82453991342968], [-1.080507880344123, 44.8243206838286], [-1.080843053744883, 44.82412388627776], [-1.081203715258471, 44.82395141579575], [-1.081586391782199, 44.82380493313244], [-1.08198739831828, 44.823685848784], [-1.08240287344753, 44.82359530941725], [-1.082828816497999, 44.82353418683355], [-1.083261126051323, 44.82350306957838], [-1.083695639416797, 44.82350225727705], [-1.084128172693982, 44.82353175775114], [-1.084554561039024, 44.82359128694317], [-1.084970698747947, 44.823680271650474], [-1.085372578771888, 44.823797855041676], [-1.085756331284703, 44.82394290490311], [-1.086118260932367, 44.82411402453577], [-1.086454882406165, 44.8243095661982], [-1.08676295399769, 44.824527646966196], [-1.086880560799466, 44.82462907948894], [-1.087157598869239, 44.824430862479176], [-1.087492749638601, 44.82423404483394], [-1.087853391449317, 44.82406155273078], [-1.088236051388337, 44.82391504712775], [-1.088453181645649, 44.823850552429214], [-1.088315470474274, 44.82377056050413], [-1.088007397008353, 44.823552484101555], [-1.087730844057883, 44.82331396671941], [-1.087488474845898, 44.82305730565987], [-1.087282623255653, 44.82278497294446], [-1.087115271364239, 44.8224995914981], [-1.086988030368935, 44.8222039098807], [-1.086902125089456, 44.82190077581018], [-1.086858382194576, 44.82159310873179], [-1.086857222265694, 44.82128387169858], [-1.086898655772784, 44.8209760428336], [-1.086982283000501, 44.8206725866489], [-1.087107297924092, 44.82037642549742], [-1.087272495996791, 44.820090411432986], [-1.087476285772723, 44.81981729874877], [-1.087716704252544, 44.81955971745872], [-1.087991435803266, 44.81932014797734], [-1.088297834469503, 44.81910089724083], [-1.088632949460858, 44.8189040764996], [-1.088993553569791, 44.8187315809956], [-1.08937617424627, 44.81858507171964], [-1.089777127030164, 44.81846595942416], [-1.09019255101976, 44.8183753910451], [-1.090618446035428, 44.81831423866316], [-1.09105071112123, 44.818283091110786], [-1.091485184014553, 44.81828224830499], [-1.091917681204596, 44.81831171836108], [-1.092344038194941, 44.81837121751446], [-1.092760149583508, 44.81846017285172], [-1.093162008574881, 44.81857772782432], [-1.093545745545475, 44.81872275049217], [-1.093639866660525, 44.81876724551723], [-1.093831258698143, 44.81860032159084], [-1.094137630657133, 44.81838105477922], [-1.094472720904111, 44.81818421644594], [-1.094833302469728, 44.81801170200233], [-1.095215903020957, 44.817865172621545], [-1.095616838291386, 44.81774603924966], [-1.096032247547881, 44.81765544902558], [-1.096458130752627, 44.817594274240356], [-1.096890387063375, 44.81756310394211], [-1.097324854301982, 44.8175622382669], [-1.097757349012086, 44.81759168555025], [-1.098183706721156, 44.81765116224686], [-1.09859982202021, 44.817740095659516], [-1.099001688076215, 44.81785762945078], [-1.099385435197612, 44.818002631884575], [-1.099747368082413, 44.81817370671862], [-1.100084001390894, 44.81836920664287], [-1.100392093300882, 44.81858724913502], [-1.100510536811146, 44.818689377976916], [-1.100787349254848, 44.818491233462886], [-1.101122416867787, 44.81829437503806], [-1.101482978727215, 44.818121838975784], [-1.101865562689781, 44.817975286657436], [-1.102266484648732, 44.81785612924992], [-1.102681883999049, 44.81776551412358], [-1.103107760798255, 44.81770431380924], [-1.103179308687054, 44.817699150238084], [-1.103277210915789, 44.817467034692946], [-1.103442318145202, 44.81718099683437], [-1.103646018791878, 44.81690785471866], [-1.103886350714637, 44.81665023864336], [-1.104160999113845, 44.816410629357975], [-1.104467318834646, 44.816191334182086], [-1.104802359846646, 44.81599446479407], [-1.105162895654467, 44.81582191690433], [-1.105545454365563, 44.815675352008185], [-1.105946352116283, 44.81555618139362], [-1.106361728534661, 44.81546555255818], [-1.106787583898981, 44.81540433816472], [-1.107201814398257, 44.815374427645956], [-1.107218938437771, 44.81524684616584], [-1.107302447427154, 44.814943375253485], [-1.10742734253086, 44.81464719178007], [-1.107592420355974, 44.81436114801448], [-1.10779609061452, 44.81408799853599], [-1.108036391457952, 44.81383037371302], [-1.108311008385906, 44.81359075437931], [-1.108617296546554, 44.81337144795125], [-1.10895230621337, 44.81317456621561], [-1.109312811192761, 44.81300200500169], [-1.109695339888982, 44.812855425933044], [-1.110096208727342, 44.81273624043424], [-1.110511557614212, 44.81264559614608], [-1.110937387092923, 44.81258436588027], [-1.111369596838423, 44.812553139219105], [-1.111804025120839, 44.81255221684135], [-1.11218648925748, 44.812578209679636], [-1.112093956158009, 44.81245586211588], [-1.111926509055069, 44.81217051908987], [-1.111799160929491, 44.81187486695924], [-1.11171313763317, 44.811571753158034], [-1.111669266971856, 44.81126409693646], [-1.111667970757748, 44.81095486124316], [-1.111709260773583, 44.810647024188455], [-1.111792738686083, 44.81034355036338], [-1.111917599908556, 44.810047362290966], [-1.112082641374432, 44.80976131228442], [-1.112286273145921, 44.80948815498315], [-1.112526533745128, 44.809230520830894], [-1.112801109059234, 44.80899089075133], [-1.113107354637116, 44.80877157226426], [-1.113442321162267, 44.80857467727262], [-1.113802782856474, 44.80840210173336], [-1.114185268540733, 44.80825550740803], [-1.11458609505445, 44.80813630586806], [-1.115001402711472, 44.80804564490875], [-1.115427192452054, 44.80798439750231], [-1.115859364333706, 44.80795315339609], [-1.116293756991082, 44.80795221343688], [-1.116726187685836, 44.807981586675446], [-1.117152492561769, 44.80804099027948], [-1.117568566718617, 44.808129852255576], [-1.11769382813647, 44.80816646879006], [-1.117777644566832, 44.80796758344836], [-1.117942650105525, 44.807681524923375], [-1.118146245866288, 44.807408357056], [-1.11838647071797, 44.80715071039179], [-1.118661010891948, 44.8069110659749], [-1.118967222275425, 44.80669173146323], [-1.119302155881102, 44.80649481891403], [-1.119662586247683, 44.806322224453346], [-1.120045042497753, 44.80617561002494], [-1.120445841754073, 44.8060563873938], [-1.120861124592877, 44.80596570455836], [-1.121286892193337, 44.805904434701446], [-1.121719044826093, 44.805873167786615], [-1.121788870029869, 44.805873013115985], [-1.121680631753653, 44.80575846452388], [-1.121474677884494, 44.80548619684604], [-1.121307203927207, 44.80520086864971], [-1.121179822255369, 44.80490522798223], [-1.121093759044182, 44.80460212216726], [-1.121049842484024, 44.80429447037815], [-1.121048494829326, 44.80398523552094], [-1.121089728358403, 44.80367739569793], [-1.121173145282113, 44.80337391552688], [-1.121297941601218, 44.80307771759203], [-1.121462914874256, 44.802791654301586], [-1.121666475820179, 44.8025184804229], [-1.121906663643138, 44.802260826559476], [-1.122181164931106, 44.80202117382478], [-1.122487335945743, 44.80180182995684], [-1.122822228088462, 44.801604907103005], [-1.123182616297194, 44.80143230148859], [-1.123565030100425, 44.80128567516472], [-1.123965787029579, 44.801166440010974], [-1.124381028068398, 44.801075744146324], [-1.124806754798471, 44.801014460879074], [-1.12523886788391, 44.800983180301934], [-1.125673206525404, 44.80098220361282], [-1.126105588504635, 44.80101154021619], [-1.12653185043442, 44.80107090763247], [-1.126947887827995, 44.80115973421673], [-1.127349694602528, 44.80127716466017], [-1.127733401637433, 44.80142206822188], [-1.128095314016962, 44.80159304961164], [-1.128431946599172, 44.801788462419296], [-1.128740057569292, 44.802006424961455], [-1.129016679654746, 44.8022448383937], [-1.129259148701435, 44.80250140691378], [-1.129465129336074, 44.802773659861884], [-1.129632637467246, 44.803058975505415], [-1.129760059408093, 44.80335460627951], [-1.129846167435894, 44.80365770524066], [-1.129890131637997, 44.80396535347891], [-1.129891527929114, 44.80427458822467], [-1.129850342161864, 44.80458243137995], [-1.129766970289925, 44.80488591819889], [-1.129642214581224, 44.80518212584183], [-1.129477275916585, 44.80546820152746], [-1.129273742247077, 44.80574139001205], [-1.12903357332033, 44.80599906013087], [-1.128759081822202, 44.80623873014573], [-1.128452911114813, 44.80645809165452], [-1.128118009784944, 44.806655031832], [-1.127757603247719, 44.8068276537871], [-1.127375162679008, 44.80697429484073], [-1.126974371575967, 44.80709354254725], [-1.126559090268141, 44.80718424830531], [-1.126133318721452, 44.80724553842635], [-1.125701157994069, 44.80727682255436], [-1.125631331057378, 44.80727697968797], [-1.125739580308072, 44.8073915244831], [-1.125945561815214, 44.807663784415816], [-1.12611306665416, 44.80794910584445], [-1.126240481169627, 44.808244741148414], [-1.126326577710272, 44.80854784334057], [-1.126370526473933, 44.8088554934798], [-1.12637190352387, 44.80916472877823], [-1.126330694897882, 44.80947257113247], [-1.126247296769684, 44.809776055804406], [-1.126122511659973, 44.810072259975], [-1.125957540732654, 44.810358330896364], [-1.12575397224946, 44.810631513370666], [-1.125513766293283, 44.810889176290985], [-1.125239235906599, 44.811128837988505], [-1.124933024826086, 44.81134819014117], [-1.124598082027401, 44.81154512001384], [-1.124237633325122, 44.811717730814735], [-1.123917352135769, 44.81184051434258], [-1.124018891570026, 44.811833166289524], [-1.124453314074471, 44.8118321943744], [-1.124885778881135, 44.81186153584054], [-1.125312121805422, 44.811920908161575], [-1.125728237580787, 44.81200973964531], [-1.126130119369753, 44.8121271749358], [-1.126513897329483, 44.81227208324548], [-1.126875875861314, 44.81244306923839], [-1.12721256918631, 44.81263848646003], [-1.127520734904745, 44.81285645318453], [-1.127654148308189, 44.812971420930545], [-1.12794652818775, 44.81276196821511], [-1.128281466505637, 44.8125650281519], [-1.128641908222521, 44.8123924041623], [-1.129024382351585, 44.81224575847444], [-1.129425205843354, 44.81212650315436], [-1.129840519040659, 44.812035786515196], [-1.130266322830334, 44.81197448206532], [-1.130698517134582, 44.81194318010138], [-1.131132940372152, 44.81194218202723], [-1.131565409510298, 44.811971497453236], [-1.131991760322734, 44.81203084410378], [-1.132407887466995, 44.81211965053383], [-1.132809783996185, 44.812237061628664], [-1.133193579925591, 44.81238194683373], [-1.133555579483599, 44.81255291103556], [-1.133892296688883, 44.81274830798948], [-1.134200488911856, 44.81296625616482], [-1.134358052735475, 44.81310201159052], [-1.134370059858656, 44.81309152746338], [-1.134676243605669, 44.81287214913371], [-1.135011158999094, 44.812675188744535], [-1.135371580752785, 44.81250254288261], [-1.135754038072073, 44.81235587398666], [-1.136154848069272, 44.8122365943462], [-1.136570151217089, 44.81214585250859], [-1.136995948499078, 44.812084522224815], [-1.137428139900064, 44.81205319404027], [-1.137862563866744, 44.8120521696113], [-1.137881667367062, 44.81205346342872], [-1.137857014951339, 44.81201149222031], [-1.137729530799554, 44.811715869889895], [-1.13764336791703, 44.81141277622973], [-1.137599355453989, 44.8111051302962], [-1.137597916588355, 44.81079589493904], [-1.137639064476683, 44.8104880482655], [-1.137722402154378, 44.810184554959406], [-1.137847126385117, 44.80988833773157], [-1.138012035421386, 44.80960224917612], [-1.138215540600442, 44.809329044303816], [-1.138455681663166, 44.809071354016645], [-1.138730145647518, 44.80883165977894]], [[-1.10091573846408, 44.860918914330476], [-1.100499299562998, 44.86082998834931], [-1.100097122871762, 44.86071245833227], [-1.099713082070803, 44.860567456336355], [-1.099350876076155, 44.86039637902042], [-1.09901399340176, 44.86020087418676], [-1.09870567855271, 44.85998282490266], [-1.098553845911183, 44.859851994267196], [-1.098264506327598, 44.86005894442567], [-1.097929179517113, 44.86025579690455], [-1.097568336228348, 44.86042832379126], [-1.097185451844332, 44.86057486332225], [-1.096784214137588, 44.86069400402973], [-1.096404440152056, 44.860776763733945], [-1.09618580917876, 44.86088129082768], [-1.096461073527715, 44.86094008233678], [-1.096863244239192, 44.861057625533654], [-1.097247281033716, 44.86120263741015], [-1.097609485820165, 44.86137372163306], [-1.097946370640633, 44.86156923080193], [-1.09825469125093, 44.86178728230549], [-1.098383504071618, 44.86189827445252], [-1.098645142535124, 44.86171114307495], [-1.098980475525831, 44.86151428834181], [-1.099341321453994, 44.8613417568054], [-1.099724205440962, 44.861195209803526], [-1.100125440491211, 44.86107605845187], [-1.100541162985267, 44.86098545006247], [-1.100960821206493, 44.86092519734372], [-1.10091573846408, 44.860918914330476]], [[-1.092614120373828, 44.8612486808949], [-1.092463041436833, 44.86121640772068], [-1.092561764794235, 44.86127370928056], [-1.092614120373828, 44.8612486808949]], [[-1.091635284388314, 44.848062217274915], [-1.092068010947993, 44.84809168703371], [-1.092494594133435, 44.84815118619101], [-1.092910926364864, 44.848240141833365], [-1.093312998720645, 44.848357697409256], [-1.093696939522914, 44.84850272097287], [-1.09397606047978, 44.848634603621356], [-1.09410609241877, 44.848595988786094], [-1.094174520779868, 44.84858107548138], [-1.094290310278627, 44.8483806525415], [-1.09432971722424, 44.84832785558713], [-1.094037233140197, 44.84824234407219], [-1.09365329323906, 44.84809732169788], [-1.093291186109432, 44.84792622530059], [-1.092954399312912, 44.847730702866336], [-1.092646176431067, 44.84751263763193], [-1.092513887314772, 44.84739860456435], [-1.092233594310183, 44.847599097166324], [-1.091898320745791, 44.84779593063852], [-1.091537538975235, 44.84796843723059], [-1.091290769064633, 44.84806288583576], [-1.091635284388314, 44.848062217274915]], [[-1.092936370178859, 44.84306100359912], [-1.093271611847586, 44.84286416729437], [-1.093632355512791, 44.84269165535221], [-1.094015127280594, 44.84254512892176], [-1.094416241236031, 44.84242599892063], [-1.094831834925581, 44.84233541245524], [-1.095186407087362, 44.84228450700818], [-1.095145777414243, 44.842278840563004], [-1.09472948582288, 44.84218989347549], [-1.094327454646489, 44.842072343266246], [-1.093943556163709, 44.84192732218668], [-1.093581487919626, 44.84175622707952], [-1.093244737101295, 44.84156070591834], [-1.093045367108092, 44.841419639352445], [-1.092732172749999, 44.841398310502775], [-1.092584995048262, 44.84137778049028], [-1.092513278237228, 44.84142908496613], [-1.09217804247524, 44.841625918888305], [-1.091817301187731, 44.8417984260436], [-1.091434528775322, 44.84194494485859], [-1.091033411932015, 44.84206406406496], [-1.091015510063686, 44.842067965500405], [-1.090854601512733, 44.84224030903775], [-1.090772099238331, 44.842312228902564], [-1.09113291030532, 44.842417739889626], [-1.091516804883638, 44.84256277071417], [-1.091878872037623, 44.84273387260178], [-1.092215625134577, 44.84292939798191], [-1.09252382119868, 44.84314746408715], [-1.092656100324318, 44.8432614969854], [-1.092936370178859, 44.84306100359912]], [[-1.140469742028603, 44.83752529836986], [-1.140830306425188, 44.837352633352765], [-1.141196065474282, 44.83721240578115], [-1.141028612004866, 44.83709405702188], [-1.140856706602751, 44.83694603250636], [-1.140575042722505, 44.837147789383415], [-1.140240000949656, 44.837344768165394], [-1.139879434789392, 44.837517431264146], [-1.13949681695493, 44.83766411560432], [-1.139485593969438, 44.83766745446593], [-1.139681727737645, 44.8378060771551], [-1.139834293367369, 44.83793745061448], [-1.14013469763531, 44.837722276858266], [-1.140469742028603, 44.83752529836986]], [[-1.140780020062544, 44.83133531089864], [-1.141140543784603, 44.83116264522429], [-1.141441539730902, 44.83104723361164], [-1.141238980330213, 44.830904058897445], [-1.14109579432798, 44.830780751526035], [-1.140834725181966, 44.83096777766688], [-1.140499721169391, 44.8311647568333], [-1.140139195464584, 44.831337420425776], [-1.139791559155399, 44.831470709411654], [-1.140011355417047, 44.831626071734284], [-1.140148831894498, 44.83174446381583], [-1.140445013666908, 44.83153228992373], [-1.140780020062544, 44.83133531089864]], [[-1.134681346867134, 44.824439356664456], [-1.134404122620459, 44.8246379457538], [-1.13406913380296, 44.82483490509421], [-1.133708628950827, 44.825007547432705], [-1.133333734641965, 44.82515127533091], [-1.13358123168699, 44.82532626570871], [-1.133727995768827, 44.82545269094434], [-1.133729360249697, 44.82545149981221], [-1.134035613842754, 44.82523212234888], [-1.134370605145623, 44.825035163083776], [-1.13473110814118, 44.824862518592845], [-1.135063163317177, 44.824735208529624], [-1.134849106693351, 44.82458386609025], [-1.134681346867134, 44.824439356664456]], [[-1.127996777377637, 44.82430263861938], [-1.127723838455705, 44.82449812530545], [-1.127388827059197, 44.82469506446703], [-1.127028302582353, 44.824867685091654], [-1.12664573733705, 44.825014324513006], [-1.126589349878342, 44.82503109591911], [-1.126851479619871, 44.82521646420398], [-1.127008071642208, 44.82535137905278], [-1.127019618476756, 44.82534130090269], [-1.127325897662121, 44.825121941968106], [-1.127660911824033, 44.82492500296871], [-1.128021434725335, 44.824752380285275], [-1.128396339959245, 44.824608670355666], [-1.128148862220712, 44.82443366845431], [-1.127996777377637, 44.82430263861938]], [[-1.121404542296798, 44.82444363526385], [-1.120989123783225, 44.82453432069299], [-1.120563351322675, 44.82459557013516], [-1.120307973871677, 44.82471782354719], [-1.119925392111596, 44.824864439789266], [-1.119839505649114, 44.82488997906919], [-1.120131726567948, 44.825096662426844], [-1.120288814933132, 44.82523202865111], [-1.120289877477145, 44.82523110141537], [-1.120596182330564, 44.82501176106634], [-1.120931219419085, 44.824814842394446], [-1.121291762284877, 44.82464224158474], [-1.12167433896724, 44.824495620642075], [-1.121730727355408, 44.82447885173679], [-1.12159912071961, 44.82438577143644], [-1.121404542296798, 44.82444363526385]], [[-1.114211527054083, 44.8246946820856], [-1.114572089786796, 44.82452210311894], [-1.114954683182354, 44.82437550535264], [-1.115040571078388, 44.82434996985832], [-1.114748372767827, 44.824143273143584], [-1.11457231147155, 44.823991532933434], [-1.114283265689874, 44.82419848649438], [-1.113948208981792, 44.82439538505117], [-1.113587645146181, 44.82456796198316], [-1.113205046874181, 44.8247145550449], [-1.113089455461132, 44.82474891926296], [-1.113123795729986, 44.82476885332853], [-1.11343197331788, 44.824986860068286], [-1.113573282256935, 44.825108650159414], [-1.113876467136136, 44.82489158045807], [-1.114211527054083, 44.8246946820856]], [[-1.175622157232731, 44.82489370453338], [-1.175346395939104, 44.82478976105375], [-1.17534635206498, 44.824789820005954], [-1.175106313025947, 44.82504759148099], [-1.174831925029595, 44.82528737699715], [-1.174525830440369, 44.82550686704005], [-1.174190977111168, 44.82570394754654], [-1.173830589994133, 44.82587672027407], [-1.173604852450947, 44.82596336835666], [-1.173649755874864, 44.82599508418891], [-1.173784304830725, 44.826110866065555], [-1.174073919933977, 44.82590319905877], [-1.174408774861019, 44.82570611889257], [-1.174769159106281, 44.825533344296815], [-1.175151602235793, 44.82538653894992], [-1.175552421498118, 44.82526711645538], [-1.175967757276467, 44.825176226736076], [-1.176393610240017, 44.825114744967], [-1.176495954904737, 44.825107291450344], [-1.176440528132884, 44.82509960116388], [-1.176024235349139, 44.82501095954362], [-1.175622157232731, 44.82489370453338]], [[-1.153489848129559, 44.831627145225994], [-1.153196616270848, 44.831739619797865], [-1.15336086411755, 44.831855678054744], [-1.15343525742718, 44.831919721905514], [-1.153654454231805, 44.83176264511219], [-1.153989415688038, 44.83156562619589], [-1.154349900290782, 44.83139291759425], [-1.154687223733377, 44.83126352545578], [-1.154589468140999, 44.83119445261329], [-1.154445774849879, 44.83107075160548], [-1.154185293594589, 44.831257418756145], [-1.153850334662516, 44.83145443824375], [-1.153489848129559, 44.831627145225994]], [[-1.147495008511233, 44.83110759861954], [-1.147160027014866, 44.83130459790165], [-1.146799520880621, 44.8314772831406], [-1.146498533636568, 44.83159270930289], [-1.146701108921337, 44.83173587444826], [-1.146831556800043, 44.83184819405684], [-1.147104731395503, 44.831652468985524], [-1.147439715159649, 44.831455469847796], [-1.147800219186414, 44.83128278253023], [-1.148093459462463, 44.83117032223557], [-1.147929224499309, 44.83105425620861], [-1.147765819386933, 44.830913561352084], [-1.147495008511233, 44.83110759861954]], [[-1.135046985420153, 44.818296958852756], [-1.134988646807044, 44.81824670043647], [-1.134693806493801, 44.81845793317764], [-1.134358855527559, 44.81865489298868], [-1.133998391207372, 44.818827535914515], [-1.133616951444878, 44.81897379027486], [-1.133860861392656, 44.81914626180922], [-1.134018057544356, 44.819281687027264], [-1.134029710842602, 44.81927151303281], [-1.134335929586898, 44.81905213519027], [-1.134670883000997, 44.818855175422414], [-1.1349975962047, 44.81869869474966], [-1.13499730638641, 44.818635790900636], [-1.135038474259678, 44.818327944385814], [-1.135046985420153, 44.818296958852756]], [[-1.161140085825287, 44.819234253900675], [-1.160779700079106, 44.819406983865555], [-1.16055779099844, 44.81949213834882], [-1.160689872918451, 44.81958547063732], [-1.160824243220481, 44.81970115037661], [-1.161114797129437, 44.81949285526696], [-1.161449659301964, 44.819295814631836], [-1.161810042276174, 44.819123082497065], [-1.161988007312768, 44.81905478794437], [-1.16186045466652, 44.81896465828667], [-1.16173127504662, 44.81885344877243], [-1.161474946368325, 44.81903721320619], [-1.161140085825287, 44.819234253900675]], [[-1.147449194516988, 44.81949191089732], [-1.147580617246379, 44.81939772714632], [-1.1476115733653, 44.81928493582238], [-1.147736265668328, 44.81898870657711], [-1.147751107148595, 44.81896295422036], [-1.147429047592492, 44.81911725910352], [-1.14711764659444, 44.81923670689385], [-1.147300366259769, 44.81936586545573], [-1.147447968905936, 44.819492981293216], [-1.147449194516988, 44.81949191089732]], [[-1.167160264194058, 44.8257368578427], [-1.166913793940763, 44.825831445127164], [-1.166990001308252, 44.82588528052945], [-1.167115205146451, 44.825993039490385], [-1.167394202389122, 44.82579301938484], [-1.167729080084984, 44.825595959385325], [-1.168089484159775, 44.8254232064922], [-1.168315228036858, 44.82533656964621], [-1.168270328150002, 44.82530485166206], [-1.168121252846953, 44.825176549507965], [-1.167855546809374, 44.82536704642283], [-1.167520670921152, 44.82556410678913], [-1.167160264194058, 44.8257368578427]], [[-1.160489937971759, 44.82558699538313], [-1.160213567014104, 44.82569303636129], [-1.160330246717422, 44.8257754768851], [-1.160455196015417, 44.825883035448854], [-1.16073448403626, 44.82568284026572], [-1.161069384428333, 44.825485800373905], [-1.161429808268527, 44.82531306911967], [-1.161676285478316, 44.825218494033436], [-1.161600084105854, 44.82516465499355], [-1.161444924590792, 44.82503109312643], [-1.161185262627253, 44.82521722578131], [-1.160850364242103, 44.82541426600536], [-1.160489937971759, 44.82558699538313]], [[-1.154205634826307, 44.825308263370644], [-1.153931156382358, 44.825547997212034], [-1.153708858158169, 44.82570731488754], [-1.153789729615603, 44.82577694250119], [-1.154074765703532, 44.82557266116317], [-1.154409688789346, 44.82537564138048], [-1.154770132392302, 44.825202931766356], [-1.155046511210829, 44.825096904364315], [-1.154929840668186, 44.82501445830287], [-1.154765849713279, 44.82487326962013], [-1.154494977597026, 44.825067405661194], [-1.154351305979538, 44.82515192197049], [-1.154205634826307, 44.825308263370644]], [[-1.146391481042821, 44.837925879271864], [-1.14651071641477, 44.838028534311135], [-1.146784416276853, 44.83783245565879], [-1.147119438011782, 44.837635457088524], [-1.147479982677668, 44.8374627704612], [-1.147786116179098, 44.83734537928489], [-1.147628853378607, 44.837234251673486], [-1.147512993804736, 44.837134504508086], [-1.147285328687321, 44.8372976089983], [-1.146950309548679, 44.83749460804759], [-1.146589763050454, 44.837667292955906], [-1.146224014503048, 44.837807538324554], [-1.146391481042821, 44.837925879271864]], [[-1.159812859632032, 44.83189641666856], [-1.15991062286664, 44.83196548492532], [-1.159994344268821, 44.83203754683671], [-1.160224176259201, 44.83187282179296], [-1.160559115334997, 44.83167578303909], [-1.160919580449689, 44.8315030530896], [-1.16124642971782, 44.831377653975636], [-1.161199709334567, 44.83134464753624], [-1.161072143812427, 44.831234849457616], [-1.16084557688416, 44.83139723967556], [-1.160510640473302, 44.831594279276025], [-1.160150173516246, 44.83176700790229], [-1.159812859632032, 44.83189641666856]], [[-1.121601771783922, 44.812454868771205], [-1.121962233307776, 44.81228226649273], [-1.122282521285113, 44.81215948859172], [-1.122180981034383, 44.81216683505619], [-1.121746555904459, 44.81216779807243], [-1.12131409038052, 44.812138444364756], [-1.120887750029925, 44.81207905667347], [-1.120471641392206, 44.81199020703021], [-1.120346369643464, 44.81195359358572], [-1.12026255635843, 44.812152481134206], [-1.120097549501414, 44.81243854353904], [-1.119893945003534, 44.812711715448756], [-1.119758488623413, 44.81285698779318], [-1.119818572509879, 44.81286981755225], [-1.120220448100086, 44.8129872742862], [-1.120604216695627, 44.813132203082645], [-1.120647135577134, 44.81315247956518], [-1.120686016358349, 44.81311078054398], [-1.120960575839521, 44.812871129956484], [-1.121266810719253, 44.81265178865803], [-1.121601771783922, 44.812454868771205]], [[-1.113887408401919, 44.818397950267276], [-1.113504852914926, 44.818544544062505], [-1.113407168380709, 44.81857358818701], [-1.113433456912594, 44.81858884984977], [-1.113741601813798, 44.81880685528231], [-1.113903850168143, 44.81894670636533], [-1.113910485126335, 44.8189409166469], [-1.114216780593652, 44.81872159436759], [-1.114551802535321, 44.818524695370705], [-1.114912324639464, 44.81835211565179], [-1.115294875145374, 44.81820551701264], [-1.115376743447086, 44.81818117367614], [-1.115068744606886, 44.81796327822314], [-1.114889582054331, 44.81780884976603], [-1.114889238478084, 44.81780914958701], [-1.114582950607717, 44.81802847365629], [-1.114247931733182, 44.81822537271471], [-1.113887408401919, 44.818397950267276]], [[-1.127318064876079, 44.818687673573315], [-1.127263499441908, 44.818708591380826], [-1.12729737010024, 44.81882780343028], [-1.127340843778219, 44.819132036121864], [-1.12760621420197, 44.81894195427171], [-1.127941190542856, 44.818745014829865], [-1.128301672939666, 44.81857239158984], [-1.128683123809125, 44.81842615552425], [-1.128439232876511, 44.818253672648225], [-1.128286819716479, 44.81812234676067], [-1.128013522361994, 44.818318112729045], [-1.127678548819028, 44.81851505236132], [-1.127318064876079, 44.818687673573315]], [[-1.113951616232545, 44.83688207936365], [-1.114334295415072, 44.836735483140124], [-1.114436964438286, 44.83670496567006], [-1.114137630562831, 44.83649326379026], [-1.113980376238156, 44.83635775971032], [-1.113713897834079, 44.836548511293174], [-1.113378765479711, 44.83674540893126], [-1.113018120636943, 44.83691798471437], [-1.112635436777183, 44.837064576408096], [-1.112480358559301, 44.837110668757724], [-1.112494473475315, 44.83711886064012], [-1.11280271636428, 44.83733687001393], [-1.112954239358797, 44.8374674372265], [-1.113255836467752, 44.83725155431558], [-1.113590972272086, 44.8370546570161], [-1.113951616232545, 44.83688207936365]], [[-1.114241853995738, 44.830702090813716], [-1.114624490332282, 44.83055549388693], [-1.114727264916806, 44.83052494142567], [-1.114428001430079, 44.83031326803308], [-1.11427041941032, 44.830177467938285], [-1.114003581669299, 44.83036849876859], [-1.113668487189532, 44.8305653968819], [-1.113307882902197, 44.83073797325641], [-1.112925241888068, 44.830884565651964], [-1.112783293690471, 44.8309267604987], [-1.112804134510332, 44.830938857108535], [-1.113112344698385, 44.831156865180084], [-1.113255123142105, 44.831279909544975], [-1.11354615266507, 44.83107156683596], [-1.113881250592154, 44.830874669059256], [-1.114241853995738, 44.830702090813716]], [[-1.133438867706196, 44.831187558507985], [-1.133056276162849, 44.83133422033809], [-1.133050620059749, 44.83133590284118], [-1.133291602439977, 44.83150626992698], [-1.133448799914956, 44.83164166904291], [-1.133449008244218, 44.83164148720155], [-1.133755296670065, 44.83142211006395], [-1.134090325859487, 44.83122515124284], [-1.134450869430526, 44.831052507309806], [-1.134798515820485, 44.830919235073885], [-1.134578736737644, 44.83076386246249], [-1.134411303931075, 44.830619649295805], [-1.134134439644539, 44.83081795776584], [-1.13379941303765, 44.83101491669376], [-1.133438867706196, 44.831187558507985]], [[-1.126708538492758, 44.831037697189466], [-1.1263259304041, 44.83118433580683], [-1.126273777935551, 44.83119984574671], [-1.126551850776328, 44.83139646871775], [-1.126713108824093, 44.83153538973424], [-1.126729267462352, 44.83152128800222], [-1.127035581467685, 44.83130192942177], [-1.127370633493908, 44.83110499089725], [-1.127731196939247, 44.83093236880483], [-1.128113799644766, 44.83078572535434], [-1.128119455840298, 44.83078404310319], [-1.127878492240036, 44.83061366482612], [-1.127697699038798, 44.83045791672487], [-1.127404152844157, 44.830668138654815], [-1.127069103540329, 44.83086507725224], [-1.126708538492758, 44.831037697189466]], [[-1.119988209744581, 44.830887835645086], [-1.119605585139576, 44.831034451083106], [-1.119502812275865, 44.83106500806768], [-1.119802098883432, 44.83127666782581], [-1.119973914970099, 44.831424710459366], [-1.119989526868268, 44.83141108821821], [-1.120295866583347, 44.83119174825099], [-1.120630941573567, 44.83099483008425], [-1.120991525016115, 44.83082222989811], [-1.121374144559579, 44.83067560969145], [-1.121426297893899, 44.830660102057024], [-1.121148246633583, 44.830463466289864], [-1.120972253530498, 44.83031182662978], [-1.120683866437987, 44.83051831925793], [-1.120348794474826, 44.830715237553605], [-1.119988209744581, 44.830887835645086]], [[-1.094525032594131, 44.82357108547262], [-1.094262412723373, 44.823759024395336], [-1.093927288497826, 44.82395586245778], [-1.093566666010084, 44.82412837429711], [-1.093184018516463, 44.82427489829481], [-1.092966892049414, 44.82433940226043], [-1.093104611235619, 44.824419388427195], [-1.093412709234053, 44.82463745073871], [-1.09354597644716, 44.82475236994825], [-1.093827316054744, 44.82455104167621], [-1.094162444179833, 44.824354203876936], [-1.094523066287822, 44.824181690088245], [-1.094905709655305, 44.82403516147707], [-1.095088996603282, 44.82398070654853], [-1.09498574037189, 44.823920738835874], [-1.094677640198962, 44.82370268094423], [-1.094525032594131, 44.82357108547262]], [[-1.1070436128959, 44.83638869051091], [-1.106708458119869, 44.836585567994724], [-1.10634779381567, 44.8367581220915], [-1.105965093642246, 44.83690469077568], [-1.105784603310593, 44.83695832349506], [-1.1058547438244, 44.83699903810304], [-1.106162960290521, 44.837217065909556], [-1.106282468928795, 44.837320064305445], [-1.106546120945215, 44.837131373992904], [-1.106881279546049, 44.83693449696417], [-1.107241943343982, 44.83676194112365], [-1.107624639214015, 44.836615368043184], [-1.10777972004805, 44.83656928248642], [-1.107765605957567, 44.83656109000586], [-1.107457386870841, 44.83634306669724], [-1.107298585382645, 44.83620620550129], [-1.1070436128959, 44.83638869051091]], [[-1.100383329414541, 44.836248869458444], [-1.100048152135091, 44.83644572681808], [-1.099687468274467, 44.83661825926091], [-1.099304751680054, 44.83676480496994], [-1.099088569734938, 44.8368290283293], [-1.099175015817926, 44.836879216651134], [-1.099483205703912, 44.83709726299986], [-1.099620604919946, 44.83721570098235], [-1.099906402541446, 44.83701119556892], [-1.100241583691017, 44.83681433860094], [-1.100602267108789, 44.83664180434611], [-1.100984979480924, 44.836495254168376], [-1.101165472906338, 44.8364416292632], [-1.101095336486693, 44.83640091169896], [-1.100787144163935, 44.83618286987699], [-1.100645810405061, 44.83606104178053], [-1.100383329414541, 44.836248869458444]], [[-1.100317873487723, 44.83027571525384], [-1.099957230060788, 44.830448248223725], [-1.099574556194877, 44.83059479456619], [-1.099378131228454, 44.83065315539435], [-1.09947467774089, 44.83070921337779], [-1.099782834948177, 44.8309272584527], [-1.099911491901145, 44.83103817173055], [-1.100186718556852, 44.830841207813066], [-1.100521861919233, 44.83064435039731], [-1.100882504871072, 44.830471815581205], [-1.101265174488175, 44.8303252647341], [-1.101445759034538, 44.83027160643791], [-1.101375673689789, 44.83023091443423], [-1.101067514120446, 44.83001287383277], [-1.100921317021096, 44.82988684090728], [-1.100653013017754, 44.83007885747864], [-1.100317873487723, 44.83027571525384]], [[-1.093667567499011, 44.83012587381201], [-1.093306904615146, 44.830298385158706], [-1.092924214426823, 44.83044490855906], [-1.092674092461356, 44.830519206087885], [-1.092794949683835, 44.830589391942034], [-1.093103080311979, 44.830807455557576], [-1.093240552774779, 44.830925989207465], [-1.093527000969483, 44.83072102886812], [-1.093862166945894, 44.83052419157487], [-1.094222829574376, 44.83035167841061], [-1.094605515741347, 44.83020515053618], [-1.094801944098321, 44.83014679816496], [-1.094705403214157, 44.830090736126465], [-1.094397270298034, 44.8298726770118], [-1.094254059615663, 44.829749197063066], [-1.094002729433, 44.82992903613279], [-1.093667567499011, 44.83012587381201]], [[-1.106661778574542, 44.84816654212189], [-1.106324943802198, 44.847971060243665], [-1.106016667700706, 44.8477530321231], [-1.105874794040146, 44.847630779852096], [-1.105584160539555, 44.84783873845497], [-1.105248932331137, 44.84803561226556], [-1.104888190026279, 44.84820816226254], [-1.104505408035245, 44.848354726459846], [-1.104104273144179, 44.84847389315207], [-1.103688648994506, 44.848564514518145], [-1.103298483709939, 44.84862055490979], [-1.103374010754049, 44.8486310814002], [-1.103790363767289, 44.8487199962493], [-1.104192462322278, 44.848837512433725], [-1.104576434488979, 44.848982498387024], [-1.104938582798606, 44.84915355802559], [-1.105275419837161, 44.849349044185686], [-1.105583701820685, 44.84956707447763], [-1.105720698216614, 44.84968512092172], [-1.106005487282785, 44.84948135011349], [-1.106340721467663, 44.849284473925806], [-1.106701466222745, 44.84911191914802], [-1.107084247643498, 44.84896534734168], [-1.107485379721889, 44.84884616986143], [-1.107900999829813, 44.848755534270815], [-1.10829638361455, 44.84869872739443], [-1.108226368258985, 44.84868897232635], [-1.107810008454512, 44.84860007411743], [-1.107407904031377, 44.8484825710467], [-1.107023927973902, 44.84833759491159], [-1.106661778574542, 44.84816654212189]], [[-1.106255344171877, 44.84184713828946], [-1.106364109157417, 44.84165877017939], [-1.10625703627355, 44.84158303494317], [-1.106137518613333, 44.84148003637642], [-1.105873844815813, 44.84166872598629], [-1.105538654440225, 44.84186560027693], [-1.105177952645183, 44.84203815086953], [-1.104795213450757, 44.84218471577228], [-1.10439412323085, 44.84230388327297], [-1.103978545196562, 44.84239450554276], [-1.103623681729877, 44.842445481970294], [-1.103663877914326, 44.84245108475409], [-1.104080185584332, 44.84253999833748], [-1.104482240511569, 44.842657513236205], [-1.104866171186055, 44.842802497896145], [-1.105228280538513, 44.84297355624617], [-1.10556508153007, 44.843169041134985], [-1.105873330723891, 44.84338707018509], [-1.106015193663862, 44.84350932228942], [-1.106077140755381, 44.84346499329681], [-1.106050612507945, 44.84337153473324], [-1.106006748024411, 44.84306387304198], [-1.106005482246833, 44.84275463403484], [-1.106046826664036, 44.84244679585398], [-1.106130382418066, 44.84214332310131], [-1.106255344171877, 44.84184713828946]], [[-1.099925009098121, 44.841680884481256], [-1.099616792352219, 44.841462839032864], [-1.09947938275682, 44.84134440088132], [-1.099193561536594, 44.841548905484544], [-1.098858348466557, 44.84174575959167], [-1.098497626923949, 44.84191828846623], [-1.098114871119127, 44.8420648303256], [-1.097713767586055, 44.842183973679575], [-1.097298179664134, 44.84227457093182], [-1.096943609478743, 44.8423254831252], [-1.096984239366923, 44.84233114891231], [-1.097400535574793, 44.84242008754674], [-1.097802575669757, 44.84253762663752], [-1.098186488284587, 44.84268263439758], [-1.098548576523832, 44.84285371453331], [-1.098885353551841, 44.843049219683664], [-1.099193576162441, 44.843267267276005], [-1.099330646139265, 44.84338540960043], [-1.099616086871877, 44.84318118308202], [-1.099951305851899, 44.842984326594234], [-1.100312029775118, 44.84281179293512], [-1.100694784937672, 44.842665243462896], [-1.101095885584414, 44.84254608931707], [-1.101511469389914, 44.842455477836566], [-1.101866334836278, 44.84240450816231], [-1.101826138864439, 44.842398904727574], [-1.101409835807713, 44.84230998269356], [-1.10100778979495, 44.842192456678454], [-1.100623873247762, 44.842047458700634], [-1.100261783885304, 44.841876385380324], [-1.099925009098121, 44.841680884481256]], [[-1.101219811361949, 44.8547433457081], [-1.101199299466698, 44.85476122748855], [-1.101265762990674, 44.854751683607866], [-1.101245873349125, 44.85474891142283], [-1.101219811361949, 44.8547433457081]], [[-1.069323687285418, 44.87876221976208], [-1.069323392401139, 44.878676556731776], [-1.069263243412144, 44.878694393702794], [-1.068847339339497, 44.87878488547562], [-1.068524557737444, 44.87883111761341], [-1.068526481834679, 44.87883138626681], [-1.068943003585899, 44.878920432676686], [-1.069149998794456, 44.87898097273692], [-1.069272811335783, 44.87881664395903], [-1.069323687285418, 44.87876221976208]], [[-1.071781141482421, 44.87333362990961], [-1.072142146927942, 44.87316118613574], [-1.072525182482321, 44.8730147323913], [-1.072926559690924, 44.87289567889394], [-1.073342413565764, 44.87280517201343], [-1.073681136833466, 44.87275663611089], [-1.073624027550483, 44.87274866407799], [-1.073207544159904, 44.872659635397966], [-1.072805339887536, 44.872542006081595], [-1.072421288679299, 44.872396909142225], [-1.072059089551219, 44.87222574215325], [-1.071722230950775, 44.87203015378057], [-1.0714139571508, 44.87181202789608], [-1.071291005500949, 44.87170603071051], [-1.071034005526456, 44.87188968510552], [-1.070698512613629, 44.87208645606885], [-1.070337509644426, 44.87225889509086], [-1.069954473540244, 44.872405341254236], [-1.069553093535324, 44.872524383990466], [-1.069137235632528, 44.87261487667241], [-1.068784004435376, 44.87266547648666], [-1.068826348489476, 44.87267138933134], [-1.069242825019822, 44.87276043444335], [-1.069645023393075, 44.87287807667099], [-1.070029070717888, 44.87302318323408], [-1.070391268801486, 44.873194356887566], [-1.070728129750191, 44.87338994936987], [-1.071036409549292, 44.87360807726735], [-1.071172620134874, 44.87372550187507], [-1.071445642560086, 44.87353040322022], [-1.071781141482421, 44.87333362990961]], [[-1.072041420833173, 44.86716364105933], [-1.0724023858134, 44.86699119677734], [-1.072785378602574, 44.866844742422366], [-1.07318671115782, 44.86672568821799], [-1.073602518921081, 44.86663518054077], [-1.073920730516054, 44.86658957810562], [-1.07391416028139, 44.86658866086691], [-1.073497722118087, 44.86649963344941], [-1.073095561358644, 44.8663820054144], [-1.072711551529821, 44.86623690976291], [-1.072349391249057, 44.86606574405594], [-1.072012568589657, 44.86587015694701], [-1.071704327478295, 44.86565203229586], [-1.071581047787862, 44.86554574164904], [-1.071323690223192, 44.865729672747996], [-1.070988235127922, 44.865926444201165], [-1.07062727264936, 44.86609888382737], [-1.070244279318895, 44.866245330703556], [-1.069842943958742, 44.86636437425431], [-1.069427132141697, 44.86645486784462], [-1.069109214616386, 44.86650041485635], [-1.069116215528092, 44.86650139253591], [-1.069532646757379, 44.86659043638629], [-1.06993480154582, 44.86670807733368], [-1.070318807421707, 44.866853182610214], [-1.070680966591363, 44.86702435498327], [-1.071017791535815, 44.867219946203555], [-1.071326038587066, 44.867438072869575], [-1.071448980958052, 44.8675440698726], [-1.07170595968658, 44.86736041477083], [-1.072041420833173, 44.86716364105933]], [[-1.072331698302012, 44.86100365294492], [-1.072692622797915, 44.860831208058656], [-1.073075572821155, 44.86068475299088], [-1.073476860740631, 44.86056569797201], [-1.073892622428037, 44.86047518938647], [-1.07426595045485, 44.86042168141775], [-1.074244295351701, 44.86041865799572], [-1.073827902416576, 44.86032963199204], [-1.073425785148417, 44.860212005384966], [-1.073041816655037, 44.8600669111618], [-1.072679695155707, 44.85989574686975], [-1.072342908350195, 44.85970016114875], [-1.072034699819854, 44.85948203784513], [-1.071902025411379, 44.85936763576675], [-1.071633375286813, 44.859559659819446], [-1.071297958130684, 44.85975643182003], [-1.070937036259645, 44.859928872112974], [-1.070554085813945, 44.86007531976884], [-1.070152795202709, 44.86019436420469], [-1.069737029567664, 44.860284858776986], [-1.069373860175456, 44.860336895465885], [-1.069406082785509, 44.86034139576508], [-1.069822468797737, 44.86043043835311], [-1.070224580082451, 44.86054807801931], [-1.070608544586805, 44.86069318200814], [-1.070970664915468, 44.860864353099366], [-1.071307453923471, 44.86105994305605], [-1.071615668288882, 44.86127806848888], [-1.071738938676546, 44.8613843589523], [-1.071996274968312, 44.861200427146315], [-1.072331698302012, 44.86100365294492]], [[-1.067167553688826, 44.86019954294515], [-1.066765451303525, 44.860081892220045], [-1.066381500908485, 44.85993677496883], [-1.066019400548581, 44.85976558896054], [-1.065682637719883, 44.85956998304427], [-1.06537445577272, 44.859351841260846], [-1.06525290715588, 44.85924701446959], [-1.064983093053446, 44.859439838428635], [-1.064647653313532, 44.8596365903291], [-1.064286711794449, 44.85980900899523], [-1.063903744825781, 44.85995543370581], [-1.06350244097587, 44.860074454098935], [-1.063086665514022, 44.860164923762646], [-1.062764065195228, 44.8602111275686], [-1.062766441941128, 44.86021145965956], [-1.063182816461417, 44.86030052714528], [-1.063584912906458, 44.860418190854176], [-1.063968859366232, 44.86056331779922], [-1.064330958619089, 44.86073451053911], [-1.064667723722922, 44.86093012062846], [-1.064975911585892, 44.86114826448403], [-1.065098931263428, 44.86125435718552], [-1.065356557325893, 44.861070248812155], [-1.065692003145362, 44.86087349467939], [-1.066052947191412, 44.86070107138571], [-1.06643591364101, 44.86055463922657], [-1.066837214704954, 44.86043560821178], [-1.067252986128432, 44.86034512449462], [-1.06761615753889, 44.86029309474324], [-1.06758393509999, 44.860288593924615], [-1.067167553688826, 44.86019954294515]], [[-1.060517205237951, 44.86007945402023], [-1.060115117645749, 44.859961779213734], [-1.059731185257489, 44.859816638969626], [-1.05936910594453, 44.859645431278395], [-1.059032367000136, 44.85944980519794], [-1.058724211544505, 44.859231644963316], [-1.058596574343426, 44.859121548079465], [-1.058332810269011, 44.859310017013804], [-1.057997348007518, 44.859506748812166], [-1.05763638690731, 44.85967914584967], [-1.057253403486651, 44.85982554761347], [-1.056852086472425, 44.85994454396264], [-1.0564363012608, 44.86003498871682], [-1.056123872723734, 44.86007971633272], [-1.056136800542952, 44.860081523479614], [-1.056553163584272, 44.860170615824885], [-1.05695524520782, 44.86028830353944], [-1.057339173646227, 44.86043345340508], [-1.057701251851299, 44.86060466775983], [-1.058037993083523, 44.860800297950114], [-1.058346154480837, 44.861018460199126], [-1.058464393201435, 44.86112044746786], [-1.05871683970326, 44.860940070494465], [-1.059052308006021, 44.860743336431696], [-1.059413271599577, 44.86057093473184], [-1.059796254472746, 44.860424525482365], [-1.06019756867826, 44.8603055184725], [-1.060613349834825, 44.860215059624366], [-1.060935951945519, 44.86016886206775], [-1.060933575212246, 44.860168529937596], [-1.060517205237951, 44.86007945402023]], [[-1.057717625813141, 44.86566676046992], [-1.05735662425791, 44.86583915693755], [-1.056973598095731, 44.86598555802458], [-1.056572236465199, 44.86610455359661], [-1.056156405192275, 44.86619499748077], [-1.055834131744888, 44.866241128674524], [-1.055836933907663, 44.86624152034723], [-1.056253342147197, 44.86633061399243], [-1.056655467249814, 44.86644830302447], [-1.057039437029528, 44.866593454212484], [-1.057401554040085, 44.86676466988174], [-1.05773833116831, 44.86696030136595], [-1.058046525206469, 44.86717846487597], [-1.05816896625422, 44.86728406630914], [-1.058426524486759, 44.86710005811863], [-1.058762030606966, 44.86690332454588], [-1.059123034688727, 44.86673092345038], [-1.059506060331002, 44.86658451491383], [-1.059907419174719, 44.86646550871858], [-1.060323246408807, 44.866375050778856], [-1.060640873233813, 44.86632957146827], [-1.060633441888075, 44.86632853308619], [-1.060217026715178, 44.86623945586775], [-1.059814895644164, 44.86612177974226], [-1.059430921915709, 44.86597663817399], [-1.059068803799385, 44.86580542916617], [-1.058732028962209, 44.8656098017894], [-1.058423840870067, 44.86539164029118], [-1.058305593229864, 44.865289652840005], [-1.058053125853491, 44.86547002912907], [-1.057717625813141, 44.86566676046992]], [[-1.053586679560653, 44.86610936717899], [-1.053184563317055, 44.86599166704576], [-1.052800607616878, 44.865846502555215], [-1.052438510555972, 44.86567527193142], [-1.052101759598471, 44.865479624453116], [-1.05179359798017, 44.86526144456146], [-1.051681941287649, 44.86516512505675], [-1.051422844377653, 44.865350207168014], [-1.051087321826242, 44.86554691846637], [-1.050726300687696, 44.865719293369686], [-1.050343258058655, 44.86586567157831], [-1.049941883236396, 44.86598464317818], [-1.049526042174004, 44.86607506222732], [-1.049226740287829, 44.86611788672925], [-1.049613689823963, 44.866200702826994], [-1.050015800079505, 44.86631841590013], [-1.050399751807185, 44.86646359004232], [-1.0507618477345, 44.86663482735784], [-1.051098600951205, 44.86683047897198], [-1.051406768479733, 44.86704866090167], [-1.051528958904532, 44.867154064476345], [-1.051786806916528, 44.86696987981727], [-1.052122335519827, 44.86677316631596], [-1.052483359148391, 44.86660078681556], [-1.05286640121304, 44.86645440118977], [-1.053267773196644, 44.86633541900033], [-1.05368361016167, 44.866244985930344], [-1.054005885397753, 44.8661988609784], [-1.054003083249878, 44.866198469259466], [-1.053586679560653, 44.86610936717899]], [[-1.046554230668962, 44.86587155433825], [-1.046170292931317, 44.86572636692601], [-1.045808216863809, 44.86555511468689], [-1.045471489728284, 44.86535944710782], [-1.045163354531003, 44.86514124882354], [-1.045050135217896, 44.86504356442159], [-1.044802562765841, 44.86522038491445], [-1.04446701780061, 44.86541707619848], [-1.044105977176366, 44.86558942956825], [-1.043722918177514, 44.86573578493147], [-1.043321530259076, 44.865854732594116], [-1.042905679500341, 44.86594512684477], [-1.042600759907081, 44.8659887363099], [-1.042984036959872, 44.86607079154895], [-1.043386132386531, 44.866188528626104], [-1.0437700660854, 44.866333725686886], [-1.044132140957504, 44.866504984614856], [-1.044468870295261, 44.866700656327176], [-1.044777011350955, 44.866918856647246], [-1.044894422625185, 44.86702015521091], [-1.045147089366084, 44.86683970153242], [-1.045482640449999, 44.86664300810394], [-1.045843683622721, 44.86647065019985], [-1.046226742106961, 44.86632428748585], [-1.046628127227553, 44.86620532930308], [-1.04704397392053, 44.866114921103446], [-1.047343277455412, 44.866072102485425], [-1.046956332153983, 44.86598927847878], [-1.046554230668962, 44.86587155433825]], [[-1.045792916407992, 44.86049302045878], [-1.046153919091537, 44.860320661884614], [-1.046536934819584, 44.86017429838812], [-1.046938275328647, 44.86005533931796], [-1.047354075984277, 44.85996493013459], [-1.047661268570681, 44.85992097727098], [-1.047642856198666, 44.85991840198478], [-1.047226509165086, 44.85982927623128], [-1.046824451218077, 44.85971155330114], [-1.046440554893815, 44.8595663671094], [-1.046078517716146, 44.859395116089075], [-1.045741826572329, 44.85919944971538], [-1.045433724121981, 44.85898125261147], [-1.045329235765517, 44.85889109211836], [-1.045092247661207, 44.85906037253015], [-1.044756740514422, 44.85925706430203], [-1.044395740379788, 44.85942941827431], [-1.044012724151704, 44.85957577434889], [-1.043611380873205, 44.85969472282495], [-1.043195576193556, 44.859785117983186], [-1.042878791102099, 44.859830430169694], [-1.042887517364569, 44.85983165107847], [-1.043303857529314, 44.85992079310375], [-1.043705909594125, 44.86003852879131], [-1.044089802076136, 44.860183724460974], [-1.044451838273232, 44.86035498200971], [-1.044788531850239, 44.860550652368], [-1.04509664040381, 44.86076885137225], [-1.045209851179911, 44.86086653559325], [-1.045457403156375, 44.860689714438436], [-1.045792916407992, 44.86049302045878]], [[-1.082705363357376, 44.8606012678491], [-1.083121772376499, 44.86069026056485], [-1.083427502257399, 44.86077966032402], [-1.08338531021104, 44.86048297244711], [-1.083385266838335, 44.86047122362697], [-1.083047758587786, 44.86054472866221], [-1.082679080541065, 44.8605976004051], [-1.082705363357376, 44.8606012678491]], [[-1.08007611850041, 44.86034211835993], [-1.079692131937172, 44.86019704713125], [-1.079329989331374, 44.86002590452404], [-1.078993178586158, 44.859830338969374], [-1.078684943513547, 44.85961223411936], [-1.078556549421157, 44.85950154211355], [-1.078293658446271, 44.859689480932424], [-1.077958263851728, 44.859886273062536], [-1.077597361597824, 44.86005873501417], [-1.07721442763578, 44.86020520564924], [-1.076813150215875, 44.860324274163474], [-1.076397394352715, 44.86041479368146], [-1.076024068402583, 44.8604683088173], [-1.076045723620686, 44.86047133189223], [-1.076462121121964, 44.86056034958191], [-1.076864247243578, 44.86067796520459], [-1.07724822978988, 44.860823046236156], [-1.077610371191886, 44.86099419567751], [-1.077947184101788, 44.86118976550015], [-1.078255424967583, 44.861407872508686], [-1.07838801246013, 44.86152217682574], [-1.078655991800939, 44.86133060603452], [-1.078991392576317, 44.861133811705486], [-1.079352297458016, 44.86096134516283], [-1.079735230999955, 44.860814867118464], [-1.080136505729663, 44.860695788024074], [-1.080552257645775, 44.86060525449589], [-1.080920937744921, 44.860552389815496], [-1.080894655068021, 44.86054872194912], [-1.080478250627693, 44.86045972088432], [-1.08007611850041, 44.86034211835993]], [[-1.07302285821616, 44.85466122020295], [-1.073405765310293, 44.8545147642865], [-1.073807008447477, 44.8543957083103], [-1.074222723930575, 44.854305198667966], [-1.074557602987667, 44.85425719532138], [-1.074148081883237, 44.85416963037734], [-1.073746008046261, 44.85405200516294], [-1.073362080836813, 44.853906912334665], [-1.072999998076497, 44.853735749426285], [-1.072663247091946, 44.853540165064445], [-1.072355071119513, 44.853322043082336], [-1.07222206755596, 44.853207345776454], [-1.072167884423906, 44.85324607909852], [-1.072144678416566, 44.8532709166021], [-1.071869713214225, 44.85351044950055], [-1.071563062715454, 44.85372965733208], [-1.07122768012869, 44.853926428751386], [-1.070866795505042, 44.85409886849269], [-1.070483884625993, 44.85424531563187], [-1.070283643735413, 44.85430472402888], [-1.070534357316198, 44.85437807840662], [-1.070918280441312, 44.85452318103646], [-1.071280361933896, 44.85469435077818], [-1.071617115022939, 44.85488993940779], [-1.071925296732402, 44.85510806354876], [-1.072057961126281, 44.855222465442715], [-1.072326589053656, 44.85503044063032], [-1.072661974382838, 44.85483366582101], [-1.07302285821616, 44.85466122020295]], [[-1.073343093656549, 44.84850123216279], [-1.073725957925147, 44.848354775433336], [-1.074127156382401, 44.848235718536905], [-1.074542825761352, 44.84814520787597], [-1.074906353735483, 44.84809309108813], [-1.074874563580858, 44.84808865187211], [-1.074458261046011, 44.84799962858623], [-1.074056230723299, 44.847882004729975], [-1.073672344882991, 44.84773691326408], [-1.073310300948199, 44.84756575170925], [-1.072973585871593, 44.84737016867903], [-1.072665442543689, 44.84715204799383], [-1.072538449603849, 44.84704252310426], [-1.072262747096217, 44.847239633630295], [-1.071927405709243, 44.84743640675055], [-1.071566564928966, 44.8476088484048], [-1.071183700114565, 44.84775529765051], [-1.070782498850305, 44.847874343889416], [-1.070366825417229, 44.847964840460634], [-1.070038277169389, 44.84801192859781], [-1.070452110087408, 44.84810044172861], [-1.070854134426148, 44.84821807864701], [-1.071238016275195, 44.84836317988217], [-1.071600059035072, 44.848534348240406], [-1.071936776307728, 44.848729935511045], [-1.072244925462035, 44.84894805833065], [-1.072377918987063, 44.84906275545125], [-1.072646902954361, 44.848870453864194], [-1.072982250382025, 44.848673678478775], [-1.073343093656549, 44.84850123216279]], [[-1.067322292417728, 44.84145677798936], [-1.066960308302988, 44.841285596072694], [-1.06662365297501, 44.84108999417982], [-1.066315568748753, 44.84087185631277], [-1.066173097963382, 44.84074894891731], [-1.06589214898536, 44.84094980003844], [-1.065556822830785, 44.84114655350891], [-1.065196002897281, 44.841318974099934], [-1.0648131643433, 44.84146540107178], [-1.064411994500218, 44.84158442404076], [-1.063996357346443, 44.84167489657013], [-1.063648189658075, 44.841724781258634], [-1.063696040503735, 44.84173146897539], [-1.064112279531354, 44.841820532442945], [-1.064514245653106, 44.84193819208297], [-1.064898068213738, 44.84208331494757], [-1.065260051184573, 44.84225450363478], [-1.065596708743199, 44.84245010973814], [-1.06590479883342, 44.84266824971287], [-1.066026997286762, 44.842773665711405], [-1.066297500290486, 44.84258028798414], [-1.066632832408902, 44.84238353218387], [-1.066993654769872, 44.842211106861825], [-1.067376492722065, 44.84206467233298], [-1.067777659713513, 44.84194563862998], [-1.068193292780257, 44.84185515193198], [-1.068521879379636, 44.84180805891464], [-1.068108091026583, 44.841719537735656], [-1.067706118942825, 44.84160189112012], [-1.067322292417728, 44.84145677798936]], [[-1.079746492263344, 44.83616866980303], [-1.079387098286043, 44.836306202937735], [-1.07941283719777, 44.836487363432475], [-1.079413460769839, 44.83665964836936], [-1.079523938775442, 44.836737852001974], [-1.079642438973768, 44.83684005234049], [-1.079907250766294, 44.83665065824575], [-1.08024249982747, 44.836453861710076], [-1.080354420585864, 44.836400353179926], [-1.080256870503561, 44.83617365307308], [-1.08019242342193, 44.83594619432102], [-1.080107234461851, 44.83599620220106], [-1.079746492263344, 44.83616866980303]], [[-1.080396956818865, 44.829826190158876], [-1.080036255121219, 44.829998658353055], [-1.07965353237469, 44.8301451359695], [-1.0795355188575, 44.83018017502426], [-1.07949007136845, 44.83034498001276], [-1.079515490698368, 44.83035974697521], [-1.079823568527277, 44.83057784744597], [-1.079942397518378, 44.83068034158752], [-1.080207565324004, 44.83049067102031], [-1.08054277658069, 44.830293873975606], [-1.080903478618704, 44.830121404118145], [-1.081286197945144, 44.82997492219171], [-1.08157494906247, 44.8298891839711], [-1.081404865051808, 44.82979038051432], [-1.081096785402707, 44.82957228449041], [-1.080967678114299, 44.82946092609737], [-1.0807321634482, 44.82962939258513], [-1.080396956818865, 44.829826190158876]], [[-1.077442853516382, 44.847994253838365], [-1.077027189927534, 44.84808477535486], [-1.076663663975043, 44.848136899088416], [-1.076695454298356, 44.84814133779207], [-1.0771117614288, 44.84823035269138], [-1.077513800642588, 44.84834796549388], [-1.077897700580828, 44.848493043702675], [-1.078259764469933, 44.84866419034585], [-1.078596505708482, 44.84885975742182], [-1.078904681434652, 44.84907786176164], [-1.079031588580457, 44.84918729079051], [-1.079306620383765, 44.84899063275976], [-1.079641945197955, 44.848793837247456], [-1.080002768797908, 44.848621369275754], [-1.080385616520205, 44.84847488957035], [-1.080786801718681, 44.84835580859889], [-1.081202461253985, 44.84826527299572], [-1.081566277778814, 44.84821309223417], [-1.081534923953678, 44.848208715910694], [-1.081118609974907, 44.84811971760142], [-1.080716564847437, 44.848002117864354], [-1.080332660984197, 44.84785704942796], [-1.079970595981974, 44.84768590959108], [-1.079633856996437, 44.847490346758114], [-1.079325687148474, 44.84727224455496], [-1.079198440492172, 44.84716251993337], [-1.078923029659099, 44.847359454735965], [-1.07858771088885, 44.84755624798499], [-1.078226889786067, 44.84772871129725], [-1.077844041520312, 44.84787518352156], [-1.077442853516382, 44.847994253838365]], [[-1.086284127726886, 44.84761052455333], [-1.085975931399769, 44.847392440806004], [-1.085852965495487, 44.847286425893145], [-1.085583312201961, 44.84747927582505], [-1.085248016050922, 44.84767608920147], [-1.084887214628284, 44.8478485741705], [-1.08450438291397, 44.847995069372374], [-1.084103208173281, 44.848114163766226], [-1.08368755443166, 44.848204710227364], [-1.083323739931773, 44.84825689794153], [-1.08335509392316, 44.848261273759825], [-1.083771412494315, 44.84835026368496], [-1.084173466508782, 44.84846785237031], [-1.084557384465221, 44.848612907551264], [-1.084919469416617, 44.84878403247759], [-1.085256234558817, 44.84897957935688], [-1.08556443679991, 44.84919766521466], [-1.085691597632551, 44.84930729392458], [-1.085966337833183, 44.8491108116719], [-1.086301640031417, 44.8489139960341], [-1.086662443954146, 44.84874150640792], [-1.087045275127348, 44.84859500372756], [-1.087446447064137, 44.84847589868195], [-1.087862096752797, 44.84838533813717], [-1.088221271931812, 44.848333800755874], [-1.08818528379108, 44.84832877983155], [-1.08776895838714, 44.848239806462], [-1.087366898478642, 44.84812223080875], [-1.08698297662095, 44.847977185368286], [-1.086620890584248, 44.84780606721798], [-1.086284127726886, 44.84761052455333]], [[-1.083377657042509, 44.85437471936396], [-1.083004013142825, 44.85442831018198], [-1.083025228897887, 44.854431270835235], [-1.083441592680186, 44.85452026217492], [-1.083843690171028, 44.85463785228929], [-1.084227649450475, 44.854782908899935], [-1.084589773173634, 44.85495403524289], [-1.084926574163009, 44.85514958351207], [-1.085234808981489, 44.85536767071966], [-1.085366173099147, 44.85548091193142], [-1.085646023335856, 44.85528079843066], [-1.085981363490742, 44.855083983368225], [-1.086342208032618, 44.85491149443928], [-1.086725082096337, 44.854764992571305], [-1.087126298782046, 44.8546458884454], [-1.087541994647182, 44.85455532891885], [-1.087910995252757, 44.85450238850515], [-1.087885150490971, 44.854498783060336], [-1.087468779827993, 44.85440980838758], [-1.087066676380595, 44.854292231412494], [-1.086682713123553, 44.85414718464428], [-1.086320588225827, 44.853976065173114], [-1.085983789420079, 44.853780521207206], [-1.085675560403441, 44.85356243619079], [-1.085548389968569, 44.853452807311726], [-1.085273627067019, 44.853649288805606], [-1.084938292997916, 44.85384610163917], [-1.084577450989316, 44.85401858594544], [-1.084194576412074, 44.85416508037107], [-1.08379335694437, 44.85428417388264], [-1.083377657042509, 44.85437471936396]], [[-1.07932351824488, 44.85366034314416], [-1.079015315749305, 44.853442239644124], [-1.078888399021347, 44.85333281044616], [-1.078613344491469, 44.85352946771662], [-1.078277987800862, 44.85372626042271], [-1.077917126110161, 44.85389872307217], [-1.077534234979875, 44.854045194520175], [-1.077133002247701, 44.85416426395462], [-1.076717292497765, 44.85425478449125], [-1.076382415300961, 44.85430279435276], [-1.076791940859527, 44.85439035105802], [-1.077194023497181, 44.85450796525294], [-1.077577964713698, 44.85465304485643], [-1.077940067338039, 44.854824192883065], [-1.078276844395798, 44.85501976131798], [-1.078585052680217, 44.85523786697915], [-1.078713437082003, 44.855348558800344], [-1.078976306333899, 44.85516061924968], [-1.079311669142068, 44.854963824342995], [-1.079672533393824, 44.85479135710112], [-1.080055424034312, 44.85464487824263], [-1.080456654004132, 44.854525798227115], [-1.080872359732874, 44.85443526367965], [-1.081246005712614, 44.85438168003631], [-1.081224790070076, 44.85437871904307], [-1.0808084308496, 44.854289719393044], [-1.080406342206013, 44.854172118297875], [-1.08002239697144, 44.85402704849911], [-1.079660293141177, 44.85385590730874], [-1.07932351824488, 44.85366034314416]], [[-1.078672839270251, 44.86600033503549], [-1.078364571574676, 44.86578222886571], [-1.078231974071456, 44.86566792436506], [-1.077963972585813, 44.865859494398336], [-1.077628539984315, 44.86605628592069], [-1.077267597063404, 44.866228747140624], [-1.076884620166008, 44.866375216927075], [-1.076521660814495, 44.86648290276159], [-1.076896177992082, 44.86648222597927], [-1.077329038754836, 44.86651175337218], [-1.07775574624696, 44.866571309524566], [-1.078172191691866, 44.866660320974134], [-1.078574365077854, 44.86677793063203], [-1.07895839375422, 44.86692300603167], [-1.079250149193598, 44.86706086977978], [-1.079475035222832, 44.86697485706464], [-1.079876354523478, 44.86685577867624], [-1.080292152466245, 44.86676524594398], [-1.080595861666933, 44.86672170290481], [-1.080574520581251, 44.86671872491675], [-1.080158070895381, 44.86662972247568], [-1.079755895253995, 44.866512118559605], [-1.079371867327263, 44.86636704593722], [-1.079009685907014, 44.86619590194772], [-1.078672839270251, 44.86600033503549]], [[-1.066195319225218, 44.854537129910376], [-1.066184614378443, 44.8546163959678], [-1.06636318353374, 44.854531083117976], [-1.066746107104796, 44.854384650179085], [-1.066946352021872, 44.8543252481616], [-1.066695643363195, 44.854251885681855], [-1.066311733002025, 44.85410676846127], [-1.066167405198874, 44.85403852945092], [-1.066194272382572, 44.8542278893391], [-1.066195319225218, 44.854537129910376]], [[-1.051972212927212, 44.85303018317972], [-1.051897575052348, 44.853073952379525], [-1.051879611323552, 44.853138947420106], [-1.05175433773787, 44.853435072023466], [-1.051588860739741, 44.853721036293926], [-1.0513847734648, 44.85399408606039], [-1.051157034718244, 44.854237692507404], [-1.05134124473246, 44.85432482360732], [-1.051677926160865, 44.85452047269258], [-1.051986028398126, 44.854738652154005], [-1.052102534235384, 44.854839172249605], [-1.052367437215849, 44.85464990459542], [-1.052702890187921, 44.854453190116175], [-1.052833015384175, 44.85439104456347], [-1.052866343790517, 44.85414469402703], [-1.052950204266755, 44.85384126022892], [-1.05307547245351, 44.853545134237265], [-1.053149614883948, 44.85341700028812], [-1.053019113939113, 44.853355275654465], [-1.052682434823438, 44.85315963071039], [-1.052374338542612, 44.85294145329286], [-1.052248435349872, 44.85283282238809], [-1.051972212927212, 44.85303018317972]], [[-1.066005197963247, 44.84703185141761], [-1.065882990287657, 44.846926435249124], [-1.065854090123034, 44.84694709376483], [-1.065920094058494, 44.847180220963395], [-1.065963742194224, 44.84748789886938], [-1.065964787642156, 44.84779713876907], [-1.065923219632624, 44.84810496251436], [-1.065839437799661, 44.84840840554598], [-1.065714248358762, 44.848704545445514], [-1.0656207575037, 44.84886620388988], [-1.065706972878588, 44.84894057118709], [-1.065987186075987, 44.84874027499282], [-1.066322556054937, 44.84854351973631], [-1.066683418937139, 44.84837109507781], [-1.06706629968108, 44.84822466132587], [-1.067467511322776, 44.84810562850569], [-1.067883190468373, 44.848015142787915], [-1.068211740541468, 44.84796806102958], [-1.067797912129147, 44.847879539549936], [-1.067395896613991, 44.8477618915753], [-1.067012028799267, 44.84761677708095], [-1.066650005934393, 44.84744559380938], [-1.066313314769013, 44.84724999058329], [-1.066005197963247, 44.84703185141761]], [[-1.049795937738903, 44.85991505356128], [-1.049488746855644, 44.85995901233134], [-1.049507159325615, 44.85996158731144], [-1.049923510959222, 44.8600507045159], [-1.050325577830101, 44.86016841623568], [-1.050709488312877, 44.86031358902138], [-1.05107154553218, 44.860484824990294], [-1.051408262950489, 44.860680475280745], [-1.051716397934969, 44.86089865592237], [-1.051828046204002, 44.86099497526104], [-1.052087121685501, 44.86080989246196], [-1.052422612434053, 44.86061317844037], [-1.052783595541779, 44.86044079830301], [-1.053166594809675, 44.86029441192976], [-1.053567922132677, 44.86017542888951], [-1.053983713003243, 44.860084994873596], [-1.054296143274049, 44.860040273280276], [-1.054283215523559, 44.86003846591908], [-1.053866857063174, 44.85994936506473], [-1.053464784338455, 44.859831666178074], [-1.053080870027978, 44.85968650294257], [-1.052718811828907, 44.85951527357015], [-1.05238209683106, 44.859319627327544], [-1.052073967923895, 44.859101448643955], [-1.051957453295786, 44.85900092838062], [-1.051692528410691, 44.859190195321226], [-1.051357043605398, 44.85938690704691], [-1.050996062893135, 44.85955928248765], [-1.050613062981151, 44.859705661338594], [-1.050211732755245, 44.859824633679516], [-1.049795937738903, 44.85991505356128]], [[-1.04327449759903, 44.90204623168898], [-1.043114455844778, 44.90216045731495], [-1.043035936180166, 44.90220645279676], [-1.043273481706425, 44.902154849762866], [-1.043512719640715, 44.9021206542773], [-1.043471133235218, 44.902091223523755], [-1.043466626123631, 44.902087337189116], [-1.04327449759903, 44.90204623168898]], [[-1.04391559592041, 44.889670948717686], [-1.043910907178091, 44.88966690493598], [-1.043900712723653, 44.889674182676835], [-1.04391559592041, 44.889670948717686]], [[-1.045022970398094, 44.88495061756584], [-1.04540615712461, 44.88480425682832], [-1.045807676119398, 44.88468530091694], [-1.046223661029542, 44.88459489526177], [-1.046545539642089, 44.884548864357164], [-1.046542328055717, 44.884548415321916], [-1.046125800096123, 44.88445928474501], [-1.045723568053882, 44.88434155690909], [-1.045339506142225, 44.88419636577645], [-1.044977313480024, 44.88402510982771], [-1.04464047845216, 44.88382943858557], [-1.044332245104033, 44.88361123672005], [-1.044220007406701, 44.883514428456245], [-1.043973509619586, 44.88369042082901], [-1.043637851349635, 44.883887110756575], [-1.043276689390902, 44.88405946243675], [-1.042893502196494, 44.88420581579352], [-1.042491980456302, 44.88432476115217], [-1.04207599153872, 44.88441515282347], [-1.041743170948657, 44.88446273466666], [-1.042154569402692, 44.88455078531823], [-1.042556795458937, 44.884668526086706], [-1.042940853403506, 44.884813726862994], [-1.043303044941116, 44.88498498949484], [-1.0436398822408, 44.88518066486382], [-1.043948121515185, 44.88539886875807], [-1.044069079266903, 44.88550319559403], [-1.044326141425708, 44.88531966590339], [-1.044661805849787, 44.88512297380744], [-1.045022970398094, 44.88495061756584]], [[-1.045323206909124, 44.87879062896268], [-1.045706350809409, 44.8786442674727], [-1.046107825113265, 44.878525310706465], [-1.046523763898065, 44.87843490410225], [-1.046830848533494, 44.87839098326519], [-1.046812459909694, 44.878388411988524], [-1.046395977222828, 44.878299282597304], [-1.045993788746975, 44.87818155596785], [-1.045609768275689, 44.878036366050814], [-1.045247614528666, 44.87786511131515], [-1.044910815515958, 44.87766944127185], [-1.044602614936095, 44.877451240579354], [-1.044490050053601, 44.87735414031999], [-1.044243193479291, 44.877530409060185], [-1.043907572982354, 44.87772709942175], [-1.043546451478212, 44.87789945164519], [-1.043163307030309, 44.878045805649265], [-1.042761829916771, 44.87816475175302], [-1.042345887076107, 44.878255144260066], [-1.042039100703793, 44.87829900965222], [-1.042057913774476, 44.878301641123144], [-1.042474389591365, 44.87839078678271], [-1.042876572185818, 44.87850852616514], [-1.043260588818211, 44.878653725554706], [-1.043622741591042, 44.878824986812546], [-1.043959543046613, 44.87902066083342], [-1.044267749742726, 44.879238863418465], [-1.044379978974739, 44.87933567150396], [-1.044626456367611, 44.87915967846999], [-1.044962082910001, 44.87896298584709], [-1.045323206909124, 44.87879062896268]], [[-1.039373456886631, 44.87805144340021], [-1.038989454427377, 44.877906230597496], [-1.038627321715189, 44.87773495428079], [-1.038290546557431, 44.877539264168995], [-1.037982372422779, 44.877321045113845], [-1.037870055643652, 44.877224142100104], [-1.037622911782859, 44.8774005867906], [-1.037287268870024, 44.8775972571364], [-1.036926127878938, 44.87776958782498], [-1.036542967060824, 44.877915918982495], [-1.03614147685156, 44.8780348411481], [-1.035725524315852, 44.8781252088559], [-1.03541903466842, 44.878169012912295], [-1.035438271920211, 44.878171704912596], [-1.035854736260916, 44.87826087539244], [-1.036256904041022, 44.87837863874196], [-1.036640902663493, 44.878523861014585], [-1.03700303440417, 44.878695143851125], [-1.037339812007797, 44.87889083793854], [-1.037647992261769, 44.879109058884765], [-1.037759973445453, 44.87920566972646], [-1.038006738071799, 44.87902950073838], [-1.038342387026846, 44.878832828129354], [-1.038703530510002, 44.878660492777534], [-1.03908669077816, 44.87851415413149], [-1.039488178176199, 44.87839522130055], [-1.039904126655467, 44.878304839492515], [-1.040210914727637, 44.878260979997975], [-1.040192101757154, 44.87825834821421], [-1.03977563054682, 44.87816919399963], [-1.039373456886631, 44.87805144340021]], [[-1.05131730480896, 44.89031526509227], [-1.050980409934684, 44.890119612693084], [-1.050672117400746, 44.88990142799347], [-1.050550900010822, 44.88979690307531], [-1.050294106324924, 44.889980255630405], [-1.049958432591519, 44.89017696504562], [-1.049597249570719, 44.8903493376168], [-1.049214035918431, 44.89049571306672], [-1.048812482579339, 44.89061468150792], [-1.048654537035975, 44.89064900830784], [-1.04881496645895, 44.89078735008606], [-1.04899863880574, 44.89098182883541], [-1.049320800260156, 44.891103591124384], [-1.049683051849758, 44.89127483328751], [-1.050019949135496, 44.8914704896918], [-1.050328247752443, 44.891688676308085], [-1.05041742150443, 44.89176556816448], [-1.050635545080812, 44.89160983084254], [-1.05097122501021, 44.891413119293375], [-1.051332410656704, 44.89124074219755], [-1.051715623871047, 44.89109435940562], [-1.052117174488199, 44.890975380452026], [-1.052533195850736, 44.890884950988685], [-1.052872728548321, 44.890836380675445], [-1.052465969164345, 44.8907493753033], [-1.052063678750629, 44.89063167019689], [-1.051679557401679, 44.89048650070249], [-1.05131730480896, 44.89031526509227]], [[-1.045976545972612, 44.872484277634776], [-1.046377975658805, 44.87236532012343], [-1.046793868376588, 44.87227491268355], [-1.047091101801953, 44.872232395498], [-1.047062590645585, 44.872228408428604], [-1.046646153253359, 44.87213928014905], [-1.046244008376361, 44.872021554654935], [-1.04586002938816, 44.871876365885996], [-1.045497914608864, 44.87170511230007], [-1.045161151673189, 44.8715094433971], [-1.044852983932196, 44.871291243824594], [-1.044735563801704, 44.87118994507957], [-1.044482876162607, 44.87137039807116], [-1.044147293325377, 44.87156708877387], [-1.043786212174935, 44.8717394414411], [-1.04340311038604, 44.87188579598732], [-1.043001677825895, 44.87200474272638], [-1.042585781003828, 44.87209513595578], [-1.042293795622279, 44.872136890227075], [-1.04232778190884, 44.872141644474674], [-1.04274421246322, 44.87223078894871], [-1.04314635150049, 44.872348527124835], [-1.0435303267004, 44.87249372529898], [-1.043892440564383, 44.87266498534393], [-1.044229206009398, 44.87286065816613], [-1.044537379940024, 44.8730788595783], [-1.044649936333301, 44.87317595965846], [-1.044896772486199, 44.87299969025681], [-1.045232361260221, 44.8728029971998], [-1.045593444811056, 44.87263063977207], [-1.045976545972612, 44.872484277634776]], [[-1.065418795785676, 44.87209558471686], [-1.065081961098017, 44.87189997620953], [-1.064773713809703, 44.87168183190071], [-1.064651012854182, 44.87157603247563], [-1.064393723111425, 44.871759863438825], [-1.064058207705023, 44.871956614331566], [-1.06369718517887, 44.87212903175855], [-1.063314132642816, 44.872275455010566], [-1.062912739489444, 44.87239447373974], [-1.062496871848325, 44.87248494155014], [-1.062143933232932, 44.87253547760672], [-1.062186707722702, 44.87254145322653], [-1.062603172758123, 44.87263052323632], [-1.063005356287997, 44.87274818950675], [-1.063389385563841, 44.872893319026105], [-1.063751562566607, 44.873064514328334], [-1.064088399605521, 44.87326012694332], [-1.064396652896023, 44.87347827326358], [-1.064519016032091, 44.873583778584695], [-1.064775926227697, 44.8734002240795], [-1.065111447745486, 44.87320347092822], [-1.065472472837168, 44.87303104884459], [-1.065855524899323, 44.872884618112366], [-1.066256915318432, 44.87276558872764], [-1.066672778979369, 44.87267510682794], [-1.067026012139597, 44.8726245137292], [-1.066983668310449, 44.87261860019811], [-1.066567196415122, 44.87252954661726], [-1.066165006987433, 44.8724118932552], [-1.065780973830256, 44.87226677335689], [-1.065418795785676, 44.87209558471686]], [[-1.0587785020401, 44.87196542726252], [-1.058441691267498, 44.87176979862194], [-1.058133470492901, 44.87155163589035], [-1.058011020205921, 44.87144603427479], [-1.0577534406766, 44.87163004175565], [-1.0574179027791, 44.87182677257635], [-1.057056860698642, 44.87199916840714], [-1.056673791733499, 44.87214556874676], [-1.056272385434574, 44.87226456346802], [-1.055856508058119, 44.87235500640624], [-1.055528860553623, 44.872401900876405], [-1.055943521277809, 44.87249061232685], [-1.056345689847987, 44.872608302711285], [-1.056729700952142, 44.87275345525461], [-1.057091856746127, 44.87292467226903], [-1.057428669743312, 44.87312030507538], [-1.057736896390554, 44.8733384698717], [-1.057874411810316, 44.873457060594156], [-1.058136208670354, 44.87327004576145], [-1.058471752675991, 44.8730733126803], [-1.058832797319064, 44.8729009121906], [-1.059215865807966, 44.872754504368146], [-1.059617269371079, 44.87263549898844], [-1.060033142766773, 44.872545041957885], [-1.060386083341985, 44.872494512609904], [-1.06034330907962, 44.872488536296586], [-1.059926848682433, 44.87239945781553], [-1.059524674102199, 44.87228178040862], [-1.059140658998716, 44.872136637552394], [-1.0587785020401, 44.87196542726252]], [[-1.055962533908254, 44.878424573441514], [-1.055546610402136, 44.8785150153953], [-1.055239232867313, 44.878559003127975], [-1.055257199634608, 44.87856151399312], [-1.055673698331771, 44.878650610160214], [-1.0560759104628, 44.87876830175086], [-1.056459963003785, 44.87891345550955], [-1.056822157711602, 44.8790846737368], [-1.057159006724916, 44.87928030774175], [-1.057467266143755, 44.87949847371091], [-1.057590863224143, 44.8796050508034], [-1.057835893731768, 44.879430033169115], [-1.05817147560635, 44.87923330061262], [-1.058532560785954, 44.879060900763676], [-1.058915672088649, 44.87891449369193], [-1.059317120330585, 44.87879548916563], [-1.059733039839964, 44.878705033083016], [-1.060055532863325, 44.878658868741404], [-1.060053176052241, 44.87865853948232], [-1.05963667034675, 44.878569459739396], [-1.059234452176196, 44.87845178105198], [-1.058850395620288, 44.878306636908974], [-1.058488199746428, 44.87813542533841], [-1.058151352970597, 44.87793979543559], [-1.057843099451539, 44.87772163147236], [-1.05770557365244, 44.8776030405513], [-1.057443755153099, 44.87779005462483], [-1.057108179355176, 44.877986784892954], [-1.056747096709969, 44.87815918005244], [-1.056363984906479, 44.87830557960851], [-1.055962533908254, 44.878424573441514]], [[-1.051827905555731, 44.87799526738363], [-1.051491082829736, 44.877799617288865], [-1.051182855962164, 44.87758143484956], [-1.05108816330254, 44.87749976553764], [-1.050863475156054, 44.87766023131336], [-1.050527877077482, 44.877856941689316], [-1.050166775062912, 44.87802931544642], [-1.049783646987989, 44.878175692296], [-1.04938218297306, 44.878294662337105], [-1.048966249830406, 44.87838507964274], [-1.048659166897907, 44.87842900638426], [-1.048677555619576, 44.878431577355194], [-1.049094042909775, 44.878520698193825], [-1.049496240315816, 44.878638413608364], [-1.049880274955517, 44.87878359011384], [-1.050242448758054, 44.878954829791766], [-1.050579274063312, 44.879150483744716], [-1.050887507199524, 44.87936866796708], [-1.050981865662826, 44.87945004680642], [-1.051206176343303, 44.879289855143426], [-1.051541780610716, 44.879093142628875], [-1.051902885245982, 44.87892076434316], [-1.052286012879907, 44.87877438014826], [-1.052687474171461, 44.87865539959213], [-1.053103403323251, 44.87856496834215], [-1.053410782564063, 44.878520986520776], [-1.05339281589232, 44.87851847535697], [-1.05297632179529, 44.878429370639694], [-1.052574118590395, 44.87831166783616], [-1.05219008021313, 44.87816650066753], [-1.051827905555731, 44.87799526738363]], [[-1.065372298764815, 44.865739979376485], [-1.065064084162034, 44.86552183630104], [-1.064941055201555, 44.86541574341622], [-1.064683407840777, 44.865599851081114], [-1.06434793025421, 44.8657966024637], [-1.063986948220641, 44.86596902049499], [-1.063603938459889, 44.86611544445986], [-1.063202589952501, 44.86623446400359], [-1.062786768397969, 44.86632493272243], [-1.062469143337257, 44.86637041817151], [-1.06247657472248, 44.86637145643076], [-1.062892994458335, 44.866460525178866], [-1.063295134405251, 44.866578190169], [-1.063679122234369, 44.86672331840179], [-1.064041260325707, 44.86689451242354], [-1.064378061363181, 44.867090123776485], [-1.064686281908914, 44.86730826886529], [-1.06480897360539, 44.867414068107905], [-1.065066242076776, 44.867230236436484], [-1.065401725711414, 44.867033482793666], [-1.06576271024373, 44.866861060104306], [-1.066145719460846, 44.86671462865803], [-1.066547065161777, 44.86659559845779], [-1.066962882661944, 44.866505115649005], [-1.067280801954665, 44.866459574782674], [-1.067273801080131, 44.86645859698739], [-1.066857374410586, 44.86636954466909], [-1.066455228493969, 44.866251892588444], [-1.066071236714015, 44.86610677397805], [-1.065709097514238, 44.86593558662004], [-1.065372298764815, 44.865739979376485]], [[-1.051493227200398, 44.87142143986496], [-1.051371027556179, 44.87131603610797], [-1.051113158221985, 44.871500220055964], [-1.050777597835865, 44.87169693080325], [-1.050416536203743, 44.87186930503662], [-1.050033450812298, 44.872015682462795], [-1.04963203137072, 44.87213465317532], [-1.049216144261916, 44.872225071240706], [-1.048918912484553, 44.87226759411419], [-1.048947423792627, 44.87227158070702], [-1.049363865818836, 44.872360700360176], [-1.049766019665856, 44.87247841456845], [-1.050150012870894, 44.87262358985852], [-1.050512147762084, 44.87279482832358], [-1.050848937053991, 44.872990481077885], [-1.051157137421652, 44.8732086641274], [-1.051251822944689, 44.873290333269715], [-1.05147649249418, 44.87312986692997], [-1.051812058995487, 44.87293315398139], [-1.052173123184396, 44.87276077515238], [-1.05255620808117, 44.87261439031022], [-1.052957624756272, 44.87249540900905], [-1.053373507841878, 44.87240497692346], [-1.05370115716434, 44.87235808881274], [-1.053286500961844, 44.8722693689928], [-1.05288434123184, 44.87215166754185], [-1.052500344184682, 44.87200650172876], [-1.052138208314495, 44.87183526979025], [-1.051801421459221, 44.871639621017785], [-1.051493227200398, 44.87142143986496]], [[-1.064791622829083, 44.878069973023706], [-1.064483342793224, 44.87785182748327], [-1.064360970422059, 44.87774632198057], [-1.06410403898208, 44.87792987577782], [-1.063768485687855, 44.87812662617907], [-1.063407422596005, 44.878299043000396], [-1.063024327207113, 44.878445465538384], [-1.062622889326549, 44.87856448345202], [-1.062206975514742, 44.878654950353244], [-1.061884484283064, 44.878701120942175], [-1.061886841106677, 44.8787014501624], [-1.062303351361474, 44.87879052147007], [-1.062705578391191, 44.87890818905533], [-1.063089649028528, 44.879053319893764], [-1.06345186485618, 44.87922451650662], [-1.063788737809527, 44.879420130411184], [-1.064097023758155, 44.87963827798753], [-1.064219058395533, 44.87974348954141], [-1.06447561125645, 44.87956021148729], [-1.064811170640909, 44.8793634588606], [-1.065172236267187, 44.8791910374177], [-1.065555331141552, 44.879044607436114], [-1.065956766238273, 44.87892557890474], [-1.066372676012063, 44.87883509795291], [-1.066695459408935, 44.878788872069336], [-1.066693535321918, 44.878788603384194], [-1.066277018116789, 44.87869954854151], [-1.065874785096927, 44.878581893898975], [-1.065490710485127, 44.87843677271392], [-1.065128493522786, 44.87826558279324], [-1.064791622829083, 44.878069973023706]], [[-1.055276714945219, 44.88467502395878], [-1.054984195146692, 44.88471688022184], [-1.055017329817294, 44.884721510387045], [-1.055433873837371, 44.88481060762608], [-1.055836129601609, 44.88492830031299], [-1.056220223665997, 44.88507345518169], [-1.0565824573876, 44.88524467452202], [-1.056919342529415, 44.88544030963239], [-1.057227634843557, 44.88565847668872], [-1.057337314883232, 44.8857530436097], [-1.057565577479528, 44.88559002140888], [-1.057901197126163, 44.88539328928859], [-1.058262322758989, 44.885220889984815], [-1.058645476806552, 44.88507448356196], [-1.059046969673434, 44.884955479781986], [-1.059462935258188, 44.88486502453595], [-1.059770576019335, 44.88482099181842], [-1.059753042641088, 44.884818542528016], [-1.0593364917075, 44.884729461486984], [-1.058934230029761, 44.88461178148454], [-1.05855013210668, 44.884466636022246], [-1.058187897404135, 44.884295423140856], [-1.057851014712098, 44.884099791948266], [-1.057542728535233, 44.883881626728794], [-1.057419122130524, 44.8837750494395], [-1.05717407135817, 44.8839500663932], [-1.056838457791772, 44.88414679622742], [-1.056477334695849, 44.88431919084373], [-1.056094180149024, 44.8844655897526], [-1.055692684526577, 44.884584582840596], [-1.055276714945219, 44.88467502395878]], [[-1.051220745793658, 44.88395961460308], [-1.050912486154775, 44.88374143099076], [-1.050818120578883, 44.8836600519827], [-1.050593791328831, 44.88382024308192], [-1.050258155479521, 44.884016953023945], [-1.049897013012303, 44.88418932623783], [-1.049513842192466, 44.88433570244016], [-1.049112333552102, 44.8844546717362], [-1.048696354333373, 44.88454508820617], [-1.048374477506207, 44.88459112534372], [-1.048377689109677, 44.88459157432602], [-1.048794221626082, 44.884680696461636], [-1.049196462537712, 44.88479841318975], [-1.049580538543506, 44.88494359101277], [-1.049942751174345, 44.885114831999445], [-1.050279612396229, 44.885310487239835], [-1.050587878191521, 44.885528672715886], [-1.050709086433613, 44.88563319745431], [-1.050965858878406, 44.8854498441889], [-1.051301500815022, 44.88525313201997], [-1.051662645813328, 44.885080754181914], [-1.052045816115477, 44.88493437053245], [-1.052447321969607, 44.88481539061425], [-1.052863297149275, 44.884724960088555], [-1.05315581857119, 44.88468310941112], [-1.053122684076802, 44.88467847869064], [-1.052706144705568, 44.88458937278773], [-1.052303897932459, 44.88447166877777], [-1.051919818112654, 44.884326500393556], [-1.051557604537589, 44.88415526589664], [-1.051220745793658, 44.88395961460308]], [[-1.038543112067217, 44.865011053359034], [-1.038430140928427, 44.86491356620598], [-1.038182281134365, 44.86509056264444], [-1.037846713757778, 44.865287233912795], [-1.037485653650465, 44.86545956574782], [-1.037102578284568, 44.8656058982646], [-1.036701177272834, 44.86572482198918], [-1.036285316820726, 44.86581519144071], [-1.035992766607219, 44.86585701380682], [-1.036384382497492, 44.865940879890765], [-1.036786463155409, 44.8660586408625], [-1.037170378900419, 44.86620386073714], [-1.037532432806353, 44.8663751411785], [-1.037869138367437, 44.86657083289668], [-1.038177253064821, 44.86678905152236], [-1.038280831846503, 44.86687843131688], [-1.038517371420401, 44.866709523532684], [-1.038852944947432, 44.86651285014822], [-1.039214007630985, 44.866340513809135], [-1.039597082505973, 44.86619417397346], [-1.039998480739476, 44.86607523976204], [-1.040414337141326, 44.86598485639593], [-1.040719258411379, 44.86594125293522], [-1.040335985552279, 44.865859189881824], [-1.039933898879239, 44.865741441771384], [-1.039549979149262, 44.86559623147353], [-1.039187924111584, 44.86542495765345], [-1.038851220825415, 44.86522927000593], [-1.038543112067217, 44.865011053359034]], [[-1.038222741066037, 44.87116104806438], [-1.038119154476736, 44.87107166809394], [-1.037882595328677, 44.87124057526406], [-1.037546990147893, 44.87143724601149], [-1.03718588957385, 44.87160957720892], [-1.036802771468474, 44.87175590897765], [-1.036401325856201, 44.87187483185092], [-1.035985419372137, 44.87196520035604], [-1.035683841849375, 44.872008307749425], [-1.03570814001589, 44.87201170826386], [-1.036124559095567, 44.87210087755814], [-1.03652668332033, 44.87221863970131], [-1.036910640512497, 44.87236386075845], [-1.037272733346825, 44.872535142382084], [-1.037609474942691, 44.87273083527081], [-1.037917622434239, 44.87294905504408], [-1.038029930743691, 44.87304595787875], [-1.038277054157904, 44.87286951252542], [-1.038612665342307, 44.872672839482235], [-1.038973768375234, 44.87250050358703], [-1.039356885903076, 44.872354164293604], [-1.039758328682232, 44.87223523071752], [-1.040174231093644, 44.8721448480738], [-1.040466218092669, 44.87210309937563], [-1.040432231987072, 44.872098344558324], [-1.040015806085784, 44.872009191417966], [-1.039613676043593, 44.87189144191772], [-1.039229715091116, 44.87174623022854], [-1.038867621374668, 44.87157495502901], [-1.038530882326009, 44.871379266027276], [-1.038222741066037, 44.87116104806438]], [[-1.036596253385432, 44.895974655164565], [-1.036963946375844, 44.8958947939723], [-1.037241761542032, 44.89585509646007], [-1.037151262439129, 44.89579103286625], [-1.03703087171577, 44.895687195260535], [-1.036773858119834, 44.89587062308667], [-1.036596253385432, 44.895974655164565]], [[-1.035065925172472, 44.896619408963595], [-1.035243534783735, 44.89651537931151], [-1.034875835279741, 44.89659523482489], [-1.034589468160943, 44.89663614745382], [-1.034937946485008, 44.8967107401565], [-1.035065925172472, 44.896619408963595]], [[-1.029831461385982, 44.89589187746203], [-1.029888217567341, 44.89587507532757], [-1.03030431104726, 44.895784728981354], [-1.030621930490756, 44.89573936342455], [-1.03051101911987, 44.89566083679399], [-1.030373662717987, 44.895542345592425], [-1.030123573997183, 44.895720801592546], [-1.029831461385982, 44.89589187746203]], [[-1.027919030390826, 44.89649175977065], [-1.028312590588598, 44.89657602826045], [-1.028406207593668, 44.89650923016436], [-1.028698327762302, 44.896338158009854], [-1.028641570756442, 44.89635495953882], [-1.02822547037254, 44.89644529967318], [-1.027909486459142, 44.89649042398056], [-1.027919030390826, 44.89649175977065]], [[-1.023117488744947, 44.895787609269874], [-1.023005516696564, 44.895841003052844], [-1.023228572074951, 44.89577498540211], [-1.023644675531594, 44.8956846640027], [-1.024029035051893, 44.8956297897172], [-1.023860776615625, 44.895510640398385], [-1.023727307365356, 44.89539548241368], [-1.023453290087346, 44.89559098063345], [-1.023117488744947, 44.895787609269874]], [[-1.021685966803462, 44.89644104802083], [-1.021697077610427, 44.89644430215198], [-1.021746489503396, 44.89640905137451], [-1.022082299367054, 44.89621242684441], [-1.022194273034724, 44.89615903398582], [-1.021971214913451, 44.896225049567704], [-1.021555104757494, 44.89631536471409], [-1.021281506748972, 44.8963544191269], [-1.021685966803462, 44.89644104802083]], [[-1.042029062678909, 44.890515854843585], [-1.041756093302549, 44.89057516184157], [-1.041499286103453, 44.89061187176394], [-1.041827229956666, 44.89068205419899], [-1.041968992422596, 44.890558735805584], [-1.042029062678909, 44.890515854843585]], [[-1.037699870217027, 44.889859257432335], [-1.037391630739256, 44.88964103589476], [-1.03727362628899, 44.88953924614003], [-1.037033541459676, 44.88971061163838], [-1.036697822872643, 44.8899072809621], [-1.036336600870521, 44.890079610398956], [-1.035953354484841, 44.89022594008717], [-1.035551774975721, 44.89034486057997], [-1.035135730268098, 44.890435226427634], [-1.034834260773313, 44.89047830205569], [-1.03485853780404, 44.89048169870716], [-1.03527509255857, 44.89057087170488], [-1.035677347322195, 44.89068863760759], [-1.036061428660388, 44.89083386244419], [-1.036423638052557, 44.89100514783073], [-1.03676048749573, 44.891200844429655], [-1.037068733085498, 44.891419067824664], [-1.037189114724344, 44.89152290525167], [-1.037446107055473, 44.89133947671261], [-1.037781831586713, 44.89114280503956], [-1.038143055993763, 44.89097047084587], [-1.038526301754302, 44.890824133568955], [-1.038927878390047, 44.890705202304964], [-1.039343918993161, 44.89061482224664], [-1.039600727615301, 44.89057811730719], [-1.039185273535545, 44.89048919759278], [-1.038783012841695, 44.89037144440061], [-1.03839892762642, 44.89022622899529], [-1.038036717233003, 44.89005495009127], [-1.037699870217027, 44.889859257432335]], [[-1.031416424847335, 44.88991479303018], [-1.031079601754181, 44.8897190803047], [-1.03077138878472, 44.88950084040664], [-1.030667213303296, 44.8894109638693], [-1.030443260392712, 44.88957078853969], [-1.030107519552631, 44.88976743793624], [-1.029746278218786, 44.88993974593394], [-1.029363015608992, 44.890086052877514], [-1.028961423139708, 44.8902049495393], [-1.028545368860768, 44.89029529069907], [-1.028241349043999, 44.89033871206811], [-1.02862544034796, 44.890420960755904], [-1.029027680084514, 44.89053875073283], [-1.029411743191323, 44.890683998554344], [-1.029773931323274, 44.89085530561519], [-1.03011075668203, 44.89105102236907], [-1.030418975595012, 44.89126926420563], [-1.030556321635823, 44.89138775519385], [-1.030806389674796, 44.89120929845981], [-1.031142136690836, 44.89101264686256], [-1.031503380644554, 44.890840334267814], [-1.031886642825496, 44.89069401990496], [-1.032288232597332, 44.89057511264953], [-1.032704282925804, 44.89048475746303], [-1.033005754089744, 44.89044168761557], [-1.032981477188447, 44.89043829055922], [-1.032564927061805, 44.89034910896416], [-1.032162681261745, 44.89023133180314], [-1.031778614133925, 44.890086093513546], [-1.031416424847335, 44.88991479303018]], [[-1.03771200256589, 44.88348104125407], [-1.037600012936426, 44.88338443023417], [-1.037353227890672, 44.883560598559654], [-1.037017547202542, 44.883757268471385], [-1.036656365754922, 44.88392959861665], [-1.036273162188715, 44.884075929126816], [-1.035871627351574, 44.88419485054723], [-1.035455628738112, 44.884285217419276], [-1.035151195594783, 44.88432872210008], [-1.035534915844852, 44.88441087393774], [-1.035937127013243, 44.884528638672954], [-1.036321166877275, 44.88467386233188], [-1.036683337315696, 44.884845146541934], [-1.037020150700621, 44.88504084197685], [-1.037328363474877, 44.8852590642316], [-1.037446359026923, 44.88536085379202], [-1.037686423992798, 44.88518948763438], [-1.038022110901864, 44.88499281561283], [-1.038383294997527, 44.884820480968905], [-1.038766498145627, 44.88467414314438], [-1.039168030278172, 44.884555211240645], [-1.039584024915805, 44.88446483045662], [-1.039916847348295, 44.88441725508335], [-1.039505453382902, 44.88432919614704], [-1.039103236158168, 44.88421144434112], [-1.038719192260726, 44.88406623032273], [-1.038357020635859, 44.883894952792915], [-1.03802020946574, 44.883699261482285], [-1.03771200256589, 44.88348104125407]], [[-1.031091760051912, 44.88335084577316], [-1.030982729622475, 44.883256771312745], [-1.030752946441093, 44.88342077572943], [-1.030417243467115, 44.883617425683774], [-1.03005604265897, 44.8837897343574], [-1.029672822844128, 44.8839360420885], [-1.029271275026816, 44.88405493964182], [-1.028855266826737, 44.88414528178857], [-1.028557207355458, 44.88418785733258], [-1.028945260688168, 44.884270962176984], [-1.029347457028889, 44.88438875076948], [-1.02973147888739, 44.8845339972063], [-1.030093628315719, 44.88470530289553], [-1.030430417888223, 44.884901018304085], [-1.030738604276939, 44.885119258834514], [-1.03084277190824, 44.88520913518432], [-1.031066706280729, 44.88504930992636], [-1.031402415542441, 44.88485265792073], [-1.031763619057087, 44.88468034481119], [-1.032146838503595, 44.884534029832125], [-1.032548383657108, 44.88441512186498], [-1.03296438791295, 44.88432476587813], [-1.033268822729446, 44.88428126719129], [-1.032885106681722, 44.88419910752814], [-1.032482904277252, 44.88408133175306], [-1.03209887839664, 44.88393609484996], [-1.031736727811558, 44.88376479574031], [-1.031399940501442, 44.883569084362534], [-1.031091760051912, 44.88335084577316]], [[-1.036926330204075, 44.90200442537652], [-1.036910358568862, 44.90199312032604], [-1.036612161351314, 44.901929302183525], [-1.036484173071221, 44.90202063530754], [-1.036324544297169, 44.902114127219576], [-1.036643844778864, 44.90204478504386], [-1.036926330204075, 44.90200442537652]], [[-1.034905244708207, 44.902675906279114], [-1.034585938487417, 44.9027452434717], [-1.034299608512262, 44.902786145611984], [-1.034624643815904, 44.90285571374812], [-1.034745611439837, 44.90276939594145], [-1.034905244708207, 44.902675906279114]], [[-1.030004208401962, 44.90193472024868], [-1.030296418923139, 44.90189298919718], [-1.029927513490946, 44.9018140143333], [-1.029833889447387, 44.901880813820874], [-1.029587021215891, 44.902025375745495], [-1.029588068840183, 44.90202506564254], [-1.030004208401962, 44.90193472024868]], [[-1.041453852219475, 44.902833579633665], [-1.041216302147061, 44.90288517878786], [-1.040933815374054, 44.90292554937353], [-1.040952788112603, 44.9029389770779], [-1.0412138320292, 44.90299483186418], [-1.041375330252014, 44.90287957395141], [-1.041453852219475, 44.902833579633665]]], [[[-1.084498363699928, 44.87401000707068], [-1.084805074455099, 44.87379076208919], [-1.08514052810893, 44.87359394840367], [-1.085501494192692, 44.873421461188045], [-1.085884496670915, 44.8732749613533], [-1.086285847407309, 44.873155859560946], [-1.086701681668669, 44.87306530264581], [-1.087127995325389, 44.87300416257818], [-1.08756068339107, 44.87297302807189], [-1.087995579530922, 44.87297219891834], [-1.088428496159415, 44.87300168310139], [-1.088855264742041, 44.87306119672044], [-1.0892717759141, 44.87315016672279], [-1.089674019031146, 44.873267736418654], [-1.090058120771186, 44.873412773726244], [-1.090420382417697, 44.87358388206744], [-1.090757315465186, 44.873779413809594], [-1.091065675204942, 44.87399748612402], [-1.091342491967943, 44.874235999109096], [-1.091585099724241, 44.87449265600388], [-1.091791161763407, 44.87476498529738], [-1.091958693208504, 44.87505036452159], [-1.092086080146408, 44.875346045499235], [-1.092172095189633, 44.87564918080312], [-1.092215909319106, 44.87595685117306], [-1.092217099892921, 44.87626609362612], [-1.09217565474307, 44.87657392998982], [-1.092091972319587, 44.87687739558347], [-1.091966857879768, 44.8771735677716], [-1.09180151575808, 44.87745959411411], [-1.091597537790299, 44.877732719842285], [-1.091356888002437, 44.87799031439562], [-1.091081883711223, 44.87822989676353], [-1.090775173217552, 44.878449159387934], [-1.0904397103073, 44.87864599039585], [-1.090078725804913, 44.87881849394763], [-1.089695696453683, 44.87896500850449], [-1.089294311422611, 44.879084122839174], [-1.088878436762826, 44.87917468963485], [-1.088452078156428, 44.879235836541554], [-1.088019342317203, 44.87926697458261], [-1.087584397415852, 44.87926780383077], [-1.087151432911781, 44.87923831629856], [-1.086724619179334, 44.87917879601525], [-1.086308067318289, 44.8790898162897], [-1.085905789536748, 44.87897223418532], [-1.085521660488843, 44.87882718226075], [-1.085159379940519, 44.878656057655796], [-1.084822437123659, 44.87846050862818], [-1.084514077122404, 44.87824241867086], [-1.084237269615825, 44.878003888363395], [-1.083994680278151, 44.877747215132466], [-1.083788645111994, 44.87747487111686], [-1.083621147961575, 44.87718947935031], [-1.083493801422095, 44.87689378849211], [-1.083407831328547, 44.87659064634915], [-1.083364064972621, 44.876282972444464], [-1.083362923160302, 44.87597372989678], [-1.08340441618573, 44.875665896882246], [-1.083488143759035, 44.87536243795282], [-1.08361329888784, 44.875066275487924], [-1.083778675674022, 44.874780261553944], [-1.083982680949669, 44.87450715044274], [-1.084223349639343, 44.87424957215315], [-1.084498363699928, 44.87401000707068]]]]}}]}