{"type": "FeatureCollection", "name": "zone_active", "crs": {"type": "name", "properties": {"name": "urn:ogc:def:crs:OGC:1.3:CRS84"}}, "features": [{"type": "Feature", "properties": {"nb_detections_cluster": 3, "frp_max": 14.17, "frp_moyen": 12.45, "derniere_detection": "2026-07-24T12:14:00", "fetch_timestamp": "2026-07-24T12:14:00"}, "geometry": {"type": "Polygon", "coordinates": [[[-1.217807846892796, 44.7845444953686], [-1.217779502884573, 44.78475895546353], [-1.217696634989924, 44.7850625061437], [-1.217572386495848, 44.78535881050943], [-1.217407953397972, 44.78564501484838], [-1.217204918777737, 44.78591836267824], [-1.216965237575645, 44.786176221299996], [-1.216691217779253, 44.78641610716035], [-1.21638549820651, 44.78663570977857], [-1.216051023097967, 44.786832914007405], [-1.21569101376238, 44.787005820412745], [-1.215308937548719, 44.78715276357587], [-1.214908474443629, 44.7872723281414], [-1.214493481616393, 44.787363362455984], [-1.214067956253429, 44.787424989666505], [-1.213635997040955, 44.78745661617001], [-1.213201764667639, 44.787457937334324], [-1.212769441728546, 44.78742894043369], [-1.212343192417565, 44.787369904771566], [-1.211927122397507, 44.78728139898885], [-1.211525239235393, 44.78716427558398], [-1.211141413784889, 44.78701966269743], [-1.210779342888694, 44.78684895324037], [-1.210442513760786, 44.78665379147205], [-1.210134170392144, 44.78643605715568], [-1.209857282303872, 44.78619784744584], [-1.209614515948868, 44.785941456681755], [-1.209408209037446, 44.78566935428215], [-1.209240348034007, 44.785384160954315], [-1.20911254904105, 44.78508862344702], [-1.20902604225409, 44.78478558809091], [-1.208981660136446, 44.78447797338134], [-1.208979829426923, 44.784168741867795], [-1.209020567056416, 44.7838608716209], [-1.209103480011765, 44.78355732755202], [-1.209227769147091, 44.783261032861255], [-1.209392236904946, 44.7829748408891], [-1.209595298871926, 44.782701507642656], [-1.209834999056608, 44.78244366526048], [-1.210109028741945, 44.782203796671816], [-1.210414748729962, 44.781984211693626], [-1.21074921476415, 44.781787024795285], [-1.211109205884472, 44.78161413474488], [-1.211491255441963, 44.781467206332636], [-1.21189168447436, 44.781347654347094], [-1.212306637121773, 44.7812566299581], [-1.212732117741875, 44.78119500963737], [-1.213164029367887, 44.781163386723094], [-1.213598213139865, 44.781162065709516], [-1.214030488330464, 44.78119105931658], [-1.214456692580744, 44.781250088367386], [-1.214872721959553, 44.78133858447515], [-1.215274570461687, 44.78145569551321], [-1.215658368565447, 44.78160029381635], [-1.216020420479052, 44.78177098703384], [-1.216357239718015, 44.78196613153048], [-1.216512315267665, 44.78207562853787], [-1.21654066275586, 44.78186116896442], [-1.216623532172752, 44.781557619481774], [-1.216747777268001, 44.78126131656592], [-1.21691220090826, 44.78097511363665], [-1.217115219104942, 44.78070176680659], [-1.217354876288075, 44.780443908345134], [-1.217628864154636, 44.78020402133645], [-1.217934543909267, 44.77998441577484], [-1.218268971682795, 44.77978720632795], [-1.218628926883518, 44.77961429198102], [-1.219010943208251, 44.779467337758206], [-1.219411342014641, 44.779347758696645], [-1.219826267733763, 44.77925670622687], [-1.220251724982506, 44.779195057090995], [-1.220683617019073, 44.77916340490466], [-1.221117785172103, 44.77916205444402], [-1.221550048864617, 44.7791910187125], [-1.221976245848385, 44.77925001881574], [-1.222392272262237, 44.779338486645656], [-1.22279412212956, 44.77945557034793], [-1.223177925915559, 44.77960014252052], [-1.223539987773815, 44.779770811064324], [-1.223876821124172, 44.779965932581774], [-1.224185182219897, 44.78018362819466], [-1.224462101381255, 44.78042180162922], [-1.224704911594909, 44.780678159394625], [-1.224911274203724, 44.78095023286099], [-1.225079201439373, 44.78123540202453], [-1.225207075580379, 44.78153092073145], [-1.22529366455049, 44.78183394311808], [-1.225338133806474, 44.782141551012444], [-1.225340054399976, 44.78245078203413], [-1.22529940713485, 44.782758658121544], [-1.225216582778921, 44.783062214212364], [-1.225092378327106, 44.78335852680032], [-1.22492798935085, 44.78364474209397], [-1.22472499850662, 44.78391810350551], [-1.224485360313249, 44.784175978205184], [-1.224211382343993, 44.784415882484815], [-1.223905703013862, 44.784635505686374], [-1.223571266175717, 44.78483273246432], [-1.223211292769608, 44.78500566316741], [-1.222829249798344, 44.78515263214289], [-1.222428816928286, 44.78527222378676], [-1.222013851037408, 44.78536328618487], [-1.221588349052601, 44.78542494221362], [-1.22115640943484, 44.78545659799246], [-1.220722192684009, 44.785457948607196], [-1.220289881244669, 44.785428981048454], [-1.219863639199937, 44.78536997433703], [-1.219447572142649, 44.78528149683501], [-1.219045687611325, 44.78516440076836], [-1.218661856472875, 44.7850198140143], [-1.218299775624857, 44.78484912923228], [-1.217962932377196, 44.784653990443886], [-1.217807846892796, 44.7845444953686]]]}}, {"type": "Feature", "properties": {"nb_detections_cluster": 7, "frp_max": 32.85, "frp_moyen": 16.9, "derniere_detection": "2026-07-24T12:14:00", "fetch_timestamp": "2026-07-24T12:14:00"}, "geometry": {"type": "Polygon", "coordinates": [[[-1.18868, 44.78556], [-1.19856, 44.78826], [-1.19113, 44.79024], [-1.18372, 44.7922], [-1.18868, 44.78556]]]}}, {"type": "Feature", "properties": {"nb_detections_cluster": 1, "frp_max": 11.6, "frp_moyen": 11.6, "derniere_detection": "2026-07-24T12:14:00", "fetch_timestamp": "2026-07-24T12:14:00"}, "geometry": {"type": "Polygon", "coordinates": [[[-1.226531659998404, 44.785148672775705], [-1.226529732760162, 44.784839441488444], [-1.226570374793467, 44.78453156473019], [-1.226653194005722, 44.784228007475065], [-1.226777392153715, 44.78393169305028], [-1.226941772556072, 44.78364547498649], [-1.227144751640437, 44.783372109542114], [-1.22738437421333, 44.78311422916589], [-1.227658332304853, 44.78287431715303], [-1.227963987406211, 44.782654683738656], [-1.228298395885475, 44.78245744385866], [-1.228658337336595, 44.78228449679133], [-1.229040345588665, 44.78213750787596], [-1.229440742076961, 44.78201789248368], [-1.229855671254804, 44.78192680239493], [-1.230281137705728, 44.781865114714044], [-1.230713044599307, 44.78183342342784], [-1.231147233121125, 44.78183203368889], [-1.231579522498109, 44.78186095887891], [-1.232005750234767, 44.78191992047976], [-1.232421812173894, 44.782008350754126], [-1.2328237019969, 44.782125398209295], [-1.233207549784368, 44.78226993579228], [-1.233569659266306, 44.78244057173706], [-1.233906543404103, 44.78263566295998], [-1.234214957962104, 44.78285333087457], [-1.234491932745884, 44.78309147947383], [-1.234734800206589, 44.783347815506126], [-1.234941221135907, 44.78361987055086], [-1.235109207203964, 44.783905024781724], [-1.235237140122775, 44.7842005321888], [-1.235323787250071, 44.78450354701725], [-1.235368313482542, 44.784811151167986], [-1.23537028932309, 44.78512038229667], [-1.235329695043446, 44.785428262340794], [-1.235246920901057, 44.78573182619996], [-1.235122763407129, 44.786028150293134], [-1.234958417680719, 44.78631438071815], [-1.234755465961608, 44.78658776074154], [-1.234515862391644, 44.786845657354306], [-1.234241914210456, 44.787085586637275], [-1.233936259545987, 44.787305237691626], [-1.233601842013376, 44.787502494903606], [-1.23324188236659, 44.78767545832883], [-1.232859847475785, 44.78782246199942], [-1.232459416929394, 44.78794208997715], [-1.232044447582931, 44.78803318999799], [-1.23161893639652, 44.78809488457589], [-1.231186981919746, 44.788126579459], [-1.23075274479562, 44.78812796935653], [-1.230320407664977, 44.78809904088065], [-1.229894134858452, 44.788040072675756], [-1.229478032265261, 44.78795163273299], [-1.229076107766308, 44.787834572916594], [-1.228692232613585, 44.787690020754596], [-1.228330104128717, 44.78751936857328], [-1.227993210080587, 44.787324260080254], [-1.227684795085697, 44.78710657452569], [-1.227407829355265, 44.786868408594444], [-1.227164980090225, 44.786612056204284], [-1.226958585799643, 44.78633998640432], [-1.22679063378968, 44.786054819588], [-1.226662741039489, 44.78575930224883], [-1.22657613864768, 44.785456280523334], [-1.226531659998404, 44.785148672775705]]]}}, {"type": "Feature", "properties": {"nb_detections_cluster": 1, "frp_max": 15.42, "frp_moyen": 15.42, "derniere_detection": "2026-07-24T12:14:00", "fetch_timestamp": "2026-07-24T12:14:00"}, "geometry": {"type": "Polygon", "coordinates": [[[-1.216410580526954, 44.798498270245396], [-1.216408708499788, 44.79818903737807], [-1.216449415607291, 44.79788116293135], [-1.216532309129875, 44.79757761185703], [-1.21665659010844, 44.79728130742274], [-1.216821061063724, 44.796995103062876], [-1.217024137551191, 44.79672175490383], [-1.217263863439272, 44.7964638952278], [-1.217537929763125, 44.79622400713062], [-1.217843696971727, 44.79600440061711], [-1.218178220353671, 44.79580719036405], [-1.21853827839657, 44.795634275364435], [-1.218920403806963, 44.79548732064873], [-1.219320916892165, 44.79536774125876], [-1.219735960982963, 44.79527668862826], [-1.220161539556592, 44.7952150395009], [-1.2205935547032, 44.79518338749221], [-1.221027846566195, 44.79518203737661], [-1.221460233377607, 44.79521100215426], [-1.221886551703893, 44.79527000292586], [-1.222302696515658, 44.795358471576904], [-1.222704660696383, 44.79547555624515], [-1.223088573610659, 44.79562012951929], [-1.223450738361324, 44.79579079928959], [-1.223787667377465, 44.795985922146706], [-1.224096115991117, 44.79620361919951], [-1.224373113679699, 44.796441794160394], [-1.224615992673541, 44.796698153523835], [-1.224822413652963, 44.79697022864454], [-1.22499038828728, 44.79725539950279], [-1.225118298398259, 44.79755091992853], [-1.225204911562904, 44.797853944041506], [-1.225249393004613, 44.798161553653124], [-1.225251313657281, 44.79847078636639], [-1.225210654323797, 44.79877866410349], [-1.225127805887817, 44.79908222178618], [-1.225003565575793, 44.799378535892835], [-1.224839129304192, 44.79966475261741], [-1.224636080184676, 44.79993811535833], [-1.224396373297076, 44.800195991272986], [-1.22412231687606, 44.80043589664154], [-1.223816550092091, 44.80065552079544], [-1.223482017640255, 44.80085274837998], [-1.223121941381492, 44.801025679736135], [-1.222739789309284, 44.80117264920487], [-1.22233924214092, 44.8012922411774], [-1.221924157855408, 44.80138330373647], [-1.221498534520172, 44.801444959756836], [-1.221066471765229, 44.80147661535808], [-1.220632131276731, 44.801477965627726], [-1.220199696691301, 44.8014489975597], [-1.219773333278409, 44.80138999017973], [-1.219357147800103, 44.80130151185631], [-1.218955148935696, 44.801184414823354], [-1.21857120865347, 44.801039826967354], [-1.218209024902323, 44.8008691409584], [-1.217872085983344, 44.800674000829915], [-1.217563636945061, 44.80045628613673], [-1.21728664832637, 44.800218093844364], [-1.217043787548394, 44.799961718124386], [-1.216837393230784, 44.799689628250654], [-1.21666945267963, 44.79940444480985], [-1.216541582763366, 44.79910891445554], [-1.216455014360327, 44.79880588344955], [-1.216410580526954, 44.798498270245396]]]}}, {"type": "Feature", "properties": {"nb_detections_cluster": 45, "frp_max": 128.34, "frp_moyen": 32.74, "derniere_detection": "2026-07-23T14:12:00", "fetch_timestamp": "2026-07-24T12:14:00"}, "geometry": {"type": "Polygon", "coordinates": [[[-1.139449888545619, 44.80439520366014], [-1.139448439672184, 44.804085969024406], [-1.139489572515372, 44.803778122358864], [-1.139572890255641, 44.80347462834733], [-1.139697589848816, 44.803178409707414], [-1.139862469784778, 44.802892319046826], [-1.140065941681135, 44.802619111396616], [-1.140306045599362, 44.80236141768557], [-1.140580468935177, 44.802121719410955], [-1.140886568700646, 44.801902324749406], [-1.141221396983019, 44.80170534633745], [-1.141581729334923, 44.801532680935395], [-1.141964095822467, 44.80138599117015], [-1.142364814432487, 44.8012666895322], [-1.142780026517525, 44.80117592478069], [-1.143205733937829, 44.80111457088729], [-1.143637837543352, 44.80108321862472], [-1.144072176626016, 44.80108216988118], [-1.144504568963254, 44.80111143475489], [-1.144930851068196, 44.80117073145701], [-1.145346918259902, 44.801259489023494], [-1.145748764168752, 44.801376852810094], [-1.146132519297504, 44.8015216927178], [-1.146494488267513, 44.80169261406936], [-1.146831185392139, 44.80188797103271], [-1.147139368235355, 44.80210588246231], [-1.147416068832731, 44.802344250005945], [-1.147658622274377, 44.8026007783033], [-1.147864692374541, 44.80287299708206], [-1.148032294180473, 44.80315828493869], [-1.148159813103405, 44.80345389457601], [-1.148246020486812, 44.803756979254224], [-1.148290085461314, 44.80406462020097], [-1.148291582971194, 44.80437385471704], [-1.148250497894278, 44.80468170470677], [-1.148167225214478, 44.80498520535862], [-1.148042566244321, 44.805281433699726], [-1.147877720932804, 44.805567536749656], [-1.147674276331723, 44.80584075900117], [-1.147434191330661, 44.80609846896442], [-1.147159777806921, 44.80633818451753], [-1.146853678371369, 44.80655759681989], [-1.146518840924072, 44.80675459255704], [-1.146158490264609, 44.806927274302865], [-1.145776097030418, 44.80707397880239], [-1.145375344262524, 44.807193292998896], [-1.144960091921052, 44.807284067650606], [-1.144534339692784, 44.80734542840541], [-1.144102188449714, 44.80737678422691], [-1.143667800730606, 44.807377833090115], [-1.143235360627095, 44.807348564892216], [-1.142809033461684, 44.8072892615498], [-1.142392925646959, 44.807200494282114], [-1.141991045113665, 44.80708311810618], [-1.141607262689637, 44.80693826359714], [-1.141245274802464, 44.806767325993405], [-1.140908567865761, 44.806571951751536], [-1.140600384692629, 44.806354022681134], [-1.140323693260177, 44.80611563781232], [-1.140081158126091, 44.80585909317116], [-1.139875114772574, 44.805586859658135], [-1.139707547124517, 44.805301559242956], [-1.139580068458018, 44.805005939705424], [-1.139493905882575, 44.80470284816582], [-1.139449888545619, 44.80439520366014]]]}}, {"type": "Feature", "properties": {"nb_detections_cluster": 3, "frp_max": 37.62, "frp_moyen": 21.48, "derniere_detection": "2026-07-24T12:14:00", "fetch_timestamp": "2026-07-24T12:14:00"}, "geometry": {"type": "Polygon", "coordinates": [[[-1.201420223666418, 44.802467673115636], [-1.201418433963993, 44.80215843958572], [-1.201459226038772, 44.80185057023335], [-1.201542206352837, 44.80154702996123], [-1.201666575111246, 44.80125074193282], [-1.201831133989434, 44.80096455942444], [-1.202034297696232, 44.800691238351995], [-1.20227410926027, 44.80043341073677], [-1.202548258891802, 44.800193559365766], [-1.202854106237748, 44.7999739938901], [-1.2031887058152, 44.79977682859137], [-1.203548835378246, 44.7996039620296], [-1.203931026944931, 44.79945705876883], [-1.204331600185724, 44.799337533355384], [-1.204746697852338, 44.79924653670328], [-1.205172322906279, 44.79918494501708], [-1.205604376990255, 44.79915335135932], [-1.206038699872842, 44.7991520599425], [-1.20647110948743, 44.79918108320158], [-1.206897442180919, 44.79924014167415], [-1.207313592785542, 44.7993286666901], [-1.207715554128928, 44.799445805844485], [-1.208099455602879, 44.799590431201246], [-1.208461600420243, 44.79976115014922], [-1.208798501201871, 44.799956318805435], [-1.209106913551471, 44.80017405783772], [-1.209383867295441, 44.8004122705542], [-1.209626695087039, 44.8006686630857], [-1.209833058099411, 44.800940766467484], [-1.210000968559847, 44.80122596040764], [-1.210128808907885, 44.801521498513736], [-1.210215347392156, 44.80182453473514], [-1.21025974995507, 44.802132150766575], [-1.210261588290022, 44.802441384149134], [-1.210220843992561, 44.802749256798485], [-1.21013790876455, 44.80305280368522], [-1.210013580668299, 44.80334910139167], [-1.209849056465747, 44.80363529626959], [-1.209645920115499, 44.80390863192777], [-1.209406127537629, 44.80416647578434], [-1.209131987792254, 44.8044063444282], [-1.208826140852536, 44.80462592754439], [-1.20849153218577, 44.80482311017349], [-1.208131384387167, 44.804995993089385], [-1.207749166139463, 44.8051429110996], [-1.207348558797527, 44.80526244909098], [-1.20693342092013, 44.80535345566618], [-1.206507751091049, 44.80541505423924], [-1.206075649388255, 44.80544665148304], [-1.20564127787314, 44.805447943047206], [-1.205208820481233, 44.80541891649115], [-1.204782442701691, 44.805359851403956], [-1.204366251434911, 44.80527131670996], [-1.203964255415888, 44.80515416518604], [-1.203580326585388, 44.80500952524353], [-1.203218162781855, 44.80483879005422], [-1.20288125211407, 44.80464360412516], [-1.202572839358244, 44.80442584745232], [-1.202295894703588, 44.8041876174055], [-1.202053085147547, 44.80393120851988], [-1.201846748816194, 44.803659090388635], [-1.201678872456902, 44.80337388387054], [-1.201551072319646, 44.80307833584137], [-1.201464578610515, 44.80277529273308], [-1.201420223666418, 44.802467673115636]]]}}, {"type": "Feature", "properties": {"nb_detections_cluster": 15, "frp_max": 37.62, "frp_moyen": 24.64, "derniere_detection": "2026-07-24T12:14:00", "fetch_timestamp": "2026-07-24T12:14:00"}, "geometry": {"type": "Polygon", "coordinates": [[[-1.211360041050992, 44.805168069372755], [-1.211358196584362, 44.80485883572407], [-1.211398936181896, 44.80455096243793], [-1.211481866810963, 44.80424741445491], [-1.211606189154984, 44.803951115012865], [-1.211770705336239, 44.80366491749807], [-1.211973830474582, 44.803391577970935], [-1.212213607969893, 44.80313372863056], [-1.21248772836034, 44.80289385247321], [-1.212793551574263, 44.8026742593887], [-1.213128132360982, 44.80247706392448], [-1.213488248655391, 44.80230416493113], [-1.213870432603178, 44.80215722728497], [-1.214271003948076, 44.802037665863445], [-1.214686105459982, 44.80194663192728], [-1.215111740063322, 44.80188500204012], [-1.215543809308834, 44.80185336963225], [-1.215978152819107, 44.801852039289344], [-1.216410588328944, 44.80188102382115], [-1.216836951935957, 44.80194004413819], [-1.217253138174793, 44.80202853193775], [-1.217655139530057, 44.8021456351732], [-1.218039085008386, 44.802290226254435], [-1.218401277399027, 44.802460912900266], [-1.218738228864862, 44.80265605153882], [-1.219046694521668, 44.80287376312702], [-1.219323703682644, 44.80311195123728], [-1.219566588467512, 44.8033683222374], [-1.219773009500678, 44.80364040737005], [-1.219940978450772, 44.80392558651905], [-1.220068877194125, 44.804221113434515], [-1.220155473417028, 44.804524142173626], [-1.22019993250585, 44.80483175450321], [-1.220201825609575, 44.80514098800008], [-1.220161133796237, 44.80544886457886], [-1.220078248262145, 44.805752419172386], [-1.219953966590903, 44.806048728288815], [-1.219789485097202, 44.80633493817007], [-1.21958638732816, 44.806608292280465], [-1.219346628832114, 44.80686615786053], [-1.219072518340763, 44.80710605128988], [-1.218766695545352, 44.80732566201498], [-1.218432105680476, 44.80752287481045], [-1.218071971160111, 44.807695790159656], [-1.217689760538982, 44.80784274255776], [-1.217289155098395, 44.807962316560385], [-1.216874013378733, 44.808053360423344], [-1.216448334000734, 44.808114997201514], [-1.216016217134321, 44.808146633199776], [-1.215581824986952, 44.80814796369447], [-1.21514934169292, 44.80811897587002], [-1.214722932990933, 44.80805994894246], [-1.214306706079317, 44.80797145146857], [-1.2139046700365, 44.80785433586666], [-1.213520697188869, 44.807709730202134], [-1.213158485798962, 44.80753902731662], [-1.212821524434032, 44.80734387140603], [-1.212513058358714, 44.80712614217726], [-1.212236058275895, 44.80688793673576], [-1.211993191716984, 44.80663154937978], [-1.211786797357161, 44.80635944949519], [-1.211618862502754, 44.80607425776506], [-1.211491003967157, 44.8057787209228], [-1.211404452518913, 44.80547568529271], [-1.211360041050992, 44.805168069372755]]]}}, {"type": "Feature", "properties": {"nb_detections_cluster": 3, "frp_max": 25.59, "frp_moyen": 13.58, "derniere_detection": "2026-07-24T12:14:00", "fetch_timestamp": "2026-07-24T12:14:00"}, "geometry": {"type": "Polygon", "coordinates": [[[-1.16148, 44.81404], [-1.15923, 44.80892], [-1.16132, 44.80746], [-1.16148, 44.81404]]]}}, {"type": "Feature", "properties": {"nb_detections_cluster": 1, "frp_max": 24.96, "frp_moyen": 24.96, "derniere_detection": "2026-07-24T12:14:00", "fetch_timestamp": "2026-07-24T12:14:00"}, "geometry": {"type": "Polygon", "coordinates": [[[-1.179159693572867, 44.8083667863686], [-1.179158026143297, 44.80805755187745], [-1.179198944416391, 44.80774969011285], [-1.179282053638806, 44.80744616590423], [-1.17940655277415, 44.807149902260264], [-1.179571242242356, 44.80686375222229], [-1.179774535494771, 44.806590471393406], [-1.180014474312673, 44.80633269140724], [-1.180288747681099, 44.80609289459208], [-1.180594714055672, 44.80587339007357], [-1.180929426807567, 44.805676291546234], [-1.181289662601354, 44.80550349692713], [-1.181671952432442, 44.80535667008748], [-1.182072615025368, 44.80523722483769], [-1.182487792271722, 44.80514631131989], [-1.182913486366955, 44.805084804938105], [-1.183345598289162, 44.80505329793347], [-1.183779967250124, 44.80505209368413], [-1.184212410739625, 44.805081203785704], [-1.184638764778401, 44.80514034793959], [-1.185054923993107, 44.80522895665065], [-1.185456881128358, 44.805346176708], [-1.185840765616308, 44.80549087939662], [-1.186202880833149, 44.805661671360596], [-1.186539739684495, 44.805856908013894], [-1.186848098177506, 44.80607470936948], [-1.187124986656858, 44.80631297813532], [-1.187367738403926, 44.80656941990239], [-1.187574015323785, 44.80684156523177], [-1.187741830472432, 44.80712679342745], [-1.187869567206925, 44.807422357767024], [-1.187955994773409, 44.807725411947104], [-1.188000280182201, 44.80803303748932], [-1.18800199625473, 44.80834227184306], [-1.18796112576385, 44.80865013691445], [-1.187878061626664, 44.808953667746955], [-1.187753603146959, 44.80924994107737], [-1.187588948342434, 44.8095361034921], [-1.187385682429632, 44.80980939891243], [-1.187145762576631, 44.81006719514397], [-1.186871499069582, 44.81030700923417], [-1.186565533073896, 44.81052653139348], [-1.186230811203838, 44.81072364724944], [-1.185870557145241, 44.8108964582191], [-1.185488240604608, 44.811043299802876], [-1.185087543883829, 44.81116275762373], [-1.184672326402832, 44.81125368105649], [-1.184246587512359, 44.81131519431604], [-1.183814427955771, 44.811346704897], [-1.183380010351851, 44.811347909283754], [-1.182947519080133, 44.811318795875394], [-1.182521119956129, 44.81125964509762], [-1.182104920085782, 44.811171026700116], [-1.181702928286851, 44.811053794266], [-1.181319016459289, 44.81090907698592], [-1.180956882277546, 44.81073826877657], [-1.180620013564825, 44.81054301484827], [-1.180311654692926, 44.810325195851874], [-1.180034775331738, 44.8100869097574], [-1.179792041849479, 44.80983045163978], [-1.179585791639167, 44.80955829156628], [-1.179418010618372, 44.80927305079952], [-1.179290314118521, 44.808977476544996], [-1.179203931347278, 44.808674415487125], [-1.179159693572867, 44.8083667863686]]]}}, {"type": "Feature", "properties": {"nb_detections_cluster": 1, "frp_max": 0.87, "frp_moyen": 0.87, "derniere_detection": "2026-07-24T02:28:00", "fetch_timestamp": "2026-07-24T12:14:00"}, "geometry": {"type": "Polygon", "coordinates": [[[-1.188729235957849, 44.81454716807534], [-1.188727515694705, 44.814237933090126], [-1.188768386050918, 44.8139300671601], [-1.188851452734425, 44.813626535154924], [-1.1889759151183, 44.813330260158374], [-1.18914057397619, 44.813044095321175], [-1.189343843054011, 44.81277079638899], [-1.189583764365625, 44.81251299516984], [-1.18985802706445, 44.81227317419649], [-1.190163989708664, 44.81205364282727], [-1.190498705705197, 44.8118565150153], [-1.190858951687234, 44.81168368895964], [-1.191241258551964, 44.811536828834214], [-1.191641944859826, 44.81141734877002], [-1.192057152274008, 44.81132639924434], [-1.192482882699459, 44.81126485600798], [-1.192915036764472, 44.811233311656935], [-1.193349453275086, 44.81123206992894], [-1.19378194926331, 44.8112611427805], [-1.194208360244467, 44.81132025027171], [-1.194624580297033, 44.81140882326042], [-1.195026601579948, 44.811526008879746], [-1.195410552907813, 44.81167067874629], [-1.195772737013345, 44.8118414398202], [-1.196109666138935, 44.81203664781288], [-1.196418095615165, 44.81225442301334], [-1.196695055103273, 44.812492668381374], [-1.196937877200919, 44.81274908973338], [-1.197144223135762, 44.81302121782704], [-1.197312105299209, 44.81330643213238], [-1.197439906402937, 44.81360198606078], [-1.197526395073147, 44.8139050334092], [-1.197570737731622, 44.814212655765104], [-1.197572506648329, 44.814521890608646], [-1.197531684087048, 44.814829759841274], [-1.197448662503112, 44.815133298466456], [-1.197324240790292, 44.815429583145956], [-1.197159616611979, 44.81571576035699], [-1.196956374889537, 44.815989073878356], [-1.196716472557855, 44.816246891341386], [-1.196442219734124, 44.81648672958905], [-1.196136257480675, 44.81670627859919], [-1.195801532375559, 44.81690342374075], [-1.195441268135628, 44.81707626614874], [-1.195058934565335, 44.81722314102076], [-1.19465821413052, 44.81734263365917], [-1.194242966479476, 44.817433593103424], [-1.193817191253531, 44.81749514322156], [-1.193384989546055, 44.81752669115316], [-1.192950524381878, 44.817527933022824], [-1.192517980598722, 44.81749885686866], [-1.192091524517993, 44.817439742757465], [-1.191675263794371, 44.81735116008578], [-1.19127320783188, 44.81723396209261], [-1.190889229148635, 44.81708927763689], [-1.190527026063173, 44.816918500319105], [-1.190190087062488, 44.816723275052134], [-1.189881657195493, 44.81650548221074], [-1.18960470681597, 44.816267219513094], [-1.189361902976217, 44.81601078180877], [-1.189155583746937, 44.81573863896851], [-1.188987735710445, 44.81545341208898], [-1.188859974843578, 44.81515784824199], [-1.18877353097386, 44.814854794011794], [-1.188729235957849, 44.81454716807534]]]}}, {"type": "Feature", "properties": {"nb_detections_cluster": 3, "frp_max": 25.32, "frp_moyen": 12.81, "derniere_detection": "2026-07-24T12:14:00", "fetch_timestamp": "2026-07-24T12:14:00"}, "geometry": {"type": "Polygon", "coordinates": [[[-1.17856, 44.81911], [-1.17324, 44.81865], [-1.17129, 44.81677], [-1.17856, 44.81911]]]}}, {"type": "Feature", "properties": {"nb_detections_cluster": 1, "frp_max": 24.68, "frp_moyen": 24.68, "derniere_detection": "2026-07-23T12:14:00", "fetch_timestamp": "2026-07-24T12:14:00"}, "geometry": {"type": "Polygon", "coordinates": [[[-1.152018623068197, 44.82095570548669], [-1.152017104608469, 44.820646469305466], [-1.152058180723699, 44.820338616276274], [-1.152141455140218, 44.82003511114434], [-1.152266125230615, 44.81973887673437], [-1.152430989768434, 44.819452765806055], [-1.152634460519123, 44.819179533585675], [-1.152874577554774, 44.818921811238674], [-1.153149028144414, 44.81868208053814], [-1.153455169037334, 44.81846264997299], [-1.153790051924481, 44.8182656325255], [-1.154150451832466, 44.81809292533194], [-1.154532898176746, 44.8179461914216], [-1.154933708175131, 44.81782684371008], [-1.155349022300175, 44.81773603140018], [-1.155774841429645, 44.817674628921495], [-1.156207065337963, 44.817643227514594], [-1.15664153215883, 44.81764212954088], [-1.157074058439901, 44.817671345572606], [-1.157500479404801, 44.81773059429121], [-1.157916689035759, 44.81781930519469], [-1.158318679591854, 44.81793662408815], [-1.158702580183265, 44.81808142130484], [-1.159064694030876, 44.818252302578614], [-1.159401534053163, 44.81844762246336], [-1.159709856438216, 44.818665500170596], [-1.159986691877972, 44.8189038376729], [-1.160229374164071, 44.81916033989933], [-1.160435565869974, 44.81943253682858], [-1.160603280871758, 44.81971780726767], [-1.160730903490388, 44.82001340408721], [-1.160817204070475, 44.820316480670876], [-1.16086135084481, 44.820624118324396], [-1.160862917969544, 44.82093335438035], [-1.160821889651657, 44.82124121072826], [-1.160738660327998, 44.82154472249548], [-1.16061403089308, 44.82184096660222], [-1.160449201010995, 44.82212708991618], [-1.160245757584494, 44.822400336735086], [-1.16000565949143, 44.82265807533252], [-1.159731218734826, 44.82289782331085], [-1.15942507818751, 44.82311727151724], [-1.159090186145254, 44.823314306291415], [-1.158729767933276, 44.823487029831284], [-1.158347294839525, 44.82363377847937], [-1.157946450674166, 44.82375313875372], [-1.157531096277655, 44.8238439609687], [-1.15710523231984, 44.82390537031415], [-1.156672960749025, 44.82393677528555], [-1.156238445263154, 44.823937873384565], [-1.155805871184739, 44.82390865403408], [-1.15537940512698, 44.82384939868022], [-1.154963154840541, 44.823760678079964], [-1.154561129628711, 44.82364334680086], [-1.154177201713114, 44.823498534985625], [-1.153815068922917, 44.823327637461425], [-1.153478219067595, 44.82313230029888], [-1.153169896336936, 44.822914404950424], [-1.152893070052289, 44.82267605012141], [-1.152650406070184, 44.82241953154869], [-1.152444241113753, 44.822147319881694], [-1.152276560278943, 44.82186203687979], [-1.152148977931778, 44.82156643015516], [-1.152062722180036, 44.82126334670472], [-1.152018623068197, 44.82095570548669]]]}}, {"type": "Feature", "properties": {"nb_detections_cluster": 19, "frp_max": 174.89, "frp_moyen": 43.79, "derniere_detection": "2026-07-24T12:14:00", "fetch_timestamp": "2026-07-24T12:14:00"}, "geometry": {"type": "Polygon", "coordinates": [[[-1.14273, 44.82563], [-1.14664, 44.83389], [-1.14135, 44.83789], [-1.14287, 44.82979], [-1.13645, 44.82859], [-1.14273, 44.82563]]]}}, {"type": "Feature", "properties": {"nb_detections_cluster": 4, "frp_max": 139.69, "frp_moyen": 105.11, "derniere_detection": "2026-07-24T12:14:00", "fetch_timestamp": "2026-07-24T12:14:00"}, "geometry": {"type": "Polygon", "coordinates": [[[-1.1573, 44.83943], [-1.14368, 44.84399], [-1.15059, 44.84167], [-1.1573, 44.83943]]]}}, {"type": "Feature", "properties": {"nb_detections_cluster": 12, "frp_max": 176.56, "frp_moyen": 127.66, "derniere_detection": "2026-07-24T12:14:00", "fetch_timestamp": "2026-07-24T12:14:00"}, "geometry": {"type": "Polygon", "coordinates": [[[-1.15529, 44.8618], [-1.16803, 44.85729], [-1.16205, 44.85955], [-1.1567, 44.86162], [-1.14678, 44.87223], [-1.14534, 44.87233], [-1.14299, 44.86627], [-1.14841, 44.86409], [-1.15529, 44.8618]]]}}, {"type": "Feature", "properties": {"nb_detections_cluster": 1, "frp_max": 74.8, "frp_moyen": 74.8, "derniere_detection": "2026-07-24T11:53:00", "fetch_timestamp": "2026-07-24T12:14:00"}, "geometry": {"type": "Polygon", "coordinates": [[[-1.169585351710803, 44.863166407898895], [-1.169583735376375, 44.862857167711084], [-1.169624746065549, 44.862549303948825], [-1.169707988133651, 44.86224578146072], [-1.169832659263708, 44.86194952323881], [-1.169997558218202, 44.86166338227217], [-1.170201096430158, 44.86139011407646], [-1.170441313321129, 44.861132350163565], [-1.170715895197784, 44.86089257270698], [-1.171022197544531, 44.860673090645854], [-1.171357270497107, 44.86047601745845], [-1.171717887251581, 44.860303250817736], [-1.172100575135168, 44.8601564543255], [-1.172501649039838, 44.86003704149992], [-1.172917246897105, 44.85994616217085], [-1.173343366852931, 44.85988469141318], [-1.173775905785468, 44.85985322112492], [-1.174210698795529, 44.85985205433073], [-1.174643559290442, 44.85988120226554], [-1.175070319276261, 44.85994038426651], [-1.175486869471353, 44.860029030474024], [-1.175889198856031, 44.86014628731616], [-1.176273433278336, 44.86029102572374], [-1.17663587274503, 44.860461851996874], [-1.176973027039399, 44.860657121219134], [-1.177281649323437, 44.86087495308994], [-1.177558767401209, 44.8611132500233], [-1.177801712342509, 44.86136971733901], [-1.178008144191174, 44.861641885352064], [-1.178176074510261, 44.861927133148], [-1.178303885546591, 44.86222271381562], [-1.178390345829514, 44.86252578089423], [-1.178434622052948, 44.862833415781196], [-1.178436287125405, 44.86314265583587], [-1.178395324309531, 44.86345052290941], [-1.178312127410254, 44.86375405202592], [-1.178187497008733, 44.86405031993867], [-1.178022632777315, 44.86433647328618], [-1.177819121948584, 44.86460975607697], [-1.177578924048664, 44.86486753623827], [-1.177304352041073, 44.86510733097222], [-1.17699805006214, 44.86532683067564], [-1.176662967961991, 44.865523921192356], [-1.176302332896097, 44.86569670418341], [-1.175919618240937, 44.86584351541867], [-1.175518510133357, 44.86596294081337], [-1.175102871956246, 44.86605383005468], [-1.174676707113106, 44.8661153076868], [-1.174244120450782, 44.86614678154748], [-1.173809278702691, 44.86614794847481], [-1.17337637033448, 44.86611879722874], [-1.172949565179835, 44.86605960859937], [-1.172532974256205, 44.865970952701026], [-1.172130610148454, 44.86585368347801], [-1.171746348342923, 44.86570893047536], [-1.171383889885176, 44.865538087953794], [-1.171046725721745, 44.86534280145419], [-1.170738103069892, 44.86512495194108], [-1.170460994139693, 44.86488663767841], [-1.170218067509815, 44.864630154012374], [-1.170011662432724, 44.86435797125629], [-1.169843766316546, 44.864072710891215], [-1.169715995600061, 44.86377712031135], [-1.169629580204451, 44.8634740463583], [-1.169585351710803, 44.863166407898895]]]}}, {"type": "Feature", "properties": {"nb_detections_cluster": 7, "frp_max": 248.22, "frp_moyen": 61.01, "derniere_detection": "2026-07-24T12:14:00", "fetch_timestamp": "2026-07-24T12:14:00"}, "geometry": {"type": "Polygon", "coordinates": [[[-1.16979, 44.87142], [-1.17111, 44.87123], [-1.16428, 44.87355], [-1.16293, 44.8737], [-1.15746, 44.87585], [-1.15609, 44.87598], [-1.15823, 44.87054], [-1.16979, 44.87142]]]}}, {"type": "Feature", "properties": {"nb_detections_cluster": 8, "frp_max": 44.71, "frp_moyen": 17.91, "derniere_detection": "2026-07-24T12:14:00", "fetch_timestamp": "2026-07-24T12:14:00"}, "geometry": {"type": "Polygon", "coordinates": [[[-1.11724, 44.79393], [-1.1158, 44.78822], [-1.11822, 44.78633], [-1.11724, 44.79393]]]}}, {"type": "Feature", "properties": {"nb_detections_cluster": 566, "frp_max": 572.07, "frp_moyen": 27.7, "derniere_detection": "2026-07-24T11:53:00", "fetch_timestamp": "2026-07-24T12:14:00"}, "geometry": {"type": "Polygon", "coordinates": [[[-1.133445222639286, 44.79021814225534], [-1.133419267010007, 44.79041228823702], [-1.133335935411281, 44.7907157762805], [-1.133211229943364, 44.79101198651496], [-1.133046351003492, 44.79129806613416], [-1.132842885967762, 44.79157125985653], [-1.132602793922967, 44.79182893646687], [-1.132328386814629, 44.79206861416455], [-1.132022307192158, 44.792287984473425], [-1.131687502765075, 44.79248493448353], [-1.131327198015149, 44.7926575672091], [-1.130944863137792, 44.79280421986732], [-1.130544180612047, 44.79292347990078], [-1.130129009721505, 44.7930141985894], [-1.129703349368385, 44.7930755021201], [-1.129271299539648, 44.7931068000077], [-1.128837021797086, 44.79310779078521], [-1.128404699172848, 44.793078464909286], [-1.127978495857647, 44.79301910485214], [-1.127562517070898, 44.792930282379274], [-1.127160769500289, 44.79281285303942], [-1.126777122692718, 44.79266794791982], [-1.126415271769297, 44.7924969627463], [-1.126078701824223, 44.792301544433606], [-1.125770654350963, 44.792083575215784], [-1.125494096019497, 44.79184515450958], [-1.125251690105485, 44.79158857868614], [-1.12504577084656, 44.79131631894625], [-1.12487832097249, 44.79103099751215], [-1.12475095262521, 44.79073536236592], [-1.124664891851926, 44.79043226077818], [-1.124620966819889, 44.790124611881545], [-1.124619599865476, 44.789815378554216], [-1.124660803453223, 44.7895075388838], [-1.124744180082674, 44.7892040574866], [-1.124868926142949, 44.78890785695867], [-1.125033839676867, 44.788621789733234], [-1.125237331978906, 44.788348610615564], [-1.125477442914439, 44.78809095025963], [-1.125751859811989, 44.78785128984144], [-1.126057939745949, 44.787631937173025], [-1.126392734994828, 44.7874350044865], [-1.126753021429569, 44.787262388101844], [-1.127135329558605, 44.78711575017393], [-1.127535977930813, 44.78699650269407], [-1.127951108575106, 44.786905793899976], [-1.128376724135904, 44.78684449722439], [-1.128808726347589, 44.786813202889185], [-1.129242955478269, 44.78681221222468], [-1.12967523036392, 44.78684153476998], [-1.129965014254297, 44.78688189475976], [-1.129990980179974, 44.786687749821], [-1.13007432386213, 44.786384264709184], [-1.13019903559103, 44.786088058471094], [-1.130363913740127, 44.78580198359497], [-1.130567369944659, 44.78552879495981], [-1.1308074444176, 44.78527112331122], [-1.131081824838564, 44.78503144993398], [-1.131387868633159, 44.78481208276498], [-1.131722628427841, 44.78461513417596], [-1.13208288043489, 44.78444250064003], [-1.132465155494181, 44.78429584447724], [-1.132865772472955, 44.7841765778545], [-1.133280873702344, 44.784085849193815], [-1.133706462109937, 44.7840245321193], [-1.134138439691519, 44.783993217049165], [-1.134572646952306, 44.78399220551347], [-1.135004902938826, 44.78402150725221], [-1.13543104547689, 44.78408084012154], [-1.135846971229206, 44.784169632809146], [-1.136248675187844, 44.784287030332635], [-1.136632289222201, 44.7844319022681], [-1.136994119312067, 44.78460285362986], [-1.137330681107976, 44.78479823829688], [-1.137638733476937, 44.78501617485681], [-1.137915309710889, 44.78525456471541], [-1.138157746097543, 44.78551111229749], [-1.138363707578454, 44.785783347144886], [-1.138531210247032, 44.786068647699345], [-1.138658640469431, 44.786364266541355], [-1.13874477044362, 44.786667356842365], [-1.138788770046038, 44.78697499977587], [-1.13879021485092, 44.787284232623435], [-1.138749090244095, 44.78759207730539], [-1.138665791590618, 44.787895569061234], [-1.138541120453615, 44.78819178500384], [-1.138376276899706, 44.78847787227198], [-1.13817284796418, 44.788751075510454], [-1.137932792386131, 44.78900876341246], [-1.137658421759824, 44.789248454068584], [-1.137352378283247, 44.78946783887796], [-1.137017609317727, 44.78966480479095], [-1.136657339003409, 44.78983745466863], [-1.136275037203958, 44.78998412556296], [-1.135874386079744, 44.79010340474094], [-1.135459244611823, 44.790194143298066], [-1.135033611418951, 44.79025546722989], [-1.134601586226416, 44.79028678585468], [-1.134167330358664, 44.79028779750578], [-1.133735026637106, 44.79025849243877], [-1.133445222639286, 44.79021814225534]]]}}, {"type": "Feature", "properties": {"nb_detections_cluster": 23, "frp_max": 144.69, "frp_moyen": 77.95, "derniere_detection": "2026-07-23T14:12:00", "fetch_timestamp": "2026-07-24T12:14:00"}, "geometry": {"type": "Polygon", "coordinates": [[[-1.12195, 44.80902], [-1.11609, 44.8111], [-1.12547, 44.80413], [-1.12195, 44.80902]]]}}, {"type": "Feature", "properties": {"nb_detections_cluster": 34, "frp_max": 108.72, "frp_moyen": 31.72, "derniere_detection": "2026-07-23T12:32:00", "fetch_timestamp": "2026-07-24T12:14:00"}, "geometry": {"type": "Polygon", "coordinates": [[[-1.137599355453989, 44.8111051302962], [-1.137597916588355, 44.81079589493904], [-1.137639064476683, 44.8104880482655], [-1.137722402154378, 44.810184554959406], [-1.137847126385117, 44.80988833773157], [-1.138012035421386, 44.80960224917612], [-1.138215540600442, 44.809329044303816], [-1.138455681663166, 44.809071354016645], [-1.138730145647518, 44.80883165977894], [-1.139036289174094, 44.80861226972841], [-1.139371163908736, 44.80841529645721], [-1.139731544956768, 44.80824263667612], [-1.14011396191543, 44.80809595295792], [-1.140514732285604, 44.80797665773486], [-1.1409299969215, 44.80788589970435], [-1.141355757177429, 44.80782455277327], [-1.141787913394674, 44.80779320764734], [-1.142222304358646, 44.80779216614604], [-1.142654747347301, 44.80782143829787], [-1.143081078386128, 44.807880742243874], [-1.143497192323068, 44.80796950695031], [-1.143899082338439, 44.80808687770412], [-1.144282878510329, 44.80823172433924], [-1.144644885064889, 44.80840265211364], [-1.144981615953555, 44.80859801513339], [-1.145289828415134, 44.80881593219462], [-1.145566554199923, 44.80905430489089], [-1.145809128155403, 44.809310837812326], [-1.146015213898166, 44.809583060641984], [-1.146182826324698, 44.80986835193735], [-1.146310350743807, 44.81016396436814], [-1.146396558445882, 44.8104670511676], [-1.146440618558301, 44.81077469354299], [-1.14644210607201, 44.8110839287813], [-1.146401005960929, 44.81139177877987], [-1.146317713353603, 44.81169527872709], [-1.146193029754328, 44.81199150565694], [-1.146028155349172, 44.81227760660242], [-1.145824677470022, 44.812550826076674], [-1.145584555326879, 44.81280853261653], [-1.145310101154713, 44.813048244133086], [-1.145003957955852, 44.8132676518246], [-1.14466907405186, 44.81346464242103], [-1.144308674689784, 44.813637318545744], [-1.143926230976187, 44.81378401699792], [-1.143525426438359, 44.81390332477908], [-1.143110121535137, 44.81399409270923], [-1.142684316459659, 44.81405544650102], [-1.142252112593035, 44.81408679518508], [-1.141817672980989, 44.81408783680523], [-1.141385182215085, 44.81405856132836], [-1.140958806105888, 44.81399925074121], [-1.140542651537485, 44.8139104763328], [-1.140140726891002, 44.81379309318893], [-1.139756903419205, 44.813648231951866], [-1.139394877945065, 44.81347728792481], [-1.139058137244213, 44.81328190762622], [-1.13874992445492, 44.81306397292399], [-1.138473207839481, 44.81282558290246], [-1.138230652198044, 44.812569033637395], [-1.138024593210218, 44.81229679607378], [-1.137857014951339, 44.81201149222031], [-1.137729530799554, 44.811715869889895], [-1.13764336791703, 44.81141277622973], [-1.137599355453989, 44.8111051302962]]]}}, {"type": "Feature", "properties": {"nb_detections_cluster": 2, "frp_max": 17.75, "frp_moyen": 13.62, "derniere_detection": "2026-07-23T13:55:00", "fetch_timestamp": "2026-07-24T12:14:00"}, "geometry": {"type": "Polygon", "coordinates": [[[-1.124162536224141, 44.822320820042144], [-1.124073398400243, 44.8225323414455], [-1.123908380464411, 44.822818410507836], [-1.123704756884289, 44.823091590356164], [-1.123464488273239, 44.82334924990887], [-1.123189888277053, 44.82358890752957], [-1.12288360130276, 44.82380825493545], [-1.122548577056947, 44.82400517943709], [-1.122188042138668, 44.82417778429439], [-1.121805468960424, 44.824324406992936], [-1.121404542296798, 44.82444363526385], [-1.120989123783225, 44.82453432069299], [-1.120563214707416, 44.82459558978765], [-1.12013091745245, 44.82462685239426], [-1.119696395963773, 44.824627807385745], [-1.119263835621727, 44.82459844556342], [-1.11883740290712, 44.824539049745724], [-1.118421205249274, 44.824450192042654], [-1.118019251444295, 44.82433272834227], [-1.117635413025674, 44.82418779006274], [-1.117273386960146, 44.82401677324931], [-1.116936660028779, 44.82382132512151], [-1.116628475236906, 44.82360332820047], [-1.1163518005768, 44.82336488216975], [-1.116109300444123, 44.82310828364449], [-1.115903309983437, 44.82283600404398], [-1.115735812609656, 44.82255066578173], [-1.115608420921494, 44.822255017001915], [-1.115522361190203, 44.82195190510633], [-1.115478461572211, 44.821644249326866], [-1.115477144158343, 44.821335012607946], [-1.115518420935245, 44.82102717306975], [-1.115601893696869, 44.820723695327295], [-1.115726757905863, 44.82042750194133], [-1.115891810466644, 44.82014144527628], [-1.116095461334339, 44.81986828003567], [-1.116335748846944, 44.81961063673972], [-1.116610358632288, 44.81937099640017], [-1.116916645907154, 44.81915166663562], [-1.117251660953401, 44.81895475945764], [-1.11761217752551, 44.81878217094051], [-1.117994723916011, 44.81863556297075], [-1.118395616379762, 44.818516347251176], [-1.118657711478003, 44.81845913306954], [-1.118746863223975, 44.818247616304006], [-1.118911894011079, 44.8179615553536], [-1.119115522300906, 44.817688384767635], [-1.119355786648875, 44.81743073511784], [-1.119630372905877, 44.81719108747713], [-1.119936636515242, 44.816971749534424], [-1.120271627986687, 44.816774833380045], [-1.120632121301671, 44.816602235174756], [-1.121014644976631, 44.81645561689833], [-1.121415515485114, 44.81633639035286], [-1.121830872717329, 44.81624570357444], [-1.122256717136196, 44.816184429783846], [-1.122688948272786, 44.81615315898255], [-1.12312340419127, 44.81615219227432], [-1.123555901544268, 44.81618153896754], [-1.123982275833849, 44.81624091648547], [-1.124398421491491, 44.81632975308589], [-1.124800331392014, 44.816447193363594], [-1.125184135421909, 44.81659210648293], [-1.125546137731487, 44.816763097061724], [-1.125882852312835, 44.81695851860125], [-1.126191036561518, 44.81717648933408], [-1.126467722499204, 44.81741491033692], [-1.126710245356746, 44.81767148573459], [-1.126916269242448, 44.81794374480109], [-1.127083809648116, 44.818229065744866], [-1.12721125257577, 44.818524700949986], [-1.12729737010024, 44.81882780343028], [-1.127341332217047, 44.81913545424188], [-1.127342714860608, 44.819444690590416], [-1.127301504014597, 44.81975253436242], [-1.12721809587385, 44.82005602080609], [-1.12709329305525, 44.82035222708537], [-1.126928296893024, 44.82063830043204], [-1.126724695891736, 44.82091148562492], [-1.126484450447286, 44.82116915153092], [-1.12620987398233, 44.82140881645242], [-1.125903610677236, 44.82162817203642], [-1.125568610010593, 44.82182510551462], [-1.125208098354309, 44.821997720060544], [-1.124825547896793, 44.82214435306644], [-1.124424643193737, 44.822263592164184], [-1.124162536224141, 44.822320820042144]]]}}, {"type": "Feature", "properties": {"nb_detections_cluster": 9, "frp_max": 97.28, "frp_moyen": 18.77, "derniere_detection": "2026-07-24T12:14:00", "fetch_timestamp": "2026-07-24T12:14:00"}, "geometry": {"type": "Polygon", "coordinates": [[[-1.1295, 44.83458], [-1.13208, 44.83667], [-1.12784, 44.83543], [-1.12259, 44.83608], [-1.12905, 44.83442], [-1.1295, 44.83458]]]}}, {"type": "Feature", "properties": {"nb_detections_cluster": 279, "frp_max": 404.96, "frp_moyen": 50.82, "derniere_detection": "2026-07-24T12:14:00", "fetch_timestamp": "2026-07-24T12:14:00"}, "geometry": {"type": "Polygon", "coordinates": [[[-1.1268, 44.85685], [-1.13372, 44.85454], [-1.12212, 44.86154], [-1.11301, 44.86145], [-1.11916, 44.85978], [-1.1268, 44.85685]]]}}, {"type": "Feature", "properties": {"nb_detections_cluster": 2, "frp_max": 21.6, "frp_moyen": 18.73, "derniere_detection": "2026-07-24T11:53:00", "fetch_timestamp": "2026-07-24T12:14:00"}, "geometry": {"type": "Polygon", "coordinates": [[[-1.128316692027402, 44.86784742611174], [-1.128615754513913, 44.86780441547319], [-1.129048379449396, 44.86777311936869], [-1.129483234643593, 44.86777212773794], [-1.129916132905171, 44.86780145012927], [-1.130342905876513, 44.867860804199935], [-1.130759444150815, 44.86794961843353], [-1.13116173682292, 44.86806703764018], [-1.131545910094015, 44.868211931187226], [-1.131908264559235, 44.8683829038809], [-1.132245310819819, 44.868578309394756], [-1.132553803077452, 44.86879626611571], [-1.132830770387624, 44.86903467525542], [-1.13307354527129, 44.869291241053006], [-1.133279789409222, 44.869563492874924], [-1.13344751617146, 44.86984880899944], [-1.133575109764487, 44.87014444185711], [-1.133661340811136, 44.87044754448438], [-1.133705378212507, 44.870755197936006], [-1.133706797176743, 44.87106443939226], [-1.133665583336442, 44.871372290690516], [-1.133582132913992, 44.87167578700655], [-1.133457248932233, 44.87197200540921], [-1.133292133505899, 44.8722580930136], [-1.133088376287136, 44.87253129446119], [-1.132847939175487, 44.872788978462395], [-1.132573137438865, 44.87302866314532], [-1.132266617426753, 44.87324803996661], [-1.131931331089849, 44.87344499595346], [-1.131570507551355, 44.87361763406259], [-1.131187622003656, 44.873764291459246], [-1.130786362230161, 44.873883555540395], [-1.130370593075087, 44.873974277546935], [-1.129944319203938, 44.87403558363382], [-1.129511646514051, 44.874066883291206], [-1.129076742567687, 44.8740678750351], [-1.128703329987601, 44.874042581936195], [-1.128404234340965, 44.87408559289572], [-1.12797156040727, 44.87411688655308], [-1.127536656046492, 44.874117872265536], [-1.127103710327479, 44.87408854053852], [-1.126676893443667, 44.874029173900574], [-1.126260316525339, 44.8739403441806], [-1.12585799202219, 44.873822906997205], [-1.125473795038718, 44.873677993513105], [-1.125111425995642, 44.873506999534804], [-1.124774374977698, 44.87331157206184], [-1.124465888111736, 44.87309359341647], [-1.124188936299314, 44.87285516310629], [-1.123946186605126, 44.87259857759501], [-1.123739976576811, 44.872326308176675], [-1.123572291743274, 44.87204097716678], [-1.1234447465078, 44.871745332639726], [-1.123358568619441, 44.871442221956315], [-1.123314587371456, 44.871134564336906], [-1.123313225639629, 44.87082532274365], [-1.123354495836176, 44.870517475343725], [-1.123437999817184, 44.87021398682792], [-1.123562932743443, 44.8699177798608], [-1.123728090856476, 44.86963170693755], [-1.123931883093908, 44.86935852291833], [-1.12417234643146, 44.86910085850426], [-1.124447164803061, 44.86886119491039], [-1.12475369141631, 44.86864183997931], [-1.125088974247958, 44.8684449059649], [-1.125449784473666, 44.86827228919991], [-1.125832647558255, 44.868125651842824], [-1.126233876707209, 44.868006405879434], [-1.12664960835768, 44.86791569953283], [-1.127075839367757, 44.867854406212224], [-1.127508465546578, 44.867823116107076], [-1.12794332115509, 44.86782213050709], [-1.128316692027402, 44.86784742611174]]]}}, {"type": "Feature", "properties": {"nb_detections_cluster": 5, "frp_max": 92.67, "frp_moyen": 42.76, "derniere_detection": "2026-07-24T12:14:00", "fetch_timestamp": "2026-07-24T12:14:00"}, "geometry": {"type": "Polygon", "coordinates": [[[-1.131884184499979, 44.876564906151415], [-1.131882775435575, 44.87625566413344], [-1.131924002635967, 44.87594781302102], [-1.132007468371156, 44.87564431754068], [-1.132132368170076, 44.875348100424134], [-1.132297498593091, 44.87506201426438], [-1.132501268844288, 44.87478881404908], [-1.132741716110925, 44.874531130635326], [-1.133016524481512, 44.874291445421214], [-1.133323047259786, 44.874072066457536], [-1.133658332459278, 44.87387510622962], [-1.13401915123272, 44.87370246132263], [-1.134402028962525, 44.87355579416607], [-1.134803278713083, 44.87343651703274], [-1.135219036723127, 44.873345778445774], [-1.135645299596915, 44.873284452124864], [-1.136077962836792, 44.87325312857729], [-1.136512860346882, 44.87325210941467], [-1.136945804528463, 44.873281404450495], [-1.137372626581844, 44.87334073160542], [-1.137789216627707, 44.873429519622185], [-1.138191563262488, 44.873546913563395], [-1.138575792167871, 44.873691783039654], [-1.138938203403382, 44.873862733088984], [-1.139275307023701, 44.87405811760302], [-1.139583856678255, 44.8742760551709], [-1.139860880869898, 44.87451444718875], [-1.140103711571881, 44.87477099806057], [-1.14031000992748, 44.87504323729661], [-1.140477788784618, 44.87532854329634], [-1.140605431848068, 44.875624168587855], [-1.140691709264196, 44.875927266280534], [-1.140735789487454, 44.8762349174767], [-1.140737247313486, 44.876544159378376], [-1.140696068000486, 44.876852013818684], [-1.140612647438171, 44.87715551594317], [-1.140487788361637, 44.87745174276484], [-1.140322692645585, 44.877737841317696], [-1.140118949752153, 44.87801105613785], [-1.139878521442742, 44.8782687558069], [-1.139603722900328, 44.878508458302136], [-1.139297200443481, 44.87872785490861], [-1.138961906046319, 44.87892483246303], [-1.13860106890957, 44.87909749371435], [-1.138218164356514, 44.87924417560495], [-1.137816880353562, 44.879363465295874], [-1.137401081978282, 44.87945421378136], [-1.13697477417763, 44.8795155469613], [-1.136542063175776, 44.87954687406491], [-1.136107116904058, 44.8795478933438], [-1.135674124835083, 44.879518594980105], [-1.135247257608827, 44.87945926118102], [-1.134830626840579, 44.87937046345913], [-1.134428245498837, 44.87925305712482], [-1.134043989235688, 44.87910817304372], [-1.13368155904295, 44.87893720673907], [-1.133344445594459, 44.878741804943914], [-1.133035895618479, 44.87852384973325], [-1.132758880624506, 44.878285440388915], [-1.13251606828583, 44.878028873172745], [-1.132309796753482, 44.87775661920265], [-1.132142052148736, 44.87747130064533], [-1.132014449450523, 44.87717566545532], [-1.131928216961259, 44.87687256090357], [-1.131884184499979, 44.876564906151415]]]}}, {"type": "Feature", "properties": {"nb_detections_cluster": 2, "frp_max": 21.59, "frp_moyen": 18.73, "derniere_detection": "2026-07-24T11:53:00", "fetch_timestamp": "2026-07-24T12:14:00"}, "geometry": {"type": "Polygon", "coordinates": [[[-1.125447750504193, 44.876069990948274], [-1.125625822948686, 44.876044389460496], [-1.126058513043732, 44.876013104923594], [-1.126493432111068, 44.87601212499939], [-1.126926392344431, 44.8760414591235], [-1.127353224789576, 44.876100824840236], [-1.127769819467102, 44.87618965052102], [-1.128172164928803, 44.876307080865786], [-1.128556386867582, 44.87645198513459], [-1.128918785409949, 44.87662296803042], [-1.129255870732688, 44.87681838312864], [-1.129564396661282, 44.87703634872382], [-1.129841391926901, 44.87727476594215], [-1.130084188781181, 44.87753133894502], [-1.130290448693178, 44.877803597029406], [-1.130458184880863, 44.87808891841329], [-1.130585781459764, 44.878384555476565], [-1.130672009023758, 44.87868766121517], [-1.130716036507272, 44.87899531665387], [-1.130717439213755, 44.87930455895379], [-1.130676202932167, 44.879612409944166], [-1.130592724100824, 44.87991590480369], [-1.130467806015991, 44.88021212061524], [-1.130302651120689, 44.880498204518844], [-1.130098849447065, 44.88077140119162], [-1.129858363322711, 44.881029079389954], [-1.129583508487528, 44.88126875729779], [-1.129276931802381, 44.88148812643702], [-1.128941585763812, 44.88168507390884], [-1.128580700070072, 44.88185770275197], [-1.128197750512263, 44.8820043502209], [-1.127796425490403, 44.882123603808196], [-1.127380590477269, 44.88221431485586], [-1.126954250772817, 44.88227560962437], [-1.126521512908601, 44.882306897712915], [-1.126086545074764, 44.88230787774893], [-1.125653536951636, 44.88227854029254], [-1.125592257749441, 44.882270017370054], [-1.125414165541908, 44.88229561885421], [-1.124981426665217, 44.88232690094236], [-1.124546458649613, 44.882327874946924], [-1.124113451177179, 44.88229853148603], [-1.123686575036264, 44.882239153201304], [-1.123269941927997, 44.8821503120338], [-1.122867564843358, 44.882032863712375], [-1.12248331939334, 44.88188793950709], [-1.122120906465492, 44.88171693532762], [-1.121783816567219, 44.88152149827181], [-1.121475296199795, 44.881303510754236], [-1.121198316587364, 44.88106507236788], [-1.120955545062258, 44.880808479654284], [-1.120749319382236, 44.88053620397683], [-1.120581625226778, 44.88025086771128], [-1.120454077088762, 44.879955218982595], [-1.120367902744994, 44.879652105192136], [-1.120323931454384, 44.879344445590085], [-1.120322585996612, 44.879035203157684], [-1.120363878626961, 44.87872735607018], [-1.120447410985274, 44.87842386901536], [-1.120572377958883, 44.87812766464363], [-1.120737575461276, 44.87784159542521], [-1.120941412050626, 44.87756841618459], [-1.121181924275449, 44.877310757576794], [-1.121456795598835, 44.87707110076098], [-1.121763378718438, 44.87685175351445], [-1.122098721066872, 44.87665482801707], [-1.122459593246711, 44.876482220519556], [-1.122842520126252, 44.87633559309118], [-1.123243814296755, 44.87621635762212], [-1.12365961156936, 44.87612566223439], [-1.124085908170379, 44.87606438023164], [-1.124518599277484, 44.87603310169442], [-1.124953518526541, 44.87603212780101], [-1.125386478109533, 44.87606146792892], [-1.125447750504193, 44.876069990948274]]]}}, {"type": "Feature", "properties": {"nb_detections_cluster": 21, "frp_max": 243.89, "frp_moyen": 80.84, "derniere_detection": "2026-07-24T12:14:00", "fetch_timestamp": "2026-07-24T12:14:00"}, "geometry": {"type": "Polygon", "coordinates": [[[-1.12034, 44.89564], [-1.12277, 44.90146], [-1.11884, 44.89556], [-1.1164, 44.88974], [-1.10934, 44.88889], [-1.12172, 44.8874], [-1.13558, 44.88279], [-1.13703, 44.88276], [-1.13018, 44.88508], [-1.12326, 44.88742], [-1.12721, 44.89331], [-1.12573, 44.89328], [-1.12034, 44.89564]]]}}, {"type": "Feature", "properties": {"nb_detections_cluster": 2, "frp_max": 48.94, "frp_moyen": 30.87, "derniere_detection": "2026-07-24T12:14:00", "fetch_timestamp": "2026-07-24T12:14:00"}, "geometry": {"type": "Polygon", "coordinates": [[[-1.103030804001486, 44.79139375154083], [-1.103029555753587, 44.79108451782508], [-1.103070878470708, 44.790776686055395], [-1.103154373505157, 44.79047322077195], [-1.103279236105863, 44.79017704441544], [-1.103444263193482, 44.789891009186185], [-1.103647864969153, 44.78961786958127], [-1.103888080244259, 44.78936025587398], [-1.104162595342814, 44.789120648791055], [-1.104468766393852, 44.78890135563084], [-1.104803644798757, 44.788704488052375], [-1.105164005628016, 44.78853194174861], [-1.105546378673968, 44.788385378199564], [-1.105947081860641, 44.788266208680355], [-1.10636225668935, 44.7881755806779], [-1.106787905379237, 44.788114366847076], [-1.107219929345808, 44.788083156611975], [-1.107654168647768, 44.7880822504932], [-1.108086442023173, 44.78811165721569], [-1.10851258713038, 44.78817109362471], [-1.10892850060727, 44.788259987410996], [-1.109330177563951, 44.78837748261862], [-1.109713750129605, 44.78852244788308], [-1.110075524683049, 44.788693487319996], [-1.110412017409262, 44.78888895396016], [-1.110719987839986, 44.78910696560181], [-1.110996470055792, 44.78934542292766], [-1.11123880124935, 44.78960202971271], [-1.111444647374804, 44.7898743149286], [-1.111612025636041, 44.79015965653191], [-1.11173932359692, 44.79045530670765], [-1.111825314728804, 44.7907584183254], [-1.111869170244981, 44.79106607235319], [-1.111870467107121, 44.79137530596559], [-1.111829192125717, 44.79168314107534], [-1.111745742114004, 44.79198661301402], [-1.111620920092855, 44.79228279908515], [-1.111455927582164, 44.79256884671506], [-1.111252353052019, 44.792842000930136], [-1.111012156644009, 44.7930996308956], [-1.110737651309066, 44.79333925525996], [-1.110431480542946, 44.793558566060746], [-1.110096592933316, 44.79375545096099], [-1.109736213763423, 44.793928013602056], [-1.109353813945747, 44.79407459187612], [-1.108953076585081, 44.79419377394221], [-1.108537861493399, 44.7942844118312], [-1.108112167998844, 44.79434563250829], [-1.107680096407724, 44.79437684628631], [-1.107245808491523, 44.79437775250846], [-1.106813487380399, 44.794348342445865], [-1.106387297250456, 44.79428889938162], [-1.105971343194009, 44.79419999588073], [-1.1055696316604, 44.79408248827244], [-1.10518603184922, 44.79393750839782], [-1.104824238428681, 44.79376645270273], [-1.104487735938856, 44.793570968781125], [-1.104179765223215, 44.79335293949891], [-1.103903292212133, 44.79311446485129], [-1.103660979359209, 44.79285784172894], [-1.10345516000548, 44.792585541788], [-1.103287815918235, 44.792300187637835], [-1.103160558220329, 44.79200452757555], [-1.103074611893115, 44.791701409111525], [-1.103030804001486, 44.79139375154083]]]}}, {"type": "Feature", "properties": {"nb_detections_cluster": 1, "frp_max": 12.78, "frp_moyen": 12.78, "derniere_detection": "2026-07-24T12:14:00", "fetch_timestamp": "2026-07-24T12:14:00"}, "geometry": {"type": "Polygon", "coordinates": [[[-1.093169736072293, 44.80461335930484], [-1.093168541775619, 44.80430412409491], [-1.093209928208082, 44.80399629462273], [-1.093293496108091, 44.803692835406224], [-1.093418440022595, 44.80339666882761], [-1.093583556088978, 44.803110646993], [-1.093787253651355, 44.80283752427039], [-1.09402757059859, 44.8025799307705], [-1.094302192275571, 44.802340347025385], [-1.094608473785031, 44.80212108010865], [-1.094943465464751, 44.801924241426555], [-1.095303941294554, 44.80175172639382], [-1.095686429959546, 44.80160519618929], [-1.096087248270608, 44.80148606176697], [-1.096502536620701, 44.80139547027586], [-1.096928296136064, 44.80133429401923], [-1.097360427165265, 44.80130312205937], [-1.097794768736294, 44.801302254548354], [-1.09822713860263, 44.80133169983936], [-1.098653373493661, 44.80139117440627], [-1.099069369182838, 44.8014801055724], [-1.099471119988701, 44.80159763702192], [-1.099854757329331, 44.80174263704131], [-1.10021658695977, 44.801913709411544], [-1.100553124534541, 44.802109206846275], [-1.100861129153364, 44.80232724684717], [-1.101137634567387, 44.802565729823854], [-1.101379977745636, 44.80282235930427], [-1.101585824526548, 44.80309466404152], [-1.101753192107371, 44.80338002180408], [-1.101880468154466, 44.80367568462134], [-1.101966426349867, 44.803978805241094], [-1.102010238223689, 44.80428646454459], [-1.102011481157543, 44.80459569965553], [-1.101970142480949, 44.804903532472196], [-1.101886619620272, 44.805206998348154], [-1.101761716297723, 44.80550317464525], [-1.101596634815991, 44.8057892088839], [-1.101392964501897, 44.806062346219434], [-1.101152666419436, 44.806319955979546], [-1.10087805449876, 44.80655955700733], [-1.100571773262206, 44.80677884156502], [-1.100236772361505, 44.8069756975684], [-1.099876278171193, 44.80714822893713], [-1.099493762711745, 44.80729477386456], [-1.099092910201976, 44.80741392083091], [-1.098677581563165, 44.80750452220511], [-1.098251777217344, 44.807565705304086], [-1.097819598538755, 44.8075968808026], [-1.097385208330548, 44.80759774841261], [-1.09695279070834, 44.8075682997771], [-1.096526510777978, 44.80750881855075], [-1.096110474496847, 44.80741987766613], [-1.095708689106331, 44.807302333812565], [-1.095325024517418, 44.80715731918025], [-1.094963176022205, 44.8069862305498], [-1.09462662869113, 44.806790715832406], [-1.094318623799401, 44.806572658190554], [-1.09404212760636, 44.806334157892586], [-1.093799802788622, 44.80607751207616], [-1.093593982802166, 44.80580519261603], [-1.093426649420048, 44.80551982230945], [-1.09329941366167, 44.80522414960909], [-1.093213500296727, 44.804921022147], [-1.093169736072293, 44.80461335930484]]]}}, {"type": "Feature", "properties": {"nb_detections_cluster": 6, "frp_max": 42.89, "frp_moyen": 30.47, "derniere_detection": "2026-07-24T12:14:00", "fetch_timestamp": "2026-07-24T12:14:00"}, "geometry": {"type": "Polygon", "coordinates": [[[-1.084509137647477, 44.811903014564884], [-1.084507990843206, 44.81159377850633], [-1.084549430072989, 44.811285951513625], [-1.084633055566612, 44.81098249808073], [-1.084758061316261, 44.81068634053414], [-1.084923242863746, 44.81040033089292], [-1.085127008922542, 44.81012722340761], [-1.085367396721879, 44.80986964804212], [-1.085642090924374, 44.80963008515389], [-1.085948445934412, 44.80941084161559], [-1.086283511382077, 44.80921402860837], [-1.08664406053695, 44.80904154129967], [-1.087026621378188, 44.808895040601385], [-1.087427510021808, 44.80877593718335], [-1.087842866183661, 44.80868537789603], [-1.088268690337159, 44.80862423473262], [-1.088700882208598, 44.80859309643674], [-1.089135280240233, 44.8085922628363], [-1.08956770164198, 44.80862174195797], [-1.089993982647059, 44.808681249949885], [-1.090410018584928, 44.808770213813496], [-1.090811803386581, 44.80888777691814], [-1.091195468142718, 44.8090328072455], [-1.091557318344331, 44.80920390828465], [-1.091893869447758, 44.8093994324732], [-1.092201880422319, 44.809617497055186], [-1.092478384957801, 44.809856002203496], [-1.092720720031503, 44.810112651232565], [-1.092926551559704, 44.81038497270715], [-1.093093896886315, 44.81067034423458], [-1.09322114389178, 44.810966017711586], [-1.093307066537584, 44.8112691457833], [-1.093350836695978, 44.81157680925914], [-1.093352032150103, 44.81188604522257], [-1.093310640686555, 44.8121938755636], [-1.093227060239917, 44.81249733565961], [-1.093102095086873, 44.81279350292802], [-1.092936948125508, 44.81307952497616], [-1.092733209313223, 44.81335264707672], [-1.092492840373717, 44.81361023870413], [-1.092218155919604, 44.813849818876015], [-1.091911801171871, 44.81406908005547], [-1.091576726490356, 44.81426591038344], [-1.091216158960329, 44.81443841402685], [-1.090833571308777, 44.81458492944606], [-1.090432648449995, 44.81470404540555], [-1.090017251982995, 44.81479461457286], [-1.089591382983272, 44.814855764575135], [-1.089159143447943, 44.814886906405924], [-1.088724696766453, 44.814887740101476], [-1.088292227598472, 44.81485825763147], [-1.087865901546408, 44.81479874297644], [-1.087449825011933, 44.814709769391015], [-1.087048005624161, 44.81459219387944], [-1.086664313621512, 44.81444714893684], [-1.086302444560069, 44.81427603163578], [-1.08596588370826, 44.81408049016359], [-1.085657872471393, 44.81386240794045], [-1.085381377169763, 44.81362388547137], [-1.085139060471215, 44.81336722010759], [-1.084933255753327, 44.81309488391208], [-1.08476594464188, 44.81280949984321], [-1.084638737941561, 44.812513816486195], [-1.084552860141981, 44.81221068157562], [-1.084509137647477, 44.811903014564884]]]}}, {"type": "Feature", "properties": {"nb_detections_cluster": 67, "frp_max": 79.78, "frp_moyen": 34.51, "derniere_detection": "2026-07-24T02:28:00", "fetch_timestamp": "2026-07-24T12:14:00"}, "geometry": {"type": "Polygon", "coordinates": [[[-1.10909, 44.82233], [-1.11154, 44.82476], [-1.10605, 44.82931], [-1.10281, 44.83148], [-1.09789, 44.83076], [-1.10472, 44.82484], [-1.10327, 44.82287], [-1.10568, 44.82153], [-1.10745, 44.81852], [-1.10909, 44.82233]]]}}, {"type": "Feature", "properties": {"nb_detections_cluster": 52, "frp_max": 250.89, "frp_moyen": 54.23, "derniere_detection": "2026-07-24T12:14:00", "fetch_timestamp": "2026-07-24T12:14:00"}, "geometry": {"type": "Polygon", "coordinates": [[[-1.08884, 44.83418], [-1.09337, 44.83828], [-1.08729, 44.84037], [-1.07873, 44.84279], [-1.07443, 44.84401], [-1.06566, 44.83934], [-1.07112, 44.83897], [-1.07499, 44.83665], [-1.06918, 44.83192], [-1.06593, 44.82954], [-1.06059, 44.82701], [-1.06752, 44.82473], [-1.07518, 44.82963], [-1.07635, 44.83366], [-1.08455, 44.8354], [-1.0861, 44.82921], [-1.08884, 44.83418]]]}}, {"type": "Feature", "properties": {"nb_detections_cluster": 2, "frp_max": 10.8, "frp_moyen": 7.24, "derniere_detection": "2026-07-24T02:28:00", "fetch_timestamp": "2026-07-24T12:14:00"}, "geometry": {"type": "Polygon", "coordinates": [[[-1.11468409461625, 44.84376472285447], [-1.114684606357748, 44.84388519640515], [-1.114643308216074, 44.844193037945985], [-1.114559795402232, 44.84449651730826], [-1.114434871540687, 44.844792711724054], [-1.114269739130987, 44.84507876853931], [-1.114065987989561, 44.84535193269201], [-1.113825579958083, 44.845609573251615], [-1.113550830024981, 44.8458492087646], [-1.113244384041314, 44.846068531161094], [-1.112909193245186, 44.846265427992485], [-1.112548485839894, 44.84643800278517], [-1.112165735899452, 44.84658459331429], [-1.111764629901205, 44.846703787620804], [-1.111349031208196, 44.846794437617696], [-1.110922942843914, 44.846855670153516], [-1.110490468918664, 44.846886895426884], [-1.110055775079902, 44.84688781267028], [-1.109623048368354, 44.846858413048615], [-1.109196456867568, 44.84679897974447], [-1.108780109536515, 44.84671008522886], [-1.108378016613105, 44.84659258574444], [-1.107994050970889, 44.84644761305407], [-1.107631910802006, 44.84627656353441], [-1.107295083986461, 44.846081084720005], [-1.106986814491467, 44.84586305942754], [-1.106710071124868, 44.845624587613834], [-1.106467518943733, 44.84536796614229], [-1.106261493593513, 44.84509566665319], [-1.106093978824675, 44.84481031175157], [-1.10596658740295, 44.84451464974178], [-1.105880545596463, 44.84421152815301], [-1.105836681388439, 44.84390386631042], [-1.105835416528109, 44.843594627216795], [-1.105876762495441, 44.84328678901512], [-1.105960320417534, 44.84298331630742], [-1.106005975367712, 44.84287510758518], [-1.106005482246833, 44.84275463403484], [-1.106046826664036, 44.84244679585398], [-1.106130382418066, 44.84214332310131], [-1.106255344171877, 44.84184713828946], [-1.106420507890123, 44.841561093700186], [-1.106624282457163, 44.8412879439207], [-1.106864705019537, 44.84103031932228], [-1.107139459904422, 44.84079070073656], [-1.107445900931268, 44.84057139557264], [-1.107781076901383, 44.840374515605106], [-1.108141760019732, 44.84020195664626], [-1.10852447697527, 44.840055380297926], [-1.108925542380654, 44.839936197958444], [-1.109341094249702, 44.839845557238235], [-1.109767131171489, 44.83978433091456], [-1.110199550823802, 44.83975310853183], [-1.110634189455926, 44.83975219072761], [-1.111066861961438, 44.83978158633937], [-1.11149340215613, 44.83984101231933], [-1.111909702874185, 44.83992989645866], [-1.112311755497473, 44.84004738289439], [-1.112695688538252, 44.84019234034643], [-1.113057804904535, 44.84036337300565], [-1.113394617490005, 44.840558833968146], [-1.113702882746293, 44.84077684108684], [-1.113979631914703, 44.841015295088056], [-1.114222199616811, 44.8412718997788], [-1.114428249528618, 44.84154418415093], [-1.114595796890773, 44.841829526169136], [-1.114723227637732, 44.84212517801452], [-1.114809313961018, 44.84242829254058], [-1.11485322615601, 44.84273595068734], [-1.114854540637276, 44.84304518958976], [-1.114813244044339, 44.84335303110966], [-1.114729733397291, 44.843656510516865], [-1.11468409461625, 44.84376472285447]]]}}, {"type": "Feature", "properties": {"nb_detections_cluster": 19, "frp_max": 45.67, "frp_moyen": 13.28, "derniere_detection": "2026-07-24T12:14:00", "fetch_timestamp": "2026-07-24T12:14:00"}, "geometry": {"type": "Polygon", "coordinates": [[[-1.09382, 44.85822], [-1.08976, 44.86371], [-1.08848, 44.86243], [-1.08781, 44.86032], [-1.08931, 44.85843], [-1.09306, 44.85502], [-1.09143, 44.85121], [-1.0983, 44.84972], [-1.09783, 44.85272], [-1.09382, 44.85822]]]}}, {"type": "Feature", "properties": {"nb_detections_cluster": 5, "frp_max": 80.25, "frp_moyen": 48.91, "derniere_detection": "2026-07-24T12:14:00", "fetch_timestamp": "2026-07-24T12:14:00"}, "geometry": {"type": "Polygon", "coordinates": [[[-1.094794891858945, 44.86621342746936], [-1.094793687302523, 44.865904186030626], [-1.094835110225892, 44.86559634973239], [-1.094918761014511, 44.8652928831583], [-1.095043833415639, 44.86499670876147], [-1.095209122327963, 44.86471067872326], [-1.095413035429881, 44.86443754749069], [-1.095653608533611, 44.86417994525639], [-1.095928524516493, 44.86394035263658], [-1.096235135646592, 44.86372107679025], [-1.096570489087227, 44.863524229209645], [-1.096931355334531, 44.86335170539514], [-1.097314259314226, 44.86320516661019], [-1.097715513838313, 44.863086023891334], [-1.098131255099837, 44.86299542446749], [-1.098557479864512, 44.8629342407183], [-1.098990084001709, 44.8629030617782], [-1.099424901984627, 44.86290218786644], [-1.099857746980176, 44.862931627397856], [-1.100284451143502, 44.86299109690178], [-1.100700905730146, 44.86308002375031], [-1.101103100640509, 44.86319755166916], [-1.101487163016819, 44.863342548978856], [-1.101849394521676, 44.863513619486454], [-1.102186306939955, 44.8637091159236], [-1.102494655761767, 44.863927155801555], [-1.102771471423435, 44.86416563953119], [-1.103014087905866, 44.864422270633185], [-1.103220168414877, 44.86469457784505], [-1.103387727895963, 44.864979938911496], [-1.103515152166321, 44.86527560583009], [-1.103601213479256, 44.865578731309135], [-1.103645082370402, 44.86588639618315], [-1.103646335670758, 44.86619563752215], [-1.103604960608473, 44.86650347716449], [-1.103521354958812, 44.866806950397965], [-1.103396323239854, 44.86710313451362], [-1.103231068989516, 44.86738917695653], [-1.10302718319736, 44.86766232280299], [-1.102786629001672, 44.867919941298766], [-1.102511722798484, 44.86815955120278], [-1.102205111943902, 44.86837884469173], [-1.101869749264019, 44.86857570959541], [-1.101508864617766, 44.86874824974772], [-1.101125933786476, 44.86889480325739], [-1.100724644990043, 44.86901395852197], [-1.100308863352487, 44.86910456783044], [-1.099882593659724, 44.86916575842329], [-1.099449941768944, 44.86919694090312], [-1.099015075042093, 44.86919781491459], [-1.09858218218546, 44.86916837203908], [-1.098155432883174, 44.86910889587573], [-1.097738937614362, 44.86901995930842], [-1.097336708042012, 44.868902418984874], [-1.096952618355938, 44.86875740706125], [-1.096590367943041, 44.868586320292174], [-1.096253445745068, 44.86839080657087], [-1.09594509664774, 44.86817274905028], [-1.095668290225318, 44.86793424799759], [-1.095425692141838, 44.867677600557755], [-1.095219638484422, 44.867405278621185], [-1.095052113275682, 44.86711990500903], [-1.094924729381356, 44.86682422820579], [-1.094838712996506, 44.86652109588307], [-1.094794891858945, 44.86621342746936]]]}}, {"type": "Feature", "properties": {"nb_detections_cluster": 2, "frp_max": 44.28, "frp_moyen": 34.2, "derniere_detection": "2026-07-24T11:53:00", "fetch_timestamp": "2026-07-24T12:14:00"}, "geometry": {"type": "Polygon", "coordinates": [[[-1.114397019456259, 44.869961457592304], [-1.114375330226002, 44.87012305234609], [-1.114291777397805, 44.870426534035964], [-1.114166794432641, 44.87072273061788], [-1.114001584398722, 44.87100878941699], [-1.113797737859582, 44.8712819553521], [-1.113557217575267, 44.87153959747555], [-1.113282339615016, 44.87177923431867], [-1.112975751062733, 44.87199855779885], [-1.112640404529535, 44.87219545545697], [-1.112279529718682, 44.8723680308115], [-1.111896602316641, 44.872514621632114], [-1.111495310510175, 44.87263381595702], [-1.111079519452215, 44.87272446569895], [-1.11065323401937, 44.87278569770896], [-1.110220560220424, 44.87281692219068], [-1.109785665628363, 44.87281783838427], [-1.10935273921792, 44.87278843746474], [-1.108925950996493, 44.87272900262713], [-1.108509411818176, 44.87264010635724], [-1.108107133769011, 44.87252260491467], [-1.107722991505871, 44.87237763008114], [-1.10736068492221, 44.87220657825393], [-1.107023703500942, 44.8720110969898], [-1.106715292698346, 44.87179306912909], [-1.106438422683134, 44.871554594653325], [-1.106195759731942, 44.87129797045158], [-1.105989640556749, 44.87102566819042], [-1.105822049811248, 44.87074031050159], [-1.105694600992403, 44.87044464571632], [-1.105608520920573, 44.870141521390465], [-1.105564637946893, 44.869833856875616], [-1.105563374000686, 44.86952461520024], [-1.105604740552467, 44.869216774532205], [-1.105688338530461, 44.868913299497315], [-1.105813362190363, 44.86861711263022], [-1.105978606900087, 44.86833106623247], [-1.106182480763527, 44.86805791490865], [-1.106423019970577, 44.867800289044936], [-1.10669790772481, 44.86756066948509], [-1.107004496565946, 44.86734136364761], [-1.107339833871762, 44.86714448331358], [-1.107700690293609, 44.866971924298774], [-1.108083590851691, 44.866825348205595], [-1.108484848390851, 44.86670616642987], [-1.108900599075026, 44.86661552657662], [-1.109326839579151, 44.86655430141475], [-1.109759465621026, 44.86652308047746], [-1.110194311462946, 44.86652216438842], [-1.110627190003613, 44.866551561968556], [-1.111053933075243, 44.86661099015117], [-1.11147043155882, 44.86669987670622], [-1.11187267493218, 44.86681736574745], [-1.112256789871021, 44.866962325969695], [-1.112503170879727, 44.8670786423875], [-1.112524864321617, 44.86691704815592], [-1.112608421477127, 44.866613568134426], [-1.112733403516415, 44.86631737369373], [-1.112898606208203, 44.86603131720836], [-1.113102438060998, 44.8657581533801], [-1.113342935669209, 44.86550051271556], [-1.113617782636937, 44.86526087620108], [-1.113924331896588, 44.86504155141842], [-1.114259631207012, 44.86484465033115], [-1.11462045158534, 44.86467206895489], [-1.115003318398761, 44.86452546910736], [-1.115404544816963, 44.86440626241317], [-1.115820267303468, 44.86431559671725], [-1.116246482804653, 44.86425434503736], [-1.116679087279007, 44.86422309716205], [-1.117113915196454, 44.86422215397439], [-1.11754677962826, 44.864251524556195], [-1.117973512542483, 44.864310926100764], [-1.11839000491792, 44.86439978663454], [-1.118792246291253, 44.864517250521814], [-1.119176363357488, 44.864662186699675], [-1.119538657252808, 44.86483319956386], [-1.119875639161541, 44.86502864240109], [-1.120184063904878, 44.865246633238826], [-1.120460961188291, 44.86548507296018], [-1.120703664206928, 44.86574166550976], [-1.120909835333494, 44.8660139399963], [-1.121077488641032, 44.8662992744798], [-1.121205009043339, 44.866594921213895], [-1.121291167868068, 44.866898033101386], [-1.121335134711847, 44.86720569110777], [-1.121336485462374, 44.86751493236933], [-1.121295206409269, 44.86782277872528], [-1.121211694403081, 44.86812626539887], [-1.121086753059902, 44.868422469551795], [-1.120921585047083, 44.86870853843626], [-1.120717780523424, 44.86898171687403], [-1.120477301844273, 44.869239373797015], [-1.120202464678095, 44.86947902759411], [-1.119895915715815, 44.869698370019364], [-1.119560607187158, 44.86989528843125], [-1.119199768429241, 44.87006788614836], [-1.118816874781194, 44.87021450072497], [-1.118415614104569, 44.87033371997048], [-1.117999851252376, 44.87042439555759], [-1.117573590829469, 44.870485654088455], [-1.117140938603673, 44.87051690551121], [-1.116706061940129, 44.87051784880653], [-1.116273149640853, 44.87048847488837], [-1.11584637157731, 44.8704290666917], [-1.115429838505762, 44.87034019644571], [-1.11502756245346, 44.87022272015932], [-1.114643418058089, 44.87007776937196], [-1.114397019456259, 44.869961457592304]]]}}, {"type": "Feature", "properties": {"nb_detections_cluster": 2, "frp_max": 46.99, "frp_moyen": 37.87, "derniere_detection": "2026-07-24T12:14:00", "fetch_timestamp": "2026-07-24T12:14:00"}, "geometry": {"type": "Polygon", "coordinates": [[[-1.090264021153833, 44.877093247478], [-1.090262841320043, 44.87678400492334], [-1.090304297112778, 44.87647616925317], [-1.090387988600698, 44.87617270504509], [-1.090513109138884, 44.875876534729365], [-1.090678453162253, 44.875590510448085], [-1.090882427818318, 44.87531738659275], [-1.091123068326409, 44.87505979328494], [-1.091398056914695, 44.87482021105486], [-1.091704745152039, 44.87460094696149], [-1.092040179459251, 44.874404112383864], [-1.092401129553803, 44.87423160269712], [-1.092784119554104, 44.87408507902866], [-1.093185461443943, 44.87396595226947], [-1.093601290575237, 44.873875369494776], [-1.094027602867735, 44.873814202923896], [-1.09446029334815, 44.87378304152587], [-1.094895195658427, 44.873782185351025], [-1.095328122153635, 44.873811642643396], [-1.095754904204283, 44.87387112976135], [-1.096171432316037, 44.8739600739073], [-1.096573695681393, 44.87407761864048], [-1.096957820783458, 44.87422263211948], [-1.097320108680832, 44.87439371799562], [-1.097657070615334, 44.87458922885259], [-1.097965461600179, 44.87480728206281], [-1.09824231166556, 44.87504577790872], [-1.098484954460926, 44.875302419794316], [-1.098691052938508, 44.875574736353286], [-1.09885862187054, 44.875860105240264], [-1.098986046982949, 44.87615577837751], [-1.099072100520664, 44.876458908413426], [-1.09911595309391, 44.87676657613857], [-1.09911718169056, 44.877075818595536], [-1.099075773776399, 44.87738365761185], [-1.098992127442822, 44.87768712848134], [-1.098867047599493, 44.87798330851771], [-1.098701738247612, 44.87826934520536], [-1.09849779090726, 44.87854248367597], [-1.098257169309382, 44.878800093246326], [-1.097982190499098, 44.87903969276125], [-1.097675502531783, 44.87925897449756], [-1.097340058976251, 44.87945582639818], [-1.096979090470434, 44.87962835242222], [-1.096596073603462, 44.87977489081453], [-1.096194697424014, 44.87989403011824], [-1.095778827897903, 44.87998462277606], [-1.095352470657733, 44.880045796188845], [-1.094919732404105, 44.880076961124686], [-1.094484781330968, 44.880077817397215], [-1.094051806957185, 44.8800483567587], [-1.093624979752193, 44.879988862979374], [-1.093208410945584, 44.87989990911276], [-1.09280611290874, 44.87978235197323], [-1.09242196049096, 44.87963732387896], [-1.092059653683373, 44.87946622174025], [-1.09172268197087, 44.87927069359842], [-1.091414290715995, 44.87905262274526], [-1.091137449898936, 44.878814109576375], [-1.090894825514835, 44.878557451353444], [-1.090688753903924, 44.87828512007063], [-1.090521219261501, 44.87799973863915], [-1.090393834543908, 44.877704055618764], [-1.090307825953866, 44.877400918740946], [-1.090264021153833, 44.877093247478]]]}}, {"type": "Feature", "properties": {"nb_detections_cluster": 8, "frp_max": 38.28, "frp_moyen": 32.03, "derniere_detection": "2026-07-24T12:14:00", "fetch_timestamp": "2026-07-24T12:14:00"}, "geometry": {"type": "Polygon", "coordinates": [[[-1.100023838270639, 44.87977363658568], [-1.100022604620843, 44.87946439387578], [-1.100064008877968, 44.87915655430455], [-1.100147651606889, 44.87885308248719], [-1.100272726632132, 44.878556900927364], [-1.100438028826779, 44.87827086187541], [-1.100641965741009, 44.87799771986521], [-1.100882572957443, 44.877740105193176], [-1.10115753302468, 44.87750049859531], [-1.101464197786073, 44.87728120736524], [-1.101799613888346, 44.877084343143366], [-1.102160551224136, 44.876911801590325], [-1.10254353403459, 44.87676524414033], [-1.102944874372632, 44.8766460820097], [-1.103360707605048, 44.87655546261426], [-1.103787029612047, 44.876494258525966], [-1.10421973532678, 44.87646305907506], [-1.104654658244513, 44.87646216467833], [-1.105087610521915, 44.87649158394785], [-1.105514423281301, 44.876551033608074], [-1.105930986732717, 44.87663994122211], [-1.106333289728477, 44.87675745070096], [-1.10671745837019, 44.87690243054268], [-1.10707979329733, 44.87707348472253], [-1.107416805298977, 44.8772689661294], [-1.107725248906358, 44.877486992419335], [-1.108002153643053, 44.877725464134016], [-1.108244852632158, 44.87798208490989], [-1.108451008284861, 44.878254383583894], [-1.108618634822876, 44.878539737983], [-1.108746117417429, 44.87883540016904], [-1.108832227759906, 44.87913852289588], [-1.108876135913481, 44.8794461870246], [-1.108877418330721, 44.879755429632446], [-1.108836061959027, 44.88006327254554], [-1.108752464393312, 44.88036675102027], [-1.108627430073451, 44.88066294229718], [-1.108462162562078, 44.880948993752405], [-1.108258252976157, 44.88122215037551], [-1.108017664682853, 44.88147978130846], [-1.107742714406363, 44.88171940519039], [-1.107436049927079, 44.88193871406344], [-1.10710062458744, 44.88213559560919], [-1.106739668849792, 44.88230815350128], [-1.106356659180163, 44.88245472567758], [-1.105955284557811, 44.88257390035584], [-1.105539410933477, 44.882664529638056], [-1.105113043979191, 44.882725740572326], [-1.104680290489101, 44.8827569435653], [-1.104245318803921, 44.88275783806409], [-1.103812318641088, 44.882728415452696], [-1.103385460718497, 44.882668959135096], [-1.102968856561698, 44.882580041804005], [-1.102566518882664, 44.88246251992185], [-1.102182322912644, 44.88231752546724], [-1.101819969062374, 44.88214645502646], [-1.101482947269979, 44.88195095633552], [-1.101174503380489, 44.88173291240261], [-1.10089760788116, 44.88149442336407], [-1.100654927293913, 44.881237786249145], [-1.100448798500386, 44.88096547284883], [-1.100281206246682, 44.88068010590207], [-1.100153764044046, 44.88038443382927], [-1.100067698648855, 44.88008130425646], [-1.100023838270639, 44.87977363658568]]]}}, {"type": "Feature", "properties": {"nb_detections_cluster": 2, "frp_max": 394.96, "frp_moyen": 331.07, "derniere_detection": "2026-07-24T12:14:00", "fetch_timestamp": "2026-07-24T12:14:00"}, "geometry": {"type": "Polygon", "coordinates": [[[-1.095172053490969, 44.90222344440229], [-1.095170846083282, 44.9019141994764], [-1.095212293517488, 44.90160635956106], [-1.09529599594211, 44.90130288927477], [-1.095421146606286, 44.90100671110634], [-1.09558653965423, 44.9007206772735], [-1.095790581760815, 44.90044754225978], [-1.09603130749536, 44.90018993629425], [-1.096306398264933, 44.89995034002899], [-1.096613204654121, 44.8997310606581], [-1.096948771945778, 44.89953420970779], [-1.097309868576699, 44.89936168271087], [-1.097693017254221, 44.89921514096138], [-1.09809452843426, 44.899095995524455], [-1.098510535838757, 44.89900539365515], [-1.098937033671061, 44.898944207756635], [-1.099369915171581, 44.89891302698405], [-1.099805012143238, 44.898912151574315], [-1.10023813506703, 44.89894158995663], [-1.100665113422386, 44.89900105867144], [-1.101081835825063, 44.89908998509842], [-1.101484289597008, 44.8992075129674], [-1.101868599388111, 44.89935251059935], [-1.102231064478746, 44.899523581798235], [-1.102568194404583, 44.89971907928904], [-1.102876742561204, 44.89993712057295], [-1.10315373746524, 44.90017560604723], [-1.103396511371236, 44.90043223921584], [-1.103602725968597, 44.900704548796384], [-1.103770394910982, 44.900989912510745], [-1.103897902960791, 44.901285582331035], [-1.103984021563744, 44.90158871093762], [-1.104027920702908, 44.90189637913487], [-1.104029176917103, 44.90220562396085], [-1.103987777405512, 44.90251346722032], [-1.103904120177973, 44.90281694416624], [-1.103779010248451, 44.90311313205385], [-1.103613651907321, 44.90339917829197], [-1.103409637145948, 44.903672327920304], [-1.10316893034415, 44.90392995014818], [-1.102893849367286, 44.90416956369856], [-1.102587043254439, 44.90438886071303], [-1.102251466712134, 44.90458572898739], [-1.101890351659078, 44.904758272323114], [-1.101507176095883, 44.90490482879822], [-1.101105630599834, 44.9050239867817], [-1.100689582767738, 44.90511459853633], [-1.100263039949851, 44.90517579127905], [-1.099830110634538, 44.9052069755917], [-1.099394964856374, 44.90520785110136], [-1.098961794009968, 44.905178409374905], [-1.098534770457528, 44.905118934000456], [-1.098118007320195, 44.90502999785428], [-1.097715518841437, 44.90491245758004], [-1.097331181705122, 44.90476744533348], [-1.096968697681741, 44.904596357872265], [-1.096631557963196, 44.90440084309636], [-1.096323009530235, 44.90418278416887], [-1.096046023876844, 44.90394428137049], [-1.095803268392984, 44.90368763186309], [-1.095597080681298, 44.90341530755693], [-1.095429446054921, 44.903129931296036], [-1.095301978432714, 44.90283425159041], [-1.095215904815343, 44.90253111613962], [-1.095172053490969, 44.90222344440229]]]}}, {"type": "Feature", "properties": {"nb_detections_cluster": 6, "frp_max": 597.37, "frp_moyen": 264.43, "derniere_detection": "2026-07-24T12:14:00", "fetch_timestamp": "2026-07-24T12:14:00"}, "geometry": {"type": "Polygon", "coordinates": [[[-1.11429, 44.91402], [-1.11919, 44.90744], [-1.12162, 44.91208], [-1.10695, 44.91597], [-1.11429, 44.91402]]]}}, {"type": "Feature", "properties": {"nb_detections_cluster": 8, "frp_max": 43.53, "frp_moyen": 35.65, "derniere_detection": "2026-07-24T12:14:00", "fetch_timestamp": "2026-07-24T12:14:00"}, "geometry": {"type": "Polygon", "coordinates": [[[-1.08037, 44.8196], [-1.07517, 44.81637], [-1.07746, 44.81425], [-1.08037, 44.8196]]]}}, {"type": "Feature", "properties": {"nb_detections_cluster": 11, "frp_max": 100.76, "frp_moyen": 28.21, "derniere_detection": "2026-07-23T13:55:00", "fetch_timestamp": "2026-07-24T12:14:00"}, "geometry": {"type": "Polygon", "coordinates": [[[-1.06154, 44.84765], [-1.06858, 44.8514], [-1.06177, 44.85439], [-1.05725, 44.8546], [-1.06154, 44.84765]]]}}, {"type": "Feature", "properties": {"nb_detections_cluster": 1, "frp_max": 2.92, "frp_moyen": 2.92, "derniere_detection": "2026-07-24T02:11:00", "fetch_timestamp": "2026-07-24T12:14:00"}, "geometry": {"type": "Polygon", "coordinates": [[[-1.063254935220756, 44.8645021703839], [-1.063253904384376, 44.86419292879655], [-1.063295498934343, 44.863885104457445], [-1.063379317603407, 44.86358166183489], [-1.063504552522297, 44.863285523151156], [-1.06366999702491, 44.86299954024347], [-1.063874057291649, 44.86272646710486], [-1.064114767717944, 44.86246893336834], [-1.064389809859175, 44.862229418990346], [-1.064696534768994, 44.86201023037636], [-1.065031988515518, 44.86181347817855], [-1.065392940629419, 44.86164105697871], [-1.065775915209985, 44.86149462705211], [-1.066177224389732, 44.86137559838709], [-1.066593003835713, 44.86128511711429], [-1.067019249946183, 44.861224054475656], [-1.067451858385115, 44.861192998439435], [-1.067886663584351, 44.86119224804148], [-1.06831947883388, 44.8612218105073], [-1.068746136575166, 44.86128140118253], [-1.069162528510568, 44.86137044627243], [-1.069564645143511, 44.86148808836428], [-1.06994861436965, 44.86163319467911], [-1.070310738748185, 44.861804367974315], [-1.070647531095143, 44.861999959991735], [-1.070955748056428, 44.86221808732221], [-1.071232421337692, 44.86245664953433], [-1.071474886290503, 44.86271334939299], [-1.071680807579483, 44.862985714973384], [-1.071848201683064, 44.863271123458006], [-1.071975456010748, 44.86356682638766], [-1.072061344452201, 44.86386997612362], [-1.072105039207726, 44.86417765326664], [-1.072106118785275, 44.86448689476836], [-1.072064572086082, 44.86479472246541], [-1.071980798538515, 44.865098171760394], [-1.071855604277855, 44.86539432017468], [-1.071690194407731, 44.86568031549704], [-1.071486161416828, 44.865953403257386], [-1.071245469861528, 44.86621095326084], [-1.070970437461246, 44.866450484925764], [-1.07066371278799, 44.866669691182395], [-1.070328249764554, 44.86686646070057], [-1.069967279216769, 44.867038898232856], [-1.069584277753755, 44.86718534287635], [-1.069182934276071, 44.867304384077144], [-1.068767114434716, 44.86739487522287], [-1.068340823383806, 44.86745594469217], [-1.067908167186403, 44.86748700425428], [-1.067473313245995, 44.86748775473785], [-1.067040450145692, 44.86745818891412], [-1.066613747282907, 44.867398591566456], [-1.066197314689277, 44.867309536745985], [-1.065795163423847, 44.86719188223948], [-1.065411166921869, 44.867046761302895], [-1.06504902367234, 44.866875571740756], [-1.064712221584434, 44.8666799624364], [-1.064404004386586, 44.86646181746329], [-1.064127340382235, 44.866223237930804], [-1.063884893863307, 44.86596652173972], [-1.063678999456775, 44.86569414144242], [-1.063511639651131, 44.86540872042202], [-1.063384425718822, 44.865113007619435], [-1.063298582217809, 44.86480985105279], [-1.063254935220756, 44.8645021703839]]]}}, {"type": "Feature", "properties": {"nb_detections_cluster": 3, "frp_max": 16.97, "frp_moyen": 12.07, "derniere_detection": "2026-07-23T13:55:00", "fetch_timestamp": "2026-07-24T12:14:00"}, "geometry": {"type": "Polygon", "coordinates": [[[-1.081077470103442, 44.86920032848093], [-1.081165050237115, 44.869293014794415], [-1.081371042656752, 44.86956536297175], [-1.081538505628272, 44.86985075744295], [-1.081665825897947, 44.8701464498838], [-1.081751776720351, 44.87044959275669], [-1.081795529694933, 44.870757266728454], [-1.081796662768842, 44.87106650878144], [-1.081755164327944, 44.8713743407469], [-1.081671433335665, 44.87167779798648], [-1.081546275517232, 44.87197395794506], [-1.081380895625086, 44.87225996830032], [-1.081176885858973, 44.87253307443743], [-1.080936210551367, 44.8727906459845], [-1.080661187264988, 44.87303020215254], [-1.080354464483871, 44.87324943563574], [-1.080018996112414, 44.873446234841765], [-1.079658013027817, 44.87361870423725], [-1.079274991959836, 44.8737651826124], [-1.078873621997785, 44.87388425908843], [-1.078457769047712, 44.8739747867132], [-1.078031438582633, 44.87403589351397], [-1.077598737045271, 44.874066990900396], [-1.077163832275892, 44.87406777933684], [-1.076730913347281, 44.87403825122893], [-1.076304150194699, 44.87397869099676], [-1.075887653430624, 44.873889672333966], [-1.075485434732334, 44.87377205267901], [-1.075101368184732, 44.87362696495222], [-1.074739152951628, 44.87345580663827], [-1.074402277635659, 44.87326022631947], [-1.074093986670689, 44.873042107790155], [-1.073817249070746, 44.87280355190507], [-1.073574729836662, 44.87254685633722], [-1.073368764295792, 44.87227449344045], [-1.073201335621745, 44.87198908643028], [-1.073074055750215, 44.87169338411282], [-1.072988149874152, 44.87139023440522], [-1.072982367163039, 44.87134952525884], [-1.072894797329351, 44.87125683243141], [-1.072688839818579, 44.870984468384954], [-1.072521418447138, 44.87069906046645], [-1.072394145080409, 44.870403357490716], [-1.072308244848714, 44.87010020738126], [-1.072264544371008, 44.869792529737765], [-1.072263463818955, 44.869483287714885], [-1.072305012896886, 44.869175459483685], [-1.07238879077531, 44.86887200954993], [-1.072513989977609, 44.8685758602064], [-1.072679404181453, 44.86828986339301], [-1.072883439858833, 44.86801677323673], [-1.073124131641779, 44.86775921953451], [-1.073399161265018, 44.867519682435095], [-1.073705879902575, 44.867300468562796], [-1.07404133368281, 44.86710368881299], [-1.07440229213594, 44.866931238032855], [-1.074785279300103, 44.866784776782495], [-1.075186607186569, 44.86666571535187], [-1.075602411282214, 44.86657520018712], [-1.076028687747919, 44.86651410285656], [-1.076461331955386, 44.866483011662474], [-1.076896177992082, 44.86648222597927], [-1.077329038754836, 44.86651175337218], [-1.07775574624696, 44.866571309524566], [-1.078172191691866, 44.866660320974134], [-1.078574365077854, 44.86677793063203], [-1.07895839375422, 44.86692300603167], [-1.079320579707834, 44.86709415022814], [-1.079657435161919, 44.867289715243444], [-1.079965716154807, 44.867507817928484], [-1.080242453775653, 44.86774635808923], [-1.080484982756529, 44.86800303870291], [-1.080690967145534, 44.86827538803011], [-1.080858422813468, 44.8685607834099], [-1.080985736576958, 44.86885647650929], [-1.081071681753252, 44.86915961978432], [-1.081077470103442, 44.86920032848093]]]}}, {"type": "Feature", "properties": {"nb_detections_cluster": 7, "frp_max": 35.83, "frp_moyen": 20.0, "derniere_detection": "2026-07-24T12:14:00", "fetch_timestamp": "2026-07-24T12:14:00"}, "geometry": {"type": "Polygon", "coordinates": [[[-1.08007, 44.88084], [-1.07308, 44.88043], [-1.07375, 44.87864], [-1.08007, 44.88084]]]}}, {"type": "Feature", "properties": {"nb_detections_cluster": 22, "frp_max": 99.98, "frp_moyen": 27.52, "derniere_detection": "2026-07-24T12:14:00", "fetch_timestamp": "2026-07-24T12:14:00"}, "geometry": {"type": "Polygon", "coordinates": [[[-1.088796990365913, 44.88856316856314], [-1.088954122686383, 44.888450862904], [-1.089289649402024, 44.88825403577801], [-1.089650697008124, 44.8880815342804], [-1.090033788684177, 44.88793501945961], [-1.090435235435012, 44.88781590212151], [-1.090851171602954, 44.88772532925058], [-1.091277592077245, 44.887664172970766], [-1.091710390843086, 44.88763302215198], [-1.092145400499929, 44.88763217674275], [-1.092578432369376, 44.88766164488341], [-1.09300531680746, 44.88772114282785], [-1.093421943334099, 44.88781009767428], [-1.093824300194268, 44.887927652878886], [-1.094208512970873, 44.88807267649941], [-1.09457088187832, 44.888243772089545], [-1.09490791737834, 44.88843929213943], [-1.095216373775697, 44.88865735393296], [-1.095493280470579, 44.8888958576699], [-1.095735970566946, 44.889152506678315], [-1.095942106561321, 44.88942482952321], [-1.096109702864398, 44.88971020379873], [-1.096237144938226, 44.89000588137523], [-1.096323204864075, 44.89030901485834], [-1.096367053190308, 44.890616685005384], [-1.09636826694535, 44.89092592883565], [-1.096326833737573, 44.8912337681634], [-1.09624315190163, 44.89153723827944], [-1.096118026688792, 44.891833416504724], [-1.09595266253693, 44.89211945034109], [-1.095748651493667, 44.89239258494765], [-1.095507957903283, 44.892650189678385], [-1.095232899504143, 44.8928897834247], [-1.094926125118081, 44.89310905851896], [-1.094590589146218, 44.89330590296807], [-1.09422952311662, 44.893478420802914], [-1.093846404557799, 44.89362495034716], [-1.093444923498016, 44.89374408022919], [-1.093028946913418, 44.89383466298244], [-1.092602481467952, 44.89389582610319], [-1.092169634904636, 44.89392698045862], [-1.091734576460849, 44.89392782596435], [-1.091301496689841, 44.89389835447626], [-1.09087456707641, 44.89383884986915], [-1.090457899836702, 44.893749885300814], [-1.090055508290322, 44.89363231768873], [-1.089671268187336, 44.893487279451925], [-1.089308880363477, 44.89331616759841], [-1.088971835083958, 44.89312063026304], [-1.088663378419836, 44.892902550826214], [-1.088386480981177, 44.89266402976615], [-1.088143809308307, 44.8924073644205], [-1.088082943916951, 44.892326941637805], [-1.08792579900232, 44.892439246200176], [-1.087590242485659, 44.89263606946306], [-1.087229159250058, 44.892808564508016], [-1.086846026989839, 44.89295506987824], [-1.086444535865311, 44.89307417443492], [-1.086028552949624, 44.893164730955434], [-1.085602084967759, 44.89322586718873], [-1.085169239687188, 44.89325699426099], [-1.084734186332947, 44.89325781235059], [-1.084301115409254, 44.89322831357753], [-1.083874198315665, 44.893168782079385], [-1.083457547147687, 44.893079791273], [-1.083055175070068, 44.892962198328554], [-1.082670957645273, 44.89281713590908], [-1.082308595490523, 44.89264600125551], [-1.0819715786237, 44.892450442722286], [-1.081663152842108, 44.89223234389395], [-1.081386288458273, 44.89199380543549], [-1.081143651694061, 44.89173712485212], [-1.080937579008654, 44.89146477435341], [-1.080770054607367, 44.89117937703552], [-1.080642691347557, 44.8908836816112], [-1.080556715224927, 44.89058053593131], [-1.080512953588885, 44.890272859552915], [-1.080511827199613, 44.88996361561858], [-1.080553346202363, 44.88965578231775], [-1.080637110056759, 44.88935232420517], [-1.08076231142071, 44.8890561636523], [-1.080927743950559, 44.88877015270717], [-1.081131813941341, 44.88849704563281], [-1.081372555694221, 44.88823947238915], [-1.081647650462355, 44.88799991331312], [-1.08195444879214, 44.88778067524071], [-1.082289996044307, 44.887583869300336], [-1.082651060848841, 44.887411390591396], [-1.083034166219716, 44.88726489994291], [-1.083435623029966, 44.887145807927936], [-1.083851565525115, 44.887055261287124], [-1.084277988533528, 44.88699413189186], [-1.084710786016032, 44.886963008353206], [-1.085145790584445, 44.88696219035696], [-1.085578813609362, 44.88699168577953], [-1.086005685531951, 44.88705121061211], [-1.086422295992598, 44.887140191694], [-1.086824633390919, 44.88725777222874], [-1.087208823497152, 44.8874028200302], [-1.087571166743914, 44.88757393841921], [-1.087908173839945, 44.88776947966633], [-1.08821659936343, 44.88798756085137], [-1.088493473011759, 44.88822608198731], [-1.088736128207037, 44.88848274623465], [-1.088796990365913, 44.88856316856314]]]}}, {"type": "Feature", "properties": {"nb_detections_cluster": 9, "frp_max": 302.47, "frp_moyen": 201.98, "derniere_detection": "2026-07-24T12:14:00", "fetch_timestamp": "2026-07-24T12:14:00"}, "geometry": {"type": "Polygon", "coordinates": [[[-1.085412236564699, 44.89954305529371], [-1.085411082993297, 44.899233810519924], [-1.085452581981365, 44.898925974502546], [-1.085536333181031, 44.89862251182247], [-1.085661529371832, 44.89832634489524], [-1.085826964259688, 44.89804032583022], [-1.0860310441167, 44.897767208968716], [-1.086271803148812, 44.89750962436492], [-1.086546922442602, 44.897270052465174], [-1.086853752308138, 44.89705080022894], [-1.087189337802361, 44.89685397892109], [-1.087550447186917, 44.89668148378893], [-1.08793360304646, 44.8965349758197], [-1.088335115767845, 44.89641586575324], [-1.088751119058242, 44.89632530050398], [-1.089177607160669, 44.89626415212254], [-1.089610473409241, 44.89623300940275], [-1.090045549753732, 44.89623217221513], [-1.090478646873725, 44.89626164862086], [-1.090905594497057, 44.89632115479425], [-1.091322281535321, 44.8964101177543], [-1.091724695650892, 44.89652768087903], [-1.092108961875404, 44.896672712149936], [-1.092471379908615, 44.896843815047056], [-1.092808459739204, 44.897039341990144], [-1.09311695524501, 44.89725741019673], [-1.093393895449548, 44.897495919804825], [-1.093636613133989, 44.897752574085935], [-1.093842770529047, 44.898024901554315], [-1.094010381839164, 44.898310279759535], [-1.094137832381693, 44.89860596053413], [-1.09422389415614, 44.89890909645288], [-1.094267737692856, 44.89921676824973], [-1.094268940066171, 44.89952601292799], [-1.094227488993853, 44.89983385229376], [-1.094143782982399, 44.90013732163747], [-1.094018627515714, 44.900433498287505], [-1.093853227322874, 44.90071952976083], [-1.093649174798469, 44.90099266123933], [-1.093408434686176, 44.90125026210709], [-1.09313332517234, 44.90148985129273], [-1.092826495571052, 44.901709121172516], [-1.092490900815223, 44.90190595980358], [-1.092129772999118, 44.90207847127279], [-1.091746590246402, 44.90222499396517], [-1.091345043203706, 44.90234411657506], [-1.09092899948281, 44.90243469170596], [-1.09050246639442, 44.902495846927586], [-1.090069552333204, 44.90252699318316], [-1.0896344271868, 44.90252783046633], [-1.089201282151057, 44.90249835071219], [-1.088774289339513, 44.90243883787516], [-1.088357561577131, 44.90234986519233], [-1.087955112766544, 44.90223228965928], [-1.087570819209428, 44.90208724377137], [-1.087208382256396, 44.90191612461028], [-1.086871292645855, 44.901720580381294], [-1.086562796875799, 44.90150249453117], [-1.08628586593287, 44.90126396759991], [-1.086043166679977, 44.90100729698171], [-1.085837036178093, 44.90073495479019], [-1.085669459189285, 44.90044956404153], [-1.085542049077253, 44.90015387338528], [-1.085456032288771, 44.89985073062634], [-1.085412236564699, 44.89954305529371]]]}}, {"type": "Feature", "properties": {"nb_detections_cluster": 32, "frp_max": 194.2, "frp_moyen": 58.9, "derniere_detection": "2026-07-24T12:14:00", "fetch_timestamp": "2026-07-24T12:14:00"}, "geometry": {"type": "Polygon", "coordinates": [[[-1.05817, 44.90252], [-1.06677, 44.90563], [-1.05998, 44.90788], [-1.05494, 44.91048], [-1.04611, 44.911], [-1.05321, 44.91012], [-1.05104, 44.90459], [-1.04778, 44.9031], [-1.04504, 44.89815], [-1.04526, 44.89267], [-1.0491, 44.897], [-1.0513, 44.89732], [-1.05851, 44.89711], [-1.05817, 44.90252]]]}}, {"type": "Feature", "properties": {"nb_detections_cluster": 6, "frp_max": 335.72, "frp_moyen": 220.97, "derniere_detection": "2026-07-24T12:14:00", "fetch_timestamp": "2026-07-24T12:14:00"}, "geometry": {"type": "Polygon", "coordinates": [[[-1.07765, 44.9079], [-1.08495, 44.90596], [-1.07244, 44.91179], [-1.07079, 44.91148], [-1.07765, 44.9079]]]}}, {"type": "Feature", "properties": {"nb_detections_cluster": 2, "frp_max": 285.01, "frp_moyen": 244.59, "derniere_detection": "2026-07-24T11:53:00", "fetch_timestamp": "2026-07-24T12:14:00"}, "geometry": {"type": "Polygon", "coordinates": [[[-1.083396138454542, 44.912246265813714], [-1.083769202019574, 44.91227167187247], [-1.084196264349815, 44.912331204124094], [-1.084613059645436, 44.91242019268715], [-1.085015574526499, 44.91253778069312], [-1.085399933054413, 44.91268283588391], [-1.085762434040133, 44.912853961509235], [-1.0860995866735, 44.913049509769984], [-1.086408144131191, 44.91326759767839], [-1.08668513483997, 44.913506125182735], [-1.086927891094431, 44.91376279538219], [-1.087134074753577, 44.91403513663766], [-1.087301699768594, 44.914320526365984], [-1.087429151324478, 44.91461621628862], [-1.087515201410577, 44.91491935889228], [-1.087559020669395, 44.91522703484645], [-1.08756018640865, 44.91553628111437], [-1.087518686698518, 44.91584411948679], [-1.087434920513531, 44.91614758526367], [-1.087309693916773, 44.91644375580773], [-1.087144212322072, 44.91672977869465], [-1.086940068907761, 44.91700289918898], [-1.086699229292712, 44.91726048678056], [-1.08642401262149, 44.91750006052589], [-1.086117069240208, 44.917719312949856], [-1.085781355177653, 44.9179161322777], [-1.085420103677277, 44.91808862278226], [-1.085036794054152, 44.9182351230504], [-1.084635118177065, 44.91835422199249], [-1.084218944898905, 44.91844477243994], [-1.083792282778484, 44.91850590220023], [-1.083359241453536, 44.91853702246182], [-1.082923992037738, 44.91853783346875], [-1.08249072692412, 44.91850832740923], [-1.082063619383008, 44.918448788491], [-1.0816467833446, 44.918359790202416], [-1.081283744513051, 44.918253732503594], [-1.080910642295638, 44.918228318054354], [-1.08048353856314, 44.918168773068764], [-1.080066707111796, 44.918079768861354], [-1.079664162843066, 44.917962162731364], [-1.079279782978116, 44.91781708746887], [-1.078917269698854, 44.917645940438454], [-1.078580114478762, 44.91745037011385], [-1.078271564447625, 44.91723226019311], [-1.077994591114504, 44.91699371144809], [-1.07775186175033, 44.91673702148305], [-1.077545713705777, 44.91646466259792], [-1.077378131911516, 44.91617925796961], [-1.077250729777148, 44.915883556381324], [-1.077164733672204, 44.91558040574321], [-1.077120971137933, 44.915272725660074], [-1.07711986294254, 44.914963479310146], [-1.077161419055437, 44.914655644906134], [-1.07724523857825, 44.91435218701335], [-1.077370513632216, 44.91405602800115], [-1.077536037163515, 44.913770019902664], [-1.077740214590382, 44.91349691695354], [-1.077981079179016, 44.913239349073876], [-1.07825631099941, 44.912999796549016], [-1.078563259278006, 44.912780566151795], [-1.078898967931506, 44.9125837689367], [-1.079260204035688, 44.9124112999191], [-1.079643488955108, 44.91226481983469], [-1.080045131834045, 44.9121457391548], [-1.080461265126567, 44.91205520451092], [-1.080887881824104, 44.9119940876589], [-1.081320874022754, 44.911962977089026], [-1.081756072459736, 44.9119621723622], [-1.082189286639211, 44.911991681227114], [-1.082616345162029, 44.912051219545475], [-1.08303313587207, 44.91214021402678], [-1.083396138454542, 44.912246265813714]]]}}, {"type": "Feature", "properties": {"nb_detections_cluster": 2, "frp_max": 54.35, "frp_moyen": 38.16, "derniere_detection": "2026-07-24T12:14:00", "fetch_timestamp": "2026-07-24T12:14:00"}, "geometry": {"type": "Polygon", "coordinates": [[[-1.05102701946966, 44.83759168159675], [-1.05102605643116, 44.83728244258999], [-1.051067698052836, 44.836974625514245], [-1.051151542614814, 44.83667119476778], [-1.051276781999164, 44.836375072458374], [-1.051442209497458, 44.83608911026557], [-1.051646231454493, 44.835816061982804], [-1.051886882635196, 44.8355585570037], [-1.052161845165976, 44.83531907500771], [-1.052468470867523, 44.835099922088475], [-1.052803806763605, 44.83490320855437], [-1.053164623519945, 44.834730828614916], [-1.053547446539341, 44.83458444214804], [-1.053948589413739, 44.834465458723585], [-1.054364189411485, 44.834375024036554], [-1.05479024465858, 44.834314008880334], [-1.055222652656584, 44.83428300076599], [-1.055657249767082, 44.834282298267894], [-1.05608985128339, 44.83431190815037], [-1.056516291704649, 44.83437154530243], [-1.056932464825419, 44.83446063548188], [-1.057334363255751, 44.834578320841764], [-1.05771811699208, 44.83472346818649], [-1.058080030668334, 44.83489467987833], [-1.058416619129257, 44.83509030728939], [-1.058724640983941, 44.835308466669616], [-1.059001129816801, 44.83554705727898], [-1.059243422755656, 44.83580378160882], [-1.059449186121774, 44.836076167498675], [-1.059616437914657, 44.83636159193536], [-1.059743566914653, 44.836657306305995], [-1.059829348218843, 44.836960462861605], [-1.059872955059851, 44.837268142137155], [-1.059873966792913, 44.837577381063745], [-1.059832372973309, 44.837885201502644], [-1.05974857348391, 44.838188638926326], [-1.059623374710528, 44.83848477097042], [-1.059457981800938, 44.83877074558128], [-1.059253987081116, 44.839043808488256], [-1.059013354739426, 44.839301329735726], [-1.058738401925486, 44.83954082901902], [-1.058431776445191, 44.83975999958021], [-1.058096431266274, 44.839956730432895], [-1.057735596079743, 44.84012912670206], [-1.057352746191063, 44.84027552788221], [-1.05695156904086, 44.84039452383807], [-1.056535928677988, 44.840484968393085], [-1.056109828527653, 44.84054599037464], [-1.055677372813904, 44.84057700200939], [-1.055242727008846, 44.84057770458763], [-1.054810077690463, 44.84054809134202], [-1.054383592196626, 44.840488447512726], [-1.053967378464887, 44.84039934759858], [-1.053565445445851, 44.84028164982066], [-1.053181664472309, 44.84013648785174], [-1.052819731957042, 44.83996525989153], [-1.05248313377928, 44.83976961519316], [-1.052175111703344, 44.839551438170986], [-1.05189863215332, 44.83931283024304], [-1.051656357644656, 44.83905608958349], [-1.051450621147821, 44.83878368898036], [-1.051283403630745, 44.83849825201226], [-1.051156314995875, 44.83820252777365], [-1.051070578594924, 44.837899364392705], [-1.05102701946966, 44.83759168159675]]]}}, {"type": "Feature", "properties": {"nb_detections_cluster": 5, "frp_max": 24.83, "frp_moyen": 17.61, "derniere_detection": "2026-07-24T12:14:00", "fetch_timestamp": "2026-07-24T12:14:00"}, "geometry": {"type": "Polygon", "coordinates": [[[-1.03684673862997, 44.84064111661311], [-1.036845853593681, 44.84033187718009], [-1.036887575169687, 44.84002406512321], [-1.036971500868085, 44.839720644792315], [-1.037096821789582, 44.83942453819478], [-1.037262330440579, 44.839138596858774], [-1.03746643238445, 44.83886557437676], [-1.03770716161597, 44.83860809989392], [-1.03798219951008, 44.838368652795886], [-1.038288897161914, 44.838149538840234], [-1.038624300902568, 44.83795286796012], [-1.038985180744646, 44.83778053395424], [-1.03936806148366, 44.837634196258236], [-1.039769256155937, 44.83751526397231], [-1.040184901531209, 44.83742488229901], [-1.040610995298675, 44.83736392152125], [-1.041043434589091, 44.8373329686265], [-1.041478055462797, 44.83733232165743], [-1.041910672984341, 44.83736198684365], [-1.042337121498748, 44.8374216785417], [-1.042753294722613, 44.83751082198414], [-1.043155185264917, 44.83762855881112], [-1.043538923197938, 44.837773755331476], [-1.043900813307634, 44.837945013433966], [-1.044237370665505, 44.838140684043736], [-1.044545354179949, 44.83835888299475], [-1.044821797804369, 44.83859750916586], [-1.045064039101703, 44.83885426470596], [-1.045269744890293, 44.83912667715393], [-1.045436933723891, 44.839412123240805], [-1.045563994988949, 44.8397078541451], [-1.045649704434665, 44.84001102195859], [-1.045693235985533, 44.84031870710772], [-1.045694169721747, 44.84062794646691], [-1.045652495949667, 44.840935761893164], [-1.045568615322118, 44.841239188907196], [-1.045443335006346, 44.84153530524472], [-1.045277860935495, 44.84182125900336], [-1.045073786217295, 44.84209429611316], [-1.044833075810702, 44.8423517868669], [-1.044558047617345, 44.842591251253594], [-1.044251350169298, 44.84281038285129], [-1.043915937127631, 44.843007071048866], [-1.043555038837172, 44.84317942138213], [-1.04317213121137, 44.843325773787974], [-1.042770902247145, 44.843444718600935], [-1.042355216492581, 44.84353511013701], [-1.041929077810236, 44.843596077734276], [-1.041496590795409, 44.84362703414323], [-1.041061921221777, 44.84362768118613], [-1.040629255896306, 44.843598012630515], [-1.04020276231105, 44.843538314249344], [-1.039786548481461, 44.84344916106689], [-1.039384623359012, 44.84333141181731], [-1.039000858200319, 44.84318620066914], [-1.038638949265696, 44.84301492629577], [-1.038302382207071, 44.84281923839735], [-1.037994398488841, 44.84260102180426], [-1.037717964165436, 44.84236237831569], [-1.037475741316483, 44.842105606448214], [-1.03727006241468, 44.84183317929041], [-1.03710290787303, 44.841547720676516], [-1.036975886987264, 44.84125197990943], [-1.036890222456426, 44.84094880527641], [-1.03684673862997, 44.84064111661311]]]}}, {"type": "Feature", "properties": {"nb_detections_cluster": 4, "frp_max": 127.22, "frp_moyen": 64.47, "derniere_detection": "2026-07-24T12:14:00", "fetch_timestamp": "2026-07-24T12:14:00"}, "geometry": {"type": "Polygon", "coordinates": [[[-1.046596552444367, 44.843361505336155], [-1.046595613695368, 44.843052265709034], [-1.046637283869863, 44.84274444971628], [-1.046721160972873, 44.84244102174574], [-1.046846436572978, 44.842144903878406], [-1.047011903612896, 44.84185894775103], [-1.047215968056567, 44.8415859070986], [-1.047456664259735, 44.84132841124123], [-1.047731673915234, 44.84108893977054], [-1.048038348389968, 44.84086979867877], [-1.048373734238068, 44.84067309816043], [-1.048734601644296, 44.84050073229964], [-1.049117475523795, 44.84035436083879], [-1.049518668978842, 44.8402353932032], [-1.049934318790823, 44.84014497493586], [-1.050360422606163, 44.84008397667204], [-1.050792877458847, 44.84005298576012], [-1.051227519259377, 44.84005230060886], [-1.051660162870831, 44.84008192781551], [-1.052086642387071, 44.840141582102355], [-1.052502851226257, 44.84023068906215], [-1.05290478165453, 44.84034839068634], [-1.05328856336021, 44.84049355362276], [-1.053650500707886, 44.84066478008356], [-1.053987108314312, 44.84086042129856], [-1.054295144604154, 44.84107859338485], [-1.054571643022725, 44.841317195479974], [-1.054813940605428, 44.84157392996471], [-1.05501970362868, 44.84184632458073], [-1.055186950095137, 44.84213175623084], [-1.055314068836292, 44.84242747623264], [-1.055399835047856, 44.84273063678296], [-1.055443422107642, 44.84303831837823], [-1.055444409561231, 44.843347557927174], [-1.055402787197588, 44.84365537728504], [-1.055318955174345, 44.843958811934705], [-1.055193720190536, 44.84425493953846], [-1.055028287742582, 44.84454090808541], [-1.054824250537188, 44.84481396336329], [-1.054583573171864, 44.84507147548992], [-1.054308573229845, 44.84531096424848], [-1.054001898970944, 44.84553012298234], [-1.053666503832736, 44.84572684081906], [-1.053305617987473, 44.84589922300894], [-1.052922717228612, 44.846045609182106], [-1.052521489486837, 44.84616458934782], [-1.052105799298381, 44.846255017481596], [-1.051679650568464, 44.846316022569], [-1.051247147989143, 44.846347016999395], [-1.050812457484024, 44.84634770222884], [-1.050379766061719, 44.84631807165705], [-1.049953241465709, 44.8462584106911], [-1.049536992010226, 44.84616929399488], [-1.049135026989992, 44.84605157995112], [-1.048751218046031, 44.84590640238927], [-1.048389261860514, 44.84573515965921], [-1.048052644540607, 44.84553950115634], [-1.047744608034933, 44.845321311427945], [-1.04746811890647, 44.84508269201446], [-1.047225839762802, 44.84482594120062], [-1.047020103618912, 44.84455353187228], [-1.046852891439183, 44.84426808769203], [-1.046725813074504, 44.843972357823795], [-1.046640091777517, 44.843669190449916], [-1.046596552444367, 44.843361505336155]]]}}, {"type": "Feature", "properties": {"nb_detections_cluster": 2, "frp_max": 18.01, "frp_moyen": 15.8, "derniere_detection": "2026-07-24T12:14:00", "fetch_timestamp": "2026-07-24T12:14:00"}, "geometry": {"type": "Polygon", "coordinates": [[[-1.034325964405332, 44.85038101667292], [-1.034325093093434, 44.85007177624127], [-1.03436683571752, 44.849763964157724], [-1.034450789584753, 44.84946054477237], [-1.034576145524349, 44.849164440083456], [-1.034741695705289, 44.848878501600765], [-1.03494584529085, 44.848605482889255], [-1.035186627816892, 44.84834801305776], [-1.035461724145049, 44.84810857144716], [-1.035768484807695, 44.84788946376215], [-1.036103955529145, 44.84769279987547], [-1.03646490567703, 44.84752047351851], [-1.036847859369916, 44.84737414405323], [-1.037249128941709, 44.847255220500536], [-1.037664850441028, 44.84716484797895], [-1.038091020824177, 44.84710389668324], [-1.038523536484303, 44.84707295350952], [-1.038958232746515, 44.84707231640692], [-1.039390923949571, 44.847101991510016], [-1.039817443729129, 44.84716169307983], [-1.040233685115672, 44.84725084625393], [-1.040635640061918, 44.847368592578704], [-1.041019438020037, 44.8475137982716], [-1.041381383198013, 44.847685065133], [-1.041717990137061, 44.84788074400372], [-1.04202601726809, 44.84809895063815], [-1.042302498124406, 44.84833758384121], [-1.042544769910295, 44.84859434569401], [-1.042750499150345, 44.84886676367467], [-1.042917704172283, 44.84915221446091], [-1.043044774206458, 44.84944794918603], [-1.043130484917389, 44.849751119904944], [-1.043174010217143, 44.8500588070161], [-1.043174930245871, 44.85036804737504], [-1.043133235441697, 44.85067586282913], [-1.043049326659767, 44.85097928889877], [-1.042924011338261, 44.851275403328756], [-1.042758495747272, 44.851561354235066], [-1.042554373394247, 44.851834387575224], [-1.042313609696794, 44.85209187367829], [-1.042038523069708, 44.85233133257804], [-1.041731762607809, 44.85255045790537], [-1.041396282579067, 44.85274713910955], [-1.041035313973523, 44.852919481793705], [-1.040652333381934, 44.85306582596844], [-1.040251029504091, 44.85318476204753], [-1.039835267609738, 44.85327514443112], [-1.03940905229493, 44.85333610254542], [-1.038976488893218, 44.853367049232276], [-1.038541743914179, 44.85336768640761], [-1.038109004891211, 44.85333800793397], [-1.037682440026348, 44.853278299679864], [-1.037266158021713, 44.85318913676467], [-1.036864168485519, 44.85307137801629], [-1.036480343294865, 44.85292615769474], [-1.0361183792883, 44.85275487456178], [-1.03578176264818, 44.85255917840193], [-1.035473735316405, 44.852340954125154], [-1.035197263767381, 44.852102303604596], [-1.034955010439149, 44.85184552542459], [-1.034749308097804, 44.85157309273448], [-1.034582137381916, 44.85128762942183], [-1.034455107742775, 44.85099188483473], [-1.034369441963503, 44.85068870729723], [-1.034325964405332, 44.85038101667292]]]}}, {"type": "Feature", "properties": {"nb_detections_cluster": 1, "frp_max": 2.91, "frp_moyen": 2.91, "derniere_detection": "2026-07-23T13:55:00", "fetch_timestamp": "2026-07-24T12:14:00"}, "geometry": {"type": "Polygon", "coordinates": [[[-1.018673353685092, 44.88294039455054], [-1.018672568091636, 44.88263115079326], [-1.018714420749506, 44.882323341407016], [-1.018798507905436, 44.88201993071584], [-1.018924019104351, 44.88172384063412], [-1.019089745019475, 44.88143792253092], [-1.019294089121285, 44.88116492977482], [-1.019535083072122, 44.880907491224605], [-1.019810405697424, 44.88066808591989], [-1.020117405350314, 44.88044901921567], [-1.020453125453772, 44.880252400589995], [-1.020814332974174, 44.8800801233384], [-1.021197549552012, 44.87993384634994], [-1.021599084990151, 44.87981497814022], [-1.02201507277754, 44.879724663294766], [-1.022441507306816, 44.87966377145303], [-1.02287428242811, 44.879632888938644], [-1.023309230968632, 44.87963231311659], [-1.023742164838376, 44.87966204953144], [-1.024168915336735, 44.879721811853884], [-1.02458537327289, 44.8798110246364], [-1.02498752851459, 44.87992882885148], [-1.025371508585438, 44.880074090159106], [-1.025733615939792, 44.880245409824155], [-1.02607036355708, 44.880441138178945], [-1.026378508513293, 44.88065939050137], [-1.026655083206738, 44.880898065156295], [-1.026897423937573, 44.88115486382571], [-1.027103196565839, 44.88142731363307], [-1.027270419000734, 44.88171279094958], [-1.027397480304136, 44.88200854665293], [-1.027483156223817, 44.882311732596], [-1.027526621006046, 44.882619429030484], [-1.027527455372935, 44.882928672722045], [-1.027485650586766, 44.88323648548586], [-1.027401608561125, 44.88353990286812], [-1.027276138016753, 44.88383600269724], [-1.027110446718099, 44.884121933229665], [-1.026906129864389, 44.88439494061906], [-1.026665154746156, 44.884652395444334], [-1.026389841814234, 44.88489181804046], [-1.026082842342991, 44.885110902387936], [-1.025747112902465, 44.88530753833064], [-1.025385886885098, 44.8854798319076], [-1.025002643361228, 44.8856261236024], [-1.024601073563507, 44.88574500433423], [-1.024185045323408, 44.88583532903637], [-1.02375856580287, 44.88589622769059], [-1.023325742880748, 44.885927113711446], [-1.022890745566793, 44.8859276895992], [-1.022457763825347, 44.88589794980678], [-1.0220309681967, 44.88583818079328], [-1.021614469606001, 44.88574895826333], [-1.021212279747832, 44.885631141619044], [-1.020828272428884, 44.88548586567812], [-1.020466146241926, 44.88531452973799], [-1.020129388931257, 44.88511878409181], [-1.019821243793398, 44.88490051412614], [-1.019544678437021, 44.884661822154165], [-1.019302356203151, 44.88440500715939], [-1.019096610520918, 44.88413254264571], [-1.018929422445606, 44.88384705280709], [-1.018802401594912, 44.88355128724704], [-1.018716770666494, 44.883248094491485], [-1.018673353685092, 44.88294039455054]]]}}, {"type": "Feature", "properties": {"nb_detections_cluster": 27, "frp_max": 76.63, "frp_moyen": 23.1, "derniere_detection": "2026-07-24T12:14:00", "fetch_timestamp": "2026-07-24T12:14:00"}, "geometry": {"type": "Polygon", "coordinates": [[[-1.01702, 44.89952], [-1.02036, 44.90422], [-1.01713, 44.90467], [-1.01581, 44.90444], [-1.01422, 44.90152], [-1.01391, 44.89542], [-1.00781, 44.8924], [-1.00357, 44.89788], [-1.00244, 44.89277], [-1.00729, 44.88625], [-1.00734, 44.88443], [-1.0112, 44.89046], [-1.01904, 44.89182], [-1.01725, 44.89248], [-1.01702, 44.89952]]]}}]}