{"type": "FeatureCollection", "name": "zone_active", "crs": {"type": "name", "properties": {"name": "urn:ogc:def:crs:OGC:1.3:CRS84"}}, "features": [{"type": "Feature", "properties": {"nb_detections_cluster": 565, "frp_max": 572.07, "frp_moyen": 27.72, "derniere_detection": "2026-07-24T02:28:00", "fetch_timestamp": "2026-07-24T02:28:00"}, "geometry": {"type": "Polygon", "coordinates": [[[-1.130567369944659, 44.78552879495981], [-1.1308074444176, 44.78527112331122], [-1.131081824838564, 44.78503144993398], [-1.131387868633159, 44.78481208276498], [-1.131722628427841, 44.78461513417596], [-1.13208288043489, 44.78444250064003], [-1.132465155494181, 44.78429584447724], [-1.132865772472955, 44.7841765778545], [-1.133280873702344, 44.784085849193815], [-1.133706462109937, 44.7840245321193], [-1.134138439691519, 44.783993217049165], [-1.134572646952306, 44.78399220551347], [-1.135004902938826, 44.78402150725221], [-1.13543104547689, 44.78408084012154], [-1.135846971229206, 44.784169632809146], [-1.136248675187844, 44.784287030332635], [-1.136632289222201, 44.7844319022681], [-1.136994119312067, 44.78460285362986], [-1.137330681107976, 44.78479823829688], [-1.137638733476937, 44.78501617485681], [-1.137915309710889, 44.78525456471541], [-1.138157746097543, 44.78551111229749], [-1.138363707578454, 44.785783347144886], [-1.138531210247032, 44.786068647699345], [-1.138658640469431, 44.786364266541355], [-1.13874477044362, 44.786667356842365], [-1.138788770046038, 44.78697499977587], [-1.13879021485092, 44.787284232623435], [-1.138749090244095, 44.78759207730539], [-1.138665791590618, 44.787895569061234], [-1.138541120453615, 44.78819178500384], [-1.138376276899706, 44.78847787227198], [-1.13817284796418, 44.788751075510454], [-1.137932792386131, 44.78900876341246], [-1.137658421759824, 44.789248454068584], [-1.137352378283247, 44.78946783887796], [-1.137017609317727, 44.78966480479095], [-1.136657339003409, 44.78983745466863], [-1.136275037203958, 44.78998412556296], [-1.135874386079744, 44.79010340474094], [-1.135459244611823, 44.790194143298066], [-1.135033611418951, 44.79025546722989], [-1.134601586226416, 44.79028678585468], [-1.134167330358664, 44.79028779750578], [-1.133735026637106, 44.79025849243877], [-1.133308839070361, 44.790199152925396], [-1.132892872726149, 44.79011035053328], [-1.132491134172323, 44.78999294061778], [-1.132107492868961, 44.78984805407901], [-1.131745643884202, 44.789677086463826], [-1.131409072293637, 44.7894816845179], [-1.131101019606657, 44.78926373031761], [-1.130824452543545, 44.78902532313508], [-1.13058203446416, 44.788768759211244], [-1.130376099723408, 44.78849650963229], [-1.13020863120027, 44.78821119652258], [-1.130081241216403, 44.787915567784154], [-1.129995156027494, 44.78761247062582], [-1.129951204036029, 44.78730482413766], [-1.129949807838111, 44.78699559117468], [-1.129990980179974, 44.786687749821], [-1.13007432386213, 44.786384264709184], [-1.13019903559103, 44.786088058471094], [-1.130363913740127, 44.78580198359497], [-1.130567369944659, 44.78552879495981]]]}}, {"type": "Feature", "properties": {"nb_detections_cluster": 23, "frp_max": 144.69, "frp_moyen": 77.95, "derniere_detection": "2026-07-23T14:12:00", "fetch_timestamp": "2026-07-24T02:28:00"}, "geometry": {"type": "Polygon", "coordinates": [[[-1.121666475820179, 44.8025184804229], [-1.121906663643138, 44.802260826559476], [-1.122181164931106, 44.80202117382478], [-1.122487335945743, 44.80180182995684], [-1.122822228088462, 44.801604907103005], [-1.123182616297194, 44.80143230148859], [-1.123565030100425, 44.80128567516472], [-1.123965787029579, 44.801166440010974], [-1.124381028068398, 44.801075744146324], [-1.124806754798471, 44.801014460879074], [-1.12523886788391, 44.800983180301934], [-1.125673206525404, 44.80098220361282], [-1.126105588504635, 44.80101154021619], [-1.12653185043442, 44.80107090763247], [-1.126947887827995, 44.80115973421673], [-1.127349694602528, 44.80127716466017], [-1.127733401637433, 44.80142206822188], [-1.128095314016962, 44.80159304961164], [-1.128431946599172, 44.801788462419296], [-1.128740057569292, 44.802006424961455], [-1.129016679654746, 44.8022448383937], [-1.129259148701435, 44.80250140691378], [-1.129465129336074, 44.802773659861884], [-1.129632637467246, 44.803058975505415], [-1.129760059408093, 44.80335460627951], [-1.129846167435894, 44.80365770524066], [-1.129890131637997, 44.80396535347891], [-1.129891527929114, 44.80427458822467], [-1.129850342161864, 44.80458243137995], [-1.129766970289925, 44.80488591819889], [-1.129642214581224, 44.80518212584183], [-1.129477275916585, 44.80546820152746], [-1.129273742247077, 44.80574139001205], [-1.12903357332033, 44.80599906013087], [-1.128759081822202, 44.80623873014573], [-1.128452911114813, 44.80645809165452], [-1.128118009784944, 44.806655031832], [-1.127757603247719, 44.8068276537871], [-1.127375162679008, 44.80697429484073], [-1.126974371575967, 44.80709354254725], [-1.126559090268141, 44.80718424830531], [-1.126133318721452, 44.80724553842635], [-1.125701157994069, 44.80727682255436], [-1.125631331057378, 44.80727697968797], [-1.125739580308072, 44.8073915244831], [-1.125945561815214, 44.807663784415816], [-1.12611306665416, 44.80794910584445], [-1.126240481169627, 44.808244741148414], [-1.126326577710272, 44.80854784334057], [-1.126370526473933, 44.8088554934798], [-1.12637190352387, 44.80916472877823], [-1.126330694897882, 44.80947257113247], [-1.126247296769684, 44.809776055804406], [-1.126122511659973, 44.810072259975], [-1.125957540732654, 44.810358330896364], [-1.12575397224946, 44.810631513370666], [-1.125513766293283, 44.810889176290985], [-1.125239235906599, 44.811128837988505], [-1.124933024826086, 44.81134819014117], [-1.124598082027401, 44.81154512001384], [-1.124237633325122, 44.811717730814735], [-1.123855150301292, 44.81186435997215], [-1.123454316862055, 44.81198359515504], [-1.123038993744804, 44.81207428788265], [-1.122613181318246, 44.812135564592005], [-1.122180981034383, 44.81216683505619], [-1.121746555904459, 44.81216779807243], [-1.12131409038052, 44.812138444364756], [-1.120887750029925, 44.81207905667347], [-1.120471641392206, 44.81199020703021], [-1.120346369643464, 44.81195359358572], [-1.12026255635843, 44.812152481134206], [-1.120097549501414, 44.81243854353904], [-1.119893945003534, 44.812711715448756], [-1.119653703294577, 44.81296936585819], [-1.119379137761417, 44.81320901321894], [-1.119072892479301, 44.81342834934708], [-1.118737916753369, 44.81362526166176], [-1.118377436715419, 44.813797853540294], [-1.117994924249392, 44.81394446259323], [-1.117594063545089, 44.81406367668316], [-1.117178715602591, 44.81415434753251], [-1.11675288102979, 44.81421560178899], [-1.116320661492051, 44.814246849442], [-1.115886220186121, 44.81424778950845], [-1.115453741719878, 44.81421841293348], [-1.115027391785357, 44.81415900267759], [-1.114611277014395, 44.81407013098982], [-1.114209405404599, 44.813952653892954], [-1.113825647697643, 44.81380770293421], [-1.113463700082765, 44.81363667428094], [-1.113127048585348, 44.81344121526668], [-1.112818935484134, 44.81322320851742], [-1.112542328080909, 44.812984753811385], [-1.112299890123595, 44.81272814784721], [-1.112093956158009, 44.81245586211588], [-1.111926509055069, 44.81217051908987], [-1.111799160929491, 44.81187486695924], [-1.11171313763317, 44.811571753158034], [-1.111669266971856, 44.81126409693646], [-1.111667970757748, 44.81095486124316], [-1.111709260773583, 44.810647024188455], [-1.111792738686083, 44.81034355036338], [-1.111917599908556, 44.810047362290966], [-1.112082641374432, 44.80976131228442], [-1.112286273145921, 44.80948815498315], [-1.112526533745128, 44.809230520830894], [-1.112801109059234, 44.80899089075133], [-1.113107354637116, 44.80877157226426], [-1.113442321162267, 44.80857467727262], [-1.113802782856474, 44.80840210173336], [-1.114185268540733, 44.80825550740803], [-1.11458609505445, 44.80813630586806], [-1.115001402711472, 44.80804564490875], [-1.115427192452054, 44.80798439750231], [-1.115859364333706, 44.80795315339609], [-1.116293756991082, 44.80795221343688], [-1.116726187685836, 44.807981586675446], [-1.117152492561769, 44.80804099027948], [-1.117568566718617, 44.808129852255576], [-1.11769382813647, 44.80816646879006], [-1.117777644566832, 44.80796758344836], [-1.117942650105525, 44.807681524923375], [-1.118146245866288, 44.807408357056], [-1.11838647071797, 44.80715071039179], [-1.118661010891948, 44.8069110659749], [-1.118967222275425, 44.80669173146323], [-1.119302155881102, 44.80649481891403], [-1.119662586247683, 44.806322224453346], [-1.120045042497753, 44.80617561002494], [-1.120445841754073, 44.8060563873938], [-1.120861124592877, 44.80596570455836], [-1.121286892193337, 44.805904434701446], [-1.121719044826093, 44.805873167786615], [-1.121788870029869, 44.805873013115985], [-1.121680631753653, 44.80575846452388], [-1.121474677884494, 44.80548619684604], [-1.121307203927207, 44.80520086864971], [-1.121179822255369, 44.80490522798223], [-1.121093759044182, 44.80460212216726], [-1.121049842484024, 44.80429447037815], [-1.121048494829326, 44.80398523552094], [-1.121089728358403, 44.80367739569793], [-1.121173145282113, 44.80337391552688], [-1.121297941601218, 44.80307771759203], [-1.121462914874256, 44.802791654301586], [-1.121666475820179, 44.8025184804229]]]}}, {"type": "Feature", "properties": {"nb_detections_cluster": 45, "frp_max": 128.34, "frp_moyen": 32.74, "derniere_detection": "2026-07-23T14:12:00", "fetch_timestamp": "2026-07-24T02:28:00"}, "geometry": {"type": "Polygon", "coordinates": [[[-1.140065941681135, 44.802619111396616], [-1.140306045599362, 44.80236141768557], [-1.140580468935177, 44.802121719410955], [-1.140886568700646, 44.801902324749406], [-1.141221396983019, 44.80170534633745], [-1.141581729334923, 44.801532680935395], [-1.141964095822467, 44.80138599117015], [-1.142364814432487, 44.8012666895322], [-1.142780026517525, 44.80117592478069], [-1.143205733937829, 44.80111457088729], [-1.143637837543352, 44.80108321862472], [-1.144072176626016, 44.80108216988118], [-1.144504568963254, 44.80111143475489], [-1.144930851068196, 44.80117073145701], [-1.145346918259902, 44.801259489023494], [-1.145748764168752, 44.801376852810094], [-1.146132519297504, 44.8015216927178], [-1.146494488267513, 44.80169261406936], [-1.146831185392139, 44.80188797103271], [-1.147139368235355, 44.80210588246231], [-1.147416068832731, 44.802344250005945], [-1.147658622274377, 44.8026007783033], [-1.147864692374541, 44.80287299708206], [-1.148032294180473, 44.80315828493869], [-1.148159813103405, 44.80345389457601], [-1.148246020486812, 44.803756979254224], [-1.148290085461314, 44.80406462020097], [-1.148291582971194, 44.80437385471704], [-1.148250497894278, 44.80468170470677], [-1.148167225214478, 44.80498520535862], [-1.148042566244321, 44.805281433699726], [-1.147877720932804, 44.805567536749656], [-1.147674276331723, 44.80584075900117], [-1.147434191330661, 44.80609846896442], [-1.147159777806921, 44.80633818451753], [-1.146853678371369, 44.80655759681989], [-1.146518840924072, 44.80675459255704], [-1.146158490264609, 44.806927274302865], [-1.145776097030418, 44.80707397880239], [-1.145375344262524, 44.807193292998896], [-1.144960091921052, 44.807284067650606], [-1.144534339692784, 44.80734542840541], [-1.144102188449714, 44.80737678422691], [-1.143667800730606, 44.807377833090115], [-1.143235360627095, 44.807348564892216], [-1.142809033461684, 44.8072892615498], [-1.142392925646959, 44.807200494282114], [-1.141991045113665, 44.80708311810618], [-1.141607262689637, 44.80693826359714], [-1.141245274802464, 44.806767325993405], [-1.140908567865761, 44.806571951751536], [-1.140600384692629, 44.806354022681134], [-1.140323693260177, 44.80611563781232], [-1.140081158126091, 44.80585909317116], [-1.139875114772574, 44.805586859658135], [-1.139707547124517, 44.805301559242956], [-1.139580068458018, 44.805005939705424], [-1.139493905882575, 44.80470284816582], [-1.139449888545619, 44.80439520366014], [-1.139448439672184, 44.804085969024406], [-1.139489572515372, 44.803778122358864], [-1.139572890255641, 44.80347462834733], [-1.139697589848816, 44.803178409707414], [-1.139862469784778, 44.802892319046826], [-1.140065941681135, 44.802619111396616]]]}}, {"type": "Feature", "properties": {"nb_detections_cluster": 2, "frp_max": 8.85, "frp_moyen": 7.58, "derniere_detection": "2026-07-23T13:55:00", "fetch_timestamp": "2026-07-24T02:28:00"}, "geometry": {"type": "Polygon", "coordinates": [[[-1.158335674785244, 44.805132791652035], [-1.158670461158376, 44.804935760352436], [-1.159030760612699, 44.80476303807606], [-1.15941310353089, 44.80461628799749], [-1.159813808126553, 44.80449692318798], [-1.160229015887035, 44.80440609301502], [-1.160654728714125, 44.80434467208017], [-1.161086847405658, 44.804313251801744], [-1.161521211108284, 44.80431213472282], [-1.161953637362414, 44.80434133159966], [-1.162379962354676, 44.80440056129812], [-1.162796080991292, 44.80448925349934], [-1.163197986407436, 44.80460655418852], [-1.163581808533055, 44.80475133387418], [-1.163943851344587, 44.804922198458996], [-1.164280628444577, 44.80511750265757], [-1.164588896627107, 44.80533536583248], [-1.164865687106194, 44.805573690096224], [-1.165108334106629, 44.805830180505374], [-1.165314500541892, 44.806102367152455], [-1.165482200531689, 44.80638762894349], [-1.165609818541852, 44.806683218832426], [-1.165696124961695, 44.806986290269684], [-1.165740287968115, 44.807293924610576], [-1.165741881561274, 44.807603159219624], [-1.165700889693589, 44.80791101600034], [-1.165617706451174, 44.808214530075894], [-1.165493132285037, 44.80851077834432], [-1.165328366327229, 44.80879690763328], [-1.16512499486505, 44.80907016218298], [-1.164884976083416, 44.80932791019254], [-1.164610621221583, 44.80956766917376], [-1.164304572325149, 44.80978712986778], [-1.163969776807156, 44.80998417849413], [-1.163609459063091, 44.810156917117304], [-1.163227089413138, 44.81030368193452], [-1.163196988033529, 44.81031264900059], [-1.163035033828689, 44.81053023466503], [-1.162794999228887, 44.8107879782784], [-1.162520628325751, 44.81102773220763], [-1.162214563319393, 44.811247187242515], [-1.161879751778037, 44.81144422965709], [-1.161519418251529, 44.81161696157567], [-1.161137033212095, 44.811763719260064], [-1.16073627962168, 44.811883089141276], [-1.160321017448216, 44.81197392144119], [-1.159895246473118, 44.812035341252475], [-1.159463067748924, 44.81206675696983], [-1.159028644079113, 44.81206786599137], [-1.158596159901663, 44.81203865763481], [-1.158169780963696, 44.81197941324038], [-1.157753614176613, 44.8118907034595], [-1.157351668039334, 44.811773382755455], [-1.156967814011777, 44.81162858116915], [-1.156605749211402, 44.81145769342923], [-1.156268960792836, 44.81126236551203], [-1.155960692354186, 44.811044478780985], [-1.155683912693986, 44.81080613185844], [-1.155441287219852, 44.81054962040508], [-1.155235152284217, 44.8102774150018], [-1.155067492694122, 44.80999213734765], [-1.154939922611232, 44.80969653500328], [-1.154853670025486, 44.809393454923516], [-1.154809564951166, 44.80908581603405], [-1.154808031458201, 44.8087765811169], [-1.154849083614515, 44.80846872827518], [-1.154932325377455, 44.80816522225223], [-1.155056954434339, 44.80786898588141], [-1.155221769954105, 44.80758287194134], [-1.155425184174449, 44.807309635687304], [-1.155665237712005, 44.807051908323565], [-1.15593961844739, 44.806812171671595], [-1.156245683802644, 44.80659273427759], [-1.156580486196135, 44.80639570918963], [-1.156940801429563, 44.806222993617546], [-1.157323159733697, 44.80607625067131], [-1.157353259781688, 44.80606728521195], [-1.157515223120488, 44.80584970816975], [-1.157755260841266, 44.80559197640941], [-1.158029625537359, 44.80535223470522], [-1.158335674785244, 44.805132791652035]]]}}, {"type": "Feature", "properties": {"nb_detections_cluster": 34, "frp_max": 108.72, "frp_moyen": 31.72, "derniere_detection": "2026-07-23T12:32:00", "fetch_timestamp": "2026-07-24T02:28:00"}, "geometry": {"type": "Polygon", "coordinates": [[[-1.138215540600442, 44.809329044303816], [-1.138455681663166, 44.809071354016645], [-1.138730145647518, 44.80883165977894], [-1.139036289174094, 44.80861226972841], [-1.139371163908736, 44.80841529645721], [-1.139731544956768, 44.80824263667612], [-1.14011396191543, 44.80809595295792], [-1.140514732285604, 44.80797665773486], [-1.1409299969215, 44.80788589970435], [-1.141355757177429, 44.80782455277327], [-1.141787913394674, 44.80779320764734], [-1.142222304358646, 44.80779216614604], [-1.142654747347301, 44.80782143829787], [-1.143081078386128, 44.807880742243874], [-1.143497192323068, 44.80796950695031], [-1.143899082338439, 44.80808687770412], [-1.144282878510329, 44.80823172433924], [-1.144644885064889, 44.80840265211364], [-1.144981615953555, 44.80859801513339], [-1.145289828415134, 44.80881593219462], [-1.145566554199923, 44.80905430489089], [-1.145809128155403, 44.809310837812326], [-1.146015213898166, 44.809583060641984], [-1.146182826324698, 44.80986835193735], [-1.146310350743807, 44.81016396436814], [-1.146396558445882, 44.8104670511676], [-1.146440618558301, 44.81077469354299], [-1.14644210607201, 44.8110839287813], [-1.146401005960929, 44.81139177877987], [-1.146317713353603, 44.81169527872709], [-1.146193029754328, 44.81199150565694], [-1.146028155349172, 44.81227760660242], [-1.145824677470022, 44.812550826076674], [-1.145584555326879, 44.81280853261653], [-1.145310101154713, 44.813048244133086], [-1.145003957955852, 44.8132676518246], [-1.14466907405186, 44.81346464242103], [-1.144308674689784, 44.813637318545744], [-1.143926230976187, 44.81378401699792], [-1.143525426438359, 44.81390332477908], [-1.143110121535137, 44.81399409270923], [-1.142684316459659, 44.81405544650102], [-1.142252112593035, 44.81408679518508], [-1.141817672980989, 44.81408783680523], [-1.141385182215085, 44.81405856132836], [-1.140958806105888, 44.81399925074121], [-1.140542651537485, 44.8139104763328], [-1.140140726891002, 44.81379309318893], [-1.139756903419205, 44.813648231951866], [-1.139394877945065, 44.81347728792481], [-1.139058137244213, 44.81328190762622], [-1.13874992445492, 44.81306397292399], [-1.138473207839481, 44.81282558290246], [-1.138230652198044, 44.812569033637395], [-1.138024593210218, 44.81229679607378], [-1.137857014951339, 44.81201149222031], [-1.137729530799554, 44.811715869889895], [-1.13764336791703, 44.81141277622973], [-1.137599355453989, 44.8111051302962], [-1.137597916588355, 44.81079589493904], [-1.137639064476683, 44.8104880482655], [-1.137722402154378, 44.810184554959406], [-1.137847126385117, 44.80988833773157], [-1.138012035421386, 44.80960224917612], [-1.138215540600442, 44.809329044303816]]]}}, {"type": "Feature", "properties": {"nb_detections_cluster": 1, "frp_max": 0.87, "frp_moyen": 0.87, "derniere_detection": "2026-07-24T02:28:00", "fetch_timestamp": "2026-07-24T02:28:00"}, "geometry": {"type": "Polygon", "coordinates": [[[-1.189583764365625, 44.81251299516984], [-1.18985802706445, 44.81227317419649], [-1.190163989708664, 44.81205364282727], [-1.190498705705197, 44.8118565150153], [-1.190858951687234, 44.81168368895964], [-1.191241258551964, 44.811536828834214], [-1.191641944859826, 44.81141734877002], [-1.192057152274008, 44.81132639924434], [-1.192482882699459, 44.81126485600798], [-1.192915036764472, 44.811233311656935], [-1.193349453275086, 44.81123206992894], [-1.19378194926331, 44.8112611427805], [-1.194208360244467, 44.81132025027171], [-1.194624580297033, 44.81140882326042], [-1.195026601579948, 44.811526008879746], [-1.195410552907813, 44.81167067874629], [-1.195772737013345, 44.8118414398202], [-1.196109666138935, 44.81203664781288], [-1.196418095615165, 44.81225442301334], [-1.196695055103273, 44.812492668381374], [-1.196937877200919, 44.81274908973338], [-1.197144223135762, 44.81302121782704], [-1.197312105299209, 44.81330643213238], [-1.197439906402937, 44.81360198606078], [-1.197526395073147, 44.8139050334092], [-1.197570737731622, 44.814212655765104], [-1.197572506648329, 44.814521890608646], [-1.197531684087048, 44.814829759841274], [-1.197448662503112, 44.815133298466456], [-1.197324240790292, 44.815429583145956], [-1.197159616611979, 44.81571576035699], [-1.196956374889537, 44.815989073878356], [-1.196716472557855, 44.816246891341386], [-1.196442219734124, 44.81648672958905], [-1.196136257480675, 44.81670627859919], [-1.195801532375559, 44.81690342374075], [-1.195441268135628, 44.81707626614874], [-1.195058934565335, 44.81722314102076], [-1.19465821413052, 44.81734263365917], [-1.194242966479476, 44.817433593103424], [-1.193817191253531, 44.81749514322156], [-1.193384989546055, 44.81752669115316], [-1.192950524381878, 44.817527933022824], [-1.192517980598722, 44.81749885686866], [-1.192091524517993, 44.817439742757465], [-1.191675263794371, 44.81735116008578], [-1.19127320783188, 44.81723396209261], [-1.190889229148635, 44.81708927763689], [-1.190527026063173, 44.816918500319105], [-1.190190087062488, 44.816723275052134], [-1.189881657195493, 44.81650548221074], [-1.18960470681597, 44.816267219513094], [-1.189361902976217, 44.81601078180877], [-1.189155583746937, 44.81573863896851], [-1.188987735710445, 44.81545341208898], [-1.188859974843578, 44.81515784824199], [-1.18877353097386, 44.814854794011794], [-1.188729235957849, 44.81454716807534], [-1.188727515694705, 44.814237933090126], [-1.188768386050918, 44.8139300671601], [-1.188851452734425, 44.813626535154924], [-1.1889759151183, 44.813330260158374], [-1.18914057397619, 44.813044095321175], [-1.189343843054011, 44.81277079638899], [-1.189583764365625, 44.81251299516984]]]}}, {"type": "Feature", "properties": {"nb_detections_cluster": 67, "frp_max": 79.78, "frp_moyen": 34.51, "derniere_detection": "2026-07-24T02:28:00", "fetch_timestamp": "2026-07-24T02:28:00"}, "geometry": {"type": "Polygon", "coordinates": [[[-1.103886350714637, 44.81665023864336], [-1.104160999113845, 44.816410629357975], [-1.104467318834646, 44.816191334182086], [-1.104802359846646, 44.81599446479407], [-1.105162895654467, 44.81582191690433], [-1.105545454365563, 44.815675352008185], [-1.105946352116283, 44.81555618139362], [-1.106361728534661, 44.81546555255818], [-1.106787583898981, 44.81540433816472], [-1.107219817634991, 44.81537312764277], [-1.107654267781865, 44.81537222151566], [-1.108086751047788, 44.815401628508425], [-1.108513103070425, 44.81546106546374], [-1.108929218495576, 44.81554996006708], [-1.109331090489048, 44.81566745635465], [-1.10971484930219, 44.81581242295156], [-1.110076799520541, 44.81598346396058], [-1.11041345563759, 44.81617893239741], [-1.110721575611676, 44.81639694604299], [-1.110998192083187, 44.816635405560696], [-1.111240640951712, 44.816892014704514], [-1.11144658703786, 44.81716430242331], [-1.111614046582472, 44.81744964664959], [-1.111741406366122, 44.81774529954311], [-1.111827439264225, 44.81804841394729], [-1.11187131608721, 44.81835607080332], [-1.111872613590886, 44.81866530725853], [-1.111831318578886, 44.818973145198306], [-1.111747828056683, 44.81927661992695], [-1.111622945434661, 44.819572808721105], [-1.111543041736222, 44.81971127225534], [-1.111716903578939, 44.81979342191333], [-1.112053588223241, 44.8199888856209], [-1.112361735448172, 44.820206894987564], [-1.112638377631713, 44.82044535071799], [-1.112880850425841, 44.82070195660254], [-1.11308681842074, 44.820974241621556], [-1.113254297646228, 44.821259583733486], [-1.113381674693297, 44.8215552351185], [-1.113467722271042, 44.82185834863455], [-1.113477770605609, 44.821928786901324], [-1.113804903723902, 44.8220523338413], [-1.114166906579183, 44.82222336186054], [-1.114503614302779, 44.82241881829061], [-1.114811784356128, 44.82263682102813], [-1.115088448897407, 44.82287527084153], [-1.115330943363301, 44.8231318715782], [-1.115536932135308, 44.82340415226806], [-1.115704431043149, 44.82368949091128], [-1.115831826488254, 44.82398513972142], [-1.115917891002511, 44.82428825158125], [-1.115961795091752, 44.824595907456484], [-1.115963115249059, 44.82490514450392], [-1.115921838059744, 44.82521298460328], [-1.11583836035747, 44.82551646303807], [-1.115713485428986, 44.82581265704929], [-1.115548415302973, 44.82609871398681], [-1.115344739196354, 44.8263718787874], [-1.115104418228422, 44.82662952051436], [-1.114829766549303, 44.82686915770287], [-1.114523429063884, 44.827088482266966], [-1.114188355965356, 44.827285381737155], [-1.113827774323409, 44.82745795961445], [-1.11344515700069, 44.82760455364426], [-1.113044189197082, 44.827723751833865], [-1.112628732944387, 44.827814406058806], [-1.112202789893913, 44.827875643126966], [-1.111770462756068, 44.82790687319326], [-1.111335915764197, 44.82790779544402], [-1.110903334544333, 44.82787840099597], [-1.110476885778403, 44.82781897298178], [-1.110060677050331, 44.82773008382155], [-1.109820434734502, 44.827659860467584], [-1.109841409388325, 44.82768205670454], [-1.110047388240165, 44.827954347995316], [-1.110214872835437, 44.828239695354576], [-1.11034224971326, 44.82853535091192], [-1.110428291584183, 44.8288384674851], [-1.110472169171969, 44.8291461259944], [-1.110473459224789, 44.829455363571206], [-1.110432148617763, 44.82976320209014], [-1.110348634506295, 44.8300666768499], [-1.110223720527704, 44.83036286512679], [-1.110058609086703, 44.830648914325906], [-1.109854889798089, 44.83092206945853], [-1.109614524197041, 44.83117969968103], [-1.109339826863568, 44.83141932363938], [-1.109033443142309, 44.83163863337499], [-1.108698323671827, 44.83183551656122], [-1.108337695968516, 44.83200807685587], [-1.107955033338754, 44.83215465217369], [-1.107554021418898, 44.83227383070222], [-1.107138522665764, 44.832364464506355], [-1.107049511506286, 44.83237725602653], [-1.106983821007972, 44.832532987743846], [-1.106818686695724, 44.832819032326064], [-1.106614943788045, 44.8330921817053], [-1.106374554047596, 44.83334980509328], [-1.106099832286894, 44.83358942120178], [-1.105793424085872, 44.833808722147865], [-1.105458280318903, 44.834005595689455], [-1.105097628736436, 44.834178145577305], [-1.10471494287489, 44.834324709826376], [-1.10431390859444, 44.8344438767308], [-1.10389838856732, 44.83453449846745], [-1.103472385059248, 44.83459570215711], [-1.103040001363086, 44.83462689827621], [-1.102605402257062, 44.834627786338096], [-1.102172773869267, 44.83459835778877], [-1.101746283336014, 44.8345388960894], [-1.101330038643566, 44.83444997398448], [-1.10092804904104, 44.834332447982504], [-1.10054418640664, 44.834187450101666], [-1.100182147940201, 44.83401637696128], [-1.099845420542038, 44.83382087632335], [-1.099615327508816, 44.833658076420555], [-1.09939362978708, 44.833723942703564], [-1.098978107149222, 44.83381454599536], [-1.098552103741057, 44.833875730782395], [-1.098119722854505, 44.833906907723154], [-1.097685129240731, 44.833907776515716], [-1.097252508974919, 44.83387832879168], [-1.096826029115127, 44.83381884819691], [-1.096409797544779, 44.83372990765795], [-1.096007823386552, 44.833612363860745], [-1.095623978369842, 44.833467348995], [-1.095261959524734, 44.833296259843564], [-1.094925253562489, 44.833100744322635], [-1.094617103286158, 44.8328826856025], [-1.094340476355222, 44.83264418396184], [-1.094098036705256, 44.832387536551295], [-1.093892118897894, 44.83211521526095], [-1.093724705647902, 44.83182984290571], [-1.093597408743398, 44.831534167958], [-1.093511453542403, 44.83123103807147], [-1.093467667194297, 44.8309233726512], [-1.093466470698748, 44.8306141347343], [-1.093507874877659, 44.830306302452335], [-1.093591480297879, 44.83000284035028], [-1.093716481144414, 44.82970667083819], [-1.093881673005808, 44.82942064605039], [-1.094085464495756, 44.82914752038334], [-1.094325892598181, 44.828889923976085], [-1.094600641587224, 44.82865033738866], [-1.094907065339397, 44.82843106772207], [-1.095242212822596, 44.82823422640901], [-1.095602856516293, 44.82806170888954], [-1.095985523489214, 44.82791517636647], [-1.096386528835395, 44.827796039816064], [-1.096802011147004, 44.82770544640787], [-1.097227969682862, 44.827644268463594], [-1.097660302875468, 44.82761309506175], [-1.098094847806506, 44.82761222636831], [-1.098527420271644, 44.82764167074785], [-1.098953855049777, 44.82770114468304], [-1.099370045989944, 44.82779007550324], [-1.099771985530863, 44.827907606895984], [-1.100155803273461, 44.8280526071483], [-1.100517803235783, 44.828223680038896], [-1.100854499432222, 44.82841917827646], [-1.101084574603356, 44.82858197532919], [-1.101306250055913, 44.828516105779535], [-1.101721729759149, 44.82842549392833], [-1.101810735871412, 44.82841270669839], [-1.101876435889635, 44.82825697825508], [-1.102041581953231, 44.827970941457764], [-1.102245328522883, 44.82769780093651], [-1.102406693716858, 44.82752487026665], [-1.10209254467112, 44.82737641664426], [-1.101755850415493, 44.82718092223072], [-1.101447706096947, 44.826962882904446], [-1.101171079317704, 44.82672439875741], [-1.100928634012027, 44.826467766771735], [-1.100722704796186, 44.826195458689014], [-1.100555274495, 44.825910097196946], [-1.100427955060987, 44.825614430663386], [-1.100341972069331, 44.82531130666099], [-1.100329632143868, 44.82522466613181], [-1.100305893927075, 44.82521088196863], [-1.099997766037151, 44.824992838757716], [-1.09972115510901, 44.824754351151284], [-1.099478724924248, 44.82449771616476], [-1.099272809953502, 44.82422540556862], [-1.099105392884413, 44.8239400420748], [-1.09897808554208, 44.823644374070376], [-1.098892113385267, 44.823341249142196], [-1.098848303726861, 44.823033586647576], [-1.098847077791239, 44.82272434959552], [-1.098888446684021, 44.82241651610927], [-1.098972011312058, 44.82211305074547], [-1.099096966253351, 44.82181687594561], [-1.099262107538651, 44.82153084389494], [-1.099465844268801, 44.82125770905991], [-1.099706213955119, 44.82100010166787], [-1.099980901434316, 44.820760502384694], [-1.100287261175223, 44.820541218433625], [-1.100622342762104, 44.82034436138495], [-1.100982919308917, 44.82017182683027], [-1.101365518530887, 44.820025276136406], [-1.101766456174343, 44.81990612045468], [-1.101917493910645, 44.81987317525226], [-1.10211621874109, 44.81966017991278], [-1.102390889396553, 44.81942057476961], [-1.102697232429845, 44.819201284261496], [-1.103032297586097, 44.819004420021955], [-1.103071656987485, 44.81898558511872], [-1.10302865813424, 44.818683753003356], [-1.103027409292029, 44.818374516444756], [-1.103068752086116, 44.818066681845195], [-1.103152287674789, 44.81776321377208], [-1.103277210915789, 44.817467034692946], [-1.103442318145202, 44.81718099683437], [-1.103646018791878, 44.81690785471866], [-1.103886350714637, 44.81665023864336]]]}}, {"type": "Feature", "properties": {"nb_detections_cluster": 2, "frp_max": 17.75, "frp_moyen": 13.62, "derniere_detection": "2026-07-23T13:55:00", "fetch_timestamp": "2026-07-24T02:28:00"}, "geometry": {"type": "Polygon", "coordinates": [[[-1.119630372905877, 44.81719108747713], [-1.119936636515242, 44.816971749534424], [-1.120271627986687, 44.816774833380045], [-1.120632121301671, 44.816602235174756], [-1.121014644976631, 44.81645561689833], [-1.121415515485114, 44.81633639035286], [-1.121830872717329, 44.81624570357444], [-1.122256717136196, 44.816184429783846], [-1.122688948272786, 44.81615315898255], [-1.12312340419127, 44.81615219227432], [-1.123555901544268, 44.81618153896754], [-1.123982275833849, 44.81624091648547], [-1.124398421491491, 44.81632975308589], [-1.124800331392014, 44.816447193363594], [-1.125184135421909, 44.81659210648293], [-1.125546137731487, 44.816763097061724], [-1.125882852312835, 44.81695851860125], [-1.126191036561518, 44.81717648933408], [-1.126467722499204, 44.81741491033692], [-1.126710245356746, 44.81767148573459], [-1.126916269242448, 44.81794374480109], [-1.127083809648116, 44.818229065744866], [-1.12721125257577, 44.818524700949986], [-1.12729737010024, 44.81882780343028], [-1.127341332217047, 44.81913545424188], [-1.127342714860608, 44.819444690590416], [-1.127301504014597, 44.81975253436242], [-1.12721809587385, 44.82005602080609], [-1.12709329305525, 44.82035222708537], [-1.126928296893024, 44.82063830043204], [-1.126724695891736, 44.82091148562492], [-1.126484450447286, 44.82116915153092], [-1.12620987398233, 44.82140881645242], [-1.125903610677236, 44.82162817203642], [-1.125568610010593, 44.82182510551462], [-1.125208098354309, 44.821997720060544], [-1.124825547896793, 44.82214435306644], [-1.124424643193737, 44.822263592164184], [-1.124162536224141, 44.822320820042144], [-1.124073398400243, 44.8225323414455], [-1.123908380464411, 44.822818410507836], [-1.123704756884289, 44.823091590356164], [-1.123464488273239, 44.82334924990887], [-1.123189888277053, 44.82358890752957], [-1.12288360130276, 44.82380825493545], [-1.122548577056947, 44.82400517943709], [-1.122188042138668, 44.82417778429439], [-1.121805468960424, 44.824324406992936], [-1.121404542296798, 44.82444363526385], [-1.120989123783225, 44.82453432069299], [-1.120563214707416, 44.82459558978765], [-1.12013091745245, 44.82462685239426], [-1.119696395963773, 44.824627807385745], [-1.119263835621727, 44.82459844556342], [-1.11883740290712, 44.824539049745724], [-1.118421205249274, 44.824450192042654], [-1.118019251444295, 44.82433272834227], [-1.117635413025674, 44.82418779006274], [-1.117273386960146, 44.82401677324931], [-1.116936660028779, 44.82382132512151], [-1.116628475236906, 44.82360332820047], [-1.1163518005768, 44.82336488216975], [-1.116109300444123, 44.82310828364449], [-1.115903309983437, 44.82283600404398], [-1.115735812609656, 44.82255066578173], [-1.115608420921494, 44.822255017001915], [-1.115522361190203, 44.82195190510633], [-1.115478461572211, 44.821644249326866], [-1.115477144158343, 44.821335012607946], [-1.115518420935245, 44.82102717306975], [-1.115601893696869, 44.820723695327295], [-1.115726757905863, 44.82042750194133], [-1.115891810466644, 44.82014144527628], [-1.116095461334339, 44.81986828003567], [-1.116335748846944, 44.81961063673972], [-1.116610358632288, 44.81937099640017], [-1.116916645907154, 44.81915166663562], [-1.117251660953401, 44.81895475945764], [-1.11761217752551, 44.81878217094051], [-1.117994723916011, 44.81863556297075], [-1.118395616379762, 44.818516347251176], [-1.118657711478003, 44.81845913306954], [-1.118746863223975, 44.818247616304006], [-1.118911894011079, 44.8179615553536], [-1.119115522300906, 44.817688384767635], [-1.119355786648875, 44.81743073511784], [-1.119630372905877, 44.81719108747713]]]}}, {"type": "Feature", "properties": {"nb_detections_cluster": 408, "frp_max": 111.79, "frp_moyen": 23.13, "derniere_detection": "2026-07-23T02:47:00", "fetch_timestamp": "2026-07-24T02:28:00"}, "geometry": {"type": "Polygon", "coordinates": [[[-1.135615084426829, 44.81716895090276], [-1.135855270910503, 44.81691126556983], [-1.136129784270559, 44.81667157713797], [-1.136435980652079, 44.81645219368897], [-1.13677091121193, 44.81625522775139], [-1.13713135051789, 44.8160825759654], [-1.137513827606259, 44.81593590082678], [-1.137914659398985, 44.81581661468515], [-1.138329986158915, 44.81572586615047], [-1.138755808642257, 44.815664529038195], [-1.13918802659121, 44.81563319395952], [-1.139622478196875, 44.81563216263714], [-1.140054980153393, 44.815661445001574], [-1.14048136791854, 44.81572075909551], [-1.140897535794117, 44.815809533787466], [-1.141299476441122, 44.81592691426831], [-1.141683319450137, 44.81607177027825], [-1.14204536859632, 44.81624270698499], [-1.142382137420959, 44.816438078408616], [-1.142690382797509, 44.816656003264306], [-1.14296713615924, 44.81689438307058], [-1.14320973208796, 44.81715092234907], [-1.143415833988537, 44.81742315072161], [-1.1435834566017, 44.8177084466923], [-1.143710985137987, 44.818004062885834], [-1.143797190847942, 44.818307152499195], [-1.143841242877939, 44.818614796712524], [-1.143842716296554, 44.81892403279511], [-1.14380159621326, 44.819231882636146], [-1.143718277948759, 44.8195353814255], [-1.143593563254277, 44.8198316062083], [-1.143428652615206, 44.82011770403822], [-1.143225133712281, 44.82039091945836], [-1.142984966150514, 44.820648621044604], [-1.142710462602244, 44.820888326755785], [-1.142404266545325, 44.82110772784599], [-1.142069326810419, 44.82130471110879], [-1.141708869182337, 44.82147737923818], [-1.14132636532889, 44.82162406911032], [-1.140925499356696, 44.82174336780939], [-1.140510132316408, 44.821834126242834], [-1.140084264999764, 44.821895470214834], [-1.13965199938749, 44.82192680885056], [-1.139217499120156, 44.82192784029062], [-1.138784949373664, 44.82189855459996], [-1.138358516526778, 44.82183923386375], [-1.137942308010163, 44.82175044946871], [-1.137540332724634, 44.82163305659685], [-1.137156462410747, 44.82148818598414], [-1.136794394342659, 44.82131723302407], [-1.136457615706234, 44.82112184432115], [-1.136149370005082, 44.820903901824224], [-1.135872625818408, 44.82066550469275], [-1.13563004821181, 44.82040894907087], [-1.135423973076311, 44.82013670596482], [-1.135256384642615, 44.819851397436665], [-1.135128896386689, 44.81955577134436], [-1.135042735510032, 44.81925267487127], [-1.134998731143357, 44.818945027100895], [-1.13499730638641, 44.818635790900636], [-1.135038474259678, 44.818327944385814], [-1.135121837605918, 44.81802445223875], [-1.135246592941439, 44.81772823715905], [-1.135411538219033, 44.817442151720144], [-1.135615084426829, 44.81716895090276]]]}}, {"type": "Feature", "properties": {"nb_detections_cluster": 5, "frp_max": 24.68, "frp_moyen": 8.11, "derniere_detection": "2026-07-23T13:55:00", "fetch_timestamp": "2026-07-24T02:28:00"}, "geometry": {"type": "Polygon", "coordinates": [[[-1.148104641123019, 44.81842937860814], [-1.148344775725549, 44.818171666129935], [-1.148619241973544, 44.81793194669554], [-1.14892539646558, 44.817712528685355], [-1.149260290761718, 44.8175155249608], [-1.149620699778767, 44.8173428325259], [-1.150003152844529, 44.81719611426791], [-1.150403967112138, 44.81707678295166], [-1.150819283013078, 44.81698598762208], [-1.151245101408041, 44.816924602545264], [-1.151677322078538, 44.81689321879421], [-1.152111783189449, 44.81689213856033], [-1.152544301343402, 44.816921372245055], [-1.152970711842257, 44.81698063835986], [-1.153386908768989, 44.81706936623519], [-1.153788884504966, 44.817186701512746], [-1.154172768303022, 44.817331514368036], [-1.154534863545694, 44.81750241038431], [-1.154871683330554, 44.817697743973476], [-1.155025844876374, 44.817806697319654], [-1.155349022300175, 44.81773603140018], [-1.155774841429645, 44.817674628921495], [-1.156207065337963, 44.817643227514594], [-1.15664153215883, 44.81764212954088], [-1.157074058439901, 44.817671345572606], [-1.157500479404801, 44.81773059429121], [-1.157916689035759, 44.81781930519469], [-1.158318679591854, 44.81793662408815], [-1.158702580183265, 44.81808142130484], [-1.159064694030876, 44.818252302578614], [-1.159401534053163, 44.81844762246336], [-1.159709856438216, 44.818665500170596], [-1.159986691877972, 44.8189038376729], [-1.160229374164071, 44.81916033989933], [-1.160435565869974, 44.81943253682858], [-1.160603280871758, 44.81971780726767], [-1.160730903490388, 44.82001340408721], [-1.160817204070475, 44.820316480670876], [-1.16086135084481, 44.820624118324396], [-1.160862917969544, 44.82093335438035], [-1.160821889651657, 44.82124121072826], [-1.160738660327998, 44.82154472249548], [-1.16061403089308, 44.82184096660222], [-1.160449201010995, 44.82212708991618], [-1.160245757584494, 44.822400336735086], [-1.16000565949143, 44.82265807533252], [-1.159731218734826, 44.82289782331085], [-1.15942507818751, 44.82311727151724], [-1.159090186145254, 44.823314306291415], [-1.158729767933276, 44.823487029831284], [-1.158347294839525, 44.82363377847937], [-1.157946450674166, 44.82375313875372], [-1.157531096277655, 44.8238439609687], [-1.15710523231984, 44.82390537031415], [-1.156672960749025, 44.82393677528555], [-1.156238445263154, 44.823937873384565], [-1.155805871184739, 44.82390865403408], [-1.15537940512698, 44.82384939868022], [-1.155037380781398, 44.823776498912586], [-1.155022049712966, 44.82389144019499], [-1.154938785139624, 44.82419494787723], [-1.1548141192524, 44.82449118572832], [-1.154649252066439, 44.82477730067618], [-1.154445770843774, 44.82505053709907], [-1.154205634826307, 44.825308263370644], [-1.153931156382358, 44.825547997212034], [-1.153624978747797, 44.82576742960646], [-1.153548652089615, 44.82581232804777], [-1.15366146392496, 44.826073675958895], [-1.153747735683316, 44.82637675864929], [-1.153791848515818, 44.82668439973246], [-1.153793376905316, 44.82699363650786], [-1.153752305431685, 44.82730149085811], [-1.153669028947259, 44.8276049979297], [-1.153544348800645, 44.827901234688056], [-1.153379465144258, 44.828187348071594], [-1.153175965398703, 44.828460582473625], [-1.152935808984239, 44.828718306287314], [-1.15266130846561, 44.82895803725738], [-1.152355107291279, 44.82917746639473], [-1.152020154341014, 44.82937448022279], [-1.15165967552676, 44.82954718114118], [-1.151277142720276, 44.829693905710286], [-1.150876240306974, 44.82981324068005], [-1.150460829688472, 44.82990403660863], [-1.150034912076261, 44.82996541893898], [-1.149602589935553, 44.82999679642686], [-1.14916802745148, 44.8299978668386], [-1.148735410399324, 44.829968619863806], [-1.148308905806275, 44.82990933721469], [-1.147892621794202, 44.829820589911144], [-1.147490567991249, 44.829703232777895], [-1.147106616894407, 44.8295583962067], [-1.14674446655607, 44.82938747526316], [-1.146407604954658, 44.82919211624345], [-1.146099276392988, 44.828974200810556], [-1.145822450248438, 44.82873582786322], [-1.145579792376038, 44.828479293312775], [-1.145373639439903, 44.828207067962495], [-1.145350948469, 44.82816845734286], [-1.145019307092335, 44.82832731706599], [-1.144636765252718, 44.82847401868359], [-1.144235857442004, 44.82859332961376], [-1.143820445113849, 44.82868410064611], [-1.14339452949625, 44.828745457463434], [-1.14296221303523, 44.82877680906723], [-1.142527659861216, 44.82877785347315], [-1.1420950556598, 44.828748580621294], [-1.141668567334357, 44.82868927247314], [-1.141252302850021, 44.828600500294144], [-1.140850271646781, 44.8284831191487], [-1.140466346003875, 44.82833825965978], [-1.140104223728451, 44.828167317113774], [-1.139767392528544, 44.82797193801487], [-1.139459096414067, 44.82775400421944], [-1.139182304449796, 44.82751561480312], [-1.138939682161476, 44.82725906583577], [-1.138733565870431, 44.82698682825954], [-1.13856594020367, 44.826701524083305], [-1.138438418995656, 44.826405901123046], [-1.138352229765128, 44.826102806532035], [-1.138308201915726, 44.82579515937564], [-1.138306758773193, 44.82548592251539], [-1.13834791353491, 44.82517807407298], [-1.138431269169722, 44.82487457874931], [-1.138556022268027, 44.82457835927461], [-1.138720970803987, 44.82429226826463], [-1.138924525734186, 44.824019060753784], [-1.139164726320158, 44.823761367669455], [-1.139439259026469, 44.823521670502934], [-1.139745479811799, 44.82330227742015], [-1.140080439597929, 44.82310530104239], [-1.140440912671149, 44.82293263811038], [-1.14082342774257, 44.82278595122725], [-1.141224301368388, 44.822666652855695], [-1.141639673408653, 44.82257589172345], [-1.142065544183607, 44.8225145417673], [-1.14249781297051, 44.82248319372204], [-1.142932317471017, 44.822482149435245], [-1.143364873870037, 44.8225114189623], [-1.143791317101213, 44.82257072046949], [-1.144207540932359, 44.82265948294653], [-1.144609537485763, 44.82277685170189], [-1.144993435813763, 44.822921696588715], [-1.145355539158907, 44.8230926228818], [-1.14569236054064, 44.823287984701516], [-1.146000656326356, 44.823505900855544], [-1.146232767063188, 44.82370578721647], [-1.146218397492146, 44.82360547448808], [-1.146216910878008, 44.823296237956434], [-1.146258020704005, 44.82298838680482], [-1.146341330371769, 44.82268488576027], [-1.146466036914377, 44.82238865760815], [-1.146630938754321, 44.82210255504781], [-1.146834447297833, 44.82182933322498], [-1.147074602253088, 44.82157162320489], [-1.147349090523996, 44.821331906641916], [-1.147655268497044, 44.82111249188883], [-1.147728270596928, 44.821069552092524], [-1.147618972625854, 44.82081625475611], [-1.147532742455933, 44.82051316785987], [-1.147488668730225, 44.82020552491843], [-1.147487175216461, 44.819896288752815], [-1.147528275597261, 44.81958843747805], [-1.1476115733653, 44.81928493582238], [-1.147736265668328, 44.81898870657711], [-1.147901151066024, 44.818702602452106], [-1.148104641123019, 44.81842937860814]]]}}, {"type": "Feature", "properties": {"nb_detections_cluster": 1, "frp_max": 0.63, "frp_moyen": 0.63, "derniere_detection": "2026-07-24T02:28:00", "fetch_timestamp": "2026-07-24T02:28:00"}, "geometry": {"type": "Polygon", "coordinates": [[[-1.174993948976016, 44.81724252321804], [-1.175268297005405, 44.817002737941834], [-1.175574342379766, 44.81678324647059], [-1.175909137709551, 44.81658616237317], [-1.176269458864197, 44.81641338342765], [-1.176651836017227, 44.816266573354326], [-1.177052587052444, 44.8161471458022], [-1.177467853009945, 44.816056250742875], [-1.177893635231117, 44.815994763402735], [-1.17832583384564, 44.8159632758395], [-1.178760287230688, 44.81596209124415], [-1.179192812063264, 44.81599122102307], [-1.179619243580978, 44.81605038468812], [-1.180035475664537, 44.81613901255634], [-1.180437500356969, 44.81625625123238], [-1.180821446439946, 44.816400971821935], [-1.181183616696547, 44.816571780796714], [-1.181520523502344, 44.81676703340686], [-1.18182892240264, 44.81698484951172], [-1.182105843352879, 44.81722313167715], [-1.182348619321585, 44.817479585365156], [-1.182554911980381, 44.81775174102196], [-1.182722734233467, 44.818036977852096], [-1.182850469369226, 44.81833254904998], [-1.182936886648921, 44.81863560824613], [-1.182981153181657, 44.81894323691387], [-1.182982841970363, 44.81925247247244], [-1.182941936050378, 44.819560336816345], [-1.182858828679756, 44.819863864996], [-1.182734319578429, 44.82016013377374], [-1.182569607251429, 44.820446289779774], [-1.182366277469141, 44.82071957699708], [-1.182126288014665, 44.82097736331025], [-1.181851949844423, 44.82121716586223], [-1.181545904842909, 44.821436674974585], [-1.181211100385343, 44.82163377640051], [-1.180850760953061, 44.821806571696], [-1.180468357074942, 44.821953396512455], [-1.180067571894212, 44.82207283663433], [-1.179652265682967, 44.82216374160691], [-1.17922643864675, 44.82222523582288], [-1.178794192378096, 44.82225672696029], [-1.178359690331154, 44.82225791169079], [-1.177927117698968, 44.82222877860288], [-1.177500641080844, 44.82216960831172], [-1.177084368329257, 44.82208097075501], [-1.176682308964027, 44.8219637197004], [-1.176298335535939, 44.8218189845179], [-1.175936146312771, 44.82164815929658], [-1.175599229647827, 44.82145288941067], [-1.175290830374684, 44.82123505566471], [-1.175013918552227, 44.820996756170764], [-1.174771160861156, 44.82074028613279], [-1.174564894927449, 44.820468115732844], [-1.174397106819876, 44.820182866332985], [-1.174269411937862, 44.81988728522185], [-1.174183039473212, 44.81958421914985], [-1.174138820594606, 44.81927658690793], [-1.174137180467794, 44.8189673512142], [-1.174178134187387, 44.81865949017936], [-1.17426128665842, 44.81835596862577], [-1.174385836427775, 44.81805970953651], [-1.174550583427574, 44.81777356590906], [-1.174753940554972, 44.817500293284695], [-1.174993948976016, 44.81724252321804]]]}}, {"type": "Feature", "properties": {"nb_detections_cluster": 7, "frp_max": 13.86, "frp_moyen": 6.99, "derniere_detection": "2026-07-24T02:28:00", "fetch_timestamp": "2026-07-24T02:28:00"}, "geometry": {"type": "Polygon", "coordinates": [[[-1.127593793738648, 44.83173571553376], [-1.127994759299583, 44.83161646461137], [-1.12841021886503, 44.83152575274073], [-1.128836171912632, 44.83146445338431], [-1.129268516927614, 44.83143315678969], [-1.129703090877784, 44.83143216430904], [-1.130135709279434, 44.83146148549887], [-1.130562206469261, 44.83152083802804], [-1.130978475695549, 44.83160965039493], [-1.131380508643462, 44.831727067427664], [-1.131764434014833, 44.83187195851449], [-1.132126554791699, 44.83204292848533], [-1.132463383825499, 44.83223833103995], [-1.132771677409747, 44.83245628459376], [-1.133048466513269, 44.83269469038891], [-1.133291085373419, 44.83295125269669], [-1.133497197173908, 44.83322350091715], [-1.133664816559761, 44.83350881336327], [-1.133774309370775, 44.83376266583485], [-1.133960447589458, 44.833817021751635], [-1.13434439389449, 44.83396190401176], [-1.134706535991521, 44.83413286568069], [-1.135043386526725, 44.83432826053813], [-1.135351701586604, 44.83454620707361], [-1.135628511933208, 44.83478460659686], [-1.135871151599341, 44.83504116343961], [-1.136077283568367, 44.83531340705454], [-1.136244922291082, 44.83559871579896], [-1.136372452822477, 44.835894342174484], [-1.136458646393439, 44.83619743928002], [-1.136502672266785, 44.8365050882235], [-1.136504105762529, 44.83681432622862], [-1.136462932374179, 44.83712217516603], [-1.136379547935377, 44.837425670234225], [-1.136254754834281, 44.83772188851413], [-1.13608975431108, 44.83800797712203], [-1.135886134911916, 44.838281180689776], [-1.135645857209491, 44.83853886790735], [-1.135371234936807, 44.83877855687195], [-1.135064912715137, 44.83899793899896], [-1.134729840590303, 44.839194901264506], [-1.134369245622318, 44.839367546564844], [-1.133986600801941, 44.839514211995976], [-1.13358559159373, 44.839633484877524], [-1.133170080428186, 44.839724216365575], [-1.132744069485497, 44.8397855325238], [-1.132311662130046, 44.83981684274536], [-1.131877023367932, 44.83981784544447], [-1.131444339709285, 44.839788530962984], [-1.131017778822928, 44.83972918166331], [-1.130601449372982, 44.83964036920736], [-1.130199361425219, 44.83952294904742], [-1.129815387805418, 44.839378052182276], [-1.129453226782769, 44.83920707425829], [-1.129116366438397, 44.83901166212042], [-1.128808051062761, 44.83879369794322], [-1.128531249905949, 44.83855528109489], [-1.128519870214369, 44.83854324708156], [-1.128503819700641, 44.83854555662685], [-1.128071419526353, 44.838576850314965], [-1.127636790282207, 44.83857783640778], [-1.127204118386636, 44.83854850540701], [-1.126777571395139, 44.83848913983428], [-1.126361257837963, 44.83840031150816], [-1.125959187627755, 44.83828287603386], [-1.125821883285803, 44.838231055053114], [-1.125574488128577, 44.8384081937834], [-1.125239386251931, 44.83860512735628], [-1.124878765907978, 44.83877774178628], [-1.124496100332009, 44.83892437446672], [-1.124095075188605, 44.83904361303265], [-1.123679553061841, 44.83913430897071], [-1.12325353623755, 44.83919558868696], [-1.122821128136811, 44.83922686192556], [-1.122386493772918, 44.83922782745699], [-1.12195381961363, 44.83919847598107], [-1.121527273236241, 44.8391390902166], [-1.121110963165065, 44.83905024217669], [-1.120708899279141, 44.83893278765634], [-1.120324954172389, 44.83878785798534], [-1.119962825839257, 44.838616849126005], [-1.119626002045891, 44.83842140822123], [-1.119317726730575, 44.83820341772264], [-1.119040968757424, 44.83796497725191], [-1.118798393324428, 44.83770838337063], [-1.118592336301241, 44.83743610745345], [-1.118424781743646, 44.83715077187835], [-1.118297342800849, 44.83685512476368], [-1.118211246198915, 44.836552013495194], [-1.118167320449037, 44.836244357298774], [-1.11816598789336, 44.835935119122865], [-1.118207260663987, 44.8356272771017], [-1.118290740593088, 44.83532379587425], [-1.118415623073928, 44.83502759803482], [-1.118580704834626, 44.834741535990716], [-1.118784395548808, 44.8344683644973], [-1.119024733170477, 44.834210714135025], [-1.119299402844704, 44.83397106598364], [-1.119605759211386, 44.83375172773703], [-1.119940851886942, 44.83355481148839], [-1.120301453878262, 44.83338221339938], [-1.120684092655335, 44.83323559544872], [-1.121085083583447, 44.83311636943528], [-1.121500565393398, 44.833025683390055], [-1.121926537348708, 44.83296441052677], [-1.122358897752587, 44.83293314083795], [-1.122793483424706, 44.832932175416666], [-1.123226109768503, 44.83296152355889], [-1.123652611044204, 44.833020902673944], [-1.124068880460729, 44.833109741004236], [-1.124470909701378, 44.833227183127875], [-1.124608200569333, 44.83327900569505], [-1.124855576188812, 44.83310186941662], [-1.125190646589206, 44.83290493735792], [-1.125551228282436, 44.83273232224682], [-1.125933848933885, 44.83258568622595], [-1.126152704679326, 44.83252060152628], [-1.126209231339962, 44.832471271923154], [-1.126515552554452, 44.83225191470968], [-1.126850612068167, 44.83205497769378], [-1.127211183207238, 44.83188235723712], [-1.127593793738648, 44.83173571553376]]]}}, {"type": "Feature", "properties": {"nb_detections_cluster": 2, "frp_max": 10.8, "frp_moyen": 7.24, "derniere_detection": "2026-07-24T02:28:00", "fetch_timestamp": "2026-07-24T02:28:00"}, "geometry": {"type": "Polygon", "coordinates": [[[-1.106624282457163, 44.8412879439207], [-1.106864705019537, 44.84103031932228], [-1.107139459904422, 44.84079070073656], [-1.107445900931268, 44.84057139557264], [-1.107781076901383, 44.840374515605106], [-1.108141760019732, 44.84020195664626], [-1.10852447697527, 44.840055380297926], [-1.108925542380654, 44.839936197958444], [-1.109341094249702, 44.839845557238235], [-1.109767131171489, 44.83978433091456], [-1.110199550823802, 44.83975310853183], [-1.110634189455926, 44.83975219072761], [-1.111066861961438, 44.83978158633937], [-1.11149340215613, 44.83984101231933], [-1.111909702874185, 44.83992989645866], [-1.112311755497473, 44.84004738289439], [-1.112695688538252, 44.84019234034643], [-1.113057804904535, 44.84036337300565], [-1.113394617490005, 44.840558833968146], [-1.113702882746293, 44.84077684108684], [-1.113979631914703, 44.841015295088056], [-1.114222199616811, 44.8412718997788], [-1.114428249528618, 44.84154418415093], [-1.114595796890773, 44.841829526169136], [-1.114723227637732, 44.84212517801452], [-1.114809313961018, 44.84242829254058], [-1.11485322615601, 44.84273595068734], [-1.114854540637276, 44.84304518958976], [-1.114813244044339, 44.84335303110966], [-1.114729733397291, 44.843656510516865], [-1.11468409461625, 44.84376472285447], [-1.114684606357748, 44.84388519640515], [-1.114643308216074, 44.844193037945985], [-1.114559795402232, 44.84449651730826], [-1.114434871540687, 44.844792711724054], [-1.114269739130987, 44.84507876853931], [-1.114065987989561, 44.84535193269201], [-1.113825579958083, 44.845609573251615], [-1.113550830024981, 44.8458492087646], [-1.113244384041314, 44.846068531161094], [-1.112909193245186, 44.846265427992485], [-1.112548485839894, 44.84643800278517], [-1.112165735899452, 44.84658459331429], [-1.111764629901205, 44.846703787620804], [-1.111349031208196, 44.846794437617696], [-1.110922942843914, 44.846855670153516], [-1.110490468918664, 44.846886895426884], [-1.110055775079902, 44.84688781267028], [-1.109623048368354, 44.846858413048615], [-1.109196456867568, 44.84679897974447], [-1.108780109536515, 44.84671008522886], [-1.108378016613105, 44.84659258574444], [-1.107994050970889, 44.84644761305407], [-1.107631910802006, 44.84627656353441], [-1.107295083986461, 44.846081084720005], [-1.106986814491467, 44.84586305942754], [-1.106710071124868, 44.845624587613834], [-1.106467518943733, 44.84536796614229], [-1.106261493593513, 44.84509566665319], [-1.106093978824675, 44.84481031175157], [-1.10596658740295, 44.84451464974178], [-1.105880545596463, 44.84421152815301], [-1.105836681388439, 44.84390386631042], [-1.105835416528109, 44.843594627216795], [-1.105876762495441, 44.84328678901512], [-1.105960320417534, 44.84298331630742], [-1.106005975367712, 44.84287510758518], [-1.106005482246833, 44.84275463403484], [-1.106046826664036, 44.84244679585398], [-1.106130382418066, 44.84214332310131], [-1.106255344171877, 44.84184713828946], [-1.106420507890123, 44.841561093700186], [-1.106624282457163, 44.8412879439207]]]}}, {"type": "Feature", "properties": {"nb_detections_cluster": 269, "frp_max": 404.96, "frp_moyen": 51.28, "derniere_detection": "2026-07-24T02:28:00", "fetch_timestamp": "2026-07-24T02:28:00"}, "geometry": {"type": "Polygon", "coordinates": [[[-1.118312683792644, 44.85992833504952], [-1.11855313253323, 44.85967068358057], [-1.118827928738275, 44.85943103461639], [-1.119134425828997, 44.85921169585868], [-1.119469672066566, 44.85901477940555], [-1.119830438979119, 44.85884218142066], [-1.120213252448608, 44.858695563881625], [-1.120614426158293, 44.858576338583426], [-1.12103009707914, 44.85848565355011], [-1.121456262653959, 44.85842438198571], [-1.12188881932189, 44.85839311387019], [-1.122323602013093, 44.858392150281524], [-1.122756424234244, 44.858421500497975], [-1.123183118359785, 44.85848088190892], [-1.123599575741973, 44.85856972273469], [-1.12400178625442, 44.85868716752933], [-1.124385876889301, 44.858832085413795], [-1.124748149037345, 44.85900308095995], [-1.125085114092342, 44.859198507621294], [-1.125393527037858, 44.85941648358107], [-1.125670417693077, 44.859654909865675], [-1.125913119317099, 44.859911490549095], [-1.126119294296198, 44.86018375485439], [-1.126286956666473, 44.8604690809396], [-1.126414491254612, 44.86076472113926], [-1.126500669251821, 44.86106782841915], [-1.12654466007026, 44.86137548378916], [-1.126546039366896, 44.86168472441101], [-1.126504793156581, 44.86199257213006], [-1.126421317973698, 44.862296062156524], [-1.126296417079808, 44.86259227161978], [-1.126131292752786, 44.862878347720994], [-1.125927534730752, 44.863151535212374], [-1.125687104921222, 44.86340920293873], [-1.125412318521991, 44.8636488691849], [-1.125105821735011, 44.86386822558505], [-1.124770566287436, 44.864065159363065], [-1.124409781005069, 44.86423777368955], [-1.124026940711894, 44.86438440595882], [-1.123625732755475, 44.86450364380987], [-1.123210021480926, 44.86459433873619], [-1.122783810996207, 44.864655617153666], [-1.122351206588043, 44.86468688881888], [-1.121916375160903, 44.86468785251751], [-1.121483505081005, 44.86465849896701], [-1.121056765813091, 44.8645991109062], [-1.120640267739703, 44.864510260370245], [-1.120238022550966, 44.86439280317824], [-1.119853904587298, 44.86424787068572], [-1.119491613508198, 44.864076858882164], [-1.119154638647386, 44.86388141493883], [-1.11884622539813, 44.863663421336625], [-1.118569343952916, 44.86342497772712], [-1.11832666069871, 44.863168380702135], [-1.118120512543297, 44.86289610166659], [-1.117952884419755, 44.86261076302856], [-1.117825390185318, 44.862315112935846], [-1.117739257098008, 44.862011998802906], [-1.117695314019802, 44.861704339883204], [-1.117693983459103, 44.861395099151395], [-1.117735277528165, 44.86108725476636], [-1.117818797853421, 44.86078377138979], [-1.11794373943851, 44.86048757163673], [-1.118108898441821, 44.86020150793286], [-1.118312683792644, 44.85992833504952]]]}}, {"type": "Feature", "properties": {"nb_detections_cluster": 45, "frp_max": 250.89, "frp_moyen": 56.37, "derniere_detection": "2026-07-23T14:12:00", "fetch_timestamp": "2026-07-24T02:28:00"}, "geometry": {"type": "Polygon", "coordinates": [[[-1.082295907816427, 44.827597116997715], [-1.082536383327772, 44.82733954627022], [-1.082811174999615, 44.82709998899973], [-1.083117636297622, 44.826880752004875], [-1.08345281582831, 44.82668394640374], [-1.083813485762714, 44.826511467292434], [-1.084196172917027, 44.826364975503914], [-1.084597192191083, 44.82624588162222], [-1.085012682043035, 44.826155332406], [-1.085438641659175, 44.82609419975143], [-1.085870969461641, 44.82606307230097], [-1.086305502584031, 44.82606224977808], [-1.086738056935701, 44.826091740102775], [-1.087164467469912, 44.82615125931533], [-1.087580628269068, 44.82624023430915], [-1.087982532062013, 44.82635780834636], [-1.088366308793775, 44.82650284930341], [-1.088728262877158, 44.82667396056702], [-1.089064908768188, 44.82686949447636], [-1.089373004523365, 44.827087568181845], [-1.089649583015942, 44.827326081768476], [-1.089891980510844, 44.827582738469474], [-1.090097862322984, 44.82785506677568], [-1.090265245311733, 44.82814044422864], [-1.090392516994483, 44.82843612266802], [-1.090478451094676, 44.82873925469113], [-1.090522219373827, 44.8290469210693], [-1.090523399632743, 44.829356158858076], [-1.09048197980392, 44.82966398992987], [-1.090398358094695, 44.82996744965494], [-1.090273339178748, 44.83026361545433], [-1.090108126471598, 44.83054963494947], [-1.089904310563537, 44.83082275343763], [-1.089663853920535, 44.83108034042797], [-1.089656617303467, 44.8310866498636], [-1.089904412466186, 44.831121228024024], [-1.090320614413619, 44.831210192886914], [-1.090722559488483, 44.83132775719202], [-1.09110637723836, 44.83147278890944], [-1.091468371681138, 44.83164389151488], [-1.091805056884251, 44.83183941743088], [-1.092113190525676, 44.832057483884874], [-1.092389805113852, 44.83229599103169], [-1.092632236566102, 44.83255264216654], [-1.092838149870315, 44.832824965833915], [-1.093005561582547, 44.83311033962], [-1.093132858943514, 44.83340601539985], [-1.093218815429288, 44.833709145796355], [-1.093262602585702, 44.83401681159658], [-1.093263798031654, 44.8343260498616], [-1.093222389553255, 44.83463388245926], [-1.093138775248402, 44.83493734474519], [-1.093053508141588, 44.835139348043384], [-1.0931405252963, 44.83513307793447], [-1.093575128457444, 44.83513222693943], [-1.094007756450363, 44.83516168901176], [-1.094434243519357, 44.835221180463755], [-1.09485048301002, 44.835310128456136], [-1.095252466893611, 44.83542767651106], [-1.095636324344095, 44.83557269275512], [-1.095998358997143, 44.83574378081304], [-1.09633508453306, 44.83593929324744], [-1.09664325824149, 44.83615734741556], [-1.096919912245088, 44.83639584359057], [-1.097162382081647, 44.836652485173346], [-1.097368332369428, 44.836924800800396], [-1.097535779308323, 44.83721016813538], [-1.097663109799787, 44.83750583911543], [-1.097749097000782, 44.83780896640974], [-1.097792912161278, 44.838116630835266], [-1.09779413263039, 44.83842586946633], [-1.097752745953143, 44.83873370416732], [-1.097669150017362, 44.8390371702736], [-1.097544149248255, 44.839333345144794], [-1.097378946886316, 44.839619376315], [-1.097175133421955, 44.839892508969044], [-1.096934671297377, 44.840150112479755], [-1.096659876022288, 44.84038970575031], [-1.096353393884732, 44.840608981117676], [-1.096018176471299, 44.84080582658613], [-1.095657452241892, 44.84097834617675], [-1.095274695432777, 44.841124878196354], [-1.094873592587627, 44.84124401124946], [-1.094458007039232, 44.84133459783898], [-1.094031941684546, 44.841395765424274], [-1.093599500412275, 44.8414269248295], [-1.093164848555331, 44.84142777592162], [-1.092732172749999, 44.841398310502775], [-1.092305640589381, 44.84133881238924], [-1.091889360460732, 44.8412498546763], [-1.091576194861863, 44.84115827723815], [-1.091464190534482, 44.8414235745375], [-1.091298951070516, 44.84170959685162], [-1.091095100463277, 44.841982718525536], [-1.090854601512733, 44.84224030903775], [-1.090579770083325, 44.84247988741664], [-1.090273252811379, 44.84269914614255], [-1.089938001621956, 44.842895973380024], [-1.089577245300355, 44.843068473325786], [-1.089194458392029, 44.84321498447576], [-1.088793327730639, 44.843334095635534], [-1.088377716916975, 44.84342465951889], [-1.087951629091415, 44.84348580380386], [-1.087519168359159, 44.84351693953904], [-1.087084500240605, 44.84351776681944], [-1.086651811528696, 44.84348827767649], [-1.086225269940865, 44.843428756155], [-1.085808983955162, 44.84333977557576], [-1.085406963218409, 44.843222193010355], [-1.085023079908618, 44.84307714102188], [-1.084661031424635, 44.84290601675078], [-1.084324304763079, 44.842710468451514], [-1.08401614292621, 44.842492379610015], [-1.083739513684656, 44.84225385079507], [-1.083497080996016, 44.841997179418996], [-1.083291179354616, 44.84172483760269], [-1.083123791319247, 44.841439448358706], [-1.082996528434891, 44.84114376032202], [-1.082910615731636, 44.840840621272335], [-1.082866879949288, 44.840532950702894], [-1.08286574160027, 44.8402237117003], [-1.082907210946258, 44.83991588240656], [-1.082990887926309, 44.83961242733777], [-1.083115966036116, 44.8393162688362], [-1.08328124012004, 44.83903025893007], [-1.083485117999891, 44.83875715187248], [-1.083725635827629, 44.83849957762318], [-1.083732848978342, 44.838493290425795], [-1.083485214954715, 44.83845872490102], [-1.083068970134921, 44.83836973418914], [-1.082666990696969, 44.83825214188984], [-1.082283148421014, 44.838107080659945], [-1.081921140310618, 44.83793594772887], [-1.081584452973487, 44.83774039143453], [-1.081276329033091, 44.8375222953398], [-1.080999735895046, 44.837283760083395], [-1.08075733716923, 44.83702708313963], [-1.08055146702289, 44.836754736682984], [-1.080384107711531, 44.83646934377068], [-1.080256870503561, 44.83617365307308], [-1.08018686715711, 44.835926584019816], [-1.080124489805448, 44.83589035100082], [-1.07981638167824, 44.83567225098483], [-1.079783697416278, 44.83564406208735], [-1.079638966343302, 44.83577020705318], [-1.079332442983162, 44.835989435081025], [-1.079317676413422, 44.83599810320942], [-1.079369123958416, 44.83617969192286], [-1.07941283719777, 44.836487363432475], [-1.079413956466001, 44.83679660209241], [-1.079372470282797, 44.837104429766654], [-1.079288777494374, 44.837407881858105], [-1.079163683458851, 44.83770403586126], [-1.078998392315139, 44.83799003951109], [-1.078794495408927, 44.8382631382574], [-1.0785539559863, 44.838520701799446], [-1.078279090301705, 44.83876024942533], [-1.077972545321596, 44.83897947391156], [-1.0776372732381, 44.83917626375241], [-1.077276503037932, 44.83934872350475], [-1.07689370940037, 44.83949519205168], [-1.076492579224014, 44.839614258609046], [-1.076076976105073, 44.83970477632029], [-1.075650903109864, 44.83976587330815], [-1.075395147590006, 44.83978425962374], [-1.075293783206482, 44.84002418220202], [-1.075128465535641, 44.84031018030455], [-1.074924541396695, 44.84058327214749], [-1.074683974298021, 44.84084082749663], [-1.074657699445983, 44.84086372313668], [-1.075068872770242, 44.840891792105644], [-1.075179591633844, 44.84090725472389], [-1.075440656835157, 44.84067976115733], [-1.075747220972644, 44.840460543542896], [-1.076082507340958, 44.84026375932936], [-1.076443287082424, 44.840091303406815], [-1.076826085955982, 44.83994483638495], [-1.077227217785844, 44.839825768609295], [-1.077642819946521, 44.839735246587104], [-1.078068890543064, 44.839674141952706], [-1.078501326929171, 44.83964304307876], [-1.078935965193083, 44.839642249413565], [-1.079368620231921, 44.83967176859927], [-1.079795126029582, 44.8397313163982], [-1.080211375751295, 44.83982031942856], [-1.080613361269743, 44.83993792068253], [-1.08099721174304, 44.840082987774416], [-1.081359230873904, 44.840254123839316], [-1.081695932491923, 44.84044968097757], [-1.082004074116859, 44.84066777611589], [-1.082280688180086, 44.840906309132905], [-1.082523110603768, 44.841162983074646], [-1.082729006462493, 44.841435326265966], [-1.08289639248006, 44.841720716104994], [-1.083023656144361, 44.84201640431211], [-1.083109571255704, 44.842319543390495], [-1.083153309758116, 44.842627214043524], [-1.08315444973881, 44.8429364532855], [-1.083112979517844, 44.843244282974794], [-1.083029297787553, 44.84354773849496], [-1.082904209799386, 44.84384389730745], [-1.082738919633855, 44.844129907100964], [-1.082535018627068, 44.84440301326616], [-1.082294470064466, 44.84466058543084], [-1.082019590288394, 44.844900142800086], [-1.081713026400922, 44.84511937805655], [-1.081377730776193, 44.84531617959083], [-1.081016932627604, 44.84548865184714], [-1.08063410690359, 44.845635133588125], [-1.080232940811787, 44.84575421390263], [-1.07981729829435, 44.84584474580151], [-1.079391182797117, 44.84590585727088], [-1.078958698691898, 44.84593695967545], [-1.078524011724272, 44.845937753431194], [-1.078091308868772, 44.84590823089255], [-1.077980579346933, 44.84589277115388], [-1.077719500204855, 44.84612027108089], [-1.077412912876834, 44.846339494547], [-1.077077594904737, 44.84653628316887], [-1.076716775717259, 44.84670874151511], [-1.076333930465532, 44.846855208482346], [-1.075932746545337, 44.846974273301676], [-1.075517088070602, 44.84706478913324], [-1.075090958640909, 44.84712588411789], [-1.074658462762301, 44.84715696977913], [-1.074223766293789, 44.847157746694236], [-1.073791056301436, 44.847128207379775], [-1.073364500707662, 44.84706863636386], [-1.072948208125398, 44.84697960744394], [-1.072546188264946, 44.84686197815731], [-1.072162313295783, 44.84671688151701], [-1.07180028053629, 44.84654571509357], [-1.071463576831477, 44.84635012754743], [-1.071155444962312, 44.84613200274252], [-1.070878852410588, 44.845893441593965], [-1.070636462780321, 44.84563674182548], [-1.070430610150915, 44.84536437583135], [-1.070263276608907, 44.84507896685691], [-1.070136073174256, 44.84478326372713], [-1.070050224304308, 44.844480114366995], [-1.070006556123949, 44.844172438368936], [-1.070005488494424, 44.84386319887178], [-1.070047030996251, 44.843555374022216], [-1.070130782863907, 44.84325192829347], [-1.070255936871881, 44.84295578393776], [-1.070421287133643, 44.842669792847005], [-1.070625240737464, 44.842396709093045], [-1.070865833106182, 44.84213916241117], [-1.070892110100109, 44.84211626765931], [-1.070480929901327, 44.84208818320522], [-1.070054416086287, 44.84202859956642], [-1.069638166097673, 44.84193955837816], [-1.069236189235449, 44.84182191729586], [-1.068852357254864, 44.84167680944619], [-1.068490367060177, 44.84150563250762], [-1.068153705086372, 44.84131003524189], [-1.067845613712445, 44.84109190160651], [-1.067569060030135, 44.840853332601675], [-1.067326707269091, 44.840596626026766], [-1.067120889153639, 44.840324254341525], [-1.06695358743795, 44.84003884084619], [-1.066826412835523, 44.83974313440919], [-1.066740589526106, 44.839439982987344], [-1.066696943388519, 44.83913230619292], [-1.06669589407183, 44.83882306717243], [-1.066737450980322, 44.8385152440679], [-1.066821213209863, 44.83821180133577], [-1.06694637343529, 44.83791566119933], [-1.067111725710334, 44.83762967550992], [-1.067315677104005, 44.837356598287286], [-1.067556263060546, 44.83709905920385], [-1.067831166334237, 44.83685953826754], [-1.068137739316167, 44.83664034194702], [-1.068473029537543, 44.83644358096865], [-1.068833808103694, 44.83627114999886], [-1.069216600784971, 44.836124709406945], [-1.069617721465279, 44.836005669284006], [-1.070033307626534, 44.835915175870994], [-1.070459357527868, 44.83585410052675], [-1.070715096772128, 44.83583572560918], [-1.070816473151088, 44.83559580754192], [-1.070981798899503, 44.835309816303926], [-1.071185723062146, 44.83503673217693], [-1.071426281345482, 44.83477918489981], [-1.07170115677026, 44.83453965455949], [-1.071853457628698, 44.834430746344914], [-1.071826789140542, 44.83444639842448], [-1.071466031477007, 44.834618839021076], [-1.071083254918248, 44.83476528729968], [-1.070682146198404, 44.834884332671386], [-1.070266568707037, 44.83497482848363], [-1.069840525263619, 44.83503590307015], [-1.069408119545855, 44.83506696815086], [-1.068973516544183, 44.83506772450129], [-1.068540902424223, 44.83503816483613], [-1.068114444184779, 44.83497857387947], [-1.067698249500895, 44.83488952562085], [-1.067296327139753, 44.834771877783815], [-1.066912548331576, 44.83462676356012], [-1.066550609468419, 44.8344555806896], [-1.066213996490814, 44.8342599779911], [-1.065905951305826, 44.83404183947448], [-1.065629440560337, 44.83380326618697], [-1.065387127070491, 44.833546555969114], [-1.065181344182444, 44.833274181315815], [-1.065014073311176, 44.832988765555804], [-1.064886924873236, 44.83269305757936], [-1.064859906394028, 44.832597597402994], [-1.064448140503966, 44.832509479897624], [-1.064046241973314, 44.83239182038144], [-1.063662487815781, 44.83224669503156], [-1.063300574185942, 44.83207550169494], [-1.062963986781242, 44.831879889291244], [-1.062655967262394, 44.8316617419238], [-1.062379482029048, 44.83142316072505], [-1.062137193651602, 44.83116644361176], [-1.061931435234339, 44.83089406314523], [-1.061764187956554, 44.83060864271014], [-1.06163706200758, 44.830312931241785], [-1.061551281098751, 44.83000977674541], [-1.061507670700725, 44.82970209886286], [-1.061506650118594, 44.829392860751085], [-1.061548228480141, 44.829085040543305], [-1.061632004674884, 44.828781602668066], [-1.061757171243416, 44.828485469301846], [-1.061922522178628, 44.82819949223072], [-1.06212646456267, 44.82792642539147], [-1.062367033926754, 44.82766889835647], [-1.062641913185134, 44.82742939101761], [-1.062948454960316, 44.82721020971262], [-1.063283707084139, 44.82701346502324], [-1.063644441028878, 44.82684105145903], [-1.064027182994608, 44.82669462922171], [-1.064428247353599, 44.826575608225575], [-1.064843772130075, 44.82648513452746], [-1.065269756174191, 44.826424079296345], [-1.065702097672976, 44.82639303042917], [-1.066136633628207, 44.82639228689276], [-1.066569179921967, 44.826421855846554], [-1.066995571585057, 44.82648145257371], [-1.067411702881495, 44.826570503221255], [-1.067813566824062, 44.82668815032284], [-1.06819729374132, 44.82683326105134], [-1.068559188525521, 44.82700443812161], [-1.06889576620345, 44.827200033239144], [-1.069203785488185, 44.827418162964875], [-1.069480279989075, 44.82765672684435], [-1.069722586779576, 44.827913427626356], [-1.0699283720478, 44.82818579337722], [-1.070095653582584, 44.82847120127774], [-1.070222819878121, 44.82876690287435], [-1.070249845626094, 44.82886236162435], [-1.070661593887163, 44.82895045749565], [-1.070845371706296, 44.829004250818706], [-1.07088187296208, 44.82887196093657], [-1.07100699098356, 44.828575817129554], [-1.071172295108364, 44.828289826268026], [-1.071376192869332, 44.82801674242164], [-1.071616720227288, 44.8277591953266], [-1.071891560500872, 44.82751966506802], [-1.072198066687877, 44.827300458204334], [-1.072533286962708, 44.827103685563465], [-1.072893993104205, 44.826931241924115], [-1.073276711580049, 44.826784787777655], [-1.073677756988599, 44.826665733345635], [-1.074093267536463, 44.826575225006835], [-1.074519242210737, 44.826514134263824], [-1.074951579288626, 44.82648304935549], [-1.075386115814452, 44.82648226959566], [-1.075818667664803, 44.826511802492575], [-1.076245069817001, 44.82657136367659], [-1.076661216434112, 44.82666037963699], [-1.077063100381464, 44.82677799324145], [-1.077446851795077, 44.826923071985334], [-1.077808775331429, 44.82709421889155], [-1.078145385740558, 44.82728978595601], [-1.078453441420483, 44.82750789000987], [-1.078729975630213, 44.82774643084586], [-1.078972325060946, 44.828003111434725], [-1.079178155490298, 44.82827546003728], [-1.079345484272314, 44.82856085399949], [-1.079472699446284, 44.82885654500208], [-1.079558575279743, 44.82915968552121], [-1.07960228409526, 44.82946735624641], [-1.079603404266261, 44.82977659419122], [-1.07956192430391, 44.83008442122653], [-1.079478242994688, 44.8303878727614], [-1.079353165586323, 44.830684026295664], [-1.07918789605774, 44.8309700295688], [-1.079044410472532, 44.83116223861741], [-1.079315549694547, 44.831319751580395], [-1.079623632011002, 44.83153785267518], [-1.079656313804128, 44.831566041581794], [-1.079801034009066, 44.831439896767506], [-1.080107530722199, 44.83122066777296], [-1.080442746684238, 44.83102387098315], [-1.080803453715436, 44.83085140140937], [-1.081186178274815, 44.830704919792716], [-1.081587234902081, 44.83058583661926], [-1.082002761695771, 44.83049529854452], [-1.082056661281543, 44.830487565216785], [-1.081934596131609, 44.830279399789646], [-1.081807364781024, 44.82998371147102], [-1.081721475556299, 44.82968057261006], [-1.081677754971377, 44.8293729026981], [-1.081676623392591, 44.829063664815465], [-1.081718091016693, 44.828755837093354], [-1.0818017577996, 44.82845238403273], [-1.081926817335474, 44.828156227956484], [-1.082092064647801, 44.827870220869514], [-1.082295907816427, 44.827597116997715]], [[-1.089069229929331, 44.83732692997099], [-1.088634609723584, 44.837327763320275], [-1.088318842470409, 44.837306245047564], [-1.088354614125411, 44.837311236685395], [-1.088770859474237, 44.83740020754179], [-1.089083999552613, 44.83749179278322], [-1.089156250916754, 44.83732066298177], [-1.089069229929331, 44.83732692997099]]]}}, {"type": "Feature", "properties": {"nb_detections_cluster": 17, "frp_max": 18.49, "frp_moyen": 11.41, "derniere_detection": "2026-07-23T13:55:00", "fetch_timestamp": "2026-07-24T02:28:00"}, "geometry": {"type": "Polygon", "coordinates": [[[-1.095316041513315, 44.847391064300396], [-1.095651300685058, 44.8471942205309], [-1.096012064849356, 44.84702170061132], [-1.09639485991491, 44.846875165767564], [-1.096795999742412, 44.84675602699829], [-1.097211621629223, 44.84666543149434], [-1.097637723490372, 44.846604251597626], [-1.098070202378487, 44.84657307640548], [-1.098504893972588, 44.84657220610108], [-1.098937612656371, 44.84660164906452], [-1.09936419180103, 44.8466611217921], [-1.099780523865719, 44.846750051624845], [-1.100182599930444, 44.84686758225976], [-1.100566548281681, 44.847012581991216], [-1.10092867167991, 44.84718365460291], [-1.101265482950958, 44.84737915280623], [-1.101573738558943, 44.84759719409545], [-1.101850469837868, 44.84783567886782], [-1.102093011581355, 44.848092310634], [-1.102299027715133, 44.84836461812507], [-1.10246653380488, 44.84864997908301], [-1.102593916182254, 44.84894564550649], [-1.102679947504345, 44.84924877010854], [-1.102723798595978, 44.84955643373208], [-1.102725046459974, 44.849865673459256], [-1.102683678377241, 44.85017351114385], [-1.102600092056235, 44.85047698209257], [-1.102475091829269, 44.850773163618406], [-1.102309880931329, 44.8510592031914], [-1.102106049934768, 44.85133234591549], [-1.101924476594829, 44.85152685047641], [-1.101996765295054, 44.851649995682614], [-1.102124152003221, 44.8519456629321], [-1.102210185385161, 44.85224878819231], [-1.102254036245796, 44.85255645229986], [-1.102255281590092, 44.852865692332145], [-1.102213908723152, 44.85317353014007], [-1.102130315399429, 44.85347700102913], [-1.102005306018615, 44.85377318231287], [-1.101840083903792, 44.854059221463714], [-1.10163623973529, 44.85433236358962], [-1.101395736250744, 44.854589977972175], [-1.101120889357966, 44.85482958340993], [-1.100814345841958, 44.855048872122616], [-1.100479057880335, 44.85524573198599], [-1.100118254612407, 44.85541826688252], [-1.099735411035692, 44.85556481497157], [-1.099334214529608, 44.8556839647029], [-1.098918529329152, 44.855774568418774], [-1.098492359291237, 44.85583575341357], [-1.098059809313026, 44.85586693034379], [-1.097625045774667, 44.85586779890757], [-1.097330629921296, 44.855847766237694], [-1.097235387555339, 44.856073362501206], [-1.097179285253606, 44.85617046881385], [-1.097371157476409, 44.856335816990054], [-1.097613715459531, 44.85659245924792], [-1.097819741054983, 44.85686477579945], [-1.097987249737137, 44.85715014429937], [-1.098114627812477, 44.857445816673675], [-1.098200647979306, 44.857748945578074], [-1.098244481169653, 44.85805661181406], [-1.098245704558513, 44.85836585243854], [-1.098204305662292, 44.85867368929664], [-1.098120682486001, 44.85897715770304], [-1.097995639716725, 44.8592733349951], [-1.097830380999019, 44.859559368683676], [-1.097626497365676, 44.85983250392937], [-1.097385951934378, 44.86009011007998], [-1.097111061016918, 44.86032970601327], [-1.096804471822323, 44.86054898404056], [-1.096469136968189, 44.86074583214052], [-1.096108286045523, 44.86091835430885], [-1.095725394510901, 44.86106488882756], [-1.095324150205737, 44.86118402427707], [-1.094908417825508, 44.86127461313722], [-1.094482201681647, 44.86133578284549], [-1.094049607115494, 44.86136694420557], [-1.093614800936757, 44.86136779706564], [-1.093181971268417, 44.86133833321076], [-1.092755287185856, 44.86127883644218], [-1.092463041436833, 44.86121640772068], [-1.092726577647657, 44.861369370419254], [-1.093034876892946, 44.86158743640392], [-1.093311640848099, 44.86182594353826], [-1.093554203991834, 44.86208259511753], [-1.093760230043513, 44.86235491968201], [-1.093927734472978, 44.86264029480926], [-1.094055103627523, 44.86293597236142], [-1.094141110291205, 44.863239104944306], [-1.094184925525945, 44.86354677332394], [-1.094186126679511, 44.863856014536594], [-1.094144701482309, 44.864163850421725], [-1.094061048192521, 44.86446731630326], [-1.093935971787141, 44.86476348954297], [-1.093770676234588, 44.86504951769066], [-1.093566752922341, 44.86532264596025], [-1.093326165350198, 44.86558024376673], [-1.093051230235805, 44.86581983006821], [-1.092744595213872, 44.86603909726876], [-1.092409213343412, 44.86623593345132], [-1.092048314668316, 44.86640844272636], [-1.091665375105163, 44.86655496350005], [-1.091264082958045, 44.86667408448525], [-1.090848303383331, 44.86676465830104], [-1.090422041147115, 44.866825812529854], [-1.08998940203479, 44.86685695812449], [-1.08955455328521, 44.86685779508493], [-1.08912168343148, 44.86682831534943], [-1.088694961936109, 44.866768802872194], [-1.088278499010308, 44.86667983088684], [-1.087876306005444, 44.86656225638224], [-1.087492256759008, 44.8664172118438], [-1.08713005026827, 44.866246094340276], [-1.086793175051807, 44.866050552060884], [-1.086484875542703, 44.865832468433624], [-1.086208120837493, 44.8655939439771], [-1.08596557610199, 44.86533727606165], [-1.085759576909414, 44.86506493677484], [-1.085592106757744, 44.86477954910488], [-1.085464777982406, 44.864483861671644], [-1.085378816247596, 44.864180722248996], [-1.085335048764801, 44.8638730503338], [-1.085333896351171, 44.863563809025656], [-1.085375369403253, 44.86325597648877], [-1.085450447717004, 44.86298377071199], [-1.085180120966395, 44.86285604540363], [-1.084843272875553, 44.86266049741995], [-1.084534999549563, 44.862442408614754], [-1.084258269832765, 44.862203879556475], [-1.084015748650305, 44.861947207659796], [-1.083809771348573, 44.86167486505062], [-1.083642321214742, 44.861389474749096], [-1.083515010391494, 44.86109378540049], [-1.083429064370187, 44.860790644797085], [-1.08338531021104, 44.86048297244711], [-1.083384168602971, 44.86017373145431], [-1.083425649838543, 44.85986589997986], [-1.083509353741816, 44.85956244256089], [-1.083634473548737, 44.85926628156228], [-1.083799803701678, 44.85898026903629], [-1.084003751482116, 44.85870715926125], [-1.08424435236854, 44.858449582223095], [-1.08451928897097, 44.858210018295324], [-1.084825913359124, 44.85799077436065], [-1.084940197015213, 44.857923704809274], [-1.085009478233089, 44.857672501128256], [-1.085134585919126, 44.857376338618785], [-1.085299902869252, 44.85709032403251], [-1.085503836492107, 44.85681721166758], [-1.085744422402535, 44.856559631534935], [-1.086019343354772, 44.856320064037824], [-1.086325951569242, 44.856100816093374], [-1.086661294237518, 44.8559039989251], [-1.087022141959609, 44.855731507740515], [-1.087405019839742, 44.8555850034888], [-1.087806240941309, 44.85546589687403], [-1.08822194177923, 44.85537533477743], [-1.088648119508454, 44.85531418921921], [-1.088654320695126, 44.85531374279488], [-1.08863574297781, 44.85518318141049], [-1.088634572569331, 44.85487394099892], [-1.088676021114615, 44.854566108087795], [-1.088759688752657, 44.854262647228055], [-1.088884769068746, 44.85396648081776], [-1.088966767712579, 44.8538245878697], [-1.088800710970949, 44.85374612372813], [-1.088463904909681, 44.85355058730137], [-1.088155667525242, 44.85333250918749], [-1.087878967315899, 44.853093989851985], [-1.087636468922731, 44.85283732661588], [-1.087430507472799, 44.85256499152167], [-1.087263066100796, 44.85227960751719], [-1.087135756865228, 44.85198392318703], [-1.087049805242385, 44.851680786275175], [-1.087006038346668, 44.8513731162543], [-1.087004876989892, 44.851063876205785], [-1.087046331655038, 44.85075604428172], [-1.087130002422267, 44.85045258502357], [-1.087255082846827, 44.85015642081393], [-1.087420367750521, 44.84987040373606], [-1.087624264850716, 44.849597288112136], [-1.087864810114052, 44.8493397039844], [-1.088139686686262, 44.84910013179467], [-1.08844624721517, 44.84888087850525], [-1.088781539351549, 44.848684055391104], [-1.08914233418199, 44.848511557717025], [-1.089525157319989, 44.84836504649469], [-1.089926322356007, 44.848245932495296], [-1.090341966344747, 44.848155362671186], [-1.090768086988482, 44.84809420911698], [-1.091200581159038, 44.84806306067635], [-1.091635284388314, 44.848062217274915], [-1.092068010947993, 44.84809168703371], [-1.092494594133435, 44.84815118619101], [-1.092910926364864, 44.848240141833365], [-1.093312998720645, 44.848357697409256], [-1.093696939522914, 44.84850272097287], [-1.094059051604771, 44.84867381607843], [-1.0941096504404, 44.848703190189795], [-1.094125064739648, 44.8486666797098], [-1.094290310278627, 44.8483806525415], [-1.094494168568134, 44.84810752443116], [-1.094734675948503, 44.84784992554137], [-1.095009515930196, 44.84761033645613], [-1.095316041513315, 44.847391064300396]]]}}, {"type": "Feature", "properties": {"nb_detections_cluster": 3, "frp_max": 16.97, "frp_moyen": 12.07, "derniere_detection": "2026-07-23T13:55:00", "fetch_timestamp": "2026-07-24T02:28:00"}, "geometry": {"type": "Polygon", "coordinates": [[[-1.073124131641779, 44.86775921953451], [-1.073399161265018, 44.867519682435095], [-1.073705879902575, 44.867300468562796], [-1.07404133368281, 44.86710368881299], [-1.07440229213594, 44.866931238032855], [-1.074785279300103, 44.866784776782495], [-1.075186607186569, 44.86666571535187], [-1.075602411282214, 44.86657520018712], [-1.076028687747919, 44.86651410285656], [-1.076461331955386, 44.866483011662474], [-1.076896177992082, 44.86648222597927], [-1.077329038754836, 44.86651175337218], [-1.07775574624696, 44.866571309524566], [-1.078172191691866, 44.866660320974134], [-1.078574365077854, 44.86677793063203], [-1.07895839375422, 44.86692300603167], [-1.079320579707834, 44.86709415022814], [-1.079657435161919, 44.867289715243444], [-1.079965716154807, 44.867507817928484], [-1.080242453775653, 44.86774635808923], [-1.080484982756529, 44.86800303870291], [-1.080690967145534, 44.86827538803011], [-1.080858422813468, 44.8685607834099], [-1.080985736576958, 44.86885647650929], [-1.081071681753252, 44.86915961978432], [-1.081077470103442, 44.86920032848093], [-1.081165050237115, 44.869293014794415], [-1.081371042656752, 44.86956536297175], [-1.081538505628272, 44.86985075744295], [-1.081665825897947, 44.8701464498838], [-1.081751776720351, 44.87044959275669], [-1.081795529694933, 44.870757266728454], [-1.081796662768842, 44.87106650878144], [-1.081755164327944, 44.8713743407469], [-1.081671433335665, 44.87167779798648], [-1.081546275517232, 44.87197395794506], [-1.081380895625086, 44.87225996830032], [-1.081176885858973, 44.87253307443743], [-1.080936210551367, 44.8727906459845], [-1.080661187264988, 44.87303020215254], [-1.080354464483871, 44.87324943563574], [-1.080018996112414, 44.873446234841765], [-1.079658013027817, 44.87361870423725], [-1.079274991959836, 44.8737651826124], [-1.078873621997785, 44.87388425908843], [-1.078457769047712, 44.8739747867132], [-1.078031438582633, 44.87403589351397], [-1.077598737045271, 44.874066990900396], [-1.077163832275892, 44.87406777933684], [-1.076730913347281, 44.87403825122893], [-1.076304150194699, 44.87397869099676], [-1.075887653430624, 44.873889672333966], [-1.075485434732334, 44.87377205267901], [-1.075101368184732, 44.87362696495222], [-1.074739152951628, 44.87345580663827], [-1.074402277635659, 44.87326022631947], [-1.074093986670689, 44.873042107790155], [-1.073817249070746, 44.87280355190507], [-1.073574729836662, 44.87254685633722], [-1.073368764295792, 44.87227449344045], [-1.073201335621745, 44.87198908643028], [-1.073074055750215, 44.87169338411282], [-1.072988149874152, 44.87139023440522], [-1.072982367163039, 44.87134952525884], [-1.072894797329351, 44.87125683243141], [-1.072688839818579, 44.870984468384954], [-1.072521418447138, 44.87069906046645], [-1.072394145080409, 44.870403357490716], [-1.072308244848714, 44.87010020738126], [-1.072264544371008, 44.869792529737765], [-1.072263463818955, 44.869483287714885], [-1.072305012896886, 44.869175459483685], [-1.07238879077531, 44.86887200954993], [-1.072513989977609, 44.8685758602064], [-1.072679404181453, 44.86828986339301], [-1.072883439858833, 44.86801677323673], [-1.073124131641779, 44.86775921953451]]]}}, {"type": "Feature", "properties": {"nb_detections_cluster": 13, "frp_max": 100.76, "frp_moyen": 24.26, "derniere_detection": "2026-07-23T13:55:00", "fetch_timestamp": "2026-07-24T02:28:00"}, "geometry": {"type": "Polygon", "coordinates": [[[-1.057976031504481, 44.845778746291884], [-1.058251018100804, 44.84553924841061], [-1.058557675831746, 44.84532007793616], [-1.058893051412505, 44.84512334534599], [-1.05925391512656, 44.844950945033155], [-1.05963679192448, 44.8448045370717], [-1.060037994880342, 44.844685531238525], [-1.060453660683979, 44.84459507344436], [-1.060879786827795, 44.844534034705134], [-1.061312270130771, 44.844503002758934], [-1.061746946229489, 44.84450227640966], [-1.062179629656825, 44.844531862651245], [-1.062606154123339, 44.844591476600414], [-1.063022412614468, 44.84468054423834], [-1.063424396918371, 44.84479820793509], [-1.063808236204732, 44.84494333470372], [-1.064170234283817, 44.845114527104684], [-1.064506905187725, 44.84531013669577], [-1.064815006731733, 44.845528279898616], [-1.065091571732911, 44.84576685612895], [-1.065333936585597, 44.84602356801661], [-1.065539766918491, 44.84629594352096], [-1.065707080086116, 44.84658135972889], [-1.065834264277649, 44.84687706810676], [-1.065920094058494, 44.847180220963395], [-1.065963742194224, 44.84748789886938], [-1.065964787642156, 44.84779713876907], [-1.065923219632624, 44.84810496251436], [-1.065839437799661, 44.84840840554598], [-1.065714248358762, 44.848704545445514], [-1.065548856367551, 44.84899053008376], [-1.065365658740214, 44.849235756438674], [-1.06559718472801, 44.84907026426415], [-1.065932558043225, 44.848873510164935], [-1.066293424242511, 44.84870108675589], [-1.066676308252423, 44.84855465433355], [-1.067077523077531, 44.84843562291027], [-1.067493205293337, 44.84834513864327], [-1.067919352234194, 44.848284072803324], [-1.068351860518835, 44.848253013389524], [-1.06878656554332, 44.84825225947023], [-1.06921928156205, 44.84828181830484], [-1.069645841971825, 44.84834140527399], [-1.070062139412064, 44.84843044661863], [-1.070464165295972, 44.848548084962026], [-1.070848048392947, 44.84869318756138], [-1.071210092091496, 44.84886435720984], [-1.071546809984524, 44.849059945684346], [-1.07185495943492, 44.849278069609845], [-1.072131572798517, 44.84951662858775], [-1.072373986004, 44.84977332541408], [-1.072579864214483, 44.850045688193205], [-1.072747224323458, 44.850331094134646], [-1.072874454068053, 44.850626794803645], [-1.072960327574962, 44.8509299425833], [-1.073004017188617, 44.85123761809315], [-1.07300510146681, 44.851546858300644], [-1.072963569265827, 44.851854685054796], [-1.072879819874729, 44.852158133767375], [-1.072754659196446, 44.852454281965315], [-1.072589292011452, 44.8527402774395], [-1.072385310397573, 44.8530133657184], [-1.072144678416566, 44.8532709166021], [-1.071869713214225, 44.85351044950055], [-1.071563062715454, 44.85372965733208], [-1.07122768012869, 44.853926428751386], [-1.070866795505042, 44.85409886849269], [-1.070483884625993, 44.85424531563187], [-1.070082635519539, 44.85436435959096], [-1.06966691292759, 44.85445485373103], [-1.069240721067425, 44.854515926401874], [-1.068808165046538, 44.85454698934189], [-1.068373411303342, 44.85454774334721], [-1.067940647455672, 44.85451818115512], [-1.067514041944766, 44.854458587514046], [-1.067097703864416, 44.85436953643939], [-1.066695643363195, 44.854251885681855], [-1.066311733002025, 44.85410676846127], [-1.066167405198874, 44.85403852945092], [-1.066194272382572, 44.8542278893391], [-1.066195319225218, 44.854537129910376], [-1.066153747490906, 44.8548449544125], [-1.066069956849373, 44.85514839827889], [-1.065944753600791, 44.8554445390831], [-1.065779342935613, 44.855730524687196], [-1.065575317350435, 44.856003600714665], [-1.06533464133054, 44.856261137083564], [-1.065059632445923, 44.85650065334358], [-1.064752939042277, 44.8567198425733], [-1.064417514741357, 44.856916593606535], [-1.064056589996134, 44.8570890113739], [-1.063673640974624, 44.857235435162856], [-1.063272356072299, 44.85735445462034], [-1.062856600375941, 44.85744492334342], [-1.062430378421772, 44.85750596992673], [-1.061997795607222, 44.85753700635991], [-1.061563018628843, 44.857537733694464], [-1.061130235328309, 44.85750814492452], [-1.060703614334252, 44.85744852505454], [-1.060287264889597, 44.85735944835255], [-1.059885197252358, 44.85724177281607], [-1.059757489787019, 44.857193492398025], [-1.05953638132876, 44.857299104654174], [-1.059153419090715, 44.857445512860366], [-1.058752123108953, 44.85756451598673], [-1.058336358577024, 44.8576549677876], [-1.057910130116286, 44.857715997020584], [-1.057477543186869, 44.857747015842506], [-1.057042764524973, 44.85774772547441], [-1.056609981988493, 44.857718119081], [-1.05618336419869, 44.85765848183648], [-1.055767020367608, 44.857569388176245], [-1.055364960699155, 44.85745169626112], [-1.054981057746152, 44.85730653970744], [-1.054619009096377, 44.857135316662735], [-1.054282301747691, 44.856939676332836], [-1.053974178515909, 44.85672150308997], [-1.053697606799338, 44.85648289831584], [-1.05345525000099, 44.85622616015422], [-1.053249441883695, 44.855953761369115], [-1.053082164104915, 44.8556683255216], [-1.052955027147175, 44.855372601695386], [-1.052869254827222, 44.85506943801467], [-1.052825672532365, 44.85476175420969], [-1.0528246992964, 44.85445251349437], [-1.052866343790517, 44.85414469402703], [-1.052950204266755, 44.85384126022892], [-1.05307547245351, 44.853545134237265], [-1.053240941364596, 44.853259167767064], [-1.053377270558315, 44.853076759648076], [-1.053103284220186, 44.853038447684824], [-1.052686979521203, 44.85294934260618], [-1.052284959378068, 44.85283163971168], [-1.05197962306226, 44.85271616976337], [-1.05196347562877, 44.85283551446586], [-1.051879611323552, 44.853138947420106], [-1.05175433773787, 44.853435072023466], [-1.051588860739741, 44.853721036293926], [-1.0513847734648, 44.85399408606039], [-1.051144040992671, 44.854251591493735], [-1.050868981437268, 44.854491072441576], [-1.050562243632529, 44.85471022232256], [-1.050226781628067, 44.85490693034942], [-1.049865826240195, 44.85507930186698], [-1.049482853932252, 44.855225676608136], [-1.049081553324152, 44.85534464469223], [-1.048665789654078, 44.855435060211185], [-1.04823956753514, 44.85549605227205], [-1.047806992366408, 44.855527033389684], [-1.047372230770801, 44.85552770514832], [-1.0469394704418, 44.855498061077476], [-1.04651287978671, 44.85543838671424], [-1.046096567756135, 44.85534925685156], [-1.045694544247587, 44.85523152999896], [-1.045310681465487, 44.85508634010926], [-1.04494867661057, 44.854915085651115], [-1.04461201625875, 44.85471941613285], [-1.044303942773058, 44.85450121620787], [-1.044027423072547, 44.8542625875148], [-1.043785120059123, 44.85400582842774], [-1.043579366977505, 44.85373341191222], [-1.043412144955017, 44.853447961700034], [-1.043285063937137, 44.85315222701317], [-1.043199347201831, 44.852849056080395], [-1.043155819601082, 44.8525413687017], [-1.043154899641971, 44.8522321281254], [-1.043196595482661, 44.85192431250836], [-1.043280504880777, 44.85162088623475], [-1.043405819093691, 44.85132477136923], [-1.043571330692101, 44.8510388195196], [-1.043775445210706, 44.85076578437965], [-1.044016196522921, 44.850508295216386], [-1.044291265790819, 44.85026883155695], [-1.044598003807219, 44.850049699318355], [-1.044933456514369, 44.8498530086098], [-1.045294393453248, 44.849680653421004], [-1.045677338869503, 44.84953429339153], [-1.046078605176652, 44.84941533783664], [-1.046494328454677, 44.84932493218299], [-1.046920505642712, 44.84926394694438], [-1.047353033068358, 44.84923296934379], [-1.047787745943435, 44.84923229766177], [-1.048220458446766, 44.84926193836594], [-1.048647004008959, 44.84932160604854], [-1.049063275412302, 44.849410726173396], [-1.049465264320568, 44.84952844060515], [-1.049770578139493, 44.84964391735039], [-1.049786729314666, 44.84952457309006], [-1.049870599529136, 44.84922114207151], [-1.049995873647559, 44.84892501999735], [-1.050161344626752, 44.848639058544826], [-1.050365418392558, 44.84836601150023], [-1.0506061292108, 44.84810850824525], [-1.050881158633445, 44.84786902844275], [-1.05118785783694, 44.84764987816524], [-1.05152327313721, 44.84745316769561], [-1.051884174435353, 44.84728079121391], [-1.052267086320123, 44.847134408564735], [-1.052668321527837, 44.84701542928117], [-1.053084016437856, 44.84692499901836], [-1.053510168262398, 44.846863988527076], [-1.053942673573226, 44.84683298527344], [-1.054377367795057, 44.84683228778503], [-1.054810065286293, 44.846861902777945], [-1.055236599622082, 44.84692154509201], [-1.055652863692819, 44.84701064043531], [-1.056054849232904, 44.84712833091112], [-1.056438685400066, 44.84727348327464], [-1.056800676034534, 44.84744469983984], [-1.057115638574751, 44.84762772410802], [-1.057115235552206, 44.847502684850646], [-1.057156851382638, 44.847194864465884], [-1.057240678307425, 44.846891428109075], [-1.057365908378217, 44.84659529794211], [-1.057531334976007, 44.84630932572019], [-1.057735364454008, 44.84603626533338], [-1.057976031504481, 44.845778746291884]], [[-1.064154921686528, 44.851252965305555], [-1.064196501716451, 44.850945141908866], [-1.06428029620868, 44.85064169986823], [-1.064405497527073, 44.85034556140028], [-1.064570899329381, 44.85005957834027], [-1.064754103113271, 44.849814353231636], [-1.064522571574548, 44.849979843687514], [-1.064187186714951, 44.85017659359704], [-1.063826304570955, 44.85034901024089], [-1.06344340090024, 44.85049543291733], [-1.063042163661437, 44.85061445128405], [-1.062626457482187, 44.8507049189486], [-1.062200286421698, 44.8507659645158], [-1.061767755387113, 44.850796999985086], [-1.061333030576149, 44.85079772641726], [-1.060900299327911, 44.850768136815134], [-1.060473729769573, 44.85070851619117], [-1.060057430648551, 44.85061943882067], [-1.059655411738068, 44.850501762707616], [-1.059271545198354, 44.85035662131606], [-1.058909528266472, 44.850185412647534], [-1.058594545539535, 44.850002393318015], [-1.058594951873068, 44.850127432671236], [-1.058553341750944, 44.85043525388754], [-1.058469516628596, 44.85073869158395], [-1.05834428313842, 44.85103482339346], [-1.058178846762278, 44.85132079726469], [-1.05804253742378, 44.85150321117672], [-1.058316519641609, 44.851541510930055], [-1.058732822835663, 44.851630594856026], [-1.059134847892697, 44.85174827435333], [-1.059262542442385, 44.8517965554029], [-1.059483629754788, 44.85169094387944], [-1.059866551897289, 44.851544534805704], [-1.060267802508648, 44.85142552788196], [-1.060683517819861, 44.85133506902945], [-1.061109694846686, 44.85127402927427], [-1.061542229918227, 44.85124299636432], [-1.061976958172669, 44.851242269112774], [-1.06240969364077, 44.85127185452224], [-1.062836269532074, 44.85133146771744], [-1.063252578336925, 44.85142053468684], [-1.063654611359079, 44.85153819780695], [-1.064038497299158, 44.851683324096385], [-1.064182816464084, 44.8517515658227], [-1.064155957246011, 44.85156220559909], [-1.064154921686528, 44.851252965305555]]]}}, {"type": "Feature", "properties": {"nb_detections_cluster": 1, "frp_max": 2.92, "frp_moyen": 2.92, "derniere_detection": "2026-07-24T02:11:00", "fetch_timestamp": "2026-07-24T02:28:00"}, "geometry": {"type": "Polygon", "coordinates": [[[-1.063874057291649, 44.86272646710486], [-1.064114767717944, 44.86246893336834], [-1.064389809859175, 44.862229418990346], [-1.064696534768994, 44.86201023037636], [-1.065031988515518, 44.86181347817855], [-1.065392940629419, 44.86164105697871], [-1.065775915209985, 44.86149462705211], [-1.066177224389732, 44.86137559838709], [-1.066593003835713, 44.86128511711429], [-1.067019249946183, 44.861224054475656], [-1.067451858385115, 44.861192998439435], [-1.067886663584351, 44.86119224804148], [-1.06831947883388, 44.8612218105073], [-1.068746136575166, 44.86128140118253], [-1.069162528510568, 44.86137044627243], [-1.069564645143511, 44.86148808836428], [-1.06994861436965, 44.86163319467911], [-1.070310738748185, 44.861804367974315], [-1.070647531095143, 44.861999959991735], [-1.070955748056428, 44.86221808732221], [-1.071232421337692, 44.86245664953433], [-1.071474886290503, 44.86271334939299], [-1.071680807579483, 44.862985714973384], [-1.071848201683064, 44.863271123458006], [-1.071975456010748, 44.86356682638766], [-1.072061344452201, 44.86386997612362], [-1.072105039207726, 44.86417765326664], [-1.072106118785275, 44.86448689476836], [-1.072064572086082, 44.86479472246541], [-1.071980798538515, 44.865098171760394], [-1.071855604277855, 44.86539432017468], [-1.071690194407731, 44.86568031549704], [-1.071486161416828, 44.865953403257386], [-1.071245469861528, 44.86621095326084], [-1.070970437461246, 44.866450484925764], [-1.07066371278799, 44.866669691182395], [-1.070328249764554, 44.86686646070057], [-1.069967279216769, 44.867038898232856], [-1.069584277753755, 44.86718534287635], [-1.069182934276071, 44.867304384077144], [-1.068767114434716, 44.86739487522287], [-1.068340823383806, 44.86745594469217], [-1.067908167186403, 44.86748700425428], [-1.067473313245995, 44.86748775473785], [-1.067040450145692, 44.86745818891412], [-1.066613747282907, 44.867398591566456], [-1.066197314689277, 44.867309536745985], [-1.065795163423847, 44.86719188223948], [-1.065411166921869, 44.867046761302895], [-1.06504902367234, 44.866875571740756], [-1.064712221584434, 44.8666799624364], [-1.064404004386586, 44.86646181746329], [-1.064127340382235, 44.866223237930804], [-1.063884893863307, 44.86596652173972], [-1.063678999456775, 44.86569414144242], [-1.063511639651131, 44.86540872042202], [-1.063384425718822, 44.865113007619435], [-1.063298582217809, 44.86480985105279], [-1.063254935220756, 44.8645021703839], [-1.063253904384376, 44.86419292879655], [-1.063295498934343, 44.863885104457445], [-1.063379317603407, 44.86358166183489], [-1.063504552522297, 44.863285523151156], [-1.06366999702491, 44.86299954024347], [-1.063874057291649, 44.86272646710486]]]}}, {"type": "Feature", "properties": {"nb_detections_cluster": 4, "frp_max": 22.52, "frp_moyen": 15.11, "derniere_detection": "2026-07-23T13:55:00", "fetch_timestamp": "2026-07-24T02:28:00"}, "geometry": {"type": "Polygon", "coordinates": [[[-1.070183657361708, 44.87676911977512], [-1.070458743666194, 44.87652958927494], [-1.070765523005532, 44.876310382898815], [-1.071101040923543, 44.876113611469954], [-1.071462066332855, 44.87594116975539], [-1.071845122626915, 44.875794718227915], [-1.072246521151402, 44.875675667083875], [-1.072662396713107, 44.87558516267035], [-1.073088744784867, 44.8755240764521], [-1.073521460049008, 44.8754929966245], [-1.073956375908912, 44.87549222245238], [-1.074389304589201, 44.87552176139021], [-1.074816077439314, 44.87558132901018], [-1.075232585053416, 44.87567035173959], [-1.075634816821245, 44.875787972380934], [-1.076018899529971, 44.875933058361895], [-1.076381134646186, 44.876104212635646], [-1.07671803391969, 44.87629978712718], [-1.077026352966803, 44.876517898596134], [-1.077303122510146, 44.876756446763885], [-1.077545676974265, 44.87701313453054], [-1.077751680161708, 44.87728549008782], [-1.07791914776207, 44.877570890714765], [-1.078046466476864, 44.87786658802783], [-1.07813240957544, 44.878169734442494], [-1.078176148731433, 44.878477410591465], [-1.078177262024866, 44.87878665343606], [-1.078135738031912, 44.87909448479995], [-1.078051975961898, 44.87939794005052], [-1.077926781839193, 44.879694096651775], [-1.077761360765742, 44.87998010231369], [-1.077557305337795, 44.880253202466655], [-1.077506436019147, 44.880307630460656], [-1.077507401435751, 44.88057668022501], [-1.077465872445783, 44.88088451151189], [-1.077382104084153, 44.881187966428136], [-1.077256902435784, 44.88148412244104], [-1.077091472675066, 44.881770127266186], [-1.076887407481893, 44.88204322634202], [-1.076646671722459, 44.882300789364656], [-1.076371583541649, 44.882540335627134], [-1.076064792048493, 44.88275955791909], [-1.075729251809199, 44.882956344755925], [-1.075368194393213, 44.883128800723405], [-1.074985097246302, 44.88327526474105], [-1.074583650190659, 44.88339432606837], [-1.074167719875008, 44.88348483789916], [-1.073741312517675, 44.88354592841275], [-1.073308535302147, 44.883577009175724], [-1.07287355679776, 44.88357778081252], [-1.072440566787647, 44.88354823589059], [-1.07201373589184, 44.88348865899203], [-1.071597175375417, 44.883399623970966], [-1.071194897529776, 44.88328198842345], [-1.070810777009561, 44.88313688542285], [-1.070448513498437, 44.88296571260098], [-1.070111596064006, 44.88277011867987], [-1.069803269545727, 44.8825519875849], [-1.069526503299956, 44.88231342029178], [-1.069283962603275, 44.882056714583406], [-1.069077982989574, 44.88178434291127], [-1.068910547767799, 44.88149892857541], [-1.068783268936482, 44.881203220452434], [-1.06869737167831, 44.880900066515395], [-1.06865368258333, 44.88059238640083], [-1.068652621713307, 44.880283143287194], [-1.068694198582749, 44.87997531535596], [-1.068778012094267, 44.879671867110076], [-1.068903254427853, 44.87937572082595], [-1.069068718845605, 44.879089728414094], [-1.069272811335783, 44.87881664395903], [-1.069323687285418, 44.87876221976208], [-1.069322761118509, 44.87849317008173], [-1.069364332988041, 44.87818534207318], [-1.069448140205378, 44.8778818934927], [-1.069573375011162, 44.877585746619935], [-1.06973883074002, 44.87729975337105], [-1.069942913463915, 44.877026667838635], [-1.070183657361708, 44.87676911977512]]]}}, {"type": "Feature", "properties": {"nb_detections_cluster": 1, "frp_max": 2.91, "frp_moyen": 2.91, "derniere_detection": "2026-07-23T13:55:00", "fetch_timestamp": "2026-07-24T02:28:00"}, "geometry": {"type": "Polygon", "coordinates": [[[-1.019294089121285, 44.88116492977482], [-1.019535083072122, 44.880907491224605], [-1.019810405697424, 44.88066808591989], [-1.020117405350314, 44.88044901921567], [-1.020453125453772, 44.880252400589995], [-1.020814332974174, 44.8800801233384], [-1.021197549552012, 44.87993384634994], [-1.021599084990151, 44.87981497814022], [-1.02201507277754, 44.879724663294766], [-1.022441507306816, 44.87966377145303], [-1.02287428242811, 44.879632888938644], [-1.023309230968632, 44.87963231311659], [-1.023742164838376, 44.87966204953144], [-1.024168915336735, 44.879721811853884], [-1.02458537327289, 44.8798110246364], [-1.02498752851459, 44.87992882885148], [-1.025371508585438, 44.880074090159106], [-1.025733615939792, 44.880245409824155], [-1.02607036355708, 44.880441138178945], [-1.026378508513293, 44.88065939050137], [-1.026655083206738, 44.880898065156295], [-1.026897423937573, 44.88115486382571], [-1.027103196565839, 44.88142731363307], [-1.027270419000734, 44.88171279094958], [-1.027397480304136, 44.88200854665293], [-1.027483156223817, 44.882311732596], [-1.027526621006046, 44.882619429030484], [-1.027527455372935, 44.882928672722045], [-1.027485650586766, 44.88323648548586], [-1.027401608561125, 44.88353990286812], [-1.027276138016753, 44.88383600269724], [-1.027110446718099, 44.884121933229665], [-1.026906129864389, 44.88439494061906], [-1.026665154746156, 44.884652395444334], [-1.026389841814234, 44.88489181804046], [-1.026082842342991, 44.885110902387936], [-1.025747112902465, 44.88530753833064], [-1.025385886885098, 44.8854798319076], [-1.025002643361228, 44.8856261236024], [-1.024601073563507, 44.88574500433423], [-1.024185045323408, 44.88583532903637], [-1.02375856580287, 44.88589622769059], [-1.023325742880748, 44.885927113711446], [-1.022890745566793, 44.8859276895992], [-1.022457763825347, 44.88589794980678], [-1.0220309681967, 44.88583818079328], [-1.021614469606001, 44.88574895826333], [-1.021212279747832, 44.885631141619044], [-1.020828272428884, 44.88548586567812], [-1.020466146241926, 44.88531452973799], [-1.020129388931257, 44.88511878409181], [-1.019821243793398, 44.88490051412614], [-1.019544678437021, 44.884661822154165], [-1.019302356203151, 44.88440500715939], [-1.019096610520918, 44.88413254264571], [-1.018929422445606, 44.88384705280709], [-1.018802401594912, 44.88355128724704], [-1.018716770666494, 44.883248094491485], [-1.018673353685092, 44.88294039455054], [-1.018672568091636, 44.88263115079326], [-1.018714420749506, 44.882323341407016], [-1.018798507905436, 44.88201993071584], [-1.018924019104351, 44.88172384063412], [-1.019089745019475, 44.88143792253092], [-1.019294089121285, 44.88116492977482]]]}}, {"type": "Feature", "properties": {"nb_detections_cluster": 19, "frp_max": 76.63, "frp_moyen": 25.54, "derniere_detection": "2026-07-23T14:12:00", "fetch_timestamp": "2026-07-24T02:28:00"}, "geometry": {"type": "Polygon", "coordinates": [[[-1.008217491480806, 44.88812869406602], [-1.008553299193053, 44.887932110940625], [-1.008914592648411, 44.887759871978275], [-1.009297892660039, 44.88761363569934], [-1.009699508227573, 44.88749481022738], [-1.010115572068557, 44.887404539736444], [-1.010542077843466, 44.887343693438815], [-1.01097491871656, 44.887312857219634], [-1.011409926882051, 44.88731232799809], [-1.011842913675904, 44.88734211087004], [-1.012269709887972, 44.887401919058824], [-1.012686205887287, 44.88749117667529], [-1.013088391175073, 44.88760902426027], [-1.013472392985557, 44.887754327056044], [-1.013834513563667, 44.88792568592803], [-1.014171265761356, 44.88812145083096], [-1.014479406610334, 44.888339736690796], [-1.014755968548254, 44.88857844154945], [-1.01499828799787, 44.88883526679793], [-1.015204031023905, 44.88910773930379], [-1.01537121582036, 44.88939323521956], [-1.015460180152776, 44.889600398315025], [-1.015749134638193, 44.889514890092116], [-1.016165203722304, 44.889424596883906], [-1.016167479250233, 44.88942427213908], [-1.016392882003018, 44.889292296681845], [-1.016754160155892, 44.88912003214769], [-1.017137449029688, 44.8889737687546], [-1.017539057731208, 44.8888549148873], [-1.017955119044046, 44.88876461499322], [-1.018381626652974, 44.88870373856778], [-1.018814473704565, 44.888672871786206], [-1.019249492333538, 44.88867231186201], [-1.019682493775121, 44.88870206418665], [-1.020109308678162, 44.888761842277624], [-1.020525827231771, 44.8888510705356], [-1.020928038720069, 44.888968889784046], [-1.021312070125079, 44.88911416553817], [-1.021674223406854, 44.88928549892376], [-1.022011011102534, 44.88948124014098], [-1.022319189902106, 44.88969950434391], [-1.022595791877879, 44.88993818978296], [-1.022838153067151, 44.890194998036264], [-1.023043939132785, 44.890467456135], [-1.023211167854384, 44.89075294037049], [-1.023338228233073, 44.89104870155381], [-1.023423896025299, 44.891351891484966], [-1.023467345555368, 44.891659590377294], [-1.023468157692042, 44.89196883497275], [-1.023426323911465, 44.89227664707778], [-1.023342246406246, 44.89258006224486], [-1.023216734238636, 44.89287615832373], [-1.023050995573784, 44.893162083606946], [-1.022846626066973, 44.89343508429869], [-1.022605593515746, 44.89369253104238], [-1.022330218924028, 44.893931944250745], [-1.022023154160029, 44.894151017994716], [-1.021687356422664, 44.894347642220325], [-1.021326059762225, 44.8945199230794], [-1.020942743929533, 44.894666201178], [-1.020541100853802, 44.89478506756632], [-1.020124999072421, 44.894875377315735], [-1.020122723346389, 44.89487570214216], [-1.01989730694128, 44.89500768539715], [-1.01953600053749, 44.89517996046964], [-1.019152675531818, 44.895326232421525], [-1.018751023941851, 44.895445092362145], [-1.01833834094429, 44.89553465180962], [-1.018338428116599, 44.89556903963177], [-1.018296563519341, 44.8958768501485], [-1.018212452889311, 44.89618026177154], [-1.018092762613849, 44.896462539297914], [-1.018506137934332, 44.896551090455326], [-1.018908400364141, 44.89666891729901], [-1.019292479228708, 44.896814200383304], [-1.019654676031099, 44.896985540763424], [-1.019991502889371, 44.89718128857219], [-1.020299716116356, 44.897399558900176], [-1.020576347452772, 44.897638249938865], [-1.020818732653088, 44.897895063212395], [-1.021024537148818, 44.89816752570365], [-1.02119177854194, 44.89845301366162], [-1.021318845711382, 44.898748777861506], [-1.021404514348012, 44.8990519700743], [-1.021447958767813, 44.89935967049132], [-1.021448759888566, 44.89966891583985], [-1.02140690929231, 44.899976727919], [-1.021322809333419, 44.90028014228158], [-1.021197269290216, 44.90057623678503], [-1.02103149759617, 44.900862159737024], [-1.020859253561396, 44.90109220160487], [-1.021002562399716, 44.90110204457215], [-1.021429473015325, 44.901161817820594], [-1.021846085699481, 44.901251041471326], [-1.022248388830048, 44.901368856392224], [-1.022632508506721, 44.90151412814014], [-1.022994745839639, 44.90168545787943], [-1.023331612556629, 44.90188119584542], [-1.023639864586743, 44.90209945722347], [-1.023916533297065, 44.90233814029125], [-1.024158954082164, 44.90259494664966], [-1.024364792030869, 44.90286740334819], [-1.024532064422968, 44.90315288669163], [-1.024659159838811, 44.90344864749965], [-1.02474485369718, 44.90375183757594], [-1.024788320071066, 44.90405953713238], [-1.024789139666718, 44.90436878290454], [-1.024747303888136, 44.90467659668758], [-1.024663214946864, 44.9049800140178], [-1.024537682014987, 44.905276112724145], [-1.024371913457358, 44.90556204107383], [-1.024167505216906, 44.90583504524153], [-1.023926425464004, 44.90609249583719], [-1.023650995657017, 44.90633191323644], [-1.023343868195821, 44.90655099146985], [-1.023008000883117, 44.906747620440164], [-1.022646628439279, 44.906919906253584], [-1.022263231345063, 44.9070661894684], [-1.021861502312425, 44.907185061085556], [-1.021445310706769, 44.90727537612602], [-1.021018665263805, 44.9073362646647], [-1.020585675460828, 44.907367140213545], [-1.020150511915279, 44.90736770537369], [-1.019717366192936, 44.90733795470136], [-1.019536715960919, 44.907312661290106], [-1.019416491366027, 44.90736997309852], [-1.01903308277648, 44.907516245187786], [-1.018631343679448, 44.907635105142695], [-1.01821514353731, 44.90772540809654], [-1.017788491168029, 44.90778628424062], [-1.017355496115636, 44.90781714720634], [-1.016920329048147, 44.90781769971597], [-1.016487181565274, 44.90778793644765], [-1.016060225804002, 44.907728144086605], [-1.015643574232115, 44.90763889856233], [-1.015428442202441, 44.90757588910747], [-1.015167110855218, 44.90755792859021], [-1.014740158250692, 44.90749813116105], [-1.014323510486218, 44.90740888069318], [-1.013921180693382, 44.907291036857835], [-1.013537044026817, 44.90714573473457], [-1.013174800325175, 44.90697437387305], [-1.012837938464575, 44.90677860480641], [-1.012529702748391, 44.90656031314684], [-1.012253061657486, 44.90632160141641], [-1.01201067926202, 44.90606476878894], [-1.011804889570183, 44.90579228893812], [-1.011637674060691, 44.90550678620558], [-1.011510642614973, 44.905211010318986], [-1.011425018032198, 44.90490780990372], [-1.011381624275445, 44.90460010504356], [-1.01138087856142, 44.90429085915495], [-1.011422787368902, 44.903983050445696], [-1.011506946403364, 44.903679643233275], [-1.011632544517049, 44.90338355939855], [-1.011798371545764, 44.903097650250324], [-1.012002829985915, 44.90282466907097], [-1.012243950398506, 44.902567244607695], [-1.01251941039099, 44.90232785576444], [-1.012826556993587, 44.90210880773765], [-1.013162432214202, 44.90191220982551], [-1.013523801525576, 44.90173995512404], [-1.01375574719109, 44.90165147292922], [-1.013740036046169, 44.90164034566199], [-1.013463414059768, 44.901401637306336], [-1.013221047374408, 44.90114480770803], [-1.013015269847052, 44.900872330511575], [-1.012848062839347, 44.90058683003309], [-1.012721036150949, 44.90029105597851], [-1.012635412535327, 44.89998785695556], [-1.012592015946365, 44.89968015303464], [-1.012591263628173, 44.899370907623144], [-1.012633162123254, 44.89906309892431], [-1.01271730723651, 44.898759691255485], [-1.012837029447298, 44.898477419320486], [-1.012423648884284, 44.898388847015795], [-1.012021387742639, 44.89827099662884], [-1.011637317732488, 44.898125688341565], [-1.011275138050393, 44.89795432176302], [-1.01093833695581, 44.89775854748144], [-1.010630158166826, 44.89754025115917], [-1.010353569616029, 44.897301535363205], [-1.0101112348676, 44.89704469930653], [-1.009905487470916, 44.89677221669581], [-1.00973830849746, 44.8964867118993], [-1.009611307476942, 44.8961909346645], [-1.009525706915682, 44.89588773362978], [-1.009482330545618, 44.895580028884844], [-1.009481699529595, 44.89531458116102], [-1.009310523084907, 44.89536521982429], [-1.00889439893615, 44.89545548752331], [-1.008467829732654, 44.895516327647684], [-1.008034924217299, 44.89554715417576], [-1.007599852195544, 44.895547670180825], [-1.007166804351449, 44.895517870692615], [-1.006739951862091, 44.89545804274522], [-1.006323406200342, 44.895368762610936], [-1.005921179514153, 44.89525089024672], [-1.005537145964867, 44.89510556100692], [-1.005175004397776, 44.89493417470238], [-1.004838242705139, 44.89473838211131], [-1.004530104225459, 44.8945200690724], [-1.004253556503013, 44.89428133831363], [-1.004011262708691, 44.8940244891921], [-1.003805555997392, 44.893751995540235], [-1.003638417048725, 44.89346648183263], [-1.003511455006913, 44.8931706979026], [-1.003425892002895, 44.89286749245289], [-1.003382551406939, 44.89255978561575], [-1.003381849924049, 44.892250540826595], [-1.003423793607335, 44.89194273628262], [-1.003507977826723, 44.89163933626109], [-1.00363359119224, 44.891343262573635], [-1.003799423393141, 44.891057366431255], [-1.004003876876337, 44.890784400991016], [-1.004244982250855, 44.89052699484857], [-1.004520417269221, 44.89028762673136], [-1.004827529202369, 44.890068601636266], [-1.005163360392231, 44.88987202864059], [-1.005524676735674, 44.88969980060043], [-1.005907998825504, 44.88955357593095], [-1.006309635448813, 44.889434762643944], [-1.006725719120442, 44.8893445047961], [-1.007087770431663, 44.889292867081906], [-1.007189480917296, 44.889117489637854], [-1.007393910849128, 44.888844518123385], [-1.00763499234547, 44.88858710477875], [-1.007910403388771, 44.88834772840084], [-1.008217491480806, 44.88812869406602]]]}}, {"type": "Feature", "properties": {"nb_detections_cluster": 17, "frp_max": 161.66, "frp_moyen": 62.75, "derniere_detection": "2026-07-23T14:12:00", "fetch_timestamp": "2026-07-24T02:28:00"}, "geometry": {"type": "Polygon", "coordinates": [[[-1.041452781026795, 44.89105568419214], [-1.041693715804001, 44.890798196773254], [-1.041968992422596, 44.890558735805584], [-1.042275959678335, 44.890339607180245], [-1.042611661305808, 44.89014292097162], [-1.042972864448986, 44.88997057112605], [-1.043356090790242, 44.88982421723166], [-1.043757650038224, 44.8897052685446], [-1.044173675452474, 44.889614870425405], [-1.044600161063245, 44.889553893315295], [-1.045033000228804, 44.88952292435898], [-1.045468025159741, 44.88952226175382], [-1.045901047030615, 44.88955191187996], [-1.04632789629364, 44.889611589238974], [-1.046744462807215, 44.88970071920147], [-1.047146735393855, 44.88981844353742], [-1.047530840447521, 44.889963628675986], [-1.04789307921938, 44.89013487661549], [-1.048229963423701, 44.89033053837898], [-1.048538248821499, 44.89054872988566], [-1.04881496645895, 44.89078735008606], [-1.049057451259921, 44.89104410118659], [-1.049263367697252, 44.89131651076896], [-1.049430732295368, 44.891601955591774], [-1.04955793274715, 44.89189768684582], [-1.049643743460306, 44.8922008566195], [-1.049687337382895, 44.892508545320396], [-1.049688293993174, 44.892817789788765], [-1.049646603375906, 44.893125611832474], [-1.049562666344853, 44.893429046908466], [-1.049437290609219, 44.893725172674905], [-1.049361567809753, 44.893855928120715], [-1.049740883157283, 44.89388188552765], [-1.050167769431984, 44.89394154821144], [-1.050584374178936, 44.8940306638937], [-1.050986685852572, 44.89414837448192], [-1.051055009227732, 44.89417419471362], [-1.051072642756927, 44.89417293216319], [-1.051507703656077, 44.894172245903654], [-1.05194076459093, 44.89420187252796], [-1.052367655637626, 44.894261526763984], [-1.052784266252314, 44.894350634205004], [-1.053186584832948, 44.89446833683783], [-1.0535707373307, 44.89461350130061], [-1.053933024539978, 44.8947847297908], [-1.054269957708716, 44.8949803735187], [-1.054578292126504, 44.89519854857721], [-1.05480092789693, 44.89539048736819], [-1.05494299183278, 44.89523861959169], [-1.055218233698237, 44.89499912546315], [-1.055525173507328, 44.89477995992467], [-1.055860855258732, 44.89458323340616], [-1.056222046287629, 44.89441084024214], [-1.05660526839288, 44.89426444043786], [-1.057006831323795, 44.89414544369161], [-1.057422868304357, 44.89405499582663], [-1.057849373253391, 44.89399396776321], [-1.058282239342935, 44.89396294713666], [-1.058717298524349, 44.893962232641876], [-1.059150361642454, 44.89399183115863], [-1.059577258752381, 44.894051457685464], [-1.059993879251931, 44.89414053808244], [-1.060396211443927, 44.894258214596796], [-1.060780381148541, 44.89440335411816], [-1.061142688994579, 44.894574559084184], [-1.061479646031341, 44.89477018093167], [-1.061788007318686, 44.8949883359643], [-1.062064803172164, 44.89522692348381], [-1.062307367762589, 44.89548364601141], [-1.062513364794562, 44.895756031403955], [-1.062680810016476, 44.89604145665312], [-1.062808090344844, 44.89633717313822], [-1.062893979418163, 44.89664033308995], [-1.062937649429829, 44.89694801701062], [-1.062938679125256, 44.89725726178659], [-1.062897057885249, 44.89756508922278], [-1.062813185855273, 44.89786853472437], [-1.062687870118348, 44.89816467584915], [-1.062522316947393, 44.898450660456035], [-1.062318120210692, 44.89872373417812], [-1.062077246041262, 44.89898126695561], [-1.061802013917026, 44.899220778372786], [-1.061495074333439, 44.89943996155481], [-1.061159383283159, 44.89963670539379], [-1.060798173788358, 44.899809114889536], [-1.060414924759802, 44.8999555294092], [-1.060013327482834, 44.900074538689], [-1.05959725005337, 44.90016499642399], [-1.059170700107012, 44.900226031314645], [-1.058737786200946, 44.90025705546324], [-1.058302678221372, 44.900257770039566], [-1.057869567198757, 44.90022816816068], [-1.057442624918913, 44.90016853495729], [-1.057025963719892, 44.90007944482586], [-1.056623596862929, 44.89996175589329], [-1.056239399860009, 44.89981660174713], [-1.055877073131385, 44.89964538051179], [-1.055540106353401, 44.899449741375626], [-1.055231744840553, 44.89923156869948], [-1.055009092359258, 44.899039630543584], [-1.054867018980649, 44.89919149858336], [-1.054591755055534, 44.89943099215257], [-1.054284786163953, 44.89965015542758], [-1.053949068580942, 44.89984687749218], [-1.053587835584324, 44.90001926355594], [-1.053204566311326, 44.90016565321166], [-1.052802952242362, 44.900284636435046], [-1.052386861635158, 44.90037506717212], [-1.051960302252306, 44.90043607438339], [-1.05152738274192, 44.90046707043778], [-1.051092273044206, 44.900467756775626], [-1.050659164206183, 44.90043812678602], [-1.050232227992604, 44.90037846587046], [-1.049815576683058, 44.900289348692304], [-1.04941322344347, 44.900171633638955], [-1.049344893522243, 44.90014581234955], [-1.049327258077479, 44.90014707462804], [-1.049320690825556, 44.90014708486982], [-1.049666957994912, 44.90024839151908], [-1.050051140953264, 44.9003935684125], [-1.050413454736841, 44.900564808687015], [-1.050750410337645, 44.90076046343946], [-1.051058762829204, 44.90097864865655], [-1.051335542611588, 44.90121726334944], [-1.051578084010169, 44.901474009777516], [-1.051784050952663, 44.901746415567544], [-1.051951459476998, 44.902031857514665], [-1.052078696852867, 44.902327586837345], [-1.05216453713219, 44.902630755642626], [-1.052208152978062, 44.90293844434743], [-1.052209123657361, 44.90324768979201], [-1.052167439119096, 44.903555513774805], [-1.052083500118221, 44.90385895173412], [-1.051958114382653, 44.90415508130037], [-1.051792488859416, 44.90444105044369], [-1.051588218113618, 44.90471410494607], [-1.051347268991094, 44.90497161493276], [-1.051071961691727, 44.9052111002075], [-1.050764947435107, 44.90543025414724], [-1.050429182933221, 44.90562696592564], [-1.050067901915839, 44.905799340851324], [-1.049684583982763, 44.905945718624366], [-1.049282921083165, 44.906064689334926], [-1.048866781945182, 44.9061551070496], [-1.048440174798939, 44.90621610085424], [-1.048007208752696, 44.90624708324693], [-1.047572054194978, 44.90624775579963], [-1.047138902604977, 44.90621811203422], [-1.046711926159301, 44.9061584374848], [-1.046295237525103, 44.90606930694615], [-1.045892850227856, 44.9059515789343], [-1.045508639976366, 44.90580638741329], [-1.045146307318403, 44.905635130867445], [-1.044809341987296, 44.905439458825235], [-1.044500989283449, 44.9052212559644], [-1.044224218814949, 44.90498262395183], [-1.043981695898495, 44.90472586119368], [-1.043775755896116, 44.90445344069078], [-1.043608381734587, 44.90416798621339], [-1.043481184823675, 44.903872247024545], [-1.043395389556413, 44.903569071396404], [-1.043351821539917, 44.90326137917422], [-1.043350899669255, 44.902952133652896], [-1.043392632119727, 44.90264431303696], [-1.043476616295142, 44.90234088175871], [-1.04360204273155, 44.90204476193101], [-1.043767702917815, 44.90175880520943], [-1.043972000956751, 44.901485765334655], [-1.044201515481371, 44.90124051064189], [-1.043971871043802, 44.90120840647789], [-1.043555223515205, 44.901119265799444], [-1.043152877458274, 44.90100152804423], [-1.042768708184528, 44.90085632727008], [-1.042406415846989, 44.90068506205047], [-1.042069489790586, 44.90048938199743], [-1.041761174937412, 44.90027117186579], [-1.041484440530982, 44.90003253339249], [-1.041241951540676, 44.899775765045916], [-1.041036043001794, 44.899503339880695], [-1.04086869753813, 44.899217881711955], [-1.040741526283128, 44.898922139838305], [-1.040655753382815, 44.89861896255774], [-1.040612204228997, 44.89831126973139], [-1.040611297535196, 44.89800202465995], [-1.040653041330675, 44.89769420554364], [-1.040737032910113, 44.89739077680024], [-1.040862462738391, 44.897094660518256], [-1.041028122271836, 44.89680870831905], [-1.041232415619672, 44.896535673899734], [-1.041473374932489, 44.89627818652039], [-1.041748679368799, 44.89603872569097], [-1.042055677456436, 44.89581959730117], [-1.042391412633064, 44.89562291142314], [-1.042752651719584, 44.895450562000036], [-1.042970225691109, 44.89536747942086], [-1.04262668291961, 44.89520506296505], [-1.042289788991655, 44.89500938391186], [-1.041981503384761, 44.89479117476172], [-1.041704795060789, 44.89455253724213], [-1.04146232873796, 44.89429576981222], [-1.04125643923333, 44.89402334551782], [-1.041089108987461, 44.89373788816573], [-1.040961948987341, 44.893442147046635], [-1.040876183270722, 44.89313897045125], [-1.040832637160357, 44.89283127823413], [-1.04083172934059, 44.89252203369012], [-1.040873467851667, 44.89221421501432], [-1.040957450039294, 44.891910786620336], [-1.041082866458922, 44.891614670593235], [-1.041248508696126, 44.89132871855197], [-1.041452781026795, 44.89105568419214]]]}}]}