{"type": "FeatureCollection", "name": "zone_active", "crs": {"type": "name", "properties": {"name": "urn:ogc:def:crs:OGC:1.3:CRS84"}}, "features": [{"type": "Feature", "properties": {"nb_detections_cluster": 212, "frp_max": 76.43, "frp_moyen": 13.7, "derniere_detection": "2026-07-23T01:05:00", "fetch_timestamp": "2026-07-23T01:05:00"}, "geometry": {"type": "Polygon", "coordinates": [[[-1.135011158999094, 44.812675188744535], [-1.135371580752785, 44.81250254288261], [-1.135754038072073, 44.81235587398666], [-1.136154848069272, 44.8122365943462], [-1.136570151217089, 44.81214585250859], [-1.136995948499078, 44.812084522224815], [-1.137428139900064, 44.81205319404027], [-1.137862563866744, 44.8120521696113], [-1.138295037359345, 44.812081458802034], [-1.138721396109674, 44.81214077958947], [-1.139137534698868, 44.812229560777624], [-1.139539446069874, 44.81234694749484], [-1.139923260095133, 44.81249180942126], [-1.140285280828857, 44.81266275166762], [-1.140622022085899, 44.81285812820065], [-1.140930241005156, 44.81307605768635], [-1.141088043495723, 44.81321199488735], [-1.141099800964534, 44.813201726981134], [-1.141405959044149, 44.812982330069225], [-1.141740851510588, 44.81278534935553], [-1.142101253298389, 44.81261268162252], [-1.142483693805058, 44.812465989519545], [-1.142884490304723, 44.8123466855596], [-1.143299783399997, 44.81225591852418], [-1.143725574171179, 44.812194562406944], [-1.144157762665756, 44.81216320800201], [-1.144592187358392, 44.81216215721824], [-1.145024665202325, 44.81219142017352], [-1.145451031887483, 44.81225071509741], [-1.145867181918628, 44.81233947104301], [-1.14626910812859, 44.81245683338174], [-1.146652940246985, 44.812601672028464], [-1.14701498215388, 44.812772592318105], [-1.147351747460327, 44.812967948428835], [-1.147659993073735, 44.81318585922332], [-1.147797164797997, 44.813304003596045], [-1.147799543803917, 44.81330192563143], [-1.148105676276445, 44.8130825102224], [-1.148440545858936, 44.812885509276825], [-1.148800927706198, 44.812712819772024], [-1.149183351407664, 44.81256610456699], [-1.149584134399208, 44.812446776397174], [-1.149999417413452, 44.81235598427723], [-1.150425201627717, 44.81229460244232], [-1.15085738715259, 44.812263221934245], [-1.151291812491315, 44.812262144913134], [-1.151724294590909, 44.81229138174957], [-1.15215066910034, 44.8123506509246], [-1.152566830449068, 44.81243938173926], [-1.152968771360991, 44.81255671980694], [-1.153352621424226, 44.812701535276254], [-1.153714684346119, 44.81287243370527], [-1.154051473535449, 44.8130677694827], [-1.154359745669734, 44.813285661667], [-1.154486900716776, 44.813395159705394], [-1.154755394537559, 44.81320268903162], [-1.155090241528012, 44.8130056680052], [-1.155450603713923, 44.812832956891114], [-1.155833010873967, 44.81268621875647], [-1.156233780603224, 44.812566866557475], [-1.156649053761957, 44.81247604954022], [-1.157074831622338, 44.812414642179554], [-1.157507014356102, 44.81238323576312], [-1.157941440493352, 44.81238213270049], [-1.158373926973416, 44.81241134361299], [-1.158800309403102, 44.81247058723131], [-1.159216482135639, 44.81255929310256], [-1.159618437785364, 44.81267660708029], [-1.160002305798542, 44.81282139954512], [-1.160364389709752, 44.812992276276624], [-1.160701202725742, 44.81318759187244], [-1.161009501294688, 44.81340546558538], [-1.161286316337903, 44.813643799426515], [-1.161528981843512, 44.81390029836014], [-1.161735160546647, 44.814172492396665], [-1.161902866448704, 44.81445776037096], [-1.161978278765514, 44.81463243498277], [-1.162145018982112, 44.81451288684279], [-1.162479847873238, 44.81431584342527], [-1.162840195750585, 44.814143108230915], [-1.163222592530515, 44.8139963445587], [-1.163623355907985, 44.81387696561079], [-1.164038626804358, 44.81378612089078], [-1.164464406513547, 44.81372468514034], [-1.164896595189461, 44.813693249920426], [-1.16533103130498, 44.81369211791799], [-1.165763531703372, 44.81372130003299], [-1.166189931857458, 44.81378051527341], [-1.166606125949851, 44.81386919345965], [-1.16700810638928, 44.813986480711804], [-1.167392002383387, 44.81413124766782], [-1.167754117197406, 44.814302100352975], [-1.168090963740611, 44.81449739359641], [-1.168399298138421, 44.814715246866214], [-1.168676150967235, 44.814953562370356], [-1.168918855851401, 44.81521004524968], [-1.169125075146925, 44.8154822256693], [-1.169292822464367, 44.81576748259521], [-1.169420481813652, 44.81606306902821], [-1.16950682318582, 44.81636613845207], [-1.169551014420968, 44.816673772241494], [-1.169552629247186, 44.816983007766325], [-1.16951165141217, 44.81729086692128], [-1.169428474866652, 44.817594384806725], [-1.169303899996903, 44.81789063828401], [-1.169139125941515, 44.81817677413063], [-1.168935739065559, 44.81845003652364], [-1.168695697702208, 44.81870779358668], [-1.168421313308037, 44.81894756274434], [-1.168115228212947, 44.819167034639776], [-1.167780390178518, 44.8193640953846], [-1.167420024009675, 44.81953684692662], [-1.167242064047969, 44.819605150203714], [-1.167369626778195, 44.81969527369307], [-1.167504254131021, 44.819811154542215], [-1.167794514687022, 44.81960303492438], [-1.168129354095506, 44.81940597412125], [-1.168489717244794, 44.81923322028273], [-1.168872133904127, 44.81908643688729], [-1.169272921576998, 44.818967037327035], [-1.169688220950809, 44.81887617130407], [-1.170114033045267, 44.81881471376517], [-1.170546257702475, 44.81878325648108], [-1.170980733048895, 44.81878210235123], [-1.171413275550107, 44.81881126248862], [-1.171839720273599, 44.81887045611289], [-1.172255960972918, 44.81895911325253], [-1.172657989608097, 44.819076380230335], [-1.173041934922793, 44.81922112787949], [-1.173404099707407, 44.81939196241112], [-1.17374099639011, 44.819587238829264], [-1.174049380613577, 44.81980507676401], [-1.174202963423533, 44.8199372504992], [-1.174208165138552, 44.8199327044357], [-1.174514230608772, 44.819713215674945], [-1.174849047110469, 44.81951613458452], [-1.175209390309218, 44.819343358913535], [-1.175591790166285, 44.81919655235075], [-1.17599256434688, 44.81907712851137], [-1.17640785366826, 44.81898623733124], [-1.176833659246879, 44.81892475399938], [-1.177265880987544, 44.81889327053496], [-1.177700357044787, 44.818892090089435], [-1.17813290387734, 44.81892122402922], [-1.178559356511009, 44.818980391826194], [-1.178975608623203, 44.81906902375756], [-1.179377652064113, 44.819186266388826], [-1.179761615434895, 44.819330990787634], [-1.180123801352159, 44.81950180338899], [-1.180460722040669, 44.81969705940813], [-1.180769132912028, 44.81991487867156], [-1.18104606380637, 44.82015316371476], [-1.181288847596423, 44.820409619971954], [-1.181495145878438, 44.82068177786466], [-1.181662971502408, 44.820967016575864], [-1.181790707724185, 44.82126258928188], [-1.181877123794505, 44.821565649598696], [-1.181921386834044, 44.82187327898881], [-1.181923069879296, 44.82218251486453], [-1.181882156020841, 44.82249037911726], [-1.181799038593114, 44.82279390679831], [-1.181674517412845, 44.823090174674846], [-1.18150979110134, 44.823376329385695], [-1.181306445563624, 44.82364961492633], [-1.181066438734504, 44.82390739919748], [-1.18079208173772, 44.824147199361754], [-1.18048601663908, 44.82436670576369], [-1.180151191007366, 44.82456380418262], [-1.179790829527866, 44.82473659620347], [-1.179408402941831, 44.82488341750919], [-1.179007594611231, 44.825002853918015], [-1.178592265031175, 44.82509375501107], [-1.178166414632329, 44.82515524521835], [-1.178064070101859, 44.82516270027595], [-1.17811949715812, 44.82517038975153], [-1.178535794427818, 44.82525902351516], [-1.17893788123736, 44.825376267980964], [-1.179321885770339, 44.82552099419885], [-1.179684110247034, 44.82569180858639], [-1.180021066520911, 44.825887066341544], [-1.180329509660891, 44.826104887274155], [-1.180606469196338, 44.8263431739036], [-1.180849277724112, 44.826599631648854], [-1.181055596602165, 44.826871790917075], [-1.181223438482042, 44.827157030878055], [-1.181351186462931, 44.827452604696006], [-1.18143760968219, 44.827755665976234], [-1.1814818751915, 44.82806329617199], [-1.181483556003417, 44.82837253268775], [-1.181442635229875, 44.828680397408824], [-1.181359506271756, 44.828983925381976], [-1.181234969056693, 44.829280193371545], [-1.181070222360289, 44.82956634801527], [-1.180866852283786, 44.829839633309284], [-1.18062681699823, 44.830097417156665], [-1.18035242790136, 44.830337216724125], [-1.1800463273681, 44.83055672236192], [-1.179711463308496, 44.830753819856746], [-1.179351060777952, 44.83092661080244], [-1.17896859091313, 44.8310734308923], [-1.17856773749289, 44.83119286595631], [-1.17815236144669, 44.83128376558844], [-1.177726463652825, 44.83134525423284], [-1.177294146385484, 44.83137673962122], [-1.176859573782804, 44.83137791848061], [-1.176426931717543, 44.83134877945601], [-1.176000387457906, 44.831289603219844], [-1.175584049507993, 44.831200959767024], [-1.175181928015695, 44.831083702921994], [-1.174936767817373, 44.83099130279661], [-1.174716692308934, 44.831227607822626], [-1.174442272470781, 44.831467392864205], [-1.174136142692919, 44.8316868822796], [-1.173801251167142, 44.831883962011716], [-1.173440823213476, 44.83205673382548], [-1.173058330213529, 44.832203533598424], [-1.172657456169067, 44.832322947356204], [-1.172242062208267, 44.832413824898076], [-1.171816149382032, 44.83247529088092], [-1.171383820109392, 44.83250675325472], [-1.170949238644144, 44.83250790896819], [-1.170516590944432, 44.83247874688929], [-1.170090044332728, 44.83241954791249], [-1.169673707335772, 44.83233088225173], [-1.169271590092244, 44.83221360394542], [-1.168887565710417, 44.832068842626], [-1.168525332948819, 44.83189799263434], [-1.168188380580029, 44.8317026995832], [-1.167879953781393, 44.831484844500224], [-1.167726666484857, 44.831352930180294], [-1.167455858614578, 44.83154706193147], [-1.167120944492456, 44.83174412149314], [-1.166760496896077, 44.83191687160036], [-1.166433656798181, 44.83204228697782], [-1.166480380835982, 44.83207529122105], [-1.166757311063658, 44.832313612884924], [-1.167000082176391, 44.83257010143734], [-1.167206355892177, 44.832842286988736], [-1.167374145297211, 44.83312754845567], [-1.167501833995766, 44.83342313879525], [-1.167588191695855, 44.8337262114536], [-1.167632386079915, 44.83403384777426], [-1.16763399084528, 44.83434308510271], [-1.167592989836102, 44.83465094531627], [-1.167509777225877, 44.83495446350509], [-1.167385153747808, 44.83525071652756], [-1.16722031900827, 44.83553685116558], [-1.167016859956472, 44.83581011160782], [-1.166776735620459, 44.836067865996704], [-1.166502258255749, 44.83630763178254], [-1.16619607108754, 44.83652709964095], [-1.165861122860466, 44.83672415572246], [-1.165500639440778, 44.83689690201974], [-1.16511809274443, 44.8370436746561], [-1.164717167290496, 44.837163059918545], [-1.164301724702443, 44.83725390788081], [-1.163875766499658, 44.83731534348464], [-1.163443395538336, 44.83734677497269], [-1.163008776473909, 44.83734789959115], [-1.162576095626741, 44.83731870650748], [-1.162149520638628, 44.837259476914795], [-1.161733160309645, 44.83717078132196], [-1.161331025003198, 44.83705347405566], [-1.161149773044468, 44.836985138984026], [-1.161016611412829, 44.83712805177132], [-1.16074210428755, 44.837367803393164], [-1.160435888841382, 44.83758725543467], [-1.16010091409139, 44.837784294198684], [-1.159740406159366, 44.837957021844666], [-1.15935783719743, 44.83810377467557], [-1.158956891939191, 44.838223139169166], [-1.158541432198931, 44.838313965599184], [-1.1581154596613, 44.83837537911485], [-1.157683077320612, 44.83840678817148], [-1.157248449941935, 44.8384078902314], [-1.15681576392573, 44.83837867467931], [-1.156389186963579, 44.838319422924776], [-1.155972827874558, 44.83823070569013], [-1.155570697010094, 44.838113377510446], [-1.155186667609573, 44.83796856849863], [-1.154824438479735, 44.83779767345486], [-1.154487498358016, 44.83760233842583], [-1.154179092303611, 44.83738444484346], [-1.154079362919724, 44.83729859942445], [-1.153885609543908, 44.83743743154817], [-1.153550612715862, 44.83763445053065], [-1.153190085608379, 44.83780715688934], [-1.15288396088285, 44.83792456299], [-1.153041236009792, 44.83803568317943], [-1.153318138604925, 44.838274038844304], [-1.153560874115826, 44.83853055729583], [-1.153767104603073, 44.838802768356494], [-1.153934843568901, 44.83908805069715], [-1.15406247510306, 44.83938365707376], [-1.154148769463833, 44.839686740777985], [-1.154192894943415, 44.83999438304689], [-1.154194425902541, 44.84030362116858], [-1.154153346896004, 44.84061147701266], [-1.154070052848353, 44.84091498571125], [-1.153945345277032, 44.84121122421411], [-1.153780424598287, 44.841497339442846], [-1.153576878589031, 44.84177057577304], [-1.15333666711487, 44.842028301579205], [-1.153062103270672, 44.84226803458693], [-1.152755831114681, 44.84248746578749], [-1.15242080021025, 44.8426844816844], [-1.152060237220122, 44.84285718465741], [-1.151677614826832, 44.843003911247024], [-1.151276618278741, 44.84312324818381], [-1.150861109884263, 44.84321404600692], [-1.150435091796795, 44.8432754301411], [-1.150002667449485, 44.84330680932467], [-1.149568002012096, 44.843307881307695], [-1.149135282251738, 44.843278635764605], [-1.148708676185063, 44.84321935439384], [-1.148292292911498, 44.843130608202955], [-1.147890143015413, 44.843013252005996], [-1.147506099919466, 44.8428684161857], [-1.147143862562249, 44.842697495800444], [-1.146806919760354, 44.842502137141], [-1.146498516598677, 44.842284221866876], [-1.146379272216531, 44.84218156667186], [-1.146105549751435, 44.84237764460341], [-1.145770496180621, 44.84257464041788], [-1.145409913452264, 44.84274732177954], [-1.145027274439101, 44.84289402543708], [-1.144626264549647, 44.84301333834191], [-1.144210746220882, 44.84310411126464], [-1.143784721701941, 44.84316546986986], [-1.143352294487953, 44.84319682314182], [-1.14291762977631, 44.843197869080136], [-1.142484914327131, 44.84316859761011], [-1.142058316115524, 44.843109290679934], [-1.141641944165221, 44.84302051954333], [-1.141239808951473, 44.842903139254645], [-1.140855783755457, 44.84275828042863], [-1.140493567343278, 44.84258733834526], [-1.140156648329707, 44.84239195950431], [-1.13984827157043, 44.84217402575965], [-1.139695694402579, 44.84204265213774], [-1.139395265350575, 44.84225782500914], [-1.13906018896509, 44.842454800557995], [-1.138699586380906, 44.84262746011159], [-1.138316930662088, 44.84277414062865], [-1.137915907378132, 44.842893429283464], [-1.137500379095101, 44.84298417708023], [-1.137079233012237, 44.84304480669553], [-1.137122067246627, 44.843050763717365], [-1.137538432278175, 44.84313955181085], [-1.137940561449944, 44.84325694551929], [-1.138324582537364, 44.84340181445552], [-1.138686797600934, 44.84357276366276], [-1.139023718584275, 44.84376814704074], [-1.139332100895554, 44.8439860831895], [-1.139608974649222, 44.84422447351885], [-1.13985167326747, 44.84448102244906], [-1.140057859165891, 44.84475325950902], [-1.140225546275844, 44.845038563119175], [-1.140353119186208, 44.8453341858306], [-1.140439348719584, 44.84563728077757], [-1.140483403792259, 44.845944929088766], [-1.140484859442828, 44.84625416799403], [-1.140443700951197, 44.84656201935536], [-1.140360324007303, 44.84686551834793], [-1.140235530926876, 44.84716174201489], [-1.140070522949673, 44.84744783742068], [-1.139866888693404, 44.84772104913168], [-1.139626588873662, 44.84797874575949], [-1.139351937436293, 44.84821844531065], [-1.139045579283326, 44.8484378390986], [-1.138710464806549, 44.84863481398719], [-1.138349821473822, 44.848807472751076], [-1.137967122741704, 44.8489541523566], [-1.137566054594028, 44.849073439986824], [-1.137150480029026, 44.849164186655834], [-1.136724401837614, 44.849225518281024], [-1.136291924032006, 44.849256844106584], [-1.135857212296992, 44.84925786239649], [-1.135424453845705, 44.84922856334232], [-1.134997817067508, 44.84916922915797], [-1.134581411357648, 44.849080431359695], [-1.134179247516553, 44.84896302525866], [-1.133795199101118, 44.848818141718205], [-1.133432965101045, 44.84864717625637], [-1.133096034300429, 44.848451775598086], [-1.132787651668377, 44.84823382180733], [-1.132640207174101, 44.84810685791385], [-1.132345295243483, 44.84831801921854], [-1.132010157987317, 44.8485149738702], [-1.131649494830223, 44.84868761085719], [-1.131266779419793, 44.8488342673556], [-1.130865697900575, 44.84895353077101], [-1.13045011339966, 44.84904425235078], [-1.130024028803719, 44.84910555825395], [-1.129591548186686, 44.849136857972475], [-1.129156837260448, 44.84913785002176], [-1.128724083230347, 44.8491085248462], [-1.128297454443144, 44.84904916491124], [-1.127881060217078, 44.848960341981225], [-1.127478911241915, 44.848842911609324], [-1.127094880931297, 44.84869800489269], [-1.126732668100468, 44.84852701757257], [-1.126395761329537, 44.8483315965844], [-1.12608740535608, 44.84811362418802], [-1.125810569821113, 44.847875199830774], [-1.125567920669658, 44.84761861991906], [-1.12536179448134, 44.847346355693006], [-1.125194175978002, 44.84706102941806], [-1.125066678924596, 44.846765389123], [-1.124980530606684, 44.84646228212798], [-1.124936560033333, 44.84615462761776], [-1.124935189978143, 44.84584538852456], [-1.124976432934112, 44.84553754299154], [-1.125059891020275, 44.84523405569148], [-1.125184759839982, 44.844937849277244], [-1.125349836252646, 44.84465177623874], [-1.125553529983131, 44.84437859143724], [-1.125793878956161, 44.84412092558139], [-1.126068568207272, 44.84388125990015], [-1.126374952187665, 44.84366190225625], [-1.126710080247696, 44.84346496492967], [-1.127070725053417, 44.843292344285075], [-1.127453413662469, 44.843145702518335], [-1.127854460960266, 44.843026451657714], [-1.128270005134826, 44.84293573997344], [-1.128696044849199, 44.84287444092612], [-1.129128477754223, 44.842843144760415], [-1.129563139971557, 44.842842152824296], [-1.129995846167716, 44.842871474669096], [-1.13042242983417, 44.84293082795734], [-1.130838783386646, 44.84301964118009], [-1.131240897698438, 44.84313705915727], [-1.131624900688001, 44.84328195126799], [-1.131987094590023, 44.84345292233237], [-1.132323991551818, 44.84364832603959], [-1.132632347212771, 44.84386628079398], [-1.132779780559179, 44.8439932445231], [-1.133074668152739, 44.8437820823606], [-1.133409773441458, 44.84358512479766], [-1.133770398430392, 44.84341248237732], [-1.134153070367918, 44.8432658175051], [-1.134554104299911, 44.84314654243178], [-1.134969638543024, 44.84305580566073], [-1.135390786985009, 44.84299518405007], [-1.135347952976591, 44.84298922636019], [-1.134931592521423, 44.842900430053724], [-1.134529472189794, 44.84278302545712], [-1.134145465119472, 44.84263814341929], [-1.133783269901904, 44.8424671794438], [-1.133446374947632, 44.84227178024121], [-1.133138024880521, 44.84205382786155], [-1.132861189284831, 44.84181542155939], [-1.132618534106322, 44.84155885756728], [-1.132412395982831, 44.841286606972005], [-1.132244759751337, 44.8410012919078], [-1.132117239347715, 44.84070566029549], [-1.132031062282599, 44.84040255937166], [-1.131987057842097, 44.84009490826261], [-1.131985649126139, 44.83978566986789], [-1.132026849000201, 44.83947782232395], [-1.132110259998345, 44.839174330322976], [-1.132235078177499, 44.83887811656318], [-1.132400100884825, 44.83859203360523], [-1.132603738362422, 44.83831883640593], [-1.13284402907674, 44.838061155793426], [-1.133118658624324, 44.83782147313877], [-1.133424982031258, 44.83760209646815], [-1.13376004923113, 44.837405138244804], [-1.134120633475956, 44.837232495034655], [-1.134503262406441, 44.83708582925084], [-1.134514485571815, 44.837082490893735], [-1.134318367079333, 44.83694385910558], [-1.134146720737633, 44.83679603169334], [-1.133864756737661, 44.83699796975169], [-1.133529692333146, 44.837194928264914], [-1.133169106513551, 44.83736756955289], [-1.132786472181533, 44.83751423075027], [-1.132385474700635, 44.83763349921745], [-1.131969976388393, 44.83772422615305], [-1.131543979301183, 44.837785537664566], [-1.131111586669916, 44.83781684318992], [-1.130676963358841, 44.837817841188595], [-1.130244295729238, 44.8377885220477], [-1.129817751295512, 44.83772916817451], [-1.129401438563277, 44.837640351275006], [-1.128999367437251, 44.83752292684425], [-1.128615410581163, 44.8373780259222], [-1.128253266102711, 44.83720704419427], [-1.127916421923655, 44.83701162854206], [-1.127608122178739, 44.83679366117395], [-1.127432195499649, 44.83664212076], [-1.127144470318408, 44.83684815037202], [-1.126809383249711, 44.837045088584894], [-1.126448777742769, 44.83721770802833], [-1.126066126889946, 44.83736434604741], [-1.125665116213985, 44.8374835902257], [-1.125249608159586, 44.83757429199584], [-1.124823604877008, 44.8376355777077], [-1.124391209656869, 44.83766685704769], [-1.123956587388371, 44.837667828727525], [-1.123523924422751, 44.83763848338778], [-1.123097388229469, 44.83757910368817], [-1.122681087234735, 44.83749026158336], [-1.122279031230155, 44.837372812811246], [-1.121895092733745, 44.83722788864619], [-1.121532969676291, 44.8370568849975], [-1.121196149773142, 44.83686144895789], [-1.120887876925138, 44.8366434629321], [-1.120698594949701, 44.8364803897443], [-1.120394182635843, 44.83669833178223], [-1.120059072800356, 44.83689524960273], [-1.119698447516613, 44.83706784710289], [-1.119315780067549, 44.83721446183914], [-1.119213112763545, 44.83724498382781], [-1.119512469768275, 44.83745667206927], [-1.119789227238548, 44.837695111324535], [-1.120031807139515, 44.837951703038925], [-1.120237873029824, 44.838223976329296], [-1.120405439996374, 44.83850930926706], [-1.120532893784949, 44.838804954120825], [-1.120619006365298, 44.83910806381144], [-1.120662947780045, 44.83941571932553], [-1.120664294162458, 44.83972495782343], [-1.12062303184492, 44.840032801170906], [-1.12053955751749, 44.84033628462023], [-1.120414674434043, 44.84063248536411], [-1.120249584701442, 44.840918550687626], [-1.120045877725108, 44.84119172544679], [-1.119805514921352, 44.84144937860899], [-1.11953081084298, 44.84168902859933], [-1.119224410899358, 44.841908367208525], [-1.118889265885098, 44.84210528183184], [-1.118528603562462, 44.8422778758243], [-1.118145897571161, 44.84242448677612], [-1.11774483396514, 44.84254370253159], [-1.11732927569903, 44.842634374797086], [-1.116903225406842, 44.84269563020668], [-1.116470786832092, 44.84272687873863], [-1.116036125281664, 44.84272781940142], [-1.115603427485228, 44.842698443134424], [-1.115176861247781, 44.842639032895164], [-1.114760535284939, 44.842550160932554], [-1.114358459628794, 44.842432683272015], [-1.113974506986606, 44.84228773146621], [-1.113612375425347, 44.84211670169064], [-1.113275552742182, 44.84192124128966], [-1.112967282864612, 44.84170323290263], [-1.112815748415165, 44.841572665527224], [-1.112514126416954, 44.84178854754683], [-1.112178958598103, 44.84198544189881], [-1.111818276430409, 44.8421580140782], [-1.111435553744807, 44.8423046018853], [-1.111034476756115, 44.84242379338733], [-1.110618908547929, 44.84251444052425], [-1.110288366446183, 44.84256194369017], [-1.110353515908054, 44.84257102052196], [-1.110769835053084, 44.84265990901614], [-1.111171904830694, 44.842777399685744], [-1.111555853587968, 44.84292236120996], [-1.11191798408158, 44.843093397740425], [-1.11225480906917, 44.84328886233593], [-1.112563084882923, 44.84350687281446], [-1.112839842662446, 44.84374532986991], [-1.113082416946357, 44.844001937279934], [-1.113288471347224, 44.8442742240102], [-1.11345602106241, 44.84455956800267], [-1.113583452003645, 44.844855221419394], [-1.113669536360518, 44.84515833709879], [-1.113713444447271, 44.84546599596974], [-1.113714752717969, 44.84577523516022], [-1.113673447871874, 44.846083076529276], [-1.113589927008501, 44.84638655534819], [-1.113464993829792, 44.8466827488542], [-1.113299850924999, 44.84696880440205], [-1.1130960882116, 44.84724196694193], [-1.112855667642703, 44.847499605558816], [-1.112580904327475, 44.84773923881788], [-1.11227444424586, 44.84795855867097], [-1.111939238771749, 44.84815545269396], [-1.111578516249822, 44.84832802444029], [-1.11119575089971, 44.848474611714444], [-1.110794629347201, 44.848593802588745], [-1.110379015105178, 44.84868444900921], [-1.109983633527235, 44.848741263303694], [-1.110053649253137, 44.84875101726349], [-1.110470013727066, 44.848839907060835], [-1.110872127113363, 44.84895739905235], [-1.111256117339243, 44.849102361904464], [-1.111618286762097, 44.84927339975605], [-1.11195514776471, 44.849468865653186], [-1.11226345633245, 44.84968687740131], [-1.112391634001464, 44.8497973057239], [-1.112665204812412, 44.84960152909214], [-1.113000416371382, 44.84940463278459], [-1.113361141438613, 44.84923205635723], [-1.113743906299069, 44.84908546158014], [-1.114145025104104, 44.84896626002908], [-1.11456063535336, 44.84887559949947], [-1.114986735073812, 44.84881435295936], [-1.115419221338636, 44.84878311014778], [-1.115853929755804, 44.84878217189902], [-1.116286674547049, 44.84881154724737], [-1.116713288832249, 44.84887095334023], [-1.117129664732301, 44.84895981816023], [-1.117531792905271, 44.849077286030415], [-1.117915801136057, 44.84922222584951], [-1.118277991608754, 44.84939324197815], [-1.118614876503532, 44.84958868767163], [-1.118923211575782, 44.849806680929916], [-1.11906525808474, 44.84992903629975], [-1.119354921118535, 44.8497217088941], [-1.119690109943953, 44.84952479237748], [-1.12005081522851, 44.84935219420431], [-1.120433563447577, 44.849205576354045], [-1.120834668912676, 44.84908635062465], [-1.121250269251839, 44.84899566504436], [-1.121676362587415, 44.848934392822436], [-1.122108846054026, 44.8489031239452], [-1.122543555286575, 44.848902159497925], [-1.12297630449894, 44.848931508767194], [-1.123402926768448, 44.848990889151466], [-1.123819314139153, 44.849079728880945], [-1.124221457158718, 44.8491971725203], [-1.124605483469144, 44.84934208920152], [-1.124967695080513, 44.84951308350811], [-1.125304603969527, 44.84970850890548], [-1.125612965660615, 44.849926483589066], [-1.125889810466575, 44.85016490859752], [-1.126132472088105, 44.850421488017126], [-1.126338613296822, 44.850693751083135], [-1.126506248454185, 44.850979075965476], [-1.126633762649123, 44.85127471501032], [-1.126719927269442, 44.851577821194525], [-1.126763911856347, 44.85188547553853], [-1.126765292127052, 44.85219471521398], [-1.126724054087264, 44.85250256207531], [-1.126640594192913, 44.852806051341005], [-1.126515715558542, 44.8531022601478], [-1.126350620247846, 44.853388335703144], [-1.126146897719674, 44.85366152276454], [-1.125906509539842, 44.85391919018093], [-1.12563177050532, 44.85415885624013], [-1.125325326361953, 44.85437821257811], [-1.124990128329908, 44.854575146419386], [-1.124629404681994, 44.85474776093393], [-1.124246629648531, 44.85489439351427], [-1.123845489948462, 44.85501363179638], [-1.123429849269385, 44.85510432726964], [-1.12300371103919, 44.855165606344606], [-1.122571179848529, 44.85519687877161], [-1.122136421896513, 44.85519784332893], [-1.121703624841519, 44.85516849072578], [-1.121276957444789, 44.855109103691824], [-1.120860529396484, 44.855020254252345], [-1.120458351712156, 44.85490279821594], [-1.120074298081951, 44.854757866926924], [-1.119712067545673, 44.85458685636319], [-1.119375148853891, 44.854391413684105], [-1.119066786858893, 44.854173421358354], [-1.118924729612446, 44.854051065822745], [-1.118635042663151, 44.85425839239567], [-1.118299821889488, 44.854455306027305], [-1.117939078451331, 44.85462789879489], [-1.117556286769703, 44.85477450830044], [-1.117155133723969, 44.85489372240209], [-1.116739483130343, 44.85498439282219], [-1.116343840957436, 44.85504126189548], [-1.116413422167389, 44.85505095011581], [-1.116829843407703, 44.85513981623794], [-1.11723201520071, 44.85525728542866], [-1.117616064911329, 44.85540222657397], [-1.117978294324265, 44.855573244021805], [-1.118315215244726, 44.85576869101471], [-1.118623583081182, 44.85598668554014], [-1.118900428087122, 44.85622512844567], [-1.11914308396117, 44.856481723645246], [-1.119349213530119, 44.85675400022212], [-1.119516831267341, 44.85703933621606], [-1.119644322429336, 44.85733498386623], [-1.119730458625534, 44.85763809606656], [-1.119774409670691, 44.85794575377951], [-1.119775751604875, 44.85825499414422], [-1.119734470802842, 44.858562839008485], [-1.11965096413222, 44.85886632360996], [-1.119526035157937, 44.85916252513023], [-1.119360886428438, 44.85944859084691], [-1.119157107916997, 44.85972176561223], [-1.118916661728599, 44.859979418393465], [-1.118641863218926, 44.8602190676194], [-1.11833535870669, 44.86043840508812], [-1.118000099993568, 44.86063531820583], [-1.117639315936911, 44.8608079103421], [-1.117256481348981, 44.86095451910497], [-1.116855283522449, 44.86107373235985], [-1.116439586704898, 44.861164401837144], [-1.116013394865058, 44.861225654197824], [-1.115580813110058, 44.861256899449494], [-1.115146008126144, 44.86125783663223], [-1.114713168024791, 44.86122845671892], [-1.114286461981922, 44.86116904270223], [-1.113870000059977, 44.86108016686743], [-1.113467793600788, 44.860962685277286], [-1.113083716571639, 44.86081772952229], [-1.11272146823766, 44.86064669581597], [-1.112384537520767, 44.86045123154057], [-1.112076169388963, 44.860233219372766], [-1.11179933360011, 44.859994759143014], [-1.111556696101373, 44.859738147603096], [-1.111350593359808, 44.85946585629774], [-1.111183009871084, 44.85918050775315], [-1.111055559062546, 44.8588848502125], [-1.110969467774005, 44.85858173116193], [-1.110925564464931, 44.85827406990225], [-1.110924271260784, 44.857964829430614], [-1.110965599914138, 44.857656987903326], [-1.111049151718469, 44.8573535099545], [-1.111174121374381, 44.85705731814689], [-1.111339304770063, 44.85677126482965], [-1.111543110600034, 44.856498104674024], [-1.111783575709476, 44.85624046815127], [-1.112058384015581, 44.85600083620783], [-1.112364888823165, 44.85578151638148], [-1.112700138319201, 44.855584620588], [-1.113060904000547, 44.85541204479208], [-1.113443711761091, 44.855265450757685], [-1.113844875339127, 44.85514625005345], [-1.11426053180322, 44.85505559046665], [-1.114656176186352, 44.85499872881792], [-1.114586595344225, 44.85498903949634], [-1.114170178771291, 44.85490016496389], [-1.113768015939506, 44.85478268469448], [-1.113383980395894, 44.854637730265935], [-1.113021771005976, 44.85446669787901], [-1.112684876316559, 44.8542712349032], [-1.112376540948656, 44.85405322400271], [-1.112248353596896, 44.8539427955109], [-1.11197476018786, 44.85413857138979], [-1.111639516780258, 44.854335464901], [-1.111278753646718, 44.854508036017904], [-1.110895945398045, 44.85465462255102], [-1.110494779073258, 44.8547738125798], [-1.110079118616529, 44.85486445805844], [-1.109652967646347, 44.854925685879], [-1.109220430876145, 44.854956906285494], [-1.108785674558808, 44.85495781855732], [-1.108352886336966, 44.85492841390727], [-1.10792623488674, 44.85486897556633], [-1.107509829744626, 44.85478007605404], [-1.107107681705442, 44.85466257166122], [-1.106723664173658, 44.85451759419798], [-1.106361475841236, 44.854346540086944], [-1.106024605052078, 44.85415105690688], [-1.105716296196905, 44.853933027516554], [-1.10557928944915, 44.853814980905035], [-1.105294476863327, 44.85401875090502], [-1.104959210754157, 44.854215624234], [-1.104598427866434, 44.85438817363399], [-1.104215603001318, 44.85453473712467], [-1.103814423357948, 44.85465390300746], [-1.103398753008845, 44.85474452346907], [-1.103024255864977, 44.85479830660763], [-1.103044145611789, 44.85480107847407], [-1.103460543840689, 44.85488999473759], [-1.103862685877651, 44.85500751235094], [-1.10424669937399, 44.855152499733855], [-1.104608886462972, 44.855323560788946], [-1.104945759357189, 44.85551904833892], [-1.105254073927396, 44.85573707998064], [-1.105530860939825, 44.85597555620423], [-1.105773454651378, 44.856232180602724], [-1.10597951848729, 44.85650448197816], [-1.106147067553783, 44.856789838131455], [-1.10627448776853, 44.85708550110753], [-1.10636055142409, 44.85738862365264], [-1.106404429033742, 44.85769628662957], [-1.106405697344736, 44.858005527126686], [-1.106364343440863, 44.85831336699041], [-1.106280764893813, 44.858616841506446], [-1.106155765960821, 44.85891302795346], [-1.105990549864204, 44.85919907375414], [-1.105786707226193, 44.85947222395246], [-1.105546200769549, 44.859729847752284], [-1.105271346430587, 44.85996946386141], [-1.104964791065923, 44.86018876439685], [-1.104629486967207, 44.860385637120515], [-1.104268663429111, 44.86055818579099], [-1.103885795644341, 44.86070474843497], [-1.103484571225468, 44.86082391336205], [-1.103068854676338, 44.860914532768106], [-1.102649198796593, 44.860974793454794], [-1.102694281777787, 44.86098107576426], [-1.103110725274677, 44.86106999351652], [-1.103512910832841, 44.86118751263029], [-1.103896965684566, 44.86133250151081], [-1.104259191564926, 44.861503564046345], [-1.104596100312985, 44.8616990530453], [-1.104904447454228, 44.861917086090585], [-1.105049853661427, 44.862042354187174], [-1.105344858320394, 44.861831323112455], [-1.105680168542896, 44.86163444813712], [-1.106040994659078, 44.86146189481978], [-1.106423861980983, 44.86131532470802], [-1.106825083673481, 44.86119614914007], [-1.107240796245659, 44.86110551566113], [-1.107666996739393, 44.86104429697876], [-1.108099581257691, 44.861013082563794], [-1.10853438446261, 44.861012172977055], [-1.108967219663336, 44.86104157697688], [-1.10939391910933, 44.86110101143476], [-1.109810374101577, 44.861189904060204], [-1.110212574536624, 44.86130739890852], [-1.110596647503573, 44.86145236461864], [-1.110958894563137, 44.86162340530191], [-1.111295827350524, 44.86181887397719], [-1.111604201159827, 44.8620368884231], [-1.111881046186886, 44.862275349295395], [-1.112123696129974, 44.86253196033495], [-1.112329813872828, 44.862804250472465], [-1.112497414002525, 44.863089597617105], [-1.11262488194494, 44.8633852539006], [-1.112710989532925, 44.863688372133716], [-1.112754906856562, 44.86399603322077], [-1.1127562102805, 44.864305274268354], [-1.112714886550221, 44.864613117117656], [-1.112631332946647, 44.864916597025655], [-1.112506353486606, 44.86521279121914], [-1.112341151204689, 44.865498847046204], [-1.11213731658989, 44.86577200945432], [-1.111896812287519, 44.86602964752975], [-1.111621954212982, 44.866269279842875], [-1.111315389258727, 44.86648859835462], [-1.110980069808644, 44.866685490653765], [-1.110619225305164, 44.866858060310406], [-1.11023633114286, 44.867004645149066], [-1.10983507518832, 44.86712383326557], [-1.109419322249131, 44.86721447663248], [-1.108993076834698, 44.86727570216225], [-1.10856044456829, 44.8673069201209], [-1.108125592622781, 44.86730782981143], [-1.107692709562063, 44.867278422471514], [-1.107265964975904, 44.867218981358036], [-1.106849469298032, 44.86713007901721], [-1.106447234195424, 44.86701257176713], [-1.106063133911235, 44.866867591445434], [-1.105700867934537, 44.86669653450229], [-1.105363925357097, 44.86650104854371], [-1.105055551261051, 44.866283016455256], [-1.104910134060411, 44.86615774819645], [-1.104615105039048, 44.86636877840765], [-1.104279762812677, 44.86656565046402], [-1.103918898489635, 44.8667381983386], [-1.103535987655478, 44.86688476006574], [-1.103134718337452, 44.867003923963836], [-1.102718955471923, 44.867094542238725], [-1.102292703663955, 44.86715574204451], [-1.101860068598437, 44.86718693389508], [-1.101425217475218, 44.86718781734483], [-1.100992338850269, 44.86715838388423], [-1.100565602270617, 44.86709891702172], [-1.100149118092831, 44.867009989551576], [-1.099746897873069, 44.86689245803393], [-1.099362815711072, 44.86674745454014], [-1.099000570921282, 44.86657637574357], [-1.098663652391316, 44.86638086946073], [-1.0983553049716, 44.86616281877287], [-1.098226482424248, 44.86605182644191], [-1.09796482234122, 44.866238957092335], [-1.097629457576083, 44.866435809054906], [-1.097268573654061, 44.86660833530814], [-1.096885646349563, 44.86675487409467], [-1.096484363848551, 44.866874013953826], [-1.096068591214433, 44.86696460732297], [-1.095642333146412, 44.86702578159616], [-1.095209695389709, 44.86705694753312], [-1.094774845170113, 44.86705780493793], [-1.094341971034885, 44.86702834555185], [-1.09391524248779, 44.86696885313313], [-1.093498769807994, 44.866879900722154], [-1.093096564440853, 44.86676234511928], [-1.092712500342983, 44.86661731862787], [-1.092350276654761, 44.866446218142784], [-1.092013382060472, 44.86625069168942], [-1.091705061179913, 44.86603262254331], [-1.091571955865892, 44.86591792027254], [-1.091304539208763, 44.86610913602931], [-1.090969151872292, 44.86630596786645], [-1.090608248323216, 44.866478472464635], [-1.090225304525076, 44.866624988275014], [-1.089824008822771, 44.86674410405825], [-1.089408226406927, 44.8668346724836], [-1.088981962071017, 44.86689582118533], [-1.088549321620665, 44.8669269611695], [-1.088114472307621, 44.866927792490166], [-1.087681602670416, 44.866898307139884], [-1.08725488216947, 44.86683878912691], [-1.086838421006411, 44.866749811738224], [-1.086436230515615, 44.86663223201473], [-1.086052184510347, 44.86648718249214], [-1.08568998195664, 44.86631606028714], [-1.085353111335133, 44.86612051363429], [-1.085044817034635, 44.86590242600369], [-1.084909239144025, 44.865785572665274], [-1.084624255758227, 44.86598931549462], [-1.08428884572308, 44.866186127145184], [-1.0839279224239, 44.86635861002263], [-1.08354496201454, 44.866505102787315], [-1.083143652999975, 44.86662419442186], [-1.082727860699113, 44.86671473782813], [-1.082424153189387, 44.86675828669876], [-1.082445494388188, 44.86676126433136], [-1.082861948674896, 44.866850258196855], [-1.083264133242757, 44.86696785087516], [-1.083648175333442, 44.86711291006317], [-1.084010376804706, 44.867284038972095], [-1.084347249730407, 44.86747958977118], [-1.084655549980697, 44.867697679448206], [-1.084932308459357, 44.86793620793443], [-1.085174859697665, 44.8681928783195], [-1.085380867529447, 44.86846521896254], [-1.085548347599803, 44.868750607286245], [-1.085675686490405, 44.86904629502563], [-1.08576165727656, 44.86934943468837], [-1.085805431365509, 44.86965710697224], [-1.085806586501095, 44.86996634887584], [-1.085765110856753, 44.870274182231974], [-1.085681403176374, 44.87057764238883], [-1.08555626896068, 44.8708738067633], [-1.085390912734785, 44.87115982299044], [-1.085186926470487, 44.87143293639899], [-1.084946274273883, 44.871690516547034], [-1.084671273485064, 44.87193008256271], [-1.084364572371339, 44.87214932704545], [-1.084029124628364, 44.87234613829691], [-1.0836681609346, 44.87251862066777], [-1.083285157832984, 44.87266511282324], [-1.082883804239727, 44.872784203751834], [-1.082467965903171, 44.872874746362164], [-1.082041648155528, 44.872935868537205], [-1.081608957316996, 44.8729669815385], [-1.08117406112476, 44.87296778567997], [-1.080741148568979, 44.87293827321602], [-1.080314389523523, 44.87287872841605], [-1.079897894561322, 44.87278972482505], [-1.079495675342313, 44.87267211973631], [-1.079111605956446, 44.87252704592984], [-1.078749385594909, 44.87235590075624], [-1.078412502909784, 44.87216033267129], [-1.078104202405967, 44.87194222535149], [-1.077958332567221, 44.87181649222067], [-1.077674287921689, 44.872019506755684], [-1.077338817504913, 44.872216297788256], [-1.076977834095304, 44.872388758404014], [-1.07659481442578, 44.872535227477734], [-1.076193447572211, 44.87265429422019], [-1.075777599410723, 44.87274481177303], [-1.075438878026688, 44.872793354070154], [-1.07549598761279, 44.872801325169824], [-1.07591247568273, 44.87289034527093], [-1.076314688959423, 44.87300796334632], [-1.076698754408081, 44.87315304684831], [-1.077060973661488, 44.873324198754005], [-1.0773978586222, 44.87351977101123], [-1.077706165044372, 44.87373788040109], [-1.077982923772221, 44.87397642666497], [-1.07822546933448, 44.87423311272135], [-1.078431465619461, 44.8745054667784], [-1.078598928383285, 44.874790866129594], [-1.078726244374099, 44.87508656240374], [-1.078812186887553, 44.87538970802629], [-1.078855927602983, 44.87569738363755], [-1.078857044585465, 44.87600662620407], [-1.078815526375716, 44.87631445755216], [-1.078731772127431, 44.876617913049394], [-1.078606587789713, 44.876914070157405], [-1.078441178370324, 44.87720007658126], [-1.078237136353319, 44.87747317774406], [-1.077996426381743, 44.87773074332176], [-1.077721366352149, 44.87797029258285], [-1.077414605102456, 44.87818951828805], [-1.077079096907586, 44.87838630891989], [-1.076718073028335, 44.87855876902764], [-1.076335010587429, 44.87870523749091], [-1.075933599072738, 44.8788243035264], [-1.075517704790609, 44.87891482028252], [-1.075176982001541, 44.8789636432982], [-1.075582655798228, 44.87905034390431], [-1.075984912515639, 44.87916796340309], [-1.076369019252672, 44.87931304832786], [-1.076731277244561, 44.879484201642], [-1.077068198020842, 44.87967977527972], [-1.077376536990775, 44.879897886008905], [-1.077523548200193, 44.880024586933274], [-1.077795044173785, 44.87983056924087], [-1.078130558490133, 44.87963377635659], [-1.078491584943266, 44.8794613115988], [-1.078874646916498, 44.87931483566222], [-1.079276055700758, 44.87919575897825], [-1.079691946003999, 44.87910522813989], [-1.0801183131571, 44.879044114866375], [-1.080551051658649, 44.879013007613516], [-1.080985994688304, 44.87901220591031], [-1.081418954209112, 44.87904171747626], [-1.081845761273614, 44.879101258147166], [-1.082262306146599, 44.879190254609775], [-1.082664577859123, 44.87930784991955], [-1.08304870281382, 44.879452911748054], [-1.083410982070581, 44.87962404328106], [-1.083747926954259, 44.87981959666257], [-1.084056292642062, 44.880037688855495], [-1.084333109407561, 44.88027621976684], [-1.084575711220634, 44.88053289246294], [-1.084781761427916, 44.88080523528064], [-1.084949275266228, 44.8810906256217], [-1.085076638991816, 44.88138631520171], [-1.085162625440548, 44.881689456510614], [-1.085206405868538, 44.88199713023034], [-1.085207557958279, 44.88230637334568], [-1.085166069912227, 44.88261420767767], [-1.085082340593408, 44.882917668565234], [-1.084957175710652, 44.88321383341808], [-1.084791780084164, 44.88349984986679], [-1.084587746064978, 44.88377296323785], [-1.084347038218931, 44.884030543089764], [-1.084071974421941, 44.884270108553494], [-1.083765203548068, 44.88448935223376], [-1.083429679964805, 44.884686162440005], [-1.083068635081067, 44.88485864353288], [-1.082685546221818, 44.885005134189996], [-1.082284103129345, 44.88512422341422], [-1.081868172414137, 44.88521476413064], [-1.081441760298328, 44.885275884240386], [-1.08100897401122, 44.885306995024976], [-1.080573982209527, 44.88530779681967], [-1.080140974804484, 44.885278281901435], [-1.079714122583717, 44.88521873456334], [-1.079297537017763, 44.8851297283748], [-1.078895230639375, 44.88501212065415], [-1.07851107837811, 44.88486704420677], [-1.078148780223454, 44.88469589640867], [-1.077811825576787, 44.88450032574091], [-1.077503459636087, 44.88428221590488], [-1.077356437322144, 44.88415551478448], [-1.07708491891578, 44.884349531668214], [-1.076749372748949, 44.884546321685036], [-1.07638830824049, 44.884718781054694], [-1.076005202904472, 44.88486524866396], [-1.075603746641959, 44.88498431373773], [-1.075187806190359, 44.88507482943368], [-1.074761387865634, 44.88513592389398], [-1.074328598956925, 44.88516700864717], [-1.073893608146214, 44.88516778427923], [-1.073460605335189, 44.885138243319155], [-1.073033761267206, 44.885078670310875], [-1.07261718733424, 44.884989639071044], [-1.072214895956944, 44.88487200715928], [-1.071830761920318, 44.88472690761397], [-1.071468485038234, 44.88455573803358], [-1.071131554507098, 44.884360147109], [-1.070823215292522, 44.884142018736696], [-1.070700920821054, 44.88403660924457], [-1.070444636455212, 44.884219710018364], [-1.070109067787773, 44.88441647996585], [-1.069747983715834, 44.884588917741624], [-1.069364861941982, 44.884735362440445], [-1.068963392525685, 44.88485440350787], [-1.068547442331108, 44.8849448943328], [-1.068121017768108, 44.88500596329698], [-1.067688226185945, 44.885037022174494], [-1.067253236292369, 44.8850377718006], [-1.066820237980235, 44.88500820495478], [-1.066393401949544, 44.88494860643026], [-1.065976839514821, 44.88485955028951], [-1.065574562985915, 44.884741894331995], [-1.065190447004746, 44.884596771827674], [-1.064828191211198, 44.88442558059616], [-1.064491284598474, 44.8842299695369], [-1.064182971901727, 44.88401182274023], [-1.064060928053202, 44.8839066110056], [-1.063804353974843, 44.88408988835205], [-1.06346876280927, 44.88428663822878], [-1.063107659176497, 44.884459054409454], [-1.0627245209676, 44.88460547619678], [-1.062323038400417, 44.884724493257046], [-1.06190707846585, 44.88481495921033], [-1.061599439413709, 44.8848589978454], [-1.061616972885147, 44.88486144684436], [-1.062033528416746, 44.88495051933644], [-1.062435799018641, 44.88506818812655], [-1.062819911104014, 44.885213320178686], [-1.063182165856474, 44.88538451800243], [-1.063519074836591, 44.88558013310338], [-1.063827393567019, 44.8857982818501], [-1.064104152773195, 44.88603686360494], [-1.064346686978945, 44.8862935809446], [-1.064552660181609, 44.88656596177591], [-1.064720088359228, 44.88685138313448], [-1.064847358592649, 44.887147096437054], [-1.0649332446178, 44.88745025394507], [-1.064976918657658, 44.88775793618428], [-1.064977959419076, 44.88806718005732], [-1.064936356176516, 44.88837500737783], [-1.06485250890234, 44.88867845355205], [-1.064727224441354, 44.88897459613136], [-1.064561708765442, 44.88926058296067], [-1.064357555381933, 44.889533659651676], [-1.064116730006425, 44.88979119611599], [-1.063841551646985, 44.89003071190242], [-1.063534670281293, 44.89024990009408], [-1.063199041341301, 44.89044664953473], [-1.062837897250948, 44.89061906517035], [-1.062454716290999, 44.890765486308894], [-1.062053189091098, 44.890884502622846], [-1.061637183072096, 44.89097496773955], [-1.061210705181663, 44.891036010288325], [-1.060777863282818, 44.89106704229773], [-1.060342826568061, 44.89106776486181], [-1.059909785381309, 44.891038171020675], [-1.059482910835597, 44.89097854582763], [-1.059066314616464, 44.89088946360201], [-1.058664009359177, 44.890771782394495], [-1.058279869982349, 44.890626635718284], [-1.057917596351158, 44.8904554216258], [-1.057580677630541, 44.89025978923664], [-1.057272358672161, 44.89004162284662], [-1.057162670362065, 44.88994705573477], [-1.056934388877292, 44.89011007732946], [-1.056598737639361, 44.89030680681821], [-1.056237574176071, 44.89047920098698], [-1.055854376954868, 44.89062559935049], [-1.0554528367621, 44.89074459180061], [-1.055036821143823, 44.89083503219449], [-1.05469729032712, 44.890883609122454], [-1.055104054142342, 44.89097060632755], [-1.055506353360586, 44.891088300435335], [-1.055890488724685, 44.89123345672363], [-1.056252761194045, 44.891404677468614], [-1.056589682158554, 44.89160031395522], [-1.056898007025361, 44.891818482346], [-1.057174766460683, 44.89205708181417], [-1.05741729498599, 44.89231381476582], [-1.057623256653157, 44.89258620895741], [-1.057790667551131, 44.89287164129585], [-1.05791791492698, 44.89316736309215], [-1.058003772736566, 44.893470526525846], [-1.058047413474412, 44.89377821206566], [-1.058048416167915, 44.89408745658234], [-1.058006770458003, 44.89439528188333], [-1.057922876725893, 44.894698723394235], [-1.057797542263717, 44.894994858711314], [-1.05763197352484, 44.89528083574939], [-1.057427764527593, 44.8955539002144], [-1.057186881523185, 44.8958114221357], [-1.056911644074735, 44.8960509212021], [-1.056604702729076, 44.896270090657744], [-1.05626901349592, 44.89646681952685], [-1.055907809380011, 44.89663921295349], [-1.055524569240365, 44.89678561045954], [-1.055122984276747, 44.89690460194506], [-1.054706922466495, 44.89699504127657], [-1.054540549300644, 44.89701884146915], [-1.054568399981204, 44.897038547662035], [-1.05462271197188, 44.89708536979012], [-1.054834231312092, 44.89713060426076], [-1.055236574119601, 44.897248299570826], [-1.055620750947556, 44.89739345706962], [-1.055983062356125, 44.89756467902169], [-1.056320019360247, 44.89776031670033], [-1.056628377020016, 44.897978486256626], [-1.056905165685831, 44.89821708685259], [-1.057147719597619, 44.89847382088339], [-1.057353702562711, 44.89874621609515], [-1.057521130464853, 44.899031649384966], [-1.057648390387237, 44.89932737205464], [-1.057734256164772, 44.89963053627534], [-1.057777900215096, 44.899938222508176], [-1.057778901533556, 44.90024746761726], [-1.057737249774165, 44.90055529340426], [-1.057653345376254, 44.90085873529017], [-1.057527995734525, 44.901154870867586], [-1.057362407448408, 44.90144084804884], [-1.05715817472438, 44.90171391253852], [-1.056917264042067, 44.90197143436568], [-1.056641995231086, 44.90221093322007], [-1.056335019140286, 44.90243010234786], [-1.055999292113992, 44.902626830776434], [-1.055638047520954, 44.90279922365411], [-1.055254764610067, 44.90294562050801], [-1.054853134993098, 44.903064611244545], [-1.05443702707753, 44.90315504973738], [-1.054010448792679, 44.90321606487228], [-1.053577508968748, 44.903247068941866], [-1.053142377741635, 44.9032477633093], [-1.052709246365767, 44.90321814128631], [-1.052282286823024, 44.90315848819762], [-1.051865611617746, 44.90306937863126], [-1.051463234146068, 44.90295167090129], [-1.051079030022186, 44.90280649877634], [-1.0507166997349, 44.902635260553964], [-1.050379732994769, 44.90243960558616], [-1.050071375115848, 44.902221418386205], [-1.050017061951945, 44.90217459395883], [-1.049935303833812, 44.90215710731029], [-1.049734738183473, 44.902300279574504], [-1.049398988797373, 44.9024969880503], [-1.049037724765821, 44.902669359460326], [-1.048654425525024, 44.902815733538546], [-1.048252782844108, 44.902934700410654], [-1.047836665256454, 44.903025114180224], [-1.047597426101482, 44.903059318985946], [-1.047639015388325, 44.90308874820374], [-1.047642511871506, 44.90309176272926], [-1.047964754304591, 44.9031606905295], [-1.048367125936576, 44.90327841093697], [-1.048751326275698, 44.90342359246073], [-1.049113655655684, 44.90359483713401], [-1.049450624918346, 44.90379049601123], [-1.049758989005628, 44.90400868503941], [-1.050035778205908, 44.90424730319299], [-1.050278326753819, 44.904504052698066], [-1.050484298508178, 44.90477646115174], [-1.05065170946051, 44.90506190532349], [-1.050778946857051, 44.90535763641036], [-1.05086478474945, 44.90566080650239], [-1.050908395823712, 44.90596849600411], [-1.050909359392584, 44.9062777417481], [-1.050867665473481, 44.90658556552989], [-1.050783714911625, 44.906889002789725], [-1.050658315546215, 44.907185131164724], [-1.050492674455485, 44.90747109863653], [-1.050288386354429, 44.907744151003186], [-1.050047418255999, 44.90800165841051], [-1.049772090542819, 44.908241140687124], [-1.049465054631081, 44.90846029123876], [-1.049129267441347, 44.90865699927178], [-1.048767962921921, 44.908829370130846], [-1.048384620898991, 44.90897574355523], [-1.047982933553789, 44.909094709676936], [-1.047566769849949, 44.90918512260676], [-1.047140138254252, 44.90924611147668], [-1.046707148110499, 44.909277088832276], [-1.046271970039366, 44.909277756294046], [-1.045838795746568, 44.909248107432866], [-1.045411797627424, 44.90918842783199], [-1.044995088557877, 44.90909929233481], [-1.044592682260252, 44.908981559505115], [-1.044208454626377, 44.90883636335335], [-1.043846106371449, 44.90866510240846], [-1.04350912737901, 44.90846942624127], [-1.043200763081023, 44.90825121956925], [-1.043197266514977, 44.90824820489921], [-1.042996282065358, 44.90820520879064], [-1.042834771844452, 44.90832046924807], [-1.042498962249768, 44.908517157235586], [-1.042137638264741, 44.90868950652771], [-1.041754279903134, 44.90883585707136], [-1.041352579503626, 44.90895479921895], [-1.040936406155651, 44.90904518731217], [-1.040509768418933, 44.90910615072225], [-1.040076775696456, 44.90913710223998], [-1.03964159863375, 44.90913774373473], [-1.039208428926818, 44.90910806902753], [-1.038781438926784, 44.90904836395055], [-1.038364741431355, 44.90895920359258], [-1.037962350051323, 44.90884144675689], [-1.037578140534764, 44.90869622768511], [-1.037215813422296, 44.90852494512695], [-1.036878858393738, 44.90832924886143], [-1.036626994187192, 44.908150992956486], [-1.036315464757814, 44.90808432784561], [-1.036194488090981, 44.90817064750239], [-1.035858656118621, 44.90836731541222], [-1.035497312704318, 44.90853964310312], [-1.035113938049061, 44.90868597073003], [-1.034712224648539, 44.90880488886615], [-1.034296041717477, 44.90889525208441], [-1.033869397907947, 44.908956189995635], [-1.033436402681466, 44.908987115636236], [-1.033001226707696, 44.90898773112482], [-1.032568061672149, 44.9089580305329], [-1.032141079880937, 44.908898299941995], [-1.031724394052661, 44.908809114686626], [-1.031322017685683, 44.90869133380991], [-1.030937826383412, 44.908546091785006], [-1.03057552051095, 44.90837478758274], [-1.030238589543455, 44.90817907119052], [-1.030061909302569, 44.908054005258], [-1.030020980529034, 44.9080482787485], [-1.02960430438261, 44.9079590855661], [-1.029201938561137, 44.907841297042836], [-1.028817758566423, 44.907696047725544], [-1.028455464654629, 44.90752473665526], [-1.02811854618568, 44.907329013885615], [-1.02781024800839, 44.90711076458285], [-1.027533539205428, 44.906872090861135], [-1.027291084499321, 44.90661529152828], [-1.027085218594903, 44.906342839937366], [-1.026917923705069, 44.9060573601579], [-1.026790810475912, 44.90576160169659], [-1.02670510249436, 44.905458413011075], [-1.026661624526762, 44.905150714072235], [-1.026660794600857, 44.904841468239624], [-1.026702620006421, 44.90453365372059], [-1.026786697252067, 44.90423023488866], [-1.026912215977592, 44.9039341337367], [-1.027077966783193, 44.90364820174033], [-1.027282352899144, 44.903375192402066], [-1.027523405582739, 44.90311773474038], [-1.02779880309344, 44.90287830797892], [-1.028105893062934, 44.90265921767934], [-1.028352767898052, 44.90251465901752], [-1.028351720257794, 44.902514969108886], [-1.027935573733064, 44.90260530832946], [-1.027508970837702, 44.90266622170132], [-1.027076020639094, 44.90269712249724], [-1.026640893373134, 44.902697713075185], [-1.026207780256088, 44.90266798774657], [-1.025780853093892, 44.902608232831184], [-1.02536422407885, 44.90251902389787], [-1.024961906161986, 44.90240122021776], [-1.024577774383613, 44.90225595648371], [-1.024215528535402, 44.90208463187556], [-1.023878657514278, 44.901888896577354], [-1.023772718207219, 44.90181388550183], [-1.023660752996782, 44.901798211664065], [-1.023244133365609, 44.901708994802966], [-1.023233021426614, 44.901705740821235], [-1.0231836058038, 44.9017409923176], [-1.022847766716731, 44.901937620512655], [-1.022486424754272, 44.902109905550155], [-1.022103060103582, 44.902256187995924], [-1.021701365164104, 44.90237505885826], [-1.021285208972826, 44.902465373165455], [-1.020858599924298, 44.902526260999444], [-1.020425647145206, 44.90255713587899], [-1.019990520896313, 44.90255770041161], [-1.01955741238409, 44.90252794915968], [-1.019130493370098, 44.90246816869266], [-1.018713875968122, 44.902378934825485], [-1.018311573017278, 44.9022611070695], [-1.017927459413662, 44.9021158203494], [-1.017565234773811, 44.90194447406646], [-1.017228387790293, 44.90174871861347], [-1.017173045907972, 44.90170952674253], [-1.017020393253998, 44.90168814764318], [-1.016603784998035, 44.9015989058851], [-1.016201492069381, 44.901481070516965], [-1.015817389267572, 44.901335776536804], [-1.015455176105078, 44.90116442341582], [-1.01511834116389, 44.90096866161264], [-1.014810128488143, 44.90075037666945], [-1.014533506336848, 44.900511671043645], [-1.014291138597836, 44.90025484385028], [-1.014085359138242, 44.89998236871069], [-1.013918149338347, 44.899696869921115], [-1.01379111902473, 44.89940109717134], [-1.0137054909858, 44.89909789905648], [-1.01366208921807, 44.89879019563818], [-1.013661331015548, 44.89848095031901], [-1.013703222977429, 44.898173141301356], [-1.013787360971553, 44.8978697329056], [-1.013912934052911, 44.8975736470241], [-1.014078732298485, 44.897287734985305], [-1.014283158481954, 44.89701475009948], [-1.014524243475019, 44.896757321149536], [-1.014799665226259, 44.89651792708265], [-1.015106771134169, 44.89629887314552], [-1.015442603598524, 44.896102268693305], [-1.015803928503766, 44.895930006884974], [-1.016187266360141, 44.89578374646091], [-1.016588925802828, 44.89566489577717], [-1.017005039126886, 44.895574599250565], [-1.01738758594741, 44.89552000744482], [-1.017190532211743, 44.89538044341045], [-1.016913926402783, 44.895141744108194], [-1.016671570960044, 44.89488492253471], [-1.016465799632333, 44.89461245225721], [-1.016298593721728, 44.894326957525195], [-1.016171563017477, 44.8940311879893], [-1.016085930311884, 44.8937279922137], [-1.016042519646545, 44.89342029023758], [-1.016041748401299, 44.893111045449615], [-1.016083623301081, 44.89280323604706], [-1.016167740378174, 44.89249982635404], [-1.016293288889124, 44.89220373827543], [-1.016459059147621, 44.89191782316085], [-1.016663454196944, 44.89164483435019], [-1.016904505208672, 44.89138740066418], [-1.017179890458656, 44.89114800109557], [-1.017486957696903, 44.89092894094414], [-1.017822749695557, 44.890732329624825], [-1.0181840327287, 44.89056006036276], [-1.018567327709734, 44.89041379197007], [-1.018968943686646, 44.89029493287958], [-1.01938501337297, 44.89020462758906], [-1.019811530372854, 44.89014374564587], [-1.020244387742453, 44.89011287327837], [-1.020679417517146, 44.89011230775386], [-1.021112430824861, 44.89014205451772], [-1.021539258200208, 44.890201827141], [-1.021955789712226, 44.89029105007701], [-1.022358014520281, 44.89040886420046], [-1.022742059478165, 44.89055413507591], [-1.023104226415449, 44.89072546387612], [-1.023441027737801, 44.89092120084544], [-1.023749220004008, 44.891139461178824], [-1.023882679179017, 44.89125461898488], [-1.024156673792179, 44.89105911996949], [-1.024492443205925, 44.890862488480884], [-1.024853706605635, 44.89069019751988], [-1.025236985093683, 44.89054390610755], [-1.025638587876793, 44.89042502289838], [-1.026054647795479, 44.890334692622375], [-1.02635866928195, 44.89029127723823], [-1.025974582187063, 44.890209020715865], [-1.025572351220579, 44.89009121969548], [-1.025188302105179, 44.889945958626335], [-1.024826133836285, 44.889774636662665], [-1.02448933456358, 44.889578903962985], [-1.024181147987803, 44.88936064578919], [-1.023904542116771, 44.889121964340895], [-1.023662180681744, 44.888865158500266], [-1.02345639748941, 44.88859270168304], [-1.023289173956297, 44.88830721800909], [-1.023162120041559, 44.88801145702257], [-1.023076458761228, 44.88770826720542], [-1.023033014432275, 44.88740056853941], [-1.023032204758911, 44.88709132438141], [-1.023074036836307, 44.88678351292265], [-1.02315810710927, 44.88648009850712], [-1.023283605285189, 44.886184003085205], [-1.023449322162568, 44.885898078077254], [-1.02365366129879, 44.88562507691852], [-1.023894654403892, 44.88536762854866], [-1.024169980311338, 44.885128212101854], [-1.024476987342547, 44.884909133040416], [-1.024812718849363, 44.88471250096143], [-1.025173941688289, 44.88454020928993], [-1.025557177352258, 44.88439391705387], [-1.025958735460324, 44.88427503291566], [-1.026374749283136, 44.88418470161425], [-1.026672810392786, 44.884142131927035], [-1.026284761314934, 44.88405901914653], [-1.025882573763159, 44.88394121947588], [-1.025498565918641, 44.88379595975871], [-1.025136436379255, 44.88362463913618], [-1.024799672921645, 44.88342890775389], [-1.024491518901607, 44.883210650861066], [-1.024369154700658, 44.883105053383304], [-1.024122663726437, 44.88328095368855], [-1.023786938363977, 44.883477583593454], [-1.023425718105851, 44.88364987069669], [-1.023042481966948, 44.883796155544175], [-1.022640921108804, 44.88391502912107], [-1.02222490327679, 44.884005346429525], [-1.02179843553259, 44.88406623752256], [-1.02136562564162, 44.88409711588758], [-1.020930642488094, 44.88409768409854], [-1.020497675899936, 44.88406793668232], [-1.020070896271449, 44.884008160171504], [-1.019654414373639, 44.88391893034288], [-1.019252241740266, 44.88380110666888], [-1.018868252012082, 44.88365582403491], [-1.018506143612392, 44.88348448180287], [-1.018169404114143, 44.88328873032652], [-1.017861276642272, 44.88307045504856], [-1.017584728635279, 44.8828317583333], [-1.017342423267082, 44.88257493921001], [-1.01713669380437, 44.88230247122224], [-1.01696952114622, 44.88201697859747], [-1.016842514761864, 44.88172121096602], [-1.016756897209654, 44.88141801687376], [-1.016713492385542, 44.88111031634363], [-1.016712717613414, 44.88080107275037], [-1.016754579652483, 44.88049326427979], [-1.016838674659184, 44.880189855247025], [-1.016964192102892, 44.879893767550534], [-1.017129922596749, 44.87960785253636], [-1.017334269567192, 44.87933486354338], [-1.017575264648992, 44.87907742939407], [-1.017850586656743, 44.87883802908571], [-1.018157583949557, 44.87861896792513], [-1.018493299973182, 44.87842235533705], [-1.018854501733308, 44.87825008455881], [-1.019237710925917, 44.878103814417116], [-1.019639237425001, 44.87798495336168], [-1.02005521480559, 44.87789464590917], [-1.020481637560526, 44.877833761627784], [-1.020914399653304, 44.877802886768386], [-1.021349334036568, 44.87780231862226], [-1.021782252756609, 44.87783206266002], [-1.022208987258666, 44.877891832479], [-1.022625428505921, 44.8779810525595], [-1.023027566526787, 44.878098863803714], [-1.023411529010656, 44.87824413180393], [-1.023773618581204, 44.87841545776058], [-1.024110348389076, 44.87861119194542], [-1.024418475681734, 44.878829449580195], [-1.024540830656587, 44.8789350468617], [-1.024787301240075, 44.878759145868784], [-1.025122994883211, 44.87856251323184], [-1.025484177200841, 44.87839022088431], [-1.025867370076082, 44.878243927860666], [-1.026268883539974, 44.8781250428309], [-1.026684851293003, 44.878034710542536], [-1.027111267920665, 44.87797380080298], [-1.027544027445424, 44.87794290010817], [-1.027978962844633, 44.87794230599819], [-1.028411886154803, 44.87797202419367], [-1.028838628776996, 44.87803176854073], [-1.029255081596236, 44.878120963764964], [-1.029657234529562, 44.878238751007935], [-1.030041215122837, 44.87838399609301], [-1.030403325825431, 44.87855530044132], [-1.03074007958459, 44.878751014532654], [-1.031048233417225, 44.878969253782294], [-1.031157255629861, 44.87906332805161], [-1.031387019795646, 44.878899323023155], [-1.031722691160887, 44.87870267042938], [-1.032083854125446, 44.87853035661136], [-1.032467030758713, 44.878384040810275], [-1.032868531248051, 44.87826513191546], [-1.033284489418817, 44.87817477490428], [-1.033590980763033, 44.878130976738625], [-1.033571743613778, 44.87812828441837], [-1.033155283882849, 44.8780391053811], [-1.032753125041086, 44.87792133081253], [-1.032369140596482, 44.87777609512512], [-1.032007028921575, 44.87760479722862], [-1.031670277621023, 44.87740908704971], [-1.031362129933627, 44.87719084963343], [-1.031085553492817, 44.876952186979445], [-1.030843211746606, 44.87669539778893], [-1.030637438312302, 44.876422955317324], [-1.030470214512731, 44.87613748354633], [-1.030343150309923, 44.87584173190552], [-1.030257468819306, 44.87553854878683], [-1.030213994552826, 44.875230854107585], [-1.030213145503325, 44.87492161118631], [-1.030254929145498, 44.87461379820237], [-1.030338942390884, 44.8743103795145], [-1.030464375496308, 44.87401427711422], [-1.030630019887123, 44.87372834248921], [-1.030834279818925, 44.87345532916729], [-1.031075187764594, 44.87319786620534], [-1.031350423377731, 44.872958432878086], [-1.03165733584927, 44.872739334810426], [-1.03199296944159, 44.872542681782456], [-1.03235409195398, 44.87237036742099], [-1.03273722584534, 44.87222405097247], [-1.033138681714577, 44.872105141332476], [-1.033554593816647, 44.87201478348551], [-1.03385617300879, 44.871971681874676], [-1.033831874971763, 44.87196828095506], [-1.033415460516644, 44.87187910306704], [-1.033013345249095, 44.87176132967013], [-1.032629402257362, 44.87161609516545], [-1.032267329514688, 44.87144479845137], [-1.031930614250732, 44.87124908944322], [-1.031622499357222, 44.871030853174716], [-1.031345952151764, 44.870792191634486], [-1.031103635800856, 44.870535403512996], [-1.030897883677298, 44.870262962055335], [-1.030730676898771, 44.86997749123348], [-1.030603625263492, 44.86968174046784], [-1.030517951765991, 44.869378558141975], [-1.030474480841377, 44.86907086416551], [-1.030473630450461, 44.86876162185024], [-1.030515408081011, 44.86845380936968], [-1.03059941070261, 44.86815039107771], [-1.030724828674537, 44.86785428896207], [-1.030890453568018, 44.86756835450768], [-1.031094689826521, 44.86729534124075], [-1.031335570150997, 44.86703787821757], [-1.031610774461107, 44.86679844471352], [-1.031917652249279, 44.86657934635516], [-1.032253248111908, 44.866382692925434], [-1.032614330211604, 44.866210378054994], [-1.032997421396403, 44.86606406099518], [-1.033398832676409, 44.86594515064749], [-1.033814698735887, 44.86585479200322], [-1.034107250559875, 44.86581297537592], [-1.033715638962612, 44.86572910126395], [-1.033313567104311, 44.865611329184496], [-1.032929665384617, 44.86546609600202], [-1.032567631379218, 44.865294800602165], [-1.03223095194466, 44.86509909288762], [-1.031922869627587, 44.86488085787964], [-1.031646351431883, 44.86464219755467], [-1.031404060244701, 44.864385410591545], [-1.03119832919656, 44.86411297022414], [-1.031031139202265, 44.86382750041394], [-1.030904099898504, 44.863531750571624], [-1.030818434161179, 44.86322856907184], [-1.030774966350806, 44.862920875816314], [-1.030774114398358, 44.862611634109804], [-1.030815885806792, 44.86230382212003], [-1.030899877605767, 44.862000404196145], [-1.031025280258929, 44.86170430232234], [-1.031190885485153, 44.8614183679812], [-1.031395097917426, 44.86114535469785], [-1.031635950486236, 44.86088789152875], [-1.031911123378602, 44.860648457750685], [-1.032217966389546, 44.86042935899284], [-1.032553524450381, 44.860232705042016], [-1.032914566087737, 44.86006038953391], [-1.033297614539261, 44.859914071726], [-1.033698981226511, 44.85979516052695], [-1.034114801263094, 44.859704800936306], [-1.034541070656641, 44.859643863024296], [-1.034973684847089, 44.859612933558196], [-1.035408478210965, 44.85961231035513], [-1.035841264152199, 44.85964199941585], [-1.036267875394362, 44.859701714867], [-1.036684204087372, 44.859790881712435], [-1.037086241343361, 44.859908641366935], [-1.037470115821991, 44.86005385991959], [-1.037832130994432, 44.860225139046946], [-1.038168800727881, 44.86042082947169], [-1.038476882848499, 44.86063904683701], [-1.038589845469829, 44.860736533809266], [-1.038837684763132, 44.86055953670745], [-1.039173220420591, 44.86036286274151], [-1.039534242582355, 44.860190525699785], [-1.039917274673524, 44.86004418504705], [-1.04031862827312, 44.85992524991203], [-1.04073443862071, 44.85983486552471], [-1.04105122546721, 44.85978955945677], [-1.041042499251203, 44.859788338403675], [-1.040626163657952, 44.85969918790197], [-1.040224120479149, 44.85958144107441], [-1.039840242108659, 44.85943623206623], [-1.039478225897323, 44.8592649595302], [-1.039141558530374, 44.85906927314876], [-1.038833482438329, 44.85885105773775], [-1.038556964565244, 44.85861241508489], [-1.038314667795313, 44.85835564369878], [-1.038108925312995, 44.858083216663324], [-1.037941718143395, 44.85779775781165], [-1.0378146560888, 44.85750201644891], [-1.037728962244413, 44.857198840868115], [-1.037685461241619, 44.856891150914024], [-1.037684571331226, 44.85658190985973], [-1.037726300381898, 44.856274095866596], [-1.037810245831347, 44.8559706733032], [-1.037935598589682, 44.85567456419838], [-1.038101150856353, 44.85538862010446], [-1.038305307774392, 44.85511559464049], [-1.038546102808906, 44.85485811698029], [-1.038821216700943, 44.854618666540176], [-1.039127999813642, 44.85439954910988], [-1.039463497655048, 44.854202874655975], [-1.039824479331585, 44.854030537011624], [-1.040207468658184, 44.85388419564745], [-1.040608777625625, 44.853765259699], [-1.041024541903193, 44.8536748744041], [-1.041450758035317, 44.85361391008052], [-1.041883321974685, 44.85358295374985], [-1.042318068581595, 44.85358230348787], [-1.042750811710121, 44.853611965555885], [-1.043177384496023, 44.85367165434047], [-1.043593679459476, 44.85376079510223], [-1.043995688037391, 44.85387852950711], [-1.044379539165594, 44.85402372388733], [-1.044741536540151, 44.85419498015223], [-1.045078194199715, 44.854390649244635], [-1.045386270086821, 44.85460884701316], [-1.045490750568359, 44.85469900732843], [-1.045727719069197, 44.85452972630341], [-1.046063194577065, 44.85433303189628], [-1.046424156838683, 44.85416067278457], [-1.046807129855853, 44.85401430864569], [-1.047208425776325, 44.853895348834435], [-1.047624180394954, 44.853804938818456], [-1.047936352205167, 44.85376026792307], [-1.047922988482391, 44.853758398610495], [-1.047506686666353, 44.85366927408417], [-1.047104672226938, 44.85355155240195], [-1.046720817281212, 44.853406367466896], [-1.046358818954442, 44.853235117699896], [-1.046022163759678, 44.853039452564104], [-1.045714094010299, 44.85282125667074], [-1.045437576589403, 44.852582631619555], [-1.045195274376974, 44.85232587574965], [-1.044989520610056, 44.8520534619955], [-1.044822296422619, 44.85176801406235], [-1.044695211781036, 44.85147228115025], [-1.044609489998221, 44.85116911147084], [-1.044565955974811, 44.8508614248121], [-1.044565028279795, 44.8505521844154], [-1.044606715145871, 44.85024436843587], [-1.044690614417137, 44.84994094126119], [-1.044815917448518, 44.84964482496472], [-1.044981416918419, 44.84935887116803], [-1.045185518478355, 44.84908583358369], [-1.045426256126543, 44.84882834150223], [-1.045701311156641, 44.8485888744789], [-1.046008034498567, 44.84836973846312], [-1.046343472235871, 44.848173043600475], [-1.046704394053666, 44.84800068392066], [-1.047087324343183, 44.84785431910652], [-1.047488575663577, 44.84773535851939], [-1.047904284239113, 44.84764494763434], [-1.048330447150467, 44.84758395701561], [-1.048762960862686, 44.847552973937916], [-1.049197660719611, 44.84755229673462], [-1.049630361025393, 44.84758193192644], [-1.050056895328074, 44.84764159415874], [-1.050473156518351, 44.84773070894777], [-1.050875136358329, 44.84784841820963], [-1.051258964060579, 44.84799358851857], [-1.051620943546784, 44.848164822015775], [-1.05195758902793, 44.8483604698633], [-1.052265658563923, 44.84857864811436], [-1.052391552254691, 44.84868727885016], [-1.052667751848039, 44.84848991729226], [-1.053003166981806, 44.84829320229714], [-1.053364069135639, 44.84812082095673], [-1.053746982890038, 44.84797443316244], [-1.054148220963302, 44.84785544849691], [-1.054563919707189, 44.84776501266708], [-1.05490369465488, 44.847716364559076], [-1.054497215652719, 44.8476293616715], [-1.054095229790718, 44.84751166553547], [-1.053711398051765, 44.847366505056975], [-1.053349417337652, 44.847195278421346], [-1.053012773991865, 44.846999634868986], [-1.052704710213765, 44.84678145880321], [-1.052428192829063, 44.84654285163284], [-1.052185884717549, 44.84628611152474], [-1.051980119173249, 44.846013711261655], [-1.051812877443739, 44.845728274418896], [-1.051685769664531, 44.84543255008975], [-1.051600019371558, 44.84512938640322], [-1.051556451740217, 44.84482170308963], [-1.051555485663328, 44.84451246335816], [-1.051597129743381, 44.844204645357586], [-1.05168098223665, 44.8439012134951], [-1.051806234948651, 44.84360508988925], [-1.05197168104245, 44.84331912623205], [-1.05217572668362, 44.84304607633102], [-1.05241640640889, 44.84278856959539], [-1.05269140206969, 44.84254908572153], [-1.052998065167608, 44.842329930821144], [-1.053333442366249, 44.842133215221715], [-1.0536943039336, 44.84196083315262], [-1.054077174840962, 44.84181444451231], [-1.054478368219184, 44.84169545889156], [-1.054894020850355, 44.8416050220065], [-1.055320130353731, 44.84154400467169], [-1.055752593708518, 44.84151299441916], [-1.056187246743356, 44.8415122898439], [-1.056619904213166, 44.8415418977302], [-1.0570464000784, 44.84160153298633], [-1.057462627599834, 44.84169062138834], [-1.057864578863766, 44.84180830510635], [-1.058248383357952, 44.84195345096061], [-1.0586103452276, 44.842124661327794], [-1.058946978853406, 44.84232028759268], [-1.059255042409543, 44.84253844601633], [-1.05938332756452, 44.842649132008745], [-1.059647782453674, 44.842460109390586], [-1.059983137143291, 44.84226337368971], [-1.060343979140892, 44.84209096999325], [-1.060726833606138, 44.84194455840793], [-1.061128013828132, 44.84182554874544], [-1.061543656715578, 44.84173508695345], [-1.061891826336464, 44.84168520886677], [-1.061843975745, 44.841678520372255], [-1.061427741365851, 44.84158944840192], [-1.061025784204043, 44.841471777596844], [-1.060641975824987, 44.84132664137], [-1.060280012905522, 44.84115543767316], [-1.059943381617819, 44.84095981552578], [-1.059635324045203, 44.84074165912502], [-1.059358806953746, 44.84050306969032], [-1.059116493220562, 44.84024634521776], [-1.05891071619399, 44.839973958339485], [-1.058743457232372, 44.83968853250196], [-1.058616326637364, 44.839392816692495], [-1.058530548164828, 44.83908965895809], [-1.058486947261729, 44.83878197897179], [-1.058485943141483, 44.838472739910735], [-1.058527544773113, 44.83816491991736], [-1.058611350821817, 44.837861483418045], [-1.058736553540491, 44.837565352576036], [-1.058901946573721, 44.83727937915308], [-1.059105936598105, 44.8370063170508], [-1.059346558685972, 44.83674879579592], [-1.059621495243778, 44.83650929522469], [-1.059928098342213, 44.836290121609615], [-1.060263415222591, 44.836093385458426], [-1.060624216733641, 44.8359209811984], [-1.061007028424874, 44.835774568941694], [-1.061408163997235, 44.83565555850649], [-1.06182376078932, 44.83556509584789], [-1.062249816957955, 44.835504052028604], [-1.062682229995799, 44.83547301483571], [-1.063116836215902, 44.83547228312356], [-1.063549450823881, 44.835501863937786], [-1.063975908192852, 44.83556147244732], [-1.064392101954234, 44.835650534685726], [-1.064794024519398, 44.835768193075104], [-1.06517780565246, 44.83591331467959], [-1.065539749723629, 44.836084502109316], [-1.065876371285065, 44.836280106970015], [-1.066184428627219, 44.83649824572882], [-1.066326888658428, 44.83662115293897], [-1.066607814436785, 44.83642030100155], [-1.06694310870289, 44.83622354465972], [-1.06730389055143, 44.836051118676096], [-1.067686685721169, 44.83590468337197], [-1.06807430278147, 44.835789656565595], [-1.067833990581533, 44.83565002235794], [-1.067525931485723, 44.83543188823881], [-1.067249407020483, 44.83519331887906], [-1.067007080134102, 44.83493661208146], [-1.066801284301768, 44.83466424030798], [-1.066634001063128, 44.83437882685956], [-1.06650684095383, 44.8340831206043], [-1.066421028014163, 44.8337799694972], [-1.066377388023203, 44.83347229314754], [-1.066376340570965, 44.833163054697515], [-1.066417895043915, 44.83285523228365], [-1.066501650561517, 44.83255179035576], [-1.066626799863379, 44.832255651129366], [-1.066792137108556, 44.831969666447044], [-1.066996069510908, 44.83169659031886], [-1.067236632697654, 44.83143905240666], [-1.067511509642424, 44.831199532707124], [-1.067818052989901, 44.83098033767701], [-1.068153310556695, 44.83078357803025], [-1.068514053762595, 44.83061114842043], [-1.068896808718441, 44.830464709203795], [-1.069297889671383, 44.830345670458144], [-1.069713434485838, 44.83025517841118], [-1.070139441819016, 44.83019410440864], [-1.070571809633712, 44.830163036528184], [-1.071006374678342, 44.8301622739197], [-1.071438952554935, 44.83019182392628], [-1.071865377990242, 44.830251402013516], [-1.072281544923154, 44.83034043450793], [-1.07268344602338, 44.830458064117984], [-1.073067211261762, 44.83060315818494], [-1.07318303924817, 44.8306579343952], [-1.073261329377756, 44.83058970353197], [-1.073567846967546, 44.83037049266261], [-1.073903080760789, 44.83017371568419], [-1.074263802406124, 44.83000126741724], [-1.074646538221931, 44.82985480839761], [-1.074982372738614, 44.829755113097065], [-1.074784597253745, 44.82964020348508], [-1.07447654412476, 44.829422089092176], [-1.074200019725591, 44.82918353752421], [-1.073957687004044, 44.82892684641256], [-1.073751879491673, 44.82865448806818], [-1.073584578840793, 44.828369085662715], [-1.073457395754938, 44.8280733879579], [-1.073371554495865, 44.82777024282649], [-1.07332788111557, 44.82746256982021], [-1.073326795525794, 44.82715333204907], [-1.073368307480441, 44.82684550764319], [-1.073452016508571, 44.82654206107152], [-1.073577115797608, 44.82624591459443], [-1.073742399988308, 44.8259599201243], [-1.073946276805499, 44.82568683176552], [-1.074186782411697, 44.82542927929774], [-1.074461600335006, 44.82518974285786], [-1.07476808378843, 44.824970529063826], [-1.075103281165267, 44.824773748810316], [-1.075463964464817, 44.82460129694934], [-1.075846660374683, 44.82445483405144], [-1.076247683710474, 44.82433577042244], [-1.076663172891297, 44.82424525252967], [-1.077089127109951, 44.82418415196773], [-1.077521444840569, 44.824153057070006], [-1.077955963313731, 44.82415226724657], [-1.078388498579824, 44.82418179010253], [-1.078814885775837, 44.82424134136492], [-1.079231019208836, 44.82433034761855], [-1.079632891871096, 44.82444795182459], [-1.08001663400731, 44.824593021568894], [-1.080096941224618, 44.824630996413], [-1.08020142282609, 44.82453991342968], [-1.080507880344123, 44.8243206838286], [-1.080843053744883, 44.82412388627776], [-1.081203715258471, 44.82395141579575], [-1.081586391782199, 44.82380493313244], [-1.08198739831828, 44.823685848784], [-1.08240287344753, 44.82359530941725], [-1.082828816497999, 44.82353418683355], [-1.083261126051323, 44.82350306957838], [-1.083695639416797, 44.82350225727705], [-1.084128172693982, 44.82353175775114], [-1.084554561039024, 44.82359128694317], [-1.084970698747947, 44.823680271650474], [-1.085372578771888, 44.823797855041676], [-1.085756331284703, 44.82394290490311], [-1.086118260932367, 44.82411402453577], [-1.086454882406165, 44.8243095661982], [-1.08676295399769, 44.824527646966196], [-1.086880560799466, 44.82462907948894], [-1.087157598869239, 44.824430862479176], [-1.087492749638601, 44.82423404483394], [-1.087853391449317, 44.82406155273078], [-1.088236051388337, 44.82391504712775], [-1.088453181645649, 44.823850552429214], [-1.088315470474274, 44.82377056050413], [-1.088007397008353, 44.823552484101555], [-1.087730844057883, 44.82331396671941], [-1.087488474845898, 44.82305730565987], [-1.087282623255653, 44.82278497294446], [-1.087115271364239, 44.8224995914981], [-1.086988030368935, 44.8222039098807], [-1.086902125089456, 44.82190077581018], [-1.086858382194576, 44.82159310873179], [-1.086857222265694, 44.82128387169858], [-1.086898655772784, 44.8209760428336], [-1.086982283000501, 44.8206725866489], [-1.087107297924092, 44.82037642549742], [-1.087272495996791, 44.820090411432986], [-1.087476285772723, 44.81981729874877], [-1.087716704252544, 44.81955971745872], [-1.087991435803266, 44.81932014797734], [-1.088297834469503, 44.81910089724083], [-1.088632949460858, 44.8189040764996], [-1.088993553569791, 44.8187315809956], [-1.08937617424627, 44.81858507171964], [-1.089777127030164, 44.81846595942416], [-1.09019255101976, 44.8183753910451], [-1.090618446035428, 44.81831423866316], [-1.09105071112123, 44.818283091110786], [-1.091485184014553, 44.81828224830499], [-1.091917681204596, 44.81831171836108], [-1.092344038194941, 44.81837121751446], [-1.092760149583508, 44.81846017285172], [-1.093162008574881, 44.81857772782432], [-1.093545745545475, 44.81872275049217], [-1.093639866660525, 44.81876724551723], [-1.093831258698143, 44.81860032159084], [-1.094137630657133, 44.81838105477922], [-1.094472720904111, 44.81818421644594], [-1.094833302469728, 44.81801170200233], [-1.095215903020957, 44.817865172621545], [-1.095616838291386, 44.81774603924966], [-1.096032247547881, 44.81765544902558], [-1.096458130752627, 44.817594274240356], [-1.096890387063375, 44.81756310394211], [-1.097324854301982, 44.8175622382669], [-1.097757349012086, 44.81759168555025], [-1.098183706721156, 44.81765116224686], [-1.09859982202021, 44.817740095659516], [-1.099001688076215, 44.81785762945078], [-1.099385435197612, 44.818002631884575], [-1.099747368082413, 44.81817370671862], [-1.100084001390894, 44.81836920664287], [-1.100392093300882, 44.81858724913502], [-1.100510536811146, 44.818689377976916], [-1.100787349254848, 44.818491233462886], [-1.101122416867787, 44.81829437503806], [-1.101482978727215, 44.818121838975784], [-1.101865562689781, 44.817975286657436], [-1.102266484648732, 44.81785612924992], [-1.102681883999049, 44.81776551412358], [-1.103107760798255, 44.81770431380924], [-1.103540014265746, 44.817673117600926], [-1.10397448225074, 44.817672225884095], [-1.104406981289691, 44.81770164724506], [-1.104833346868403, 44.81776109838813], [-1.10524947350215, 44.81785000686213], [-1.105651354248809, 44.817967516569766], [-1.106035119275427, 44.81811249600686], [-1.106397073107678, 44.81828354915262], [-1.106733730204213, 44.818479028905784], [-1.107041848513883, 44.81869705293836], [-1.107183229305173, 44.81881893842987], [-1.10748706580093, 44.818601413507366], [-1.107822110602225, 44.81840453484144], [-1.108182652599331, 44.81823197699925], [-1.108565219840066, 44.81808540157194], [-1.108662906027819, 44.81805636171556], [-1.1086366190405, 44.81804109892514], [-1.108328498140464, 44.81782307936936], [-1.108051887150822, 44.81758461310067], [-1.107809449853934, 44.81732799692904], [-1.107603520789138, 44.81705570244372], [-1.10743608278003, 44.81677035220152], [-1.107308747853603, 44.81647469446196], [-1.107222741734503, 44.81617157671307], [-1.107178892062915, 44.815863918243046], [-1.107177620448768, 44.8155546820222], [-1.107218938437771, 44.81524684616584], [-1.107302447427154, 44.814943375253485], [-1.10742734253086, 44.81464719178007], [-1.107592420355974, 44.81436114801448], [-1.10779609061452, 44.81408799853599], [-1.108036391457952, 44.81383037371302], [-1.108311008385906, 44.81359075437931], [-1.108617296546554, 44.81337144795125], [-1.10895230621337, 44.81317456621561], [-1.109312811192761, 44.81300200500169], [-1.109695339888982, 44.812855425933044], [-1.110096208727342, 44.81273624043424], [-1.110511557614212, 44.81264559614608], [-1.110937387092923, 44.81258436588027], [-1.111369596838423, 44.812553139219105], [-1.111804025120839, 44.81255221684135], [-1.112236488858858, 44.812581607628545], [-1.11266282387815, 44.812641028579385], [-1.113078924988231, 44.81272990753343], [-1.113480785492752, 44.81284738867761], [-1.113864535753709, 44.81299234078283], [-1.114226480439021, 44.813163368091416], [-1.11456313409551, 44.81335882375099], [-1.114871254705264, 44.813576825665535], [-1.115050403717476, 44.81373125393418], [-1.115050747267936, 44.813730954113126], [-1.11535700989423, 44.813511629066866], [-1.115691996787237, 44.813314726969], [-1.116052481972572, 44.813142143844914], [-1.116434994045007, 44.8129955415292], [-1.116835849589849, 44.81287633167019], [-1.117251188641411, 44.812785662143334], [-1.117677011837679, 44.81272440600332], [-1.11810921891406, 44.81269315308163], [-1.118543648166369, 44.81269220430989], [-1.118976116503952, 44.81272156882373], [-1.119402459708209, 44.81278096387487], [-1.119818572509879, 44.81286981755225], [-1.120220448100086, 44.8129872742862], [-1.120604216695627, 44.813132203082645], [-1.120647135577134, 44.81315247956518], [-1.120686016358349, 44.81311078054398], [-1.120960575839521, 44.812871129956484], [-1.121266810719253, 44.81265178865803], [-1.121601771783922, 44.812454868771205], [-1.121962233307776, 44.81228226649273], [-1.122344724113355, 44.812135643841636], [-1.122745560990678, 44.812016412662125], [-1.123160884153749, 44.81192572103488], [-1.123586694393489, 44.811864442227446], [-1.124018891570026, 44.811833166289524], [-1.124453314074471, 44.8118321943744], [-1.124885778881135, 44.81186153584054], [-1.125312121805422, 44.811920908161575], [-1.125728237580787, 44.81200973964531], [-1.126130119369753, 44.8121271749358], [-1.126513897329483, 44.81227208324548], [-1.126875875861314, 44.81244306923839], [-1.12721256918631, 44.81263848646003], [-1.127520734904745, 44.81285645318453], [-1.127654148308189, 44.812971420930545], [-1.12794652818775, 44.81276196821511], [-1.128281466505637, 44.8125650281519], [-1.128641908222521, 44.8123924041623], [-1.129024382351585, 44.81224575847444], [-1.129425205843354, 44.81212650315436], [-1.129840519040659, 44.812035786515196], [-1.130266322830334, 44.81197448206532], [-1.130698517134582, 44.81194318010138], [-1.131132940372152, 44.81194218202723], [-1.131565409510298, 44.811971497453236], [-1.131991760322734, 44.81203084410378], [-1.132407887466995, 44.81211965053383], [-1.132809783996185, 44.812237061628664], [-1.133193579925591, 44.81238194683373], [-1.133555579483599, 44.81255291103556], [-1.133892296688883, 44.81274830798948], [-1.134200488911856, 44.81296625616482], [-1.134358052735475, 44.81310201159052], [-1.134370059858656, 44.81309152746338], [-1.134676243605669, 44.81287214913371], [-1.135011158999094, 44.812675188744535]], [[-1.106005487282785, 44.84948135011349], [-1.106340721467663, 44.849284473925806], [-1.106701466222745, 44.84911191914802], [-1.107084247643498, 44.84896534734168], [-1.107485379721889, 44.84884616986143], [-1.107900999829813, 44.848755534270815], [-1.10829638361455, 44.84869872739443], [-1.108226368258985, 44.84868897232635], [-1.107810008454512, 44.84860007411743], [-1.107407904031377, 44.8484825710467], [-1.107023927973902, 44.84833759491159], [-1.106661778574542, 44.84816654212189], [-1.106324943802198, 44.847971060243665], [-1.106016667700706, 44.8477530321231], [-1.105874794040146, 44.847630779852096], [-1.105584160539555, 44.84783873845497], [-1.105248932331137, 44.84803561226556], [-1.104888190026279, 44.84820816226254], [-1.104505408035245, 44.848354726459846], [-1.104104273144179, 44.84847389315207], [-1.103688648994506, 44.848564514518145], [-1.103298483709939, 44.84862055490979], [-1.103374010754049, 44.8486310814002], [-1.103790363767289, 44.8487199962493], [-1.104192462322278, 44.848837512433725], [-1.104576434488979, 44.848982498387024], [-1.104938582798606, 44.84915355802559], [-1.105275419837161, 44.849349044185686], [-1.105583701820685, 44.84956707447763], [-1.105720698216614, 44.84968512092172], [-1.106005487282785, 44.84948135011349]], [[-1.106305803170512, 44.843301362850475], [-1.106640999424289, 44.84310448615087], [-1.107001703572145, 44.84293193074353], [-1.107384442100551, 44.8427853581961], [-1.107785529414461, 44.84266617987029], [-1.108201103316763, 44.84257554333787], [-1.108531647263388, 44.84252804638799], [-1.108466498145738, 44.8425189684869], [-1.10805018368988, 44.84243007135698], [-1.107648122927236, 44.84231256939195], [-1.107264188421545, 44.84216759437853], [-1.106902078065015, 44.84199654271578], [-1.106565279450487, 44.84180106195883], [-1.10625703627355, 44.84158303494317], [-1.106137518613333, 44.84148003637642], [-1.105873844815813, 44.84166872598629], [-1.105538654440225, 44.84186560027693], [-1.105177952645183, 44.84203815086953], [-1.104795213450757, 44.84218471577228], [-1.10439412323085, 44.84230388327297], [-1.103978545196562, 44.84239450554276], [-1.103623681729877, 44.842445481970294], [-1.103663877914326, 44.84245108475409], [-1.104080185584332, 44.84253999833748], [-1.104482240511569, 44.842657513236205], [-1.104866171186055, 44.842802497896145], [-1.105228280538513, 44.84297355624617], [-1.10556508153007, 44.843169041134985], [-1.105873330723891, 44.84338707018509], [-1.106015193663862, 44.84350932228942], [-1.106305803170512, 44.843301362850475]], [[-1.106546120945215, 44.837131373992904], [-1.106881279546049, 44.83693449696417], [-1.107241943343982, 44.83676194112365], [-1.107624639214015, 44.836615368043184], [-1.10777972004805, 44.83656928248642], [-1.107765605957567, 44.83656109000586], [-1.107457386870841, 44.83634306669724], [-1.107298585382645, 44.83620620550129], [-1.1070436128959, 44.83638869051091], [-1.106708458119869, 44.836585567994724], [-1.10634779381567, 44.8367581220915], [-1.105965093642246, 44.83690469077568], [-1.105784603310593, 44.83695832349506], [-1.1058547438244, 44.83699903810304], [-1.106162960290521, 44.837217065909556], [-1.106282468928795, 44.837320064305445], [-1.106546120945215, 44.837131373992904]], [[-1.100383329414541, 44.836248869458444], [-1.100048152135091, 44.83644572681808], [-1.099687468274467, 44.83661825926091], [-1.099304751680054, 44.83676480496994], [-1.099088569734938, 44.8368290283293], [-1.099175015817926, 44.836879216651134], [-1.099483205703912, 44.83709726299986], [-1.099620604919946, 44.83721570098235], [-1.099906402541446, 44.83701119556892], [-1.100241583691017, 44.83681433860094], [-1.100602267108789, 44.83664180434611], [-1.100984979480924, 44.836495254168376], [-1.101165472906338, 44.8364416292632], [-1.101095336486693, 44.83640091169896], [-1.100787144163935, 44.83618286987699], [-1.100645810405061, 44.83606104178053], [-1.100383329414541, 44.836248869458444]], [[-1.094435066399684, 44.83626073365791], [-1.094126900694432, 44.836042673350455], [-1.093973142101517, 44.83591011205636], [-1.093723044851485, 44.836089048374106], [-1.093387845190436, 44.83628588560687], [-1.093027141904446, 44.836458396393404], [-1.09264440902809, 44.83660491912529], [-1.092369746754434, 44.83668649660152], [-1.092495287789073, 44.836759395216006], [-1.092803451092829, 44.836977460105395], [-1.092940594024622, 44.837095697791455], [-1.093226685815727, 44.83689101608614], [-1.093561889651695, 44.836694179301126], [-1.093922592809482, 44.836521666763204], [-1.094305321785253, 44.83637513962719], [-1.094521507451226, 44.83631092559521], [-1.094435066399684, 44.83626073365791]], [[-1.087774797390648, 44.83610055558487], [-1.087466658414645, 44.83588247679493], [-1.087328559531938, 44.835763395595826], [-1.087082761628839, 44.8359392267432], [-1.086747539599105, 44.83613604390876], [-1.086386816887633, 44.836308533103356], [-1.08600406771618, 44.836455032926516], [-1.085695550646828, 44.83654664412033], [-1.085855558071541, 44.836639572728764], [-1.086163694946229, 44.83685765604619], [-1.086282446439702, 44.836960055357125], [-1.086546969110147, 44.836770836620076], [-1.086882195630014, 44.836574020019455], [-1.087242918525151, 44.836401529199655], [-1.087625664101748, 44.83625502510639], [-1.087900331153893, 44.836173459383204], [-1.087774797390648, 44.83610055558487]], [[-1.081134528709524, 44.83595037803728], [-1.08082641633233, 44.83573228082126], [-1.080694906341223, 44.83561886144337], [-1.080442478917447, 44.835799405103444], [-1.080107234461851, 44.83599620220106], [-1.079746492263344, 44.83616866980303], [-1.079363726731464, 44.83631514671691], [-1.079032749947493, 44.83641340405079], [-1.079215828331887, 44.836519750258056], [-1.079523938775442, 44.836737852001974], [-1.079642438973768, 44.83684005234049], [-1.079907250766294, 44.83665065824575], [-1.08024249982747, 44.836453861710076], [-1.080603242334513, 44.83628139247963], [-1.080986004404848, 44.8361349112922], [-1.081294526891946, 44.83604331320353], [-1.081134528709524, 44.83595037803728]], [[-1.080207565324004, 44.83049067102031], [-1.08054277658069, 44.830293873975606], [-1.080903478618704, 44.830121404118145], [-1.081286197945144, 44.82997492219171], [-1.08157494906247, 44.8298891839711], [-1.081404865051808, 44.82979038051432], [-1.081096785402707, 44.82957228449041], [-1.080967678114299, 44.82946092609737], [-1.0807321634482, 44.82962939258513], [-1.080396956818865, 44.829826190158876], [-1.080036255121219, 44.829998658353055], [-1.07965353237469, 44.8301451359695], [-1.07931770381531, 44.83024484542011], [-1.079515490698368, 44.83035974697521], [-1.079823568527277, 44.83057784744597], [-1.079942397518378, 44.83068034158752], [-1.080207565324004, 44.83049067102031]], [[-1.140469742028603, 44.83752529836986], [-1.140830306425188, 44.837352633352765], [-1.141196065474282, 44.83721240578115], [-1.141028612004866, 44.83709405702188], [-1.140856706602751, 44.83694603250636], [-1.140575042722505, 44.837147789383415], [-1.140240000949656, 44.837344768165394], [-1.139879434789392, 44.837517431264146], [-1.13949681695493, 44.83766411560432], [-1.139485593969438, 44.83766745446593], [-1.139681727737645, 44.8378060771551], [-1.139834293367369, 44.83793745061448], [-1.14013469763531, 44.837722276858266], [-1.140469742028603, 44.83752529836986]], [[-1.140780020062544, 44.83133531089864], [-1.141140543784603, 44.83116264522429], [-1.141441539730902, 44.83104723361164], [-1.141238980330213, 44.830904058897445], [-1.14109579432798, 44.830780751526035], [-1.140834725181966, 44.83096777766688], [-1.140499721169391, 44.8311647568333], [-1.140139195464584, 44.831337420425776], [-1.139791559155399, 44.831470709411654], [-1.140011355417047, 44.831626071734284], [-1.140148831894498, 44.83174446381583], [-1.140445013666908, 44.83153228992373], [-1.140780020062544, 44.83133531089864]], [[-1.134411303931075, 44.830619649295805], [-1.134134439644539, 44.83081795776584], [-1.13379941303765, 44.83101491669376], [-1.133438867706196, 44.831187558507985], [-1.133056276162849, 44.83133422033809], [-1.133050620059749, 44.83133590284118], [-1.133291602439977, 44.83150626992698], [-1.133448799914956, 44.83164166904291], [-1.133449008244218, 44.83164148720155], [-1.133755296670065, 44.83142211006395], [-1.134090325859487, 44.83122515124284], [-1.134450869430526, 44.831052507309806], [-1.134798515820485, 44.830919235073885], [-1.134578736737644, 44.83076386246249], [-1.134411303931075, 44.830619649295805]], [[-1.134681346867134, 44.824439356664456], [-1.134404122620459, 44.8246379457538], [-1.13406913380296, 44.82483490509421], [-1.133708628950827, 44.825007547432705], [-1.133333734641965, 44.82515127533091], [-1.13358123168699, 44.82532626570871], [-1.133727995768827, 44.82545269094434], [-1.133729360249697, 44.82545149981221], [-1.134035613842754, 44.82523212234888], [-1.134370605145623, 44.825035163083776], [-1.13473110814118, 44.824862518592845], [-1.135063163317177, 44.824735208529624], [-1.134849106693351, 44.82458386609025], [-1.134681346867134, 44.824439356664456]], [[-1.134335929586898, 44.81905213519027], [-1.134670883000997, 44.818855175422414], [-1.13503134543263, 44.818682530309985], [-1.135379120386212, 44.81854917763571], [-1.135159478661978, 44.81839387086623], [-1.134988646807044, 44.81824670043647], [-1.134693806493801, 44.81845793317764], [-1.134358855527559, 44.81865489298868], [-1.133998391207372, 44.818827535914515], [-1.133616951444878, 44.81897379027486], [-1.133860861392656, 44.81914626180922], [-1.134018057544356, 44.819281687027264], [-1.134029710842602, 44.81927151303281], [-1.134335929586898, 44.81905213519027]], [[-1.128286819716479, 44.81812234676067], [-1.128013522361994, 44.818318112729045], [-1.127678548819028, 44.81851505236132], [-1.127318064876079, 44.818687673573315], [-1.126935542454594, 44.818834313693074], [-1.126921280604164, 44.81883855612177], [-1.127201106654976, 44.819036458240014], [-1.127325109785281, 44.819143306144106], [-1.12760621420197, 44.81894195427171], [-1.127941190542856, 44.818745014829865], [-1.128301672939666, 44.81857239158984], [-1.128683123809125, 44.81842615552425], [-1.128439232876511, 44.818253672648225], [-1.128286819716479, 44.81812234676067]], [[-1.113948208981792, 44.82439538505117], [-1.113587645146181, 44.82456796198316], [-1.113205046874181, 44.8247145550449], [-1.113089455461132, 44.82474891926296], [-1.113123795729986, 44.82476885332853], [-1.11343197331788, 44.824986860068286], [-1.113573282256935, 44.825108650159414], [-1.113876467136136, 44.82489158045807], [-1.114211527054083, 44.8246946820856], [-1.114572089786796, 44.82452210311894], [-1.114954683182354, 44.82437550535264], [-1.115040571078388, 44.82434996985832], [-1.114748372767827, 44.824143273143584], [-1.11457231147155, 44.823991532933434], [-1.114283265689874, 44.82419848649438], [-1.113948208981792, 44.82439538505117]], [[-1.108028127614146, 44.823993074871986], [-1.107865937273099, 44.82385326492451], [-1.107592980519965, 44.824048666256914], [-1.10725790126503, 44.82424554459974], [-1.106897317846238, 44.82441809978107], [-1.106514703143432, 44.82456466976487], [-1.106365264960606, 44.82460908580548], [-1.106434068105983, 44.82464903212585], [-1.106742219083211, 44.82486705743713], [-1.106885070277285, 44.82499019825439], [-1.10717675060246, 44.824781400396745], [-1.107511833336876, 44.82458452226404], [-1.107872415936573, 44.8244119650761], [-1.108255026058408, 44.824265390417764], [-1.10837061943295, 44.82423103124177], [-1.108336281178883, 44.824211095708684], [-1.108028127614146, 44.823993074871986]], [[-1.175622157232731, 44.82489370453338], [-1.175346395939104, 44.82478976105375], [-1.17534635206498, 44.824789820005954], [-1.175106313025947, 44.82504759148099], [-1.174831925029595, 44.82528737699715], [-1.174525830440369, 44.82550686704005], [-1.174190977111168, 44.82570394754654], [-1.173830589994133, 44.82587672027407], [-1.173604852450947, 44.82596336835666], [-1.173649755874864, 44.82599508418891], [-1.173784304830725, 44.826110866065555], [-1.174073919933977, 44.82590319905877], [-1.174408774861019, 44.82570611889257], [-1.174769159106281, 44.825533344296815], [-1.175151602235793, 44.82538653894992], [-1.175552421498118, 44.82526711645538], [-1.175967757276467, 44.825176226736076], [-1.176393610240017, 44.825114744967], [-1.176495954904737, 44.825107291450344], [-1.176440528132884, 44.82509960116388], [-1.176024235349139, 44.82501095954362], [-1.175622157232731, 44.82489370453338]], [[-1.167855546809374, 44.82536704642283], [-1.167520670921152, 44.82556410678913], [-1.167160264194058, 44.8257368578427], [-1.166913793940763, 44.825831445127164], [-1.166990001308252, 44.82588528052945], [-1.167115205146451, 44.825993039490385], [-1.167394202389122, 44.82579301938484], [-1.167729080084984, 44.825595959385325], [-1.168089484159775, 44.8254232064922], [-1.168315228036858, 44.82533656964621], [-1.168270328150002, 44.82530485166206], [-1.168121252846953, 44.825176549507965], [-1.167855546809374, 44.82536704642283]], [[-1.161185262627253, 44.82521722578131], [-1.160850364242103, 44.82541426600536], [-1.160489937971759, 44.82558699538313], [-1.160213567014104, 44.82569303636129], [-1.160330246717422, 44.8257754768851], [-1.160455196015417, 44.825883035448854], [-1.16073448403626, 44.82568284026572], [-1.161069384428333, 44.825485800373905], [-1.161429808268527, 44.82531306911967], [-1.161676285478316, 44.825218494033436], [-1.161600084105854, 44.82516465499355], [-1.161444924590792, 44.82503109312643], [-1.161185262627253, 44.82521722578131]], [[-1.161140085825287, 44.819234253900675], [-1.160779700079106, 44.819406983865555], [-1.160557790998439, 44.81949213834882], [-1.160689872918451, 44.81958547063732], [-1.160824243220481, 44.81970115037661], [-1.161114797129437, 44.81949285526696], [-1.161449659301964, 44.819295814631836], [-1.161810042276174, 44.819123082497065], [-1.161988007312768, 44.81905478794437], [-1.16186045466652, 44.81896465828667], [-1.16173127504662, 44.81885344877243], [-1.161474946368325, 44.81903721320619], [-1.161140085825287, 44.819234253900675]], [[-1.147300366259769, 44.81936586545573], [-1.147447968905936, 44.819492981293216], [-1.147449194516988, 44.81949191089732], [-1.14775536207503, 44.81927249600214], [-1.148090269768188, 44.81907549570725], [-1.148450692384274, 44.81890280698372], [-1.148728423043402, 44.81879626966524], [-1.14856996859191, 44.818684266378924], [-1.148407700868844, 44.8185445229622], [-1.14812437812761, 44.81874757214938], [-1.147789472508144, 44.81894457252574], [-1.147429047592492, 44.81911725910352], [-1.14711764659444, 44.81923670689385], [-1.147300366259769, 44.81936586545573]], [[-1.14071871944372, 44.81896739741114], [-1.140370954572645, 44.81910076684202], [-1.14059061346061, 44.819256063329995], [-1.140737979920747, 44.81938299797114], [-1.140739452668421, 44.819381711957455], [-1.141045645820745, 44.81916231558781], [-1.141380576375627, 44.818965335555696], [-1.141741018900827, 44.81879266863712], [-1.142052428865122, 44.81867323595614], [-1.141869723512542, 44.818544068781144], [-1.141696835135586, 44.818395152831044], [-1.141414092262365, 44.81859775253357], [-1.141079164015564, 44.818794732642765], [-1.14071871944372, 44.81896739741114]], [[-1.15385165214167, 44.819363671829], [-1.154010119034346, 44.819475667596755], [-1.154144232312152, 44.81959114617614], [-1.154435079592107, 44.819382675626215], [-1.154769964526191, 44.81918565516051], [-1.155130367322668, 44.81901294473076], [-1.155352282734248, 44.81892780111719], [-1.155220211224228, 44.818834462494756], [-1.155074063956156, 44.81870862381575], [-1.154824663027645, 44.818887392009636], [-1.154489780062579, 44.81908441262092], [-1.154129374839223, 44.819257120973795], [-1.15385165214167, 44.819363671829]], [[-1.153660492480407, 44.8256656735506], [-1.153789729615603, 44.82577694250119], [-1.154074765703532, 44.82557266116317], [-1.154409688789346, 44.82537564138048], [-1.154770132392302, 44.825202931766356], [-1.155046511210829, 44.825096904364315], [-1.154929840668186, 44.82501445830287], [-1.154765849713279, 44.82487326962013], [-1.154494977597026, 44.825067405661194], [-1.154160056647332, 44.825264425681226], [-1.153799610774941, 44.82543713331699], [-1.153499826352445, 44.82555213474643], [-1.153660492480407, 44.8256656735506]], [[-1.147109283970818, 44.82529727124044], [-1.146791470088684, 44.82541916454526], [-1.146970738393068, 44.82554587082779], [-1.147115141492105, 44.82567021885082], [-1.147405047805131, 44.82546248180817], [-1.147739993617267, 44.82526548216621], [-1.148100457011071, 44.82509279422591], [-1.148400250032092, 44.82497780740252], [-1.14823959649914, 44.82486426100748], [-1.148082200848847, 44.82472872685914], [-1.147804693078025, 44.82492758553207], [-1.14746974950671, 44.82512458534733], [-1.147109283970818, 44.82529727124044]], [[-1.140408956671881, 44.825157409350744], [-1.140076911112785, 44.82528473543003], [-1.140290984485316, 44.82543606781844], [-1.140424250589914, 44.82555084559931], [-1.140715331286505, 44.82534230193952], [-1.141050299832975, 44.8251453225007], [-1.141410783012274, 44.82497265630101], [-1.141728606039746, 44.82485077842664], [-1.141549351772864, 44.824724063703904], [-1.14138767203595, 44.82458481613072], [-1.141104408124789, 44.82478776565519], [-1.140769441899316, 44.82498474523404], [-1.140408956671881, 44.825157409350744]], [[-1.146224014503048, 44.837807538324554], [-1.146391481042821, 44.837925879271864], [-1.14651071641477, 44.838028534311135], [-1.146784416276853, 44.83783245565879], [-1.147119438011782, 44.837635457088524], [-1.147479982677668, 44.8374627704612], [-1.147786116179098, 44.83734537928489], [-1.147628853378607, 44.837234251673486], [-1.147512993804736, 44.837134504508086], [-1.147285328687321, 44.8372976089983], [-1.146950309548679, 44.83749460804759], [-1.146589763050454, 44.837667292955906], [-1.146224014503048, 44.837807538324554]], [[-1.15991062286664, 44.83196548492532], [-1.159994344268821, 44.83203754683671], [-1.160224176259201, 44.83187282179296], [-1.160559115334997, 44.83167578303909], [-1.160919580449689, 44.8315030530896], [-1.16124642971782, 44.831377653975636], [-1.161199709334567, 44.83134464753624], [-1.161072143812427, 44.831234849457616], [-1.16084557688416, 44.83139723967556], [-1.160510640473302, 44.831594279276025], [-1.160150173516246, 44.83176700790229], [-1.159812859632032, 44.83189641666856], [-1.15991062286664, 44.83196548492532]], [[-1.153489848129559, 44.831627145225994], [-1.153196616270848, 44.831739619797865], [-1.15336086411755, 44.831855678054744], [-1.15343525742718, 44.831919721905514], [-1.153654454231805, 44.83176264511219], [-1.153989415688038, 44.83156562619589], [-1.154349900290782, 44.83139291759425], [-1.154687223733377, 44.83126352545578], [-1.154589468140999, 44.83119445261329], [-1.154445774849879, 44.83107075160548], [-1.154185293594589, 44.831257418756145], [-1.153850334662516, 44.83145443824375], [-1.153489848129559, 44.831627145225994]], [[-1.146799520880621, 44.8314772831406], [-1.146498533636568, 44.83159270930289], [-1.146701108921337, 44.83173587444826], [-1.146831556800043, 44.83184819405684], [-1.147104731395503, 44.831652468985524], [-1.147439715159649, 44.831455469847796], [-1.147800219186414, 44.83128278253023], [-1.148093459462463, 44.83117032223557], [-1.147929224499309, 44.83105425620861], [-1.147765819386933, 44.830913561352084], [-1.147495008511233, 44.83110759861954], [-1.147160027014866, 44.83130459790165], [-1.146799520880621, 44.8314772831406]], [[-1.113504852914926, 44.818544544062505], [-1.113407168380709, 44.81857358818701], [-1.113433456912594, 44.81858884984977], [-1.113741601813798, 44.81880685528231], [-1.113903850168143, 44.81894670636533], [-1.113910485126335, 44.8189409166469], [-1.114216780593652, 44.81872159436759], [-1.114551802535321, 44.818524695370705], [-1.114912324639464, 44.81835211565179], [-1.115294875145374, 44.81820551701264], [-1.115376743447086, 44.81818117367614], [-1.115068744606886, 44.81796327822314], [-1.114889582054331, 44.81780884976603], [-1.114889238478084, 44.81780914958701], [-1.114582950607717, 44.81802847365629], [-1.114247931733182, 44.81822537271471], [-1.113887408401919, 44.818397950267276], [-1.113504852914926, 44.818544544062505]], [[-1.120245198786543, 44.81868442845401], [-1.120163331860646, 44.818708775387194], [-1.120471354537815, 44.81892665674995], [-1.120628076041298, 44.819061720211415], [-1.120640226133456, 44.819051116118835], [-1.120946495937684, 44.81883177525245], [-1.121281494957588, 44.81863485592668], [-1.121641997101919, 44.81846225433288], [-1.122024530802086, 44.81831563248347], [-1.122038792889426, 44.81831139068499], [-1.12175898862725, 44.81811347559424], [-1.121595955173197, 44.81797297421284], [-1.121323237265169, 44.818168292524945], [-1.120988241172554, 44.81836521194616], [-1.120627737642949, 44.81853781141002], [-1.120245198786543, 44.81868442845401]], [[-1.107552180109639, 44.830581952986066], [-1.107934833079899, 44.83043537913331], [-1.108076783676773, 44.83039319049569], [-1.108055944077047, 44.83038109300018], [-1.107747757762901, 44.83016307094054], [-1.107590431005218, 44.83002746710447], [-1.107323296880777, 44.830218678262526], [-1.10698817988692, 44.83041555619206], [-1.106627556045179, 44.830588110848325], [-1.106244898624756, 44.8307346802004], [-1.106064317173424, 44.83078834631482], [-1.106134406608827, 44.830829035364545], [-1.106442590315565, 44.83104706195279], [-1.10656969979191, 44.831156622124595], [-1.106856436280788, 44.83095138705114], [-1.107191556931981, 44.83075450948473], [-1.107552180109639, 44.830581952986066]], [[-1.127069103540329, 44.83086507725224], [-1.126708538492758, 44.831037697189466], [-1.1263259304041, 44.83118433580683], [-1.126273777935551, 44.83119984574671], [-1.126551850776328, 44.83139646871775], [-1.126713108824093, 44.83153538973424], [-1.126729267462352, 44.83152128800222], [-1.127035581467685, 44.83130192942177], [-1.127370633493908, 44.83110499089725], [-1.127731196939247, 44.83093236880483], [-1.128113799644766, 44.83078572535434], [-1.128119455840298, 44.83078404310319], [-1.127878492240036, 44.83061366482612], [-1.127697699038798, 44.83045791672487], [-1.127404152844157, 44.830668138654815], [-1.127069103540329, 44.83086507725224]], [[-1.120348794474826, 44.830715237553605], [-1.119988209744581, 44.830887835645086], [-1.119605585139576, 44.831034451083106], [-1.119502812275865, 44.83106500806768], [-1.119802098883432, 44.83127666782581], [-1.119973914970099, 44.831424710459366], [-1.119989526868268, 44.83141108821821], [-1.120295866583347, 44.83119174825099], [-1.120630941573567, 44.83099483008425], [-1.120991525016115, 44.83082222989811], [-1.121374144559579, 44.83067560969145], [-1.121426297893899, 44.830660102057024], [-1.121148246633583, 44.830463466289864], [-1.120972253530498, 44.83031182662978], [-1.120683866437987, 44.83051831925793], [-1.120348794474826, 44.830715237553605]], [[-1.113668487189532, 44.8305653968819], [-1.113307882902197, 44.83073797325641], [-1.112925241888068, 44.830884565651964], [-1.112783293690471, 44.8309267604987], [-1.112804134510332, 44.830938857108535], [-1.113112344698385, 44.831156865180084], [-1.113255123142105, 44.831279909544975], [-1.11354615266507, 44.83107156683596], [-1.113881250592154, 44.830874669059256], [-1.114241853995738, 44.830702090813716], [-1.114624490332282, 44.83055549388693], [-1.114727264916806, 44.83052494142567], [-1.114428001430079, 44.83031326803308], [-1.11427041941032, 44.830177467938285], [-1.114003581669299, 44.83036849876859], [-1.113668487189532, 44.8305653968819]], [[-1.127028302582353, 44.824867685091654], [-1.12664573733705, 44.825014324513006], [-1.126589349878342, 44.82503109591911], [-1.126851479619871, 44.82521646420398], [-1.127008071642208, 44.82535137905278], [-1.127019618476756, 44.82534130090269], [-1.127325897662121, 44.825121941968106], [-1.127660911824033, 44.82492500296871], [-1.128021434725335, 44.824752380285275], [-1.128396339959245, 44.824608670355666], [-1.128148862220712, 44.82443366845431], [-1.127996777377637, 44.82430263861938], [-1.127723838455705, 44.82449812530545], [-1.127388827059197, 44.82469506446703], [-1.127028302582353, 44.824867685091654]], [[-1.120307973871677, 44.82471782354719], [-1.119925392111596, 44.824864439789266], [-1.119839505649114, 44.82488997906919], [-1.120131726567948, 44.825096662426844], [-1.120288814933132, 44.82523202865111], [-1.120289877477145, 44.82523110141537], [-1.120596182330564, 44.82501176106634], [-1.120931219419085, 44.824814842394446], [-1.121291762284877, 44.82464224158474], [-1.12167433896724, 44.824495620642075], [-1.121730727355407, 44.82447885173679], [-1.121468617946513, 44.82429347139982], [-1.121292296345424, 44.824141533580374], [-1.121003552082831, 44.82434830590836], [-1.120668518029263, 44.82454522476826], [-1.120307973871677, 44.82471782354719]], [[-1.113018120636943, 44.83691798471437], [-1.112635436777183, 44.837064576408096], [-1.112480358559301, 44.837110668757724], [-1.112494473475315, 44.83711886064012], [-1.11280271636428, 44.83733687001393], [-1.112954239358797, 44.8374674372265], [-1.113255836467752, 44.83725155431558], [-1.113590972272086, 44.8370546570161], [-1.113951616232545, 44.83688207936365], [-1.114334295415072, 44.836735483140124], [-1.114436964438286, 44.83670496567006], [-1.114137630562831, 44.83649326379026], [-1.113980376238156, 44.83635775971032], [-1.113713897834079, 44.836548511293174], [-1.113378765479711, 44.83674540893126], [-1.113018120636943, 44.83691798471437]], [[-1.10093269710415, 44.823908845203874], [-1.10059759535036, 44.824105703422646], [-1.100236992379026, 44.82427823695012], [-1.099854361258403, 44.82442478395888], [-1.099671077480108, 44.82447924676745], [-1.099774339737392, 44.82453921013074], [-1.100082464273082, 44.82475725392937], [-1.100205113345327, 44.82486299849179], [-1.100487034205557, 44.82466122062875], [-1.100822139659278, 44.82446436270768], [-1.101182742028414, 44.82429182726779], [-1.101565368779544, 44.82414527568448], [-1.101714809522455, 44.824100866115565], [-1.101646010402982, 44.824060916876036], [-1.101337883618736, 44.82384287746978], [-1.101195895664898, 44.823720460818315], [-1.10093269710415, 44.823908845203874]], [[-1.094262412723373, 44.823759024395336], [-1.093927288497826, 44.82395586245778], [-1.093566666010084, 44.82412837429711], [-1.093184018516463, 44.82427489829481], [-1.092966892049414, 44.82433940226043], [-1.093104611235619, 44.824419388427195], [-1.093412709234053, 44.82463745073871], [-1.09354597644716, 44.82475236994825], [-1.093827316054744, 44.82455104167621], [-1.094162444179833, 44.824354203876936], [-1.094523066287822, 44.824181690088245], [-1.094905709655305, 44.82403516147707], [-1.095088996603282, 44.82398070654853], [-1.09498574037189, 44.823920738835874], [-1.094677640198962, 44.82370268094423], [-1.094525032594131, 44.82357108547262], [-1.094262412723373, 44.823759024395336]], [[-1.100317873487723, 44.83027571525384], [-1.099957230060788, 44.830448248223725], [-1.099574556194877, 44.83059479456619], [-1.099378131228454, 44.83065315539435], [-1.09947467774089, 44.83070921337779], [-1.099782834948177, 44.8309272584527], [-1.099911491901145, 44.83103817173055], [-1.100186718556852, 44.830841207813066], [-1.100521861919233, 44.83064435039731], [-1.100882504871072, 44.830471815581205], [-1.101265174488175, 44.8303252647341], [-1.101445759034538, 44.83027160643791], [-1.101375673689789, 44.83023091443423], [-1.101067514120446, 44.83001287383277], [-1.100921317021096, 44.82988684090728], [-1.100653013017754, 44.83007885747864], [-1.100317873487723, 44.83027571525384]], [[-1.093667567499011, 44.83012587381201], [-1.093306904615146, 44.830298385158706], [-1.092924214426823, 44.83044490855906], [-1.092674092461356, 44.830519206087885], [-1.092794949683835, 44.830589391942034], [-1.093103080311979, 44.830807455557576], [-1.093240552774779, 44.830925989207465], [-1.093527000969483, 44.83072102886812], [-1.093862166945894, 44.83052419157487], [-1.094222829574376, 44.83035167841061], [-1.094605515741347, 44.83020515053618], [-1.094801944098321, 44.83014679816496], [-1.094705403214157, 44.830090736126465], [-1.094397270298034, 44.8298726770118], [-1.094254059615663, 44.829749197063066], [-1.094002729433, 44.82992903613279], [-1.093667567499011, 44.83012587381201]], [[-1.087017261493153, 44.829976032352256], [-1.086656579155022, 44.83014852207455], [-1.086273872647089, 44.83029502253172], [-1.085985126614639, 44.83038077299126], [-1.086155220465996, 44.830479569446496], [-1.086463324722976, 44.83069765149077], [-1.086576067306501, 44.83079487904665], [-1.086847284231176, 44.830600849402174], [-1.087182472889184, 44.830404032293245], [-1.087543155253049, 44.830231540847045], [-1.087925858019236, 44.830085036015305], [-1.088175984329997, 44.83001074920008], [-1.088055134121748, 44.829940558328666], [-1.087747027838114, 44.829722480758626], [-1.087604068633151, 44.829599196168864], [-1.087352445828603, 44.82977921477039], [-1.087017261493153, 44.829976032352256]], [[-1.073207544159904, 44.872659635397966], [-1.072805339887536, 44.872542006081595], [-1.072421288679299, 44.872396909142225], [-1.072059089551219, 44.87222574215325], [-1.071722230950775, 44.87203015378057], [-1.0714139571508, 44.87181202789608], [-1.071291005500949, 44.87170603071051], [-1.071034005526456, 44.87188968510552], [-1.070698512613629, 44.87208645606885], [-1.070337509644426, 44.87225889509086], [-1.069954473540244, 44.872405341254236], [-1.069553093535324, 44.872524383990466], [-1.069137235632528, 44.87261487667241], [-1.068784004435376, 44.87266547648666], [-1.068826348489476, 44.87267138933134], [-1.069242825019822, 44.87276043444335], [-1.069645023393075, 44.87287807667099], [-1.070029070717888, 44.87302318323408], [-1.070391268801486, 44.873194356887566], [-1.070728129750191, 44.87338994936987], [-1.071036409549292, 44.87360807726735], [-1.071172620134874, 44.87372550187507], [-1.071445642560086, 44.87353040322022], [-1.071781141482421, 44.87333362990961], [-1.072142146927942, 44.87316118613574], [-1.072525182482321, 44.8730147323913], [-1.072926559690924, 44.87289567889394], [-1.073342413565764, 44.87280517201343], [-1.073681136833469, 44.87275663611089], [-1.073624027550483, 44.87274866407799], [-1.073207544159904, 44.872659635397966]], [[-1.066567196415122, 44.87252954661726], [-1.066165006987433, 44.8724118932552], [-1.065780973830256, 44.87226677335689], [-1.065418795785676, 44.87209558471686], [-1.065081961098017, 44.87189997620953], [-1.064773713809703, 44.87168183190071], [-1.064651012854182, 44.87157603247563], [-1.064393723111425, 44.871759863438825], [-1.064058207705023, 44.871956614331566], [-1.06369718517887, 44.87212903175855], [-1.063314132642816, 44.872275455010566], [-1.062912739489444, 44.87239447373974], [-1.062496871848325, 44.87248494155014], [-1.062143933232932, 44.87253547760672], [-1.062186707722702, 44.87254145322653], [-1.062603172758123, 44.87263052323632], [-1.063005356287997, 44.87274818950675], [-1.063389385563841, 44.872893319026105], [-1.063751562566607, 44.873064514328334], [-1.064088399605521, 44.87326012694332], [-1.064396652896023, 44.87347827326358], [-1.064519016032091, 44.873583778584695], [-1.064775926227697, 44.8734002240795], [-1.065111447745486, 44.87320347092822], [-1.065472472837168, 44.87303104884459], [-1.065855524899323, 44.872884618112366], [-1.066256915318432, 44.87276558872764], [-1.066672778979369, 44.87267510682794], [-1.067026012139597, 44.8726245137292], [-1.066983668310449, 44.87261860019811], [-1.066567196415122, 44.87252954661726]], [[-1.059926848682433, 44.87239945781553], [-1.059524674102199, 44.87228178040862], [-1.059140658998716, 44.872136637552394], [-1.0587785020401, 44.87196542726252], [-1.058441691267498, 44.87176979862194], [-1.058133470492901, 44.87155163589035], [-1.058011020205921, 44.87144603427479], [-1.0577534406766, 44.87163004175565], [-1.0574179027791, 44.87182677257635], [-1.057056860698642, 44.87199916840714], [-1.056673791733499, 44.87214556874676], [-1.056272385434574, 44.87226456346802], [-1.055856508058119, 44.87235500640624], [-1.055528860553623, 44.872401900876405], [-1.055943521277809, 44.87249061232685], [-1.056345689847987, 44.872608302711285], [-1.056729700952142, 44.87275345525461], [-1.057091856746127, 44.87292467226903], [-1.057428669743312, 44.87312030507538], [-1.057736896390554, 44.8733384698717], [-1.057874411810316, 44.873457060594156], [-1.058136208670354, 44.87327004576145], [-1.058471752675991, 44.8730733126803], [-1.058832797319064, 44.8729009121906], [-1.059215865807966, 44.872754504368146], [-1.059617269371079, 44.87263549898844], [-1.060033142766773, 44.872545041957885], [-1.060386083341985, 44.872494512609904], [-1.06034330907962, 44.872488536296586], [-1.059926848682433, 44.87239945781553]], [[-1.05288434123184, 44.87215166754185], [-1.052500344184682, 44.87200650172876], [-1.052138208314495, 44.87183526979025], [-1.051801421459221, 44.871639621017785], [-1.051493227200398, 44.87142143986496], [-1.051371027556179, 44.87131603610797], [-1.051113158221985, 44.871500220055964], [-1.050777597835865, 44.87169693080325], [-1.050416536203743, 44.87186930503662], [-1.050033450812298, 44.872015682462795], [-1.04963203137072, 44.87213465317532], [-1.049216144261916, 44.872225071240706], [-1.048918912484553, 44.87226759411419], [-1.048947423792627, 44.87227158070702], [-1.049363865818836, 44.872360700360176], [-1.049766019665856, 44.87247841456845], [-1.050150012870894, 44.87262358985852], [-1.050512147762084, 44.87279482832358], [-1.050848937053991, 44.872990481077885], [-1.051157137421652, 44.8732086641274], [-1.051251822944689, 44.873290333269715], [-1.05147649249418, 44.87312986692997], [-1.051812058995487, 44.87293315398139], [-1.052173123184396, 44.87276077515238], [-1.05255620808117, 44.87261439031022], [-1.052957624756272, 44.87249540900905], [-1.053373507841878, 44.87240497692346], [-1.05370115716434, 44.87235808881274], [-1.053286500961844, 44.8722693689928], [-1.05288434123184, 44.87215166754185]], [[-1.052122335519827, 44.86677316631596], [-1.052483359148391, 44.86660078681556], [-1.05286640121304, 44.86645440118977], [-1.053267773196644, 44.86633541900033], [-1.05368361016167, 44.866244985930344], [-1.054005885397753, 44.8661988609784], [-1.054003083249878, 44.866198469259466], [-1.053586679560653, 44.86610936717899], [-1.053184563317055, 44.86599166704576], [-1.052800607616878, 44.865846502555215], [-1.052438510555972, 44.86567527193142], [-1.052101759598471, 44.865479624453116], [-1.05179359798017, 44.86526144456146], [-1.051681941287649, 44.86516512505675], [-1.051422844377653, 44.865350207168014], [-1.051087321826242, 44.86554691846637], [-1.050726300687696, 44.865719293369686], [-1.050343258058655, 44.86586567157831], [-1.049941883236396, 44.86598464317818], [-1.049526042174004, 44.86607506222732], [-1.049226740287829, 44.86611788672925], [-1.049613689823963, 44.866200702826994], [-1.050015800079505, 44.86631841590013], [-1.050399751807185, 44.86646359004232], [-1.0507618477345, 44.86663482735784], [-1.051098600951205, 44.86683047897198], [-1.051406768479733, 44.86704866090167], [-1.051528958904532, 44.867154064476345], [-1.051786806916528, 44.86696987981727], [-1.052122335519827, 44.86677316631596]], [[-1.052422612434053, 44.86061317844037], [-1.052783595541779, 44.86044079830301], [-1.053166594809675, 44.86029441192976], [-1.053567922132677, 44.86017542888951], [-1.053983713003243, 44.860084994873596], [-1.054296143274049, 44.860040273280276], [-1.054283215523559, 44.86003846591908], [-1.053866857063174, 44.85994936506473], [-1.053464784338455, 44.859831666178074], [-1.053080870027978, 44.85968650294257], [-1.052718811828907, 44.85951527357015], [-1.05238209683106, 44.859319627327544], [-1.052073967923895, 44.859101448643955], [-1.051957453295786, 44.85900092838062], [-1.051692528410691, 44.859190195321226], [-1.051357043605398, 44.85938690704691], [-1.050996062893135, 44.85955928248765], [-1.050613062981151, 44.859705661338594], [-1.050211732755245, 44.859824633679516], [-1.049795937738903, 44.85991505356128], [-1.049488746855644, 44.85995901233134], [-1.049507159325615, 44.85996158731144], [-1.049923510959222, 44.8600507045159], [-1.050325577830101, 44.86016841623568], [-1.050709488312877, 44.86031358902138], [-1.05107154553218, 44.860484824990294], [-1.051408262950489, 44.860680475280745], [-1.051716397934969, 44.86089865592237], [-1.051828046204002, 44.86099497526104], [-1.052087121685501, 44.86080989246196], [-1.052422612434053, 44.86061317844037]], [[-1.047226509165086, 44.85982927623128], [-1.046824451218077, 44.85971155330114], [-1.046440554893815, 44.8595663671094], [-1.046078517716146, 44.859395116089075], [-1.045741826572329, 44.85919944971538], [-1.045433724121981, 44.85898125261147], [-1.045329235765517, 44.85889109211836], [-1.045092247661207, 44.85906037253015], [-1.044756740514422, 44.85925706430203], [-1.044395740379788, 44.85942941827431], [-1.044012724151704, 44.85957577434889], [-1.043611380873205, 44.85969472282495], [-1.043195576193556, 44.859785117983186], [-1.042878791102099, 44.859830430169694], [-1.042887517364569, 44.85983165107847], [-1.043303857529314, 44.85992079310375], [-1.043705909594125, 44.86003852879131], [-1.044089802076136, 44.860183724460974], [-1.044451838273232, 44.86035498200971], [-1.044788531850239, 44.860550652368], [-1.04509664040381, 44.86076885137225], [-1.045209851179911, 44.86086653559325], [-1.045457403156375, 44.860689714438436], [-1.045792916407992, 44.86049302045878], [-1.046153919091537, 44.860320661884614], [-1.046536934819584, 44.86017429838812], [-1.046938275328647, 44.86005533931796], [-1.047354075984277, 44.85996493013459], [-1.047661268570681, 44.85992097727098], [-1.047642856198666, 44.85991840198478], [-1.047226509165086, 44.85982927623128]], [[-1.079755895253995, 44.866512118559605], [-1.079371867327263, 44.86636704593722], [-1.079009685907014, 44.86619590194772], [-1.078672839270251, 44.86600033503549], [-1.078364571574676, 44.86578222886571], [-1.078231974071456, 44.86566792436506], [-1.077963972585813, 44.865859494398336], [-1.077628539984315, 44.86605628592069], [-1.077267597063404, 44.866228747140624], [-1.076884620166008, 44.866375216927075], [-1.07648329795599, 44.866494284484], [-1.076067495879417, 44.86658480294516], [-1.075749286054979, 44.8666304115326], [-1.075755856324502, 44.8666313286627], [-1.076172299044327, 44.86672034761471], [-1.076574468671518, 44.86683796451853], [-1.076958492591546, 44.86698304683777], [-1.077320672837057, 44.86715419756092], [-1.077657521686215, 44.86734976864714], [-1.077965795240926, 44.86756787688885], [-1.078111654059698, 44.86769360984014], [-1.078395675241994, 44.86749059446546], [-1.078731113722853, 44.86729380053566], [-1.079092058994798, 44.86712133449971], [-1.079475035222832, 44.86697485706464], [-1.079876354523478, 44.86685577867624], [-1.080292152466245, 44.86676524594398], [-1.080595861666933, 44.86672170290481], [-1.080574520581251, 44.86671872491675], [-1.080158070895381, 44.86662972247568], [-1.079755895253995, 44.866512118559605]], [[-1.079352297458016, 44.86096134516283], [-1.079735230999955, 44.860814867118464], [-1.080136505729663, 44.860695788024074], [-1.080552257645775, 44.86060525449589], [-1.080920937744921, 44.860552389815496], [-1.080894655068021, 44.86054872194912], [-1.080478250627693, 44.86045972088432], [-1.08007611850041, 44.86034211835993], [-1.079692131937172, 44.86019704713125], [-1.079329989331374, 44.86002590452404], [-1.078993178586158, 44.859830338969374], [-1.078684943513547, 44.85961223411936], [-1.078556549421157, 44.85950154211355], [-1.078293658446271, 44.859689480932424], [-1.077958263851728, 44.859886273062536], [-1.077597361597824, 44.86005873501417], [-1.07721442763578, 44.86020520564924], [-1.076813150215875, 44.860324274163474], [-1.076397394352715, 44.86041479368146], [-1.076024068402583, 44.8604683088173], [-1.076045723620686, 44.86047133189223], [-1.076462121121964, 44.86056034958191], [-1.076864247243578, 44.86067796520459], [-1.07724822978988, 44.860823046236156], [-1.077610371191886, 44.86099419567751], [-1.077947184101788, 44.86118976550015], [-1.078255424967583, 44.861407872508686], [-1.07838801246013, 44.86152217682574], [-1.078655991800939, 44.86133060603452], [-1.078991392576317, 44.861133811705486], [-1.079352297458016, 44.86096134516283]], [[-1.079672533393824, 44.85479135710112], [-1.080055424034312, 44.85464487824263], [-1.080456654004132, 44.854525798227115], [-1.080872359732874, 44.85443526367965], [-1.081246005712614, 44.85438168003631], [-1.081224790070076, 44.85437871904307], [-1.0808084308496, 44.854289719393044], [-1.080406342206013, 44.854172118297875], [-1.08002239697144, 44.85402704849911], [-1.079660293141177, 44.85385590730874], [-1.07932351824488, 44.85366034314416], [-1.079015315749305, 44.853442239644124], [-1.078888399021347, 44.85333281044616], [-1.078613344491469, 44.85352946771662], [-1.078277987800862, 44.85372626042271], [-1.077917126110161, 44.85389872307217], [-1.077534234979875, 44.854045194520175], [-1.077133002247701, 44.85416426395462], [-1.076717292497765, 44.85425478449125], [-1.076382415300961, 44.85430279435276], [-1.076791940859527, 44.85439035105802], [-1.077194023497181, 44.85450796525294], [-1.077577964713698, 44.85465304485643], [-1.077940067338039, 44.854824192883065], [-1.078276844395798, 44.85501976131798], [-1.078585052680217, 44.85523786697915], [-1.078713437082003, 44.855348558800344], [-1.078976306333899, 44.85516061924968], [-1.079311669142068, 44.854963824342995], [-1.079672533393824, 44.85479135710112]], [[-1.080002768797908, 44.848621369275754], [-1.080385616520205, 44.84847488957035], [-1.080786801718681, 44.84835580859889], [-1.081202461253985, 44.84826527299572], [-1.081566277778814, 44.84821309223417], [-1.081534923953678, 44.848208715910694], [-1.081118609974907, 44.84811971760142], [-1.080716564847437, 44.848002117864354], [-1.080332660984197, 44.84785704942796], [-1.079970595981974, 44.84768590959108], [-1.079633856996437, 44.847490346758114], [-1.079325687148474, 44.84727224455496], [-1.079198440492172, 44.84716251993337], [-1.078923029659099, 44.847359454735965], [-1.07858771088885, 44.84755624798499], [-1.078226889786067, 44.84772871129725], [-1.077844041520312, 44.84787518352156], [-1.077442853516382, 44.847994253838365], [-1.077027189927534, 44.84808477535486], [-1.076663663975043, 44.848136899088416], [-1.076695454298356, 44.84814133779207], [-1.0771117614288, 44.84823035269138], [-1.077513800642588, 44.84834796549388], [-1.077897700580828, 44.848493043702675], [-1.078259764469933, 44.84866419034585], [-1.078596505708482, 44.84885975742182], [-1.078904681434652, 44.84907786176164], [-1.079031588580457, 44.84918729079051], [-1.079306620383765, 44.84899063275976], [-1.079641945197955, 44.848793837247456], [-1.080002768797908, 44.848621369275754]], [[-1.080313005111572, 44.8424513810686], [-1.080695809977158, 44.84230490058686], [-1.081096950456419, 44.84218581873311], [-1.081512563840562, 44.84209528215013], [-1.081866550689669, 44.84204450473279], [-1.081825056719193, 44.84203871255201], [-1.081408788003978, 44.84194971550947], [-1.081006786425029, 44.84183211705937], [-1.080622923975776, 44.84168704991777], [-1.080260897854084, 44.8415159113711], [-1.079924194841124, 44.841320349811255], [-1.079616057711326, 44.84110224885191], [-1.07949754857065, 44.84100004834287], [-1.079232714895177, 44.84118944172916], [-1.078897434037037, 44.8413862355189], [-1.078536653513342, 44.84155869949203], [-1.078153848102793, 44.841705172491], [-1.077752704817377, 44.84182424368881], [-1.077337087379576, 44.84191476618415], [-1.076973527386214, 44.84196690147622], [-1.077005320403017, 44.84197134094247], [-1.077421582301961, 44.8420603545012], [-1.077823578008821, 44.84217796594577], [-1.078207436583594, 44.8423230427924], [-1.078569461650968, 44.84249418808225], [-1.078906166983337, 44.84268975382678], [-1.07921431006465, 44.842907856869864], [-1.079341547114769, 44.84301758132156], [-1.079616935194649, 44.842820645758465], [-1.079952222093183, 44.842623849703145], [-1.080313005111572, 44.8424513810686]], [[-1.100043347004819, 44.85439745770235], [-1.099681179793303, 44.8542263818032], [-1.099344332976319, 44.854030878359566], [-1.099036050713607, 44.853812830425426], [-1.098883887701843, 44.85368170208968], [-1.09859419215805, 44.85388893093376], [-1.0982589033394, 44.85408578401805], [-1.09789810070296, 44.85425831163428], [-1.097515259240186, 44.85440485201207], [-1.097114066310161, 44.854523993675315], [-1.096698386113448, 44.85461458904409], [-1.096324174332551, 44.854668307816276], [-1.096344508042289, 44.854671142834846], [-1.096760894700264, 44.85476008422424], [-1.097163021787794, 44.85487762610177], [-1.097547017100077, 44.85502263665355], [-1.097909182945403, 44.855193719559125], [-1.098246031740838, 44.85538922743071], [-1.098554319589107, 44.85560727766953], [-1.09870614075684, 44.855738108125955], [-1.09899545645397, 44.855531157103826], [-1.099330751319479, 44.855334301703266], [-1.099691556467145, 44.85516176937087], [-1.100074397410993, 44.85501522145208], [-1.100475587569937, 44.854896069071444], [-1.10089126375672, 44.8548054595509], [-1.101265762990674, 44.854751683607866], [-1.101245873349125, 44.85474891142283], [-1.100829479672415, 44.85465998685634], [-1.100427346470479, 44.854542458268455], [-1.100043347004819, 44.85439745770235]], [[-1.093343029293144, 44.8542673207702], [-1.092980883330444, 44.85409622301944], [-1.092644060617538, 44.853900699253614], [-1.092335805081915, 44.85368263272234], [-1.092208380913889, 44.853572804211716], [-1.091933909622548, 44.85376910987799], [-1.09159859817743, 44.8539659428376], [-1.091237775853584, 44.85413844879949], [-1.090854917832179, 44.85428496620169], [-1.09045371163186, 44.85440408378953], [-1.090038021581072, 44.85449465421491], [-1.089669023031292, 44.85454760169867], [-1.089694867930046, 44.85455120672824], [-1.090111243167478, 44.85464017305559], [-1.090513355478992, 44.85475773901575], [-1.090897332802005, 44.8549027725629], [-1.091259477617951, 44.855073877155135], [-1.091596302546313, 44.85526940519588], [-1.09190456391955, 44.8554874738921], [-1.092027113119471, 44.85559309790855], [-1.092295741187251, 44.85540097709063], [-1.092631058756452, 44.85520414193426], [-1.092991883647214, 44.8550316313845], [-1.093374741183532, 44.85488510657704], [-1.093775944624625, 44.854765978413894], [-1.094191630655402, 44.854675393983776], [-1.094565844523025, 44.85462168240014], [-1.094545510920979, 44.854618847055804], [-1.094129128818414, 44.85452989736098], [-1.093727010570002, 44.85441234450683], [-1.093343029293144, 44.8542673207702]], [[-1.086682713123553, 44.85414718464428], [-1.086320588225827, 44.853976065173114], [-1.085983789420079, 44.853780521207206], [-1.085675560403441, 44.85356243619079], [-1.085548389968569, 44.853452807311726], [-1.085273627067019, 44.853649288805606], [-1.084938292997916, 44.85384610163917], [-1.084577450989316, 44.85401858594544], [-1.084194576412074, 44.85416508037107], [-1.08379335694437, 44.85428417388264], [-1.083377657042509, 44.85437471936396], [-1.083004013142825, 44.85442831018198], [-1.083025228897887, 44.854431270835235], [-1.083441592680186, 44.85452026217492], [-1.083843690171028, 44.85463785228929], [-1.084227649450475, 44.854782908899935], [-1.084589773173634, 44.85495403524289], [-1.084926574163009, 44.85514958351207], [-1.085234808981489, 44.85536767071966], [-1.085366173099147, 44.85548091193142], [-1.085646023335856, 44.85528079843066], [-1.085981363490742, 44.855083983368225], [-1.086342208032618, 44.85491149443928], [-1.086725082096337, 44.854764992571305], [-1.087126298782046, 44.8546458884454], [-1.087541994647182, 44.85455532891885], [-1.087910995252757, 44.85450238850515], [-1.087885150490971, 44.854498783060336], [-1.087468779827993, 44.85440980838758], [-1.087066676380595, 44.854292231412494], [-1.086682713123553, 44.85414718464428]], [[-1.100261783885304, 44.841876385380324], [-1.099925009098121, 44.841680884481256], [-1.099616792352219, 44.841462839032864], [-1.09947938275682, 44.84134440088132], [-1.099193561536594, 44.841548905484544], [-1.098858348466557, 44.84174575959167], [-1.098497626923949, 44.84191828846623], [-1.098114871119127, 44.8420648303256], [-1.097713767586055, 44.842183973679575], [-1.097298179664134, 44.84227457093182], [-1.096943609478743, 44.8423254831252], [-1.096984239366923, 44.84233114891231], [-1.097400535574793, 44.84242008754674], [-1.097802575669757, 44.84253762663752], [-1.098186488284587, 44.84268263439758], [-1.098548576523832, 44.84285371453331], [-1.098885353551841, 44.843049219683664], [-1.099193576162441, 44.843267267276005], [-1.099330646139265, 44.84338540960043], [-1.099616086871877, 44.84318118308202], [-1.099951305851899, 44.842984326594234], [-1.100312029775118, 44.84281179293512], [-1.100694784937672, 44.842665243462896], [-1.101095885584414, 44.84254608931707], [-1.101511469389914, 44.842455477836566], [-1.101866334836278, 44.84240450816231], [-1.101826138864439, 44.842398904727574], [-1.101409835807713, 44.84230998269356], [-1.10100778979495, 44.842192456678454], [-1.100623873247762, 44.842047458700634], [-1.100261783885304, 44.841876385380324]], [[-1.093581487919626, 44.84175622707952], [-1.093244737101295, 44.84156070591834], [-1.092936546943769, 44.841342641927724], [-1.092799393652964, 44.84122440407257], [-1.092513278237228, 44.84142908496613], [-1.09217804247524, 44.841625918888305], [-1.091817301187731, 44.8417984260436], [-1.091434528775322, 44.84194494485859], [-1.091033411932015, 44.84206406406496], [-1.090617814125477, 44.84215463629902], [-1.090268466558656, 44.84220477681509], [-1.09031460026588, 44.84221121299651], [-1.09073088502452, 44.842300176643846], [-1.09113291030532, 44.842417739889626], [-1.091516804883638, 44.84256277071417], [-1.091878872037623, 44.84273387260178], [-1.092215625134577, 44.84292939798191], [-1.09252382119868, 44.84314746408715], [-1.092656100324318, 44.8432614969854], [-1.092936370178859, 44.84306100359912], [-1.093271611847586, 44.84286416729437], [-1.093632355512791, 44.84269165535221], [-1.094015127280594, 44.84254512892176], [-1.094416241236031, 44.84242599892063], [-1.094831834925581, 44.84233541245524], [-1.095186407087362, 44.84228450700818], [-1.095145777414243, 44.842278840563004], [-1.09472948582288, 44.84218989347549], [-1.094327454646489, 44.842072343266246], [-1.093943556163709, 44.84192732218668], [-1.093581487919626, 44.84175622707952]], [[-1.086901191974027, 44.841636068760586], [-1.086564465126854, 44.84144052733872], [-1.086256301559797, 44.84122244480741], [-1.086137541104146, 44.84112004532585], [-1.085872996576148, 44.8413092633559], [-1.085537738264851, 44.84150607721254], [-1.085176977357932, 44.841678562777375], [-1.084794188445063, 44.84182505868487], [-1.084393058379256, 44.84194415388737], [-1.083977450755595, 44.84203470125241], [-1.083623465876331, 44.842085485402144], [-1.083664960066765, 44.84209127691067], [-1.08408123340493, 44.84218026549527], [-1.08448324391062, 44.84229785282274], [-1.084867120501401, 44.84244290664155], [-1.08522916662855, 44.84261403021458], [-1.085565895861758, 44.84280957576244], [-1.085874065454913, 44.8430276603235], [-1.085997022077046, 44.843133675066284], [-1.086266653091365, 44.842940824401694], [-1.086601917411267, 44.842744008251174], [-1.086962680785091, 44.842571517994706], [-1.087345469129259, 44.8424250145726], [-1.087746596369262, 44.84230590868086], [-1.088162199923725, 44.84221534719381], [-1.088511549436074, 44.84216521330734], [-1.088465415973208, 44.84215877637653], [-1.088049135850141, 44.842069804236175], [-1.087647119512934, 44.84195222983365], [-1.087263239097232, 44.841807185653366], [-1.086901191974027, 44.841636068760586]], [[-1.084103208173281, 44.848114163766226], [-1.08368755443166, 44.848204710227364], [-1.083323739931773, 44.84825689794153], [-1.08335509392316, 44.848261273759825], [-1.083771412494315, 44.84835026368496], [-1.084173466508782, 44.84846785237031], [-1.084557384465221, 44.848612907551264], [-1.084919469416617, 44.84878403247759], [-1.085256234558817, 44.84897957935688], [-1.08556443679991, 44.84919766521466], [-1.085691597632551, 44.84930729392458], [-1.085966337833183, 44.8491108116719], [-1.086301640031417, 44.8489139960341], [-1.086662443954146, 44.84874150640792], [-1.087045275127348, 44.84859500372756], [-1.087446447064137, 44.84847589868195], [-1.087862096752797, 44.84838533813717], [-1.088221271931812, 44.848333800755874], [-1.08818528379108, 44.84832877983155], [-1.08776895838714, 44.848239806462], [-1.087366898478642, 44.84812223080875], [-1.08698297662095, 44.847977185368286], [-1.086620890584248, 44.84780606721798], [-1.086284127726886, 44.84761052455333], [-1.085975931399769, 44.847392440806004], [-1.085852965495487, 44.847286425893145], [-1.085583312201961, 44.84747927582505], [-1.085248016050922, 44.84767608920147], [-1.084887214628284, 44.8478485741705], [-1.08450438291397, 44.847995069372374], [-1.084103208173281, 44.848114163766226]], [[-1.099634671337984, 44.8478508814298], [-1.099326421864677, 44.84763283473765], [-1.09918934153241, 44.84751469224496], [-1.098903877227631, 44.8477189179534], [-1.098568626322457, 44.847915771580396], [-1.09820786426806, 44.84808829985928], [-1.097825065665012, 44.84823484101316], [-1.097423917459539, 44.84835398355859], [-1.097008283421371, 44.84844457990706], [-1.096643892328329, 44.8484968956201], [-1.096674373145422, 44.848501145760494], [-1.097090714589258, 44.8485900857354], [-1.097492798196698, 44.848707626183995], [-1.09787675218157, 44.848852635306145], [-1.09823887925009, 44.84902371679513], [-1.098575692192711, 44.84921922327687], [-1.098883947457415, 44.8494372721659], [-1.099036098971471, 44.84956840032176], [-1.099325770602383, 44.84936117061374], [-1.099661027480775, 44.849164314607734], [-1.100021791982484, 44.84899178154572], [-1.100404590012915, 44.848845232780185], [-1.100805735404173, 44.848726079443814], [-1.101221365400022, 44.848635468867755], [-1.101611532860326, 44.848579435776934], [-1.101536006215961, 44.84856890808746], [-1.101119657891234, 44.84847998478684], [-1.100717568324421, 44.84836245748488], [-1.100333610356687, 44.84821745821234], [-1.099971482106169, 44.848046383601925], [-1.099634671337984, 44.8478508814298]], [[-1.092954399312912, 44.847730702866336], [-1.092646176431067, 44.84751263763193], [-1.092513887314772, 44.84739860456435], [-1.092233594310183, 44.847599097166324], [-1.091898320745791, 44.84779593063852], [-1.091537538975235, 44.84796843723059], [-1.09115472378907, 44.84811495537449], [-1.090753562293327, 44.84823407380842], [-1.090337918385807, 44.84832464517609], [-1.089978745207445, 44.84837618940633], [-1.090014733538848, 44.84838120974928], [-1.090431063547801, 44.84847017469961], [-1.090833132360151, 44.84858773926701], [-1.091217068332134, 44.84873277141908], [-1.091579174343336, 44.84890387462736], [-1.091915963386894, 44.84909940130854], [-1.092224192140832, 44.84931746868273], [-1.092351606686543, 44.84942729702421], [-1.092626055302614, 44.84923099060062], [-1.09296133488241, 44.84903415483873], [-1.093322119125266, 44.84886164355932], [-1.093704933746579, 44.848715117905044], [-1.09410609241877, 44.848595988786094], [-1.094521732257786, 44.84850540330039], [-1.094886125382377, 44.848453094553875], [-1.094855644726672, 44.84844884392249], [-1.094439307868793, 44.848359895568336], [-1.094037233140197, 44.84824234407219], [-1.09365329323906, 44.84809732169788], [-1.093291186109432, 44.84792622530059], [-1.092954399312912, 44.847730702866336]], [[-1.099350876076155, 44.86039637902042], [-1.09901399340176, 44.86020087418676], [-1.09870567855271, 44.85998282490266], [-1.098553845911183, 44.859851994267196], [-1.098264506327598, 44.86005894442567], [-1.097929179517113, 44.86025579690455], [-1.097568336228348, 44.86042832379126], [-1.097185451844332, 44.86057486332225], [-1.096784214137588, 44.86069400402973], [-1.096368487740017, 44.860784598342896], [-1.095973749301896, 44.86084125638083], [-1.096044641524104, 44.86085113964616], [-1.096461073527715, 44.86094008233678], [-1.096863244239192, 44.861057625533654], [-1.097247281033716, 44.86120263741015], [-1.097609485820165, 44.86137372163306], [-1.097946370640633, 44.86156923080193], [-1.09825469125093, 44.86178728230549], [-1.098383504071618, 44.86189827445252], [-1.098645142535124, 44.86171114307495], [-1.098980475525831, 44.86151428834181], [-1.099341321453994, 44.8613417568054], [-1.099724205440962, 44.861195209803526], [-1.100125440491211, 44.86107605845187], [-1.100541162985267, 44.86098545006247], [-1.100960821206493, 44.86092519734372], [-1.10091573846408, 44.860918914330476], [-1.100499299562998, 44.86082998834931], [-1.100097122871762, 44.86071245833227], [-1.099713082070803, 44.860567456336355], [-1.099350876076155, 44.86039637902042]], [[-1.092650579582351, 44.86026622023607], [-1.092313721014883, 44.86007069508016], [-1.092005432896043, 44.85985262719894], [-1.091882874442141, 44.85974700301399], [-1.091614224174061, 44.859939123101114], [-1.091278874769871, 44.86013595548551], [-1.09091801182247, 44.86030846075027], [-1.090535110904318, 44.86045497734014], [-1.090133859947269, 44.86057409400827], [-1.089718123710915, 44.860664663415406], [-1.089354088430213, 44.86071689200383], [-1.089385001805865, 44.860721203645674], [-1.089801422297458, 44.860810171311535], [-1.090203578138531, 44.86092773862691], [-1.090587596847392, 44.861072773532925], [-1.090949780506991, 44.86124387947461], [-1.091286641362778, 44.86143940884237], [-1.091594935401238, 44.86165747883041], [-1.091728030664301, 44.86177218091749], [-1.091995425227935, 44.86158096440577], [-1.092330780749388, 44.86138412976586], [-1.092691646269015, 44.861211619849655], [-1.093074546719597, 44.86106509578674], [-1.093475794947152, 44.860945968471945], [-1.093891527205385, 44.860855384985825], [-1.094286267843395, 44.86079873435087], [-1.094215375996802, 44.86078884996294], [-1.09379894867139, 44.86069989885342], [-1.093396786935561, 44.86058234457008], [-1.093012764325633, 44.86043731940361], [-1.092650579582351, 44.86026622023607]], [[-1.085663450206135, 44.85995051730032], [-1.085355188570534, 44.85973243096169], [-1.085223814530458, 44.85961918958221], [-1.084943941171064, 44.8598193022976], [-1.084608569105548, 44.86001611452565], [-1.084247686440724, 44.86018859810224], [-1.083864768939049, 44.860335091680966], [-1.083463504692183, 44.86045418423662], [-1.083047758587786, 44.86054472866221], [-1.082679080541065, 44.8605976004051], [-1.082705363357376, 44.8606012678491], [-1.083121772376499, 44.86069026056485], [-1.083523913374111, 44.86080785207068], [-1.083907914011385, 44.86095291007482], [-1.084270076545207, 44.86112403779984], [-1.084606913424373, 44.86131958742639], [-1.084915180866157, 44.861537675953564], [-1.085050748513965, 44.86165452912613], [-1.085335708355363, 44.86145078548434], [-1.085671086440122, 44.861253970969265], [-1.086031971579273, 44.861081482707], [-1.086414888516761, 44.860934981618584], [-1.086816149939921, 44.86081587837762], [-1.087231891975461, 44.86072531983284], [-1.087595929284318, 44.86067309820279], [-1.087565016072508, 44.860668786062845], [-1.087148600172335, 44.860579810012894], [-1.086746453218443, 44.860462231644824], [-1.086362448604703, 44.860317183481335], [-1.086000284898446, 44.860146062625965], [-1.085663450206135, 44.85995051730032]], [[-1.073086165850002, 44.83600880687795], [-1.072703384044603, 44.83615526081156], [-1.072315773939811, 44.83627030380011], [-1.072556099931055, 44.83640992833077], [-1.072864183918609, 44.83662804855586], [-1.072985158391679, 44.836732400951995], [-1.073267532442329, 44.83653047988792], [-1.073602804042345, 44.83633370341859], [-1.07396356615866, 44.83616125577871], [-1.074346344719959, 44.83601479749817], [-1.074677327350998, 44.83591655415408], [-1.074494259522947, 44.83581020048083], [-1.074186173691767, 44.83559208483951], [-1.074033171865974, 44.835460107071455], [-1.073782194295554, 44.835639583969396], [-1.073446927465868, 44.835836360935936], [-1.073086165850002, 44.83600880687795]], [[-1.072999998076497, 44.853735749426285], [-1.072663247091946, 44.853540165064445], [-1.072355071119513, 44.853322043082336], [-1.072222067555959, 44.853207345776454], [-1.071953061364799, 44.853399646603556], [-1.07161768211488, 44.85359641918017], [-1.071256800808978, 44.85376886017101], [-1.070873893196617, 44.85391530863987], [-1.07047264727432, 44.85403435399598], [-1.070056927753325, 44.854124849586974], [-1.069722428048199, 44.85417278455465], [-1.070132289555459, 44.85426044009572], [-1.070534357316198, 44.85437807840662], [-1.070918280441312, 44.85452318103646], [-1.071280361933896, 44.85469435077818], [-1.071617115022939, 44.85488993940779], [-1.071925296732402, 44.85510806354876], [-1.072057961126281, 44.855222465442715], [-1.072326589053656, 44.85503044063032], [-1.072661974382838, 44.85483366582101], [-1.07302285821616, 44.85466122020295], [-1.073405765310293, 44.8545147642865], [-1.073807008447477, 44.8543957083103], [-1.074222723930575, 44.854305198667966], [-1.074557602987667, 44.85425719532138], [-1.074148081883237, 44.85416963037734], [-1.073746008046261, 44.85405200516294], [-1.073362080836813, 44.853906912334665], [-1.072999998076497, 44.853735749426285]], [[-1.066339703500092, 44.85360559151767], [-1.066002976489528, 44.85340998696057], [-1.065694827097179, 44.85319184649867], [-1.065553013732558, 44.85306953063276], [-1.065272777388625, 44.85326982601128], [-1.06493737551182, 44.853466578396585], [-1.064576474531975, 44.85363899766256], [-1.064193550388195, 44.85378542308223], [-1.063792291236306, 44.85390444428685], [-1.063376561915035, 44.85399491485666], [-1.063023524646125, 44.85404548429766], [-1.063066308644109, 44.85405146282661], [-1.06348263797451, 44.854140529011445], [-1.063884690948072, 44.854258191401584], [-1.064268596073327, 44.85440331702268], [-1.064630656526615, 44.8545745084462], [-1.064967385739437, 44.8547701172394], [-1.065275540965577, 44.85498825983156], [-1.06539708040823, 44.85509308645453], [-1.065666872208066, 44.85490026175882], [-1.066002280090807, 44.8547035070785], [-1.06636318353374, 44.854531083117976], [-1.066746107104796, 44.854384650179085], [-1.067147363427629, 44.85426561827919], [-1.067563088678196, 44.854175133580085], [-1.067897590240082, 44.85412720511894], [-1.067487733192819, 44.85403954133098], [-1.067085674236833, 44.853921891998546], [-1.066701765123514, 44.853776776142254], [-1.066339703500092, 44.85360559151767]], [[-1.060021448464038, 44.85364663952183], [-1.059659408040957, 44.853475433117026], [-1.05932270507633, 44.853279808305395], [-1.059014582343821, 44.85306164930975], [-1.058897487707317, 44.852960636079814], [-1.058632495582718, 44.853150004335106], [-1.05829707116193, 44.85334673664918], [-1.057936150569346, 44.85351913431966], [-1.057553209933056, 44.85366553682757], [-1.057151937567821, 44.853784534024854], [-1.056736198439697, 44.85387497972294], [-1.056413851777313, 44.85392113308954], [-1.05641666829632, 44.853921526838434], [-1.056832986117527, 44.85401061795778], [-1.057235024229545, 44.85412830442598], [-1.057618911283944, 44.85427345303681], [-1.057980950630999, 44.854444666140374], [-1.058317655905362, 44.854640295095145], [-1.058625784591244, 44.854858456136235], [-1.05875341216165, 44.85496855283564], [-1.059017154436471, 44.854780083165075], [-1.059352584894978, 44.85458334858429], [-1.059713507978434, 44.85441094624947], [-1.060096448065728, 44.85426453625423], [-1.060497717621551, 44.854145528394966], [-1.060913452694501, 44.854055068601966], [-1.061266491923346, 44.85400450587132], [-1.06122370815272, 44.853998526648816], [-1.060807383457191, 44.85390945199631], [-1.060405339426893, 44.853791778474275], [-1.060021448464038, 44.85364663952183]], [[-1.053381133345766, 44.85352650370836], [-1.053019113939113, 44.853355275654465], [-1.052682434823438, 44.85315963071039], [-1.052374338542612, 44.85294145329286], [-1.052248435349872, 44.85283282238809], [-1.051972212927212, 44.85303018317972], [-1.051636765894859, 44.85322689536075], [-1.051275825630785, 44.8533992713695], [-1.05089286845264, 44.85354565089563], [-1.050491582834582, 44.8536646240124], [-1.050075833870387, 44.85375504476324], [-1.049763663790886, 44.85379972167498], [-1.049777027584752, 44.853801590766], [-1.050193333983849, 44.85389070678201], [-1.050595357324074, 44.85400841729158], [-1.050979226399169, 44.85415358885701], [-1.05134124473246, 44.85432482360732], [-1.051677926160865, 44.85452047269258], [-1.051986028398126, 44.854738652154005], [-1.052102534235384, 44.854839172249605], [-1.052367437215849, 44.85464990459542], [-1.052702890187921, 44.854453190116175], [-1.053063832844991, 44.85428080940884], [-1.053446789377554, 44.85413442235874], [-1.05384807209202, 44.85401543854133], [-1.054263816910344, 44.853925003655405], [-1.054586165361569, 44.85387885653193], [-1.054583348857535, 44.853878462736596], [-1.054167035584434, 44.85378936318438], [-1.053765006327226, 44.85367166561804], [-1.053381133345766, 44.85352650370836]], [[-1.073620603753992, 44.84139575396368], [-1.073283924577524, 44.84120017226728], [-1.07297581388705, 44.840982052881415], [-1.072854830280312, 44.84087770033016], [-1.072572432895854, 44.84107962063101], [-1.072237129363598, 44.84127639429266], [-1.071876329100146, 44.84144883660843], [-1.071493507074408, 44.84159528662932], [-1.071092350458485, 44.841714333749685], [-1.070676723103321, 44.841804831300124], [-1.070348138329275, 44.84185193069702], [-1.070761931186962, 44.84194044352827], [-1.071163912092195, 44.8420580790891], [-1.07154775264831, 44.84220317896252], [-1.071909756653421, 44.84237434596795], [-1.072246438082657, 44.842569931907775], [-1.07255455465005, 44.84278805343134], [-1.072681538003784, 44.84289757815103], [-1.072957217732563, 44.842700466863], [-1.073292527242279, 44.8425036909345], [-1.073653329933284, 44.8423312439556], [-1.07403615134357, 44.842184786449785], [-1.074437305080381, 44.84206572867098], [-1.074852928307324, 44.84197521703019], [-1.075216490322372, 44.84192308868444], [-1.075184697474246, 44.84191864870584], [-1.074768440169777, 44.84182962676174], [-1.074366453351866, 44.84171200426492], [-1.0739826088717, 44.84156691416305], [-1.073620603753992, 44.84139575396368]], [[-1.06662365297501, 44.84108999417982], [-1.066315568748753, 44.84087185631277], [-1.066173097963382, 44.84074894891731], [-1.06589214898536, 44.84094980003844], [-1.065556822830785, 44.84114655350891], [-1.065196002897281, 44.841318974099934], [-1.0648131643433, 44.84146540107178], [-1.064411994500218, 44.84158442404076], [-1.063996357346443, 44.84167489657013], [-1.063648189658075, 44.841724781258634], [-1.063696040503735, 44.84173146897539], [-1.064112279531354, 44.841820532442945], [-1.064514245653106, 44.84193819208297], [-1.064898068213738, 44.84208331494757], [-1.065260051184573, 44.84225450363478], [-1.065596708743199, 44.84245010973814], [-1.06590479883342, 44.84266824971287], [-1.066026997286762, 44.842773665711405], [-1.066297500290486, 44.84258028798414], [-1.066632832408902, 44.84238353218387], [-1.066993654769872, 44.842211106861825], [-1.067376492722065, 44.84206467233298], [-1.067777659713513, 44.84194563862998], [-1.068193292780257, 44.84185515193198], [-1.068521879379636, 44.84180805891464], [-1.068108091026583, 44.841719537735656], [-1.067706118942825, 44.84160189112012], [-1.067322292417728, 44.84145677798936], [-1.066960308302988, 44.841285596072694], [-1.06662365297501, 44.84108999417982]], [[-1.064132144702786, 44.847754433784026], [-1.06371646144459, 44.84784490544678], [-1.063398317926397, 44.847890482636096], [-1.063772459791129, 44.84797053105404], [-1.064174469210142, 44.84808819215995], [-1.064558332915684, 44.848233316489576], [-1.064920354482906, 44.84840450662688], [-1.065257047717749, 44.84860011415146], [-1.065565170220459, 44.84881825550481], [-1.065706972878588, 44.84894057118709], [-1.065987186075987, 44.84874027499282], [-1.066322556054937, 44.84854351973631], [-1.066683418937139, 44.84837109507781], [-1.06706629968108, 44.84822466132587], [-1.067467511322776, 44.84810562850569], [-1.067883190468373, 44.848015142787915], [-1.068211740541468, 44.84796806102958], [-1.067797912129147, 44.847879539549936], [-1.067395896613991, 44.8477618915753], [-1.067012028799267, 44.84761677708095], [-1.066650005934393, 44.84744559380938], [-1.066313314769013, 44.84724999058329], [-1.066005197963247, 44.84703185141761], [-1.065882990287657, 44.846926435249124], [-1.06561246492807, 44.84711981223935], [-1.06527710096188, 44.84731656525961], [-1.064916240537458, 44.84748898528717], [-1.064533359203274, 44.84763541158771], [-1.064132144702786, 44.847754433784026]], [[-1.059663044105224, 44.84712981273825], [-1.059354953784835, 44.84691165512139], [-1.059226658951331, 44.846800968942766], [-1.058962182209082, 44.84698999082425], [-1.058626795725856, 44.84718672374252], [-1.058265915724176, 44.847359122141576], [-1.05788301794116, 44.84750552549545], [-1.057481790278771, 44.84762452364794], [-1.057066097272449, 44.84771497040129], [-1.056726324206038, 44.847763625128565], [-1.057132807632123, 44.8478506198568], [-1.057534802283961, 44.84796830500487], [-1.057918648015016, 44.8481134522901], [-1.058280648573446, 44.84828466407535], [-1.058617317967406, 44.84848029173177], [-1.058925414026628, 44.84869845150699], [-1.059042499828472, 44.848799464568266], [-1.059307470047094, 44.84861009560065], [-1.059642862644882, 44.848413360534884], [-1.060003745193482, 44.8482409576001], [-1.060386642462092, 44.848094546895695], [-1.060787867327682, 44.84797553822491], [-1.061203556269128, 44.84788507752582], [-1.061521701537381, 44.84783950662719], [-1.061147563752946, 44.84775945062609], [-1.060745563027192, 44.84764177857016], [-1.060361713214866, 44.84749664108298], [-1.059999711391915, 44.84732543612849], [-1.059663044105224, 44.84712981273825]], [[-1.072973585871593, 44.84737016867903], [-1.072665442543689, 44.84715204799383], [-1.072538449603849, 44.84704252310426], [-1.072262747096217, 44.847239633630295], [-1.071927405709243, 44.84743640675055], [-1.071566564928966, 44.8476088484048], [-1.071183700114565, 44.84775529765051], [-1.070782498850305, 44.847874343889416], [-1.070366825417229, 44.847964840460634], [-1.070038277169389, 44.84801192859781], [-1.070452110087408, 44.84810044172861], [-1.070854134426148, 44.84821807864701], [-1.071238016275195, 44.84836317988217], [-1.071600059035072, 44.848534348240406], [-1.071936776307728, 44.848729935511045], [-1.072244925462035, 44.84894805833065], [-1.072377918987063, 44.84906275545125], [-1.072646902954361, 44.848870453864194], [-1.072982250382025, 44.848673678478775], [-1.073343093656549, 44.84850123216279], [-1.073725957925147, 44.848354775433336], [-1.074127156382401, 44.848235718536905], [-1.074542825761352, 44.84814520787597], [-1.074906353735483, 44.84809309108813], [-1.074874563580858, 44.84808865187211], [-1.074458261046011, 44.84799962858623], [-1.074056230723299, 44.847882004729975], [-1.073672344882991, 44.84773691326408], [-1.073310300948199, 44.84756575170925], [-1.072973585871593, 44.84737016867903]], [[-1.072679695155707, 44.85989574686975], [-1.072342908350195, 44.85970016114875], [-1.072034699819854, 44.85948203784513], [-1.071902025411379, 44.85936763576675], [-1.071633375286813, 44.859559659819446], [-1.071297958130684, 44.85975643182003], [-1.070937036259645, 44.859928872112974], [-1.070554085813945, 44.86007531976884], [-1.070152795202709, 44.86019436420469], [-1.069737029567664, 44.860284858776986], [-1.069373860175456, 44.860336895465885], [-1.069406082785509, 44.86034139576508], [-1.069822468797737, 44.86043043835311], [-1.070224580082451, 44.86054807801931], [-1.070608544586805, 44.86069318200814], [-1.070970664915468, 44.860864353099366], [-1.071307453923471, 44.86105994305605], [-1.071615668288882, 44.86127806848888], [-1.071738938676546, 44.8613843589523], [-1.071996274968312, 44.861200427146315], [-1.072331698302012, 44.86100365294492], [-1.072692622797915, 44.860831208058656], [-1.073075572821155, 44.86068475299088], [-1.073476860740631, 44.86056569797201], [-1.073892622428037, 44.86047518938647], [-1.07426595045485, 44.86042168141775], [-1.074244295351701, 44.86041865799572], [-1.073827902416576, 44.86032963199204], [-1.073425785148417, 44.860212005384966], [-1.073041816655037, 44.8600669111618], [-1.072679695155707, 44.85989574686975]], [[-1.066019400548581, 44.85976558896054], [-1.065682637719883, 44.85956998304427], [-1.06537445577272, 44.859351841260846], [-1.06525290715588, 44.85924701446959], [-1.064983093053446, 44.859439838428635], [-1.064647653313532, 44.8596365903291], [-1.064286711794449, 44.85980900899523], [-1.063903744825781, 44.85995543370581], [-1.06350244097587, 44.860074454098935], [-1.063086665514022, 44.860164923762646], [-1.062764065195228, 44.8602111275686], [-1.062766441941128, 44.86021145965956], [-1.063182816461417, 44.86030052714528], [-1.063584912906458, 44.860418190854176], [-1.063968859366232, 44.86056331779922], [-1.064330958619089, 44.86073451053911], [-1.064667723722922, 44.86093012062846], [-1.064975911585892, 44.86114826448403], [-1.065098931263428, 44.86125435718552], [-1.065356557325893, 44.861070248812155], [-1.065692003145362, 44.86087349467939], [-1.066052947191412, 44.86070107138571], [-1.06643591364101, 44.86055463922657], [-1.066837214704954, 44.86043560821178], [-1.067252986128432, 44.86034512449462], [-1.06761615753889, 44.86029309474324], [-1.06758393509999, 44.860288593924615], [-1.067167553688826, 44.86019954294515], [-1.066765451303525, 44.860081892220045], [-1.066381500908485, 44.85993677496883], [-1.066019400548581, 44.85976558896054]], [[-1.063202589952501, 44.86623446400359], [-1.062786768397969, 44.86632493272243], [-1.062469143337257, 44.86637041817151], [-1.06247657472248, 44.86637145643076], [-1.062892994458335, 44.866460525178866], [-1.063295134405251, 44.866578190169], [-1.063679122234369, 44.86672331840179], [-1.064041260325707, 44.86689451242354], [-1.064378061363181, 44.867090123776485], [-1.064686281908914, 44.86730826886529], [-1.06480897360539, 44.867414068107905], [-1.065066242076776, 44.867230236436484], [-1.065401725711414, 44.867033482793666], [-1.06576271024373, 44.866861060104306], [-1.066145719460846, 44.86671462865803], [-1.066547065161777, 44.86659559845779], [-1.066962882661944, 44.866505115649005], [-1.067280801954665, 44.866459574782674], [-1.067273801080131, 44.86645859698739], [-1.066857374410586, 44.86636954466909], [-1.066455228493969, 44.866251892588444], [-1.066071236714015, 44.86610677397805], [-1.065709097514238, 44.86593558662004], [-1.065372298764815, 44.865739979376485], [-1.065064084162034, 44.86552183630104], [-1.064941055201555, 44.86541574341622], [-1.064683407840777, 44.865599851081114], [-1.06434793025421, 44.8657966024637], [-1.063986948220641, 44.86596902049499], [-1.063603938459889, 44.86611544445986], [-1.063202589952501, 44.86623446400359]], [[-1.059068803799385, 44.86580542916617], [-1.058732028962209, 44.8656098017894], [-1.058423840870067, 44.86539164029118], [-1.058305593229864, 44.865289652840005], [-1.058053125853491, 44.86547002912907], [-1.057717625813141, 44.86566676046992], [-1.05735662425791, 44.86583915693755], [-1.056973598095731, 44.86598555802458], [-1.056572236465199, 44.86610455359661], [-1.056156405192275, 44.86619499748077], [-1.055834131744888, 44.866241128674524], [-1.055836933907663, 44.86624152034723], [-1.056253342147197, 44.86633061399243], [-1.056655467249814, 44.86644830302447], [-1.057039437029528, 44.866593454212484], [-1.057401554040085, 44.86676466988174], [-1.05773833116831, 44.86696030136595], [-1.058046525206469, 44.86717846487597], [-1.05816896625422, 44.86728406630914], [-1.058426524486759, 44.86710005811863], [-1.058762030606966, 44.86690332454588], [-1.059123034688727, 44.86673092345038], [-1.059506060331002, 44.86658451491383], [-1.059907419174719, 44.86646550871858], [-1.060323246408807, 44.866375050778856], [-1.060640873233813, 44.86632957146827], [-1.060633441888075, 44.86632853308619], [-1.060217026715178, 44.86623945586775], [-1.059814895644164, 44.86612177974226], [-1.059430921915709, 44.86597663817399], [-1.059068803799385, 44.86580542916617]], [[-1.059032367000136, 44.85944980519794], [-1.058724211544505, 44.859231644963316], [-1.058596574343426, 44.859121548079465], [-1.058332810269011, 44.859310017013804], [-1.057997348007518, 44.859506748812166], [-1.05763638690731, 44.85967914584967], [-1.057253403486651, 44.85982554761347], [-1.056852086472425, 44.85994454396264], [-1.0564363012608, 44.86003498871682], [-1.056123872723734, 44.86007971633272], [-1.056136800542952, 44.860081523479614], [-1.056553163584272, 44.860170615824885], [-1.05695524520782, 44.86028830353944], [-1.057339173646227, 44.86043345340508], [-1.057701251851299, 44.86060466775983], [-1.058037993083523, 44.860800297950114], [-1.058346154480837, 44.861018460199126], [-1.058464393201435, 44.86112044746786], [-1.05871683970326, 44.860940070494465], [-1.059052308006021, 44.860743336431696], [-1.059413271599577, 44.86057093473184], [-1.059796254472746, 44.860424525482365], [-1.06019756867826, 44.8603055184725], [-1.060613349834825, 44.860215059624366], [-1.060935951945519, 44.86016886206775], [-1.060933575212246, 44.860168529937596], [-1.060517205237951, 44.86007945402023], [-1.060115117645749, 44.859961779213734], [-1.059731185257489, 44.859816638969626], [-1.05936910594453, 44.859645431278395], [-1.059032367000136, 44.85944980519794]], [[-1.072012568589657, 44.86587015694701], [-1.071704327478295, 44.86565203229586], [-1.071581047787862, 44.86554574164904], [-1.071323690223192, 44.865729672747996], [-1.070988235127922, 44.865926444201165], [-1.07062727264936, 44.86609888382737], [-1.070244279318895, 44.866245330703556], [-1.069842943958742, 44.86636437425431], [-1.069427132141697, 44.86645486784462], [-1.069109214616386, 44.86650041485635], [-1.069116215528092, 44.86650139253591], [-1.069532646757379, 44.86659043638629], [-1.06993480154582, 44.86670807733368], [-1.070318807421707, 44.866853182610214], [-1.070680966591363, 44.86702435498327], [-1.071017791535815, 44.867219946203555], [-1.071326038587066, 44.867438072869575], [-1.071448980958052, 44.8675440698726], [-1.07170595968658, 44.86736041477083], [-1.072041420833173, 44.86716364105933], [-1.0724023858134, 44.86699119677734], [-1.072785378602574, 44.866844742422366], [-1.07318671115782, 44.86672568821799], [-1.073602518921081, 44.86663518054077], [-1.073920730516054, 44.86658957810562], [-1.07391416028139, 44.86658866086691], [-1.073497722118087, 44.86649963344941], [-1.073095561358644, 44.8663820054144], [-1.072711551529821, 44.86623690976291], [-1.072349391249057, 44.86606574405594], [-1.072012568589657, 44.86587015694701]], [[-1.050034423050224, 44.89614026707821], [-1.050030786670147, 44.89614239781554], [-1.0502032216002, 44.896104923246305], [-1.050369593895929, 44.89608112955605], [-1.05034174516475, 44.89606142231644], [-1.050252564691044, 44.89598453029669], [-1.050034423050224, 44.89614026707821]], [[-1.051332410656704, 44.89124074219755], [-1.051715623871047, 44.89109435940562], [-1.052117174488199, 44.890975380452026], [-1.052533195850736, 44.890884950988685], [-1.052872728548321, 44.890836380675445], [-1.052465969164345, 44.8907493753033], [-1.052063678750629, 44.89063167019689], [-1.051679557401679, 44.89048650070249], [-1.05131730480896, 44.89031526509227], [-1.050980409934684, 44.890119612693084], [-1.050672117400746, 44.88990142799347], [-1.050550900010822, 44.88979690307531], [-1.050294106324924, 44.889980255630405], [-1.049958432591519, 44.89017696504562], [-1.049597249570719, 44.8903493376168], [-1.049214035918431, 44.89049571306672], [-1.048812482579339, 44.89061468150792], [-1.048396457226185, 44.89070509702882], [-1.048094388991877, 44.890748295521895], [-1.04811782044932, 44.89075157094666], [-1.048534398265271, 44.890840694228274], [-1.048936682775828, 44.890958412123794], [-1.049320800260156, 44.891103591124384], [-1.049683051849758, 44.89127483328751], [-1.050019949135496, 44.8914704896918], [-1.050328247752443, 44.891688676308085], [-1.05041742150443, 44.89176556816448], [-1.050635545080812, 44.89160983084254], [-1.05097122501021, 44.891413119293375], [-1.051332410656704, 44.89124074219755]], [[-1.051662645813328, 44.885080754181914], [-1.052045816115477, 44.88493437053245], [-1.052447321969607, 44.88481539061425], [-1.052863297149275, 44.884724960088555], [-1.05315581857119, 44.88468310941112], [-1.053122684076802, 44.88467847869064], [-1.052706144705568, 44.88458937278773], [-1.052303897932459, 44.88447166877777], [-1.051919818112654, 44.884326500393556], [-1.051557604537589, 44.88415526589664], [-1.051220745793658, 44.88395961460308], [-1.050912486154775, 44.88374143099076], [-1.050818120578883, 44.8836600519827], [-1.050593791328831, 44.88382024308192], [-1.050258155479521, 44.884016953023945], [-1.049897013012303, 44.88418932623783], [-1.049513842192466, 44.88433570244016], [-1.049112333552102, 44.8844546717362], [-1.048696354333373, 44.88454508820617], [-1.048374477506207, 44.88459112534372], [-1.048377689109677, 44.88459157432602], [-1.048794221626082, 44.884680696461636], [-1.049196462537712, 44.88479841318975], [-1.049580538543506, 44.88494359101277], [-1.049942751174345, 44.885114831999445], [-1.050279612396229, 44.885310487239835], [-1.050587878191521, 44.885528672715886], [-1.050709086433613, 44.88563319745431], [-1.050965858878406, 44.8854498441889], [-1.051301500815022, 44.88525313201997], [-1.051662645813328, 44.885080754181914]], [[-1.051902885245982, 44.87892076434316], [-1.052286012879907, 44.87877438014826], [-1.052687474171461, 44.87865539959213], [-1.053103403323251, 44.87856496834215], [-1.053410782564063, 44.878520986520776], [-1.05339281589232, 44.87851847535697], [-1.05297632179529, 44.878429370639694], [-1.052574118590395, 44.87831166783616], [-1.05219008021313, 44.87816650066753], [-1.051827905555731, 44.87799526738363], [-1.051491082829736, 44.877799617288865], [-1.051182855962164, 44.87758143484956], [-1.05108816330254, 44.87749976553764], [-1.050863475156054, 44.87766023131336], [-1.050527877077482, 44.877856941689316], [-1.050166775062912, 44.87802931544642], [-1.049783646987989, 44.878175692296], [-1.04938218297306, 44.878294662337105], [-1.048966249830406, 44.87838507964274], [-1.048659166897907, 44.87842900638426], [-1.048677555619576, 44.878431577355194], [-1.049094042909775, 44.878520698193825], [-1.049496240315816, 44.878638413608364], [-1.049880274955517, 44.87878359011384], [-1.050242448758054, 44.878954829791766], [-1.050579274063312, 44.879150483744716], [-1.050887507199524, 44.87936866796708], [-1.050981865662826, 44.87945004680642], [-1.051206176343303, 44.879289855143426], [-1.051541780610716, 44.879093142628875], [-1.051902885245982, 44.87892076434316]], [[-1.045993788746975, 44.87818155596785], [-1.045609768275689, 44.878036366050814], [-1.045247614528666, 44.87786511131515], [-1.044910815515958, 44.87766944127185], [-1.044602614936095, 44.877451240579354], [-1.044490050053601, 44.87735414031999], [-1.044243193479291, 44.877530409060185], [-1.043907572982354, 44.87772709942175], [-1.043546451478212, 44.87789945164519], [-1.043163307030309, 44.878045805649265], [-1.042761829916771, 44.87816475175302], [-1.042345887076107, 44.878255144260066], [-1.042039100703793, 44.87829900965222], [-1.042057913774476, 44.878301641123144], [-1.042474389591365, 44.87839078678271], [-1.042876572185818, 44.87850852616514], [-1.043260588818211, 44.878653725554706], [-1.043622741591042, 44.878824986812546], [-1.043959543046613, 44.87902066083342], [-1.044267749742726, 44.879238863418465], [-1.044379978974739, 44.87933567150396], [-1.044626456367611, 44.87915967846999], [-1.044962082910001, 44.87896298584709], [-1.045323206909124, 44.87879062896268], [-1.045706350809409, 44.8786442674727], [-1.046107825113265, 44.878525310706465], [-1.046523763898065, 44.87843490410225], [-1.046830848533494, 44.87839098326519], [-1.046812459909694, 44.878388411988524], [-1.046395977222828, 44.878299282597304], [-1.045993788746975, 44.87818155596785]], [[-1.043276689390902, 44.88405946243675], [-1.042893502196494, 44.88420581579352], [-1.042491980456302, 44.88432476115217], [-1.04207599153872, 44.88441515282347], [-1.041743170948657, 44.88446273466666], [-1.042154569402692, 44.88455078531823], [-1.042556795458937, 44.884668526086706], [-1.042940853403506, 44.884813726862994], [-1.043303044941116, 44.88498498949484], [-1.0436398822408, 44.88518066486382], [-1.043948121515185, 44.88539886875807], [-1.044069079266903, 44.88550319559403], [-1.044326141425708, 44.88531966590339], [-1.044661805849787, 44.88512297380744], [-1.045022970398094, 44.88495061756584], [-1.04540615712461, 44.88480425682832], [-1.045807676119398, 44.88468530091694], [-1.046223661029542, 44.88459489526177], [-1.046545539642089, 44.884548864357164], [-1.046542328055717, 44.884548415321916], [-1.046125800096123, 44.88445928474501], [-1.045723568053882, 44.88434155690909], [-1.045339506142225, 44.88419636577645], [-1.044977313480024, 44.88402510982771], [-1.04464047845216, 44.88382943858557], [-1.044332245104033, 44.88361123672005], [-1.044220007406701, 44.883514428456245], [-1.043973509619586, 44.88369042082901], [-1.043637851349635, 44.883887110756575], [-1.043276689390902, 44.88405946243675]], [[-1.038719192260726, 44.88406623032273], [-1.038357020635859, 44.883894952792915], [-1.03802020946574, 44.883699261482285], [-1.03771200256589, 44.88348104125407], [-1.037600012936426, 44.88338443023417], [-1.037353227890672, 44.883560598559654], [-1.037017547202542, 44.883757268471385], [-1.036656365754922, 44.88392959861665], [-1.036273162188715, 44.884075929126816], [-1.035871627351574, 44.88419485054723], [-1.035455628738112, 44.884285217419276], [-1.035151195594783, 44.88432872210008], [-1.035534915844852, 44.88441087393774], [-1.035937127013243, 44.884528638672954], [-1.036321166877275, 44.88467386233188], [-1.036683337315696, 44.884845146541934], [-1.037020150700621, 44.88504084197685], [-1.037328363474877, 44.8852590642316], [-1.037446359026923, 44.88536085379202], [-1.037686423992798, 44.88518948763438], [-1.038022110901864, 44.88499281561283], [-1.038383294997527, 44.884820480968905], [-1.038766498145627, 44.88467414314438], [-1.039168030278172, 44.884555211240645], [-1.039584024915805, 44.88446483045662], [-1.039916847348295, 44.88441725508335], [-1.039505453382902, 44.88432919614704], [-1.039103236158168, 44.88421144434112], [-1.038719192260726, 44.88406623032273]], [[-1.03209887839664, 44.88393609484996], [-1.031736727811558, 44.88376479574031], [-1.031399940501442, 44.883569084362534], [-1.031091760051912, 44.88335084577316], [-1.030982729622475, 44.883256771312745], [-1.030752946441093, 44.88342077572943], [-1.030417243467115, 44.883617425683774], [-1.03005604265897, 44.8837897343574], [-1.029672822844128, 44.8839360420885], [-1.029271275026816, 44.88405493964182], [-1.028855266826737, 44.88414528178857], [-1.028557207355458, 44.88418785733258], [-1.028945260688168, 44.884270962176984], [-1.029347457028889, 44.88438875076948], [-1.02973147888739, 44.8845339972063], [-1.030093628315719, 44.88470530289553], [-1.030430417888223, 44.884901018304085], [-1.030738604276939, 44.885119258834514], [-1.03084277190824, 44.88520913518432], [-1.031066706280729, 44.88504930992636], [-1.031402415542441, 44.88485265792073], [-1.031763619057087, 44.88468034481119], [-1.032146838503595, 44.884534029832125], [-1.032548383657108, 44.88441512186498], [-1.03296438791295, 44.88432476587813], [-1.033268822729446, 44.88428126719129], [-1.032885106681722, 44.88419910752814], [-1.032482904277252, 44.88408133175306], [-1.03209887839664, 44.88393609484996]], [[-1.071461893960252, 44.878200151397095], [-1.071153587293084, 44.877982024364286], [-1.071017366420423, 44.87786459957527], [-1.070744321429788, 44.87805969744431], [-1.070408790631419, 44.87825646791625], [-1.070047747098466, 44.87842890633261], [-1.069664668143036, 44.87857535178202], [-1.069263243412144, 44.878694393702794], [-1.068847339339497, 44.87878488547562], [-1.068524557737444, 44.87883111761341], [-1.068526481834679, 44.87883138626681], [-1.068943003585899, 44.878920432676686], [-1.069345245460851, 44.87903807621912], [-1.069729334149352, 44.87918318410123], [-1.070091571060355, 44.879354359065324], [-1.070428467926305, 44.879549952837166], [-1.070736780386613, 44.879768081990726], [-1.07085906562712, 44.879873491302014], [-1.071115328800924, 44.879690389821974], [-1.071450865692784, 44.87949361712653], [-1.071811911763092, 44.87932117409085], [-1.072194990206342, 44.87917472120046], [-1.072596412154947, 44.87905566866484], [-1.073012312190164, 44.87896516284445], [-1.073353036870815, 44.87891634646987], [-1.072947367485769, 44.87882963772316], [-1.07254511955651, 44.878712007234995], [-1.072161026813911, 44.878566909112685], [-1.071798788674077, 44.87839574094093], [-1.071461893960252, 44.878200151397095]], [[-1.065128493522786, 44.87826558279324], [-1.064791622829083, 44.878069973023706], [-1.064483342793224, 44.87785182748327], [-1.064360970422059, 44.87774632198057], [-1.06410403898208, 44.87792987577782], [-1.063768485687855, 44.87812662617907], [-1.063407422596005, 44.878299043000396], [-1.063024327207113, 44.878445465538384], [-1.062622889326549, 44.87856448345202], [-1.062206975514742, 44.878654950353244], [-1.061884484283064, 44.878701120942175], [-1.061886841106677, 44.8787014501624], [-1.062303351361474, 44.87879052147007], [-1.062705578391191, 44.87890818905533], [-1.063089649028528, 44.879053319893764], [-1.06345186485618, 44.87922451650662], [-1.063788737809527, 44.879420130411184], [-1.064097023758155, 44.87963827798753], [-1.064219058395533, 44.87974348954141], [-1.06447561125645, 44.87956021148729], [-1.064811170640909, 44.8793634588606], [-1.065172236267187, 44.8791910374177], [-1.065555331141552, 44.879044607436114], [-1.065956766238273, 44.87892557890474], [-1.066372676012063, 44.87883509795291], [-1.066695459408935, 44.878788872069336], [-1.066693535321918, 44.878788603384194], [-1.066277018116789, 44.87869954854151], [-1.065874785096927, 44.878581893898975], [-1.065490710485127, 44.87843677271392], [-1.065128493522786, 44.87826558279324]], [[-1.058187897404135, 44.884295423140856], [-1.057851014712098, 44.884099791948266], [-1.057542728535233, 44.883881626728794], [-1.057419122130524, 44.8837750494395], [-1.05717407135817, 44.8839500663932], [-1.056838457791772, 44.88414679622742], [-1.056477334695849, 44.88431919084373], [-1.056094180149024, 44.8844655897526], [-1.055692684526577, 44.884584582840596], [-1.055276714945219, 44.88467502395878], [-1.054984195146692, 44.88471688022184], [-1.055017329817294, 44.884721510387045], [-1.055433873837371, 44.88481060762608], [-1.055836129601609, 44.88492830031299], [-1.056220223665997, 44.88507345518169], [-1.0565824573876, 44.88524467452202], [-1.056919342529415, 44.88544030963239], [-1.057227634843557, 44.88565847668872], [-1.057337314883232, 44.8857530436097], [-1.057565577479528, 44.88559002140888], [-1.057901197126163, 44.88539328928859], [-1.058262322758989, 44.885220889984815], [-1.058645476806552, 44.88507448356196], [-1.059046969673434, 44.884955479781986], [-1.059462935258188, 44.88486502453595], [-1.059770576019335, 44.88482099181842], [-1.059753042641088, 44.884818542528016], [-1.0593364917075, 44.884729461486984], [-1.058934230029761, 44.88461178148454], [-1.05855013210668, 44.884466636022246], [-1.058187897404135, 44.884295423140856]], [[-1.058151352970597, 44.87793979543559], [-1.057843099451539, 44.87772163147236], [-1.05770557365244, 44.8776030405513], [-1.057443755153099, 44.87779005462483], [-1.057108179355176, 44.877986784892954], [-1.056747096709969, 44.87815918005244], [-1.056363984906479, 44.87830557960851], [-1.055962533908254, 44.878424573441514], [-1.055546610402136, 44.8785150153953], [-1.055239232867313, 44.878559003127975], [-1.055257199634608, 44.87856151399312], [-1.055673698331771, 44.878650610160214], [-1.0560759104628, 44.87876830175086], [-1.056459963003785, 44.87891345550955], [-1.056822157711602, 44.8790846737368], [-1.057159006724916, 44.87928030774175], [-1.057467266143755, 44.87949847371091], [-1.057590863224143, 44.8796050508034], [-1.057835893731768, 44.879430033169115], [-1.05817147560635, 44.87923330061262], [-1.058532560785954, 44.879060900763676], [-1.058915672088649, 44.87891449369193], [-1.059317120330585, 44.87879548916563], [-1.059733039839964, 44.878705033083016], [-1.060055532863325, 44.878658868741404], [-1.060053176052241, 44.87865853948232], [-1.05963667034675, 44.878569459739396], [-1.059234452176196, 44.87845178105198], [-1.058850395620288, 44.878306636908974], [-1.058488199746428, 44.87813542533841], [-1.058151352970597, 44.87793979543559]], [[-1.045497914608864, 44.87170511230007], [-1.045161151673189, 44.8715094433971], [-1.044852983932196, 44.871291243824594], [-1.044735563801704, 44.87118994507957], [-1.044482876162607, 44.87137039807116], [-1.044147293325377, 44.87156708877387], [-1.043786212174935, 44.8717394414411], [-1.04340311038604, 44.87188579598732], [-1.043001677825895, 44.87200474272638], [-1.042585781003828, 44.87209513595578], [-1.042293795622279, 44.872136890227075], [-1.04232778190884, 44.872141644474674], [-1.04274421246322, 44.87223078894871], [-1.04314635150049, 44.872348527124835], [-1.0435303267004, 44.87249372529898], [-1.043892440564383, 44.87266498534393], [-1.044229206009398, 44.87286065816613], [-1.044537379940024, 44.8730788595783], [-1.044649936333301, 44.87317595965846], [-1.044896772486199, 44.87299969025681], [-1.045232361260221, 44.8728029971998], [-1.045593444811056, 44.87263063977207], [-1.045976545972612, 44.872484277634776], [-1.046377975658805, 44.87236532012343], [-1.046793868376588, 44.87227491268355], [-1.047091101801953, 44.872232395498], [-1.047062590645585, 44.872228408428604], [-1.046646153253359, 44.87213928014905], [-1.046244008376361, 44.872021554654935], [-1.04586002938816, 44.871876365885996], [-1.045497914608864, 44.87170511230007]], [[-1.038867621374668, 44.87157495502901], [-1.038530882326009, 44.871379266027276], [-1.038222741066037, 44.87116104806438], [-1.038119154476736, 44.87107166809394], [-1.037882595328677, 44.87124057526406], [-1.037546990147893, 44.87143724601149], [-1.03718588957385, 44.87160957720892], [-1.036802771468474, 44.87175590897765], [-1.036401325856201, 44.87187483185092], [-1.035985419372137, 44.87196520035604], [-1.035683841849375, 44.872008307749425], [-1.03570814001589, 44.87201170826386], [-1.036124559095567, 44.87210087755814], [-1.03652668332033, 44.87221863970131], [-1.036910640512497, 44.87236386075845], [-1.037272733346825, 44.872535142382084], [-1.037609474942691, 44.87273083527081], [-1.037917622434239, 44.87294905504408], [-1.038029930743691, 44.87304595787875], [-1.038277054157904, 44.87286951252542], [-1.038612665342307, 44.872672839482235], [-1.038973768375234, 44.87250050358703], [-1.039356885903076, 44.872354164293604], [-1.039758328682232, 44.87223523071752], [-1.040174231093644, 44.8721448480738], [-1.040466218092669, 44.87210309937563], [-1.040432231987072, 44.872098344558324], [-1.040015806085784, 44.872009191417966], [-1.039613676043593, 44.87189144191772], [-1.039229715091116, 44.87174623022854], [-1.038867621374668, 44.87157495502901]], [[-1.042905679500341, 44.86594512684477], [-1.042600759907081, 44.8659887363099], [-1.042984036959872, 44.86607079154895], [-1.043386132386531, 44.866188528626104], [-1.0437700660854, 44.866333725686886], [-1.044132140957504, 44.866504984614856], [-1.044468870295261, 44.866700656327176], [-1.044777011350955, 44.866918856647246], [-1.044894422625185, 44.86702015521091], [-1.045147089366084, 44.86683970153242], [-1.045482640449999, 44.86664300810394], [-1.045843683622721, 44.86647065019985], [-1.046226742106961, 44.86632428748585], [-1.046628127227553, 44.86620532930308], [-1.04704397392053, 44.866114921103446], [-1.047343277455412, 44.866072102485425], [-1.046956332153983, 44.86598927847878], [-1.046554230668962, 44.86587155433825], [-1.046170292931317, 44.86572636692601], [-1.045808216863809, 44.86555511468689], [-1.045471489728284, 44.86535944710782], [-1.045163354531003, 44.86514124882354], [-1.045050135217896, 44.86504356442159], [-1.044802562765841, 44.86522038491445], [-1.04446701780061, 44.86541707619848], [-1.044105977176366, 44.86558942956825], [-1.043722918177514, 44.86573578493147], [-1.043321530259076, 44.865854732594116], [-1.042905679500341, 44.86594512684477]], [[-1.038543112067217, 44.865011053359034], [-1.038430140928427, 44.86491356620598], [-1.038182281134365, 44.86509056264444], [-1.037846713757778, 44.865287233912795], [-1.037485653650465, 44.86545956574782], [-1.037102578284568, 44.8656058982646], [-1.036701177272834, 44.86572482198918], [-1.036285316820726, 44.86581519144071], [-1.035992766607219, 44.86585701380682], [-1.036384382497492, 44.865940879890765], [-1.036786463155409, 44.8660586408625], [-1.037170378900419, 44.86620386073714], [-1.037532432806353, 44.8663751411785], [-1.037869138367437, 44.86657083289668], [-1.038177253064821, 44.86678905152236], [-1.038280831846503, 44.86687843131688], [-1.038517371420401, 44.866709523532684], [-1.038852944947432, 44.86651285014822], [-1.039214007630985, 44.866340513809135], [-1.039597082505973, 44.86619417397346], [-1.039998480739476, 44.86607523976204], [-1.040414337141326, 44.86598485639593], [-1.040719258411379, 44.86594125293522], [-1.040335985552279, 44.865859189881824], [-1.039933898879239, 44.865741441771384], [-1.039549979149262, 44.86559623147353], [-1.039187924111584, 44.86542495765345], [-1.038851220825415, 44.86522927000593], [-1.038543112067217, 44.865011053359034]], [[-1.038290546557431, 44.877539264168995], [-1.037982372422779, 44.877321045113845], [-1.037870055643652, 44.877224142100104], [-1.037622911782859, 44.8774005867906], [-1.037287268870024, 44.8775972571364], [-1.036926127878938, 44.87776958782498], [-1.036542967060824, 44.877915918982495], [-1.03614147685156, 44.8780348411481], [-1.035725524315852, 44.8781252088559], [-1.03541903466842, 44.878169012912295], [-1.035438271920211, 44.878171704912596], [-1.035854736260916, 44.87826087539244], [-1.036256904041022, 44.87837863874196], [-1.036640902663493, 44.878523861014585], [-1.03700303440417, 44.878695143851125], [-1.037339812007797, 44.87889083793854], [-1.037647992261769, 44.879109058884765], [-1.037759973445453, 44.87920566972646], [-1.038006738071799, 44.87902950073838], [-1.038342387026846, 44.878832828129354], [-1.038703530510002, 44.878660492777534], [-1.03908669077816, 44.87851415413149], [-1.039488178176199, 44.87839522130055], [-1.039904126655467, 44.878304839492515], [-1.040210914727637, 44.878260979997975], [-1.040192101757154, 44.87825834821421], [-1.03977563054682, 44.87816919399963], [-1.039373456886631, 44.87805144340021], [-1.038989454427377, 44.877906230597496], [-1.038627321715189, 44.87773495428079], [-1.038290546557431, 44.877539264168995]], [[-1.047963150995278, 44.896942628936166], [-1.048104813473312, 44.8969729335561], [-1.048305364243805, 44.896829764469906], [-1.048309000733923, 44.89682763378859], [-1.048136562318712, 44.89686510542602], [-1.047901987325615, 44.89689864766302], [-1.047958643986111, 44.89693874278993], [-1.047963150995278, 44.896942628936166]], [[-1.043296395567146, 44.896069425861434], [-1.043593583343755, 44.89600485869163], [-1.043828157175779, 44.895971325561185], [-1.043771504442693, 44.89593122833985], [-1.043653577315617, 44.89582953322675], [-1.043414140744239, 44.89600044481844], [-1.043296395567146, 44.896069425861434]], [[-1.041535614210218, 44.896843810137604], [-1.04169564401708, 44.89672958697358], [-1.04181339254655, 44.8966606076131], [-1.041516199249769, 44.89672517003372], [-1.041238382800477, 44.89676487824599], [-1.041269422935056, 44.8967868486854], [-1.041535614210218, 44.896843810137604]], [[-1.036596253385432, 44.895974655164565], [-1.036963946375844, 44.8958947939723], [-1.037241761542032, 44.89585509646007], [-1.037151262439129, 44.89579103286625], [-1.03703087171577, 44.895687195260535], [-1.036773858119834, 44.89587062308667], [-1.036596253385432, 44.895974655164565]], [[-1.035065925172472, 44.896619408963595], [-1.035243534783735, 44.89651537931151], [-1.034875835279741, 44.89659523482489], [-1.034589468160935, 44.89663614745382], [-1.034937946485008, 44.8967107401565], [-1.035065925172472, 44.896619408963595]], [[-1.029588068840183, 44.90202506564254], [-1.030004208401962, 44.90193472024868], [-1.030296418923144, 44.90189298919718], [-1.029927513490946, 44.9018140143333], [-1.029833889447387, 44.901880813820874], [-1.029587021215891, 44.902025375745495], [-1.029588068840183, 44.90202506564254]], [[-1.04467701101099, 44.89018510760073], [-1.044340140064728, 44.88998943507097], [-1.044031874057845, 44.8897712319516], [-1.043910907178089, 44.88966690493598], [-1.043653823752762, 44.88985043391489], [-1.04331812752636, 44.89004712325514], [-1.042956924950697, 44.89021947422752], [-1.04257369487011, 44.890365826762824], [-1.042172128387592, 44.890484771194274], [-1.041756093302549, 44.89057516184157], [-1.041499286103453, 44.89061187176394], [-1.041914744756745, 44.89070078282708], [-1.042317014380358, 44.890818524690225], [-1.042701113784581, 44.89096372657452], [-1.043063344274934, 44.89113499031708], [-1.043400217645368, 44.89133066678875], [-1.043708489761157, 44.891548871767085], [-1.043826407994148, 44.89165056668665], [-1.044065824754638, 44.89147965443738], [-1.044401526928488, 44.89128296274973], [-1.044762731911984, 44.89111060702283], [-1.045145961369758, 44.89096424690143], [-1.045547524980432, 44.89084529170166], [-1.04596355596153, 44.890754886846736], [-1.046265625871121, 44.890711694148045], [-1.046242194538413, 44.890708418332636], [-1.045825621343889, 44.890619286458524], [-1.045423345788719, 44.89050155730882], [-1.04503924250529, 44.890356364858455], [-1.04467701101099, 44.89018510760073]], [[-1.037699870217027, 44.889859257432335], [-1.037391630739256, 44.88964103589476], [-1.03727362628899, 44.88953924614003], [-1.037033541459676, 44.88971061163838], [-1.036697822872643, 44.8899072809621], [-1.036336600870521, 44.890079610398956], [-1.035953354484841, 44.89022594008717], [-1.035551774975721, 44.89034486057997], [-1.035135730268098, 44.890435226427634], [-1.034834260773313, 44.89047830205569], [-1.03485853780404, 44.89048169870716], [-1.03527509255857, 44.89057087170488], [-1.035677347322195, 44.89068863760759], [-1.036061428660388, 44.89083386244419], [-1.036423638052557, 44.89100514783073], [-1.03676048749573, 44.891200844429655], [-1.037068733085498, 44.891419067824664], [-1.037189114724344, 44.89152290525167], [-1.037446107055473, 44.89133947671261], [-1.037781831586713, 44.89114280503956], [-1.038143055993763, 44.89097047084587], [-1.038526301754302, 44.890824133568955], [-1.038927878390047, 44.890705202304964], [-1.039343918993161, 44.89061482224664], [-1.039600727615301, 44.89057811730719], [-1.039185273535545, 44.89048919759278], [-1.038783012841695, 44.89037144440061], [-1.03839892762642, 44.89022622899529], [-1.038036717233003, 44.89005495009127], [-1.037699870217027, 44.889859257432335]], [[-1.031416424847335, 44.88991479303018], [-1.031079601754181, 44.8897190803047], [-1.03077138878472, 44.88950084040664], [-1.030667213303296, 44.8894109638693], [-1.030443260392712, 44.88957078853969], [-1.030107519552631, 44.88976743793624], [-1.029746278218786, 44.88993974593394], [-1.029363015608992, 44.890086052877514], [-1.028961423139708, 44.8902049495393], [-1.028545368860768, 44.89029529069907], [-1.028241349043999, 44.89033871206811], [-1.02862544034796, 44.890420960755904], [-1.029027680084514, 44.89053875073283], [-1.029411743191323, 44.890683998554344], [-1.029773931323274, 44.89085530561519], [-1.03011075668203, 44.89105102236907], [-1.030418975595012, 44.89126926420563], [-1.030556321635823, 44.89138775519385], [-1.030806389674796, 44.89120929845981], [-1.031142136690836, 44.89101264686256], [-1.031503380644554, 44.890840334267814], [-1.031886642825496, 44.89069401990496], [-1.032288232597332, 44.89057511264953], [-1.032704282925804, 44.89048475746303], [-1.033005754089744, 44.89044168761557], [-1.032981477188447, 44.89043829055922], [-1.032564927061805, 44.89034910896416], [-1.032162681261745, 44.89023133180314], [-1.031778614133925, 44.890086093513546], [-1.031416424847335, 44.88991479303018]], [[-1.023644675531594, 44.8956846640027], [-1.024029035051893, 44.8956297897172], [-1.023860776615625, 44.895510640398385], [-1.023727307365356, 44.89539548241368], [-1.023453290087346, 44.89559098063345], [-1.023117488744947, 44.895787609269874], [-1.023005516696564, 44.895841003052844], [-1.023228572074951, 44.89577498540211], [-1.023644675531594, 44.8956846640027]], [[-1.021697077610427, 44.89644430215198], [-1.021746489503396, 44.89640905137451], [-1.022082299367054, 44.89621242684441], [-1.022194273034724, 44.89615903398582], [-1.021971214913451, 44.896225049567704], [-1.021555104757494, 44.89631536471409], [-1.021281506748972, 44.8963544191269], [-1.021685966803462, 44.89644104802083], [-1.021697077610427, 44.89644430215198]], [[-1.03030431104726, 44.895784728981354], [-1.030621930490756, 44.89573936342455], [-1.03051101911987, 44.89566083679399], [-1.030373662717987, 44.895542345592425], [-1.030123573997183, 44.895720801592546], [-1.029831461385982, 44.89589187746203], [-1.029888217567341, 44.89587507532757], [-1.03030431104726, 44.895784728981354]], [[-1.028406207593668, 44.89650923016436], [-1.028698327762302, 44.896338158009854], [-1.028641570756442, 44.89635495953882], [-1.02822547037254, 44.89644529967318], [-1.027909486459136, 44.89649042398057], [-1.027919030390826, 44.89649175977065], [-1.028312590588598, 44.89657602826045], [-1.028406207593668, 44.89650923016436]], [[-1.043512719640715, 44.9021206542773], [-1.043471133235218, 44.902091223523755], [-1.043466626123629, 44.902087337189116], [-1.04327449759903, 44.90204623168898], [-1.043114455844778, 44.90216045731495], [-1.043035936180166, 44.90220645279676], [-1.043273481706425, 44.902154849762866], [-1.043512719640715, 44.9021206542773]], [[-1.041375330252014, 44.90287957395141], [-1.041453852219475, 44.902833579633665], [-1.041216302147061, 44.90288517878786], [-1.040933815374054, 44.90292554937353], [-1.040952788112603, 44.9029389770779], [-1.0412138320292, 44.90299483186418], [-1.041375330252014, 44.90287957395141]], [[-1.036643844778864, 44.90204478504386], [-1.036926330204077, 44.90200442537652], [-1.036910358568857, 44.90199312032604], [-1.036612161351314, 44.901929302183525], [-1.036484173071221, 44.90202063530754], [-1.036324544297169, 44.902114127219576], [-1.036643844778864, 44.90204478504386]], [[-1.034905244708207, 44.902675906279114], [-1.034585938487417, 44.9027452434717], [-1.034299608512262, 44.902786145611984], [-1.034624643815904, 44.90285571374812], [-1.034745611439837, 44.90276939594145], [-1.034905244708207, 44.902675906279114]]]}}, {"type": "Feature", "properties": {"nb_detections_cluster": 1, "frp_max": 4.01, "frp_moyen": 4.01, "derniere_detection": "2026-07-23T01:05:00", "fetch_timestamp": "2026-07-23T01:05:00"}, "geometry": {"type": "Polygon", "coordinates": [[[-1.084498363699928, 44.87401000707068], [-1.084805074455099, 44.87379076208919], [-1.08514052810893, 44.87359394840367], [-1.085501494192692, 44.873421461188045], [-1.085884496670915, 44.8732749613533], [-1.086285847407309, 44.873155859560946], [-1.086701681668669, 44.87306530264581], [-1.087127995325389, 44.87300416257818], [-1.08756068339107, 44.87297302807189], [-1.087995579530922, 44.87297219891834], [-1.088428496159415, 44.87300168310139], [-1.088855264742041, 44.87306119672044], [-1.0892717759141, 44.87315016672279], [-1.089674019031146, 44.873267736418654], [-1.090058120771186, 44.873412773726244], [-1.090420382417697, 44.87358388206744], [-1.090757315465186, 44.873779413809594], [-1.091065675204942, 44.87399748612402], [-1.091342491967943, 44.874235999109096], [-1.091585099724241, 44.87449265600388], [-1.091791161763407, 44.87476498529738], [-1.091958693208504, 44.87505036452159], [-1.092086080146408, 44.875346045499235], [-1.092172095189633, 44.87564918080312], [-1.092215909319106, 44.87595685117306], [-1.092217099892921, 44.87626609362612], [-1.09217565474307, 44.87657392998982], [-1.092091972319587, 44.87687739558347], [-1.091966857879768, 44.8771735677716], [-1.09180151575808, 44.87745959411411], [-1.091597537790299, 44.877732719842285], [-1.091356888002437, 44.87799031439562], [-1.091081883711223, 44.87822989676353], [-1.090775173217552, 44.878449159387934], [-1.0904397103073, 44.87864599039585], [-1.090078725804913, 44.87881849394763], [-1.089695696453683, 44.87896500850449], [-1.089294311422611, 44.879084122839174], [-1.088878436762826, 44.87917468963485], [-1.088452078156428, 44.879235836541554], [-1.088019342317203, 44.87926697458261], [-1.087584397415852, 44.87926780383077], [-1.087151432911781, 44.87923831629856], [-1.086724619179334, 44.87917879601525], [-1.086308067318289, 44.8790898162897], [-1.085905789536748, 44.87897223418532], [-1.085521660488843, 44.87882718226075], [-1.085159379940519, 44.878656057655796], [-1.084822437123659, 44.87846050862818], [-1.084514077122404, 44.87824241867086], [-1.084237269615825, 44.878003888363395], [-1.083994680278151, 44.877747215132466], [-1.083788645111994, 44.87747487111686], [-1.083621147961575, 44.87718947935031], [-1.083493801422095, 44.87689378849211], [-1.083407831328547, 44.87659064634915], [-1.083364064972621, 44.876282972444464], [-1.083362923160302, 44.87597372989678], [-1.08340441618573, 44.875665896882246], [-1.083488143759035, 44.87536243795282], [-1.08361329888784, 44.875066275487924], [-1.083778675674022, 44.874780261553944], [-1.083982680949669, 44.87450715044274], [-1.084223349639343, 44.87424957215315], [-1.084498363699928, 44.87401000707068]]]}}]}