{"type": "FeatureCollection", "name": "zone_active", "crs": {"type": "name", "properties": {"name": "urn:ogc:def:crs:OGC:1.3:CRS84"}}, "features": [{"type": "Feature", "properties": {"nb_detections_cluster": 1, "frp_max": 3.62, "frp_moyen": 3.62, "derniere_detection": "2026-07-25T02:11:00", "fetch_timestamp": "2026-07-26T01:32:00"}, "geometry": {"type": "Polygon", "coordinates": [[[-1.154192443439041, 44.77243578931127], [-1.154190914338056, 44.772126558251095], [-1.154231943123009, 44.77181870948701], [-1.154315133977224, 44.771515207723105], [-1.154439685079148, 44.77121897575173], [-1.154604396349237, 44.7709328663091], [-1.154807681029821, 44.77065963460726], [-1.1550475809856, 44.77040191180659], [-1.155321785576631, 44.77016217968463], [-1.155627653921513, 44.76994274674399], [-1.15596224033595, 44.76974572598988], [-1.15632232270148, 44.76957301459034], [-1.156704433491181, 44.7694262756153], [-1.157104893153738, 44.76930692202903], [-1.157519845534755, 44.769216103091], [-1.157945294994769, 44.769154693294574], [-1.158377144867196, 44.76912328395082], [-1.158811236886714, 44.76912217749754], [-1.159243391209313, 44.76915138458869], [-1.159669446639599, 44.769210623991746], [-1.160085300678998, 44.76929932529441], [-1.16048694901014, 44.769416634394226], [-1.160870524038184, 44.76956142171877], [-1.16123233211872, 44.769732293097086], [-1.161568889114494, 44.76992760317837], [-1.161876953939089, 44.77014547126851], [-1.162153559764918, 44.7703837994327], [-1.162396042595197, 44.77064029268991], [-1.162602066924742, 44.77091248110523], [-1.162769648242255, 44.7711977435676], [-1.162897172157027, 44.77149333302449], [-1.162983409965264, 44.77179640293049], [-1.16302753050541, 44.77210403465563], [-1.163029108187458, 44.77241326558956], [-1.162988127117925, 44.7727211176712], [-1.162904981279812, 44.77302462606897], [-1.162780470764724, 44.77332086773558], [-1.162615794092481, 44.77360698956221], [-1.162412536691173, 44.773880235860986], [-1.162172655647774, 44.774137974910474], [-1.161898460875437, 44.77437772430876], [-1.161592592878233, 44.77459717488929], [-1.161257997327098, 44.77479421296899], [-1.160897896691613, 44.77496694071396], [-1.160515759200803, 44.7751136944262], [-1.160115265432094, 44.77523306057502], [-1.159700272850558, 44.77532388941823], [-1.159274778640544, 44.77538530608178], [-1.158842881188354, 44.775416718990705], [-1.158408740587773, 44.77541782557023], [-1.157976538549755, 44.77538861516154], [-1.157550438103366, 44.77532936912461], [-1.15713454347713, 44.77524065812671], [-1.156732860548142, 44.77512333664286], [-1.156349258240823, 44.77497853472144], [-1.155987431247907, 44.774807647094285], [-1.15565086443344, 44.77461231973668], [-1.155342799261166, 44.774394434006645], [-1.155066202572035, 44.77415608851686], [-1.154823738011712, 44.7738995789142], [-1.154617740383276, 44.77362737576172], [-1.154450193171916, 44.77334210073679], [-1.154322709457662, 44.77304650137473], [-1.154236516399425, 44.77274342460161], [-1.154192443439041, 44.77243578931127]]]}}, {"type": "Feature", "properties": {"nb_detections_cluster": 11, "frp_max": 3.98, "frp_moyen": 2.16, "derniere_detection": "2026-07-25T02:11:00", "fetch_timestamp": "2026-07-26T01:32:00"}, "geometry": {"type": "Polygon", "coordinates": [[[-1.18149, 44.77935], [-1.17944, 44.78586], [-1.18046, 44.7826], [-1.17671, 44.77858], [-1.17193, 44.77782], [-1.16715, 44.77706], [-1.17295, 44.77456], [-1.17876, 44.77207], [-1.18353, 44.77283], [-1.18251, 44.77609], [-1.18149, 44.77935]]]}}, {"type": "Feature", "properties": {"nb_detections_cluster": 13, "frp_max": 7.09, "frp_moyen": 4.19, "derniere_detection": "2026-07-25T13:16:00", "fetch_timestamp": "2026-07-26T01:32:00"}, "geometry": {"type": "Polygon", "coordinates": [[[-1.22259, 44.77997], [-1.22871, 44.78456], [-1.22179, 44.78387], [-1.21487, 44.78317], [-1.21152, 44.77908], [-1.20878, 44.77858], [-1.20797, 44.78248], [-1.20632, 44.77976], [-1.20543, 44.77635], [-1.20657, 44.7757], [-1.21063, 44.77567], [-1.21231, 44.77876], [-1.21567, 44.77928], [-1.22259, 44.77997]]]}}, {"type": "Feature", "properties": {"nb_detections_cluster": 2, "frp_max": 1.38, "frp_moyen": 1.38, "derniere_detection": "2026-07-25T02:11:00", "fetch_timestamp": "2026-07-26T01:32:00"}, "geometry": {"type": "Polygon", "coordinates": [[[-1.195261328532158, 44.77543172258969], [-1.195342715489469, 44.775407435329896], [-1.195757651085223, 44.775316473067186], [-1.196183104890315, 44.77525491638354], [-1.196614980196193, 44.77522335800436], [-1.197049118492607, 44.775222101802505], [-1.197481339490025, 44.77525115987384], [-1.197907481351213, 44.77531025242075], [-1.198323440745614, 44.77539881044503], [-1.198725212341731, 44.77551598122385], [-1.199108927358196, 44.77566063651671], [-1.199470890803081, 44.77583138342408], [-1.199807617043573, 44.776026577793786], [-1.20011586336403, 44.776244340046006], [-1.200392661189637, 44.776482573265255], [-1.200635344675185, 44.77673898338486], [-1.200841576383641, 44.77701110127071], [-1.201009369807018, 44.777296306491124], [-1.20113710851229, 44.77759185254502], [-1.201223561727363, 44.777894893305145], [-1.201267896216327, 44.77820251042248], [-1.201269684328713, 44.77851174142761], [-1.201228908144339, 44.778819608259], [-1.201145959672767, 44.779123145943245], [-1.201021637104466, 44.77941943115124], [-1.20085713714872, 44.77970561035509], [-1.200654043531164, 44.779978927314474], [-1.200414311760799, 44.78023674962758], [-1.200140250312509, 44.780476594090764], [-1.199834498405692, 44.78069615062197], [-1.19950000059259, 44.78089330451776], [-1.199139978400876, 44.78106615682882], [-1.198757899303547, 44.781213042657384], [-1.198357443315184, 44.78133254720031], [-1.197942467536639, 44.7814235193824], [-1.197516968990181, 44.78148508294899], [-1.197085046103753, 44.78151664491011], [-1.196650859216096, 44.781517901255306], [-1.196218590484078, 44.78148883988316], [-1.195792403579345, 44.78142974071815], [-1.195376403563453, 44.78134117301283], [-1.194974597328962, 44.78122398986204], [-1.194590854988371, 44.78107931998174], [-1.194228872583657, 44.780908556832046], [-1.193892136476253, 44.780713345189326], [-1.193658566264675, 44.78054832534821], [-1.193577171140305, 44.780572611414605], [-1.19316219323741, 44.7806635656806], [-1.192736695208682, 44.78072511088515], [-1.192304775477088, 44.78075665421519], [-1.191870594350989, 44.78075789183964], [-1.191438333931746, 44.7807288118375], [-1.191012157810915, 44.780669694312614], [-1.190596170946147, 44.78058110869442], [-1.190194380103287, 44.78046390825029], [-1.189810655246531, 44.78031922186274], [-1.1894486922494, 44.7801484431509], [-1.189111977286332, 44.779953217041005], [-1.188803753248429, 44.779735423915966], [-1.1885269885072, 44.77949716149665], [-1.188284348327299, 44.77924072462995], [-1.188078169203618, 44.77896858317852], [-1.18791043636967, 44.77868335822561], [-1.187782764693457, 44.7783877968245], [-1.18769638314429, 44.778084745535836], [-1.187652122979385, 44.777777123008285], [-1.187650409763162, 44.77746789186644], [-1.187691259295157, 44.777160030177264], [-1.187774277484761, 44.776856502769576], [-1.187898664172926, 44.77656023268285], [-1.188063220863067, 44.77627407302054], [-1.188266362285695, 44.77600077947847], [-1.188506131684594, 44.77574298381278], [-1.188780219676559, 44.77550316850275], [-1.189085986502492, 44.775283642852195], [-1.18942048745519, 44.77508652075915], [-1.189780501238673, 44.77491370036763], [-1.190162560986004, 44.774766845797025], [-1.190562987637012, 44.77464737112484], [-1.190977925354892, 44.77455642677646], [-1.19140337864117, 44.77449488845287], [-1.191835250792305, 44.77446334870268], [-1.192269383328427, 44.77446211121943], [-1.192701596015461, 44.7744911879187], [-1.193127727096172, 44.774550298823506], [-1.193543673343775, 44.77463887475887], [-1.193945429553322, 44.774756062829546], [-1.194329127091555, 44.77490073462845], [-1.194691071134789, 44.775071497097166], [-1.195027776236973, 44.77526670593362], [-1.195261328532158, 44.77543172258969]]]}}, {"type": "Feature", "properties": {"nb_detections_cluster": 9, "frp_max": 3.71, "frp_moyen": 1.9, "derniere_detection": "2026-07-25T02:11:00", "fetch_timestamp": "2026-07-26T01:32:00"}, "geometry": {"type": "Polygon", "coordinates": [[[-1.222650153730147, 44.80494081157353], [-1.222805606818656, 44.80490670898167], [-1.223231254930429, 44.8048450478732], [-1.223663342355656, 44.80481338380265], [-1.224097708541888, 44.8048120216606], [-1.224530171005617, 44.80484097456294], [-1.224956565584975, 44.80489996372479], [-1.225372786516451, 44.8049884211434], [-1.225774825950684, 44.8051054950647], [-1.226158812527737, 44.80525005818085], [-1.22652104864122, 44.805420718479965], [-1.226858046033098, 44.80561583264389], [-1.227166559377013, 44.80583352186521], [-1.227443617527055, 44.806071689931755], [-1.227686552131282, 44.806328043404385], [-1.227893023334419, 44.806600113694586], [-1.228061042322012, 44.80688528082917], [-1.228188990488553, 44.80718079867394], [-1.228275635044385, 44.807483821373495], [-1.228320140910387, 44.807791430752886], [-1.228322078785014, 44.808100664417424], [-1.228281429305057, 44.80840854428012], [-1.228198583259036, 44.80871210524224], [-1.228074337850139, 44.809008423750676], [-1.227909889043685, 44.80929464595693], [-1.227706820071852, 44.809568015206686], [-1.227467086205477, 44.809825898594646], [-1.227192995938902, 44.810065812329], [-1.22688718876844, 44.810285445660625], [-1.226552609778064, 44.81048268314646], [-1.226192481276897, 44.810655625032076], [-1.225810271761585, 44.81080260555706], [-1.22540966250271, 44.8109222090061], [-1.224994512077375, 44.811013283351414], [-1.224568819190134, 44.81107495135425], [-1.224136684141028, 44.811106619018744], [-1.223702269312666, 44.811107981316226], [-1.223269759057842, 44.811079025124805], [-1.222843319375012, 44.81102002935575], [-1.222427057760986, 44.81093156226577], [-1.222024983628536, 44.81081447598056], [-1.221640969671028, 44.810669898283095], [-1.22127871454707, 44.81049922174563], [-1.220941707245258, 44.810304090310375], [-1.220633193472783, 44.810086383448414], [-1.220356144392026, 44.809848198049856], [-1.2201132280064, 44.80959182821993], [-1.219906783471047, 44.80931974317574], [-1.219738798575597, 44.80903456345745], [-1.219619634143883, 44.80875923746421], [-1.219464168468318, 44.80879333563492], [-1.219038486326928, 44.80885498236853], [-1.21860636522989, 44.8088866284651], [-1.21817196742541, 44.80888796910369], [-1.217739477102282, 44.808858991371025], [-1.217313060066933, 44.80879997438592], [-1.216896823597982, 44.80871148660938], [-1.216494776865936, 44.80859438036637], [-1.216110792300172, 44.808449783632106], [-1.215748568276131, 44.80827908916219], [-1.215411593482783, 44.80808394107152], [-1.215103113314141, 44.80786621899163], [-1.214826098608861, 44.80762801995916], [-1.214583217039217, 44.80737163821064], [-1.214376807424985, 44.80709954307793], [-1.214208857219433, 44.806814355198355], [-1.214080983383812, 44.80651882126825], [-1.213994416834022, 44.80621578758386], [-1.213949990608472, 44.80590817262446], [-1.213948131870246, 44.805598938941955], [-1.213988857819641, 44.80529106462793], [-1.214071775555439, 44.80498751463293], [-1.214196085885195, 44.804691212214145], [-1.214360591046853, 44.80440501078652], [-1.214563706266346, 44.80413166644823], [-1.214803475039032, 44.803873811444674], [-1.215077587987029, 44.80363392882666], [-1.215383405110306, 44.80341432854623], [-1.215717981216792, 44.80321712522015], [-1.216078094286411, 44.80304421777469], [-1.216460276495876, 44.80289727116758], [-1.216860847605631, 44.80277770036255], [-1.217275950387815, 44.802686656710684], [-1.217701587754612, 44.80262501686915], [-1.218133661230147, 44.8025933743641], [-1.218568010396278, 44.80259203387847], [-1.219000452933357, 44.802621008319626], [-1.219426824871347, 44.80268001869528], [-1.219843020664698, 44.80276849679839], [-1.220245032706041, 44.80288559067577], [-1.220628989899144, 44.8030301728274], [-1.220991194920484, 44.803200851058065], [-1.221328159811351, 44.80339598187694], [-1.22163663955828, 44.803613686316226], [-1.22191366333882, 44.803851868017205], [-1.222156563131942, 44.80410823340944], [-1.222362999417551, 44.804380313789544], [-1.222530983717413, 44.8046654890872], [-1.222650153730147, 44.80494081157353]]]}}, {"type": "Feature", "properties": {"nb_detections_cluster": 1, "frp_max": 1.25, "frp_moyen": 1.25, "derniere_detection": "2026-07-25T02:11:00", "fetch_timestamp": "2026-07-26T01:32:00"}, "geometry": {"type": "Polygon", "coordinates": [[[-1.132317523255474, 44.8341949211046], [-1.13231611286863, 44.83388568331143], [-1.132357306605809, 44.83357783623963], [-1.132440707060322, 44.83327434457686], [-1.132565510390768, 44.83297813101808], [-1.132730514087434, 44.83269204812203], [-1.1329341285756, 44.83241885084493], [-1.133174392543195, 44.832161170015624], [-1.133448991844402, 44.83192148700729], [-1.133755281796617, 44.831702109849545], [-1.134090312655611, 44.83150515101031], [-1.134450858023349, 44.831332507061425], [-1.134833445914883, 44.83118584042316], [-1.135234392185315, 44.831066563363294], [-1.13564983599531, 44.830975824404334], [-1.136075776974163, 44.830914497269546], [-1.136508113723264, 44.830883172473996], [-1.136942683289985, 44.8308821516414], [-1.13737530123282, 44.83091144460126], [-1.137801801892897, 44.83097076929425], [-1.138218078485111, 44.831059554486835], [-1.138620122623753, 44.831176945268766], [-1.13900406290296, 44.83132181128107], [-1.139366202161297, 44.83149275759514], [-1.13970305307233, 44.831688138138524], [-1.140011371719007, 44.831906071538626], [-1.140288188828917, 44.83214445923165], [-1.140530838369827, 44.832401005663264], [-1.140736983230098, 44.83267324038644], [-1.140904637736486, 44.83295854184412], [-1.141032186792078, 44.83325416260813], [-1.141118401449468, 44.83355725583143], [-1.141162450768488, 44.83386490265938], [-1.141163909843442, 44.83417414033608], [-1.141122763921559, 44.834481990735355], [-1.141039408572016, 44.834785489041664], [-1.140914645902854, 44.83508171230477], [-1.140749676861197, 44.835367807592974], [-1.14054608968999, 44.83564101947387], [-1.14030584465153, 44.83589871655735], [-1.140031255164198, 44.836138416845614], [-1.139724965533457, 44.83635781164501], [-1.139389925491179, 44.83655478780962], [-1.139029361788311, 44.83672744810184], [-1.138646747114409, 44.83687412947331], [-1.1382457666436, 44.83699341909008], [-1.137830282529522, 44.83708416794706], [-1.137404296691743, 44.83714550194063], [-1.136971912252778, 44.837176830292144], [-1.136537293997946, 44.83717785124122], [-1.136104628239815, 44.83714855495389], [-1.135678082474768, 44.83708922361734], [-1.135261765221269, 44.83700042872044], [-1.134859686427618, 44.836883025546335], [-1.134475718831452, 44.83673814493026], [-1.13411356064398, 44.83656718236203], [-1.133776699919073, 44.83637178453868], [-1.133468380950923, 44.836153833496944], [-1.133191573024295, 44.83591542847854], [-1.132948941818517, 44.83565886570359], [-1.132742823740615, 44.83538661624719], [-1.132575203434603, 44.83510130223262], [-1.132447694683094, 44.83480567157061], [-1.132361524884629, 44.834502571488514], [-1.132317523255474, 44.8341949211046]]]}}, {"type": "Feature", "properties": {"nb_detections_cluster": 104, "frp_max": 30.08, "frp_moyen": 5.07, "derniere_detection": "2026-07-25T13:33:00", "fetch_timestamp": "2026-07-26T01:32:00"}, "geometry": {"type": "Polygon", "coordinates": [[[-1.11344, 44.89189], [-1.09768, 44.90989], [-1.08538, 44.90108], [-1.09429, 44.88882], [-1.09413, 44.86865], [-1.10139, 44.86027], [-1.11724, 44.84802], [-1.12887, 44.84304], [-1.14322, 44.84533], [-1.15758, 44.84762], [-1.15655, 44.85088], [-1.14595, 44.8526], [-1.12646, 44.8666], [-1.11653, 44.88211], [-1.1155, 44.88537], [-1.11447, 44.88863], [-1.11344, 44.89189]]]}}, {"type": "Feature", "properties": {"nb_detections_cluster": 3, "frp_max": 7.77, "frp_moyen": 6.67, "derniere_detection": "2026-07-25T13:33:00", "fetch_timestamp": "2026-07-26T01:32:00"}, "geometry": {"type": "Polygon", "coordinates": [[[-1.17362, 44.86964], [-1.1698, 44.86841], [-1.17302, 44.86519], [-1.17362, 44.86964]]]}}, {"type": "Feature", "properties": {"nb_detections_cluster": 5, "frp_max": 4.28, "frp_moyen": 3.74, "derniere_detection": "2026-07-25T02:11:00", "fetch_timestamp": "2026-07-26T01:32:00"}, "geometry": {"type": "Polygon", "coordinates": [[[-1.1627, 44.87922], [-1.16749, 44.87999], [-1.16167, 44.88248], [-1.15107, 44.88421], [-1.15688, 44.88172], [-1.1627, 44.87922]]]}}, {"type": "Feature", "properties": {"nb_detections_cluster": 35, "frp_max": 31.77, "frp_moyen": 11.81, "derniere_detection": "2026-07-25T13:33:00", "fetch_timestamp": "2026-07-26T01:32:00"}, "geometry": {"type": "Polygon", "coordinates": [[[-1.11798, 44.78972], [-1.11695, 44.79298], [-1.1132, 44.78896], [-1.10842, 44.78819], [-1.10945, 44.78493], [-1.10056, 44.78059], [-1.10569, 44.78091], [-1.10778, 44.77302], [-1.1115, 44.77842], [-1.11628, 44.77919], [-1.12106, 44.77995], [-1.12111, 44.78374], [-1.11901, 44.78646], [-1.11798, 44.78972]]]}}, {"type": "Feature", "properties": {"nb_detections_cluster": 3, "frp_max": 7.66, "frp_moyen": 5.61, "derniere_detection": "2026-07-25T13:33:00", "fetch_timestamp": "2026-07-26T01:32:00"}, "geometry": {"type": "Polygon", "coordinates": [[[-1.12640718963684, 44.896680136209106], [-1.126630526594121, 44.89644092148719], [-1.126905468340645, 44.8962012497523], [-1.127212134663228, 44.89598188615175], [-1.127547572193099, 44.89578494302285], [-1.127908550616177, 44.895612316786156], [-1.128291593777665, 44.89546566969132], [-1.128693013149149, 44.895346413817954], [-1.129108943336284, 44.89525569748448], [-1.129535379285683, 44.895194394196345], [-1.129968214833422, 44.89516309423896], [-1.130403282224771, 44.89516209899686], [-1.130836392225503, 44.89519141805318], [-1.131263374439518, 44.89525076909728], [-1.131680117445529, 44.8953395806419], [-1.132082608367281, 44.89545699752308], [-1.132466971497209, 44.895601889130525], [-1.132829505602402, 44.895772860289156], [-1.133166719554349, 44.89596826468735], [-1.133475365939928, 44.89618622072277], [-1.133752472330317, 44.89642462961365], [-1.133995369906935, 44.89668119560156], [-1.134201719168715, 44.89695344805111], [-1.13436953247293, 44.89723876523455], [-1.134497193192149, 44.89753439957223], [-1.134583471302186, 44.89783750408637], [-1.134627535250265, 44.89814515981358], [-1.134628959988207, 44.8984544039122], [-1.134587731092318, 44.89876225819415], [-1.134504244929305, 44.899065757806504], [-1.134379304865565, 44.89936197978633], [-1.134214113555354, 44.89964807121432], [-1.134010261381121, 44.89992127669511], [-1.133769711156482, 44.900178964900256], [-1.133494779238411, 44.90041865391739], [-1.133188113229953, 44.90063803516136], [-1.132852666487812, 44.90083499561682], [-1.132491669680092, 44.901007638197385], [-1.132108599668098, 44.90115430002526], [-1.131707146012096, 44.901273568454734], [-1.131291175423966, 44.90136429468477], [-1.130864694509682, 44.9014256048297], [-1.130431811161142, 44.90145690834053], [-1.129996694970038, 44.90145790369618], [-1.12956353704594, 44.90142858130921], [-1.129136509626619, 44.90136922361818], [-1.128719725870575, 44.901280402365835], [-1.128317200220063, 44.90116297308919], [-1.127932809717257, 44.90101806687488], [-1.127570256646991, 44.90084707945932], [-1.127233032866593, 44.90065165777887], [-1.126924386166889, 44.90043368410006], [-1.126647288988769, 44.9001952578826], [-1.126632833135651, 44.9001799865164], [-1.126409481308349, 44.900419201519576], [-1.126134516779421, 44.90065887233956], [-1.125827820687632, 44.90087823328262], [-1.125492346679533, 44.90107517152892], [-1.125131325685943, 44.90124779020594], [-1.124748234801215, 44.90139442666615], [-1.124346763786743, 44.90151366850812], [-1.123930779521676, 44.90160436718695], [-1.123504288743784, 44.9016656490823], [-1.123071399440015, 44.901696923917314], [-1.122636281259439, 44.901697890447096], [-1.122203125330798, 44.90166853936187], [-1.121776103872625, 44.90160915337663], [-1.121359329985969, 44.90152030450666], [-1.120956818017969, 44.901402848554966], [-1.120572444878938, 44.901257916865106], [-1.120209912686387, 44.901086905418886], [-1.11987271309646, 44.90089146138412], [-1.119564093666887, 44.9006734672426], [-1.119287026575804, 44.90043502265116], [-1.119044179997885, 44.900178424211035], [-1.118837892413472, 44.89990614334079], [-1.118670150097925, 44.899620802466195], [-1.118542568007565, 44.8993251497566], [-1.118456374245755, 44.899022032651686], [-1.118412398257955, 44.89871437043355], [-1.118411062868598, 44.89840512610863], [-1.118452380235516, 44.89809727787039], [-1.118535951759859, 44.897793790417644], [-1.118660971951329, 44.89749758640466], [-1.118826236210513, 44.89721151829819], [-1.119030152452358, 44.89693834091197], [-1.119270756458041, 44.896680684883165], [-1.119545730806592, 44.89644103134611], [-1.119852427203413, 44.896221688046474], [-1.120187891990231, 44.896024767126136], [-1.120548894590594, 44.89585216479173], [-1.12093195861699, 44.895705543062775], [-1.121333395340177, 44.895586313774594], [-1.121749339198801, 44.895495624989636], [-1.122175785007888, 44.895434349948005], [-1.12260862650862, 44.895403078663236], [-1.123043695888963, 44.89540211224372], [-1.123476803895546, 44.89543145999505], [-1.123903780151455, 44.89549083933033], [-1.124320513292735, 44.89557967848983], [-1.124722990538072, 44.89569712204372], [-1.125107336311522, 44.89584203912485], [-1.12546984954722, 44.89601303431285], [-1.125807039317524, 44.896208461064695], [-1.126115658442064, 44.896426437562766], [-1.12639273475443, 44.896664864828274], [-1.12640718963684, 44.896680136209106]]]}}, {"type": "Feature", "properties": {"nb_detections_cluster": 2, "frp_max": 5.32, "frp_moyen": 3.78, "derniere_detection": "2026-07-25T02:11:00", "fetch_timestamp": "2026-07-26T01:32:00"}, "geometry": {"type": "Polygon", "coordinates": [[[-1.122098323631599, 44.90426149904202], [-1.122183118218922, 44.90423631739409], [-1.122599124818564, 44.90414562518521], [-1.123025635432676, 44.904084346717674], [-1.123458543178519, 44.90405307203795], [-1.123893679606298, 44.90405210228715], [-1.124326854817152, 44.90408144680295], [-1.124753897787169, 44.90414082302956], [-1.125170696510109, 44.904229659237245], [-1.125573237573256, 44.90434710002455], [-1.125957644786234, 44.904492014551], [-1.126320216491613, 44.904663007420844], [-1.126657461198757, 44.90485843211334], [-1.126966131198281, 44.90507640683072], [-1.127243253833837, 44.90531483261135], [-1.127486160130237, 44.90557141353412], [-1.127692510502245, 44.90584367881977], [-1.127860317296226, 44.90612900661692], [-1.127987963947204, 44.90642464924369], [-1.12807422056623, 44.906727759642436], [-1.128118255807249, 44.90703541879304], [-1.128119644898304, 44.907344663820865], [-1.128078373758777, 44.907652516528834], [-1.127994839162005, 44.90795601207909], [-1.127869844940671, 44.90825222754787], [-1.127704594270472, 44.90853831007847], [-1.12750067810545, 44.90881150436116], [-1.127260059875459, 44.90906917917538], [-1.12698505659242, 44.90930885273766], [-1.126678316546732, 44.90952821661169], [-1.126342793808234, 44.90972515794939], [-1.12598171977707, 44.9098977798485], [-1.125598572058441, 44.910044419630424], [-1.125197040961188, 44.91016366486177], [-1.124780993943234, 44.91025436696495], [-1.124354438346862, 44.910315652286656], [-1.123921482783452, 44.91034693051705], [-1.123486297540402, 44.91034790037851], [-1.123053074392515, 44.91031855252915], [-1.1226259862059, 44.91025916965282], [-1.122209146724444, 44.91017032373484], [-1.121806570927187, 44.91005287054983], [-1.121422136339322, 44.90990794141467], [-1.121059545670277, 44.90973693228655], [-1.120722291139454, 44.909541490310986], [-1.12049157067207, 44.90937854873674], [-1.120406767554891, 44.909403729133466], [-1.119990718429154, 44.90949441327994], [-1.119564163378778, 44.90955568019887], [-1.1191312110099, 44.909586939757595], [-1.118696031579154, 44.909587890858425], [-1.118262816805347, 44.90955852434014], [-1.117835739473908, 44.90949912306643], [-1.117418913224131, 44.90941025919981], [-1.117016352907566, 44.90929278868775], [-1.116631935900244, 44.90914784301405], [-1.1162693647422, 44.90897681829521], [-1.115932131464852, 44.90878136182688], [-1.115623483950328, 44.9085633562106], [-1.115346394647169, 44.90832490121369], [-1.115103531943856, 44.908068293537625], [-1.11489723447589, 44.90779600468992], [-1.114729488613646, 44.90751065717313], [-1.114601909347413, 44.907214999220585], [-1.114515724753154, 44.90691187832239], [-1.11447176418783, 44.906604213797216], [-1.11447045032714, 44.90629496867364], [-1.114511795121385, 44.90598712115284], [-1.114595399707394, 44.90568363592665], [-1.114720458276311, 44.90538743562791], [-1.114885765859001, 44.90510137268755], [-1.115089729953091, 44.904828201869535], [-1.115330385878859, 44.904570553747796], [-1.115605415715308, 44.904330909380434], [-1.115912170633488, 44.90411157642488], [-1.116247696411603, 44.90391466692334], [-1.116608761885927, 44.9037420769725], [-1.116991890063578, 44.90359546847262], [-1.11739339159767, 44.903476253131615], [-1.11780940030287, 44.90338557887766], [-1.118235910369903, 44.90332431881093], [-1.118668814921318, 44.90329306280075], [-1.119103945538079, 44.903292111808454], [-1.11953711237727, 44.90332147499106], [-1.119964144495569, 44.9033808696131], [-1.120380929991194, 44.903469723767664], [-1.120783455578752, 44.9035871818805], [-1.121167845216832, 44.9037321129443], [-1.12153039741718, 44.903903121404056], [-1.121867620876915, 44.9040985605889], [-1.122098323631599, 44.90426149904202]]]}}, {"type": "Feature", "properties": {"nb_detections_cluster": 1, "frp_max": 3.99, "frp_moyen": 3.99, "derniere_detection": "2026-07-25T02:11:00", "fetch_timestamp": "2026-07-26T01:32:00"}, "geometry": {"type": "Polygon", "coordinates": [[[-1.117201197610467, 44.91388432295212], [-1.117199868535727, 44.91357507717249], [-1.117241203719051, 44.913267227950605], [-1.117324804389641, 44.912963739994765], [-1.11744986477616, 44.91266753596409], [-1.117615179891787, 44.91238146832547], [-1.117819157161445, 44.91210829188811], [-1.118059831778375, 44.91185063728006], [-1.118334885641463, 44.91161098562193], [-1.118641669690283, 44.91139164464134], [-1.118977229422445, 44.911194726457786], [-1.119338333347214, 44.911022127251535], [-1.119721504101434, 44.91087550901201], [-1.120123051928243, 44.910756283540906], [-1.120539110196577, 44.910665598863915], [-1.120965672619965, 44.91060432818162], [-1.121398631816882, 44.91057306146549], [-1.121833818842199, 44.91057209978001], [-1.122267043309936, 44.91060145238515], [-1.122694133721962, 44.910660836647274], [-1.123110977615285, 44.910749680759245], [-1.123513561142288, 44.910867129243506], [-1.123898007703736, 44.91101205118549], [-1.124260615263313, 44.91118305111798], [-1.124597891985117, 44.911378482452264], [-1.124906589851441, 44.91159646332662], [-1.125183735937529, 44.91183489472008], [-1.125426661042284, 44.912091480657516], [-1.12563302539924, 44.91236375031139], [-1.125800841219961, 44.91264908178823], [-1.125928491852395, 44.912944727370686], [-1.126014747369094, 44.913247839972676], [-1.126058776434456, 44.91355550055284], [-1.126060154335829, 44.91386474622273], [-1.126018867100195, 44.91417259877911], [-1.125935311655754, 44.914476093385574], [-1.125810292035823, 44.914772307127414], [-1.125645011660586, 44.91505838716453], [-1.125441061770071, 44.915331578211244], [-1.125200406118865, 44.91558924907811], [-1.124925362079247, 44.91582891801967], [-1.124618578334127, 44.91604827664412], [-1.124283009374227, 44.916245212153925], [-1.123921887044895, 44.91641782770297], [-1.12353868941657, 44.9165644606738], [-1.123137107278867, 44.91668369869861], [-1.122721008581398, 44.91677439326924], [-1.122294401164306, 44.91683567080496], [-1.121861394138194, 44.91686694107086], [-1.121426158286245, 44.916867902866066], [-1.120992885870816, 44.91683854692642], [-1.120565750232642, 44.91677915601368], [-1.120148865572731, 44.91669030219056], [-1.119746247305336, 44.91657284130779], [-1.119361773364748, 44.91642790475646], [-1.118999146839444, 44.916256888565165], [-1.118661860294174, 44.91606143994746], [-1.118353162124149, 44.915843441429246], [-1.118076025265801, 44.91560499270951], [-1.117833118565606, 44.91534839042928], [-1.117626781082755, 44.91507610604409], [-1.117458999572929, 44.91479076201357], [-1.11733138936963, 44.91449510653746], [-1.117245178846637, 44.91419198708207], [-1.117201197610467, 44.91388432295212]]]}}, {"type": "Feature", "properties": {"nb_detections_cluster": 5, "frp_max": 4.75, "frp_moyen": 4.42, "derniere_detection": "2026-07-25T03:30:00", "fetch_timestamp": "2026-07-26T01:32:00"}, "geometry": {"type": "Polygon", "coordinates": [[[-1.1194, 44.92213], [-1.11514, 44.92829], [-1.11334, 44.92588], [-1.11162, 44.91935], [-1.11765, 44.91972], [-1.1194, 44.92213]]]}}, {"type": "Feature", "properties": {"nb_detections_cluster": 12, "frp_max": 8.68, "frp_moyen": 5.88, "derniere_detection": "2026-07-25T13:33:00", "fetch_timestamp": "2026-07-26T01:32:00"}, "geometry": {"type": "Polygon", "coordinates": [[[-1.09543, 44.80187], [-1.09548, 44.80353], [-1.09236, 44.80314], [-1.08325, 44.8053], [-1.08457, 44.80036], [-1.07676, 44.79757], [-1.07188, 44.79361], [-1.08105, 44.79138], [-1.07976, 44.79638], [-1.08759, 44.79912], [-1.09543, 44.80187]]]}}, {"type": "Feature", "properties": {"nb_detections_cluster": 1, "frp_max": 5.93, "frp_moyen": 5.93, "derniere_detection": "2026-07-26T01:32:00", "fetch_timestamp": "2026-07-26T01:32:00"}, "geometry": {"type": "Polygon", "coordinates": [[[-1.101359887261563, 44.802993685612876], [-1.10135864794738, 44.802684450661715], [-1.1013999883406, 44.80237661830332], [-1.101483509623023, 44.802073153083455], [-1.101608406790539, 44.801776977442266], [-1.101773476430682, 44.80149094357311], [-1.101977128334603, 44.80121780595996], [-1.102217400830785, 44.80096019485697], [-1.102491979692085, 44.80072059096574], [-1.102798220433442, 44.80050130155389], [-1.103133173785107, 44.80030443824435], [-1.103493614095877, 44.80013189668898], [-1.103876070392774, 44.799985338322045], [-1.104276859798261, 44.799866174368724], [-1.104692122983541, 44.799775552262425], [-1.105117861317087, 44.799714344601156], [-1.105549975351371, 44.79968314074964], [-1.105984304277981, 44.799682241167034], [-1.106416665972129, 44.799711654515306], [-1.106842897241893, 44.79977109757595], [-1.107258893895616, 44.79985999797562], [-1.107660650242596, 44.799977499694755], [-1.108044297647624, 44.800122471306125], [-1.108406141768912, 44.80029351686422], [-1.108742698121547, 44.80048898934093], [-1.109050725624543, 44.80070700647826], [-1.109327257808805, 44.80094546890602], [-1.109569631385698, 44.80120208035008], [-1.109775511901054, 44.8014743697372], [-1.10994291622738, 44.80175971498377], [-1.110070231677294, 44.802055368239735], [-1.110156231553472, 44.80235848234502], [-1.110200086984712, 44.80266613824364], [-1.110201374933214, 44.80297537309217], [-1.110160082295023, 44.80328320879147], [-1.110076606053142, 44.80358668066736], [-1.109951749480798, 44.80388286602397], [-1.109786714430408, 44.80416891229453], [-1.109583089781555, 44.80444206451849], [-1.109342836158361, 44.804699691880266], [-1.109068267062686, 44.80493931305338], [-1.108762026604309, 44.8051586201061], [-1.108427064042099, 44.80535550073758], [-1.108066605381219, 44.80552805863028], [-1.107684122299831, 44.805674631722106], [-1.107283298704784, 44.805793808221985], [-1.106867995238761, 44.80588444021441], [-1.106442212081255, 44.80594565472137], [-1.106010050402353, 44.8059768621151], [-1.105575672841426, 44.805977761800364], [-1.105143263392246, 44.805948345111204], [-1.10471698708194, 44.80588889539452], [-1.104300949833045, 44.805799985279435], [-1.103899158896312, 44.80568247115889], [-1.103515484236217, 44.80553748493669], [-1.103153621241943, 44.80536642311983], [-1.102817055123682, 44.80517093336123], [-1.102509027337708, 44.804952898583004], [-1.102232504363989, 44.80471441883331], [-1.101990149137205, 44.804457791051924], [-1.101784295406342, 44.804185486939936], [-1.101616925269574, 44.80390012914678], [-1.101489650100404, 44.803604466004714], [-1.101403695048187, 44.80330134505375], [-1.101359887261563, 44.802993685612876]]]}}, {"type": "Feature", "properties": {"nb_detections_cluster": 1, "frp_max": 4.51, "frp_moyen": 4.51, "derniere_detection": "2026-07-25T02:11:00", "fetch_timestamp": "2026-07-26T01:32:00"}, "geometry": {"type": "Polygon", "coordinates": [[[-1.092953861053978, 44.87922335479147], [-1.092952666359212, 44.87891411205786], [-1.092994108976157, 44.878606275176985], [-1.093077789100303, 44.87830280873806], [-1.0932029001961, 44.8780066351929], [-1.093368236789332, 44.87772060671467], [-1.093572206098997, 44.87744747773536], [-1.093812843395845, 44.87718987842585], [-1.094087830938902, 44.876950289374186], [-1.094394520307043, 44.87673101770501], [-1.094729957910138, 44.87653417487036], [-1.095090913433884, 44.87636165632485], [-1.095473910944377, 44.876215123281206], [-1.095875262353069, 44.87609598672069], [-1.096291102920209, 44.87600539381291], [-1.096717428455429, 44.87594421687474], [-1.097150133857937, 44.875913044975064], [-1.097585052626017, 44.875912178265324], [-1.098017996956289, 44.875941625091016], [-1.098444798047564, 44.87600110191125], [-1.098861346222202, 44.87609003602762], [-1.099263630479555, 44.87620757109592], [-1.099647777101599, 44.87635257536783], [-1.100010086939756, 44.87652365258333], [-1.100347071024606, 44.87671915540949], [-1.100655484156103, 44.876937201296066], [-1.100932356151203, 44.877175690596026], [-1.101175020448198, 44.87743232677648], [-1.101381139792269, 44.877704638525984], [-1.101548728754705, 44.87799000354552], [-1.101676172868527, 44.87828567379463], [-1.101762244195651, 44.87858880194949], [-1.101806113174952, 44.87889646881887], [-1.101807356636261, 44.87920571145359], [-1.101765961902152, 44.87951355167944], [-1.101682326937031, 44.87981702477865], [-1.101557256541009, 44.8801132080435], [-1.101391954624232, 44.88039924892726], [-1.101188012635106, 44.88067239252124], [-1.10094739425297, 44.880930008092875], [-1.100672416491911, 44.88116961442922], [-1.100365727397143, 44.881388903741374], [-1.100030280548287, 44.88158576389932], [-1.099669306614957, 44.881758298782636], [-1.099286282238527, 44.88190484655084], [-1.098884896539985, 44.882023995656766], [-1.098469015576826, 44.882114598448695], [-1.098042645091811, 44.88217578222991], [-1.09760989191313, 44.88220695766856], [-1.097174924378509, 44.88220782447719], [-1.096741932165399, 44.88217837430653], [-1.0963150859151, 44.882118890826], [-1.095898497040688, 44.882029946989945], [-1.095496178106879, 44.8819123995161], [-1.095112004164296, 44.881767380629555], [-1.094749675411429, 44.881596287151915], [-1.09441268154458, 44.88140076704108], [-1.09410426813971, 44.88118270351153], [-1.093827405390371, 44.88094419688828], [-1.093584759502961, 44.88068754436999], [-1.093378667024828, 44.88041521789596], [-1.09321111235224, 44.880129840331], [-1.093083708634438, 44.879834160197746], [-1.092997682257107, 44.87953102519983], [-1.092953861053978, 44.87922335479147]]]}}, {"type": "Feature", "properties": {"nb_detections_cluster": 98, "frp_max": 25.71, "frp_moyen": 8.6, "derniere_detection": "2026-07-25T13:33:00", "fetch_timestamp": "2026-07-26T01:32:00"}, "geometry": {"type": "Polygon", "coordinates": [[[-1.09814, 44.93399], [-1.09254, 44.94159], [-1.08546, 44.94223], [-1.07461, 44.94463], [-1.06243, 44.948], [-1.05916, 44.94579], [-1.04815, 44.94909], [-1.04749, 44.94951], [-1.04253, 44.94863], [-1.03475, 44.94587], [-1.0314, 44.93699], [-1.04348, 44.93358], [-1.05355, 44.92796], [-1.06378, 44.92158], [-1.06002, 44.91755], [-1.06857, 44.92234], [-1.07521, 44.9269], [-1.08755, 44.92616], [-1.09344, 44.92658], [-1.09732, 44.92694], [-1.10211, 44.9277], [-1.10124, 44.92931], [-1.09814, 44.93399]]]}}, {"type": "Feature", "properties": {"nb_detections_cluster": 1, "frp_max": 4.4, "frp_moyen": 4.4, "derniere_detection": "2026-07-25T03:30:00", "fetch_timestamp": "2026-07-26T01:32:00"}, "geometry": {"type": "Polygon", "coordinates": [[[-1.064642400808404, 44.76965222040352], [-1.06464136408265, 44.769342988605544], [-1.06468288090352, 44.76903517348102], [-1.064766550754655, 44.768731739409574], [-1.064891567202163, 44.768435608531085], [-1.065056725685897, 44.7681496326077], [-1.065260435142442, 44.76787656556517], [-1.065500733347025, 44.767619036977855], [-1.065775305825837, 44.76737952675264], [-1.066081508156087, 44.767160341255035], [-1.066416391438603, 44.76696359110725], [-1.066776730697464, 44.766791170871365], [-1.06715905593317, 44.76664474081341], [-1.067559685530459, 44.766525710923005], [-1.067974761699452, 44.766435227342605], [-1.068400287609371, 44.76637416133641], [-1.068832165857928, 44.766343100905104], [-1.069266237906774, 44.766342345126816], [-1.069698324104171, 44.76637190127892], [-1.070124263910441, 44.76643148476782], [-1.070539955939866, 44.76652052186799], [-1.070941397434392, 44.766638155243555], [-1.071324722789962, 44.76678325219954], [-1.071686240765297, 44.7669544155834], [-1.072022470015529, 44.76714999723236], [-1.072330172609039, 44.7673681138371], [-1.072606385205135, 44.76760666506948], [-1.072848447592508, 44.76786335380008], [-1.073054028313625, 44.76813570821127], [-1.073221147128093, 44.76842110559302], [-1.073348194098282, 44.76871679759309], [-1.073433945112798, 44.769019936678006], [-1.073477573697627, 44.769327603551034], [-1.073478659000306, 44.7696368352628], [-1.073437189869296, 44.76994465374415], [-1.073353564988261, 44.77024809448647], [-1.073228589062918, 44.77054423509357], [-1.07306346509617, 44.77083022342937], [-1.072859782824962, 44.77110330509118], [-1.072619503429352, 44.771360849942795], [-1.072344940660329, 44.7716003774523], [-1.072038738567543, 44.771819580589955], [-1.07170384604104, 44.772016348055686], [-1.071343488411982, 44.772188784621854], [-1.070961136385826, 44.77233522939489], [-1.070560472607379, 44.772454271819676], [-1.070145356180077, 44.77254476527207], [-1.069719785481804, 44.77260583810852], [-1.069287859636041, 44.7726369020658], [-1.068853739010269, 44.772637657930304], [-1.068421605123013, 44.772608098421365], [-1.067995620346643, 44.77254850826158], [-1.067579887795052, 44.7724594614328], [-1.06717841178354, 44.77234181564481], [-1.066795059242634, 44.772196704069565], [-1.066433522458326, 44.77202552442142], [-1.066097283498306, 44.77182992548816], [-1.065789580667332, 44.771611791243345], [-1.065513377315222, 44.77137322269304], [-1.065271333298045, 44.771116517632144], [-1.065065779367378, 44.77084414850589], [-1.064898694734071, 44.770558738589735], [-1.064771688022191, 44.77026303671768], [-1.064685981796028, 44.76995989080254], [-1.064642400808404, 44.76965222040352]]]}}, {"type": "Feature", "properties": {"nb_detections_cluster": 1, "frp_max": 3.28, "frp_moyen": 3.28, "derniere_detection": "2026-07-25T02:11:00", "fetch_timestamp": "2026-07-26T01:32:00"}, "geometry": {"type": "Polygon", "coordinates": [[[-1.048033201851706, 44.758841557845344], [-1.048032256616521, 44.758532327065154], [-1.048073856331004, 44.75822451932954], [-1.048157599680807, 44.757921098946795], [-1.048282679524564, 44.75762498792491], [-1.048447890691975, 44.75733903783469], [-1.048651641612651, 44.75706600235305], [-1.04889196966289, 44.75680851075033], [-1.049166560081828, 44.756569042577205], [-1.049472768274243, 44.756349903794195], [-1.049807645284801, 44.75615320457358], [-1.050167966198225, 44.75598083898708], [-1.050550261191858, 44.755834466774395], [-1.050950848941784, 44.75571549736814], [-1.051365872061158, 44.75562507632841], [-1.051791334230038, 44.75556407431711], [-1.052223138659866, 44.755533078718756], [-1.052657127523004, 44.75553238798727], [-1.053089121968567, 44.755562008773616], [-1.053514962340178, 44.75562165586183], [-1.053930548209371, 44.75571075491406], [-1.054331877840086, 44.755828447997814], [-1.054715086705177, 44.755973601843195], [-1.05507648468484, 44.75614481874985], [-1.055412591589452, 44.75634045003958], [-1.055720170665309, 44.75655861192502], [-1.055996259760967, 44.75679720364193], [-1.056238199854255, 44.757053927671016], [-1.05644366066523, 44.75732631185458], [-1.056610663108199, 44.75761173319591], [-1.056737598366235, 44.757907443111854], [-1.056823243403852, 44.75821059389635], [-1.056866772767783, 44.7585182661399], [-1.056867766561323, 44.75882749684128], [-1.056826214514482, 44.75913530794095], [-1.056742516109771, 44.75943873500134], [-1.056617476761337, 44.759734855757856], [-1.05645230008327, 44.760020818265566], [-1.056248576320553, 44.760293868370375], [-1.056008267053223, 44.76055137624001], [-1.055733686320326, 44.76079086169861], [-1.055427478344856, 44.76101001812142], [-1.055092592073806, 44.76120673465825], [-1.054732252778334, 44.761379116571995], [-1.054349930987508, 44.76152550349542], [-1.053949309055043, 44.7616444854306], [-1.053534245681401, 44.76173491633603], [-1.05310873873347, 44.761795925170595], [-1.052676886720646, 44.76182692428758], [-1.052242849299153, 44.761827615097886], [-1.051810807185946, 44.76179799094749], [-1.051384921869244, 44.761738337181605], [-1.050969295504727, 44.761649228394774], [-1.050567931384668, 44.761531522893506], [-1.050184695361618, 44.76138635442494], [-1.049823278599048, 44.761215121251404], [-1.049487162008396, 44.76101947267619], [-1.049179582715595, 44.760801293150955], [-1.048903502880426, 44.76056268411781], [-1.048661581169185, 44.76030594376153], [-1.048456147155406, 44.760033544867206], [-1.048289178894976, 44.75974811099694], [-1.048162283891209, 44.75945239121531], [-1.048076683632642, 44.75914923360754], [-1.048033201851706, 44.758841557845344]]]}}, {"type": "Feature", "properties": {"nb_detections_cluster": 1, "frp_max": 2.44, "frp_moyen": 2.44, "derniere_detection": "2026-07-25T13:16:00", "fetch_timestamp": "2026-07-26T01:32:00"}, "geometry": {"type": "Polygon", "coordinates": [[[-1.007312626244609, 44.76468993530669], [-1.00731190475253, 44.76438070358803], [-1.007353731595027, 44.76407291054873], [-1.007437703270384, 44.76376952035528], [-1.007563010438471, 44.76347345472469], [-1.00772844574001, 44.7631875647904], [-1.007932415446481, 44.76291460364979], [-1.008172954827673, 44.762657199857145], [-1.008447747088097, 44.76241783211733], [-1.008754145689366, 44.76219880542361], [-1.009089199843128, 44.76200222886878], [-1.009449682928852, 44.761829995343255], [-1.009832123562796, 44.761683763315034], [-1.01023283901913, 44.76156494086684], [-1.01064797068174, 44.761474672143585], [-1.011073521185881, 44.761413826340565], [-1.011505392892686, 44.76138298933817], [-1.011939427326889, 44.761382458063174], [-1.012371445198881, 44.76141223763118], [-1.012797286626681, 44.76147204129732], [-1.013212851171511, 44.76156129321603], [-1.013614137302399, 44.76167913398289], [-1.013997280910723, 44.76182442890589], [-1.014358592504621, 44.76199577892618], [-1.014694592725801, 44.762191534083726], [-1.015002045847303, 44.76240980939827], [-1.015277990929972, 44.76264850301323], [-1.015519770337823, 44.762905316427855], [-1.01572505533768, 44.76317777662363], [-1.015891868536328, 44.763463259871564], [-1.016018602938748, 44.76375901699218], [-1.016104037443281, 44.76406219982459], [-1.016147348623799, 44.76436988865038], [-1.016148118684532, 44.76467912030842], [-1.016106339510013, 44.76498691672968], [-1.01602241277011, 44.765290313617676], [-1.015897146078103, 44.76558638899814], [-1.015731745237803, 44.76587229136296], [-1.015527802653399, 44.76614526713704], [-1.015287282012819, 44.766402687203765], [-1.015012499391358, 44.766642072232834], [-1.014706100956984, 44.766861116566595], [-1.014371037491639, 44.767057710434315], [-1.014010535973689, 44.76722996028032], [-1.013628068495217, 44.76737620700936], [-1.013227318813673, 44.767495041973824], [-1.012812146860427, 44.76758532054775], [-1.012386551548571, 44.76764617315731], [-1.011954632238907, 44.76767701366055], [-1.01152054923605, 44.76767754499617], [-1.011088483696078, 44.76764776204623], [-1.010662597332825, 44.767587951685535], [-1.010246992311913, 44.76749869001695], [-1.009845671719787, 44.76738083681955], [-1.009462500989396, 44.76723552726309], [-1.009101170654888, 44.76706416096873], [-1.008765160794745, 44.766868388521914], [-1.008457707506346, 44.766650095567336], [-1.008181771735262, 44.76641138463948], [-1.007940010759636, 44.766154554904375], [-1.007734752604307, 44.76588208000778], [-1.00756797363087, 44.765596584243596], [-1.007441279519086, 44.7653008172723], [-1.007355889822268, 44.76499762763333], [-1.007312626244609, 44.76468993530669]]]}}, {"type": "Feature", "properties": {"nb_detections_cluster": 40, "frp_max": 13.2, "frp_moyen": 7.63, "derniere_detection": "2026-07-25T13:33:00", "fetch_timestamp": "2026-07-26T01:32:00"}, "geometry": {"type": "Polygon", "coordinates": [[[-1.04113, 44.76736], [-1.03828, 44.76835], [-1.0317, 44.76537], [-1.04113, 44.76736]]]}}, {"type": "Feature", "properties": {"nb_detections_cluster": 3, "frp_max": 7.75, "frp_moyen": 5.3, "derniere_detection": "2026-07-25T03:30:00", "fetch_timestamp": "2026-07-26T01:32:00"}, "geometry": {"type": "Polygon", "coordinates": [[[-1.05692, 44.77293], [-1.05401, 44.77398], [-1.04905, 44.77016], [-1.05692, 44.77293]]]}}, {"type": "Feature", "properties": {"nb_detections_cluster": 6, "frp_max": 11.3, "frp_moyen": 6.67, "derniere_detection": "2026-07-25T13:33:00", "fetch_timestamp": "2026-07-26T01:32:00"}, "geometry": {"type": "Polygon", "coordinates": [[[-1.01007, 44.85833], [-1.01447, 44.85421], [-1.02049, 44.8498], [-1.01007, 44.85833]]]}}, {"type": "Feature", "properties": {"nb_detections_cluster": 2, "frp_max": 10.36, "frp_moyen": 10.09, "derniere_detection": "2026-07-25T03:30:00", "fetch_timestamp": "2026-07-26T01:32:00"}, "geometry": {"type": "Polygon", "coordinates": [[[-1.022943531374106, 44.90894789638151], [-1.02295318814991, 44.90893758469855], [-1.023228633724174, 44.90869816883778], [-1.023535773387568, 44.908479090778656], [-1.02387164921463, 44.90828246010861], [-1.024233026672108, 44.90811017023912], [-1.024616425764115, 44.90796388018071], [-1.025018154536143, 44.90784499857487], [-1.025434344615682, 44.90775467013616], [-1.025860988447732, 44.90769376463484], [-1.026293977867349, 44.90766286852609], [-1.026729143638606, 44.90766227930582], [-1.02716229558015, 44.90769200264758], [-1.027589262891922, 44.907751752347934], [-1.028005934295747, 44.90784095308095], [-1.028408297604179, 44.90795874593511], [-1.028792478337565, 44.908103996679806], [-1.029154777018218, 44.90827530668163], [-1.029491704783316, 44.90847102636598], [-1.029800016974126, 44.90868927109426], [-1.03007674437846, 44.90892793930448], [-1.03031922182571, 44.909184732740705], [-1.030525113859054, 44.90945717857681], [-1.030692437237419, 44.90974265322225], [-1.030819580050087, 44.910038407580494], [-1.03090531725931, 44.91034159351737], [-1.030948822520475, 44.91064929128468], [-1.030949676165186, 44.91095853763527], [-1.030907869269367, 44.911266354358716], [-1.030823803766224, 44.911569776963105], [-1.030698288601924, 44.91186588322658], [-1.030532531970008, 44.91215182134361], [-1.030328129698362, 44.91242483739487], [-1.030087049899693, 44.91268230187585], [-1.029811614032642, 44.91292173502846], [-1.029504474555305, 44.91314083073158], [-1.029168589385996, 44.913337478719704], [-1.028807193416981, 44.913509784915874], [-1.028423767355537, 44.91365608968207], [-1.028022004192592, 44.91377498381164], [-1.02760577362228, 44.91386532210875], [-1.027179084755639, 44.91392623442427], [-1.026746047488266, 44.91395713404112], [-1.02631083289485, 44.913957723328636], [-1.025877633032954, 44.91392799661065], [-1.025450620544187, 44.91386824022035], [-1.025033908442856, 44.913779029740766], [-1.024631510480382, 44.91366122445795], [-1.024247302468156, 44.91351595908017], [-1.023884984932178, 44.91334463280315], [-1.023548047459867, 44.91314889582695], [-1.023239735083002, 44.912930633454664], [-1.022963017020916, 44.912691947926355], [-1.022720558085203, 44.91243513816349], [-1.022514693021294, 44.912162677619584], [-1.022347404033848, 44.9118771904504], [-1.022220301711951, 44.91158142623377], [-1.022134609537321, 44.911278233482705], [-1.022091152123912, 44.91097053220727], [-1.022090347301358, 44.91066128578945], [-1.022132202117528, 44.910353472442225], [-1.022216312797665, 44.91005005652777], [-1.022266271512896, 44.90993224002265], [-1.022256614439676, 44.90994255164903], [-1.021981158609468, 44.91018196519144], [-1.021674003555225, 44.9104010390675], [-1.021338107345413, 44.910597663222], [-1.020976704978751, 44.910769943807445], [-1.020593277224228, 44.91091622143254], [-1.020191517089156, 44.91103508715203], [-1.019775294238562, 44.91112539604368], [-1.019348617709158, 44.91118627824166], [-1.018915597277718, 44.911217147318965], [-1.018480403856753, 44.91121770593905], [-1.018047229299853, 44.91118794872121], [-1.017620246004836, 44.91112816229235], [-1.017203566704735, 44.91103892252488], [-1.016801204834947, 44.91092108898693], [-1.016417035859125, 44.9107757966589], [-1.016054759927169, 44.91060444499612], [-1.015717866225677, 44.91040868444313], [-1.015409599364736, 44.91019040053008], [-1.015132928125202, 44.90995169570452], [-1.014890516867615, 44.90969486907372], [-1.014684699878138, 44.909422394253596], [-1.014517458898366, 44.90913689553743], [-1.014390404054998, 44.90884112261416], [-1.014304758372485, 44.90853792408066], [-1.014261346017046, 44.90823022000262], [-1.014260584384423, 44.90792097378895], [-1.014302480106609, 44.9076131636506], [-1.014386629014995, 44.90730975391884], [-1.014512220059243, 44.90701366649884], [-1.014678043143135, 44.90672775273388], [-1.01488250080097, 44.90645476595085], [-1.015123623601192, 44.90619733495094], [-1.015399089128176, 44.90595793870103], [-1.015706244358775, 44.905738882468896], [-1.016042131217749, 44.905542275631745], [-1.016403515065725, 44.905370011371545], [-1.016786915845375, 44.90522374845226], [-1.017188641586017, 44.90510489525399], [-1.017604823944383, 44.90501459621776], [-1.018031455439856, 44.90495372083075], [-1.018464428026287, 44.9049228552581], [-1.018899572629827, 44.90492229670175], [-1.019332699272907, 44.90495205053996], [-1.019759637399015, 44.90501183027565], [-1.020176276010931, 44.905101060293696], [-1.020578603236882, 44.90521888140056], [-1.020962744944559, 44.9053641590936], [-1.021325002031962, 44.90553549447991], [-1.021661886036679, 44.90573123774045], [-1.021970152721262, 44.90594950400953], [-1.022246833311635, 44.90618819151777], [-1.02248926308791, 44.90644500182331], [-1.022695107052259, 44.90671746193762], [-1.022862382426461, 44.90700294813258], [-1.022989477762056, 44.90729871120038], [-1.0230751684785, 44.907601902922956], [-1.023118628678947, 44.90790960349632], [-1.023119439128996, 44.90821884964626], [-1.023077591320629, 44.90852666316424], [-1.022993487581152, 44.90883007958916], [-1.022943531374106, 44.90894789638151]]]}}, {"type": "Feature", "properties": {"nb_detections_cluster": 6, "frp_max": 17.6, "frp_moyen": 10.32, "derniere_detection": "2026-07-25T03:30:00", "fetch_timestamp": "2026-07-26T01:32:00"}, "geometry": {"type": "Polygon", "coordinates": [[[-1.02213, 44.91697], [-1.02999, 44.91972], [-1.02435, 44.91907], [-1.00876, 44.91352], [-1.00648, 44.91148], [-1.01432, 44.91423], [-1.02213, 44.91697]]]}}, {"type": "Feature", "properties": {"nb_detections_cluster": 47, "frp_max": 168.89, "frp_moyen": 13.64, "derniere_detection": "2026-07-26T01:32:00", "fetch_timestamp": "2026-07-26T01:32:00"}, "geometry": {"type": "Polygon", "coordinates": [[[-0.99585, 44.82067], [-0.99524, 44.82121], [-0.98796, 44.81234], [-0.98002, 44.80952], [-0.97893, 44.79958], [-0.98082, 44.79431], [-0.97979, 44.78442], [-0.97623, 44.77721], [-0.96666, 44.77567], [-0.96532, 44.77412], [-0.96944, 44.77013], [-0.97248, 44.77318], [-0.98412, 44.77821], [-0.98768, 44.78719], [-0.99122, 44.79332], [-0.99125, 44.79617], [-0.99233, 44.80615], [-0.99699, 44.81503], [-0.99585, 44.82067]]]}}, {"type": "Feature", "properties": {"nb_detections_cluster": 2, "frp_max": 4.87, "frp_moyen": 3.95, "derniere_detection": "2026-07-25T13:16:00", "fetch_timestamp": "2026-07-26T01:32:00"}, "geometry": {"type": "Polygon", "coordinates": [[[-0.981903663420831, 44.84311189758902], [-0.98177572410614, 44.84322311095937], [-0.981468778408401, 44.84344206904435], [-0.981133141884964, 44.84363856748819], [-0.980772047034005, 44.84381071365419], [-0.980388971662998, 44.84395684944566], [-0.979987605385277, 44.84407556728346], [-0.979571814072132, 44.844165723669775], [-0.979145602603346, 44.84422645020765], [-0.978713076275636, 44.84425716196947], [-0.978278401241518, 44.84425756313397], [-0.977845764360565, 44.844227649837066], [-0.977419332850699, 44.84416771020906], [-0.977003214129142, 44.84407832159799], [-0.97660141623082, 44.84396034500563], [-0.976217809186339, 44.8438149167902], [-0.975856087732367, 44.84364343771587], [-0.975519735714269, 44.84344755945427], [-0.975211992524396, 44.843229168669204], [-0.97493582189964, 44.84299036883739], [-0.974693883378971, 44.842733459981005], [-0.974488506695811, 44.84246091650773], [-0.974321669351696, 44.84217536337183], [-0.974194977586766, 44.84187955078617], [-0.97410965092982, 44.84157632772933], [-0.974066510475953, 44.8412686145029], [-0.974065971003851, 44.84095937460367], [-0.974108037007649, 44.840651586181565], [-0.974192302680617, 44.8403482133584], [-0.974317955849726, 44.840052177683674], [-0.974483785822258, 44.839766330002156], [-0.974688195067858, 44.83949342300413], [-0.974929214622734, 44.83923608472228], [-0.975204523066878, 44.83899679323054], [-0.975511468890967, 44.83877785278772], [-0.975847096037177, 44.838581371655984], [-0.976208172367694, 44.838409241806744], [-0.976591220786777, 44.838263120709634], [-0.976992552716835, 44.838144415379084], [-0.977408303606541, 44.838054268832266], [-0.977834470129564, 44.837993549088054], [-0.978266948716426, 44.83796284081295], [-0.978701575049264, 44.83796243969421], [-0.979134164140068, 44.83799234959421], [-0.979560550607466, 44.83805228251312], [-0.979976628765194, 44.83814166136079], [-0.980378392137168, 44.838259625510624], [-0.980506434977023, 44.83830816626031], [-0.980634365611843, 44.838196954531455], [-0.980941285905442, 44.83797799912887], [-0.981276889283468, 44.83778150162819], [-0.981637943836907, 44.837609354158495], [-0.982020972679647, 44.83746321435908], [-0.982422287422539, 44.8373444894245], [-0.982838023679692, 44.837254322560696], [-0.983264178265625, 44.83719358198213], [-0.983696647725767, 44.837162852555956], [-0.98413126783011, 44.83716243017309], [-0.984563853650609, 44.83719231890064], [-0.984990239837384, 44.837252230942674], [-0.985406320706893, 44.83734158941005], [-0.985808089756971, 44.837459533872426], [-0.986191678229216, 44.83760492863926], [-0.986553392348123, 44.83777637369031], [-0.98688974887914, 44.83797221815041], [-0.98719750866374, 44.838190576179336], [-0.987473707808946, 44.83842934512397], [-0.987715686231166, 44.8386862257581], [-0.987921113279434, 44.838958744415784], [-0.988088010191077, 44.83924427680494], [-0.988214769163192, 44.83954007327273], [-0.988300168855661, 44.839843285279194], [-0.98834338617568, 44.840150992824846], [-0.988344004229462, 44.84046023256805], [-0.988302016363559, 44.840768026361744], [-0.988217826255891, 44.84107140993459], [-0.988092244054558, 44.84136746144035], [-0.987926478600593, 44.841653329600675], [-0.987722125808626, 44.841926261169775], [-0.987481153316462, 44.84218362745657], [-0.987205881550699, 44.84242294964861], [-0.986898961390144, 44.84264192269333], [-0.986563348641732, 44.84283843750656], [-0.986202275574573, 44.843010601293905], [-0.985819219786255, 44.843156755788996], [-0.985417870701428, 44.84327549323253], [-0.985002094025723, 44.84336566993786], [-0.984575894497886, 44.8434264173123], [-0.984143377299578, 44.843457150227565], [-0.98370870849536, 44.843457572658615], [-0.983276074884785, 44.84342768053653], [-0.982849643654279, 44.84336776178767], [-0.982433522218389, 44.84327839355892], [-0.982031718638222, 44.843160436655765], [-0.981903663420831, 44.84311189758902]]]}}, {"type": "Feature", "properties": {"nb_detections_cluster": 1, "frp_max": 3.86, "frp_moyen": 3.86, "derniere_detection": "2026-07-25T02:11:00", "fetch_timestamp": "2026-07-26T01:32:00"}, "geometry": {"type": "Polygon", "coordinates": [[[-0.99281618868444, 44.8460293620477], [-0.99281554595013, 44.845720121769155], [-0.992857512786854, 44.8454123257721], [-0.992941684342733, 44.84510893825145], [-0.993067249350902, 44.84481288089835], [-0.993232997967396, 44.84452700476644], [-0.993437333445045, 44.84425406282009], [-0.99367828753014, 44.84399668342863], [-0.993953539432829, 44.8437573450619], [-0.994260438187965, 44.84353835243022], [-0.99459602819069, 44.84334181429831], [-0.994957077660598, 44.843169623186554], [-0.995340109760367, 44.843023437154464], [-0.99574143606936, 44.842904663841836], [-0.99615719209023, 44.84281444692041], [-0.996583374447143, 44.8427536550867], [-0.997015879418115, 44.84272287370139], [-0.997450542431238, 44.84272239915568], [-0.997883178145371, 44.84275223601899], [-0.998309620730313, 44.84281209699475], [-0.998725763959592, 44.84290140568554], [-0.999127600730737, 44.84301930214032], [-0.999511261633414, 44.84316465113087], [-0.999873052194851, 44.84333605307771], [-1.000209488444582, 44.84353185752075], [-1.000517330456607, 44.84375017900519], [-1.000793613546288, 44.843988915229815], [-1.001035676821812, 44.84424576728354], [-1.00124118881519, 44.8445182617757], [-1.001408169945804, 44.84480377464705], [-1.001535011599747, 44.84509955643273], [-1.001620491640645, 44.84540275873425], [-1.00166378620186, 44.84571046164565], [-1.001664477645638, 44.84601970187006], [-1.001622558611609, 44.846327501255836], [-1.001538432114624, 44.846630895477865], [-1.001412907689956, 44.84692696258745], [-1.001247193621973, 44.847212851156044], [-1.001042885330162, 44.84748580774132], [-1.000801950023497, 44.84774320341139], [-1.000526707770184, 44.84798255907083], [-1.000219809164553, 44.84820156934479], [-0.999884209805713, 44.84839812479052], [-0.999523141833621, 44.848570332222344], [-0.999140082796629, 44.84871653295353], [-0.998738722150556, 44.84883531877943], [-0.998322925712303, 44.84892554554739], [-0.997896698410922, 44.848986344182514], [-0.997464145695587, 44.84901712906278], [-0.997029433972995, 44.84901760366263], [-0.996596750456167, 44.848987763410605], [-0.996170262812331, 44.84892789573348], [-0.995754078999549, 44.84883857728618], [-0.995352207679895, 44.848720668394705], [-0.99496851959138, 44.84857530476525], [-0.994606710251515, 44.848403886539806], [-0.994270264352406, 44.848208064804034], [-0.993962422190878, 44.84798972567733], [-0.993686148457311, 44.847750972138876], [-0.993444103683971, 44.84749410376509], [-0.993238618627816, 44.847221594573824], [-0.993071671834283, 44.84693606918922], [-0.992944870597722, 44.846640277557], [-0.992859435501292, 44.84633706845405], [-0.99281618868444, 44.8460293620477]]]}}, {"type": "Feature", "properties": {"nb_detections_cluster": 18, "frp_max": 35.67, "frp_moyen": 9.22, "derniere_detection": "2026-07-25T13:33:00", "fetch_timestamp": "2026-07-26T01:32:00"}, "geometry": {"type": "Polygon", "coordinates": [[[-0.98481, 44.88495], [-1.00035, 44.88759], [-0.99335, 44.88974], [-0.98856, 44.88898], [-0.98002, 44.88418], [-0.97405, 44.88052], [-0.96244, 44.88154], [-0.95459, 44.87873], [-0.94668, 44.8759], [-0.94425, 44.87422], [-0.95217, 44.877], [-0.96007, 44.87978], [-0.96981, 44.87819], [-0.97342, 44.87603], [-0.9761, 44.87774], [-0.98481, 44.88495]]]}}, {"type": "Feature", "properties": {"nb_detections_cluster": 2, "frp_max": 16.41, "frp_moyen": 14.68, "derniere_detection": "2026-07-25T03:30:00", "fetch_timestamp": "2026-07-26T01:32:00"}, "geometry": {"type": "Polygon", "coordinates": [[[-0.984330862786213, 44.90933799030952], [-0.984448418400679, 44.90929319125174], [-0.984850241739609, 44.909174454837355], [-0.985266506287843, 44.9090842768257], [-0.985693203773634, 44.909023525538615], [-0.986126225515631, 44.90899278594632], [-0.986561401966799, 44.90899235403762], [-0.986994542842966, 44.909022233971356], [-0.987421477450536, 44.90908213803626], [-0.98783809482605, 44.90917148942003], [-0.98824038330202, 44.90928942776053], [-0.988624469118989, 44.909434817426195], [-0.988986653712792, 44.90960625844591], [-0.989323449318677, 44.90980209998335], [-0.989631612549986, 44.910020456226526], [-0.989908175628374, 44.91025922453945], [-0.990150474965075, 44.91051610570209], [-0.990356176817895, 44.9107886260434], [-0.990523299776686, 44.911074161255165], [-0.990650233860354, 44.91136996165737], [-0.990735756040893, 44.911673178672196], [-0.990779042044231, 44.91198089225193], [-0.990779674313368, 44.912290138996866], [-0.990737646056161, 44.912597940692535], [-0.990653361337748, 44.91290133299149], [-0.990527631215705, 44.913197393963486], [-0.990361665954099, 44.91348327223896], [-0.990157063390512, 44.913756214474716], [-0.98991579356715, 44.91401359187698], [-0.989640179773341, 44.91425292552619], [-0.989332876181409, 44.914471910259415], [-0.988996842290894, 44.91466843687991], [-0.98863531442704, 44.91484061247951], [-0.988251774568014, 44.91498677867808], [-0.987849916801295, 44.91510552760359], [-0.987433611732634, 44.915195715458744], [-0.987006869190953, 44.915256473543465], [-0.986573799589081, 44.91528721662631], [-0.986138574313276, 44.915287648584275], [-0.985705385524015, 44.91525776525671], [-0.985278405756168, 44.915197854485235], [-0.984861747708678, 44.91510849333992], [-0.984459424612035, 44.914990542558016], [-0.984075311556146, 44.9148451382492], [-0.983713108151957, 44.914673680947345], [-0.983376302887088, 44.91447782211442], [-0.983068139519391, 44.91425944822718], [-0.982909036702637, 44.91412207390742], [-0.982791469741655, 44.914166871402664], [-0.98238960629188, 44.914285600553], [-0.981973298530988, 44.914375767930366], [-0.981546556313867, 44.91443650503191], [-0.981113490050235, 44.91446722682826], [-0.980678271094203, 44.9144676374015], [-0.980245091545365, 44.9144377327969], [-0.979818123849561, 44.914377801061086], [-0.979401480589418, 44.91428841946603], [-0.978999174852943, 44.91417044894597], [-0.978615081562775, 44.91402502580066], [-0.97825290013941, 44.91385355074542], [-0.977916118858685, 44.91365767541325], [-0.977607981247372, 44.91343928643972], [-0.977331454840908, 44.91320048728414], [-0.977089202604335, 44.91294357796223], [-0.976883557291703, 44.91267103288617], [-0.97671649899066, 44.91238547702566], [-0.976589636068074, 44.91208966061988], [-0.97650418969965, 44.9117864326842], [-0.976460982131769, 44.91147871356726], [-0.976460428787745, 44.911169466822564], [-0.976502534293554, 44.91086167066597], [-0.976586892460305, 44.910558289293796], [-0.976712690222568, 44.9102622443379], [-0.976878715493623, 44.90997638673241], [-0.977083368861012, 44.9097034692632], [-0.9773246790089, 44.90944612006376], [-0.977600321717996, 44.90920681731313], [-0.977907642259432, 44.90898786537856], [-0.978243680966609, 44.908791372632855], [-0.978605201738447, 44.90861923115922], [-0.978988723199621, 44.908473098539226], [-0.979390552217825, 44.908354381898256], [-0.979806819455707, 44.90826422436236], [-0.980233516615656, 44.9082034940562], [-0.980666535019476, 44.90817277574799], [-0.981101705152278, 44.90817236522159], [-0.981534836790723, 44.908202266429946], [-0.981961759330137, 44.908262191456956], [-0.982378361923229, 44.90835156328844], [-0.982780633044804, 44.90846952136538], [-0.983164699102453, 44.90861492986622], [-0.983526861722211, 44.90878638863837], [-0.983863633350854, 44.90898224667463], [-0.984171770832533, 44.90920061800408], [-0.984330862786213, 44.90933799030952]]]}}, {"type": "Feature", "properties": {"nb_detections_cluster": 14, "frp_max": 12.89, "frp_moyen": 10.41, "derniere_detection": "2026-07-25T13:33:00", "fetch_timestamp": "2026-07-26T01:32:00"}, "geometry": {"type": "Polygon", "coordinates": [[[-1.0012, 44.93271], [-0.9992, 44.94098], [-0.99139, 44.93821], [-0.98993, 44.93121], [-0.98353, 44.93542], [-0.98006, 44.92647], [-0.98549, 44.92723], [-0.98789, 44.92925], [-0.99335, 44.92997], [-0.99573, 44.93203], [-1.00005, 44.92585], [-0.99769, 44.9238], [-1.00556, 44.92655], [-1.0079, 44.92865], [-1.0012, 44.93271]]]}}, {"type": "Feature", "properties": {"nb_detections_cluster": 1, "frp_max": 10.04, "frp_moyen": 10.04, "derniere_detection": "2026-07-25T03:30:00", "fetch_timestamp": "2026-07-26T01:32:00"}, "geometry": {"type": "Polygon", "coordinates": [[[-0.982578389940735, 44.944518959020336], [-0.982577802535369, 44.94420970923569], [-0.982619899272231, 44.94390190770417], [-0.98270427404605, 44.94359851867392], [-0.982830113630648, 44.94330246385053], [-0.982996205535785, 44.943016594263234], [-0.983200949706615, 44.942743662813264], [-0.983442373952265, 44.942486297768816], [-0.983718152954199, 44.942246977461494], [-0.984025630670706, 44.94202800642764], [-0.984361845921391, 44.941831493223965], [-0.984723560905018, 44.9416593301307], [-0.985107292376109, 44.94151317493755], [-0.985509345180219, 44.94139443498733], [-0.985925847825319, 44.94130425363049], [-0.986352789747325, 44.94124349922105], [-0.986786059911571, 44.941212756759334], [-0.987221486379371, 44.94121232226176], [-0.987654876459564, 44.941242199912125], [-0.988082057059377, 44.94130210202109], [-0.988498914847064, 44.94139145179523], [-0.988901435840517, 44.941509388887944], [-0.989285744041586, 44.9416547776796], [-0.989648138744889, 44.94182621820758], [-0.989985130162528, 44.94202205964032], [-0.990293473022239, 44.94224041616676], [-0.990570197815774, 44.942479185148294], [-0.990812639396816, 44.942736067358396], [-0.991018462652987, 44.94300858911599], [-0.991185685004519, 44.94329412609922], [-0.99131269551255, 44.943589928611026], [-0.991398270412402, 44.943893148053256], [-0.991441584921546, 44.94420086435486], [-0.991442221207669, 44.944510114089915], [-0.991400172439129, 44.94481791901516], [-0.991315842877808, 44.94512131475204], [-0.991190044012389, 44.94541737933722], [-0.991023986768297, 44.94570326136633], [-0.990819269868374, 44.945976207460006], [-0.990577864455486, 44.94623358878732], [-0.990302095124438, 44.94647292639089], [-0.989994617545296, 44.946691915069714], [-0.989658392893173, 44.946888445589], [-0.989296659330599, 44.94706062500306], [-0.988912900817026, 44.947206794895], [-0.988510813546135, 44.947325547357174], [-0.988094270334486, 44.94741573855827], [-0.987667283305117, 44.94747649976595], [-0.987233965226143, 44.947507245718676], [-0.986798489877587, 44.9475076802658], [-0.986365051829069, 44.94747779922174], [-0.985937826016758, 44.94741789040613], [-0.985520927509893, 44.94732853087018], [-0.985118371855397, 44.94721058133569], [-0.984734036383419, 44.947065177900306], [-0.984371622847354, 44.94689372108948], [-0.984034621758828, 44.94669786236049], [-0.983726278761755, 44.946479488189084], [-0.983449563369658, 44.94624070189194], [-0.983207140367564, 44.94598380336104], [-0.983001344153873, 44.945711266904645], [-0.982834156269125, 44.94542571740947], [-0.982707186327641, 44.94512990505341], [-0.982621656535152, 44.94482667881293], [-0.982578389940735, 44.944518959020336]]]}}, {"type": "Feature", "properties": {"nb_detections_cluster": 1, "frp_max": 14.91, "frp_moyen": 14.91, "derniere_detection": "2026-07-25T03:30:00", "fetch_timestamp": "2026-07-26T01:32:00"}, "geometry": {"type": "Polygon", "coordinates": [[[-0.998187997197178, 44.950049581445725], [-0.998187323643992, 44.949740331245216], [-0.998229338846369, 44.94943252330753], [-0.998313637484062, 44.949129121942555], [-0.998439407063899, 44.948833048974834], [-0.99860543576955, 44.948547155608395], [-0.998810124154522, 44.94827419497353], [-0.999051500564882, 44.94801679561956], [-0.999327240142461, 44.94777743620857], [-0.999634687224929, 44.94755842165349], [-0.999970880926632, 44.94736186093015], [-1.000332583653618, 44.94718964677642], [-1.000716312278244, 44.94704343747372], [-1.001118371673321, 44.94692464088587], [-1.001534890283245, 44.94683440090872], [-1.001961857390143, 44.94677358646077], [-1.002395161716826, 44.94674278312042], [-1.002830630995686, 44.946742287490316], [-1.003264072123405, 44.94677210434284], [-1.003691311515785, 44.94683194657415], [-1.004108235275109, 44.94692123796734], [-1.004510828784195, 44.94703911873791], [-1.004895215346826, 44.9471844538087], [-1.00525769350326, 44.94735584373431], [-1.00559477266221, 44.947551638170474], [-1.005903206706717, 44.94776995175876], [-1.006180025250651, 44.94800868227401], [-1.006422562245076, 44.94826553086024], [-1.006628481658934, 44.94853802416021], [-1.006795799986561, 44.948823538126156], [-1.006922905364894, 44.9491193232828], [-1.00700857311564, 44.94942253119918], [-1.007051977562046, 44.949730241915375], [-1.00705270000557, 44.950039492059304], [-1.007010732784695, 44.950347303383914], [-1.00692647937576, 44.95065071144911], [-1.006800750533824, 44.9509467941729], [-1.006634756509681, 44.951232699976316], [-1.006430095417036, 44.95150567525112], [-1.006188737860992, 44.951763090885386], [-1.005913007975153, 44.9520024675914], [-1.005605561049408, 44.95222149979158], [-1.005269357963382, 44.95241807783201], [-1.004907636671662, 44.952590308309325], [-1.004523881015327, 44.95273653231482], [-1.00412178716038, 44.95285534141964], [-1.003705227986692, 44.95294559124691], [-1.003278215770985, 44.95300641249962], [-1.00284486352395, 44.95303721933783], [-1.002409345354751, 44.95303771502448], [-1.001975856245531, 44.95300789478506], [-1.001548571624391, 44.9529480458535], [-1.001131607127166, 44.95285874470426], [-1.000728978936571, 44.95274085149671], [-1.000344565081613, 44.95259550178598], [-0.999982068070866, 44.95242409558007], [-0.999644979220174, 44.95222828384889], [-0.999336545018947, 44.952009952615526], [-0.999059735859335, 44.95177120478316], [-0.998817217429641, 44.95151433987333], [-0.998611325047494, 44.951241831870576], [-0.998444041179738, 44.95095630538766], [-0.998316976365169, 44.950660510380914], [-0.998231353723232, 44.950357295659764], [-0.998187997197178, 44.950049581445725]]]}}, {"type": "Feature", "properties": {"nb_detections_cluster": 12, "frp_max": 27.07, "frp_moyen": 15.07, "derniere_detection": "2026-07-25T13:33:00", "fetch_timestamp": "2026-07-26T01:32:00"}, "geometry": {"type": "Polygon", "coordinates": [[[-0.940521494712487, 44.776697273994486], [-0.940521140296602, 44.776388040663306], [-0.940563341571271, 44.77608027165653], [-0.94064769142872, 44.775776930908826], [-0.940773376886897, 44.77548093966056], [-0.940939186943786, 44.7751951483285], [-0.941143524262395, 44.77492230906013], [-0.941384420573019, 44.77466504923574], [-0.941659555643725, 44.77442584617361], [-0.941966279635774, 44.77420700328094], [-0.942301638628305, 44.774010627880415], [-0.942662403066241, 44.77383861092529], [-0.943045098857474, 44.773692608798065], [-0.943446040820021, 44.77357402736758], [-0.943861368157437, 44.773484008457956], [-0.944287081621428, 44.773423418859004], [-0.944719082004469, 44.773392841984105], [-0.945153209592596, 44.773392572255254], [-0.94558528419938, 44.77342261226969], [-0.946011145396517, 44.773482672774726], [-0.946426692554666, 44.77357217545169], [-0.946827924309893, 44.77369025848158], [-0.947210977076619, 44.77383578483957], [-0.947572162237023, 44.774007353238204], [-0.947908001649458, 44.774203311614535], [-0.948215261134541, 44.77442177303126], [-0.948490981616759, 44.774660633839545], [-0.948732507621934, 44.77491759392842], [-0.948937512856086, 44.77519017886661], [-0.949104022619146, 44.77547576372362], [-0.949230432837299, 44.77577159834105], [-0.949315525530047, 44.776074833811364], [-0.949358480562367, 44.77638254990883], [-0.949358883567861, 44.77669178320922], [-0.949316729965705, 44.776999555627285], [-0.949232425031642, 44.777302903097265], [-0.949106780021347, 44.77759890412045], [-0.948941004382441, 44.77788470790442], [-0.948736694129256, 44.778157561823186], [-0.948495816491388, 44.77841483793343], [-0.948220690983185, 44.778654058291046], [-0.947913967075906, 44.778872918824156], [-0.947578598687153, 44.77906931153217], [-0.947217815733096, 44.7792413447967], [-0.946835093017405, 44.77938736160852], [-0.946434116756756, 44.779505955534425], [-0.946018749065651, 44.779595984270145], [-0.945592990743152, 44.77965658064822], [-0.945160942720675, 44.779687160994804], [-0.944726766542936, 44.77968743075443], [-0.94429464426364, 44.77965738732868], [-0.943868738143117, 44.77959732010138], [-0.943453150537087, 44.77950780764952], [-0.943051884363877, 44.77938971216772], [-0.942668804531724, 44.779244171159334], [-0.942307600698567, 44.77907258647482], [-0.941971751723628, 44.77887661080304], [-0.941664492153775, 44.778658131745864], [-0.94138878106778, 44.77841925363009], [-0.941147273578728, 44.778162277231814], [-0.940942295269034, 44.777889677609025], [-0.940775819804074, 44.777604080256594], [-0.940649449939611, 44.77730823581305], [-0.940564402105368, 44.777004993563594], [-0.940521494712487, 44.776697273994486]]]}}, {"type": "Feature", "properties": {"nb_detections_cluster": 2, "frp_max": 28.47, "frp_moyen": 25.62, "derniere_detection": "2026-07-25T13:33:00", "fetch_timestamp": "2026-07-26T01:32:00"}, "geometry": {"type": "Polygon", "coordinates": [[[-0.962186606791357, 44.77883111282333], [-0.962540447058616, 44.77896546606855], [-0.962901711920808, 44.77913698482157], [-0.963237635372042, 44.77933289709977], [-0.963544982423885, 44.7795513164098], [-0.963820793157779, 44.779790139508314], [-0.964062411230616, 44.78004706664754], [-0.964267509461957, 44.7803196237136], [-0.964434112256276, 44.78060518604441], [-0.964560614643915, 44.78090100369866], [-0.964645797756783, 44.78120422793221], [-0.964688840589043, 44.781511938627624], [-0.964689327928672, 44.78182117241285], [-0.964647254382526, 44.78212895119799], [-0.964563024455195, 44.78243231085616], [-0.964437448679771, 44.782728329771274], [-0.964271735836854, 44.78301415697873], [-0.96406748133573, 44.78328703962704], [-0.963826651868775, 44.783544349496196], [-0.963551566486129, 44.78378360831707], [-0.963244874272324, 44.78400251164737], [-0.962909528839467, 44.784198951074316], [-0.962548759882406, 44.78437103452959], [-0.962166042069813, 44.78451710452056], [-0.961765061570986, 44.784635754101835], [-0.961349680541142, 44.78472584043306], [-0.960923899907757, 44.78478649579202], [-0.960491820817125, 44.78481713593677], [-0.960057605113239, 44.78481746573583], [-0.959625435230586, 44.784787482012526], [-0.959199473888124, 44.78472747357554], [-0.958783823973612, 44.78463801843565], [-0.958382489005694, 44.78451997823543], [-0.957999334555428, 44.78437448994578], [-0.957638050999653, 44.7842029549094], [-0.957302117965671, 44.78400702533696], [-0.956994770810173, 44.78378858838636], [-0.956718969455702, 44.78354974797888], [-0.956477369884917, 44.783292804527505], [-0.956272298567236, 44.78302023277295], [-0.956213145865373, 44.78291881826208], [-0.955859295841205, 44.78278444464013], [-0.955498029028204, 44.7826129027242], [-0.955162112948455, 44.78241696677486], [-0.954854782795327, 44.782198524011456], [-0.954578998327582, 44.78195967841123], [-0.954337415365224, 44.78170273043715], [-0.954132360217699, 44.78143015487353], [-0.953965807290521, 44.781144576983564], [-0.953839360085558, 44.780848747218414], [-0.953754235777422, 44.780545514721986], [-0.953711253513747, 44.78023779988668], [-0.953710826551177, 44.779928566224605], [-0.953752958301843, 44.77962079182549], [-0.953837242327396, 44.77931744067598], [-0.953962866279609, 44.77902143411675], [-0.954128619748601, 44.77873562271207], [-0.954332905942125, 44.77846275880279], [-0.954573757082593, 44.77820547000658], [-0.954848853372837, 44.777966233920715], [-0.955155545347349, 44.77774735427049], [-0.955490879393378, 44.777550938732546], [-0.955851626195886, 44.77737887864671], [-0.956234311832422, 44.77723283081077], [-0.956635251218649, 44.777114201533756], [-0.957050583582834, 44.777024133100525], [-0.957476309628213, 44.776963492777725], [-0.957908330026086, 44.776932864467135], [-0.958342484869778, 44.7769325430861], [-0.95877459371046, 44.77696253172915], [-0.959200495790268, 44.77702254163826], [-0.959616090086311, 44.77711199498195], [-0.960017374780892, 44.77723003041625], [-0.960400485778825, 44.77737551137467], [-0.960761733901733, 44.777547037006926], [-0.961097640401858, 44.77774295566186], [-0.961404970453971, 44.77796138078474], [-0.961680764303191, 44.77820020907624], [-0.961922365768992, 44.77845714073858], [-0.962127447830848, 44.77872970161426], [-0.962186606791357, 44.77883111282333]]]}}, {"type": "Feature", "properties": {"nb_detections_cluster": 55, "frp_max": 62.73, "frp_moyen": 15.99, "derniere_detection": "2026-07-25T13:33:00", "fetch_timestamp": "2026-07-26T01:32:00"}, "geometry": {"type": "Polygon", "coordinates": [[[-0.949547510536059, 44.82768763653206], [-0.949547106126778, 44.82737839790688], [-0.949589296259501, 44.827070620165024], [-0.949673673932479, 44.8267672673253], [-0.949799425894546, 44.826471260744654], [-0.949965340502073, 44.826185450987516], [-0.950169819410173, 44.82591259037881], [-0.950410892984717, 44.82565530650441], [-0.950686239285988, 44.825416076914195], [-0.950993206440574, 44.82519720527082], [-0.951328838185663, 44.825000799173864], [-0.951689902339512, 44.824828749872154], [-0.95207292192392, 44.82468271405967], [-0.952474208639167, 44.82456409792964], [-0.952889898369438, 44.824474043640244], [-0.953315988377361, 44.82441341832201], [-0.953748375830198, 44.82438280573222], [-0.954182897287507, 44.8243825006368], [-0.95461536877095, 44.8244125059735], [-0.955041626031363, 44.824472532823556], [-0.955457564626334, 44.82456200319236], [-0.955859179423325, 44.824680055572045], [-0.956242603148868, 44.82482555323289], [-0.956604143613444, 44.824997095163845], [-0.956940319254274, 44.82519302955679], [-0.957247892654315, 44.82541146970547], [-0.957523901715044, 44.82565031216586], [-0.957765688183028, 44.82590725700373], [-0.957970923255552, 44.82617982993472], [-0.958137630018508, 44.82646540614399], [-0.958264202500079, 44.82676123555656], [-0.95834942115612, 44.82706446931499], [-0.958392464637395, 44.82737218721013], [-0.958392917724487, 44.8276814258005], [-0.958350775352987, 44.827989206949965], [-0.958266442689202, 44.82829256650874], [-0.958140731254623, 44.82858858286173], [-0.95797485113543, 44.8288744050689], [-0.957770399351143, 44.82914728032691], [-0.957529344493535, 44.82940458048687], [-0.957254007783046, 44.829643827373154], [-0.956947040724517, 44.82986271665833], [-0.956611399577069, 44.830059140064925], [-0.956250316883773, 44.83023120567888], [-0.95586727033529, 44.830377256179325], [-0.955465949267553, 44.83049588480863], [-0.955050219116527, 44.830585948928245], [-0.954624084172928, 44.830646581029846], [-0.954191648996348, 44.83067719709553], [-0.953757078861227, 44.83067750222576], [-0.953324559616562, 44.83064749348147], [-0.952898257346956, 44.830587459912344], [-0.952482278224496, 44.830497979771216], [-0.952080628939172, 44.8303799149415], [-0.951697178089816, 44.83023440263136], [-0.951335618908303, 44.830062844414826], [-0.950999433676693, 44.82986689272583], [-0.950691860180594, 44.82964843493532], [-0.950415860522225, 44.82940957516532], [-0.950174092593688, 44.829152614015214], [-0.94996888448524, 44.82888002639624], [-0.949802212074773, 44.8285944376877], [-0.949675680013958, 44.828298598444924], [-0.949590506293592, 44.8279953579031], [-0.949547510536059, 44.82768763653206]]]}}, {"type": "Feature", "properties": {"nb_detections_cluster": 1, "frp_max": 12.83, "frp_moyen": 12.83, "derniere_detection": "2026-07-25T13:33:00", "fetch_timestamp": "2026-07-26T01:32:00"}, "geometry": {"type": "Polygon", "coordinates": [[[-0.932546291560323, 44.84256695970259], [-0.932545980629483, 44.84225771951342], [-0.932588275078084, 44.84194994674063], [-0.932672766899455, 44.84164660535508], [-0.932798641742888, 44.841350616603265], [-0.9329646867812, 44.841064830877855], [-0.933169302413332, 44.840792000272245], [-0.933410517688475, 44.84053475208328], [-0.933686009302391, 44.840295563517124], [-0.933993123982451, 44.840076737841365], [-0.934328904045394, 44.839880382212826], [-0.934690115881462, 44.839708387394346], [-0.935073281090616, 44.839562409555214], [-0.935474709971145, 44.8394438543304], [-0.935890537038583, 44.839353863291635], [-0.9363167582334, 44.83929330296038], [-0.936749269459916, 44.839262756468145], [-0.937183906086104, 44.83926251794442], [-0.93761648302486, 44.839292589685925], [-0.938042835011732, 44.839352682134525], [-0.938458856692271, 44.83944221666395], [-0.938860542133916, 44.839560331148476], [-0.939244023382909, 44.83970588826041], [-0.939605607695702, 44.839877486416235], [-0.939941813087095, 44.840073473266386], [-0.940249401853315, 44.840291961599426], [-0.940525411747547, 44.8405308475073], [-0.940767184507964, 44.84078783063736], [-0.940972391463444, 44.84106043633642], [-0.941139055970203, 44.84134603947402], [-0.941265572462898, 44.841641889715746], [-0.941350721936112, 44.84194513800349], [-0.94139368370642, 44.84225286398808], [-0.941394043340899, 44.84256210415004], [-0.941351796674769, 44.842869880337965], [-0.941267349878448, 44.84317322844977], [-0.941141515572353, 44.843469226980446], [-0.940975505025846, 44.84375502516156], [-0.940770916514479, 44.844027870421044], [-0.940529719946831, 44.84428513489887], [-0.940254237908217, 44.84452434076296], [-0.939947123303293, 44.84474318408097], [-0.939611333812435, 44.844939557018066], [-0.939250103407708, 44.845111568146265], [-0.938866911202736, 44.84525756066949], [-0.938465447936661, 44.845376128388494], [-0.938049580415372, 44.84546612925139], [-0.937623314253012, 44.84552669635918], [-0.937190755273341, 44.84555724631994], [-0.936756069943513, 44.84555748487089], [-0.936323445222286, 44.84552740971423], [-0.935897048210364, 44.8454673105394], [-0.935480985992486, 44.84537776623112], [-0.935079266059036, 44.84525963929088], [-0.934695757689277, 44.84511406752507], [-0.934334154668991, 44.844942453080364], [-0.933997939702296, 44.844746448932284], [-0.933690350860941, 44.844527942957], [-0.933414350394625, 44.84428903974057], [-0.933172596202866, 44.84403204030081], [-0.932967416243204, 44.84375941991764], [-0.93280078612199, 44.84347380428584], [-0.932674310083147, 44.843177944219995], [-0.932589205577476, 44.84287468915571], [-0.932546291560323, 44.84256695970259]]]}}, {"type": "Feature", "properties": {"nb_detections_cluster": 2, "frp_max": 2.04, "frp_moyen": 2.03, "derniere_detection": "2026-07-25T02:11:00", "fetch_timestamp": "2026-07-26T01:32:00"}, "geometry": {"type": "Polygon", "coordinates": [[[-0.957996549350478, 44.85055976124663], [-0.958083220842627, 44.85053414838757], [-0.958499093772685, 44.85044407231821], [-0.958925374727089, 44.85038342494345], [-0.959357959034742, 44.85035279023301], [-0.959792681359998, 44.85035246316578], [-0.960225355790701, 44.850382446891075], [-0.960651816123847, 44.850442452698246], [-0.961067955961961, 44.85053190279531], [-0.961469768235017, 44.85064993586958], [-0.961853383768275, 44.85079541537725], [-0.962215108525446, 44.850966940482074], [-0.962551459169256, 44.85116285953801], [-0.962859196597513, 44.85138128598646], [-0.963135357132112, 44.85162011651539], [-0.963377281060816, 44.851877051305465], [-0.963582638256935, 44.85214961616914], [-0.963749450629968, 44.85243518636927], [-0.963876111190629, 44.85273101188878], [-0.963961399546037, 44.85303424390777], [-0.964004493675159, 44.8533419622339], [-0.964004977870192, 44.85365120342155], [-0.963962846766491, 44.85395898930959], [-0.963878505421195, 44.85426235570268], [-0.963752765438764, 44.85455838091988], [-0.963586837179714, 44.85484421393587], [-0.963382318126649, 44.85511710184319], [-0.963141177518736, 44.8553744163712], [-0.962865737401889, 44.85561367920582], [-0.962558650276589, 44.8558325858661], [-0.962222873558162, 44.85602902790717], [-0.961861641095331, 44.856201113235514], [-0.961478432021271, 44.8563471843404], [-0.961076937237404, 44.85646583426572], [-0.96066102385306, 44.856555920167786], [-0.96023469792408, 44.85661657432851], [-0.959802065849907, 44.85664721251746], [-0.959367294801826, 44.856647539622], [-0.958934572564387, 44.85661755249142], [-0.958508067177781, 44.856557539967234], [-0.958091886770858, 44.85646808009955], [-0.957690039972683, 44.85635003457654], [-0.957306397284776, 44.85620454042037], [-0.956944653786963, 44.856032999030255], [-0.956608293536714, 44.85583706267808], [-0.956373343970903, 44.85567028655033], [-0.956286663773125, 44.85569589811675], [-0.955870748407782, 44.85578596604978], [-0.955444423150917, 44.85584660179956], [-0.95501179439552, 44.85587722131296], [-0.954577029280913, 44.85587752965725], [-0.954144315534482, 44.8558475238624], [-0.953717821114607, 44.85578749294973], [-0.953301654044478, 44.85569801514644], [-0.952899822824652, 44.85557995231347], [-0.952516197806549, 44.85543444163973], [-0.952154473899744, 44.855262884683505], [-0.951818134972947, 44.855066933866595], [-0.951510420292077, 44.85484847655158], [-0.95123429331905, 44.85460961685586], [-0.950992413171974, 44.854352655378165], [-0.950787109021602, 44.85408006703288], [-0.95062035767043, 44.85379447720631], [-0.950493764529935, 44.853498636464586], [-0.950408548178631, 44.8531953940573], [-0.950365528648885, 44.852887670472306], [-0.950365119554444, 44.852578429305964], [-0.950407324133548, 44.852270648720236], [-0.950491735244704, 44.85196729276135], [-0.950617539314129, 44.85167128281621], [-0.950783524195843, 44.851385469481755], [-0.950988090867721, 44.85111260511728], [-0.95122926885006, 44.85085531734486], [-0.951504735197384, 44.850616083751866], [-0.951811836880032, 44.85039720803955], [-0.952147616339599, 44.850200797846625], [-0.952508839971878, 44.85002874446137], [-0.952892029263029, 44.84988270461709], [-0.953293494279301, 44.84976408454578], [-0.953709369188174, 44.84967402644366], [-0.954135649469422, 44.84961339747787], [-0.954568230458443, 44.84958278144086], [-0.955002946851551, 44.84958247313175], [-0.955435612793699, 44.849612475519216], [-0.955862062163597, 44.84967249971291], [-0.956278188669303, 44.84976196774378], [-0.956679985369128, 44.84988001812649], [-0.957063583238234, 44.85002551415058], [-0.95742528841037, 44.850197054820725], [-0.957761617736785, 44.85039298834099], [-0.957996549350478, 44.85055976124663]]]}}, {"type": "Feature", "properties": {"nb_detections_cluster": 9, "frp_max": 4.1, "frp_moyen": 3.49, "derniere_detection": "2026-07-25T13:33:00", "fetch_timestamp": "2026-07-26T01:32:00"}, "geometry": {"type": "Polygon", "coordinates": [[[-0.91787, 44.87923], [-0.90953, 44.88622], [-0.91034, 44.88238], [-0.91195, 44.87468], [-0.91276, 44.87083], [-0.91357, 44.86699], [-0.91439, 44.86314], [-0.92049, 44.86183], [-0.91787, 44.87923]]]}}, {"type": "Feature", "properties": {"nb_detections_cluster": 3, "frp_max": 7.55, "frp_moyen": 5.0, "derniere_detection": "2026-07-25T13:33:00", "fetch_timestamp": "2026-07-26T01:32:00"}, "geometry": {"type": "Polygon", "coordinates": [[[-0.961474394520489, 44.86767811401148], [-0.961473924140677, 44.86736887142288], [-0.961516078947719, 44.867061085156934], [-0.961600452279055, 44.866757719314585], [-0.961726230924325, 44.86646169537806], [-0.961892202981978, 44.86617586407899], [-0.962096769552995, 44.865902977949865], [-0.96233796015827, 44.8656456648223], [-0.962613451730438, 44.86540640252792], [-0.962920590996645, 44.86518749504435], [-0.963256420036335, 44.86499105031632], [-0.963617704767695, 44.86481895996467], [-0.964000966088428, 44.86467288107863], [-0.964402513371136, 44.86455422026623], [-0.964818479991152, 44.86446412011591], [-0.965244860545216, 44.86440344819975], [-0.965677549403311, 44.86437278872377], [-0.966112380223234, 44.86437243690533], [-0.966545166048317, 44.86440239613205], [-0.966971739603131, 44.8644623779292], [-0.967387993400183, 44.864551804735946], [-0.967789919272313, 44.86466981546392], [-0.968173646951089, 44.86481527378451], [-0.968535481320487, 44.86498677906543], [-0.968871937987843, 44.8651826798516], [-0.969179776830082, 44.86540108976035], [-0.969456033192541, 44.86563990563891], [-0.969698046440151, 44.86589682780909], [-0.969903485586001, 44.86616938220487], [-0.970070371750269, 44.86645494418999], [-0.970197097232851, 44.86675076382648], [-0.970282441015408, 44.867053992351146], [-0.970325580542829, 44.867361709605326], [-0.970326099669779, 44.867670952153766], [-0.970283992694853, 44.86797874182231], [-0.970199664442449, 44.86828211437922], [-0.97007392639057, 44.868578148084225], [-0.969907988880784, 44.8688639918303], [-0.969703449484457, 44.86913689260667], [-0.969462277636384, 44.869394222018784], [-0.969186795683103, 44.869633501609215], [-0.96887965652782, 44.86985242673569], [-0.968543818086827, 44.87004888877545], [-0.968182514803224, 44.870220995442374], [-0.967799226492262, 44.870367089020235], [-0.967397644818556, 44.87048576233644], [-0.966981637728401, 44.870575872322014], [-0.966555212180302, 44.870636551026905], [-0.966122475533371, 44.87066721398422], [-0.965687595966309, 44.870667565842815], [-0.965254762309109, 44.87063760321351], [-0.964828143675362, 44.87057761470181], [-0.96441184928492, 44.87048817812657], [-0.964009888864923, 44.870370154951566], [-0.963626134011458, 44.870224681983764], [-0.963264280884857, 44.87005316041827], [-0.962927814598614, 44.86985724233605], [-0.962619975645452, 44.869638814784395], [-0.962343728684295, 44.86939998159411], [-0.962101733988928, 44.86914304310865], [-0.961896321833309, 44.86887047402104], [-0.961729470060038, 44.86858489953213], [-0.961602785047594, 44.86828907006039], [-0.961517486259073, 44.867985834746996], [-0.961474394520489, 44.86767811401148]]]}}, {"type": "Feature", "properties": {"nb_detections_cluster": 1, "frp_max": 6.48, "frp_moyen": 6.48, "derniere_detection": "2026-07-25T03:30:00", "fetch_timestamp": "2026-07-26T01:32:00"}, "geometry": {"type": "Polygon", "coordinates": [[[-0.946584180874971, 44.869857520641006], [-0.946583792481959, 44.86954827778045], [-0.946626030542376, 44.86924049695956], [-0.946710487591883, 44.86893714222679], [-0.946836349613919, 44.86864113495726], [-0.947002403904072, 44.868355325722014], [-0.947207050771524, 44.86808246684093], [-0.947448318964065, 44.86782518588324], [-0.947723884667341, 44.86758596037067], [-0.948031093894825, 44.86736709392662], [-0.948366988052461, 44.86717069410057], [-0.948728332431584, 44.86699865208092], [-0.949111647355723, 44.86685262449156], [-0.9495132416815, 44.86673401744645], [-0.949929248331422, 44.86664397301636], [-0.950355661516915, 44.86658335823683], [-0.950788375293852, 44.86655275676365], [-0.951223223080157, 44.86655246325575], [-0.951656017755817, 44.86658248053924], [-0.952082591960174, 44.86664251958038], [-0.952498838199428, 44.86673200226714], [-0.952900748379102, 44.86685006697307], [-0.953284452381744, 44.866995576849774], [-0.953646255319154, 44.86716713076853], [-0.953982673101154, 44.86736307680586], [-0.954290465978906, 44.86758152814336], [-0.954566669740144, 44.867820381229244], [-0.954808624256109, 44.868077336026985], [-0.955013999105241, 44.86834991815633], [-0.955180816026682, 44.86863550271385], [-0.955307467986948, 44.86893133954411], [-0.955392734675565, 44.86923457971831], [-0.955435794279728, 44.869542302965435], [-0.955436231423702, 44.86985154579251], [-0.955394041195566, 44.870159330022524], [-0.955309629221491, 44.870462691476014], [-0.955183807785814, 44.870758708519624], [-0.955017788033238, 44.871044530206646], [-0.954813168327319, 44.8713174037387], [-0.954571918876466, 44.871574700983565], [-0.954296362774798, 44.871813943793576], [-0.953989153639861, 44.87203282788058], [-0.953653250062151, 44.87222924501714], [-0.953291887112344, 44.872401303349555], [-0.952908545180572, 44.87254734562713], [-0.952506916448098, 44.872665965171386], [-0.952090869314648, 44.87275601943122], [-0.951664411124555, 44.87281664099338], [-0.951231649551447, 44.87284724594137], [-0.95079675301418, 44.87284753948278], [-0.950363910506237, 44.872817518790164], [-0.949937291226447, 44.872757473028294], [-0.949521004400834, 44.87266798056746], [-0.949119059683584, 44.87254990340976], [-0.948735328519409, 44.87240437888209], [-0.948373506840311, 44.87223280867615], [-0.948037079456703, 44.87203684534139], [-0.947729286486406, 44.87181837636093], [-0.947453092145241, 44.87157950596455], [-0.947211156199961, 44.871322534853995], [-0.947005808358462, 44.87104993803646], [-0.946839025843717, 44.8707643409798], [-0.946712414366979, 44.87046849431977], [-0.946627192682962, 44.870165247362955], [-0.946584180874971, 44.869857520641006]]]}}, {"type": "Feature", "properties": {"nb_detections_cluster": 7, "frp_max": 15.23, "frp_moyen": 8.03, "derniere_detection": "2026-07-25T03:30:00", "fetch_timestamp": "2026-07-26T01:32:00"}, "geometry": {"type": "Polygon", "coordinates": [[[-0.97147, 44.8915], [-0.97385, 44.89335], [-0.96356, 44.88873], [-0.95809, 44.88772], [-0.95021, 44.88491], [-0.94775, 44.88317], [-0.95566, 44.88595], [-0.97147, 44.8915]]]}}, {"type": "Feature", "properties": {"nb_detections_cluster": 1, "frp_max": 2.23, "frp_moyen": 2.23, "derniere_detection": "2026-07-26T01:32:00", "fetch_timestamp": "2026-07-26T01:32:00"}, "geometry": {"type": "Polygon", "coordinates": [[[-0.914672759287939, 44.88675624957837], [-0.914672546577119, 44.88644700498397], [-0.914714972315383, 44.88613923468663], [-0.914799627230647, 44.885835902633275], [-0.914925695400621, 44.8855399299804], [-0.915091962135535, 44.88525416696552], [-0.915296825698719, 44.88498136546323], [-0.915538312751294, 44.884724152490044], [-0.915814097371533, 44.884485004912875], [-0.916121523465089, 44.88426622560451], [-0.916457630349932, 44.88406992127528], [-0.91681918126936, 44.88389798219393], [-0.917202694558489, 44.883752063993015], [-0.917604477164285, 44.88363357173322], [-0.918020660196718, 44.88354364637994], [-0.918447236169217, 44.883483153822134], [-0.918880097570539, 44.883452676538724], [-0.919315076397427, 44.88345250799281], [-0.919747984268304, 44.88348264980726], [-0.920174652732681, 44.883542811749244], [-0.920590973389155, 44.883632414523305], [-0.920992937426612, 44.88375059534666], [-0.921376674208817, 44.883896216252836], [-0.921738488531651, 44.88406787504391], [-0.922074896194923, 44.884263918786516], [-0.922382657546773, 44.88448245972133], [-0.922658808677979, 44.88472139343373], [-0.922900689966001, 44.88497841911068], [-0.923105971693818, 44.88525106168923], [-0.923272676496673, 44.88553669568367], [-0.923399198420146, 44.88583257046238], [-0.923484318405421, 44.88613583673085], [-0.923527216051919, 44.886443573966645], [-0.923527477543117, 44.88675281854182], [-0.923485099658306, 44.88706059226235], [-0.923400489830586, 44.8873639310498], [-0.923274462249559, 44.88765991348887], [-0.923108230045183, 44.887945688965935], [-0.922903393627142, 44.888218505127526], [-0.922661925291137, 44.88847573439381], [-0.922386150239633, 44.88871489927164], [-0.922078724199255, 44.88893369622346], [-0.921742607849985, 44.88913001786089], [-0.921381038312242, 44.88930197325002], [-0.920997497966401, 44.889447906131615], [-0.920595680905268, 44.88956641088082], [-0.920179457342974, 44.88965634605227], [-0.919752836323631, 44.88971684537971], [-0.919319927089603, 44.889747326124024], [-0.918884899482335, 44.889747494689196], [-0.918451943758005, 44.88971734945153], [-0.918025230206085, 44.889657180775465], [-0.917608868960663, 44.88956756821521], [-0.917206870392667, 44.88944937492964], [-0.916823106465321, 44.88930373936417], [-0.916461273425917, 44.88913206428004], [-0.91612485619391, 44.88893600323674], [-0.915817094788885, 44.88871744465848], [-0.915540953122103, 44.888478493637884], [-0.915299090452397, 44.888221451653145], [-0.915093835781293, 44.88794879439392], [-0.914927165433774, 44.88766314791006], [-0.914800684040161, 44.8873672633132], [-0.914715609101731, 44.887063990275095], [-0.914672759287939, 44.88675624957837]]]}}, {"type": "Feature", "properties": {"nb_detections_cluster": 1, "frp_max": 6.83, "frp_moyen": 6.83, "derniere_detection": "2026-07-25T03:30:00", "fetch_timestamp": "2026-07-26T01:32:00"}, "geometry": {"type": "Polygon", "coordinates": [[[-0.933552678646824, 44.88844700218459], [-0.93355236191752, 44.88813775747179], [-0.933594685417357, 44.88782997980922], [-0.933679240858756, 44.887526633214854], [-0.933805213277248, 44.88723063898532], [-0.933971388904983, 44.88694484756607], [-0.93417616688243, 44.8866720111053], [-0.934417574694651, 44.88641475695625], [-0.934693287182716, 44.886175562382455], [-0.935000648946615, 44.885956730709346], [-0.935336699923513, 44.88576036915149], [-0.935698203894809, 44.88558836852882], [-0.93608167964746, 44.88544238506647], [-0.936483434489675, 44.885323824453586], [-0.936899599798592, 44.88523382831377], [-0.937326168258177, 44.88517326321755], [-0.93775903242945, 44.885142712342336], [-0.938194024282457, 44.88514246985984], [-0.938626955310207, 44.88517253810487], [-0.939053656839309, 44.88523262755297], [-0.939470020150096, 44.885322159606766], [-0.93987203602089, 44.8854402721644], [-0.94025583331654, 44.88558582791676], [-0.940617716250451, 44.885757425293356], [-0.940954199961996, 44.8859534119522], [-0.941262044067268, 44.886171900683706], [-0.94153828386042, 44.88641078757601], [-0.941780258865368, 44.88666777226696], [-0.941985638462842, 44.886940380088404], [-0.942152444345803, 44.88722598588942], [-0.942279069586581, 44.88752183931002], [-0.942364294131512, 44.88782509126145], [-0.942407296573137, 44.888132821359264], [-0.942407662085727, 44.88844206604439], [-0.942365386446745, 44.88874984712189], [-0.942280876104503, 44.88905320044259], [-0.942154944290336, 44.8893492044513], [-0.941988803211694, 44.88963500832682], [-0.941784052400402, 44.88990785944224], [-0.941542663327419, 44.89016512988114], [-0.941266960431539, 44.89040434175402], [-0.940959598744148, 44.89062319107062], [-0.94062353832514, 44.89081956993833], [-0.940262015755974, 44.89099158687206], [-0.939878512964394, 44.89113758501979], [-0.939476723681286, 44.89125615812808], [-0.939060517853053, 44.891346164093115], [-0.938633904352867, 44.89140673596677], [-0.938200992350589, 44.891437290311174], [-0.937765951714298, 44.89143753282135], [-0.937332972825692, 44.89140746116137], [-0.936906226197433, 44.89134736498696], [-0.93648982228232, 44.891257823153985], [-0.936087771862434, 44.891139698140094], [-0.935703947400628, 44.89099412773308], [-0.935342045727479, 44.89082251406663], [-0.935005552423749, 44.89062651010871], [-0.93469770824197, 44.890408003733704], [-0.934421477890928, 44.89016909953153], [-0.934179521483851, 44.889912098529535], [-0.933974168925305, 44.88963947602271], [-0.933807397483238, 44.88935385772627], [-0.933680812761776, 44.88905799448051], [-0.933595633257446, 44.88875473575163], [-0.933552678646824, 44.88844700218459]]]}}, {"type": "Feature", "properties": {"nb_detections_cluster": 3, "frp_max": 7.09, "frp_moyen": 4.56, "derniere_detection": "2026-07-25T01:49:00", "fetch_timestamp": "2026-07-26T01:32:00"}, "geometry": {"type": "Polygon", "coordinates": [[[-0.92054, 44.89917], [-0.91462, 44.89462], [-0.92135, 44.89533], [-0.92054, 44.89917]]]}}, {"type": "Feature", "properties": {"nb_detections_cluster": 2, "frp_max": 11.41, "frp_moyen": 9.84, "derniere_detection": "2026-07-25T03:30:00", "fetch_timestamp": "2026-07-26T01:32:00"}, "geometry": {"type": "Polygon", "coordinates": [[[-0.95894342633188, 44.89998884232587], [-0.959151549507818, 44.90004993090801], [-0.959535496706921, 44.900195420698125], [-0.959897532786833, 44.90036695603341], [-0.960234171412511, 44.90056288516937], [-0.960542170708542, 44.90078132145034], [-0.960818564474854, 44.90102016146959], [-0.961060690752785, 44.90127710531642], [-0.961266217466398, 44.90154967871608], [-0.961433164891929, 44.901835256849274], [-0.961559924738562, 44.902131089622436], [-0.96164527565619, 44.90243432814587], [-0.961688395020114, 44.902742052164555], [-0.961688866878286, 44.90305129817806], [-0.961646685983637, 44.90335908797878], [-0.961562257871616, 44.90366245733363], [-0.961436394981166, 44.903958484533185], [-0.961270308855469, 44.90424431853293], [-0.961065598496622, 44.90451720641599], [-0.960824234985518, 44.90477451991187], [-0.960548542514316, 44.905013780716445], [-0.960241176013599, 44.90523268436829], [-0.959905095589272, 44.90542912245147], [-0.959543538015189, 44.90560120291057], [-0.959159985556036, 44.905747268281765], [-0.958758132420938, 44.90586591166415], [-0.958341849171245, 44.90595599027703], [-0.957915145425852, 44.90601663647253], [-0.957482131223936, 44.906047266096905], [-0.957046977418106, 44.90604758412005], [-0.95661387548031, 44.90601758747872], [-0.956186997108664, 44.90595756510602], [-0.955770454025202, 44.90586809514695], [-0.955368258352763, 44.90575003938688], [-0.954984283953564, 44.9056045349466], [-0.95462222910265, 44.905432983324374], [-0.954285580856424, 44.905237036890654], [-0.95397758146001, 44.905018582965816], [-0.953701197117339, 44.90477972563463], [-0.953459089424929, 44.904522765473104], [-0.953253589744482, 44.90425017738293], [-0.953096325255938, 44.903981095554], [-0.952888194092731, 44.90391999555473], [-0.952504238645885, 44.90377448262586], [-0.952142203183559, 44.903602923019015], [-0.951805574575382, 44.90340696918156], [-0.951497594877296, 44.90318850850517], [-0.951221230103482, 44.90294964513966], [-0.950979141661965, 44.90269267971908], [-0.950773660729029, 44.90242008719584], [-0.950606765809009, 44.902134492996474], [-0.950480063695175, 44.901838647729235], [-0.950394774014513, 44.90153540068735], [-0.950351717504472, 44.90122767240327], [-0.950351308133754, 44.90091842651862], [-0.950393549142053, 44.900610641240824], [-0.950478033035856, 44.90030728066126], [-0.950603945539325, 44.90001126621138], [-0.950770073461192, 44.8997254485314], [-0.950974816400925, 44.89945258002257], [-0.951216202180589, 44.89919528834676], [-0.951491905853043, 44.898956051128984], [-0.951799272102819, 44.898737172105356], [-0.95213534082358, 44.89854075894645], [-0.95249687562561, 44.898368702969115], [-0.952880394998799, 44.898222660931566], [-0.953282205831191, 44.89810403908695], [-0.953698438960724, 44.8980139796485], [-0.954125086418313, 44.897953349796275], [-0.954558040004365, 44.897922733331214], [-0.954993130828064, 44.89792242505657], [-0.955426169429601, 44.897952427940666], [-0.955852986099961, 44.89801245308839], [-0.956269471011014, 44.89810192252153], [-0.956671613770435, 44.89821997474123], [-0.957055542021505, 44.89836547301937], [-0.957417558716882, 44.898537016338885], [-0.957754177708145, 44.898732952878404], [-0.958062157308922, 44.89895139591097], [-0.958338531508771, 44.89919024196483], [-0.95858063853743, 44.89944719107117], [-0.958786146504321, 44.899719768904575], [-0.95894342633188, 44.89998884232587]]]}}, {"type": "Feature", "properties": {"nb_detections_cluster": 3, "frp_max": 14.66, "frp_moyen": 13.38, "derniere_detection": "2026-07-25T13:33:00", "fetch_timestamp": "2026-07-26T01:32:00"}, "geometry": {"type": "Polygon", "coordinates": [[[-0.943901233805353, 44.90712741559578], [-0.943900859940021, 44.90681816912715], [-0.943943140769401, 44.9065103857441], [-0.944027668416358, 44.9062070295197], [-0.944153628183595, 44.90591102184346], [-0.944319806424609, 44.90562521329031], [-0.944524602254243, 44.90535235617351], [-0.944766042985217, 44.90509507804531], [-0.945041803141227, 44.90485585640017], [-0.94534922686292, 44.9046369948242], [-0.94568535349059, 44.904440600819974], [-0.946046946076987, 44.90426856551988], [-0.946430522555666, 44.90412254548301], [-0.946832389264893, 44.904003946750635], [-0.947248676504668, 44.90391391131345], [-0.947675375784979, 44.90385330612038], [-0.948108378407334, 44.90382271473497], [-0.948543515008838, 44.90382243171891], [-0.948976595688965, 44.90385245979736], [-0.949403450333583, 44.90391250983263], [-0.94981996874894, 44.90400200360682], [-0.950222140220107, 44.90412007938671], [-0.950606092113879, 44.9042656002173], [-0.950968127155211, 44.904437164864405], [-0.951304759018947, 44.90463312130123], [-0.951612745894666, 44.904851582609226], [-0.951889121701747, 44.90509044514063], [-0.952131224654312, 44.90534740876794], [-0.952336722900874, 44.90561999902586], [-0.952503636991633, 44.90590559093272], [-0.952630358956621, 44.906201434262286], [-0.95271566781038, 44.90650468002316], [-0.95275874133315, 44.90681240789052], [-0.95275916401423, 44.90712165432686], [-0.952716931080051, 44.90742944112043], [-0.95263244856716, 44.90773280406703], [-0.952506529438378, 44.908028821518904], [-0.952340385778495, 44.90831464252541], [-0.952135617143735, 44.90858751429468], [-0.951894195176293, 44.90884480871145], [-0.951618444631402, 44.90908404765527], [-0.951311020999065, 44.909302926875235], [-0.950974884935553, 44.90949933819071], [-0.950613273750731, 44.90967138980409], [-0.950229670225772, 44.90981742452935], [-0.949827769061781, 44.90993603576074], [-0.949411441282838, 44.910026081027254], [-0.94898469693685, 44.910086693002214], [-0.94855164645416, 44.910117287861496], [-0.948116461036906, 44.91011757090984], [-0.947683332461578, 44.910087539420886], [-0.947256432682895, 44.910027482663395], [-0.946839873629083, 44.909937979113586], [-0.946437667576784, 44.90981989088035], [-0.946053688488138, 44.909674355397264], [-0.945691634683275, 44.90950277446159], [-0.94535499320842, 44.9093068007261], [-0.945047006243346, 44.90908832177412], [-0.944770639872106, 44.908849441931466], [-0.944528555517967, 44.90859246199087], [-0.944323084317686, 44.90831985704455], [-0.944156204681689, 44.908034252638686], [-0.944029523255869, 44.907738399479776], [-0.943944259467787, 44.907435146937004], [-0.943901233805353, 44.90712741559578]]]}}, {"type": "Feature", "properties": {"nb_detections_cluster": 2, "frp_max": 14.35, "frp_moyen": 14.29, "derniere_detection": "2026-07-25T03:30:00", "fetch_timestamp": "2026-07-26T01:32:00"}, "geometry": {"type": "Polygon", "coordinates": [[[-0.964247671021432, 44.90993112894706], [-0.964269420944856, 44.909922845469495], [-0.964671291480136, 44.909804182007264], [-0.965087593116509, 44.90971407957482], [-0.96551431722526, 44.90965340576625], [-0.965947354868798, 44.90962274480573], [-0.966382536347034, 44.90962239192495], [-0.966815671327401, 44.90965235052178], [-0.967242589173026, 44.909712332127526], [-0.967659179081756, 44.90980175918322], [-0.968061429650439, 44.90991977059809], [-0.968445467484441, 44.910065230036906], [-0.968807594481411, 44.910236736856675], [-0.969144323430962, 44.91043263958747], [-0.96945241158802, 44.91065105182793], [-0.969728891896891, 44.91088987040283], [-0.969971101565567, 44.91114679560805], [-0.970176707715069, 44.91141935334836], [-0.970343729856614, 44.91170491895526], [-0.970470558979769, 44.912000742455966], [-0.97055597306714, 44.91230397505011], [-0.970599148885501, 44.912611696539734], [-0.970599669938905, 44.91292094344892], [-0.970557530506262, 44.91322873756144], [-0.970473135723443, 44.91353211460277], [-0.970347297708125, 44.913828152789485], [-0.970181227763633, 44.91411400097135], [-0.969976524735946, 44.91438690609487], [-0.969735159635083, 44.91464423972363], [-0.969459456668269, 44.91488352335957], [-0.969152070866966, 44.915102452321406], [-0.968815962522792, 44.91529891794947], [-0.968454368678377, 44.91547102792307], [-0.968070771947659, 44.915617124494084], [-0.967668866966124, 44.91573580046107], [-0.967252524794497, 44.915825912729545], [-0.966825755619236, 44.91588659332746], [-0.966392670109816, 44.91591725776964], [-0.965957439805783, 44.9159176106907], [-0.965524256916054, 44.915887648691175], [-0.96509729391863, 44.91582766037051], [-0.964680663350822, 44.91573822354574], [-0.964278378178291, 44.91562019968307], [-0.963894313125473, 44.91547472559607], [-0.963532167340726, 44.91530320249065], [-0.96319542875644, 44.91510728246261], [-0.962887340487945, 44.91488885257803], [-0.962702220636705, 44.91472893273654], [-0.962680468618819, 44.91473721591947], [-0.962278558539805, 44.91485587236028], [-0.961862214241461, 44.914945964410016], [-0.961435445930765, 44.91500662429138], [-0.96100236426888, 44.91503726771882], [-0.960567140758295, 44.915037599529306], [-0.960133967542483, 44.91500761652672], [-0.959707017006236, 44.91494760751283], [-0.959290401566804, 44.91485815050398], [-0.95888813404408, 44.91474010716079], [-0.95850408899244, 44.91459461448444], [-0.958141965367526, 44.91442307385994], [-0.957805250888222, 44.91422713755176], [-0.957497188437614, 44.91400869278281], [-0.957220744826944, 44.91376984354969], [-0.95697858222353, 44.91351289035036], [-0.956773032517872, 44.91324030801955], [-0.956606074876562, 44.91295472188566], [-0.956479316696797, 44.9126588824793], [-0.95639397814534, 44.912355639037294], [-0.956350880430083, 44.91204791205744], [-0.956350437916316, 44.911738665168876], [-0.956392654162643, 44.911430876588696], [-0.956477121913737, 44.91112751044015], [-0.956603027048934, 44.910831488208345], [-0.956769156447641, 44.91054566060848], [-0.956973909694835, 44.910272780137326], [-0.957215314513075, 44.91001547457202], [-0.957491045771665, 44.90977622167134], [-0.957798447889307, 44.90955732532241], [-0.958134560414136, 44.909360893362674], [-0.958496146534522, 44.909188817290044], [-0.958879724246135, 44.909042754056216], [-0.959281599875252, 44.90892411011848], [-0.959697903635895, 44.90883402790276], [-0.960124626878932, 44.908773374808476], [-0.960557660675122, 44.90874273486036], [-0.960992835361426, 44.90874240308775], [-0.961425960670665, 44.90877238268527], [-0.961852866059066, 44.90883238498202], [-0.962269440844387, 44.908921832219804], [-0.96267167376905, 44.90903986311349], [-0.963055691608264, 44.909185341140336], [-0.963417796452142, 44.9093568654783], [-0.963754501303548, 44.90955278448877], [-0.964062563649388, 44.90977121161362], [-0.964247671021432, 44.90993112894706]]]}}, {"type": "Feature", "properties": {"nb_detections_cluster": 1, "frp_max": 8.66, "frp_moyen": 8.66, "derniere_detection": "2026-07-25T03:30:00", "fetch_timestamp": "2026-07-26T01:32:00"}, "geometry": {"type": "Polygon", "coordinates": [[[-0.977550434184004, 44.9184587573381], [-0.977549874765988, 44.91814950994172], [-0.97759197953335, 44.917841712718065], [-0.977676342304138, 44.917538329873786], [-0.977802149968409, 44.91724228305491], [-0.977968190343929, 44.916956423213506], [-0.978172863872635, 44.91668350315695], [-0.978414199044418, 44.91642615104374], [-0.978689871398902, 44.9161868450809], [-0.978997225921668, 44.91596788966662], [-0.979333302618837, 44.915771393207216], [-0.979694865023481, 44.91559924782169], [-0.980078431359374, 44.91545311112924], [-0.980480308062127, 44.91533439029449], [-0.980896625335265, 44.91524422848388], [-0.981323374399446, 44.9151834938632], [-0.981756446076761, 44.91515277124222], [-0.982191670339439, 44.91515235644634], [-0.982624856443012, 44.915182253469595], [-0.983051833258454, 44.91524217443619], [-0.983468489415935, 44.915331542371064], [-0.983870812874561, 44.915449496752686], [-0.984254929538028, 44.91559490179508], [-0.984617140545122, 44.915766357379034], [-0.984953957876708, 44.91596221252798], [-0.985262137936848, 44.91618058129882], [-0.985538712785052, 44.916419360934974], [-0.985781018719095, 44.91667625210731], [-0.98598672193312, 44.9169487810484], [-0.986153841003716, 44.9172343233672], [-0.986280765987073, 44.91753012931522], [-0.986366273942653, 44.917833350261205], [-0.986409540733206, 44.91814106611955], [-0.986410148986595, 44.91845031346861], [-0.986368092141807, 44.91875811408806], [-0.98628377453916, 44.91906150364077], [-0.986158007552805, 44.91935756022291], [-0.985992001801751, 44.91964343250723], [-0.985787355513459, 44.919916367208145], [-0.985546039151206, 44.92017373560443], [-0.985270376452528, 44.92041305886328], [-0.984963022060776, 44.920632031921826], [-0.984626935964795, 44.92082854569569], [-0.984265354992705, 44.9210007074005], [-0.983881761634265, 44.921146858789925], [-0.98347985049233, 44.921265592134525], [-0.98306349268685, 44.92135576378712], [-0.982636698554803, 44.921416505203695], [-0.982203579006032, 44.92144723131334], [-0.98176830590798, 44.921447646156544], [-0.981335071881833, 44.9214177457375], [-0.980908049898251, 44.92135781806247], [-0.980491353062853, 44.92126844036433], [-0.980088994979762, 44.92115047353977], [-0.979704851075881, 44.921005053853015], [-0.979342621259257, 44.92083358198602], [-0.979005794271865, 44.92063770954105], [-0.978697614080711, 44.92041932312595], [-0.97842104863132, 44.92018052617532], [-0.978178761264724, 44.91992361868372], [-0.977973085073245, 44.91965107504565], [-0.977806000441831, 44.91936552021701], [-0.977679115990816, 44.919069704427], [-0.977593653103101, 44.91876647668511], [-0.977550434184004, 44.9184587573381]]]}}, {"type": "Feature", "properties": {"nb_detections_cluster": 1, "frp_max": 13.9, "frp_moyen": 13.9, "derniere_detection": "2026-07-25T03:30:00", "fetch_timestamp": "2026-07-26T01:32:00"}, "geometry": {"type": "Polygon", "coordinates": [[[-0.947649879316297, 44.924417565865014], [-0.947649484670691, 44.92410831778281], [-0.947691757964518, 44.923800531354324], [-0.947776291392778, 44.923497170682005], [-0.94790227020207, 44.9232011571982], [-0.948068480562108, 44.9229153415338], [-0.948273321278055, 44.92264247607058], [-0.948514819230058, 44.92238518844113], [-0.948790648390513, 44.922145956231425], [-0.949098152235366, 44.921927083129354], [-0.949434369333214, 44.92173067674846], [-0.949796061865549, 44.92155862834032], [-0.950179746803494, 44.921412594590244], [-0.950581729440977, 44.92129398167156], [-0.950998138961803, 44.92120393171152], [-0.951424965698654, 44.92114331179896], [-0.951858099725931, 44.92111270563908], [-0.952293370415653, 44.9211124079359], [-0.952726586576382, 44.92114242155598], [-0.953153576789672, 44.921202457500826], [-0.953570229556599, 44.92129193768824], [-0.95397253286875, 44.92141000051581], [-0.954356612823576, 44.92155550915329], [-0.954718770913025, 44.9217270624839], [-0.955055519627156, 44.921923008589836], [-0.955363616030361, 44.92214146065201], [-0.955640092987281, 44.92238031511174], [-0.955882287737887, 44.92263727191925], [-0.956087867546525, 44.92290985667499], [-0.956254852177726, 44.92319544445022], [-0.956381632981917, 44.92349128505858], [-0.956466988406664, 44.92379452953485], [-0.956510095783331, 44.92410225756666], [-0.956510539274773, 44.924411505614906], [-0.956468313906571, 44.92471929545234], [-0.956383825641971, 44.92502266284549], [-0.956257887498759, 44.92531868610378], [-0.956091711744448, 44.92560451422069], [-0.955886898243993, 44.925877394335856], [-0.955645419071372, 44.92613469825366], [-0.955369599532511, 44.92637394776216], [-0.955062095781707, 44.9265928385087], [-0.954725869246752, 44.92678926220164], [-0.954364158108816, 44.926961326924136], [-0.953980446111781, 44.927107375363924], [-0.953578429001577, 44.92722600078315], [-0.953161978919173, 44.92731606057416], [-0.952735107090646, 44.92737668727034], [-0.95230192517444, 44.927407296905805], [-0.951866605638881, 44.92740759464295], [-0.951433341552526, 44.927377577613925], [-0.951006306175576, 44.927317534948244], [-0.95058961274257, 44.92722804498636], [-0.950187274824692, 44.92710996970629], [-0.949803167654375, 44.92696444641685], [-0.949440990785541, 44.92679287679787], [-0.949104232449817, 44.92659691339317], [-0.948796135952563, 44.926378443686524], [-0.948519668432751, 44.92613957191473], [-0.948277492287747, 44.92588259879286], [-0.9480719395382, 44.92560999934742], [-0.94790498937972, 44.92532439907167], [-0.947778249137105, 44.92502854863232], [-0.947692938804035, 44.92472529737241], [-0.947649879316297, 44.924417565865014]]]}}, {"type": "Feature", "properties": {"nb_detections_cluster": 1, "frp_max": 10.86, "frp_moyen": 10.86, "derniere_detection": "2026-07-25T03:30:00", "fetch_timestamp": "2026-07-26T01:32:00"}, "geometry": {"type": "Polygon", "coordinates": [[[-0.963419481392185, 44.93001819468392], [-0.963418999765906, 44.92970894614284], [-0.963461190750315, 44.929401153204005], [-0.963545647332904, 44.92909778003269], [-0.963671555500105, 44.92880174818168], [-0.963837702101676, 44.92851590845882], [-0.964042486556517, 44.92824301347766], [-0.964283936286284, 44.92798569115514], [-0.964559725727468, 44.92774641941136], [-0.964867198738231, 44.92752750231496], [-0.965203394183837, 44.927331047903216], [-0.965565074454051, 44.92715894789019], [-0.965948756637881, 44.92701285945816], [-0.966350746055628, 44.926894189307], [-0.966767171825692, 44.926804080115105], [-0.967194024124229, 44.92674339954161], [-0.967627192779489, 44.926712731875845], [-0.968062506830087, 44.92671237241408], [-0.968495774667136, 44.926742324617514], [-0.968922824374709, 44.92680230007903], [-0.969339543881156, 44.92689172129885], [-0.969741920535602, 44.927009727242364], [-0.970126079729465, 44.92715518162705], [-0.970488322191895, 44.92732668385861], [-0.9708251596007, 44.927522582511244], [-0.9711333481664, 44.927740991222926], [-0.971409919866341, 44.92797980685239], [-0.971652211028316, 44.928236729723906], [-0.971857887988387, 44.928509285764726], [-0.972024969575613, 44.92879485032275], [-0.972151846206786, 44.929090673435276], [-0.972237295406644, 44.929393906305684], [-0.972280493603425, 44.929701628733405], [-0.972281024085253, 44.93001087723346], [-0.972238881039805, 44.930318673574334], [-0.972154469637324, 44.93062205346004], [-0.972028602155132, 44.93091809507976], [-0.971862490179964, 44.93120394725024], [-0.971657732962253, 44.93147685687955], [-0.971416302033633, 44.93173419548786], [-0.971140522235094, 44.9319734845292], [-0.970833049337915, 44.93219241927019], [-0.970496844472464, 44.93238889099549], [-0.970135145610979, 44.932561007325695], [-0.969751436378901, 44.93270711045148], [-0.969349412495381, 44.93282579310825], [-0.968932946166515, 44.93291591213707], [-0.968506048774804, 44.932976599500755], [-0.968072832224899, 44.933007270649014], [-0.967637469318754, 44.93300763015182], [-0.967204153542743, 44.93297767454633], [-0.966777058655063, 44.9329176923704], [-0.966360298463607, 44.93282826138189], [-0.965957887182755, 44.93271024299077], [-0.965573700751763, 44.932564773957914], [-0.965211439488188, 44.932393255440594], [-0.964874592436737, 44.93219733949041], [-0.964566403757454, 44.93197891313413], [-0.964289841477356, 44.931740080191084], [-0.964047568906653, 44.9314831410024], [-0.963841918994831, 44.93121057026785], [-0.963674871873378, 44.930924993204194], [-0.963548035801007, 44.93062916025476], [-0.963462631694322, 44.93032592059417], [-0.963419481392185, 44.93001819468392]]]}}]}