{"type": "FeatureCollection", "name": "zone_active", "crs": {"type": "name", "properties": {"name": "urn:ogc:def:crs:OGC:1.3:CRS84"}}, "features": [{"type": "Feature", "properties": {"nb_detections_cluster": 17, "frp_max": 67.89, "frp_moyen": 20.47, "derniere_detection": "2026-07-26T13:16:00", "fetch_timestamp": "2026-07-27T12:38:00"}, "geometry": {"type": "Polygon", "coordinates": [[[-1.028883260853437, 44.75739079456628], [-1.02888242089634, 44.75708156378917], [-1.028924124305104, 44.75677376340738], [-1.029007968766844, 44.75647035765823], [-1.029133146166595, 44.756174268408685], [-1.029298450394758, 44.75588834701976], [-1.029502288984979, 44.755615346891865], [-1.029742698469553, 44.75535789695482], [-1.030017363303688, 44.75511847635797], [-1.03032363817584, 44.754899390603626], [-1.030658573488853, 44.754702749353406], [-1.031018943766291, 44.7545304461207], [-1.031401278710394, 44.75438414004482], [-1.031801896612764, 44.7542652399215], [-1.032216939796388, 44.754174890643625], [-1.032642411748255, 44.75411396218221], [-1.033074215585687, 44.75408304121351], [-1.033508193486783, 44.754082425472774], [-1.033940166706196, 44.75411212088899], [-1.034365975791868, 44.75417184152755], [-1.034781520616469, 44.75426101234235], [-1.035182799839007, 44.75437877470994], [-1.03556594941753, 44.75452399469324], [-1.035927279802892, 44.75469527395503], [-1.036263311456114, 44.75489096321665], [-1.036570808347869, 44.75510917813245], [-1.036846809117847, 44.75534781742749], [-1.037088655594176, 44.75560458312419], [-1.037294018398196, 44.75587700266363], [-1.037460919387813, 44.75616245270844], [-1.037587750722933, 44.756458184398994], [-1.037673290368747, 44.75676134981942], [-1.037716713886871, 44.757069029419156], [-1.037717602399918, 44.757378260125996], [-1.037675946651845, 44.75768606388025], [-1.037592147123957, 44.75798947631496], [-1.037467010204441, 44.758285575306246], [-1.037301740447263, 44.75857150911871], [-1.037097928994073, 44.75884452387452], [-1.036857538269718, 44.75910199008174], [-1.036582883098045, 44.75934142796573], [-1.036276608419275, 44.75956053135987], [-1.03594166382313, 44.75975718992468], [-1.035581275142796, 44.75992950948132], [-1.035198913383242, 44.76007583026318], [-1.03479826128337, 44.76019474290939], [-1.034383177834384, 44.76028510204581], [-1.033957661096672, 44.7603460373226], [-1.033525809674004, 44.760376961801576], [-1.033091783216956, 44.760377577612545], [-1.032659762336855, 44.760347878823886], [-1.03223390831733, 44.760288151499786], [-1.031818323012492, 44.760198970943236], [-1.031417009318971, 44.76008119615209], [-1.031033832603417, 44.759935961540876], [-1.030672483457835, 44.75976466600892], [-1.030336442142151, 44.75956895946015], [-1.030028945057016, 44.75935072690455], [-1.029752953570169, 44.75911207029496], [-1.029511125496737, 44.75885528827431], [-1.029305789508168, 44.758582854028894], [-1.029138922716052, 44.75829739146117], [-1.029012131646293, 44.75800164991206], [-1.028926636786325, 44.757698477676264], [-1.028883260853437, 44.75739079456628]]]}}, {"type": "Feature", "properties": {"nb_detections_cluster": 10, "frp_max": 172.97, "frp_moyen": 39.24, "derniere_detection": "2026-07-26T13:16:00", "fetch_timestamp": "2026-07-27T12:38:00"}, "geometry": {"type": "Polygon", "coordinates": [[[-1.04437, 44.75884], [-1.03868, 44.7633], [-1.03289, 44.76396], [-1.04437, 44.75884]]]}}, {"type": "Feature", "properties": {"nb_detections_cluster": 7, "frp_max": 5.42, "frp_moyen": 4.14, "derniere_detection": "2026-07-26T13:16:00", "fetch_timestamp": "2026-07-27T12:38:00"}, "geometry": {"type": "Polygon", "coordinates": [[[-1.051613006433775, 44.76146170066496], [-1.051612041477489, 44.76115246963198], [-1.051653623543069, 44.76084466027056], [-1.051737351486059, 44.760541236904636], [-1.051862418313383, 44.76024512157101], [-1.052027618980009, 44.759959165882], [-1.052231362016587, 44.75968612356844], [-1.05247168487525, 44.75942862396652], [-1.052746272845051, 44.75918914670394], [-1.053052481354279, 44.75896999782874], [-1.053387361444486, 44.758773287610424], [-1.053747688170684, 44.75860091022659], [-1.054129991654205, 44.75845452553055], [-1.054530590489351, 44.75833554307518], [-1.054945627182522, 44.75824510854612], [-1.055371105283073, 44.75818409273527], [-1.055802927849049, 44.75815308315999], [-1.056236936878202, 44.758152378408745], [-1.056668953325503, 44.75818198526753], [-1.057094817322763, 44.7582416186545], [-1.057510428214071, 44.75833070436369], [-1.057911784022479, 44.75844838459115], [-1.058295019968828, 44.75859352619071], [-1.058656445672593, 44.75876473157999], [-1.058992580677241, 44.75896035219167], [-1.059300187958521, 44.75917850434124], [-1.059576305093421, 44.75941708735824], [-1.059818272789784, 44.7596738038071], [-1.06002376050187, 44.759946181603205], [-1.060190788884932, 44.760231597811334], [-1.060317748872221, 44.760527303897796], [-1.060403417190078, 44.760830452193424], [-1.060446968161002, 44.761138123312705], [-1.060447981680147, 44.76144735426529], [-1.06040644728749, 44.76175516698924], [-1.060322764295445, 44.762058597031334], [-1.060197737969647, 44.7623547220983], [-1.060032571798676, 44.7626406902037], [-1.059828855926238, 44.7629137471396], [-1.059588551856294, 44.76317126300787], [-1.059313973577749, 44.76341075755569], [-1.05900776528989, 44.76362992407075], [-1.058672875942653, 44.76382665160568], [-1.058312530836771, 44.763999045317405], [-1.057930200557232, 44.76414544472511], [-1.057529567539491, 44.76426443971064], [-1.057114490590765, 44.76435488410672], [-1.056688967708696, 44.764415906742336], [-1.056257097556171, 44.764446919837866], [-1.05582303996416, 44.764447624669515], [-1.055390975843936, 44.764418014448225], [-1.054965066895732, 44.76435837438506], [-1.054549415502897, 44.76426927894254], [-1.054148025198833, 44.76415158629868], [-1.053764762088345, 44.76400643007676], [-1.053403317595861, 44.76383520842116], [-1.053067172899957, 44.76363957052423], [-1.052759565397309, 44.76342140073479], [-1.052483457519439, 44.76318280040119], [-1.052241508202759, 44.76292606762445], [-1.052036047286692, 44.762653675116646], [-1.051869053086226, 44.762368246378394], [-1.051742133354492, 44.76207253042489], [-1.051656509818151, 44.76176937530448], [-1.051613006433775, 44.76146170066496]]]}}, {"type": "Feature", "properties": {"nb_detections_cluster": 3, "frp_max": 8.42, "frp_moyen": 4.52, "derniere_detection": "2026-07-26T12:55:00", "fetch_timestamp": "2026-07-27T12:38:00"}, "geometry": {"type": "Polygon", "coordinates": [[[-1.11206, 44.77185], [-1.10978, 44.77298], [-1.10706, 44.7727], [-1.11206, 44.77185]]]}}, {"type": "Feature", "properties": {"nb_detections_cluster": 2, "frp_max": 14.35, "frp_moyen": 10.02, "derniere_detection": "2026-07-26T12:55:00", "fetch_timestamp": "2026-07-27T12:38:00"}, "geometry": {"type": "Polygon", "coordinates": [[[-1.214394750845897, 44.77415116459602], [-1.214625202854589, 44.77431391406037], [-1.21490205263189, 44.77455211088936], [-1.215144793930012, 44.77480848907125], [-1.215351088755411, 44.77508057977947], [-1.21551894999249, 44.77536576284417], [-1.215646760555355, 44.77566129197765], [-1.215733288980074, 44.77596432121578], [-1.215777701306567, 44.7762719323205], [-1.215779569134847, 44.776581162880426], [-1.215738873777076, 44.776889034838426], [-1.21565600646441, 44.7771925831718], [-1.215531764605661, 44.77748888444896], [-1.215367344132738, 44.77777508498733], [-1.215164328005662, 44.778048428341194], [-1.214924670986975, 44.77830628185465], [-1.214650680831447, 44.77854616202353], [-1.21434499607164, 44.778765758422], [-1.21401056061288, 44.778962955962676], [-1.21365059538207, 44.77913585527584], [-1.213268567303388, 44.77928279101111], [-1.212868155899835, 44.77940234788463], [-1.21245321784267, 44.779493374317155], [-1.212027749790702, 44.77955499353153], [-1.211595849878047, 44.77958661200175], [-1.211161678222099, 44.77958792517301], [-1.210729416832986, 44.7795589203966], [-1.210303229311639, 44.77949987705185], [-1.209887220725604, 44.77941136385362], [-1.209485398050076, 44.779294233371736], [-1.209101631556037, 44.77914961381491], [-1.208739617518262, 44.7789788981585], [-1.208402842603044, 44.778783730721486], [-1.208094550279186, 44.7785659913217], [-1.207817709576169, 44.778327777162595], [-1.207574986490541, 44.77807138262632], [-1.207368718315953, 44.77779927716788], [-1.207200891143821, 44.77751408152402], [-1.207073120750947, 44.77721854246579], [-1.206986637057552, 44.7769155063388], [-1.206942272304715, 44.776607891645774], [-1.206940453064192, 44.77629866093602], [-1.206981196156627, 44.77599079227248], [-1.207064108516443, 44.77568725055117], [-1.207185135448426, 44.77539872029093], [-1.206954700524813, 44.77523595529955], [-1.206677881040357, 44.77499773856794], [-1.206435177521564, 44.77474134183093], [-1.206228927073653, 44.774469234564734], [-1.206061115617356, 44.77418403752347], [-1.205933358778162, 44.773888497491654], [-1.205846886345824, 44.773585460824265], [-1.205802530453037, 44.773277846029245], [-1.205800717586307, 44.77296861565683], [-1.205841464504977, 44.772660747766714], [-1.205924378106706, 44.77235720724751], [-1.206048659239672, 44.7720609172651], [-1.20621311042376, 44.77177473111466], [-1.206416147405414, 44.77150140474717], [-1.206655814434039, 44.77124357023494], [-1.206929803112061, 44.771003710431444], [-1.207235474636539, 44.77078413506902], [-1.20756988521775, 44.770586958524454], [-1.207929814429707, 44.77041407946611], [-1.208311796219602, 44.77026716257839], [-1.208712152277705, 44.77014762253883], [-1.209127027446755, 44.77005661040227], [-1.209552426830381, 44.76999500252244], [-1.209984254243926, 44.76996339211773], [-1.210418351638195, 44.769962083561964], [-1.210850539117431, 44.76999108945509], [-1.211276655167116, 44.77005013050194], [-1.211692596705236, 44.77013863820018], [-1.212094358572284, 44.770255760311585], [-1.212478072080658, 44.770400369064276], [-1.212840042253081, 44.77057107200691], [-1.213176783392112, 44.770766225410625], [-1.213485052638835, 44.77098395009017], [-1.213761881197877, 44.77122214949184], [-1.214004602928309, 44.77147852987471], [-1.214210880025046, 44.77175062239106], [-1.214378725543258, 44.77203580685358], [-1.214506522548475, 44.77233133696113], [-1.214593039707389, 44.77263436674015], [-1.214637443168486, 44.77294197794741], [-1.214639304617233, 44.77325120817051], [-1.214598605427312, 44.773559079355536], [-1.214515736866871, 44.77386262648724], [-1.214394750845897, 44.77415116459602]]]}}, {"type": "Feature", "properties": {"nb_detections_cluster": 1, "frp_max": 4.9, "frp_moyen": 4.9, "derniere_detection": "2026-07-26T12:55:00", "fetch_timestamp": "2026-07-27T12:38:00"}, "geometry": {"type": "Polygon", "coordinates": [[[-1.118711635524003, 44.78139437587826], [-1.118710301274992, 44.7810851434037], [-1.118751530812752, 44.78077730685078], [-1.11883492638715, 44.78047383080574], [-1.118959684205095, 44.78017763781306], [-1.119124602196412, 44.779891580233354], [-1.119328091612882, 44.779618412779], [-1.119568192347876, 44.779360765991576], [-1.119842591828332, 44.779121120916436], [-1.120148647296528, 44.77890178521786], [-1.120483411266696, 44.7787048709645], [-1.120843659911075, 44.77853227429888], [-1.12122592410205, 44.77838565718595], [-1.121626522811618, 44.77826643141658], [-1.122041598546889, 44.77817574501941], [-1.122467154480968, 44.77811447121159], [-1.122899092922317, 44.7780831999947], [-1.123333254752989, 44.778082232476585], [-1.123765459456885, 44.77811157797335], [-1.124191545353513, 44.77817095391982], [-1.124607409650859, 44.77825978858891], [-1.125009047932603, 44.778377226593946], [-1.125392592700402, 44.77852213712124], [-1.125754350600876, 44.77869312481349], [-1.12609083797954, 44.778888543199805], [-1.126398814419857, 44.779106510543066], [-1.126675313944799, 44.77934492795264], [-1.126917673580661, 44.77960149958795], [-1.127123559008021, 44.77987375475918], [-1.127290987052638, 44.780159071712276], [-1.127418344799301, 44.780454702869754], [-1.127504405143966, 44.780757801284416], [-1.127548338633702, 44.781065448051535], [-1.12754972147955, 44.781374680415695], [-1.127508539664184, 44.78168252030179], [-1.127425189103789, 44.78198600299547], [-1.127300471861598, 44.78228220569677], [-1.127135588448476, 44.78256827567195], [-1.126932126283827, 44.78284145773229], [-1.126692044427005, 44.783099120774935], [-1.126417654725596, 44.78333878312983], [-1.126111599561517, 44.783558136468656], [-1.12577682640885, 44.78375506804483], [-1.125416559448236, 44.78392768105017], [-1.125034268511167, 44.78407431289176], [-1.12463363565349, 44.78419355121272], [-1.124218519680383, 44.78428424750207], [-1.12379291896506, 44.784345528162525], [-1.123360932919981, 44.78437680292911], [-1.122926722492471, 44.78437777055763], [-1.122494470066181, 44.784348421727685], [-1.122068339155549, 44.78428903913259], [-1.121652434282451, 44.78420019475489], [-1.12125076142251, 44.78408274435437], [-1.12086718940289, 44.783937819221066], [-1.120505412624244, 44.7837668152736], [-1.120168915466534, 44.78357137960755], [-1.119860938722099, 44.78335339462402], [-1.119584448379656, 44.78311495989163], [-1.119342107060031, 44.78285837191661], [-1.119136248378763, 44.782586102016715], [-1.118968854482256, 44.782300772512016], [-1.118841536973429, 44.78200513146237], [-1.118755521410006, 44.78170202619508], [-1.118711635524003, 44.78139437587826]]]}}, {"type": "Feature", "properties": {"nb_detections_cluster": 3, "frp_max": 42.37, "frp_moyen": 18.8, "derniere_detection": "2026-07-26T12:55:00", "fetch_timestamp": "2026-07-27T12:38:00"}, "geometry": {"type": "Polygon", "coordinates": [[[-1.10388, 44.80218], [-1.0989, 44.80304], [-1.10275, 44.79885], [-1.10388, 44.80218]]]}}, {"type": "Feature", "properties": {"nb_detections_cluster": 3, "frp_max": 5.95, "frp_moyen": 5.95, "derniere_detection": "2026-07-26T13:16:00", "fetch_timestamp": "2026-07-27T12:38:00"}, "geometry": {"type": "Polygon", "coordinates": [[[-1.19518, 44.82023], [-1.18944, 44.82088], [-1.18862, 44.81731], [-1.19518, 44.82023]]]}}, {"type": "Feature", "properties": {"nb_detections_cluster": 1, "frp_max": 3.56, "frp_moyen": 3.56, "derniere_detection": "2026-07-26T13:16:00", "fetch_timestamp": "2026-07-27T12:38:00"}, "geometry": {"type": "Polygon", "coordinates": [[[-1.112496978753405, 44.84037413154857], [-1.112495677311598, 44.840064892887696], [-1.112536984186609, 44.839757052560266], [-1.112620500882079, 44.839453575188884], [-1.112745422437137, 44.83915738333072], [-1.112910545203565, 44.83887132933543], [-1.113114278460076, 44.838598167880825], [-1.113354659750998, 44.838340529450655], [-1.113629373800893, 44.83810089500977], [-1.113935774822375, 44.837881572119976], [-1.11427091200191, 44.83768467272659], [-1.114631557917913, 44.837512092828945], [-1.115014239617484, 44.83736549423055], [-1.115415272052683, 44.83724628854398], [-1.115830793554718, 44.83715562360445], [-1.116256803004994, 44.8370943724225], [-1.116689198345761, 44.837063124781835], [-1.117123816060345, 44.83706218156325], [-1.117556471243705, 44.83709155184892], [-1.117982997878407, 44.83715095283497], [-1.118399288929206, 44.837239812553186], [-1.118801335871086, 44.83735727537573], [-1.119185267271048, 44.83750221024996], [-1.119547386052965, 44.83767322158414], [-1.119884205087339, 44.837868662679675], [-1.12019248076379, 44.838086651580866], [-1.120469244223389, 44.83832508918942], [-1.120711829950203, 44.83858167947027], [-1.12091790144678, 44.83885395155405], [-1.121085473746026, 44.83913928352382], [-1.121212932542369, 44.83943492765745], [-1.121299049757324, 44.839738036882764], [-1.121342995388871, 44.84004569219092], [-1.121344345529654, 44.840354930744155], [-1.121303086475844, 44.840662774407775], [-1.121219614886055, 44.84096625843099], [-1.121094733987775, 44.84126246000097], [-1.120929645866803, 44.841548526394845], [-1.120725939913019, 44.841821702458326], [-1.12048557753287, 44.84207935714626], [-1.120210873275064, 44.84231900886905], [-1.119904472550678, 44.842538349400705], [-1.119569326161831, 44.842735266117984], [-1.119208661884018, 44.84290786235578], [-1.118825953375771, 44.843054475682635], [-1.118424886715274, 44.84317369391999], [-1.118009324886577, 44.8432643687503], [-1.117583270558007, 44.84332562678295], [-1.117150827511961, 44.843356877970926], [-1.116716161098399, 44.84335782129713], [-1.11628345809384, 44.84332844767527], [-1.115856886353456, 44.84326904003742], [-1.115440554645878, 44.84318017060739], [-1.115038473058544, 44.84306269538626], [-1.114654514355853, 44.84291774590315], [-1.114292376663162, 44.84274671831119], [-1.113955547836703, 44.84255125993375], [-1.113647271863154, 44.8423332533907], [-1.113370517612868, 44.842094798458255], [-1.113127950247863, 44.84183819183727], [-1.112921905559964, 44.84156590502502], [-1.112754367486014, 44.84128056050446], [-1.112626949016333, 44.840984906480045], [-1.112540876679672, 44.84068179040403], [-1.112496978753405, 44.84037413154857]]]}}, {"type": "Feature", "properties": {"nb_detections_cluster": 1, "frp_max": 1.89, "frp_moyen": 1.89, "derniere_detection": "2026-07-26T12:55:00", "fetch_timestamp": "2026-07-27T12:38:00"}, "geometry": {"type": "Polygon", "coordinates": [[[-1.145256811038293, 44.843725437291894], [-1.145255329184982, 44.84341619870398], [-1.145296459004055, 44.84310834587386], [-1.145379803704109, 44.84280484354472], [-1.145504559980382, 44.842508614514294], [-1.145669525775993, 44.8422225114904], [-1.145873111880903, 44.84194928962318], [-1.146113357256059, 44.8416915799783], [-1.146387947934398, 44.84145186420653], [-1.146694239316085, 44.841232450652974], [-1.147029281642892, 44.841035452136104], [-1.147389848406162, 44.84086276560981], [-1.147772467414775, 44.84071605390442], [-1.148173454224097, 44.84059672972165], [-1.148588947604382, 44.8405059420378], [-1.149014946707609, 44.84044456504527], [-1.149447349575523, 44.84041318973925], [-1.149881992618926, 44.840412118229786], [-1.150314690688925, 44.84044136083437], [-1.15074127735526, 44.840500635978515], [-1.151157645004843, 44.84058937290579], [-1.151559784375356, 44.84070671717071], [-1.151943823144134, 44.840851538862246], [-1.152306063201559, 44.84102244347857], [-1.152643016250747, 44.84121778534876], [-1.152951437391276, 44.84143568347265], [-1.153228356363894, 44.841674039626206], [-1.153471106155552, 44.84193055855885], [-1.15367734868927, 44.84220277008839], [-1.153845097351214, 44.84248805288121], [-1.153972736137698, 44.84278365968894], [-1.15405903523709, 44.84308674379901], [-1.154103162895872, 44.84339438644465], [-1.154104693453703, 44.843703624910304], [-1.154063611469161, 44.84401148106225], [-1.153980311895391, 44.844314990029716], [-1.153855596302977, 44.84461122875975], [-1.153690665185344, 44.84489734417188], [-1.153487106419876, 44.84517058063986], [-1.153246879994985, 44.84542830653688], [-1.152972299149485, 44.8456680395877], [-1.152666008105344, 44.845887470783104], [-1.152330956607815, 44.84608448662673], [-1.151970371517982, 44.846257189498765], [-1.151587725731245, 44.84640391594076], [-1.151186704721307, 44.84652325268465], [-1.150771171032219, 44.846614050271455], [-1.150345127061056, 44.84667543412819], [-1.149912676490315, 44.8467068129959], [-1.14947798474239, 44.846707884627634], [-1.149045238837859, 44.846678638701206], [-1.148618607045242, 44.84661935691878], [-1.148202198711799, 44.84653061029187], [-1.147800024663308, 44.84641325363871], [-1.147415958555088, 44.84626841734642], [-1.147053699547399, 44.846097496477945], [-1.146716736665371, 44.84590213732871], [-1.146408315187297, 44.845684221562955], [-1.146131405385402, 44.845445848082676], [-1.145888673920305, 44.84518931280429], [-1.145682458164713, 44.84491708653813], [-1.145514743703386, 44.84463179118418], [-1.145387145225702, 44.84433617447349], [-1.145300890994248, 44.84403308349921], [-1.145256811038293, 44.843725437291894]]]}}, {"type": "Feature", "properties": {"nb_detections_cluster": 2, "frp_max": 4.12, "frp_moyen": 3.18, "derniere_detection": "2026-07-26T13:16:00", "fetch_timestamp": "2026-07-27T12:38:00"}, "geometry": {"type": "Polygon", "coordinates": [[[-1.138036417346154, 44.84845514980522], [-1.138034975117678, 44.848145910647204], [-1.138076147970741, 44.84783806002103], [-1.138159538699406, 44.84753456264864], [-1.138284343555573, 44.84723834127996], [-1.138449360014479, 44.84695224854901], [-1.138652998378174, 44.84667903950676], [-1.138893297104368, 44.84642134509533], [-1.13916794171227, 44.84618164681876], [-1.139474287082773, 44.845962252853674], [-1.139809382937838, 44.84576527582987], [-1.14017000225345, 44.845592612494286], [-1.14055267233254, 44.84544592545389], [-1.140953708238813, 44.84532662717294], [-1.141369248269867, 44.845235866378246], [-1.141795291128575, 44.845174517003336], [-1.142227734435455, 44.84514316977744], [-1.142662414212, 44.845142126540246], [-1.143095144955676, 44.845171397337], [-1.143521759921648, 44.84523070032179], [-1.143938151224349, 44.845319464470066], [-1.144340309373698, 44.84543683507425], [-1.144724361866173, 44.84558168196968], [-1.145086610459947, 44.845752610411814], [-1.145423566775859, 44.84594797450034], [-1.14573198588192, 44.84616589302108], [-1.146008897538345, 44.84640426755359], [-1.146251634802399, 44.84666080267027], [-1.146457859717582, 44.846933028033085], [-1.146625585839566, 44.847218322175145], [-1.146753197381563, 44.84751393773873], [-1.146839464794149, 44.84781702792697], [-1.14688355662881, 44.84812467391448], [-1.146885047570072, 44.848433912953446], [-1.146843922557918, 44.84874176690465], [-1.146760576959783, 44.84904527091837], [-1.146635812789431, 44.84934150198945], [-1.146470831008088, 44.849627607111024], [-1.146267219981064, 44.849900830755935], [-1.146026940200118, 44.850158541420896], [-1.145752305417989, 44.85039825697728], [-1.145445960376179, 44.85061766858438], [-1.145110855340099, 44.85081466293444], [-1.144750217686586, 44.85098734261467], [-1.144367520817421, 44.85113404439], [-1.143966450698429, 44.85125335522993], [-1.143550870346786, 44.851344125924975], [-1.143124782609117, 44.85140548216118], [-1.142692291589579, 44.85143683294561], [-1.142257563100248, 44.85143787630183], [-1.141824784515663, 44.85140860218005], [-1.14139812441916, 44.851349292553934], [-1.140981692430646, 44.85126051870325], [-1.140579499603734, 44.851143135708455], [-1.140195419774586, 44.85099827421035], [-1.139833152235563, 44.85082732951469], [-1.139496186093881, 44.85063194814636], [-1.139187766659126, 44.8504140119836], [-1.138910864183716, 44.850175620124844], [-1.138668145257566, 44.84991906866351], [-1.138461947132458, 44.84964682856576], [-1.138294255223192, 44.849361521864736], [-1.138166684001784, 44.84906589640079], [-1.138080461468158, 44.848762799351256], [-1.138036417346154, 44.84845514980522]]]}}, {"type": "Feature", "properties": {"nb_detections_cluster": 1, "frp_max": 3.45, "frp_moyen": 3.45, "derniere_detection": "2026-07-26T12:55:00", "fetch_timestamp": "2026-07-27T12:38:00"}, "geometry": {"type": "Polygon", "coordinates": [[[-1.089944790287386, 44.86732323423443], [-1.08994361241689, 44.8670139926343], [-1.089985062746922, 44.86670615803715], [-1.090068741398991, 44.86640269501022], [-1.090193841852022, 44.866106525972405], [-1.090359158734571, 44.86582050305348], [-1.09056309945571, 44.865547380631845], [-1.090803699561722, 44.865289788815296], [-1.09107864166997, 44.86505020811963], [-1.091385277796999, 44.86483094558906], [-1.091720654865476, 44.8646341125876], [-1.092081543144075, 44.86446160447521], [-1.092464467346439, 44.8643150823641], [-1.092865740089896, 44.8641959571303], [-1.093281497392113, 44.864105375834335], [-1.093707735864395, 44.86404421068129], [-1.094140351244156, 44.864013050626525], [-1.09457517789637, 44.86401219570749], [-1.095008028904485, 44.864041654156104], [-1.095434736365755, 44.864101142319555], [-1.095851191503949, 44.86419008739024], [-1.096253384214138, 44.864307632918475], [-1.096637441659693, 44.864452647055195], [-1.096999665550646, 44.86462373344539], [-1.09733656774513, 44.864819244667785], [-1.097644903831636, 44.865037298091245], [-1.09792170436905, 44.865275793996204], [-1.098164303483844, 44.865532435786086], [-1.098370364549004, 44.86580475209546], [-1.098537902697194, 44.866090120581376], [-1.098665303950975, 44.86638579316994], [-1.098751340785246, 44.866688922514854], [-1.098795183971321, 44.86699658941332], [-1.098796410587713, 44.86730583091591], [-1.098755008119522, 44.867613668859285], [-1.098671374605936, 44.86791713854764], [-1.098546314833383, 44.86821331730608], [-1.098381032609981, 44.86849935263127], [-1.098177119194725, 44.86877248966803], [-1.097936537991981, 44.86903009774697], [-1.097661605657947, 44.86926969572726], [-1.097354969800459, 44.869488975900474], [-1.09701958348649, 44.86968582622464], [-1.096658676802667, 44.86985835067405], [-1.09627572574265, 44.870004887508706], [-1.095874418721234, 44.87012402528673], [-1.095458621038034, 44.870214616465546], [-1.095032337633568, 44.87027578846028], [-1.094599674497134, 44.87030695205264], [-1.094164799099025, 44.87030780706923], [-1.093731900229069, 44.87027834527439], [-1.093305147629316, 44.87021885044951], [-1.092888651810642, 44.87012989565818], [-1.092486424441308, 44.87001233772368], [-1.09210233968987, 44.869867308971834], [-1.091740096895648, 44.869696206319276], [-1.091403184926951, 44.869500677812276], [-1.091094848570905, 44.86928260674612], [-1.090818057278983, 44.869044093518475], [-1.090575476569412, 44.86878743539156], [-1.090369442361906, 44.86851510435867], [-1.090201938491676, 44.86822972332853], [-1.090074577618877, 44.867934040857094], [-1.08998858571679, 44.867630904670506], [-1.089944790287386, 44.86732323423443]]]}}, {"type": "Feature", "properties": {"nb_detections_cluster": 2, "frp_max": 6.24, "frp_moyen": 5.33, "derniere_detection": "2026-07-26T13:16:00", "fetch_timestamp": "2026-07-27T12:38:00"}, "geometry": {"type": "Polygon", "coordinates": [[[-1.171815090415837, 44.866566496943506], [-1.171813461704474, 44.86625725645263], [-1.171854462652485, 44.86594939153263], [-1.171937697708917, 44.86564586704329], [-1.172062364624232, 44.865349605995945], [-1.172227262201406, 44.86506346140685], [-1.172430801886643, 44.86479018882658], [-1.172671023087225, 44.86453241980929], [-1.17294561206825, 44.86429263657759], [-1.173251924245649, 44.864073148126266], [-1.173587009660445, 44.8638760679951], [-1.173947641388664, 44.86370329392398], [-1.174330346613313, 44.86355648958619], [-1.174731440059373, 44.863437068575486], [-1.175147059470191, 44.86334618080052], [-1.175573202784208, 44.86328470141752], [-1.176005766654685, 44.863253222407565], [-1.176440585942345, 44.86325204687925], [-1.176873473801532, 44.863281186151674], [-1.17730026197486, 44.86334035964532], [-1.177716840909327, 44.86342899758256], [-1.178119199308562, 44.863546246471095], [-1.17850346274127, 44.86369097731829], [-1.178865930934907, 44.863861796497105], [-1.179203113396171, 44.86405705915942], [-1.179511763015852, 44.864274885067815], [-1.179788907334797, 44.86451317669377], [-1.180031877170106, 44.86476963940813], [-1.180238332325878, 44.865041803570236], [-1.180406284140696, 44.86532704830274], [-1.180534114654334, 44.86562262672393], [-1.180620592208518, 44.86592569239477], [-1.18066488333077, 44.86623332672622], [-1.180666560786044, 44.86654256708296], [-1.180625607717646, 44.86685043531325], [-1.180542417836544, 44.867153966430116], [-1.18041779165621, 44.867450237167525], [-1.180252928808247, 44.86773639413683], [-1.180049416511828, 44.8680096813117], [-1.179809214307132, 44.8682674665771], [-1.179534635199064, 44.86850726708605], [-1.179228323392276, 44.86872677317977], [-1.178893228831505, 44.86892387064051], [-1.178532578792199, 44.86909666106244], [-1.178149846795034, 44.86924348014388], [-1.177748719143886, 44.86936291372447], [-1.177333059409887, 44.86945381141256], [-1.176906871204194, 44.86951529767096], [-1.176474259598707, 44.86954678025434], [-1.176039391567136, 44.86954795591678], [-1.175606455828335, 44.86951881333407], [-1.175179622479679, 44.86945963321289], [-1.17476300281023, 44.8693709855856], [-1.174360609681784, 44.86925372431685], [-1.173976318860257, 44.869108978875055], [-1.173613831670733, 44.86893814344811], [-1.173276639336513, 44.86874286350855], [-1.17296798934622, 44.86852501995775], [-1.172690854173251, 44.86828671100224], [-1.17244790264903, 44.86803023193709], [-1.172241474265774, 44.867758053031324], [-1.172073556656045, 44.867472795728915], [-1.171945766465588, 44.867177207394604], [-1.17185933380308, 44.866874134848366], [-1.171815090415837, 44.866566496943506]]]}}, {"type": "Feature", "properties": {"nb_detections_cluster": 2, "frp_max": 3.96, "frp_moyen": 3.61, "derniere_detection": "2026-07-26T12:55:00", "fetch_timestamp": "2026-07-27T12:38:00"}, "geometry": {"type": "Polygon", "coordinates": [[[-1.183025011272751, 44.875024437340514], [-1.183252257204956, 44.8751847674973], [-1.183529471252146, 44.87542305061212], [-1.183772505386299, 44.87567950602935], [-1.183979018792239, 44.87595166417857], [-1.184147022247475, 44.87623690424032], [-1.184274897294312, 44.87653247937798], [-1.184361411845406, 44.8768355431841], [-1.184405732071754, 44.87714317708762], [-1.184407430457771, 44.87745241845738], [-1.184366489944915, 44.877760289131935], [-1.184283304122953, 44.878063824100735], [-1.184158673465992, 44.878360100060725], [-1.183993797648482, 44.87864626357293], [-1.183790264014257, 44.87891955854808], [-1.183550032308784, 44.879177352796006], [-1.183275415820906, 44.879417163383174], [-1.182969059115146, 44.879636680553816], [-1.182633912568572, 44.87983378998348], [-1.182273203957271, 44.880006593151045], [-1.181890407366041, 44.88015342563207], [-1.181489209720925, 44.880272873137194], [-1.181073475267282, 44.88036378514054], [-1.180647208336047, 44.880425285967114], [-1.180214514757516, 44.88045678323123], [-1.179779562295097, 44.88045797354558], [-1.179346540481034, 44.880428845444804], [-1.17891962024193, 44.8803696794961], [-1.178502913703932, 44.88028104559531], [-1.178100434565688, 44.880163797474886], [-1.177716059421682, 44.88001906447658], [-1.177353490409274, 44.87984824066847], [-1.177016219539931, 44.879652971411176], [-1.176707495058735, 44.87943513750319], [-1.176430290156538, 44.87919683705819], [-1.176187274336308, 44.87894036528927], [-1.175980787709429, 44.87866819239523], [-1.175812818469286, 44.878382939762176], [-1.175684983758708, 44.87808735470986], [-1.175598514114939, 44.877784284026696], [-1.175554241641215, 44.87747664654805], [-1.17555259201802, 44.87716740504248], [-1.175593580429967, 44.876859537676644], [-1.175676811446551, 44.87655600933394], [-1.175794874472204, 44.87627544715733], [-1.175567645422217, 44.87611510168586], [-1.175290461749977, 44.875876798645386], [-1.175047465506733, 44.87562032465101], [-1.174840996615337, 44.87534814992297], [-1.174673043098407, 44.87506289586501], [-1.174545221947389, 44.874767309810586], [-1.174458763568998, 44.87446423855782], [-1.174414499958051, 44.8741566009475], [-1.174412856709753, 44.87384735974947], [-1.174453848947407, 44.873539493127396], [-1.174537081203746, 44.87323596595751], [-1.174661751256012, 44.87293970127695], [-1.174826657876782, 44.872653552136995], [-1.175030212424998, 44.87238027413204], [-1.175270454164662, 44.87212249886852], [-1.175545069162948, 44.871882708629144], [-1.175851412585144, 44.87166321247625], [-1.176186534171324, 44.87146612402377], [-1.176547206649151, 44.871293341091665], [-1.176929956809222, 44.87114652743863], [-1.177331098943827, 44.87102709674808], [-1.177746770327519, 44.87093619902189], [-1.178172968398344, 44.87087470951211], [-1.178605589282378, 44.87084322029728], [-1.179040467291452, 44.870842034584335], [-1.179473415014577, 44.87087116379036], [-1.179900263618042, 44.87093032743284], [-1.180316902967062, 44.87101895582896], [-1.180719321183625, 44.871136195578316], [-1.18110364326053, 44.871280917776275], [-1.181466168360602, 44.87145172887907], [-1.181803405442618, 44.87164698411639], [-1.182112106871421, 44.87186480332227], [-1.182389299688955, 44.872103089032755], [-1.182632314245262, 44.87235954667572], [-1.182838809913727, 44.87263170665928], [-1.183006797642707, 44.87291694814639], [-1.183134659126004, 44.873212524286586], [-1.183221162406957, 44.87351558866284], [-1.183265473765168, 44.87382322269854], [-1.183267165770534, 44.87413246376128], [-1.183226221426042, 44.874440333692554], [-1.183143034358451, 44.87474386748897], [-1.183025011272751, 44.875024437340514]]]}}, {"type": "Feature", "properties": {"nb_detections_cluster": 3, "frp_max": 7.17, "frp_moyen": 6.27, "derniere_detection": "2026-07-26T13:16:00", "fetch_timestamp": "2026-07-27T12:38:00"}, "geometry": {"type": "Polygon", "coordinates": [[[-1.163523832318265, 44.88221616737023], [-1.163522248825184, 44.88190692522814], [-1.163563306671237, 44.88159906184658], [-1.163646609757155, 44.88129554207046], [-1.163771355177933, 44.88099928886567], [-1.163936340980249, 44.880713155172884], [-1.164139977760477, 44.880439896437714], [-1.164380303990723, 44.88018214408093], [-1.164655004924573, 44.87994238016466], [-1.164961434899858, 44.87972291349769], [-1.165296642823288, 44.87952585740995], [-1.165657400591282, 44.879353109409806], [-1.166040234173298, 44.87920633291947], [-1.166441457058504, 44.87908694126458], [-1.166857205744057, 44.878996084071055], [-1.167283476923818, 44.87893463620067], [-1.167716166020049, 44.87890318933102], [-1.168151106687893, 44.878902046261324], [-1.16858411091313, 44.87893121799804], [-1.16901100931806, 44.87899042364911], [-1.1694276912884, 44.879079093127245], [-1.169830144535732, 44.87919637263645], [-1.170214493715498, 44.87934113288923], [-1.170577037729459, 44.8795119799754], [-1.170914285354142, 44.87970726877808], [-1.17122298885271, 44.879925118808146], [-1.171500175246983, 44.880163432304734], [-1.171743174948634, 44.880419914428124], [-1.171949647473851, 44.880692095350696], [-1.172117603993599, 44.88097735403365], [-1.172245426501964, 44.88127294346088], [-1.172331883417357, 44.88157601708737], [-1.172376141465649, 44.88188365624737], [-1.1723777737299, 44.88219289825901], [-1.172336763788238, 44.88250076495457], [-1.172253505898991, 44.88280429136181], [-1.172128801230285, 44.883100554260004], [-1.171963850169358, 44.88338670033594], [-1.17176024078475, 44.88365997366813], [-1.171519933551552, 44.883917742274875], [-1.171245242486133, 44.884157523469554], [-1.170938812871426, 44.884377007779385], [-1.170603595786861, 44.884574081196426], [-1.170242819688078, 44.884746845546346], [-1.16985995931006, 44.88489363677865], [-1.169458702193398, 44.885013041001166], [-1.169042913156425, 44.885103908104995], [-1.168616597055966, 44.88516536284753], [-1.168183860196035, 44.885196813287045], [-1.167748870757021, 44.885197956487175], [-1.167315818627396, 44.88516878143645], [-1.166888875025792, 44.88510956915426], [-1.166472152303381, 44.885020889982734], [-1.166069664314659, 44.88490359809038], [-1.165685287739275, 44.88475882324056], [-1.165322724728265, 44.88458795990444], [-1.164985467235151, 44.88439265382335], [-1.164676763376005, 44.88417478615042], [-1.164399586142866, 44.88393645532455], [-1.164156604772005, 44.88367995685136], [-1.16395015904279, 44.883407761186824], [-1.1637822367545, 44.88312248993626], [-1.163654454597554, 44.8828268905987], [-1.163568042602858, 44.88252381010009], [-1.163523832318265, 44.88221616737023]]]}}, {"type": "Feature", "properties": {"nb_detections_cluster": 7, "frp_max": 6.85, "frp_moyen": 5.66, "derniere_detection": "2026-07-26T13:16:00", "fetch_timestamp": "2026-07-27T12:38:00"}, "geometry": {"type": "Polygon", "coordinates": [[[-1.097219835672324, 44.93039352745946], [-1.097218616368348, 44.93008427990727], [-1.097260073379491, 44.92977643659067], [-1.097343806761346, 44.92947296216092], [-1.097469009464246, 44.9291767791468], [-1.097634475130636, 44.92889073981266], [-1.097838609735504, 44.928617598695034], [-1.098079446956938, 44.92835998608174], [-1.098354667128014, 44.92812038268891], [-1.098661619586938, 44.92790109577928], [-1.098997348209793, 44.927704236951634], [-1.09935861987976, 44.92753170181463], [-1.09974195561869, 44.92738515174071], [-1.100143664081354, 44.92726599787511], [-1.100559877090225, 44.92717538755411], [-1.10098658686913, 44.92711419326221], [-1.101419684617957, 44.927083004235385], [-1.101855000057719, 44.927082120790004], [-1.102288341566152, 44.927111551432695], [-1.102715536518297, 44.92717101277838], [-1.103132471444634, 44.927259932277735], [-1.103535131620999, 44.927377453727246], [-1.103919639710023, 44.92752244550975], [-1.104282293082785, 44.92769351148552], [-1.104619599462008, 44.927889004429886], [-1.104928310544107, 44.92810704188779], [-1.105205453276692, 44.92834552429337], [-1.105448358490538, 44.92860215518017], [-1.105654686610253, 44.928874463287734], [-1.10582245019586, 44.92915982635219], [-1.105950033097815, 44.92945549635192], [-1.106036206040411, 44.92975862596557], [-1.106080138482758, 44.930066295987814], [-1.106081406642261, 44.93037554343918], [-1.10603999760236, 44.930683390099155], [-1.105956309463956, 44.930986871187955], [-1.105831147538032, 44.931283063920944], [-1.10566571661511, 44.93156911566024], [-1.105461609385027, 44.93184227139262], [-1.105220791117701, 44.9320999002686], [-1.104945580751656, 44.9323395209471], [-1.104638628571887, 44.9325588255011], [-1.104302890691583, 44.93275570165374], [-1.103941600583321, 44.932928253130584], [-1.103558237933822, 44.933074817931285], [-1.103156495122476, 44.9331939843446], [-1.102740241646811, 44.93328460455212], [-1.10231348683811, 44.933345805689385], [-1.101880341226962, 44.93337699825733], [-1.101444976931673, 44.93337788180354], [-1.101011587451997, 44.93334844781748], [-1.1005843472564, 44.93328897981271], [-1.100167371553086, 44.93320005059452], [-1.099764676633255, 44.93308251673983], [-1.099380141169446, 44.932937510342605], [-1.099017468842576, 44.93276642810413], [-1.098680152658321, 44.93257091787411], [-1.098371441297068, 44.93235286277182], [-1.098094307821933, 44.932114363041244], [-1.097851421046381, 44.93185771581461], [-1.097645119837234, 44.931585392980274], [-1.097477390600309, 44.93130001736807], [-1.097349848165151, 44.93100433748184], [-1.097263720252349, 44.93070120102284], [-1.097219835672324, 44.93039352745946]]]}}, {"type": "Feature", "properties": {"nb_detections_cluster": 4, "frp_max": 15.95, "frp_moyen": 15.78, "derniere_detection": "2026-07-26T12:55:00", "fetch_timestamp": "2026-07-27T12:38:00"}, "geometry": {"type": "Polygon", "coordinates": [[[-1.08507, 44.9395], [-1.09005, 44.93864], [-1.08009, 44.94036], [-1.07895, 44.93704], [-1.08507, 44.9395]]]}}, {"type": "Feature", "properties": {"nb_detections_cluster": 2, "frp_max": 6.03, "frp_moyen": 6.03, "derniere_detection": "2026-07-26T12:55:00", "fetch_timestamp": "2026-07-27T12:38:00"}, "geometry": {"type": "Polygon", "coordinates": [[[-1.059676356758731, 44.95002615447389], [-1.059624917295763, 44.95007087532641], [-1.059317690844893, 44.95029005585349], [-1.058981687722435, 44.950486796128494], [-1.058620143956267, 44.950659201185616], [-1.058236541676894, 44.95080561043473], [-1.057834575572391, 44.95092461366276], [-1.057418117291609, 44.95101506462308], [-1.056991178139038, 44.9510760920814], [-1.056557870421319, 44.95110710821157], [-1.056122367818535, 44.95110781426062], [-1.055688865162864, 44.95107820342771], [-1.055261538013003, 44.95101856092986], [-1.054844502414677, 44.95092946125301], [-1.054441775235837, 44.95081176261604], [-1.05405723545944, 44.95066659869999], [-1.053694586807516, 44.95049536772335], [-1.053357322057164, 44.950299718968346], [-1.053048689392733, 44.950081536888426], [-1.052771661118641, 44.9498429229504], [-1.05252890503433, 44.94958617538635], [-1.052322758747078, 44.94931376705085], [-1.052155207169803, 44.949028321596984], [-1.052027863420197, 44.94873258820102], [-1.051941953304582, 44.948429415079275], [-1.051898303535151, 44.94812172205298], [-1.051897333793222, 44.94781247242485], [-1.051939052713998, 44.94750464443899], [-1.052023057830453, 44.94720120259874], [-1.052148539475865, 44.94690506911873], [-1.052314288606384, 44.946619095786026], [-1.052518708467333, 44.94634603650133], [-1.05275982999005, 44.94608852076419], [-1.053035330770207, 44.94584902835765], [-1.053342557444293, 44.94562986547554], [-1.053678551248352, 44.945433142522155], [-1.054040076512608, 44.94526075379766], [-1.054423651817572, 44.94511435926457], [-1.054825583511785, 44.944995368570375], [-1.05524200126876, 44.94490492748005], [-1.055668895341316, 44.94484390684861], [-1.056102155155209, 44.944812894239824], [-1.056537608871279, 44.944812188271335], [-1.056971063536031, 44.94484179574088], [-1.057398345435035, 44.944901431560744], [-1.057815340261529, 44.944990521501566], [-1.057963757664914, 44.945033896474015], [-1.058015193832216, 44.94498917645633], [-1.058322396332447, 44.94476999987047], [-1.058658367514315, 44.94457326191922], [-1.059019871925813, 44.94440085704716], [-1.059403428348188, 44.944254445372316], [-1.059805343311744, 44.94413543670724], [-1.060221746651042, 44.94404497698995], [-1.060648628757682, 44.94398393725484], [-1.061081879172605, 44.9439529052496], [-1.061517326147128, 44.943952179778705], [-1.061950776792661, 44.94398176782761], [-1.062378057433477, 44.944041384495605], [-1.062795053774943, 44.94413045573775], [-1.063197750501392, 44.94424812388942], [-1.063582269923253, 44.944393255920815], [-1.063944909302107, 44.944564454341666], [-1.064282176494946, 44.94476007065189], [-1.064590823574951, 44.94497822120841], [-1.064867878105392, 44.94521680535621], [-1.065110671765691, 44.94547352564888], [-1.065316866053953, 44.94574590996491], [-1.065484474818238, 44.946031335306344], [-1.065611883399207, 44.946327053051604], [-1.065697864199205, 44.946630215419326], [-1.065741588527114, 44.94693790288853], [-1.065742634604034, 44.947247152311455], [-1.065700991651754, 44.94755498544829], [-1.0656170600236, 44.94785843764929], [-1.065491647375376, 44.94815458640777], [-1.065325960912235, 44.948440579509096], [-1.065121595785216, 44.94871366250461], [-1.064880519748282, 44.94897120524516], [-1.064605054222919, 44.94921072721909], [-1.064297851952062, 44.94942992144988], [-1.063961871458135, 44.94962667672316], [-1.063600348551001, 44.94979909792867], [-1.063216765160187, 44.949945524320725], [-1.062814815791776, 44.950064545521194], [-1.062398371933365, 44.95015501511032], [-1.061971444750477, 44.95021606167433], [-1.06153814643443, 44.95024709720312], [-1.061102650574719, 44.950247822756815], [-1.060669151938563, 44.950218231346774], [-1.060241826045945, 44.95015860800283], [-1.059824788930497, 44.950069527026535], [-1.059676356758731, 44.95002615447389]]]}}, {"type": "Feature", "properties": {"nb_detections_cluster": 4, "frp_max": 12.52, "frp_moyen": 7.5, "derniere_detection": "2026-07-26T13:16:00", "fetch_timestamp": "2026-07-27T12:38:00"}, "geometry": {"type": "Polygon", "coordinates": [[[-1.018604058810488, 44.746850384286624], [-1.018603275497684, 44.746541154583014], [-1.018645027319665, 44.7462333592157], [-1.018728911497592, 44.74592996237365], [-1.018854119534322, 44.74563388583799], [-1.019019445025523, 44.745347980847264], [-1.019223295300385, 44.745075000643865], [-1.019463706778965, 44.74481757396574], [-1.01973836389754, 44.744578179738184], [-1.0200446214191, 44.74435912320957], [-1.020379529913771, 44.74416251376003], [-1.020739864163516, 44.74399024459676], [-1.021122154217612, 44.74384397453096], [-1.021522718799986, 44.74372511201163], [-1.021937700747066, 44.74363480156955], [-1.02236310413547, 44.74357391280175], [-1.022794832742653, 44.7435430320023], [-1.023228729470999, 44.743542456519684], [-1.02366061635664, 44.74357219189522], [-1.024086334778667, 44.743631951809526], [-1.024501785482581, 44.743721160838355], [-1.024902968033501, 44.74383895999028], [-1.025286019320162, 44.74398421497395], [-1.025647250739729, 44.744155527115176], [-1.025983183706048, 44.74435124681862], [-1.026290583139965, 44.74456948944551], [-1.026566488619566, 44.74480815345402], [-1.026808242890545, 44.74506494062853], [-1.027013517462162, 44.74533737820326], [-1.02718033504204, 44.745622842667125], [-1.027307088593425, 44.74591858502158], [-1.027392556830719, 44.74622175724797], [-1.027435916003418, 44.74652943973015], [-1.027436747854032, 44.74683866936809], [-1.027395043672472, 44.74714646811232], [-1.027311204406775, 44.74744987164405], [-1.027186036828137, 44.74774595792512], [-1.027020745786105, 44.748031875342456], [-1.026816922627629, 44.7483048701761], [-1.026576529890583, 44.74856231312592], [-1.026301882418465, 44.74880172464125], [-1.025995625077575, 44.7490207988094], [-1.025660707290847, 44.74921742557233], [-1.025300354633404, 44.74938971105753], [-1.024918037763365, 44.74953599582654], [-1.024517438987329, 44.749654870865335], [-1.024102416782907, 44.749745191162006], [-1.023676968620551, 44.74980608674081], [-1.023245192443444, 44.74983697104598], [-1.022811247177285, 44.74983754659423], [-1.022379312651226, 44.749807807841805], [-1.021953549316968, 44.749748041237794], [-1.021538058154963, 44.74965882246356], [-1.021136841154873, 44.74954101088505], [-1.020753762751825, 44.74939574127112], [-1.020392512590724, 44.749224412858226], [-1.02005656997795, 44.749028675866995], [-1.019749170363361, 44.748810415600566], [-1.01947327417582, 44.74857173427867], [-1.019231538312538, 44.74831493078221], [-1.019026290556865, 44.748042478504274], [-1.018859507170649, 44.74775700152094], [-1.018732793876605, 44.74746124931192], [-1.018647370413261, 44.74715807027449], [-1.018604058810488, 44.746850384286624]]]}}, {"type": "Feature", "properties": {"nb_detections_cluster": 8, "frp_max": 222.37, "frp_moyen": 95.23, "derniere_detection": "2026-07-27T12:38:00", "fetch_timestamp": "2026-07-27T12:38:00"}, "geometry": {"type": "Polygon", "coordinates": [[[-0.9848, 44.7621], [-0.99244, 44.76073], [-0.99356, 44.76405], [-0.98562, 44.7657], [-0.97818, 44.75917], [-0.98124, 44.75686], [-0.9848, 44.7621]]]}}, {"type": "Feature", "properties": {"nb_detections_cluster": 3, "frp_max": 8.97, "frp_moyen": 8.52, "derniere_detection": "2026-07-26T13:16:00", "fetch_timestamp": "2026-07-27T12:38:00"}, "geometry": {"type": "Polygon", "coordinates": [[[-0.949662958280716, 44.75838763730647], [-0.94966255373502, 44.75807840597644], [-0.949704691268738, 44.75777063545292], [-0.949788964388374, 44.7574672896852], [-0.94991456085126, 44.757171289962095], [-0.950080270512745, 44.756885486782046], [-0.950284497002906, 44.756612632406664], [-0.950525273119496, 44.75635535436179], [-0.950800279788143, 44.75611613014117], [-0.951106868406617, 44.755897263355806], [-0.951442086357622, 44.75570086155852], [-0.951802705444138, 44.75552881595674], [-0.952185252973551, 44.75538278320885], [-0.952586045191329, 44.75526416947855], [-0.953001222742717, 44.755174116901], [-0.953426787821476, 44.755113492590205], [-0.953858642648626, 44.755082880293784], [-0.95429262891151, 44.755082574774804], [-0.954724567784281, 44.755112578975094], [-0.955150300145414, 44.75517260398687], [-0.95556572660597, 44.7552620718332], [-0.955966846964107, 44.75538012103047], [-0.956349798706856, 44.75552561487964], [-0.956710894189188, 44.75569715240628], [-0.957046656133086, 44.755893081844704], [-0.957353851105296, 44.75611151653632], [-0.957629520651759, 44.756350353089665], [-0.957871009789087, 44.75660729162734], [-0.958075992578677, 44.75687985792564], [-0.958242494537003, 44.75716542723361], [-0.958368911665848, 44.757461249542644], [-0.958454025918632, 44.75776447606377], [-0.958497016953173, 44.75807218665749], [-0.958497470056836, 44.75838141795266], [-0.958455380166778, 44.75868919188338], [-0.958371151945576, 44.7589925443694], [-0.958245595910474, 44.75928855386374], [-0.958079920652509, 44.759574369492455], [-0.957875721219493, 44.759847238515555], [-0.957634963773885, 44.76010453284425], [-0.95735996667254, 44.760343774359065], [-0.957053378150021, 44.76056265878435], [-0.956718150819938, 44.76075907788943], [-0.956357513239743, 44.76093113980171], [-0.955974938812754, 44.76107718723603], [-0.95557411232716, 44.7611958134643], [-0.955158894454605, 44.76128587587106], [-0.954733284550855, 44.76134650696457], [-0.954301382117484, 44.76137712273657], [-0.953867347296632, 44.761377428290416], [-0.9534353607802, 44.76134742068292], [-0.953009583520634, 44.76128738895283], [-0.952594116632294, 44.76119791133527], [-0.952192961870637, 44.76107984968933], [-0.951809983070743, 44.76093434119246], [-0.95144886891743, 44.760762787382006], [-0.951113097406231, 44.760566840649396], [-0.950805902338065, 44.760348388317816], [-0.950530242170679, 44.76010953445671], [-0.950288771527031, 44.75985257960852], [-0.950083815635018, 44.75957999862378], [-0.949917347944509, 44.75929441681785], [-0.949790971136828, 44.7589985846796], [-0.949705901709037, 44.758695351375756], [-0.949662958280716, 44.75838763730647]]]}}, {"type": "Feature", "properties": {"nb_detections_cluster": 2, "frp_max": 32.32, "frp_moyen": 32.32, "derniere_detection": "2026-07-26T12:55:00", "fetch_timestamp": "2026-07-27T12:38:00"}, "geometry": {"type": "Polygon", "coordinates": [[[-0.972058426633065, 44.77037217062298], [-0.972011104343139, 44.770413348156644], [-0.971704517953773, 44.770632273876004], [-0.971369281778514, 44.77082873798238], [-0.97100862445979, 44.77100084816974], [-0.970626019590864, 44.771146946688006], [-0.970225152253021, 44.77126562631701], [-0.969809883511331, 44.771355743926996], [-0.969384213211517, 44.771416431494494], [-0.968952241436934, 44.771447104467285], [-0.968518128997707, 44.77144746739771], [-0.968086057333497, 44.771417516789974], [-0.967660188217065, 44.77135754113377], [-0.967244623647731, 44.77126811812413], [-0.966843366322028, 44.77115010909412], [-0.966460281063143, 44.77100465071448], [-0.966099057581508, 44.77083314403977], [-0.965763174925885, 44.77063724100749], [-0.965455867967876, 44.770418828519965], [-0.965180096243049, 44.770180010262884], [-0.964938515448927, 44.76992308643585], [-0.964733451874363, 44.76965053159068], [-0.964566880006341, 44.76936497079105], [-0.964440403529484, 44.76906915432358], [-0.964355239900655, 44.76876593120421], [-0.964312208646513, 44.76845822173503], [-0.964311723495827, 44.768148989376584], [-0.964353788421407, 44.76784121220608], [-0.964437997628717, 44.76753785423695], [-0.964563539490272, 44.7672418368756], [-0.964729204386906, 44.766956010790395], [-0.964933396379447, 44.766683128463576], [-0.965174148597525, 44.76642581769028], [-0.965449142196584, 44.76618655627944], [-0.965755728699963, 44.76596764820027], [-0.966090955510472, 44.76577120140322], [-0.966451594345565, 44.7655991075291], [-0.96683417232229, 44.76545302370111], [-0.967235005392819, 44.76533435657489], [-0.967650233808951, 44.7652442487997], [-0.968075859274656, 44.76518356802108], [-0.968507783429527, 44.76515289853033], [-0.968941847293438, 44.76515253564131], [-0.96937387129345, 44.76518248284822], [-0.96979969548851, 44.76524245179207], [-0.970215219605601, 44.765331865035776], [-0.970371685796523, 44.76537788077704], [-0.970419005050498, 44.76533670401539], [-0.970725567581586, 44.765117782254734], [-0.971060771971525, 44.764921320485364], [-0.971421390153604, 44.76474921049227], [-0.971803949443679, 44.76460310955389], [-0.972204765973798, 44.764484424490576], [-0.972619980154981, 44.764394298124365], [-0.973045593828218, 44.76433359827978], [-0.973477508746617, 44.764302909431734], [-0.973911566018967, 44.764302527080446], [-0.974343586135788, 44.76433245490755], [-0.97476940919342, 44.76439240474063], [-0.975184934929814, 44.76448179932667], [-0.975586162187431, 44.76459977788744], [-0.975969227424208, 44.76474520440414], [-0.976330441902523, 44.7649166785507], [-0.97666632719877, 44.76511254917179], [-0.976973648692133, 44.765330930175224], [-0.977249446710432, 44.765569718686564], [-0.97749106503332, 44.765826615291154], [-0.977696176478305, 44.76609914616917], [-0.977862805322998, 44.76638468691082], [-0.977989346347282, 44.766680487782736], [-0.978074580311399, 44.766983700202466], [-0.978117685720207, 44.76729140416647], [-0.978118246759425, 44.767600636367526], [-0.978076257326505, 44.76790841873119], [-0.977992121116273, 44.7682117870961], [-0.977866647759516, 44.768507819762476], [-0.977701045050646, 44.76879366563328], [-0.977496907338384, 44.76906657167742], [-0.977256200190364, 44.7693239094496], [-0.976981241478642, 44.769563200412], [-0.97667467906768, 44.76978213981283], [-0.976339465319274, 44.76997861889194], [-0.975978828659776, 44.7701507451991], [-0.975596242483405, 44.770296860828985], [-0.975195391691341, 44.7704155583966], [-0.974780137189229, 44.77050569459945], [-0.974354478685591, 44.770566401234944], [-0.973922516150126, 44.770597093567204], [-0.973488410303943, 44.77059747596211], [-0.973056342523187, 44.770567544736366], [-0.972630474543213, 44.77050758819299], [-0.972214908352415, 44.77041818384291], [-0.972058426633065, 44.77037217062298]]]}}, {"type": "Feature", "properties": {"nb_detections_cluster": 2, "frp_max": 12.3, "frp_moyen": 12.3, "derniere_detection": "2026-07-26T13:16:00", "fetch_timestamp": "2026-07-27T12:38:00"}, "geometry": {"type": "Polygon", "coordinates": [[[-0.961273101708089, 44.77401492347733], [-0.961394746075161, 44.77410138390525], [-0.961670520953638, 44.77434021190385], [-0.961912105791816, 44.774597143246126], [-0.962117173729338, 44.774869703777654], [-0.962283749462467, 44.775155268803005], [-0.962410228282229, 44.775451088354906], [-0.962495391547596, 44.775754313670895], [-0.962538418443984, 44.77606202462319], [-0.962538893912963, 44.776371257837134], [-0.962496812675851, 44.776679035228405], [-0.962412579311444, 44.776982392683486], [-0.962287004386074, 44.777278408607515], [-0.962121296672289, 44.77756423206468], [-0.961917051530102, 44.77783711023956], [-0.961676235561866, 44.778094414955305], [-0.961401167687805, 44.778333667992364], [-0.9610944968239, 44.77855256496414], [-0.960759176376686, 44.778748997519095], [-0.960398435800394, 44.778921073655134], [-0.960015749490361, 44.77906713595008], [-0.959614803312453, 44.77918577753268], [-0.959199459091288, 44.77927585563961], [-0.958773717399764, 44.779336502627906], [-0.958341679009033, 44.779367134336205], [-0.957907505370998, 44.77936745571432], [-0.957475378514899, 44.77933746366668], [-0.957049460745179, 44.779277447082166], [-0.956633854529829, 44.779187984050004], [-0.956232562966514, 44.77906993628879], [-0.955849451208155, 44.778924440842275], [-0.955488209220343, 44.77875289912207], [-0.955152316229967, 44.7785569634032], [-0.954845007208012, 44.7783385209028], [-0.954569241709734, 44.77809967559557], [-0.954327675372472, 44.77784272794167], [-0.954122634345597, 44.77757015272229], [-0.953956092898688, 44.77728457519734], [-0.953829654423118, 44.77698874581447], [-0.953744536009512, 44.7766855137139], [-0.953701556748824, 44.776377799284184], [-0.953701129868871, 44.776068566033565], [-0.953743258781086, 44.775760792047805], [-0.953827537074547, 44.775457441309555], [-0.953953152456323, 44.77516143515553], [-0.954118894599149, 44.77487562414611], [-0.954156821124892, 44.774824962733256], [-0.954035186319743, 44.77473849434172], [-0.953759441911231, 44.77449964731704], [-0.953517894735224, 44.77424269821807], [-0.953312870756586, 44.77397012183998], [-0.953146344080745, 44.77368454345378], [-0.953019917956877, 44.77338871351544], [-0.952934809356716, 44.7730854811705], [-0.952891837276788, 44.77277776680991], [-0.952891414875839, 44.77246853394119], [-0.952933545522255, 44.772160760646436], [-0.953017822788506, 44.77185741090166], [-0.953143434391639, 44.771561406033975], [-0.953309170040864, 44.77127559659139], [-0.953513433115687, 44.7710027348958], [-0.953754256061285, 44.770745448543614], [-0.954029319352106, 44.77050621510856], [-0.954335973840492, 44.770287338290395], [-0.954671266274724, 44.770090925738515], [-0.955031967740483, 44.769918868763945], [-0.95541460475188, 44.76977282413456], [-0.955815492692771, 44.7696541981285], [-0.956230771286753, 44.76956413299908], [-0.956656441754751, 44.7695034959812], [-0.95708840530314, 44.76947287094483], [-0.957522502572557, 44.76947255277571], [-0.957954553668459, 44.76950254453749], [-0.958380398388912, 44.769562557442136], [-0.958795936263249, 44.769652013629276], [-0.959197166016982, 44.769770051727605], [-0.959580224083896, 44.76991553514493], [-0.959941421795249, 44.77008706300731], [-0.960277280888694, 44.77028298364211], [-0.960584566995498, 44.770501410475546], [-0.960860320783988, 44.77074024019178], [-0.961101886459462, 44.770997172979335], [-0.961306937346133, 44.77126973466987], [-0.961473498304511, 44.771555300556805], [-0.961599964767964, 44.77185112066453], [-0.961685118214526, 44.772154346225264], [-0.961728137924253, 44.7724620571088], [-0.961728608908011, 44.772771289941204], [-0.961686525930403, 44.77307906664182], [-0.961602293587075, 44.77338242310371], [-0.961476722434618, 44.77367843774164], [-0.961311021209323, 44.77396425963217], [-0.961273101708089, 44.77401492347733]]]}}, {"type": "Feature", "properties": {"nb_detections_cluster": 6, "frp_max": 12.77, "frp_moyen": 8.47, "derniere_detection": "2026-07-26T13:16:00", "fetch_timestamp": "2026-07-27T12:38:00"}, "geometry": {"type": "Polygon", "coordinates": [[[-0.977001832019965, 44.77370872778385], [-0.977001277057752, 44.77339949492174], [-0.977043276472325, 44.7730917123789], [-0.977127425099885, 44.77278834422054], [-0.977252911896153, 44.77249231195126], [-0.977418527772043, 44.77220646638309], [-0.977622677260227, 44.771933560185964], [-0.977863393899414, 44.77167622138491], [-0.978138359187439, 44.771436928058854], [-0.978444924920041, 44.771217984484345], [-0.978780138699839, 44.771021498953694], [-0.979140772369587, 44.770849363480735], [-0.97952335309592, 44.770703235589245], [-0.979924196804411, 44.77058452235915], [-0.980339443644348, 44.77049436688367], [-0.980765095142247, 44.770433637267644], [-0.981197052687035, 44.770402918272666], [-0.981631156977103, 44.77040250568922], [-0.982063228050318, 44.77043240349006], [-0.982489105512459, 44.77049232379188], [-0.982904688577722, 44.77058168962598], [-0.983305975536662, 44.7706996404911], [-0.983689102272464, 44.77084504063501], [-0.984050379455435, 44.77101648998567], [-0.984386328058273, 44.771212337626494], [-0.98469371285065, 44.771430697686625], [-0.984969573550917, 44.771669467493304], [-0.985211253335173, 44.77192634781205], [-0.985416424429085, 44.77219886497985], [-0.985583110535846, 44.77248439471905], [-0.985709705883861, 44.77278018740222], [-0.985794990710157, 44.77308339452582], [-0.985838143029672, 44.7733910961374], [-0.985838746576231, 44.77370032895243], [-0.985796794837763, 44.77400811489056], [-0.985712691145902, 44.7743114897561], [-0.98558724481807, 44.77460753178667], [-0.985421663388177, 44.77489338979514], [-0.985217540999812, 44.775166310633516], [-0.984976843072831, 44.77542366571408], [-0.984701887390303, 44.77566297633233], [-0.984395321787352, 44.77588193754714], [-0.984060098656379, 44.77607844038833], [-0.983699446513989, 44.77625059217684], [-0.983316838903442, 44.77639673476189], [-0.982915960932309, 44.77651546049886], [-0.982500673767996, 44.7766056258139], [-0.98207497743363, 44.77666636222408], [-0.981642972263325, 44.7766970847067], [-0.98120881938891, 44.776697497337196], [-0.98077670063959, 44.77666759614108], [-0.980350778241752, 44.7766076691321], [-0.97993515470805, 44.77651829353668], [-0.979533833303113, 44.77640033023128], [-0.979150679467493, 44.77625491544613], [-0.978789383572315, 44.77608344981596], [-0.978453425363981, 44.775887584882945], [-0.978146040441954, 44.7756692071825], [-0.977870189092862, 44.77543042006527], [-0.977628527781248, 44.775173523430986], [-0.97742338357155, 44.774900991569616], [-0.977256731727432, 44.774615449323555], [-0.977130176703792, 44.774319646800805], [-0.977044936713964, 44.774016432883045], [-0.977001832019965, 44.77370872778385]]]}}, {"type": "Feature", "properties": {"nb_detections_cluster": 4, "frp_max": 6.6, "frp_moyen": 5.58, "derniere_detection": "2026-07-26T13:16:00", "fetch_timestamp": "2026-07-27T12:38:00"}, "geometry": {"type": "Polygon", "coordinates": [[[-0.968206501826289, 44.841168380938214], [-0.968205994611558, 44.840859141021475], [-0.968248092644846, 44.84055135483134], [-0.968332389810982, 44.84024798646812], [-0.968458073633684, 44.83995195743835], [-0.968623933125081, 44.83966611852274], [-0.968828370470611, 44.83939322232715], [-0.969069416435953, 44.8391358967802], [-0.969344749346848, 44.838896619833136], [-0.969651717458448, 44.83867769560473], [-0.969987364498392, 44.83848123220096], [-0.97034845813738, 44.838309121422554], [-0.970731521113073, 44.83816302055546], [-0.971132864707784, 44.83804433641932], [-0.971548624257915, 44.83795421182725], [-0.97197479635379, 44.83789351458664], [-0.972407277372298, 44.83786282914737], [-0.972841902972175, 44.837862450976786], [-0.973274488172467, 44.8378923837163], [-0.97370086762925, 44.837952339146184], [-0.974116935723734, 44.8380417399595], [-0.974518686076687, 44.83815972531817], [-0.97490225010964, 44.83830515913786], [-0.975263934282298, 44.838476641022226], [-0.975600255648329, 44.83867251974146], [-0.975907975387671, 44.838890909125396], [-0.976184129992801, 44.83912970621892], [-0.976426059808879, 44.839386611524745], [-0.976631434652843, 44.83965915113931], [-0.976798276264602, 44.839944700568644], [-0.97692497737367, 44.84024050999578], [-0.977010317197051, 44.840543730755876], [-0.977053473218423, 44.84085144276504], [-0.977054029134278, 44.841160682638645], [-0.977011978889575, 44.84146847222826], [-0.976927726762997, 44.84177184730298], [-0.97680208349998, 44.842067886098334], [-0.97663625852971, 44.84235373745833], [-0.97643184834012, 44.842626648298875], [-0.976190821121943, 44.84288399012855], [-0.975915497828999, 44.84312328437037], [-0.975608529836521, 44.84334222624094], [-0.97527287341229, 44.84353870695628], [-0.974911761246242, 44.843710834050455], [-0.974528671312697, 44.843856949610455], [-0.974127293365323, 44.843975646252], [-0.973711493387866, 44.844065780681404], [-0.973285276343606, 44.84412648471324], [-0.97285274758299, 44.84415717363666], [-0.972418073281989, 44.84415755185041], [-0.97198544029311, 44.84412761571139], [-0.971559015796768, 44.84406765357002], [-0.971142907142602, 44.843978242991106], [-0.970741122268521, 44.84386024518806], [-0.970357531079627, 44.84371479672342], [-0.969995828159803, 44.84354329855632], [-0.969659497175822, 44.84334740254234], [-0.969351777317361, 44.84312899551624], [-0.969075632096516, 44.8428901811111], [-0.9688337208075, 44.84263325948953], [-0.968628372921385, 44.84236070518208], [-0.968461565662291, 44.84207514324733], [-0.968334904980548, 44.84177932398285], [-0.968249610105554, 44.84147609643152], [-0.968206501826289, 44.841168380938214]]]}}, {"type": "Feature", "properties": {"nb_detections_cluster": 1, "frp_max": 8.56, "frp_moyen": 8.56, "derniere_detection": "2026-07-26T13:16:00", "fetch_timestamp": "2026-07-27T12:38:00"}, "geometry": {"type": "Polygon", "coordinates": [[[-0.982266306859686, 44.84414894147016], [-0.982265722221765, 44.84383970132229], [-0.982307745456358, 44.84353190950505], [-0.982391971168524, 44.843228530173015], [-0.982517587569959, 44.842932484938416], [-0.982683384321896, 44.84264662473813], [-0.982887764213757, 44.842373702383014], [-0.983128758564286, 44.84211634605375], [-0.98340404619604, 44.84187703399801], [-0.983710975799975, 44.84165807067269], [-0.984046591474334, 44.84146156456033], [-0.98440766119165, 44.84128940787292], [-0.984790707919762, 44.84114325833849], [-0.985192043097287, 44.841024523245366], [-0.985607802141568, 44.840934345897324], [-0.986033981647719, 44.84087359460975], [-0.986466477921239, 44.84084285435289], [-0.986901126473975, 44.84084242112203], [-0.987333742103995, 44.840872299088645], [-0.987760159174443, 44.84093220056048], [-0.988176271704451, 44.84102154875013], [-0.988578072887051, 44.84113948332625], [-0.988961693654484, 44.841284868693485], [-0.98932343992032, 44.841456304922104], [-0.989659828140496, 44.84165214122193], [-0.989967618851364, 44.84187049183129], [-0.990243847862161, 44.842109254168506], [-0.990485854801706, 44.84236612907104], [-0.990691308744402, 44.842638642928144], [-0.99085823066856, 44.842924171494], [-0.990985012530365, 44.843219965152585], [-0.991070432769208, 44.843523175391006], [-0.991113668094346, 44.843830882226804], [-0.991114301438513, 44.844140122325214], [-0.991072326000914, 44.8444479175358], [-0.990988145339681, 44.84475130357357], [-0.990862569511832, 44.84504735856856], [-0.990696807296917, 44.84533323120883], [-0.990492454578273, 44.84560616820544], [-0.990251478992908, 44.8458635408151], [-0.989976200997128, 44.846102870164444], [-0.989669271529671, 44.846321851131975], [-0.989333646487051, 44.84651837455723], [-0.988972558256752, 44.84669054756285], [-0.988589484582376, 44.84683671179372], [-0.988188115060839, 44.84695545939674], [-0.987772315594618, 44.8470456465874], [-0.987346091141992, 44.847106404672054], [-0.986913547124727, 44.847137148419186], [-0.986478849865746, 44.84713758169949], [-0.986046186438729, 44.847107700339535], [-0.985619724317349, 44.847047792161995], [-0.985203571213755, 44.846958434211935], [-0.984801735494133, 44.846840487195834], [-0.984418087553481, 44.84669508718708], [-0.984056322522483, 44.84652363467808], [-0.983719924666334, 44.84632778108469], [-0.983412133818988, 44.84610941283308], [-0.983135914176452, 44.84587063318297], [-0.982893925749892, 44.84561374196222], [-0.982688498753458, 44.84534121340869], [-0.982521611173312, 44.845055672332926], [-0.982394869733448, 44.84475986883174], [-0.982309494441081, 44.84445665179626], [-0.982266306859686, 44.84414894147016]]]}}, {"type": "Feature", "properties": {"nb_detections_cluster": 1, "frp_max": 9.77, "frp_moyen": 9.77, "derniere_detection": "2026-07-26T13:16:00", "fetch_timestamp": "2026-07-27T12:38:00"}, "geometry": {"type": "Polygon", "coordinates": [[[-0.960515471298777, 44.85397807507624], [-0.960515006313294, 44.85366883384108], [-0.960557156092834, 44.853361049290655], [-0.96064151402359, 44.853057685509434], [-0.960767267043843, 44.85276166395977], [-0.960933203499119, 44.85247583535029], [-0.961137724833524, 44.85220295218757], [-0.961378861003811, 44.85194564227469], [-0.961654289467001, 44.8517063834123], [-0.961961357558098, 44.85148747954501], [-0.962297108042019, 44.85129103858266], [-0.962658307593436, 44.851118952109886], [-0.963041477930267, 44.85097287717857], [-0.963442929301164, 44.85085422035863], [-0.963858796004914, 44.85076412420009], [-0.964285073600229, 44.8507034562366], [-0.964717657448333, 44.8506728006361], [-0.965152382217995, 44.85067245257862], [-0.965585061973524, 44.850702415415626], [-0.966011530460664, 44.85076240063756], [-0.966427681203453, 44.85085183065067], [-0.966829507026909, 44.850969844335644], [-0.967213138625867, 44.851115305335455], [-0.967574881809401, 44.85128681299199], [-0.967911253062867, 44.85148271582726], [-0.96821901308569, 44.851701127438886], [-0.968495197982261, 44.8519399446577], [-0.968737147805818, 44.85219686779258], [-0.968942532180372, 44.85246942276823], [-0.969109372753753, 44.85275498494275], [-0.969236062265153, 44.85305080437638], [-0.969321380042928, 44.85335403230787], [-0.969364503782718, 44.85366174858425], [-0.969365017491564, 44.8539709897797], [-0.969322915520582, 44.85427877773306], [-0.969238602646318, 44.85458214822907], [-0.969112890199, 44.8548781795474], [-0.968946988273904, 44.85516402060392], [-0.96874249409995, 44.8554369184138], [-0.968501376676622, 44.855694244611044], [-0.968225957826465, 44.855933520769206], [-0.967918889845054, 44.85615244227905], [-0.967583129963254, 44.85634890055265], [-0.967221911867548, 44.8565210033402], [-0.966838714552666, 44.85666709296279], [-0.966437228806705, 44.856785762285966], [-0.966021321651898, 44.85687586827919], [-0.965594999084037, 44.85693654303088], [-0.965162367470173, 44.85696720211222], [-0.964727593977147, 44.85696755020942], [-0.964294866413061, 44.85693758396948], [-0.963868352869429, 44.856877592032724], [-0.963452161553705, 44.856788152251], [-0.963050301200069, 44.85667012611893], [-0.962666642440661, 44.85652465047198], [-0.962304880510167, 44.85635312653107], [-0.961968499643667, 44.85615720640003], [-0.96166073951116, 44.85593877714587], [-0.961384564012468, 44.85569994261578], [-0.961142632733201, 44.85544300316614], [-0.960937275336698, 44.85517043349922], [-0.960770469138379, 44.85488485882144], [-0.960643820078039, 44.85458902955314], [-0.960558547272807, 44.854285794833444], [-0.960515471298777, 44.85397807507624]]]}}, {"type": "Feature", "properties": {"nb_detections_cluster": 9, "frp_max": 56.96, "frp_moyen": 24.87, "derniere_detection": "2026-07-27T02:53:00", "fetch_timestamp": "2026-07-27T12:38:00"}, "geometry": {"type": "Polygon", "coordinates": [[[-0.94691, 44.85671], [-0.95322, 44.85515], [-0.95003, 44.86029], [-0.94148, 44.85648], [-0.9348, 44.85353], [-0.94067, 44.85287], [-0.94069, 44.85514], [-0.94691, 44.85671]]]}}, {"type": "Feature", "properties": {"nb_detections_cluster": 2, "frp_max": 5.64, "frp_moyen": 5.15, "derniere_detection": "2026-07-26T13:16:00", "fetch_timestamp": "2026-07-27T12:38:00"}, "geometry": {"type": "Polygon", "coordinates": [[[-0.996365601740538, 44.853609503916125], [-0.996364939377428, 44.85330026289975], [-0.996406892427206, 44.852992464805624], [-0.996491056170574, 44.852689073848865], [-0.996616619415704, 44.85239301175372], [-0.996782372335417, 44.85210712961956], [-0.996986718140924, 44.851834180468515], [-0.997227688478895, 44.851576792739365], [-0.997502962402821, 44.851337444982214], [-0.99780988873538, 44.85111844199783], [-0.998145511606065, 44.850921892650646], [-0.998506598917909, 44.85074968956901], [-0.998889673469163, 44.850603490927746], [-0.999291046430412, 44.850484704488025], [-0.999706852855111, 44.850394474048045], [-1.000133088882133, 44.85033366843443], [-1.00056565027277, 44.850302873140585], [-1.001000371911934, 44.850302384691645], [-1.001433067894074, 44.85033220779085], [-1.001859571808773, 44.850392055274206], [-1.002275776839119, 44.85048135087421], [-1.002677675287654, 44.85059923476589], [-1.003061397150236, 44.85074457184196], [-1.003423247367176, 44.85091596263767], [-1.003759741393623, 44.85111175680038], [-1.004067638747253, 44.851330068974235], [-1.004343974210525, 44.8515687969477], [-1.004586086387262, 44.85182564188918], [-1.004791643338519, 44.85209813047651], [-1.004958665050653, 44.8523836387073], [-1.005085542518852, 44.852679417161426], [-1.005171053261705, 44.85298261747252], [-1.005214373116748, 44.85329031975377], [-1.005215084202461, 44.85359956071439], [-1.005173178969122, 44.853907362195734], [-1.005089060298474, 44.854210759852485], [-1.004963537650223, 44.854506831702906], [-1.004797819291434, 44.854792726272784], [-1.004593500682739, 44.85506569006203], [-1.004352549132309, 44.85532309406938], [-1.004077284864658, 44.85556245911912], [-1.003770358686024, 44.85578147974597], [-1.003434726460998, 44.855978046407515], [-1.003073620646029, 44.85615026581001], [-1.002690519153932, 44.8562964791514], [-1.002289111849441, 44.85641527810564], [-1.001873264998894, 44.856505518393604], [-1.001446984016962, 44.856566330810196], [-1.001014374869942, 44.85659712960058], [-1.000579604508176, 44.85659761810526], [-1.000146860709595, 44.85656779161884], [-0.999720311722177, 44.8565079374355], [-0.999304066094951, 44.8564186320802], [-0.998902133085492, 44.856300735752825], [-0.998518384026099, 44.85615538403856], [-0.99815651502162, 44.85598397696465], [-0.997820011338896, 44.85578816550933], [-0.997512113831343, 44.85556983569301], [-0.997235787722411, 44.8553310904052], [-0.996993694048799, 44.85507422914286], [-0.996788164038387, 44.854801725855395], [-0.996621176669492, 44.85451620511007], [-0.996494339627142, 44.854220416807976], [-0.996408873839199, 44.853917209693925], [-0.996365601740538, 44.853609503916125]]]}}, {"type": "Feature", "properties": {"nb_detections_cluster": 5, "frp_max": 69.33, "frp_moyen": 29.13, "derniere_detection": "2026-07-27T01:32:00", "fetch_timestamp": "2026-07-27T12:38:00"}, "geometry": {"type": "Polygon", "coordinates": [[[-0.98004, 44.87758], [-0.98308, 44.88131], [-0.96976, 44.87544], [-0.96895, 44.87184], [-0.97561, 44.87477], [-0.98004, 44.87758]]]}}, {"type": "Feature", "properties": {"nb_detections_cluster": 3, "frp_max": 13.53, "frp_moyen": 9.36, "derniere_detection": "2026-07-26T13:16:00", "fetch_timestamp": "2026-07-27T12:38:00"}, "geometry": {"type": "Polygon", "coordinates": [[[-0.997783000831858, 44.88665956213499], [-0.997782330270381, 44.88635031788039], [-0.997824300248649, 44.88604251601813], [-0.997908505883511, 44.8857391207996], [-0.998034135578934, 44.88544305399014], [-0.998199978867082, 44.88515716673448], [-0.998404438088264, 44.88488421210412], [-0.998645543796411, 44.884626818590526], [-0.998920973740988, 44.884387464799566], [-0.999228075241918, 44.88416845559009], [-0.999563890741699, 44.88397189988647], [-0.999925186288374, 44.88379969037825], [-1.000308482675071, 44.88365348530211], [-1.000710088936412, 44.88353469248123], [-1.001126137879612, 44.88344445577518], [-1.001552623308626, 44.883383644070975], [-1.001985438583624, 44.883352842920615], [-1.002420416145277, 44.88335234890566], [-1.002853367624185, 44.88338216678293], [-1.003280124150176, 44.88344200943872], [-1.003696576474325, 44.88353130065202], [-1.004098714518302, 44.883649180640035], [-1.004482665971135, 44.88379451433318], [-1.004844733562536, 44.883965902299245], [-1.005181430654562, 44.88416169421286], [-1.005489514809445, 44.88438000473982], [-1.005766019010674, 44.88461873168447], [-1.0060082802369, 44.88487557622514], [-1.006213965113458, 44.88514806504354], [-1.006381092394282, 44.885433574135085], [-1.006508052057307, 44.88572935407138], [-1.006593620828871, 44.88603255647174], [-1.006636973986911, 44.88634026142932], [-1.006637693328374, 44.886649505627545], [-1.006595771223207, 44.88695731087657], [-1.00651161071482, 44.887260712794834], [-1.006386021665064, 44.88755678935955], [-1.006220212979785, 44.887842689051084], [-1.006015780988906, 44.88811565832007], [-1.005774694092046, 44.88837306811243], [-1.005499273816839, 44.888612439196756], [-1.005192172471769, 44.888831466049595], [-1.004856347608351, 44.889028039068585], [-1.004495033538379, 44.88920026489873], [-1.004111710180569, 44.889346484676096], [-1.003710069536778, 44.889465290012595], [-1.003293980121093, 44.889555536567656], [-1.002867449684894, 44.88961635507575], [-1.00243458659761, 44.88964715972347], [-1.00199956025597, 44.88964765379479], [-1.001566560903963, 44.88961783253077], [-1.001139759251496, 44.88955798317524], [-1.000723266281679, 44.8894686822067], [-1.000321093634833, 44.88935078978275], [-0.999937114951699, 44.88920544145101], [-0.999575028549011, 44.88903403720617], [-0.999238321787614, 44.88883822799922], [-0.998930237476871, 44.88861989982888], [-0.998653742639279, 44.88838115556887], [-0.99841149993635, 44.88812429470627], [-0.998205842030906, 44.88785179118662], [-0.998038749132532, 44.887566269579466], [-0.997911829941992, 44.887270479794196], [-0.997826306177613, 44.886967270589906], [-0.997783000831858, 44.88665956213499]]]}}, {"type": "Feature", "properties": {"nb_detections_cluster": 1, "frp_max": 44.37, "frp_moyen": 44.37, "derniere_detection": "2026-07-26T13:16:00", "fetch_timestamp": "2026-07-27T12:38:00"}, "geometry": {"type": "Polygon", "coordinates": [[[-0.964312021093898, 44.897878228658364], [-0.964311534825479, 44.89756898315004], [-0.964353696754211, 44.89726119288799], [-0.964438100148199, 44.89695782201168], [-0.964563931506845, 44.896661792051816], [-0.964729978420282, 44.89637595379807], [-0.964934641268017, 44.896103059849835], [-0.965175948643286, 44.89584573811413], [-0.965451576353827, 44.8956064665054], [-0.965758869815498, 44.89538754909101], [-0.966094869622708, 44.895191093911286], [-0.966456340049153, 44.89501899268774], [-0.966839800204432, 44.89487290261428], [-0.96724155754664, 44.894754230406626], [-0.967657743428618, 44.894664118762975], [-0.968084350336091, 44.894603435366065], [-0.968517270459815, 44.89457276453242], [-0.968952335231102, 44.89457240158881], [-0.96938535544096, 44.894602350029984], [-0.969812161557458, 44.89466232148501], [-0.970228643854125, 44.89475173849271], [-0.97063079196388, 44.89486974005902], [-0.971014733478595, 44.895015189943585], [-0.97137677122335, 44.895186687595384], [-0.971713418847204, 44.89538258163277], [-0.972021434388265, 44.89560098573808], [-0.972297851490214, 44.895839796814464], [-0.97254000796988, 44.89609671522998], [-0.972745571460705, 44.896369266954814], [-0.972912561884984, 44.89665482737841], [-0.973039370538035, 44.89695064657788], [-0.97312477559994, 44.89725387579428], [-0.973167953924758, 44.89756159486225], [-0.973168488992785, 44.89787084032917], [-0.973126374948335, 44.89817863399272], [-0.973042016683142, 44.89848201158271], [-0.972916225963529, 44.89877805131045], [-0.972750213637627, 44.899063902010916], [-0.972545577996747, 44.89933681060634], [-0.972304289402113, 44.89959414862689], [-0.972028671324256, 44.89983343753223], [-0.971721377977138, 44.90005237259033], [-0.97138536876195, 44.90024884508283], [-0.971023879766536, 44.9004209626229], [-0.970640392594897, 44.90056706738959], [-0.970238600827156, 44.90068575210251], [-0.969822374433432, 44.90077587358294], [-0.969395722484838, 44.90083656377007], [-0.968962754521527, 44.90086723808644], [-0.968527640950632, 44.90086760107147], [-0.96809457285649, 44.90083764922883], [-0.967667721611196, 44.90077767106008], [-0.967251198675497, 44.900688244284495], [-0.966849015978207, 44.90057023027147], [-0.966465047256637, 44.9004247657397], [-0.966102990731249, 44.9002532518031], [-0.965766333474711, 44.9000573404691], [-0.965458317819098, 44.899838918720064], [-0.965181910125127, 44.89960009033089], [-0.964939772214429, 44.899343155598864], [-0.964734235739964, 44.8990705891808], [-0.964567279741216, 44.89878501625192], [-0.964440511599913, 44.8984891872157], [-0.96435515157913, 44.898185951209086], [-0.964312021093898, 44.897878228658364]]]}}, {"type": "Feature", "properties": {"nb_detections_cluster": 1, "frp_max": 3.25, "frp_moyen": 3.25, "derniere_detection": "2026-07-26T12:55:00", "fetch_timestamp": "2026-07-27T12:38:00"}, "geometry": {"type": "Polygon", "coordinates": [[[-0.949171659744936, 44.9019176254034], [-0.949171256871846, 44.901608379448646], [-0.949213504871336, 44.90130059455402], [-0.949297996182553, 44.90099723480726], [-0.949423916458219, 44.900701221631714], [-0.949590052432211, 44.90041540565541], [-0.949794803626453, 44.90014253926309], [-0.950036197783523, 44.89988525009632], [-0.950311909875614, 44.899646015755884], [-0.950619284506187, 44.899427139950205], [-0.950955361488219, 44.89923073031889], [-0.951316904352455, 44.89905867814479], [-0.951700431511165, 44.8989126401495], [-0.952102249777444, 44.89879402254725], [-0.952518489917665, 44.898703967510414], [-0.952945143895251, 44.89864334217666], [-0.953378103447841, 44.89861273030344], [-0.953813199627183, 44.89861242664977], [-0.954246242921904, 44.89864243413951], [-0.954673063577805, 44.89870246383317], [-0.955089551728381, 44.89879193770879], [-0.955491696950111, 44.89890999422469], [-0.95587562686256, 44.89905549661141], [-0.95623764440238, 44.899227043812346], [-0.956574263413002, 44.899422983968726], [-0.956882242207853, 44.89964143031875], [-0.957158614784229, 44.89988027935875], [-0.957400719387481, 44.90013723109113], [-0.957606224150363, 44.900409811165176], [-0.957773149560472, 44.90069539469727], [-0.957899887538982, 44.900991231541916], [-0.957985216946379, 44.90129447277014], [-0.958028315365118, 44.901602198100825], [-0.958028767044881, 44.901911444020925], [-0.957986566932957, 44.90221923232371], [-0.957902120749908, 44.902522598790476], [-0.957776241108762, 44.9028186217396], [-0.957610139714078, 44.90310445016749], [-0.957405415715071, 44.903377331210876], [-0.957164040324062, 44.90363463666518], [-0.956888337847693, 44.903873888303664], [-0.956580963312975, 44.904092781753185], [-0.956244876903245, 44.904289208696085], [-0.955883315450062, 44.904461277184225], [-0.955499761255517, 44.90460732986908], [-0.955097908545486, 44.904725959971906], [-0.954681627877252, 44.90481602483996], [-0.954254928844863, 44.90487665695773], [-0.953821921442105, 44.90490727230707], [-0.953386776456091, 44.9049075759954], [-0.952953685273801, 44.904877565097514], [-0.952526819489732, 44.904817528683836], [-0.952110290704638, 44.90472804503467], [-0.951708110903599, 44.904609976067185], [-0.951324153795915, 44.904464459029384], [-0.950962117490033, 44.90429289554093], [-0.95062548886369, 44.90409693808648], [-0.950317509972987, 44.9038784740926], [-0.950041146824307, 44.903639607741034], [-0.949799060810005, 44.90338263969461], [-0.949593583082956, 44.903110044931005], [-0.9494266921166, 44.902824448898315], [-0.949299994666101, 44.90252860222248], [-0.949214710313508, 44.90222535421022], [-0.949171659744936, 44.9019176254034]]]}}, {"type": "Feature", "properties": {"nb_detections_cluster": 5, "frp_max": 29.74, "frp_moyen": 12.64, "derniere_detection": "2026-07-26T13:16:00", "fetch_timestamp": "2026-07-27T12:38:00"}, "geometry": {"type": "Polygon", "coordinates": [[[-0.97278, 44.91573], [-0.96692, 44.91641], [-0.9661, 44.91281], [-0.97278, 44.91573]]]}}, {"type": "Feature", "properties": {"nb_detections_cluster": 10, "frp_max": 53.29, "frp_moyen": 14.81, "derniere_detection": "2026-07-26T13:16:00", "fetch_timestamp": "2026-07-27T12:38:00"}, "geometry": {"type": "Polygon", "coordinates": [[[-0.973309232834757, 44.933518589038066], [-0.973308696650661, 44.93320934021808], [-0.973350835997271, 44.93290154320518], [-0.973435244359261, 44.932598162203924], [-0.973561108187298, 44.93230211884252], [-0.973727214757989, 44.93201626403979], [-0.973931963875561, 44.93174335055453], [-0.974173383301793, 44.93148600648188], [-0.974449147764821, 44.93124670995151], [-0.974756601363168, 44.93102776527069], [-0.975092783148874, 44.93083128074241], [-0.975454455643103, 44.93065914837073], [-0.975838136009617, 44.93051302564954], [-0.97624012958612, 44.9303943196089], [-0.976656565450903, 44.930304173272816], [-0.977083433682874, 44.930243454658054], [-0.977516623956852, 44.93021274842025], [-0.9779519651033, 44.93021235022711], [-0.978385265252474, 44.93024226391274], [-0.978812352177381, 44.930302201440924], [-0.979229113448097, 44.93039158567712], [-0.979631536011705, 44.93050955594288], [-0.980015744817678, 44.93065497629921], [-0.980378040117569, 44.93082644647947], [-0.980714933080532, 44.93102231536657], [-0.981023179382258, 44.93124069688505], [-0.981299810444241, 44.93147948815562], [-0.981542162022739, 44.931736389737075], [-0.9817478998721, 44.93200892776177], [-0.981915042235085, 44.93229447775113], [-0.982041978943246, 44.93259028988281], [-0.982127486942771, 44.932893515465956], [-0.982170742095612, 44.93320123437032], [-0.982171327141324, 44.93351048314486], [-0.982129235742017, 44.9338182835555], [-0.982044872570431, 44.93412167126712], [-0.981919049439253, 44.93441772439358], [-0.981752977507922, 44.93470359164087], [-0.98154825564104, 44.934976519771894], [-0.981306855029597, 44.93523388012869], [-0.981031100222417, 44.93547319395586], [-0.980723646749908, 44.93569215628133], [-0.980387455555192, 44.93588865812413], [-0.980025764478692, 44.936060806814766], [-0.979642057070748, 44.936206944232225], [-0.979240029032845, 44.93632566278167], [-0.978823552611024, 44.936415818958395], [-0.978396639284961, 44.93647654436747], [-0.97796340111278, 44.93650725409213], [-0.977528011104715, 44.936507652330725], [-0.977094663008239, 44.936477735247365], [-0.976667530892929, 44.936417791008836], [-0.976250728925352, 44.936328397007564], [-0.975848271722384, 44.93621041429726], [-0.975464035665722, 44.93606497929515], [-0.975101721551041, 44.93589349283072], [-0.974764818932231, 44.93569760664687], [-0.974456572504668, 44.93547920748369], [-0.974179950851695, 44.93524039889863], [-0.973937617855469, 44.93498348099822], [-0.973731907047538, 44.93471092827727], [-0.973564799145951, 44.93442536577908], [-0.973437902994828, 44.934129543806776], [-0.973352440089394, 44.933826311429314], [-0.973309232834757, 44.933518589038066]]]}}, {"type": "Feature", "properties": {"nb_detections_cluster": 14, "frp_max": 73.98, "frp_moyen": 16.13, "derniere_detection": "2026-07-26T13:16:00", "fetch_timestamp": "2026-07-27T12:38:00"}, "geometry": {"type": "Polygon", "coordinates": [[[-0.89505, 44.73534], [-0.89967, 44.73799], [-0.88919, 44.736], [-0.88131, 44.73643], [-0.87466, 44.7335], [-0.87386, 44.72989], [-0.88261, 44.73041], [-0.88716, 44.73574], [-0.89221, 44.73146], [-0.89505, 44.73534]]]}}, {"type": "Feature", "properties": {"nb_detections_cluster": 5, "frp_max": 18.6, "frp_moyen": 17.7, "derniere_detection": "2026-07-26T13:16:00", "fetch_timestamp": "2026-07-27T12:38:00"}, "geometry": {"type": "Polygon", "coordinates": [[[-0.90735, 44.76353], [-0.914, 44.76647], [-0.90815, 44.76713], [-0.9023, 44.7678], [-0.90149, 44.76419], [-0.90735, 44.76353]]]}}, {"type": "Feature", "properties": {"nb_detections_cluster": 4, "frp_max": 17.3, "frp_moyen": 14.51, "derniere_detection": "2026-07-26T13:16:00", "fetch_timestamp": "2026-07-27T12:38:00"}, "geometry": {"type": "Polygon", "coordinates": [[[-0.888337578121619, 44.76640902096634], [-0.888698100342109, 44.76627168781582], [-0.889099103881548, 44.766153303281826], [-0.889514463301294, 44.766063488241016], [-0.889940179044461, 44.766003107520135], [-0.890372151881773, 44.76597274252128], [-0.890806222364557, 44.76597268562629], [-0.891238210856153, 44.76600293738306], [-0.891663957757228, 44.766063206500064], [-0.892079363538635, 44.76615291264987], [-0.892480428197288, 44.76627119205426], [-0.892863289756031, 44.7664169057974], [-0.893224261437572, 44.766588650787455], [-0.893559867155228, 44.76678477326091], [-0.893866874979242, 44.767003384700196], [-0.894142328256771, 44.76724238001167], [-0.894383574086056, 44.767499457788965], [-0.894588288870544, 44.76777214246725], [-0.894754500706657, 44.76805780815527], [-0.894880608389227, 44.76835370391599], [-0.894965396850958, 44.768656980252665], [-0.895008048886534, 44.7689647165457], [-0.895008153047579, 44.769273949176046], [-0.894965707631485, 44.769581700064535], [-0.89488112072469, 44.76988500535242], [-0.894755206298959, 44.770180943946905], [-0.894589176397221, 44.770466665656485], [-0.894384629483306, 44.77073941864539], [-0.894143535066886, 44.770996575942064], [-0.893868214750964, 44.771235660746534], [-0.893561319883887, 44.77145437029232], [-0.893225806030656, 44.7716505980329], [-0.892864904509249, 44.77182245393873], [-0.89248209126603, 44.77196828270871], [-0.8920810533902, 44.77208667972085], [-0.891665653590201, 44.77217650456745], [-0.891239892974705, 44.772236892044965], [-0.890807872497408, 44.772267260491674], [-0.890373753437761, 44.77226731739313], [-0.889941717299205, 44.77223706220126], [-0.88951592551212, 44.77217678633963], [-0.889100479330596, 44.77208707039482], [-0.888699380310274, 44.771968778521476], [-0.888316491748809, 44.77182305011459], [-0.887955501461192, 44.771651288829545], [-0.887619886249127, 44.771455149056045], [-0.887312878407237, 44.771236519976476], [-0.887037434589052, 44.770997507362445], [-0.886796207332812, 44.770740413285196], [-0.88659151952132, 44.770467713935965], [-0.886425342021595, 44.7701820357698], [-0.886299274719279, 44.76988613020329], [-0.886214531129877, 44.76958284710998], [-0.886171926734286, 44.76927510736913], [-0.886171871150103, 44.76896587473229], [-0.886182200282189, 44.76889106838113], [-0.885821655131007, 44.76902839347343], [-0.885420624197714, 44.76914676626833], [-0.88500523547431, 44.76923656606412], [-0.884579489962803, 44.769296927898516], [-0.884147488471403, 44.7693272703568], [-0.883713392096668, 44.769327301174854], [-0.883281382123499, 44.76929702005589], [-0.882855619730195, 44.769236718673106], [-0.882440205887653, 44.769146977858966], [-0.882039141839948, 44.76902866200766], [-0.881656290547793, 44.76888291074511], [-0.881295339467116, 44.76871112794685], [-0.880959765021903, 44.76851496820978], [-0.880652799114035, 44.76829632090857], [-0.88037739799308, 44.768057291990246], [-0.880136213785977, 44.76780018368313], [-0.87993156896086, 44.76752747231546], [-0.879765433970712, 44.767241784457994], [-0.879639408291752, 44.766945871620635], [-0.879554705038622, 44.76664258374693], [-0.879512139303781, 44.766334841762095], [-0.879512120332555, 44.766025609439275], [-0.879554647608239, 44.76571786485483], [-0.879639310883955, 44.76541457170777], [-0.879765294159914, 44.765118650779776], [-0.879931383566766, 44.76483295181003], [-0.880135979078172, 44.76456022605621], [-0.88037710993893, 44.76430309980525], [-0.880652453659359, 44.76406404908885], [-0.880959358392418, 44.76384537584698], [-0.881294868477693, 44.76364918576848], [-0.881655752906012, 44.76347736802196], [-0.882038536430596, 44.76333157707157], [-0.882439533025294, 44.763213216752646], [-0.88285488136811, 44.763123426760146], [-0.883280582008842, 44.76306307167959], [-0.883712535863637, 44.76303273266621], [-0.884146583666583, 44.76303270185165], [-0.884578545999369, 44.76306297953266], [-0.885004263514488, 44.76312327416808], [-0.885419636965685, 44.763213005184774], [-0.885820666661104, 44.76333130856508], [-0.886203490960171, 44.7634770451623], [-0.886564423444285, 44.76364881166452], [-0.886899988404119, 44.76384495410103], [-0.887206954302307, 44.764063583762066], [-0.887482364889653, 44.76430259537847], [-0.88772356767543, 44.76455968738681], [-0.887928239477537, 44.76483238408527], [-0.888094408806279, 44.76511805946674], [-0.888220474865827, 44.76541396250082], [-0.888305222989733, 44.765717243620685], [-0.888347836361179, 44.76602498216064], [-0.888347903904193, 44.76633421447994], [-0.888337578121619, 44.76640902096634]]]}}, {"type": "Feature", "properties": {"nb_detections_cluster": 3, "frp_max": 1.79, "frp_moyen": 1.39, "derniere_detection": "2026-07-27T01:32:00", "fetch_timestamp": "2026-07-27T12:38:00"}, "geometry": {"type": "Polygon", "coordinates": [[[-0.88806, 44.77764], [-0.88187, 44.77715], [-0.88832, 44.77559], [-0.88806, 44.77764]]]}}, {"type": "Feature", "properties": {"nb_detections_cluster": 1, "frp_max": 5.51, "frp_moyen": 5.51, "derniere_detection": "2026-07-26T13:16:00", "fetch_timestamp": "2026-07-27T12:38:00"}, "geometry": {"type": "Polygon", "coordinates": [[[-0.894295281074825, 44.854045435691575], [-0.894295180681475, 44.85373619428106], [-0.894337693367911, 44.85342843497551], [-0.894422409025562, 44.85312512161578], [-0.89454851114805, 44.852829175178286], [-0.894714784719507, 44.852543445647946], [-0.894919627938255, 44.8522706845768], [-0.895161067662103, 44.85201351859193], [-0.89543677842577, 44.85177442410768], [-0.895744104846704, 44.851555703485545], [-0.896080087203143, 44.85135946287061], [-0.896441489937855, 44.85118759191814], [-0.896824832813078, 44.8510417456046], [-0.897226424416808, 44.85092332829843], [-0.897642397698143, 44.850833480243296], [-0.898068747190054, 44.85077306658385], [-0.898501367561814, 44.850742669039306], [-0.898936093130682, 44.85074258030495], [-0.899368737953276, 44.85077280123518], [-0.899795136111532, 44.85083304083534], [-0.900211181806352, 44.85092271906222], [-0.900612868873769, 44.85104097240648], [-0.900996329344087, 44.85118666220327], [-0.901357870673464, 44.851358385591354], [-0.901694011290139, 44.85155448901524], [-0.902001514113541, 44.851773084140895], [-0.902277417723855, 44.85201206603177], [-0.902519064882104, 44.852269133410815], [-0.902724128126044, 44.85254181081338], [-0.902890632195188, 44.85282747241835], [-0.903016973068615, 44.853123367328024], [-0.903101933431595, 44.85342664605399], [-0.903144694421416, 44.85373438795366], [-0.903144843538366, 44.85404362935404], [-0.903102378644777, 44.85435139209158], [-0.903017708012565, 44.85465471219345], [-0.902891646417806, 44.854950668424216], [-0.902725407318911, 44.85523641042258], [-0.902520591192795, 44.85550918615736], [-0.902279170140496, 44.85576636843796], [-0.902003468909759, 44.85600548022381], [-0.901696142516789, 44.856224218488514], [-0.901360150682272, 44.856420476408985], [-0.90099872932768, 44.85659236366493], [-0.900615359406325, 44.856738224653355], [-0.900213733369581, 44.85685665444188], [-0.899797719591587, 44.856946512307104], [-0.899371325095639, 44.85700693272743], [-0.898938656941944, 44.8570373337238], [-0.898503882649474, 44.857037422468295], [-0.898071190034035, 44.857007198106096], [-0.89764474685034, 44.856946951763774], [-0.897228660627791, 44.85685726374361], [-0.896826939087812, 44.85673899793133], [-0.896443451524862, 44.85659329347091], [-0.896081891523935, 44.8564215537871], [-0.89574574137433, 44.856225433061624], [-0.895438238522965, 44.856006820293395], [-0.895162344390729, 44.855767821096975], [-0.89492071585236, 44.85551073741445], [-0.894715679654552, 44.855238045337], [-0.894549210018423, 44.8549523712497], [-0.894422909641655, 44.8546564665299], [-0.89433799428271, 44.854353181043074], [-0.894295281074825, 44.854045435691575]]]}}, {"type": "Feature", "properties": {"nb_detections_cluster": 1, "frp_max": 41.04, "frp_moyen": 41.04, "derniere_detection": "2026-07-26T12:55:00", "fetch_timestamp": "2026-07-27T12:38:00"}, "geometry": {"type": "Polygon", "coordinates": [[[-0.907575130368426, 44.85642596512873], [-0.907574956852002, 44.856116723497514], [-0.907617398572131, 44.85580895887459], [-0.907702046103585, 44.8555056351522], [-0.907828083595933, 44.855209673406556], [-0.907994296655549, 44.85492392377011], [-0.908199084063309, 44.8546511379886], [-0.908440473214282, 44.85439394292708], [-0.908716139129991, 44.854154815280026], [-0.909023426859553, 44.85393605772825], [-0.909359377053587, 44.853739776772535], [-0.909720754464384, 44.853567862456615], [-0.910104079097869, 44.85342197017454], [-0.910505659717551, 44.85330350473739], [-0.910921629378191, 44.85321360685234], [-0.911347982647542, 44.8531531421438], [-0.911780614158465, 44.85312269282259], [-0.912215358120955, 44.8531225520825], [-0.912648028414546, 44.85315272127873], [-0.913074458875981, 44.853212909914745], [-0.91349054339521, 44.853302538438065], [-0.913892275434545, 44.85342074381796], [-0.914275786591395, 44.853566387851465], [-0.914637383834009, 44.85373806811798], [-0.914973585052391, 44.85393413147728], [-0.915281152582584, 44.854152689981184], [-0.915557124381849, 44.85439163904581], [-0.915798842554732, 44.854648677710244], [-0.916003978955273, 44.85492133078644], [-0.916170557618615, 44.85520697268759], [-0.916296973805572, 44.85550285270583], [-0.916382009476191, 44.85580612149621], [-0.916424845042539, 44.856113858511904], [-0.916425067286682, 44.85642310012707], [-0.916382673366634, 44.85673086817613], [-0.916298070870695, 44.85703419863524], [-0.916172073918608, 44.85733017016924], [-0.916005895346055, 44.85761593226954], [-0.915801135046847, 44.857888732711444], [-0.915559764584144, 44.85814594406648], [-0.915284108218245, 44.85838508901405], [-0.914976820533039, 44.85860386420845], [-0.914640860876201, 44.8588001624709], [-0.914279464859094, 44.858972093092646], [-0.91389611319082, 44.85911800005295], [-0.913494498146801, 44.85923647797667], [-0.913078487995189, 44.8593263856768], [-0.912652089724269, 44.85938685715171], [-0.912219410430571, 44.859417309930585], [-0.911784617740363, 44.85941745068673], [-0.91135189964669, 44.85938727806434], [-0.910925424149738, 44.859327082691635], [-0.91050929909025, 44.859237444379936], [-0.91010753256385, 44.85911922653617], [-0.90972399429845, 44.85897356784229], [-0.909362378367566, 44.85880187128226], [-0.909026167599375, 44.858605790622455], [-0.908718600024826, 44.858387214475925], [-0.908442637688364, 44.85814824810454], [-0.908200938121792, 44.85789119313431], [-0.907995828756039, 44.85761852537986], [-0.907829284517034, 44.857332870992146], [-0.907702908821051, 44.85703698115883], [-0.907617918151999, 44.856733705602075], [-0.907575130368426, 44.85642596512873]]]}}, {"type": "Feature", "properties": {"nb_detections_cluster": 1, "frp_max": 28.72, "frp_moyen": 28.72, "derniere_detection": "2026-07-26T13:16:00", "fetch_timestamp": "2026-07-27T12:38:00"}, "geometry": {"type": "Polygon", "coordinates": [[[-0.895904716675621, 44.86126550021349], [-0.895904607407051, 44.86095625808699], [-0.895947116739269, 44.86064849745088], [-0.896031834595824, 44.860345182158866], [-0.896157944448984, 44.86004923320594], [-0.896324231208264, 44.859763500601275], [-0.896529092944832, 44.859490735926514], [-0.896770556338037, 44.85923356584343], [-0.897046295694553, 44.85899446680589], [-0.897353655356402, 44.85877574121919], [-0.897689675281661, 44.858579495276246], [-0.898051119551301, 44.858407618683614], [-0.898434507527594, 44.85826176647209], [-0.898836147364268, 44.858143343066885], [-0.899252171546018, 44.85805348877041], [-0.89967857411575, 44.8579930687874], [-0.900111249231724, 44.85796266489799], [-0.900546030684153, 44.85796256985849], [-0.900978731991646, 44.857992784584084], [-0.901405186692342, 44.85805301813983], [-0.901821288442786, 44.85814269054073], [-0.902223030539331, 44.85826093833351], [-0.902606544482465, 44.85840662290683], [-0.902968137213503, 44.85857834144971], [-0.903304326665748, 44.858774440453374], [-0.903611875288384, 44.858993031626284], [-0.903887821220549, 44.85923201007002], [-0.904129506815679, 44.85948907454072], [-0.90433460424132, 44.85976174960173], [-0.904501137907719, 44.86004740945451], [-0.904627503508807, 44.860343303218265], [-0.904712483491583, 44.86064658141557], [-0.904755258804231, 44.860954323409], [-0.904755416808929, 44.86126356552464], [-0.904712955282234, 44.86157132959205], [-0.904628282463454, 44.86187465162563], [-0.904502213149549, 44.86217061037136], [-0.904335960873098, 44.862456355443655], [-0.904131126237782, 44.86272913478182], [-0.903889681522762, 44.86298632116052], [-0.903613951703575, 44.863225437499715], [-0.903306592071687, 44.863444180729196], [-0.902970562667861, 44.863640443978014], [-0.902609099775391, 44.863812336874574], [-0.902225684747664, 44.86395820376156], [-0.901824010470527, 44.864076639649745], [-0.901407945782811, 44.86416650375703], [-0.90098149819823, 44.864226930501644], [-0.900548775288424, 44.86425733784366], [-0.900113945099866, 44.86425743289398], [-0.899681195986852, 44.864227214737085], [-0.899254696248378, 44.86416697443977], [-0.898838553958681, 44.8640772922461], [-0.898436777379307, 44.86395903198566], [-0.89805323633492, 44.86381333274895], [-0.897691624925696, 44.86364159791041], [-0.897355425936121, 44.86344548160512], [-0.897047877283528, 44.86322687278943], [-0.896771940829927, 44.86298787703982], [-0.896530273857629, 44.8627307962652], [-0.896325203483423, 44.86245810652873], [-0.896158704257487, 44.86217243419296], [-0.896032379162365, 44.861876530618396], [-0.895947444194434, 44.86157324565947], [-0.895904716675621, 44.86126550021349]]]}}, {"type": "Feature", "properties": {"nb_detections_cluster": 11, "frp_max": 118.93, "frp_moyen": 65.46, "derniere_detection": "2026-07-26T13:16:00", "fetch_timestamp": "2026-07-27T12:38:00"}, "geometry": {"type": "Polygon", "coordinates": [[[-0.915184358012231, 44.866496268938484], [-0.915184142560789, 44.86618702632334], [-0.915226550188532, 44.86587925780003], [-0.915311171798286, 44.865575927298366], [-0.915437191788977, 44.86527995595991], [-0.915603395935245, 44.864994194009554], [-0.915808183103531, 44.86472139331161], [-0.916049580690961, 44.864464180874855], [-0.916325263637587, 44.86422503356108], [-0.916632576828325, 44.86400625424052], [-0.916968560668458, 44.863809949623615], [-0.917329979586161, 44.86363800998191], [-0.917713353187595, 44.86349209095338], [-0.918114989764709, 44.86337359760667], [-0.918531021833443, 44.863283670917625], [-0.918957443360663, 44.86322317678809], [-0.919390148322049, 44.86319269771211], [-0.919824970220447, 44.86319252717006], [-0.920257722185077, 44.863222666804035], [-0.920684237266422, 44.86328282640219], [-0.921100408539775, 44.86337242669162], [-0.921502228632245, 44.86349060491349], [-0.921885828293516, 44.86363622312633], [-0.922247513639742, 44.8638078791582], [-0.922583801712662, 44.86400392010226], [-0.922891454012046, 44.86422245822616], [-0.923167507678916, 44.86446138914232], [-0.923409304029472, 44.86471841206464], [-0.92361451416489, 44.86499105195666], [-0.923781161410176, 44.86527668335859], [-0.923907640365584, 44.86557255566368], [-0.923992732386531, 44.86587581960137], [-0.924035617342221, 44.86618355467159], [-0.924035881538849, 44.86649279726727], [-0.923993521730157, 44.866800569213446], [-0.923908945175659, 44.86710390644878], [-0.923782965744981, 44.8673998875729], [-0.923616796104786, 44.867685661984936], [-0.92341203606258, 44.8679584773416], [-0.923170657178801, 44.868215706070814], [-0.922894983794623, 44.86845487068469], [-0.922587670657651, 44.86867366764815], [-0.922251677360538, 44.86886998957275], [-0.921890239838535, 44.8690419455218], [-0.921506839200433, 44.86918787923068], [-0.921105168193285, 44.86930638506658], [-0.920689095624282, 44.86939632157366], [-0.920262629082957, 44.86945682247285], [-0.919829876323499, 44.869487305009834], [-0.919395005679915, 44.869487475571376], [-0.918962205896232, 44.8694573325145], [-0.918535645759632, 44.869397166182715], [-0.918119433926266, 44.869307556107586], [-0.917717579327723, 44.86918936542405], [-0.917333952540371, 44.8690437325525], [-0.916972248490497, 44.86887206022817], [-0.916635950855129, 44.868676001983985], [-0.916328298501978, 44.8684574462172], [-0.916052254292087, 44.86821849799334], [-0.915810476545832, 44.867961458763666], [-0.915605293447082, 44.867688804191296], [-0.915438680631829, 44.867403160300206], [-0.915312242176691, 44.867107278177045], [-0.915227195169849, 44.866804007469746], [-0.915184358012231, 44.866496268938484]]]}}, {"type": "Feature", "properties": {"nb_detections_cluster": 1, "frp_max": 16.09, "frp_moyen": 16.09, "derniere_detection": "2026-07-26T12:55:00", "fetch_timestamp": "2026-07-27T12:38:00"}, "geometry": {"type": "Polygon", "coordinates": [[[-0.907104017925492, 44.87052594707588], [-0.907103846960092, 44.870216704050236], [-0.907146301919892, 44.86990893821999], [-0.907230973251818, 44.86960561348901], [-0.907357044875902, 44.869309650943215], [-0.907523302069524, 44.869023900722745], [-0.90772814318828, 44.86875111457896], [-0.907969595109787, 44.86849391938043], [-0.908245332250924, 44.86825479182288], [-0.908552698974805, 44.86803603458632], [-0.908888735171304, 44.867839754168465], [-0.909250204764533, 44.86766784060786], [-0.909633626872795, 44.867521949291266], [-0.910035309321065, 44.86740348502049], [-0.910451384183693, 44.867313588491434], [-0.91087784501558, 44.86725312531552], [-0.911310585414026, 44.867222677688716], [-0.911745438540729, 44.86722253878859], [-0.912178217224262, 44.867252709952524], [-0.912604754257862, 44.86731290066511], [-0.913020942505448, 44.86740253135389], [-0.913422774430664, 44.8675207389672], [-0.913806380669204, 44.86766638528063], [-0.914168067273819, 44.867838067851615], [-0.914504351274035, 44.868034133517796], [-0.914811994208721, 44.86825269430867], [-0.915088033308945, 44.868491645618434], [-0.91532981003103, 44.86874868646453], [-0.915534995665015, 44.86902134163789], [-0.915701613771692, 44.86930698553151], [-0.915828059231763, 44.869602867418365], [-0.91591311372306, 44.86990613793548], [-0.915955957476068, 44.870213876519415], [-0.915956177193662, 44.870523119529224], [-0.91591377005784, 44.870830888785896], [-0.915829143783829, 44.871134220253914], [-0.915703112720045, 44.871430192588484], [-0.915536890030401, 44.87171595527324], [-0.915332076033328, 44.87198875607784], [-0.915090642808943, 44.87224596757032], [-0.914814915221844, 44.8724851124288], [-0.914507548541759, 44.872703887308376], [-0.914171502877136, 44.87290018503332], [-0.913810014667714, 44.87307211490002], [-0.9134265655106, 44.873218020895045], [-0.913024848620292, 44.87333649765251], [-0.912608733246029, 44.87342640399667], [-0.91218222738975, 44.87348687393893], [-0.911749439184413, 44.87351732502325], [-0.911314537305517, 44.873517463939244], [-0.910881710798004, 44.87348728934885], [-0.91045512870649, 44.87342709189922], [-0.910038899898602, 44.87333745142172], [-0.90963703346941, 44.873219231344095], [-0.909253400109186, 44.87307357036984], [-0.90889169480745, 44.87290187150491], [-0.908555401253198, 44.87270578853784], [-0.908247758274713, 44.872487210103905], [-0.907971728642615, 44.87224824148706], [-0.907729970536722, 44.871991184334895], [-0.907524811951588, 44.87171851448309], [-0.907358228286949, 44.87143285810277], [-0.907231823338513, 44.8711369664008], [-0.90714681387161, 44.87083368911736], [-0.907104017925492, 44.87052594707588]]]}}, {"type": "Feature", "properties": {"nb_detections_cluster": 6, "frp_max": 26.86, "frp_moyen": 8.67, "derniere_detection": "2026-07-27T02:53:00", "fetch_timestamp": "2026-07-27T12:38:00"}, "geometry": {"type": "Polygon", "coordinates": [[[-0.89721, 44.88014], [-0.896, 44.88251], [-0.89224, 44.88209], [-0.89769, 44.87621], [-0.89721, 44.88014]]]}}, {"type": "Feature", "properties": {"nb_detections_cluster": 3, "frp_max": 17.97, "frp_moyen": 15.37, "derniere_detection": "2026-07-26T13:16:00", "fetch_timestamp": "2026-07-27T12:38:00"}, "geometry": {"type": "Polygon", "coordinates": [[[-0.931580820448034, 44.91192692476477], [-0.931580514453973, 44.91161767780421], [-0.93162286648067, 44.911309898660825], [-0.931707467965246, 44.91100655136681], [-0.93183350349928, 44.910710557225556], [-0.931999758706615, 44.9104247666816], [-0.932204631960934, 44.91015193187473], [-0.932446149829434, 44.909894680142244], [-0.932721986093087, 44.909655488724376], [-0.933029484159775, 44.909436660916136], [-0.933365682654029, 44.909240303894904], [-0.933727343936721, 44.909068308436865], [-0.934110985280073, 44.90892233071747], [-0.934512912397918, 44.908803776370505], [-0.934929255008726, 44.90871378695924], [-0.935356004089458, 44.90865322898942], [-0.935789050462208, 44.90862268556985], [-0.936224224342904, 44.90862245080042], [-0.93665733547212, 44.908652526941694], [-0.937084213442559, 44.90871262439316], [-0.937500747835857, 44.908802164480385], [-0.937902927783188, 44.9089202850242], [-0.938286880569644, 44.90906584863854], [-0.938648908911469, 44.90923745367725], [-0.938985526547873, 44.90943344772456], [-0.939293491805257, 44.90965194349974], [-0.939569838810981, 44.90989083702307], [-0.939811906056299, 44.9101478278686], [-0.940017362033356, 44.91042044130888], [-0.940184227699182, 44.91070605213889], [-0.940310895549927, 44.91100190995016], [-0.940396145121059, 44.9113051656117], [-0.940439154763548, 44.91161289870333], [-0.940439509581736, 44.91192214563709], [-0.940397205455487, 44.91222992819641], [-0.940312649106893, 44.91253328221777], [-0.940186654209823, 44.91282928613932], [-0.940020433578782, 44.91311508914062], [-0.939815587511335, 44.91338793860314], [-0.939574088395512, 44.91364520662643], [-0.939298261729685, 44.91388441534418], [-0.938990763737133, 44.91410326079654], [-0.938654555790475, 44.91429963512811], [-0.93829287589209, 44.914471646897454], [-0.937909207485148, 44.914617639302286], [-0.937507245895853, 44.9147362061445], [-0.937090862730455, 44.914826205380585], [-0.936664068570483, 44.91488677012727], [-0.936230974326211, 44.914917317015295], [-0.935795751621388, 44.914917551811534], [-0.935362592591722, 44.91488747225434], [-0.934935669485302, 44.9148273680755], [-0.934519094455039, 44.91473781820799], [-0.934116879931414, 44.91461968520685], [-0.933732899958085, 44.91447410693683], [-0.933370852863584, 44.91430248560732], [-0.933034225629355, 44.91410647426014], [-0.932726260297835, 44.91388796084084], [-0.932449922744515, 44.91364905000717], [-0.93220787411489, 44.91339204285033], [-0.932002445201424, 44.91311941472461], [-0.931835614007047, 44.91283379139937], [-0.931708986710892, 44.91253792376329], [-0.931623782219002, 44.91223466132487], [-0.931580820448034, 44.91192692476477]]]}}, {"type": "Feature", "properties": {"nb_detections_cluster": 1, "frp_max": 6.8, "frp_moyen": 6.8, "derniere_detection": "2026-07-26T13:16:00", "fetch_timestamp": "2026-07-27T12:38:00"}, "geometry": {"type": "Polygon", "coordinates": [[[-0.836905738411806, 44.71898314089305], [-0.836905953474592, 44.718673913809546], [-0.836948677865798, 44.718366190794704], [-0.837033499441517, 44.718062935339574], [-0.837159600678817, 44.71776706786257], [-0.837325766573714, 44.717481437587914], [-0.837530396364611, 44.717208795111546], [-0.837771518967457, 44.716951765918225], [-0.838046811973244, 44.71671282510485], [-0.838353624024311, 44.71649427355293], [-0.838689000353574, 44.71629821577943], [-0.839049711240516, 44.7161265396788], [-0.839432283109899, 44.71598089835119], [-0.839833031973905, 44.71586269419119], [-0.840248098896017, 44.715773065390024], [-0.840673487135713, 44.71571287498114], [-0.84110510061693, 44.715682702534124], [-0.841538783350738, 44.715682838576775], [-0.841970359433462, 44.71571328179916], [-0.842395673236096, 44.71577373906618], [-0.842810629398981, 44.715863628238694], [-0.843211232247581, 44.715982083776126], [-0.843593624250721, 44.7161279650666], [-0.84395412315177, 44.71629986740486], [-0.844289257415897, 44.71649613551213], [-0.844595799652599, 44.71671487946839], [-0.844870797692022, 44.71695399290372], [-0.845111603015989, 44.717211173274116], [-0.845315896269924, 44.717483944026554], [-0.84548170960979, 44.71776967844066], [-0.845607445668419, 44.71806562491726], [-0.845691892958015, 44.71836893347096], [-0.845734237559753, 44.71867668317157], [-0.845734070987069, 44.718985910270604], [-0.845691394145919, 44.71929363674185], [-0.845606617352885, 44.7195968989614], [-0.845480556409928, 44.71989277625097], [-0.84531442477254, 44.72017841900918], [-0.845109821885823, 44.72045107616037], [-0.844868717799916, 44.72070812165584], [-0.844593434212231, 44.720947079772216], [-0.844286622118495, 44.72116564896301], [-0.843951236287434, 44.721361724033464], [-0.843590506804713, 44.72153341642436], [-0.843207907960194, 44.72167907240954], [-0.842807124778337, 44.72179728903115], [-0.842392017514473, 44.72188692761905], [-0.841966584459434, 44.721947124763695], [-0.841534923411513, 44.72197730063668], [-0.841101192187602, 44.721977164578504], [-0.840669568554823, 44.72194671789972], [-0.840244209969504, 44.72188625386824], [-0.839829213512275, 44.72179635488318], [-0.839428576406167, 44.7216778868622], [-0.839046157498846, 44.7215319908969], [-0.838685640080859, 44.72136007225648], [-0.838350496398631, 44.721163786846226], [-0.838043954204596, 44.720945025251076], [-0.837768965666972, 44.72070589451881], [-0.837528178938786, 44.72044869785815], [-0.837323912659986, 44.720175912448134], [-0.837158133637971, 44.71989016557243], [-0.837032437921094, 44.719594209309086], [-0.836948035446841, 44.719290894019615], [-0.836905738411806, 44.71898314089305]]]}}, {"type": "Feature", "properties": {"nb_detections_cluster": 38, "frp_max": 137.14, "frp_moyen": 26.01, "derniere_detection": "2026-07-27T02:53:00", "fetch_timestamp": "2026-07-27T12:38:00"}, "geometry": {"type": "Polygon", "coordinates": [[[-0.859, 44.72678], [-0.85467, 44.7247], [-0.86118, 44.7224], [-0.859, 44.72678]]]}}, {"type": "Feature", "properties": {"nb_detections_cluster": 4, "frp_max": 6.4, "frp_moyen": 4.88, "derniere_detection": "2026-07-26T12:55:00", "fetch_timestamp": "2026-07-27T12:38:00"}, "geometry": {"type": "Polygon", "coordinates": [[[-0.83593, 44.7314], [-0.83704, 44.73471], [-0.83211, 44.73555], [-0.82606, 44.73308], [-0.83593, 44.7314]]]}}, {"type": "Feature", "properties": {"nb_detections_cluster": 3, "frp_max": 8.77, "frp_moyen": 8.77, "derniere_detection": "2026-07-26T13:16:00", "fetch_timestamp": "2026-07-27T12:38:00"}, "geometry": {"type": "Polygon", "coordinates": [[[-0.79152, 44.7394], [-0.78481, 44.73645], [-0.79072, 44.73577], [-0.79152, 44.7394]]]}}, {"type": "Feature", "properties": {"nb_detections_cluster": 27, "frp_max": 135.95, "frp_moyen": 51.49, "derniere_detection": "2026-07-27T01:32:00", "fetch_timestamp": "2026-07-27T12:38:00"}, "geometry": {"type": "Polygon", "coordinates": [[[-0.81002, 44.74097], [-0.80922, 44.73736], [-0.81347, 44.73571], [-0.81002, 44.74097]]]}}, {"type": "Feature", "properties": {"nb_detections_cluster": 5, "frp_max": 36.81, "frp_moyen": 27.98, "derniere_detection": "2026-07-26T13:16:00", "fetch_timestamp": "2026-07-27T12:38:00"}, "geometry": {"type": "Polygon", "coordinates": [[[-0.84889, 44.74421], [-0.8497, 44.74782], [-0.84771, 44.74773], [-0.84691, 44.74412], [-0.85279, 44.74344], [-0.84889, 44.74421]]]}}, {"type": "Feature", "properties": {"nb_detections_cluster": 1, "frp_max": 9.68, "frp_moyen": 9.68, "derniere_detection": "2026-07-26T13:16:00", "fetch_timestamp": "2026-07-27T12:38:00"}, "geometry": {"type": "Polygon", "coordinates": [[[-0.79652351036885, 44.74599153281982], [-0.796523947442918, 44.7456823028633], [-0.796566913160621, 44.745374592489256], [-0.796651993053427, 44.74507136506677], [-0.796778367110327, 44.744775540743994], [-0.796944817699778, 44.744489968329354], [-0.797149741318447, 44.74421739786139], [-0.797391164052786, 44.743960454131205], [-0.797666760603763, 44.74372161141254], [-0.79797387669098, 44.743503169642146], [-0.798309554620035, 44.7433072322797], [-0.798670561766672, 44.743135686060086], [-0.799053421703428, 44.74299018283274], [-0.799454447669203, 44.74287212366236], [-0.79986977805982, 44.74278264534405], [-0.800295413598363, 44.74272260946221], [-0.800727255828041, 44.7426925940985], [-0.801161146557745, 44.742692888268195], [-0.801592907881356, 44.742723489138754], [-0.802018382386412, 44.742784102057065], [-0.802433473165949, 44.74287414338528], [-0.802834183249156, 44.742992746117615], [-0.803216654072102, 44.74313876822493], [-0.80357720261885, 44.7433108036459], [-0.803912356876051, 44.743507195820236], [-0.804218889260088, 44.74372605363311], [-0.804493847695279, 44.74396526961815], [-0.804734584044022, 44.74422254024366], [-0.804938779615098, 44.74449538808737], [-0.805104467504239, 44.744781185686314], [-0.805230051551458, 44.745077180832624], [-0.805314321731957, 44.74538052307198], [-0.805356465831679, 44.74568829114957], [-0.805356077294204, 44.74599752113967], [-0.805313159162462, 44.746305234987936], [-0.805228124076281, 44.74660846919181], [-0.805101790324776, 44.74690430334253], [-0.80493537399058, 44.74718988825398], [-0.804730477260611, 44.74746247340739], [-0.8044890730151, 44.74771943344729], [-0.804213485842567, 44.74795829347314], [-0.803906369663, 44.74817675288315], [-0.803570682174348, 44.748372707539694], [-0.80320965636824, 44.74854427004333], [-0.802826769389211, 44.74868978791881], [-0.802425709037579, 44.74880785953854], [-0.802010338238951, 44.748897347629], [-0.801584657823101, 44.7489573902302], [-0.801152767971427, 44.74898740900232], [-0.80071882870513, 44.74898711479906], [-0.800287019795559, 44.74895651045428], [-0.799861500483877, 44.74889589075457], [-0.799446369398944, 44.74880583959842], [-0.799045625060483, 44.74868722436925], [-0.798663127348838, 44.74854118757651], [-0.798302560313261, 44.74836913584583], [-0.797967396677616, 44.74817272636429], [-0.79766086438593, 44.747953850911806], [-0.797385915510335, 44.74771461763266], [-0.797145197821065, 44.74745733072313], [-0.796941029292262, 44.74718446823129], [-0.796775375788978, 44.746898658183], [-0.79664983214977, 44.746602653264546], [-0.796565606846577, 44.74629930430581], [-0.79652351036885, 44.74599153281982]]]}}, {"type": "Feature", "properties": {"nb_detections_cluster": 1, "frp_max": 5.46, "frp_moyen": 5.46, "derniere_detection": "2026-07-26T12:55:00", "fetch_timestamp": "2026-07-27T12:38:00"}, "geometry": {"type": "Polygon", "coordinates": [[[-0.876922424462915, 44.88967474503482], [-0.876922419717413, 44.889365500121585], [-0.876965054639277, 44.889057743997895], [-0.877049917941928, 44.88875444047393], [-0.877176191696383, 44.88845851043122], [-0.877342659233296, 44.88817280369671], [-0.877547716882579, 44.88790007160284], [-0.877789389436724, 44.88764294049749], [-0.878065349188108, 44.887403886459104], [-0.878372938356423, 44.88718521145957], [-0.878709194689813, 44.886989021204656], [-0.879070879992975, 44.88681720486457], [-0.879454511307485, 44.88667141688989], [-0.879856394444261, 44.88655306108726], [-0.880272659545629, 44.886463277108135], [-0.880699298335084, 44.88640292948013], [-0.881132202696746, 44.88637259928665], [-0.881567204213832, 44.88637257857445], [-0.882000114286315, 44.88640286754299], [-0.882426764442448, 44.88646317454242], [-0.882843046456957, 44.88655291888061], [-0.883244951890558, 44.88667123641157], [-0.883628610670983, 44.886816987852434], [-0.883990328344789, 44.88698876974835], [-0.884326621641983, 44.88718492798043], [-0.884634252011466, 44.88740357368684], [-0.884910256804776, 44.887642601443915], [-0.885151977808013, 44.887899709532874], [-0.885357086847138, 44.88817242209701], [-0.885523608219884, 44.888458112976515], [-0.885649937737832, 44.8887540309917], [-0.885734858194706, 44.88905732643153], [-0.885777551111167, 44.88936507849236], [-0.885777604642153, 44.88967432340324], [-0.885735017569648, 44.8899820829667], [-0.885650199341407, 44.890285393240354], [-0.88552396615423, 44.89058133308332], [-0.885357533118486, 44.89086705229202], [-0.885152502578399, 44.891139799054656], [-0.884910848699689, 44.89139694645961], [-0.884634898472289, 44.891636017802064], [-0.88432730931051, 44.89185471044514], [-0.883991043465954, 44.892050918005054], [-0.883629339499433, 44.89222275064655], [-0.883245681086595, 44.89236855329263], [-0.882843763457894, 44.892486921572775], [-0.88242745779651, 44.8925767153561], [-0.882000773937647, 44.89263706973818], [-0.881567821729173, 44.89266740337605], [-0.881132771426605, 44.8926674240906], [-0.880699813504762, 44.892637131682314], [-0.880273118274219, 44.89257681793316], [-0.87985679569243, 44.892487063794725], [-0.879454855757661, 44.89236873378956], [-0.87907116986804, 44.89222296767994], [-0.878709433518799, 44.89205116948444], [-0.87837313069762, 44.891854993948286], [-0.878065500321603, 44.89163633059834], [-0.877789505039458, 44.891397285536264], [-0.87754780269958, 44.89114016114589], [-0.877342720758783, 44.89086743391038], [-0.877176233877964, 44.89058173055333], [-0.877049944920031, 44.89028580273394], [-0.876965069532566, 44.88998250054005], [-0.876922424462915, 44.88967474503482]]]}}, {"type": "Feature", "properties": {"nb_detections_cluster": 4, "frp_max": 1.83, "frp_moyen": 1.18, "derniere_detection": "2026-07-27T02:53:00", "fetch_timestamp": "2026-07-27T12:38:00"}, "geometry": {"type": "Polygon", "coordinates": [[[-0.87526, 44.89452], [-0.87721, 44.89791], [-0.87455, 44.89899], [-0.87097, 44.89635], [-0.87526, 44.89452]]]}}]}