{"type": "FeatureCollection", "name": "zone_active", "crs": {"type": "name", "properties": {"name": "urn:ogc:def:crs:OGC:1.3:CRS84"}}, "features": [{"type": "Feature", "properties": {"nb_detections_cluster": 566, "frp_max": 572.07, "frp_moyen": 27.7, "derniere_detection": "2026-07-24T11:53:00", "fetch_timestamp": "2026-07-24T11:53:00"}, "geometry": {"type": "Polygon", "coordinates": [[[-1.131081824838564, 44.78503144993398], [-1.131387868633159, 44.78481208276498], [-1.131722628427841, 44.78461513417596], [-1.13208288043489, 44.78444250064003], [-1.132465155494181, 44.78429584447724], [-1.132865772472955, 44.7841765778545], [-1.133280873702344, 44.784085849193815], [-1.133706462109937, 44.7840245321193], [-1.134138439691519, 44.783993217049165], [-1.134572646952306, 44.78399220551347], [-1.135004902938826, 44.78402150725221], [-1.13543104547689, 44.78408084012154], [-1.135846971229206, 44.784169632809146], [-1.136248675187844, 44.784287030332635], [-1.136632289222201, 44.7844319022681], [-1.136994119312067, 44.78460285362986], [-1.137330681107976, 44.78479823829688], [-1.137638733476937, 44.78501617485681], [-1.137915309710889, 44.78525456471541], [-1.138157746097543, 44.78551111229749], [-1.138363707578454, 44.785783347144886], [-1.138531210247032, 44.786068647699345], [-1.138658640469431, 44.786364266541355], [-1.13874477044362, 44.786667356842365], [-1.138788770046038, 44.78697499977587], [-1.13879021485092, 44.787284232623435], [-1.138749090244095, 44.78759207730539], [-1.138665791590618, 44.787895569061234], [-1.138541120453615, 44.78819178500384], [-1.138376276899706, 44.78847787227198], [-1.13817284796418, 44.788751075510454], [-1.137932792386131, 44.78900876341246], [-1.137658421759824, 44.789248454068584], [-1.137352378283247, 44.78946783887796], [-1.137017609317727, 44.78966480479095], [-1.136657339003409, 44.78983745466863], [-1.136275037203958, 44.78998412556296], [-1.135874386079744, 44.79010340474094], [-1.135459244611823, 44.790194143298066], [-1.135033611418951, 44.79025546722989], [-1.134601586226416, 44.79028678585468], [-1.134167330358664, 44.79028779750578], [-1.133735026637106, 44.79025849243877], [-1.133445222639286, 44.79021814225534], [-1.133419267010007, 44.79041228823702], [-1.133335935411281, 44.7907157762805], [-1.133211229943364, 44.79101198651496], [-1.133046351003492, 44.79129806613416], [-1.132842885967762, 44.79157125985653], [-1.132602793922967, 44.79182893646687], [-1.132328386814629, 44.79206861416455], [-1.132022307192158, 44.792287984473425], [-1.131687502765075, 44.79248493448353], [-1.131327198015149, 44.7926575672091], [-1.130944863137792, 44.79280421986732], [-1.130544180612047, 44.79292347990078], [-1.130129009721505, 44.7930141985894], [-1.129703349368385, 44.7930755021201], [-1.129271299539648, 44.7931068000077], [-1.128837021797086, 44.79310779078521], [-1.128404699172848, 44.793078464909286], [-1.127978495857647, 44.79301910485214], [-1.127562517070898, 44.792930282379274], [-1.127160769500289, 44.79281285303942], [-1.126777122692718, 44.79266794791982], [-1.126415271769297, 44.7924969627463], [-1.126078701824223, 44.792301544433606], [-1.125770654350963, 44.792083575215784], [-1.125494096019497, 44.79184515450958], [-1.125251690105485, 44.79158857868614], [-1.12504577084656, 44.79131631894625], [-1.12487832097249, 44.79103099751215], [-1.12475095262521, 44.79073536236592], [-1.124664891851926, 44.79043226077818], [-1.124620966819889, 44.790124611881545], [-1.124619599865476, 44.789815378554216], [-1.124660803453223, 44.7895075388838], [-1.124744180082674, 44.7892040574866], [-1.124868926142949, 44.78890785695867], [-1.125033839676867, 44.788621789733234], [-1.125237331978906, 44.788348610615564], [-1.125477442914439, 44.78809095025963], [-1.125751859811989, 44.78785128984144], [-1.126057939745949, 44.787631937173025], [-1.126392734994828, 44.7874350044865], [-1.126753021429569, 44.787262388101844], [-1.127135329558605, 44.78711575017393], [-1.127535977930813, 44.78699650269407], [-1.127951108575106, 44.786905793899976], [-1.128376724135904, 44.78684449722439], [-1.128808726347589, 44.786813202889185], [-1.129242955478269, 44.78681221222468], [-1.12967523036392, 44.78684153476998], [-1.129965014254297, 44.78688189475976], [-1.129990980179974, 44.786687749821], [-1.13007432386213, 44.786384264709184], [-1.13019903559103, 44.786088058471094], [-1.130363913740127, 44.78580198359497], [-1.130567369944659, 44.78552879495981], [-1.1308074444176, 44.78527112331122], [-1.131081824838564, 44.78503144993398]]]}}, {"type": "Feature", "properties": {"nb_detections_cluster": 45, "frp_max": 128.34, "frp_moyen": 32.74, "derniere_detection": "2026-07-23T14:12:00", "fetch_timestamp": "2026-07-24T11:53:00"}, "geometry": {"type": "Polygon", "coordinates": [[[-1.140306045599362, 44.80236141768557], [-1.140580468935177, 44.802121719410955], [-1.140886568700646, 44.801902324749406], [-1.141221396983019, 44.80170534633745], [-1.141581729334923, 44.801532680935395], [-1.141964095822467, 44.80138599117015], [-1.142364814432487, 44.8012666895322], [-1.142780026517525, 44.80117592478069], [-1.143205733937829, 44.80111457088729], [-1.143637837543352, 44.80108321862472], [-1.144072176626016, 44.80108216988118], [-1.144504568963254, 44.80111143475489], [-1.144930851068196, 44.80117073145701], [-1.145346918259902, 44.801259489023494], [-1.145748764168752, 44.801376852810094], [-1.146132519297504, 44.8015216927178], [-1.146494488267513, 44.80169261406936], [-1.146831185392139, 44.80188797103271], [-1.147139368235355, 44.80210588246231], [-1.147416068832731, 44.802344250005945], [-1.147658622274377, 44.8026007783033], [-1.147864692374541, 44.80287299708206], [-1.148032294180473, 44.80315828493869], [-1.148159813103405, 44.80345389457601], [-1.148246020486812, 44.803756979254224], [-1.148290085461314, 44.80406462020097], [-1.148291582971194, 44.80437385471704], [-1.148250497894278, 44.80468170470677], [-1.148167225214478, 44.80498520535862], [-1.148042566244321, 44.805281433699726], [-1.147877720932804, 44.805567536749656], [-1.147674276331723, 44.80584075900117], [-1.147434191330661, 44.80609846896442], [-1.147159777806921, 44.80633818451753], [-1.146853678371369, 44.80655759681989], [-1.146518840924072, 44.80675459255704], [-1.146158490264609, 44.806927274302865], [-1.145776097030418, 44.80707397880239], [-1.145375344262524, 44.807193292998896], [-1.144960091921052, 44.807284067650606], [-1.144534339692784, 44.80734542840541], [-1.144102188449714, 44.80737678422691], [-1.143667800730606, 44.807377833090115], [-1.143235360627095, 44.807348564892216], [-1.142809033461684, 44.8072892615498], [-1.142392925646959, 44.807200494282114], [-1.141991045113665, 44.80708311810618], [-1.141607262689637, 44.80693826359714], [-1.141245274802464, 44.806767325993405], [-1.140908567865761, 44.806571951751536], [-1.140600384692629, 44.806354022681134], [-1.140323693260177, 44.80611563781232], [-1.140081158126091, 44.80585909317116], [-1.139875114772574, 44.805586859658135], [-1.139707547124517, 44.805301559242956], [-1.139580068458018, 44.805005939705424], [-1.139493905882575, 44.80470284816582], [-1.139449888545619, 44.80439520366014], [-1.139448439672184, 44.804085969024406], [-1.139489572515372, 44.803778122358864], [-1.139572890255641, 44.80347462834733], [-1.139697589848816, 44.803178409707414], [-1.139862469784778, 44.802892319046826], [-1.140065941681135, 44.802619111396616], [-1.140306045599362, 44.80236141768557]]]}}, {"type": "Feature", "properties": {"nb_detections_cluster": 2, "frp_max": 8.85, "frp_moyen": 7.58, "derniere_detection": "2026-07-23T13:55:00", "fetch_timestamp": "2026-07-24T11:53:00"}, "geometry": {"type": "Polygon", "coordinates": [[[-1.158670461158376, 44.804935760352436], [-1.159030760612699, 44.80476303807606], [-1.15941310353089, 44.80461628799749], [-1.159813808126553, 44.80449692318798], [-1.160229015887035, 44.80440609301502], [-1.160654728714125, 44.80434467208017], [-1.161086847405658, 44.804313251801744], [-1.161521211108284, 44.80431213472282], [-1.161953637362414, 44.80434133159966], [-1.162379962354676, 44.80440056129812], [-1.162796080991292, 44.80448925349934], [-1.163197986407436, 44.80460655418852], [-1.163581808533055, 44.80475133387418], [-1.163943851344587, 44.804922198458996], [-1.164280628444577, 44.80511750265757], [-1.164588896627107, 44.80533536583248], [-1.164865687106194, 44.805573690096224], [-1.165108334106629, 44.805830180505374], [-1.165314500541892, 44.806102367152455], [-1.165482200531689, 44.80638762894349], [-1.165609818541852, 44.806683218832426], [-1.165696124961695, 44.806986290269684], [-1.165740287968115, 44.807293924610576], [-1.165741881561274, 44.807603159219624], [-1.165700889693589, 44.80791101600034], [-1.165617706451174, 44.808214530075894], [-1.165493132285037, 44.80851077834432], [-1.165328366327229, 44.80879690763328], [-1.16512499486505, 44.80907016218298], [-1.164884976083416, 44.80932791019254], [-1.164610621221583, 44.80956766917376], [-1.164304572325149, 44.80978712986778], [-1.163969776807156, 44.80998417849413], [-1.163609459063091, 44.810156917117304], [-1.163227089413138, 44.81030368193452], [-1.163196988033529, 44.81031264900059], [-1.163035033828689, 44.81053023466503], [-1.162794999228887, 44.8107879782784], [-1.162520628325751, 44.81102773220763], [-1.162214563319393, 44.811247187242515], [-1.161879751778037, 44.81144422965709], [-1.161519418251529, 44.81161696157567], [-1.161137033212095, 44.811763719260064], [-1.16073627962168, 44.811883089141276], [-1.160321017448216, 44.81197392144119], [-1.159895246473118, 44.812035341252475], [-1.159463067748924, 44.81206675696983], [-1.159028644079113, 44.81206786599137], [-1.158596159901663, 44.81203865763481], [-1.158169780963696, 44.81197941324038], [-1.157753614176613, 44.8118907034595], [-1.157351668039334, 44.811773382755455], [-1.156967814011777, 44.81162858116915], [-1.156605749211402, 44.81145769342923], [-1.156268960792836, 44.81126236551203], [-1.155960692354186, 44.811044478780985], [-1.155683912693986, 44.81080613185844], [-1.155441287219852, 44.81054962040508], [-1.155235152284217, 44.8102774150018], [-1.155067492694122, 44.80999213734765], [-1.154939922611232, 44.80969653500328], [-1.154853670025486, 44.809393454923516], [-1.154809564951166, 44.80908581603405], [-1.154808031458201, 44.8087765811169], [-1.154849083614515, 44.80846872827518], [-1.154932325377455, 44.80816522225223], [-1.155056954434339, 44.80786898588141], [-1.155221769954105, 44.80758287194134], [-1.155425184174449, 44.807309635687304], [-1.155665237712005, 44.807051908323565], [-1.15593961844739, 44.806812171671595], [-1.156245683802644, 44.80659273427759], [-1.156580486196135, 44.80639570918963], [-1.156940801429563, 44.806222993617546], [-1.157323159733697, 44.80607625067131], [-1.157353259781688, 44.80606728521195], [-1.157515223120488, 44.80584970816975], [-1.157755260841266, 44.80559197640941], [-1.158029625537359, 44.80535223470522], [-1.158335674785244, 44.805132791652035], [-1.158670461158376, 44.804935760352436]]]}}, {"type": "Feature", "properties": {"nb_detections_cluster": 34, "frp_max": 108.72, "frp_moyen": 31.72, "derniere_detection": "2026-07-23T12:32:00", "fetch_timestamp": "2026-07-24T11:53:00"}, "geometry": {"type": "Polygon", "coordinates": [[[-1.138455681663166, 44.809071354016645], [-1.138730145647518, 44.80883165977894], [-1.139036289174094, 44.80861226972841], [-1.139371163908736, 44.80841529645721], [-1.139731544956768, 44.80824263667612], [-1.14011396191543, 44.80809595295792], [-1.140514732285604, 44.80797665773486], [-1.1409299969215, 44.80788589970435], [-1.141355757177429, 44.80782455277327], [-1.141787913394674, 44.80779320764734], [-1.142222304358646, 44.80779216614604], [-1.142654747347301, 44.80782143829787], [-1.143081078386128, 44.807880742243874], [-1.143497192323068, 44.80796950695031], [-1.143899082338439, 44.80808687770412], [-1.144282878510329, 44.80823172433924], [-1.144644885064889, 44.80840265211364], [-1.144981615953555, 44.80859801513339], [-1.145289828415134, 44.80881593219462], [-1.145566554199923, 44.80905430489089], [-1.145809128155403, 44.809310837812326], [-1.146015213898166, 44.809583060641984], [-1.146182826324698, 44.80986835193735], [-1.146310350743807, 44.81016396436814], [-1.146396558445882, 44.8104670511676], [-1.146440618558301, 44.81077469354299], [-1.14644210607201, 44.8110839287813], [-1.146401005960929, 44.81139177877987], [-1.146317713353603, 44.81169527872709], [-1.146193029754328, 44.81199150565694], [-1.146028155349172, 44.81227760660242], [-1.145824677470022, 44.812550826076674], [-1.145584555326879, 44.81280853261653], [-1.145310101154713, 44.813048244133086], [-1.145003957955852, 44.8132676518246], [-1.14466907405186, 44.81346464242103], [-1.144308674689784, 44.813637318545744], [-1.143926230976187, 44.81378401699792], [-1.143525426438359, 44.81390332477908], [-1.143110121535137, 44.81399409270923], [-1.142684316459659, 44.81405544650102], [-1.142252112593035, 44.81408679518508], [-1.141817672980989, 44.81408783680523], [-1.141385182215085, 44.81405856132836], [-1.140958806105888, 44.81399925074121], [-1.140542651537485, 44.8139104763328], [-1.140140726891002, 44.81379309318893], [-1.139756903419205, 44.813648231951866], [-1.139394877945065, 44.81347728792481], [-1.139058137244213, 44.81328190762622], [-1.13874992445492, 44.81306397292399], [-1.138473207839481, 44.81282558290246], [-1.138230652198044, 44.812569033637395], [-1.138024593210218, 44.81229679607378], [-1.137857014951339, 44.81201149222031], [-1.137729530799554, 44.811715869889895], [-1.13764336791703, 44.81141277622973], [-1.137599355453989, 44.8111051302962], [-1.137597916588355, 44.81079589493904], [-1.137639064476683, 44.8104880482655], [-1.137722402154378, 44.810184554959406], [-1.137847126385117, 44.80988833773157], [-1.138012035421386, 44.80960224917612], [-1.138215540600442, 44.809329044303816], [-1.138455681663166, 44.809071354016645]]]}}, {"type": "Feature", "properties": {"nb_detections_cluster": 1, "frp_max": 0.87, "frp_moyen": 0.87, "derniere_detection": "2026-07-24T02:28:00", "fetch_timestamp": "2026-07-24T11:53:00"}, "geometry": {"type": "Polygon", "coordinates": [[[-1.189583764365625, 44.81251299516984], [-1.18985802706445, 44.81227317419649], [-1.190163989708664, 44.81205364282727], [-1.190498705705197, 44.8118565150153], [-1.190858951687234, 44.81168368895964], [-1.191241258551964, 44.811536828834214], [-1.191641944859826, 44.81141734877002], [-1.192057152274008, 44.81132639924434], [-1.192482882699459, 44.81126485600798], [-1.192915036764472, 44.811233311656935], [-1.193349453275086, 44.81123206992894], [-1.19378194926331, 44.8112611427805], [-1.194208360244467, 44.81132025027171], [-1.194624580297033, 44.81140882326042], [-1.195026601579948, 44.811526008879746], [-1.195410552907813, 44.81167067874629], [-1.195772737013345, 44.8118414398202], [-1.196109666138935, 44.81203664781288], [-1.196418095615165, 44.81225442301334], [-1.196695055103273, 44.812492668381374], [-1.196937877200919, 44.81274908973338], [-1.197144223135762, 44.81302121782704], [-1.197312105299209, 44.81330643213238], [-1.197439906402937, 44.81360198606078], [-1.197526395073147, 44.8139050334092], [-1.197570737731622, 44.814212655765104], [-1.197572506648329, 44.814521890608646], [-1.197531684087048, 44.814829759841274], [-1.197448662503112, 44.815133298466456], [-1.197324240790292, 44.815429583145956], [-1.197159616611979, 44.81571576035699], [-1.196956374889537, 44.815989073878356], [-1.196716472557855, 44.816246891341386], [-1.196442219734124, 44.81648672958905], [-1.196136257480675, 44.81670627859919], [-1.195801532375559, 44.81690342374075], [-1.195441268135628, 44.81707626614874], [-1.195058934565335, 44.81722314102076], [-1.19465821413052, 44.81734263365917], [-1.194242966479476, 44.817433593103424], [-1.193817191253531, 44.81749514322156], [-1.193384989546055, 44.81752669115316], [-1.192950524381878, 44.817527933022824], [-1.192517980598722, 44.81749885686866], [-1.192091524517993, 44.817439742757465], [-1.191675263794371, 44.81735116008578], [-1.19127320783188, 44.81723396209261], [-1.190889229148635, 44.81708927763689], [-1.190527026063173, 44.816918500319105], [-1.190190087062488, 44.816723275052134], [-1.189881657195493, 44.81650548221074], [-1.18960470681597, 44.816267219513094], [-1.189361902976217, 44.81601078180877], [-1.189155583746937, 44.81573863896851], [-1.188987735710445, 44.81545341208898], [-1.188859974843578, 44.81515784824199], [-1.18877353097386, 44.814854794011794], [-1.188729235957849, 44.81454716807534], [-1.188727515694705, 44.814237933090126], [-1.188768386050918, 44.8139300671601], [-1.188851452734425, 44.813626535154924], [-1.1889759151183, 44.813330260158374], [-1.18914057397619, 44.813044095321175], [-1.189343843054011, 44.81277079638899], [-1.189583764365625, 44.81251299516984]]]}}, {"type": "Feature", "properties": {"nb_detections_cluster": 1, "frp_max": 0.63, "frp_moyen": 0.63, "derniere_detection": "2026-07-24T02:28:00", "fetch_timestamp": "2026-07-24T11:53:00"}, "geometry": {"type": "Polygon", "coordinates": [[[-1.174993948976016, 44.81724252321804], [-1.175268297005405, 44.817002737941834], [-1.175574342379766, 44.81678324647059], [-1.175909137709551, 44.81658616237317], [-1.176269458864197, 44.81641338342765], [-1.176651836017227, 44.816266573354326], [-1.177052587052444, 44.8161471458022], [-1.177467853009945, 44.816056250742875], [-1.177893635231117, 44.815994763402735], [-1.17832583384564, 44.8159632758395], [-1.178760287230688, 44.81596209124415], [-1.179192812063264, 44.81599122102307], [-1.179619243580978, 44.81605038468812], [-1.180035475664537, 44.81613901255634], [-1.180437500356969, 44.81625625123238], [-1.180821446439946, 44.816400971821935], [-1.181183616696547, 44.816571780796714], [-1.181520523502344, 44.81676703340686], [-1.18182892240264, 44.81698484951172], [-1.182105843352879, 44.81722313167715], [-1.182348619321585, 44.817479585365156], [-1.182554911980381, 44.81775174102196], [-1.182722734233467, 44.818036977852096], [-1.182850469369226, 44.81833254904998], [-1.182936886648921, 44.81863560824613], [-1.182981153181657, 44.81894323691387], [-1.182982841970363, 44.81925247247244], [-1.182941936050378, 44.819560336816345], [-1.182858828679756, 44.819863864996], [-1.182734319578429, 44.82016013377374], [-1.182569607251429, 44.820446289779774], [-1.182366277469141, 44.82071957699708], [-1.182126288014665, 44.82097736331025], [-1.181851949844423, 44.82121716586223], [-1.181545904842909, 44.821436674974585], [-1.181211100385343, 44.82163377640051], [-1.180850760953061, 44.821806571696], [-1.180468357074942, 44.821953396512455], [-1.180067571894212, 44.82207283663433], [-1.179652265682967, 44.82216374160691], [-1.17922643864675, 44.82222523582288], [-1.178794192378096, 44.82225672696029], [-1.178359690331154, 44.82225791169079], [-1.177927117698968, 44.82222877860288], [-1.177500641080844, 44.82216960831172], [-1.177084368329257, 44.82208097075501], [-1.176682308964027, 44.8219637197004], [-1.176298335535939, 44.8218189845179], [-1.175936146312771, 44.82164815929658], [-1.175599229647827, 44.82145288941067], [-1.175290830374684, 44.82123505566471], [-1.175013918552227, 44.820996756170764], [-1.174771160861156, 44.82074028613279], [-1.174564894927449, 44.820468115732844], [-1.174397106819876, 44.820182866332985], [-1.174269411937862, 44.81988728522185], [-1.174183039473212, 44.81958421914985], [-1.174138820594606, 44.81927658690793], [-1.174137180467794, 44.8189673512142], [-1.174178134187387, 44.81865949017936], [-1.17426128665842, 44.81835596862577], [-1.174385836427775, 44.81805970953651], [-1.174550583427574, 44.81777356590906], [-1.174753940554972, 44.817500293284695], [-1.174993948976016, 44.81724252321804]]]}}, {"type": "Feature", "properties": {"nb_detections_cluster": 1, "frp_max": 24.68, "frp_moyen": 24.68, "derniere_detection": "2026-07-23T12:14:00", "fetch_timestamp": "2026-07-24T11:53:00"}, "geometry": {"type": "Polygon", "coordinates": [[[-1.152874577554774, 44.818921811238674], [-1.153149028144414, 44.81868208053814], [-1.153455169037334, 44.81846264997299], [-1.153790051924481, 44.8182656325255], [-1.154150451832466, 44.81809292533194], [-1.154532898176746, 44.8179461914216], [-1.154933708175131, 44.81782684371008], [-1.155349022300175, 44.81773603140018], [-1.155774841429645, 44.817674628921495], [-1.156207065337963, 44.817643227514594], [-1.15664153215883, 44.81764212954088], [-1.157074058439901, 44.817671345572606], [-1.157500479404801, 44.81773059429121], [-1.157916689035759, 44.81781930519469], [-1.158318679591854, 44.81793662408815], [-1.158702580183265, 44.81808142130484], [-1.159064694030876, 44.818252302578614], [-1.159401534053163, 44.81844762246336], [-1.159709856438216, 44.818665500170596], [-1.159986691877972, 44.8189038376729], [-1.160229374164071, 44.81916033989933], [-1.160435565869974, 44.81943253682858], [-1.160603280871758, 44.81971780726767], [-1.160730903490388, 44.82001340408721], [-1.160817204070475, 44.820316480670876], [-1.16086135084481, 44.820624118324396], [-1.160862917969544, 44.82093335438035], [-1.160821889651657, 44.82124121072826], [-1.160738660327998, 44.82154472249548], [-1.16061403089308, 44.82184096660222], [-1.160449201010995, 44.82212708991618], [-1.160245757584494, 44.822400336735086], [-1.16000565949143, 44.82265807533252], [-1.159731218734826, 44.82289782331085], [-1.15942507818751, 44.82311727151724], [-1.159090186145254, 44.823314306291415], [-1.158729767933276, 44.823487029831284], [-1.158347294839525, 44.82363377847937], [-1.157946450674166, 44.82375313875372], [-1.157531096277655, 44.8238439609687], [-1.15710523231984, 44.82390537031415], [-1.156672960749025, 44.82393677528555], [-1.156238445263154, 44.823937873384565], [-1.155805871184739, 44.82390865403408], [-1.15537940512698, 44.82384939868022], [-1.154963154840541, 44.823760678079964], [-1.154561129628711, 44.82364334680086], [-1.154177201713114, 44.823498534985625], [-1.153815068922917, 44.823327637461425], [-1.153478219067595, 44.82313230029888], [-1.153169896336936, 44.822914404950424], [-1.152893070052289, 44.82267605012141], [-1.152650406070184, 44.82241953154869], [-1.152444241113753, 44.822147319881694], [-1.152276560278943, 44.82186203687979], [-1.152148977931778, 44.82156643015516], [-1.152062722180036, 44.82126334670472], [-1.152018623068197, 44.82095570548669], [-1.152017104608469, 44.820646469305466], [-1.152058180723699, 44.820338616276274], [-1.152141455140218, 44.82003511114434], [-1.152266125230615, 44.81973887673437], [-1.152430989768434, 44.819452765806055], [-1.152634460519123, 44.819179533585675], [-1.152874577554774, 44.818921811238674]]]}}, {"type": "Feature", "properties": {"nb_detections_cluster": 13, "frp_max": 87.18, "frp_moyen": 27.23, "derniere_detection": "2026-07-24T12:14:00", "fetch_timestamp": "2026-07-24T11:53:00"}, "geometry": {"type": "Polygon", "coordinates": [[[-1.139164726320158, 44.823761367669455], [-1.139439259026469, 44.823521670502934], [-1.139745479811799, 44.82330227742015], [-1.140080439597929, 44.82310530104239], [-1.140440912671149, 44.82293263811038], [-1.14082342774257, 44.82278595122725], [-1.141224301368388, 44.822666652855695], [-1.141639673408653, 44.82257589172345], [-1.142065544183607, 44.8225145417673], [-1.14249781297051, 44.82248319372204], [-1.142932317471017, 44.822482149435245], [-1.143364873870037, 44.8225114189623], [-1.143791317101213, 44.82257072046949], [-1.144207540932359, 44.82265948294653], [-1.144609537485763, 44.82277685170189], [-1.144993435813763, 44.822921696588715], [-1.145355539158907, 44.8230926228818], [-1.14569236054064, 44.823287984701516], [-1.146000656326356, 44.823505900855544], [-1.146277457463912, 44.82374427294622], [-1.146520098075041, 44.82400080556944], [-1.146726241134282, 44.82427302841117], [-1.146893900985939, 44.8245583200288], [-1.147021462481843, 44.82485393308894], [-1.147107696555014, 44.82515702081879], [-1.147151772078536, 44.825464664416664], [-1.147153263894574, 44.825773901157746], [-1.147112156935253, 44.82608175292496], [-1.147028846394707, 44.82638525488961], [-1.146904133949594, 44.826681484066285], [-1.146739220063468, 44.82696758746635], [-1.146535692448175, 44.82724080957929], [-1.146295510792484, 44.82749851891652], [-1.146120410806591, 44.82765141721263], [-1.146140893165163, 44.82766589380524], [-1.146417715389635, 44.82790426587396], [-1.146660374604226, 44.82816079854331], [-1.146866533604275, 44.82843302149875], [-1.147034206580514, 44.828718313296626], [-1.147161778258306, 44.829013926601775], [-1.147248019472529, 44.82931701463906], [-1.1472920990274, 44.829624658603784], [-1.147293591726158, 44.829933895767695], [-1.147252482492325, 44.83024174800956], [-1.147169166541837, 44.83054525049618], [-1.147044445603353, 44.83084148023705], [-1.146879520222139, 44.83112758423816], [-1.146675978220666, 44.831400806983176], [-1.14643577942619, 44.83165851697743], [-1.146161236811676, 44.83189823209879], [-1.145854994231094, 44.832117643510735], [-1.145520000963088, 44.832314637907395], [-1.145159483308016, 44.83248731787558], [-1.144776913511828, 44.83263402017738], [-1.144375976316306, 44.83275333177729], [-1.14396053345817, 44.83284410345848], [-1.143534586459523, 44.83290546089749], [-1.143102238068697, 44.832936813089844], [-1.142667652723723, 44.83293785804553], [-1.142235016420121, 44.832908585699315], [-1.14180849637053, 44.83284927800781], [-1.141392200845701, 44.832760506232106], [-1.14099013958465, 44.83264312543267], [-1.140606185156162, 44.83249826622921], [-1.140244035644667, 44.83232732390532], [-1.13990717902054, 44.83213194496304], [-1.139598859538566, 44.83191401125727], [-1.139322046488568, 44.83167562186275], [-1.139079405599338, 44.83141907284916], [-1.138873273371304, 44.831146835159096], [-1.1387056345849, 44.83086153080249], [-1.138578103200867, 44.83056590759711], [-1.138491906835862, 44.83026281269857], [-1.138447874962134, 44.829955165175214], [-1.138446430944088, 44.829645927892095], [-1.138487587987426, 44.82933807897497], [-1.138570949038925, 44.829034583129335], [-1.138695710636713, 44.828738363090416], [-1.138860670673014, 44.82845227147945], [-1.139064239993581, 44.82817906333659], [-1.1393044577213, 44.827921369595344], [-1.139479577093834, 44.8277684820421], [-1.139459096414067, 44.82775400421944], [-1.139182304449796, 44.82751561480312], [-1.138939682161476, 44.82725906583577], [-1.138733565870431, 44.82698682825954], [-1.13856594020367, 44.826701524083305], [-1.138438418995656, 44.826405901123046], [-1.138352229765128, 44.826102806532035], [-1.138308201915726, 44.82579515937564], [-1.138306758773193, 44.82548592251539], [-1.13834791353491, 44.82517807407298], [-1.138431269169722, 44.82487457874931], [-1.138556022268027, 44.82457835927461], [-1.138720970803987, 44.82429226826463], [-1.138924525734186, 44.824019060753784], [-1.139164726320158, 44.823761367669455]]]}}, {"type": "Feature", "properties": {"nb_detections_cluster": 9, "frp_max": 97.28, "frp_moyen": 18.77, "derniere_detection": "2026-07-24T12:14:00", "fetch_timestamp": "2026-07-24T11:53:00"}, "geometry": {"type": "Polygon", "coordinates": [[[-1.125484623592312, 44.83255092269885], [-1.125759257599627, 44.832311258689906], [-1.126065579698459, 44.8320919027301], [-1.126400639835127, 44.83189496708324], [-1.126761211329772, 44.83172234809776], [-1.127143821945958, 44.83157570795362], [-1.127544787320059, 44.831456458663396], [-1.127960246428862, 44.831365748482256], [-1.128386198754411, 44.8313044508563], [-1.128818542788885, 44.83127315601652], [-1.129253115509531, 44.831272165298124], [-1.129685732444478, 44.83130148824071], [-1.130112227944544, 44.83136084249622], [-1.130528495274278, 44.83144965654644], [-1.130930526137104, 44.831567075203274], [-1.131265311411969, 44.83169342332627], [-1.131380508643462, 44.831727067427664], [-1.131764434014833, 44.83187195851449], [-1.132126554791699, 44.83204292848533], [-1.132463383825499, 44.83223833103995], [-1.132771677409747, 44.83245628459376], [-1.133048466513269, 44.83269469038891], [-1.133291085373419, 44.83295125269669], [-1.133497197173908, 44.83322350091715], [-1.133664816559761, 44.83350881336327], [-1.133774309370775, 44.83376266583485], [-1.133960447589458, 44.833817021751635], [-1.13434439389449, 44.83396190401176], [-1.134706535991521, 44.83413286568069], [-1.135043386526725, 44.83432826053813], [-1.135351701586604, 44.83454620707361], [-1.135628511933208, 44.83478460659686], [-1.135871151599341, 44.83504116343961], [-1.136077283568367, 44.83531340705454], [-1.136244922291082, 44.83559871579896], [-1.136372452822477, 44.835894342174484], [-1.136458646393439, 44.83619743928002], [-1.136502672266785, 44.8365050882235], [-1.136504105762529, 44.83681432622862], [-1.136462932374179, 44.83712217516603], [-1.136379547935377, 44.837425670234225], [-1.136254754834281, 44.83772188851413], [-1.13608975431108, 44.83800797712203], [-1.135886134911916, 44.838281180689776], [-1.135645857209491, 44.83853886790735], [-1.135371234936807, 44.83877855687195], [-1.135064912715137, 44.83899793899896], [-1.134729840590303, 44.839194901264506], [-1.134369245622318, 44.839367546564844], [-1.133986600801941, 44.839514211995976], [-1.13358559159373, 44.839633484877524], [-1.133170080428186, 44.839724216365575], [-1.132744069485497, 44.8397855325238], [-1.132311662130046, 44.83981684274536], [-1.131877023367932, 44.83981784544447], [-1.131444339709285, 44.839788530962984], [-1.131017778822928, 44.83972918166331], [-1.130601449372982, 44.83964036920736], [-1.130199361425219, 44.83952294904742], [-1.129815387805418, 44.839378052182276], [-1.129453226782769, 44.83920707425829], [-1.129116366438397, 44.83901166212042], [-1.128808051062761, 44.83879369794322], [-1.128531249905949, 44.83855528109489], [-1.128519870214369, 44.83854324708156], [-1.128503819700641, 44.83854555662685], [-1.128071419526353, 44.838576850314965], [-1.127636790282207, 44.83857783640778], [-1.127204118386636, 44.83854850540701], [-1.126777571395139, 44.83848913983428], [-1.126361257837963, 44.83840031150816], [-1.125959187627755, 44.83828287603386], [-1.125821883285803, 44.838231055053114], [-1.125574488128577, 44.8384081937834], [-1.125239386251931, 44.83860512735628], [-1.124878765907978, 44.83877774178628], [-1.124496100332009, 44.83892437446672], [-1.124095075188605, 44.83904361303265], [-1.123679553061841, 44.83913430897071], [-1.12325353623755, 44.83919558868696], [-1.122821128136811, 44.83922686192556], [-1.122386493772918, 44.83922782745699], [-1.12195381961363, 44.83919847598107], [-1.121527273236241, 44.8391390902166], [-1.121110963165065, 44.83905024217669], [-1.120708899279141, 44.83893278765634], [-1.120324954172389, 44.83878785798534], [-1.119962825839257, 44.838616849126005], [-1.119626002045891, 44.83842140822123], [-1.119317726730575, 44.83820341772264], [-1.119040968757424, 44.83796497725191], [-1.118798393324428, 44.83770838337063], [-1.118592336301241, 44.83743610745345], [-1.118424781743646, 44.83715077187835], [-1.118297342800849, 44.83685512476368], [-1.118211246198915, 44.836552013495194], [-1.118167320449037, 44.836244357298774], [-1.11816598789336, 44.835935119122865], [-1.118207260663987, 44.8356272771017], [-1.118290740593088, 44.83532379587425], [-1.118415623073928, 44.83502759803482], [-1.118580704834626, 44.834741535990716], [-1.118784395548808, 44.8344683644973], [-1.119024733170477, 44.834210714135025], [-1.119299402844704, 44.83397106598364], [-1.119605759211386, 44.83375172773703], [-1.119940851886942, 44.83355481148839], [-1.120301453878262, 44.83338221339938], [-1.120684092655335, 44.83323559544872], [-1.121085083583447, 44.83311636943528], [-1.121500565393398, 44.833025683390055], [-1.121926537348708, 44.83296441052677], [-1.122358897752587, 44.83293314083795], [-1.122793483424706, 44.832932175416666], [-1.123226109768503, 44.83296152355889], [-1.123652611044204, 44.833020902673944], [-1.124068880460729, 44.833109741004236], [-1.124470909701378, 44.833227183127875], [-1.124608200569333, 44.83327900569505], [-1.124855576188812, 44.83310186941662], [-1.125158340623649, 44.83292392475586], [-1.125244322693228, 44.83280858691034], [-1.125484623592312, 44.83255092269885]]]}}, {"type": "Feature", "properties": {"nb_detections_cluster": 4, "frp_max": 139.69, "frp_moyen": 105.11, "derniere_detection": "2026-07-24T12:14:00", "fetch_timestamp": "2026-07-24T11:53:00"}, "geometry": {"type": "Polygon", "coordinates": [[[-1.154007904018552, 44.83732209307625], [-1.15431414312631, 44.83710265879083], [-1.154649134106011, 44.83690563753788], [-1.155009650943344, 44.83673292649033], [-1.155392221927837, 44.83658618871459], [-1.155793163077188, 44.836466837163435], [-1.156208613601214, 44.83637602107671], [-1.156634573064456, 44.83631461492028], [-1.157066939890272, 44.8362832099702], [-1.157501550836439, 44.83628210862192], [-1.157934221063074, 44.83631132148026], [-1.158360784407985, 44.836370567257205], [-1.158777133482641, 44.83645927547901], [-1.159179259203599, 44.83657659197668], [-1.159563289379667, 44.836721387106486], [-1.159925525984032, 44.83689226662244], [-1.160262480753153, 44.837087585095304], [-1.160570908770153, 44.83730546175023], [-1.160847839709692, 44.83754379856994], [-1.161090606443624, 44.83780030049005], [-1.161296870731972, 44.83807249749225], [-1.16146464575156, 44.83835776838285], [-1.161592315245034, 44.838653366028105], [-1.161678649105196, 44.83895644380376], [-1.161722815243914, 44.83926408300409], [-1.161724387630391, 44.839573320946734], [-1.161683350420475, 44.83988117950312], [-1.161600098136184, 44.840184693779264], [-1.161475431892724, 44.84048094067128], [-1.161310551708271, 44.840767067019996], [-1.161107044969677, 44.84104031709395], [-1.160866871164249, 44.84129805913534], [-1.160592343023968, 44.8415378107134], [-1.160286104263104, 44.84175726264056], [-1.159951104123262, 44.841954301220774], [-1.159590568970768, 44.84212702861524], [-1.159207971219938, 44.84227378112937], [-1.15880699588169, 44.842393145243975], [-1.158391505060068, 44.84248397123641], [-1.157965500739141, 44.84254538426013], [-1.15753308621941, 44.84257679277521], [-1.157098426575948, 44.84257789424915], [-1.156665708520047, 44.84254867807232], [-1.156239100051951, 44.84248942566033], [-1.155822710294249, 44.84240070774175], [-1.155420549893812, 44.842283378858376], [-1.155036492374545, 44.842138569129816], [-1.154975053669058, 44.84210958528697], [-1.154973471303301, 44.84212144484634], [-1.154890179447682, 44.842424954309855], [-1.154765472849149, 44.842721193880045], [-1.15460055191454, 44.84300731046824], [-1.154397004423193, 44.84328054843692], [-1.154156790254958, 44.843538276144855], [-1.153882222530616, 44.843778011299285], [-1.153575945345761, 44.84399744487084], [-1.153240908312159, 44.844194463340195], [-1.152880338151574, 44.844367169062274], [-1.152497707615596, 44.8445138985512], [-1.152096702031016, 44.84463323850956], [-1.151681183793288, 44.84472403944737], [-1.151255155150628, 44.84478542675941], [-1.150822719637867, 44.844816809153414], [-1.15038804253233, 44.84481788434848], [-1.149955310713536, 44.844788641988146], [-1.149528692314303, 44.84472936374015], [-1.149112296552874, 44.844640620582005], [-1.148710134133918, 44.84452326729851], [-1.148326078600733, 44.844378434244355], [-1.148087107179387, 44.844265682210384], [-1.148063596798739, 44.84444171809667], [-1.147980264170027, 44.84474522260262], [-1.147855515981786, 44.84504145463133], [-1.147690553041404, 44.845327561166684], [-1.147486963532805, 44.84560078666795], [-1.147246707740557, 44.845858499613946], [-1.146972099186391, 44.84609821785407], [-1.146665782359225, 44.846317632521824], [-1.146330707252725, 44.84651463027991], [-1.145970100955447, 44.84668731368278], [-1.145587436567137, 44.846834019459465], [-1.145186399740732, 44.846953334540935], [-1.144770853172692, 44.84704410967689], [-1.144344799384187, 44.84710547051055], [-1.143912342152316, 44.847136826004736], [-1.143477646963653, 44.84713787413764], [-1.143044900871925, 44.84710860481343], [-1.142618272147444, 44.84704929995959], [-1.142201870107893, 44.84696053080993], [-1.141799705518385, 44.84684315239957], [-1.14141565194308, 44.84669829532524], [-1.141053408421455, 44.846527354850025], [-1.140716463829406, 44.846331977458156], [-1.140408063268982, 44.84611404498962], [-1.140131176810852, 44.84587565650722], [-1.139888470890718, 44.845619108071894], [-1.139682282635168, 44.845346870620645], [-1.13951459736403, 44.84506156616116], [-1.13938702948548, 44.844765942512154], [-1.139300806967351, 44.844462846833544], [-1.139256759533441, 44.844155198201186], [-1.139255310697663, 44.84384595949082], [-1.139296473711763, 44.843538108841955], [-1.139379851464664, 44.84323461097676], [-1.139504640333318, 44.842938388649955], [-1.13966963794701, 44.842652294504745], [-1.139873254789342, 44.842379083605735], [-1.140113529525327, 44.84212138691297], [-1.140388147905234, 44.84188168595242], [-1.140694465062548, 44.841662288926585], [-1.141029530990916, 44.84146530849471], [-1.141390118954493, 44.841292641436596], [-1.141772756558087, 44.84114595039506], [-1.142173759178081, 44.84102664787283], [-1.142589265432549, 44.84093588263764], [-1.14301527434955, 44.84087452866571], [-1.14344768387637, 44.84084317673059], [-1.143882330359715, 44.84084212871728], [-1.144315028617574, 44.840871394717], [-1.144741612217866, 44.84093069293006], [-1.145157973577005, 44.84101945237785], [-1.1455601034932, 44.84113681839805], [-1.145944129734772, 44.8412816608701], [-1.146183084161771, 44.84139441740844], [-1.146206599159683, 44.84121838209525], [-1.14628993613897, 44.84091487926962], [-1.146414683419243, 44.84061864939871], [-1.146579639030285, 44.84033254519842], [-1.146783213860163, 44.84005932183021], [-1.147023446978421, 44.83980161037424], [-1.147298024536042, 44.839561892498686], [-1.147604302059542, 44.83934247656896], [-1.147939329924142, 44.839145475426356], [-1.148299881760438, 44.83897278605012], [-1.148682485521029, 44.838826071297994], [-1.149083456908093, 44.838706743901035], [-1.149498934840363, 44.83861595286647], [-1.149924918618541, 44.83855457241899], [-1.150357306431911, 44.83852319358704], [-1.150791934836211, 44.83852211851463], [-1.151224618823483, 44.838551357553555], [-1.151651192099044, 44.83861062916366], [-1.152067547178734, 44.83869936262255], [-1.152469674921258, 44.83881670351814], [-1.152853703115912, 44.83896152197182], [-1.152915137284322, 44.83899050695918], [-1.152916719996399, 44.83897864744128], [-1.153000017403875, 44.838675139800216], [-1.15312472433038, 44.83837890260494], [-1.153289639194311, 44.83809278864193], [-1.153493173276106, 44.83781955316673], [-1.153733366037669, 44.837561827376085], [-1.154007904018552, 44.83732209307625]]]}}, {"type": "Feature", "properties": {"nb_detections_cluster": 272, "frp_max": 404.96, "frp_moyen": 51.14, "derniere_detection": "2026-07-24T12:14:00", "fetch_timestamp": "2026-07-24T11:53:00"}, "geometry": {"type": "Polygon", "coordinates": [[[-1.130153191027704, 44.85267106048317], [-1.130427903491768, 44.85243138334939], [-1.130734317085643, 44.85221201306406], [-1.131069480874415, 44.85201506202896], [-1.131430167180012, 44.8518424267407], [-1.13181290266042, 44.851695769536214], [-1.132214001749707, 44.8515765025924], [-1.132629602137204, 44.85148577433436], [-1.133055701944734, 44.851424458382276], [-1.133488198244574, 44.851393145143575], [-1.133922926548047, 44.851392136130706], [-1.134355700885437, 44.85142144105931], [-1.1347823540922, 44.85148077775486], [-1.135198777914578, 44.85156957486821], [-1.13560096254935, 44.851686977374364], [-1.135985035237929, 44.85183185480143], [-1.136347297543947, 44.85200281211091], [-1.136684260956103, 44.85219820312448], [-1.136992680473947, 44.85241614636868], [-1.137269585853576, 44.85265454318496], [-1.137512310212519, 44.85291109793114], [-1.13771851571836, 44.853183340080086], [-1.137886216113477, 44.85346864800323], [-1.138013795858624, 44.85376427421011], [-1.138100025710385, 44.85406737180128], [-1.138144074581769, 44.854375021880024], [-1.138145517570879, 44.85468426165909], [-1.138104340079346, 44.85499211299204], [-1.13802093797989, 44.85529561105437], [-1.13789611383032, 44.85559183289811], [-1.137731069169456, 44.85587792560528], [-1.137527392968169, 44.85615113376821], [-1.137287046345922, 44.85640882603268], [-1.137012343699251, 44.85664852044719], [-1.136705930423357, 44.856867908374724], [-1.136370757440933, 44.857064876735514], [-1.136010052783359, 44.85723752836711], [-1.135627290497906, 44.85738420030453], [-1.135226157180609, 44.857503479804684], [-1.134810516457497, 44.857594217959964], [-1.134384371756823, 44.85765554076979], [-1.133951827731531, 44.85768685756322], [-1.133517050704359, 44.85768786669126], [-1.133084228517447, 44.85765855843375], [-1.13265753017417, 44.85759921509318], [-1.132241065662856, 44.857510408274074], [-1.131838846350379, 44.85739299337441], [-1.131454746327972, 44.85724810134233], [-1.13120736401162, 44.85713135295929], [-1.131184464695511, 44.857302386625115], [-1.131101021771448, 44.857605879713], [-1.130976155989624, 44.85790209399487], [-1.130811069289814, 44.85818817662547], [-1.130607351047793, 44.85846137229417], [-1.130366962787971, 44.85871904976703], [-1.130092219307967, 44.85895872723502], [-1.129785766396337, 44.859178096224305], [-1.129450555357612, 44.85937504383747], [-1.129089814589806, 44.8595476731119], [-1.128707018488086, 44.859694321297965], [-1.12830585397429, 44.8598135758813], [-1.127890184975017, 44.85990428819429], [-1.127464015190951, 44.85996558448533], [-1.127031449516704, 44.859996874338854], [-1.126596654483583, 44.85999785636534], [-1.126163818107198, 44.8599685211057], [-1.125931867804026, 44.85993624898171], [-1.126119294296198, 44.86018375485439], [-1.126286956666473, 44.8604690809396], [-1.126414491254612, 44.86076472113926], [-1.126500669251821, 44.86106782841915], [-1.12654466007026, 44.86137548378916], [-1.126546039366896, 44.86168472441101], [-1.126504793156581, 44.86199257213006], [-1.126421317973698, 44.862296062156524], [-1.126296417079808, 44.86259227161978], [-1.126131292752786, 44.862878347720994], [-1.125927534730752, 44.863151535212374], [-1.125687104921222, 44.86340920293873], [-1.125412318521991, 44.8636488691849], [-1.125105821735011, 44.86386822558505], [-1.124770566287436, 44.864065159363065], [-1.124409781005069, 44.86423777368955], [-1.124026940711894, 44.86438440595882], [-1.123625732755475, 44.86450364380987], [-1.123210021480926, 44.86459433873619], [-1.122783810996207, 44.864655617153666], [-1.122351206588043, 44.86468688881888], [-1.121916375160903, 44.86468785251751], [-1.121483505081005, 44.86465849896701], [-1.121056765813091, 44.8645991109062], [-1.120640267739703, 44.864510260370245], [-1.120238022550966, 44.86439280317824], [-1.119853904587298, 44.86424787068572], [-1.119491613508198, 44.864076858882164], [-1.119154638647386, 44.86388141493883], [-1.11884622539813, 44.863663421336625], [-1.118569343952916, 44.86342497772712], [-1.11832666069871, 44.863168380702135], [-1.118120512543297, 44.86289610166659], [-1.117952884419755, 44.86261076302856], [-1.117825390185318, 44.862315112935846], [-1.117739257098008, 44.862011998802906], [-1.117695314019802, 44.861704339883204], [-1.117693983459103, 44.861395099151395], [-1.117735277528165, 44.86108725476636], [-1.117818797853421, 44.86078377138979], [-1.11794373943851, 44.86048757163673], [-1.118108898441821, 44.86020150793286], [-1.118312683792644, 44.85992833504952], [-1.11855313253323, 44.85967068358057], [-1.118827928738275, 44.85943103461639], [-1.119134425828997, 44.85921169585868], [-1.119469672066566, 44.85901477940555], [-1.119830438979119, 44.85884218142066], [-1.120213252448608, 44.858695563881625], [-1.120614426158293, 44.858576338583426], [-1.12103009707914, 44.85848565355011], [-1.121456262653959, 44.85842438198571], [-1.12188881932189, 44.85839311387019], [-1.122323602013093, 44.858392150281524], [-1.122756424234244, 44.858421500497975], [-1.12298836645664, 44.85845377924049], [-1.122800959535808, 44.8582062682198], [-1.122633321630923, 44.85792093707763], [-1.122505813404502, 44.85762529280455], [-1.122419662249464, 44.857322182759], [-1.122375697201931, 44.85701452615511], [-1.122374340982009, 44.85670528594526], [-1.122415605949185, 44.856397440283345], [-1.122499094010257, 44.85609395384334], [-1.122624000479666, 44.85579774926984], [-1.122789121854032, 44.85551167903502], [-1.122992867425059, 44.85523849797309], [-1.123233274618097, 44.854980836756695], [-1.123508027907937, 44.85474117657013], [-1.123814481129033, 44.85452182522318], [-1.124149682964964, 44.85432489493515], [-1.124510405371372, 44.85415228200297], [-1.12489317465871, 44.8540056485482], [-1.1252943049356, 44.85388640651906], [-1.125709933591149, 44.853795704100754], [-1.126136058475061, 44.85373441466466], [-1.126568576418211, 44.85370312836287], [-1.127003322723569, 44.85370214644843], [-1.127436111248107, 44.85373147837611], [-1.127862774690689, 44.853790841711366], [-1.128279204698983, 44.85387966484856], [-1.128681391410177, 44.8539970925121], [-1.12906546204564, 44.85414199398785], [-1.129312826743214, 44.85425874703142], [-1.129335730517767, 44.85408771391928], [-1.129419177753738, 44.853784222501965], [-1.129544042592243, 44.853488010363975], [-1.129709121930812, 44.85320193005034], [-1.129912825465927, 44.852928736492395], [-1.130153191027704, 44.85267106048317]]]}}, {"type": "Feature", "properties": {"nb_detections_cluster": 8, "frp_max": 176.56, "frp_moyen": 133.59, "derniere_detection": "2026-07-24T11:53:00", "fetch_timestamp": "2026-07-24T11:53:00"}, "geometry": {"type": "Polygon", "coordinates": [[[-1.159062876636134, 44.857222771400835], [-1.159397970964492, 44.85702573452764], [-1.159758602349592, 44.85685300692559], [-1.160141297977914, 44.85670625182054], [-1.160542372666973, 44.85658688233216], [-1.160957964340817, 44.856496047872945], [-1.161384071205009, 44.85643462308574], [-1.161816590263783, 44.85640319942593], [-1.162251356809303, 44.85640207946917], [-1.162684184503683, 44.85643127399943], [-1.16311090566874, 44.85649050190514], [-1.163527411396546, 44.856579192884745], [-1.163929691095467, 44.85669649293518], [-1.164313871091839, 44.85684127257116], [-1.164676251916347, 44.85701213769583], [-1.165013343916805, 44.857207443018616], [-1.165321900854908, 44.85742530789128], [-1.165598951163822, 44.857663634410024], [-1.165841826565802, 44.857920127609674], [-1.166048187774219, 44.858192317555954], [-1.166216047032307, 44.85847758312309], [-1.166343787271151, 44.85877317722869], [-1.166430177701872, 44.8590762532826], [-1.166474385691097, 44.85938389259569], [-1.166475984804517, 44.85969313248458], [-1.16643495894008, 44.860000994801915], [-1.166351702510031, 44.860304514617624], [-1.166227016669005, 44.860600768774404], [-1.166062101623448, 44.86088690404321], [-1.165858545095524, 44.86116016460662], [-1.165618307051689, 44.86141791860588], [-1.165343700842299, 44.861657683495054], [-1.16503737093329, 44.86187714995836], [-1.164702267443983, 44.86207420415976], [-1.164341617736031, 44.86224694811004], [-1.16395889532709, 44.86239371795508], [-1.163557786428808, 44.8625131000088], [-1.163142154431781, 44.862603944375785], [-1.16271600268004, 44.86266537603245], [-1.162283435894357, 44.86269680325943], [-1.161848620616685, 44.862697923344], [-1.161415745057659, 44.86266872549725], [-1.160988978734875, 44.8626094909582], [-1.160910030709266, 44.86259267966529], [-1.16087707052938, 44.862670970752326], [-1.160712122145702, 44.862957098263195], [-1.160508532081504, 44.863230349198076], [-1.160268260626264, 44.863488091790906], [-1.159993621452174, 44.86372784360556], [-1.159687259342722, 44.863947295452235], [-1.159352124727432, 44.864144333635565], [-1.158991445267818, 44.86431706032068], [-1.158608694768171, 44.864463811819725], [-1.158207559710776, 44.86458317462328], [-1.157791903738256, 44.864673999021406], [-1.15736573042564, 44.86473541018281], [-1.156933144701425, 44.864766816585565], [-1.156779127557456, 44.8647672060925], [-1.156381830556301, 44.86485401306361], [-1.155955654335591, 44.864915418816224], [-1.155523066436188, 44.864946819727024], [-1.155088233603458, 44.86494791333672], [-1.154655344217161, 44.86491868911149], [-1.154228567928088, 44.86485942854437], [-1.154103813018562, 44.86483285581314], [-1.154037115080823, 44.86499122886438], [-1.153872125030913, 44.86527734642441], [-1.153668493272074, 44.86555058501832], [-1.153428180495392, 44.86580831299885], [-1.153153500771096, 44.86604804807063], [-1.152847099273306, 44.866267481205035], [-1.152511926810994, 44.86646449888698], [-1.152151211410295, 44.86663720347895], [-1.151768427221765, 44.86678393150592], [-1.151367261052264, 44.8669032696846], [-1.150951576844172, 44.86699406854213], [-1.150525378444555, 44.86705545349329], [-1.150092771023615, 44.867086833268594], [-1.149759853722684, 44.867087654399185], [-1.149501500897804, 44.867144082943284], [-1.149075299774524, 44.867205462331405], [-1.148642690387676, 44.86723683645852], [-1.148207839689643, 44.867237903123346], [-1.147774936232297, 44.86720865205158], [-1.147348149801973, 44.867149364994894], [-1.147248609142994, 44.867128157026826], [-1.147167159786641, 44.867321488099215], [-1.147002127886056, 44.8676075956621], [-1.146798454248414, 44.867880821858364], [-1.146558099968192, 44.868138535160114], [-1.146283379515409, 44.86837825341333], [-1.145976938456527, 44.86859766775137], [-1.14564172798164, 44.86879466484013], [-1.145280976483091, 44.86896734724047], [-1.144898158459216, 44.86911405169105], [-1.144496961042863, 44.869233365135685], [-1.144406165590803, 44.86925319099693], [-1.14467484675539, 44.86921451021089], [-1.145107473595339, 44.86918315152324], [-1.145542339416408, 44.86918209699968], [-1.145632268259156, 44.86918817520305], [-1.145688548263109, 44.869175885362594], [-1.146114768043948, 44.869114518935746], [-1.146547393309269, 44.86908315463896], [-1.146982258328778, 44.86908209447628], [-1.147415175816549, 44.86911134865592], [-1.147841977229895, 44.869170635491955], [-1.14825855288825, 44.869259384115395], [-1.148660891526624, 44.86937673996812], [-1.149045118903768, 44.86952157302752], [-1.14940753509402, 44.86969248868228], [-1.149744650104474, 44.86988784115526], [-1.150053217475026, 44.87010574934414], [-1.150330265538101, 44.87034411492799], [-1.150573126037257, 44.8706006425654], [-1.150779459829018, 44.870872861990385], [-1.150947279420252, 44.87115815179326], [-1.151074968123644, 44.87145376465814], [-1.151161295646213, 44.871756853814155], [-1.151205429960031, 44.87206450044586], [-1.151206945339955, 44.872373741799336], [-1.151165826490014, 44.87268159971304], [-1.151082468717695, 44.872985109299165], [-1.150957674153422, 44.87328134749884], [-1.150792644050592, 44.87356746123664], [-1.150588967239395, 44.87384069490241], [-1.150348604844728, 44.8740984168964], [-1.150073871414641, 44.87433814498079], [-1.149767412640476, 44.874557570194305], [-1.149432179882867, 44.874754579098116], [-1.149071401748715, 44.87492727413925], [-1.148688552992861, 44.87507399193469], [-1.148287321044148, 44.87519331929964], [-1.147871570478626, 44.87528410686543], [-1.147445305782624, 44.87534548015558], [-1.147012632765026, 44.875376848012934], [-1.146577718991219, 44.87537790829659], [-1.14648778013197, 44.875371830847], [-1.146431494092179, 44.87538412111667], [-1.146005227062784, 44.87544548888114], [-1.145572552470027, 44.87547685112872], [-1.145137637894476, 44.8754779057726], [-1.144704672503381, 44.87544864265424], [-1.144277826679728, 44.87538934364134], [-1.143861211832649, 44.875300579911425], [-1.143458840777322, 44.87518320644746], [-1.143074589066808, 44.875038353798494], [-1.142712157649155, 44.87486741718502], [-1.142375037210105, 44.87467204305412], [-1.142066474545381, 44.87445411321433], [-1.141789441286841, 44.874215726703156], [-1.141546605283846, 44.87395917956259], [-1.141340304915519, 44.873686942717164], [-1.141172526581027, 44.873401638168744], [-1.141044885584321, 44.87310601373693], [-1.140958610596833, 44.87280291658916], [-1.140914531847028, 44.872495265815495], [-1.140913073149719, 44.872186024312285], [-1.14095424785092, 44.87187817024597], [-1.141037658726296, 44.871574668371615], [-1.141162501833147, 44.871278441482545], [-1.141327574277804, 44.870992342265936], [-1.141531285822684, 44.87071912583523], [-1.14177167422034, 44.870461423203714], [-1.142046424126114, 44.87022171595457], [-1.142352889406653, 44.87000231235084], [-1.142688118629064, 44.86980532511514], [-1.143048883484994, 44.869632651092736], [-1.14343170987592, 44.8694859529935], [-1.143832911360468, 44.86936664338817], [-1.143923707198379, 44.86934681799495], [-1.143655024883291, 44.869385496965094], [-1.143222395673292, 44.86941684999581], [-1.142787527990829, 44.86941789543383], [-1.142354610551398, 44.86938862320927], [-1.141927813276024, 44.869329315277575], [-1.141511247106139, 44.86924054290214], [-1.141108924387982, 44.869123161149254], [-1.140724720208963, 44.868978300647754], [-1.140362335059257, 44.86880735669378], [-1.140025259178924, 44.868611975805095], [-1.13971673893449, 44.86839403985533], [-1.139439745549236, 44.868155647940874], [-1.139196946488516, 44.86789909615567], [-1.138990679775689, 44.86762685546905], [-1.138822931485856, 44.86734154791977], [-1.138695316633696, 44.8670459213564], [-1.138609063638957, 44.866742822966884], [-1.138565002518424, 44.86643517185319], [-1.138563556917273, 44.86612593091494], [-1.138604740055542, 44.86581807831313], [-1.138688154627803, 44.86551457878869], [-1.138812996655905, 44.86521835511233], [-1.138978063256725, 44.86493225994024], [-1.139181764249088, 44.86465904834693], [-1.139422137487297, 44.864401351299065], [-1.139696867772785, 44.86416165032608], [-1.140003309161226, 44.86394225363055], [-1.140338510449861, 44.86374527386857], [-1.140699243599367, 44.86357260781344], [-1.141082034816556, 44.863425918098315], [-1.141483197998743, 44.863306617213176], [-1.141898870218099, 44.863215853909935], [-1.14232504890482, 44.86315450214629], [-1.142757630371732, 44.86312315267442], [-1.143192449310215, 44.8631221073557], [-1.143625318877973, 44.86315137625536], [-1.144052070993664, 44.863210677545766], [-1.144151603501559, 44.86323188835294], [-1.14423305730791, 44.86303855974499], [-1.144398089888887, 44.86275245671504], [-1.144601756605456, 44.86247923536895], [-1.14484209564196, 44.86222152676741], [-1.145116792129149, 44.86198181255106], [-1.145423200448108, 44.86176240105009], [-1.14575836971446, 44.86156540506312], [-1.146119072197169, 44.86139272151974], [-1.146501834398274, 44.861246013221525], [-1.146902970494422, 44.86112669283736], [-1.147318617818531, 44.861035909306956], [-1.147744774040451, 44.86097453678273], [-1.148177335689271, 44.86094316621685], [-1.148510216588554, 44.86094234983276], [-1.148768541879552, 44.86088592370695], [-1.149194695378745, 44.86082454562029], [-1.149627255062274, 44.860793169406854], [-1.150062055831216, 44.86079209718547], [-1.150494911018207, 44.86082133928044], [-1.150921652680362, 44.86088061412221], [-1.1510463973045, 44.86090719039533], [-1.151113098825738, 44.860748819347556], [-1.151278089627745, 44.86046270630184], [-1.151481714568482, 44.86018947253658], [-1.151722012234548, 44.85993174923199], [-1.151996668155022, 44.859692018170435], [-1.15230303710156, 44.85947258784425], [-1.152638168568841, 44.85927557123343], [-1.152998835189724, 44.85910286546612], [-1.153381563811484, 44.85895613355792], [-1.15378266893402, 44.8588367884051], [-1.154198288188416, 44.85874597918584], [-1.154624419514731, 44.858684580299936], [-1.155056959681713, 44.85865318295337], [-1.155210960070683, 44.858652795836115], [-1.1556082150135, 44.85856599322705], [-1.156034343432687, 44.858504588932924], [-1.156466881425139, 44.85847318609501], [-1.15690166410075, 44.8584720870885], [-1.157334504966343, 44.85850130249558], [-1.157761236216922, 44.85856055100371], [-1.157840177631897, 44.858577364513906], [-1.157873139642802, 44.85849907443115], [-1.158038089396808, 44.85821295154695], [-1.158241673292378, 44.85793970558155], [-1.158481930311335, 44.85768196783271], [-1.158756546374119, 44.85744222022189], [-1.159062876636134, 44.857222771400835]]]}}, {"type": "Feature", "properties": {"nb_detections_cluster": 1, "frp_max": 74.8, "frp_moyen": 74.8, "derniere_detection": "2026-07-24T11:53:00", "fetch_timestamp": "2026-07-24T11:53:00"}, "geometry": {"type": "Polygon", "coordinates": [[[-1.170441313321129, 44.861132350163565], [-1.170715895197784, 44.86089257270698], [-1.171022197544531, 44.860673090645854], [-1.171357270497107, 44.86047601745845], [-1.171717887251581, 44.860303250817736], [-1.172100575135168, 44.8601564543255], [-1.172501649039838, 44.86003704149992], [-1.172917246897105, 44.85994616217085], [-1.173343366852931, 44.85988469141318], [-1.173775905785468, 44.85985322112492], [-1.174210698795529, 44.85985205433073], [-1.174643559290442, 44.85988120226554], [-1.175070319276261, 44.85994038426651], [-1.175486869471353, 44.860029030474024], [-1.175889198856031, 44.86014628731616], [-1.176273433278336, 44.86029102572374], [-1.17663587274503, 44.860461851996874], [-1.176973027039399, 44.860657121219134], [-1.177281649323437, 44.86087495308994], [-1.177558767401209, 44.8611132500233], [-1.177801712342509, 44.86136971733901], [-1.178008144191174, 44.861641885352064], [-1.178176074510261, 44.861927133148], [-1.178303885546591, 44.86222271381562], [-1.178390345829514, 44.86252578089423], [-1.178434622052948, 44.862833415781196], [-1.178436287125405, 44.86314265583587], [-1.178395324309531, 44.86345052290941], [-1.178312127410254, 44.86375405202592], [-1.178187497008733, 44.86405031993867], [-1.178022632777315, 44.86433647328618], [-1.177819121948584, 44.86460975607697], [-1.177578924048664, 44.86486753623827], [-1.177304352041073, 44.86510733097222], [-1.17699805006214, 44.86532683067564], [-1.176662967961991, 44.865523921192356], [-1.176302332896097, 44.86569670418341], [-1.175919618240937, 44.86584351541867], [-1.175518510133357, 44.86596294081337], [-1.175102871956246, 44.86605383005468], [-1.174676707113106, 44.8661153076868], [-1.174244120450782, 44.86614678154748], [-1.173809278702691, 44.86614794847481], [-1.17337637033448, 44.86611879722874], [-1.172949565179835, 44.86605960859937], [-1.172532974256205, 44.865970952701026], [-1.172130610148454, 44.86585368347801], [-1.171746348342923, 44.86570893047536], [-1.171383889885176, 44.865538087953794], [-1.171046725721745, 44.86534280145419], [-1.170738103069892, 44.86512495194108], [-1.170460994139693, 44.86488663767841], [-1.170218067509815, 44.864630154012374], [-1.170011662432724, 44.86435797125629], [-1.169843766316546, 44.864072710891215], [-1.169715995600061, 44.86377712031135], [-1.169629580204451, 44.8634740463583], [-1.169585351710803, 44.863166407898895], [-1.169583735376375, 44.862857167711084], [-1.169624746065549, 44.862549303948825], [-1.169707988133651, 44.86224578146072], [-1.169832659263708, 44.86194952323881], [-1.169997558218202, 44.86166338227217], [-1.170201096430158, 44.86139011407646], [-1.170441313321129, 44.861132350163565]]]}}, {"type": "Feature", "properties": {"nb_detections_cluster": 6, "frp_max": 40.12, "frp_moyen": 29.81, "derniere_detection": "2026-07-24T11:53:00", "fetch_timestamp": "2026-07-24T11:53:00"}, "geometry": {"type": "Polygon", "coordinates": [[[-1.170876033990969, 44.86808320675163], [-1.171310890786228, 44.86808205131102], [-1.171743813217721, 44.86811121062836], [-1.17217063269521, 44.868170403931195], [-1.172587239364298, 44.8682590612511], [-1.172989621661563, 44.86837632890917], [-1.173373904925583, 44.86852107773206], [-1.173736388692818, 44.868691913919584], [-1.174073582319948, 44.86888719245986], [-1.174382238590164, 44.86910503296255], [-1.174659384980175, 44.869343337758544], [-1.174902352287022, 44.86959981209196], [-1.175108800339026, 44.86987198621016], [-1.175276740543041, 44.87015723913986], [-1.175404555050508, 44.87045282392043], [-1.17549101235715, 44.87075589405159], [-1.17553527918534, 44.87106353090125], [-1.17553692853386, 44.87137277180985], [-1.175495943816576, 44.87168063862031], [-1.175412719049148, 44.871984166359255], [-1.175288055080949, 44.87228043179317], [-1.175123151907449, 44.87256658158447], [-1.174919597136155, 44.87283985977593], [-1.174679350716308, 44.873097634339], [-1.174404726078667, 44.87333742252974], [-1.174098367866425, 44.873556914808006], [-1.173763226471317, 44.87375399708909], [-1.173402529619945, 44.873926771113354], [-1.173019751283942, 44.87407357273706], [-1.172618578213592, 44.874192987968], [-1.172202874417589, 44.87428386659122], [-1.171776643931585, 44.8743453332532], [-1.171343992234806, 44.87437679589737], [-1.171319155984845, 44.874376861934756], [-1.171298513659075, 44.87438300607872], [-1.170882806319615, 44.874473879765866], [-1.170456572946067, 44.874535341364826], [-1.170023919045483, 44.87456679886786], [-1.169589011999042, 44.874567949270585], [-1.16915604090146, 44.8745387814921], [-1.168729176190737, 44.874479576481775], [-1.168527176670157, 44.8744365865859], [-1.168458099933343, 44.87460068953909], [-1.168293155136728, 44.874886829397006], [-1.168089558710594, 44.87516009526833], [-1.167849271005411, 44.8754178552431], [-1.167574605849626, 44.875657626717874], [-1.167268208276753, 44.87587710031347], [-1.16693302905771, 44.87607416212512], [-1.166572296283495, 44.876246914090316], [-1.166189484271834, 44.87639369227776], [-1.165788280097457, 44.87651308292099], [-1.165372548068736, 44.87660393604188], [-1.164946292493333, 44.8766653765325], [-1.164513619092203, 44.87669681258841], [-1.164281184418236, 44.87669741607334], [-1.164022477555082, 44.8767539494682], [-1.163596219363406, 44.87681538477981], [-1.163163544050396, 44.87684681557725], [-1.162728619203526, 44.87684793911341], [-1.162295634088995, 44.87681874456615], [-1.16186875927983, 44.876759513142716], [-1.16171177151159, 44.87672609353079], [-1.161638143456864, 44.876900946893], [-1.161473157144663, 44.877187076827994], [-1.161269519182984, 44.87746033039328], [-1.161029190322375, 44.87771807579741], [-1.160754484787723, 44.87795783057725], [-1.160448048001516, 44.87817728551437], [-1.160112831112443, 44.87837432688371], [-1.159752062574412, 44.87854705681962], [-1.159369217049709, 44.878693811602986], [-1.158967981935948, 44.87881317769275], [-1.158552221839586, 44.8789040053473], [-1.158125941338712, 44.878965419703995], [-1.157693246394426, 44.87899682921011], [-1.157348395537042, 44.87899770317941], [-1.157182149843529, 44.879034018946264], [-1.156755866856819, 44.879095428046654], [-1.156323170144112, 44.87912683221613], [-1.155888227499052, 44.879127928963996], [-1.155455228359305, 44.879098707726165], [-1.155028343433, 44.87903944996698], [-1.154611684506008, 44.878950726466584], [-1.154209264818198, 44.878833391820436], [-1.15382496039119, 44.87868857620371], [-1.153462472680929, 44.87851767448024], [-1.1531252929155, 44.878322332761044], [-1.152816668462174, 44.87810443254249], [-1.152539571548059, 44.8778660725769], [-1.152296670635729, 44.87760954865056], [-1.152090304729555, 44.87733733146447], [-1.151922460859983, 44.877052042831195], [-1.151794754962176, 44.87675643041714], [-1.151708416332627, 44.87645334127407], [-1.151664275812702, 44.876145694415], [-1.151662757812042, 44.87583645269865], [-1.151703876247694, 44.87552859429359], [-1.151787234437066, 44.875225083996725], [-1.151912028944697, 44.874928844682586], [-1.152077057344776, 44.874642729158026], [-1.152280729823689, 44.8743694926936], [-1.152521084510007, 44.87411176649558], [-1.152795806383524, 44.87387203237416], [-1.153102249580642, 44.87365259885114], [-1.153437462880956, 44.873455578937275], [-1.153798218129275, 44.87328286979255], [-1.154181041319467, 44.873136134465064], [-1.154582246040866, 44.87301678588402], [-1.154997968965605, 44.8729259732606], [-1.155424207035627, 44.87286457102739], [-1.155856855991999, 44.872833170422574], [-1.156201669011203, 44.872832301086454], [-1.156367896976578, 44.87279598685844], [-1.156794132561631, 44.872734579369514], [-1.157226779750146, 44.872703173428654], [-1.157661672600747, 44.872702071440926], [-1.158094623559565, 44.87273128401727], [-1.158521463761702, 44.872790529872375], [-1.15867843862727, 44.87282395395252], [-1.15875207055264, 44.87264910277814], [-1.158917057396912, 44.872362977296454], [-1.159120688320137, 44.872089728485406], [-1.159361001851023, 44.871831987670184], [-1.159635683365618, 44.87159223680176], [-1.1599420873889, 44.871372784563256], [-1.160277263077606, 44.87117574414566], [-1.160637982638637, 44.8710030129064], [-1.16102077240941, 44.87085625410636], [-1.16142194630098, 44.87073688090076], [-1.161837641282257, 44.87064604273789], [-1.16226385456418, 44.87058461429628], [-1.162696482126441, 44.87055318706646], [-1.162928891383346, 44.870552586899485], [-1.163187570775439, 44.87049605616322], [-1.163613781441979, 44.87043462254311], [-1.164046407092952, 44.87040319005543], [-1.16448128199432, 44.8704020613608], [-1.164914218765016, 44.870431247327346], [-1.165341048676746, 44.87049046692597], [-1.165543031561747, 44.87053346256361], [-1.165612111814424, 44.870369361635326], [-1.16577705700311, 44.87008322616943], [-1.165980646275162, 44.869809964977556], [-1.166220918560343, 44.86955220950421], [-1.166495559631832, 44.869312441841515], [-1.166801924403987, 44.86909297083435], [-1.16713706241143, 44.86889590985447], [-1.167497746223828, 44.86872315645732], [-1.167880502522741, 44.86857637411713], [-1.16828164554144, 44.868456976215825], [-1.168697312546033, 44.86836611243951], [-1.169123501016775, 44.86830465771332], [-1.169556107172202, 44.86827320378091], [-1.169580940724589, 44.86827313813796], [-1.169601580992234, 44.868266994325175], [-1.170017244454558, 44.86817612561324], [-1.170443430038696, 44.86811466582459], [-1.170876033990969, 44.86808320675163]]]}}, {"type": "Feature", "properties": {"nb_detections_cluster": 14, "frp_max": 243.89, "frp_moyen": 88.06, "derniere_detection": "2026-07-24T12:14:00", "fetch_timestamp": "2026-07-24T11:53:00"}, "geometry": {"type": "Polygon", "coordinates": [[[-1.132286177030611, 44.88068141952029], [-1.132592737551578, 44.88046204213023], [-1.132928063475617, 44.88026508371012], [-1.133288925563303, 44.88009244082768], [-1.133671848779981, 44.87994577589295], [-1.134073145752076, 44.87982650115727], [-1.134488952263674, 44.879735765120756], [-1.134915264452079, 44.8796744414785], [-1.135347977344852, 44.87964312071197], [-1.135782924368102, 44.879642104406074], [-1.136190017858797, 44.87966964993152], [-1.136365184339854, 44.879644450186696], [-1.136797896192478, 44.879613123771286], [-1.137232842956989, 44.879612101787046], [-1.137665836560473, 44.87964139407459], [-1.138092707727441, 44.87970071858103], [-1.138509346105732, 44.87978950407466], [-1.138911739826458, 44.87990689564232], [-1.139296014117961, 44.8800517629175], [-1.139658468602773, 44.88022271095944], [-1.139995612919133, 44.88041809367907], [-1.140304200324588, 44.880636029682826], [-1.140581258958444, 44.88087442038188], [-1.140824120462237, 44.881130970192984], [-1.141030445682558, 44.88140320863657], [-1.141198247208531, 44.88168851411975], [-1.141325908526511, 44.881984139175614], [-1.141412199606939, 44.8822872369158], [-1.141456288772534, 44.882594888442185], [-1.141457750732662, 44.882904130953605], [-1.14141657070555, 44.88321198627732], [-1.141333144587629, 44.88351548955039], [-1.141208275167348, 44.88381171777473], [-1.141043164418883, 44.88409781797087], [-1.140839401949023, 44.88437103465908], [-1.140598949707599, 44.884628736402995], [-1.14032412310799, 44.88486844115988], [-1.14001756873893, 44.88508784019301], [-1.139682238881854, 44.88528482031573], [-1.139321363079006, 44.88545748425228], [-1.138938417026089, 44.88560416891916], [-1.13853708908926, 44.885723461450674], [-1.138121244769293, 44.885814212813656], [-1.137694889455743, 44.88587554888034], [-1.137262129830496, 44.8859068788521], [-1.136827134293315, 44.885907900952965], [-1.136419995250094, 44.885880357708885], [-1.136244809334869, 44.88590555758946], [-1.13581204866906, 44.88593688191169], [-1.135377052873076, 44.88593789833358], [-1.134944011896628, 44.88590859706469], [-1.134517096850854, 44.88584926034024], [-1.134480797585616, 44.88584152445096], [-1.134358319506648, 44.88613197622734], [-1.134193167022189, 44.88641806644735], [-1.133989362790638, 44.88669127076627], [-1.133748869164084, 44.886948957866814], [-1.133474001954555, 44.887188645847274], [-1.13316740814199, 44.88740802613248], [-1.132832040387807, 44.88760498571634], [-1.13247112859935, 44.88777762752083], [-1.13208814881902, 44.887924288675684], [-1.131686789737918, 44.888043556541625], [-1.131270917156884, 44.88813428232309], [-1.130844536737758, 44.88819559213871], [-1.13041175540431, 44.888226895442685], [-1.129976741765443, 44.88822789071591], [-1.129543685942763, 44.88819856837173], [-1.129116759190425, 44.88813921084832], [-1.128700073697143, 44.88805038988677], [-1.128297642958571, 44.88793296102134], [-1.127913343102592, 44.887788055334674], [-1.127673320415382, 44.88767482971088], [-1.127646823942433, 44.887872530771254], [-1.127563316447993, 44.888176024139575], [-1.127438363994702, 44.888472237310495], [-1.127273169356425, 44.88875831744947], [-1.127069322947945, 44.88903150926981], [-1.126828787527606, 44.88928918157468], [-1.126553879310024, 44.88952885260475], [-1.126247245670178, 44.889748213948145], [-1.125911839653166, 44.889945152781124], [-1.125550891534957, 44.89011777222558], [-1.125510955657262, 44.89013306183162], [-1.125933514690642, 44.890132112097724], [-1.126366583544457, 44.89016144853455], [-1.126583639660721, 44.89019163154288], [-1.126978403109974, 44.89016309288885], [-1.127413431799486, 44.89016210935749], [-1.127846501658107, 44.890191440024836], [-1.128273442676195, 44.89025080246849], [-1.128690143829063, 44.89033962509141], [-1.129092592643395, 44.89045705262295], [-1.129476913817015, 44.89060195435027], [-1.12983940652096, 44.89077293500086], [-1.130176580025339, 44.890968348171654], [-1.130485187306483, 44.89118631217583], [-1.130762256312114, 44.89142472815492], [-1.131005118583658, 44.891681300282194], [-1.131211434960052, 44.89195355786313], [-1.131379218115301, 44.89223887912054], [-1.131506851712371, 44.89253451643554], [-1.131593105988353, 44.89283762280167], [-1.131637149620102, 44.89314527923766], [-1.131638557755205, 44.893454522895], [-1.131597316129989, 44.89376237558987], [-1.131513821233883, 44.89406587248457], [-1.131388876517527, 44.894362090642396], [-1.131223684680117, 44.89464817718076], [-1.131019836109304, 44.89492137675141], [-1.13077929358412, 44.89517905808281], [-1.130504373387479, 44.89541873932874], [-1.130197723009627, 44.89563811197896], [-1.129862295656788, 44.895835063100826], [-1.129501321810364, 44.89600769569786], [-1.129118278110535, 44.89615434698848], [-1.128716853864138, 44.89627360442838], [-1.128300915499775, 44.89636431932245], [-1.127874469313015, 44.896425617894145], [-1.127441622861214, 44.896456909706004], [-1.127006545380617, 44.89645789334959], [-1.126573427607864, 44.89642855935029], [-1.126356347376537, 44.89639837626347], [-1.1259615397541, 44.89642691276204], [-1.125526462480195, 44.89642789060911], [-1.125093345712648, 44.89639855083969], [-1.124666361292726, 44.896339176059776], [-1.124659961910417, 44.89633781189341], [-1.124643907375975, 44.89639613918876], [-1.124518921213971, 44.89669234983275], [-1.124353687499789, 44.89697842636094], [-1.124149797024422, 44.897251613521455], [-1.123909212970531, 44.89750928016227], [-1.12363425202107, 44.89774894457864], [-1.123327562058862, 44.89796829842234], [-1.122992096671471, 44.8981652289419], [-1.122683552217093, 44.89831275404086], [-1.122973710376895, 44.898312109538985], [-1.123406840803684, 44.89834145758958], [-1.123833839124465, 44.898400837247216], [-1.124250593762855, 44.898489676749115], [-1.124653091730568, 44.89860712066211], [-1.125037457252146, 44.898752038115624], [-1.125399989071577, 44.898923033685676], [-1.125737196082274, 44.89911846082557], [-1.126045830937849, 44.899336437713934], [-1.12632292132039, 44.89957486536825], [-1.126565798565334, 44.899831447849344], [-1.126772123367267, 44.900103714362956], [-1.12693990831887, 44.90038904304586], [-1.127067537065613, 44.90068468620765], [-1.127153779891084, 44.900987796785536], [-1.127197805582193, 44.90129545575766], [-1.127199189459093, 44.901604700251056], [-1.127157917491522, 44.901912552073846], [-1.127074386460938, 44.90221604639669], [-1.126949400165817, 44.90251226030759], [-1.126784161705655, 44.90279834096488], [-1.126580261917015, 44.90307153307688], [-1.126339664072133, 44.90332920544389], [-1.126064684986682, 44.903568876306046], [-1.12575797271807, 44.903788237253025], [-1.125422481068642, 44.90398517546493], [-1.125061441139129, 44.90415779406963], [-1.124678330206275, 44.904304430420275], [-1.124276838224588, 44.90442367211646], [-1.123860832275196, 44.9045143706147], [-1.123434319304763, 44.90457565229642], [-1.123001407514028, 44.90460692688679], [-1.122566266768699, 44.90460789314328], [-1.122133088414897, 44.904578541758745], [-1.121706044887197, 44.90451915545108], [-1.121289249499254, 44.90443030623862], [-1.120886716805336, 44.90431284992774], [-1.120502323915413, 44.90416791786544], [-1.120139773137242, 44.90399690603708], [-1.119802556305987, 44.903801461614194], [-1.119493921145435, 44.9035834670823], [-1.11921683998522, 44.903345022101966], [-1.11897398113549, 44.9030884232782], [-1.118767683194747, 44.90281614203328], [-1.118599932538045, 44.90253080079656], [-1.118472344201984, 44.90223514774086], [-1.118386146350014, 44.90193203030924], [-1.118342168466919, 44.90162436778692], [-1.118340833395313, 44.90131512318326], [-1.118382153289894, 44.90100727469442], [-1.118465729527399, 44.900703787021605], [-1.118590756572073, 44.900407582821245], [-1.11875602975844, 44.90012151456185], [-1.118959956915427, 44.89984833705865], [-1.119200573719046, 44.89959068094993], [-1.119475562625056, 44.8993510273708], [-1.119782275198645, 44.899131684067335], [-1.120117757625749, 44.89893476318144], [-1.120426312244101, 44.898787245180095], [-1.120136151598725, 44.898787883028824], [-1.119703019437368, 44.898758522222806], [-1.119276022766402, 44.898699126681926], [-1.119251530164677, 44.8986939044737], [-1.119071162822778, 44.89870692933523], [-1.118636067755303, 44.89870788019786], [-1.11820293699625, 44.89867851354423], [-1.117775942521669, 44.89861911223934], [-1.117359197172646, 44.89853024844597], [-1.116956715021385, 44.898412778110924], [-1.116572372690947, 44.8982678327163], [-1.116209872002035, 44.89809680837585], [-1.115872704307303, 44.897901352381616], [-1.115564116857227, 44.89768334733054], [-1.115287081521891, 44.897444892984524], [-1.115044266170089, 44.89718828603877], [-1.114838008981401, 44.89691599799375], [-1.114670295938439, 44.89663065134427], [-1.114542741715619, 44.89633499431532], [-1.114456574147943, 44.896031874388115], [-1.114412622428649, 44.89572421087194], [-1.114411309148511, 44.89541496678569], [-1.114452646252512, 44.89510712032052], [-1.11453623495181, 44.89480363615812], [-1.114661269590798, 44.894507436921096], [-1.114826545431026, 44.894221375030135], [-1.115030470276017, 44.8939482052391], [-1.11527107982419, 44.89369055811203], [-1.115546056601297, 44.893450914697475], [-1.115852752289435, 44.89323158264367], [-1.116188213237227, 44.89303467398416], [-1.116496636014951, 44.89288721962941], [-1.116195952057588, 44.892887870028346], [-1.115762867487168, 44.892858493914645], [-1.115335919870631, 44.892799083338836], [-1.114919221597642, 44.89271021055301], [-1.114516786286895, 44.89259273159058], [-1.114132490110215, 44.892447778016724], [-1.113770034443701, 44.892276746024024], [-1.11343291020632, 44.89208128297818], [-1.113124364229958, 44.89186327154404], [-1.112847367985242, 44.891624811545014], [-1.112604588964486, 44.89136819973071], [-1.112398364997395, 44.891095907648456], [-1.112230681746687, 44.89081055783198], [-1.112103153599928, 44.89051489853672], [-1.112017008141095, 44.89021177726575], [-1.111973074350622, 44.88990411334123], [-1.111971774646752, 44.88959486978601], [-1.112013120843865, 44.88928702478608], [-1.112096714065698, 44.88898354300902], [-1.112221748613246, 44.88868734705444], [-1.112387019749082, 44.88840128931143], [-1.112590935322167, 44.88812812449389], [-1.112831531120334, 44.88787048311794], [-1.11310648980185, 44.887630846176734], [-1.113413163223156, 44.887411521256176], [-1.11374859794736, 44.88721462032112], [-1.1141095636876, 44.887042039385726], [-1.114492584411372, 44.886895440263494], [-1.114893971806435, 44.886776234571975], [-1.115309860786417, 44.88668557014648], [-1.11573624669474, 44.88662431999255], [-1.116169023849302, 44.886593073884015], [-1.116604025057565, 44.886592132686914], [-1.117037061722474, 44.886621505463914], [-1.117408707387622, 44.88667322044939], [-1.117416821761285, 44.88664374966631], [-1.117541823025308, 44.88634754794042], [-1.117707060161555, 44.88606148249158], [-1.117910941346394, 44.885788308107934], [-1.118151502698792, 44.885530655397766], [-1.118426427208684, 44.885291005463415], [-1.118733067061517, 44.8850716660159], [-1.119068469143591, 44.88487474915997], [-1.119429403482301, 44.884702151063124], [-1.119812394347447, 44.88455553370409], [-1.120213753714231, 44.884436308876104], [-1.120629616766102, 44.88434562459868], [-1.12105597909608, 44.88428435406853], [-1.121488735249044, 44.88425308725571], [-1.121923718234642, 44.88425212522558], [-1.122356739631249, 44.88428147724147], [-1.122559185033578, 44.88430963903882], [-1.12259589338818, 44.88430436325591], [-1.123028648837596, 44.884273090442946], [-1.123463631951693, 44.884272122382036], [-1.123896654307615, 44.88430146839448], [-1.124323546353033, 44.88436084591017], [-1.124740197534735, 44.88444968318691], [-1.125142595860491, 44.88456712481295], [-1.125526866514203, 44.884712039939735], [-1.12576687220396, 44.884825270096805], [-1.125793373859386, 44.88462756967343], [-1.125876885644089, 44.88432407797277], [-1.126001837103497, 44.884027866942866], [-1.12616702430033, 44.883741789118076], [-1.126370855891837, 44.88346859940572], [-1.126611368474504, 44.88321092856177], [-1.126886245507827, 44.88297125786322], [-1.127192839634346, 44.882751895221055], [-1.127528198180577, 44.882554952963424], [-1.127889091593032, 44.88238232750243], [-1.128272044535491, 44.88223568108035], [-1.128673369348217, 44.88211642577022], [-1.129089201547281, 44.88202570988513], [-1.129515537022705, 44.88196440692613], [-1.129948270577877, 44.88193310717554], [-1.130383235439986, 44.88193211201586], [-1.130816243361891, 44.88196143102944], [-1.131243124930238, 44.88202078190606], [-1.131279421278824, 44.882028518844166], [-1.131401906334756, 44.88173807083678], [-1.131567059275816, 44.88145198518701], [-1.131770856275257, 44.88117878576162], [-1.132011334262654, 44.88092110341011], [-1.132286177030611, 44.88068141952029]], [[-1.121951290682264, 44.89054691535775], [-1.121516258915811, 44.89054787749765], [-1.121083189616444, 44.89051852214744], [-1.120711515106218, 44.89046681939449], [-1.120703401909735, 44.89049629045342], [-1.120578408090394, 44.890792496120724], [-1.120413171660731, 44.89107856626344], [-1.120209283438047, 44.89135174569112], [-1.119968706583449, 44.89160940332619], [-1.119693757710679, 44.89184905755065], [-1.119387084586352, 44.892068400114425], [-1.119051640635947, 44.89226531837464], [-1.118743227987824, 44.89241277979461], [-1.119043909370423, 44.89241212250089], [-1.11947699221346, 44.89244148581887], [-1.119903941492455, 44.892500880472184], [-1.119928431452464, 44.89250610252652], [-1.120108778669355, 44.89249307629828], [-1.120543825536352, 44.89249211966994], [-1.120976909781205, 44.89252147714098], [-1.121403861255758, 44.892580866030904], [-1.121410260130586, 44.89258223038324], [-1.121426316934425, 44.89252390362431], [-1.121551310134822, 44.89222769684324], [-1.121716544146668, 44.89194162490523], [-1.121920427176268, 44.89166844266091], [-1.122160995324679, 44.891410780794274], [-1.122435931516264, 44.89117112049587], [-1.122742587823872, 44.890951769576496], [-1.12307801097526, 44.890754840251425], [-1.12343897079487, 44.89058222880822], [-1.123478907556522, 44.89056693994498], [-1.123056345208407, 44.89056788034145], [-1.122623274949333, 44.89053853099535], [-1.122420807049222, 44.89051036925998], [-1.122384094619558, 44.89051564499525], [-1.121951290682264, 44.89054691535775]]]}}, {"type": "Feature", "properties": {"nb_detections_cluster": 4, "frp_max": 44.71, "frp_moyen": 22.45, "derniere_detection": "2026-07-24T12:14:00", "fetch_timestamp": "2026-07-24T11:53:00"}, "geometry": {"type": "Polygon", "coordinates": [[[-1.115573391728137, 44.7838047493356], [-1.11593368811171, 44.78363216832247], [-1.116315999769929, 44.78348556788244], [-1.116716645217792, 44.7833663596458], [-1.117131766512449, 44.78327569147236], [-1.117557366388394, 44.78321443640379], [-1.117989346731057, 44.78318318426126], [-1.1184235480191, 44.78318223596891], [-1.118855789356556, 44.78321160065773], [-1.11928190871024, 44.78327099557774], [-1.119697802966011, 44.7833598488192], [-1.120099467419094, 44.78347730481656], [-1.120483034319129, 44.78362223258291], [-1.12084481009959, 44.78379323659491], [-1.121181310933767, 44.78398867022454], [-1.121489296275479, 44.78420665158789], [-1.121765800061888, 44.78444508165929], [-1.122008159278137, 44.78470166447623], [-1.122214039608719, 44.78497392924119], [-1.122381457928334, 44.78525925410773], [-1.122508801415277, 44.78555489142212], [-1.122594843102679, 44.78585799417784], [-1.122638753717137, 44.78616564342831], [-1.122640109689855, 44.7864748763942], [-1.122598897262178, 44.78678271499459], [-1.122515512645001, 44.78708619452742], [-1.12239075822945, 44.78738239222317], [-1.12222583488434, 44.78766845539631], [-1.122022330413608, 44.78794162892357], [-1.121782204284041, 44.788199281784244], [-1.121507768769626, 44.78843893240633], [-1.121201666693544, 44.7886582725745], [-1.120866845981753, 44.788855189669015], [-1.12050653127302, 44.789027787021155], [-1.120124192858811, 44.78917440218876], [-1.119996116650392, 44.78921251101933], [-1.119970853125718, 44.789272483929274], [-1.119805911925991, 44.78955854368768], [-1.119602388858364, 44.789831712949834], [-1.119362243568732, 44.79008936073609], [-1.119087788515624, 44.79032900552331], [-1.118781666710424, 44.790548339152345], [-1.118446826269132, 44.790745249066426], [-1.118086492020574, 44.79091783866601], [-1.117704134444454, 44.791064445583594], [-1.117303436238586, 44.79118365770235], [-1.116888256837706, 44.79127432676369], [-1.116462595226089, 44.79133557943256], [-1.116030551402867, 44.791366825713624], [-1.115596286872, 44.79136776463703], [-1.115163984538359, 44.7913383871589], [-1.114737808397162, 44.79127897624849], [-1.114321863405992, 44.791190104161096], [-1.113920155926906, 44.79107262692337], [-1.113536555120501, 44.79092767608388], [-1.113174755664652, 44.79075664780881], [-1.112838242157663, 44.790561189428026], [-1.112530255549234, 44.79034318356147], [-1.112253761922947, 44.79010472997881], [-1.112011423931095, 44.789848125367854], [-1.111805575156981, 44.78957584120655], [-1.111638197651393, 44.78929049995226], [-1.111510902859182, 44.78899484977798], [-1.111424916119086, 44.78869173809887], [-1.111381064885319, 44.788384084144724], [-1.111379770783539, 44.788074850842335], [-1.111421045576713, 44.78776701627899], [-1.111504491078724, 44.787463545021744], [-1.111629303015539, 44.787167359568905], [-1.111794278795719, 44.78688131220844], [-1.11199782911447, 44.78660815755429], [-1.112237993278651, 44.786350526024684], [-1.112512458104396, 44.786110898518075], [-1.112818580204765, 44.78589158252949], [-1.113153411452414, 44.78569468993779], [-1.113513727371821, 44.78552211667686], [-1.113896058187665, 44.78537552448629], [-1.114024129790655, 44.785337422751645], [-1.114049397889505, 44.78527745127749], [-1.114214355814837, 44.78499140050149], [-1.114417887537328, 44.78471824158157], [-1.114658032542921, 44.7844606049771], [-1.114932477832235, 44.78422097163535], [-1.115238580206445, 44.78400164910756], [-1.115573391728137, 44.7838047493356]]]}}, {"type": "Feature", "properties": {"nb_detections_cluster": 23, "frp_max": 144.69, "frp_moyen": 77.95, "derniere_detection": "2026-07-23T14:12:00", "fetch_timestamp": "2026-07-24T11:53:00"}, "geometry": {"type": "Polygon", "coordinates": [[[-1.121906663643138, 44.802260826559476], [-1.122181164931106, 44.80202117382478], [-1.122487335945743, 44.80180182995684], [-1.122822228088462, 44.801604907103005], [-1.123182616297194, 44.80143230148859], [-1.123565030100425, 44.80128567516472], [-1.123965787029579, 44.801166440010974], [-1.124381028068398, 44.801075744146324], [-1.124806754798471, 44.801014460879074], [-1.12523886788391, 44.800983180301934], [-1.125673206525404, 44.80098220361282], [-1.126105588504635, 44.80101154021619], [-1.12653185043442, 44.80107090763247], [-1.126947887827995, 44.80115973421673], [-1.127349694602528, 44.80127716466017], [-1.127733401637433, 44.80142206822188], [-1.128095314016962, 44.80159304961164], [-1.128431946599172, 44.801788462419296], [-1.128740057569292, 44.802006424961455], [-1.129016679654746, 44.8022448383937], [-1.129259148701435, 44.80250140691378], [-1.129465129336074, 44.802773659861884], [-1.129632637467246, 44.803058975505415], [-1.129760059408093, 44.80335460627951], [-1.129846167435894, 44.80365770524066], [-1.129890131637997, 44.80396535347891], [-1.129891527929114, 44.80427458822467], [-1.129850342161864, 44.80458243137995], [-1.129766970289925, 44.80488591819889], [-1.129642214581224, 44.80518212584183], [-1.129477275916585, 44.80546820152746], [-1.129273742247077, 44.80574139001205], [-1.12903357332033, 44.80599906013087], [-1.128759081822202, 44.80623873014573], [-1.128452911114813, 44.80645809165452], [-1.128118009784944, 44.806655031832], [-1.127757603247719, 44.8068276537871], [-1.127375162679008, 44.80697429484073], [-1.126974371575967, 44.80709354254725], [-1.126559090268141, 44.80718424830531], [-1.126133318721452, 44.80724553842635], [-1.125701157994069, 44.80727682255436], [-1.125631331057378, 44.80727697968797], [-1.125739580308072, 44.8073915244831], [-1.125945561815214, 44.807663784415816], [-1.12611306665416, 44.80794910584445], [-1.126240481169627, 44.808244741148414], [-1.126326577710272, 44.80854784334057], [-1.126370526473933, 44.8088554934798], [-1.12637190352387, 44.80916472877823], [-1.126330694897882, 44.80947257113247], [-1.126247296769684, 44.809776055804406], [-1.126122511659973, 44.810072259975], [-1.125957540732654, 44.810358330896364], [-1.12575397224946, 44.810631513370666], [-1.125513766293283, 44.810889176290985], [-1.125239235906599, 44.811128837988505], [-1.124933024826086, 44.81134819014117], [-1.124598082027401, 44.81154512001384], [-1.124237633325122, 44.811717730814735], [-1.123855150301292, 44.81186435997215], [-1.123454316862055, 44.81198359515504], [-1.123038993744804, 44.81207428788265], [-1.122613181318246, 44.812135564592005], [-1.122180981034383, 44.81216683505619], [-1.121746555904459, 44.81216779807243], [-1.12131409038052, 44.812138444364756], [-1.120887750029925, 44.81207905667347], [-1.120471641392206, 44.81199020703021], [-1.120346369643464, 44.81195359358572], [-1.12026255635843, 44.812152481134206], [-1.120097549501414, 44.81243854353904], [-1.119893945003534, 44.812711715448756], [-1.119653703294577, 44.81296936585819], [-1.119379137761417, 44.81320901321894], [-1.119072892479301, 44.81342834934708], [-1.118737916753369, 44.81362526166176], [-1.118377436715419, 44.813797853540294], [-1.117994924249392, 44.81394446259323], [-1.117594063545089, 44.81406367668316], [-1.117178715602591, 44.81415434753251], [-1.11675288102979, 44.81421560178899], [-1.116320661492051, 44.814246849442], [-1.115886220186121, 44.81424778950845], [-1.115453741719878, 44.81421841293348], [-1.115027391785357, 44.81415900267759], [-1.114611277014395, 44.81407013098982], [-1.114209405404599, 44.813952653892954], [-1.113825647697643, 44.81380770293421], [-1.113463700082765, 44.81363667428094], [-1.113127048585348, 44.81344121526668], [-1.112818935484134, 44.81322320851742], [-1.112542328080909, 44.812984753811385], [-1.112299890123595, 44.81272814784721], [-1.112093956158009, 44.81245586211588], [-1.111926509055069, 44.81217051908987], [-1.111799160929491, 44.81187486695924], [-1.11171313763317, 44.811571753158034], [-1.111669266971856, 44.81126409693646], [-1.111667970757748, 44.81095486124316], [-1.111709260773583, 44.810647024188455], [-1.111792738686083, 44.81034355036338], [-1.111917599908556, 44.810047362290966], [-1.112082641374432, 44.80976131228442], [-1.112286273145921, 44.80948815498315], [-1.112526533745128, 44.809230520830894], [-1.112801109059234, 44.80899089075133], [-1.113107354637116, 44.80877157226426], [-1.113442321162267, 44.80857467727262], [-1.113802782856474, 44.80840210173336], [-1.114185268540733, 44.80825550740803], [-1.11458609505445, 44.80813630586806], [-1.115001402711472, 44.80804564490875], [-1.115427192452054, 44.80798439750231], [-1.115859364333706, 44.80795315339609], [-1.116293756991082, 44.80795221343688], [-1.116726187685836, 44.807981586675446], [-1.117152492561769, 44.80804099027948], [-1.117568566718617, 44.808129852255576], [-1.11769382813647, 44.80816646879006], [-1.117777644566832, 44.80796758344836], [-1.117942650105525, 44.807681524923375], [-1.118146245866288, 44.807408357056], [-1.11838647071797, 44.80715071039179], [-1.118661010891948, 44.8069110659749], [-1.118967222275425, 44.80669173146323], [-1.119302155881102, 44.80649481891403], [-1.119662586247683, 44.806322224453346], [-1.120045042497753, 44.80617561002494], [-1.120445841754073, 44.8060563873938], [-1.120861124592877, 44.80596570455836], [-1.121286892193337, 44.805904434701446], [-1.121719044826093, 44.805873167786615], [-1.121788870029869, 44.805873013115985], [-1.121680631753653, 44.80575846452388], [-1.121474677884494, 44.80548619684604], [-1.121307203927207, 44.80520086864971], [-1.121179822255369, 44.80490522798223], [-1.121093759044182, 44.80460212216726], [-1.121049842484024, 44.80429447037815], [-1.121048494829326, 44.80398523552094], [-1.121089728358403, 44.80367739569793], [-1.121173145282113, 44.80337391552688], [-1.121297941601218, 44.80307771759203], [-1.121462914874256, 44.802791654301586], [-1.121666475820179, 44.8025184804229], [-1.121906663643138, 44.802260826559476]]]}}, {"type": "Feature", "properties": {"nb_detections_cluster": 67, "frp_max": 79.78, "frp_moyen": 34.51, "derniere_detection": "2026-07-24T02:28:00", "fetch_timestamp": "2026-07-24T11:53:00"}, "geometry": {"type": "Polygon", "coordinates": [[[-1.103886350714637, 44.81665023864336], [-1.104160999113845, 44.816410629357975], [-1.104467318834646, 44.816191334182086], [-1.104802359846646, 44.81599446479407], [-1.105162895654467, 44.81582191690433], [-1.105545454365563, 44.815675352008185], [-1.105946352116283, 44.81555618139362], [-1.106361728534661, 44.81546555255818], [-1.106787583898981, 44.81540433816472], [-1.107219817634991, 44.81537312764277], [-1.107654267781865, 44.81537222151566], [-1.108086751047788, 44.815401628508425], [-1.108513103070425, 44.81546106546374], [-1.108929218495576, 44.81554996006708], [-1.109331090489048, 44.81566745635465], [-1.10971484930219, 44.81581242295156], [-1.110076799520541, 44.81598346396058], [-1.11041345563759, 44.81617893239741], [-1.110721575611676, 44.81639694604299], [-1.110998192083187, 44.816635405560696], [-1.111240640951712, 44.816892014704514], [-1.11144658703786, 44.81716430242331], [-1.111614046582472, 44.81744964664959], [-1.111741406366122, 44.81774529954311], [-1.111827439264225, 44.81804841394729], [-1.11187131608721, 44.81835607080332], [-1.111872613590886, 44.81866530725853], [-1.111831318578886, 44.818973145198306], [-1.111747828056683, 44.81927661992695], [-1.111622945434661, 44.819572808721105], [-1.111543041736222, 44.81971127225534], [-1.111716903578939, 44.81979342191333], [-1.112053588223241, 44.8199888856209], [-1.112361735448172, 44.820206894987564], [-1.112638377631713, 44.82044535071799], [-1.112880850425841, 44.82070195660254], [-1.11308681842074, 44.820974241621556], [-1.113254297646228, 44.821259583733486], [-1.113381674693297, 44.8215552351185], [-1.113467722271042, 44.82185834863455], [-1.113477770605609, 44.821928786901324], [-1.113804903723902, 44.8220523338413], [-1.114166906579183, 44.82222336186054], [-1.114503614302779, 44.82241881829061], [-1.114811784356128, 44.82263682102813], [-1.115088448897407, 44.82287527084153], [-1.115330943363301, 44.8231318715782], [-1.115536932135308, 44.82340415226806], [-1.115704431043149, 44.82368949091128], [-1.115831826488254, 44.82398513972142], [-1.115917891002511, 44.82428825158125], [-1.115961795091752, 44.824595907456484], [-1.115963115249059, 44.82490514450392], [-1.115921838059744, 44.82521298460328], [-1.11583836035747, 44.82551646303807], [-1.115713485428986, 44.82581265704929], [-1.115548415302973, 44.82609871398681], [-1.115344739196354, 44.8263718787874], [-1.115104418228422, 44.82662952051436], [-1.114829766549303, 44.82686915770287], [-1.114523429063884, 44.827088482266966], [-1.114188355965356, 44.827285381737155], [-1.113827774323409, 44.82745795961445], [-1.11344515700069, 44.82760455364426], [-1.113044189197082, 44.827723751833865], [-1.112628732944387, 44.827814406058806], [-1.112202789893913, 44.827875643126966], [-1.111770462756068, 44.82790687319326], [-1.111335915764197, 44.82790779544402], [-1.110903334544333, 44.82787840099597], [-1.110476885778403, 44.82781897298178], [-1.110060677050331, 44.82773008382155], [-1.109820434734502, 44.827659860467584], [-1.109841409388325, 44.82768205670454], [-1.110047388240165, 44.827954347995316], [-1.110214872835437, 44.828239695354576], [-1.11034224971326, 44.82853535091192], [-1.110428291584183, 44.8288384674851], [-1.110472169171969, 44.8291461259944], [-1.110473459224789, 44.829455363571206], [-1.110432148617763, 44.82976320209014], [-1.110348634506295, 44.8300666768499], [-1.110223720527704, 44.83036286512679], [-1.110058609086703, 44.830648914325906], [-1.109854889798089, 44.83092206945853], [-1.109614524197041, 44.83117969968103], [-1.109339826863568, 44.83141932363938], [-1.109033443142309, 44.83163863337499], [-1.108698323671827, 44.83183551656122], [-1.108337695968516, 44.83200807685587], [-1.107955033338754, 44.83215465217369], [-1.107554021418898, 44.83227383070222], [-1.107138522665764, 44.832364464506355], [-1.107049511506286, 44.83237725602653], [-1.106983821007972, 44.832532987743846], [-1.106818686695724, 44.832819032326064], [-1.106614943788045, 44.8330921817053], [-1.106374554047596, 44.83334980509328], [-1.106099832286894, 44.83358942120178], [-1.105793424085872, 44.833808722147865], [-1.105458280318903, 44.834005595689455], [-1.105097628736436, 44.834178145577305], [-1.10471494287489, 44.834324709826376], [-1.10431390859444, 44.8344438767308], [-1.10389838856732, 44.83453449846745], [-1.103472385059248, 44.83459570215711], [-1.103040001363086, 44.83462689827621], [-1.102605402257062, 44.834627786338096], [-1.102172773869267, 44.83459835778877], [-1.101746283336014, 44.8345388960894], [-1.101330038643566, 44.83444997398448], [-1.10092804904104, 44.834332447982504], [-1.10054418640664, 44.834187450101666], [-1.100182147940201, 44.83401637696128], [-1.099845420542038, 44.83382087632335], [-1.099615327508816, 44.833658076420555], [-1.09939362978708, 44.833723942703564], [-1.098978107149222, 44.83381454599536], [-1.098552103741057, 44.833875730782395], [-1.098119722854505, 44.833906907723154], [-1.097685129240731, 44.833907776515716], [-1.097252508974919, 44.83387832879168], [-1.096826029115127, 44.83381884819691], [-1.096409797544779, 44.83372990765795], [-1.096007823386552, 44.833612363860745], [-1.095623978369842, 44.833467348995], [-1.095261959524734, 44.833296259843564], [-1.094925253562489, 44.833100744322635], [-1.094617103286158, 44.8328826856025], [-1.094340476355222, 44.83264418396184], [-1.094098036705256, 44.832387536551295], [-1.093892118897894, 44.83211521526095], [-1.093724705647902, 44.83182984290571], [-1.093597408743398, 44.831534167958], [-1.093511453542403, 44.83123103807147], [-1.093467667194297, 44.8309233726512], [-1.093466470698748, 44.8306141347343], [-1.093507874877659, 44.830306302452335], [-1.093591480297879, 44.83000284035028], [-1.093716481144414, 44.82970667083819], [-1.093881673005808, 44.82942064605039], [-1.094085464495756, 44.82914752038334], [-1.094325892598181, 44.828889923976085], [-1.094600641587224, 44.82865033738866], [-1.094907065339397, 44.82843106772207], [-1.095242212822596, 44.82823422640901], [-1.095602856516293, 44.82806170888954], [-1.095985523489214, 44.82791517636647], [-1.096386528835395, 44.827796039816064], [-1.096802011147004, 44.82770544640787], [-1.097227969682862, 44.827644268463594], [-1.097660302875468, 44.82761309506175], [-1.098094847806506, 44.82761222636831], [-1.098527420271644, 44.82764167074785], [-1.098953855049777, 44.82770114468304], [-1.099370045989944, 44.82779007550324], [-1.099771985530863, 44.827907606895984], [-1.100155803273461, 44.8280526071483], [-1.100517803235783, 44.828223680038896], [-1.100854499432222, 44.82841917827646], [-1.101084574603356, 44.82858197532919], [-1.101306250055913, 44.828516105779535], [-1.101721729759149, 44.82842549392833], [-1.101810735871412, 44.82841270669839], [-1.101876435889635, 44.82825697825508], [-1.102041581953231, 44.827970941457764], [-1.102245328522883, 44.82769780093651], [-1.102406693716858, 44.82752487026665], [-1.10209254467112, 44.82737641664426], [-1.101755850415493, 44.82718092223072], [-1.101447706096947, 44.826962882904446], [-1.101171079317704, 44.82672439875741], [-1.100928634012027, 44.826467766771735], [-1.100722704796186, 44.826195458689014], [-1.100555274495, 44.825910097196946], [-1.100427955060987, 44.825614430663386], [-1.100341972069331, 44.82531130666099], [-1.100329632143868, 44.82522466613181], [-1.100305893927075, 44.82521088196863], [-1.099997766037151, 44.824992838757716], [-1.09972115510901, 44.824754351151284], [-1.099478724924248, 44.82449771616476], [-1.099272809953502, 44.82422540556862], [-1.099105392884413, 44.8239400420748], [-1.09897808554208, 44.823644374070376], [-1.098892113385267, 44.823341249142196], [-1.098848303726861, 44.823033586647576], [-1.098847077791239, 44.82272434959552], [-1.098888446684021, 44.82241651610927], [-1.098972011312058, 44.82211305074547], [-1.099096966253351, 44.82181687594561], [-1.099262107538651, 44.82153084389494], [-1.099465844268801, 44.82125770905991], [-1.099706213955119, 44.82100010166787], [-1.099980901434316, 44.820760502384694], [-1.100287261175223, 44.820541218433625], [-1.100622342762104, 44.82034436138495], [-1.100982919308917, 44.82017182683027], [-1.101365518530887, 44.820025276136406], [-1.101766456174343, 44.81990612045468], [-1.101917493910645, 44.81987317525226], [-1.10211621874109, 44.81966017991278], [-1.102390889396553, 44.81942057476961], [-1.102697232429845, 44.819201284261496], [-1.103032297586097, 44.819004420021955], [-1.103071656987485, 44.81898558511872], [-1.10302865813424, 44.818683753003356], [-1.103027409292029, 44.818374516444756], [-1.103068752086116, 44.818066681845195], [-1.103152287674789, 44.81776321377208], [-1.103277210915789, 44.817467034692946], [-1.103442318145202, 44.81718099683437], [-1.103646018791878, 44.81690785471866], [-1.103886350714637, 44.81665023864336]]]}}, {"type": "Feature", "properties": {"nb_detections_cluster": 2, "frp_max": 17.75, "frp_moyen": 13.62, "derniere_detection": "2026-07-23T13:55:00", "fetch_timestamp": "2026-07-24T11:53:00"}, "geometry": {"type": "Polygon", "coordinates": [[[-1.119355786648875, 44.81743073511784], [-1.119630372905877, 44.81719108747713], [-1.119936636515242, 44.816971749534424], [-1.120271627986687, 44.816774833380045], [-1.120632121301671, 44.816602235174756], [-1.121014644976631, 44.81645561689833], [-1.121415515485114, 44.81633639035286], [-1.121830872717329, 44.81624570357444], [-1.122256717136196, 44.816184429783846], [-1.122688948272786, 44.81615315898255], [-1.12312340419127, 44.81615219227432], [-1.123555901544268, 44.81618153896754], [-1.123982275833849, 44.81624091648547], [-1.124398421491491, 44.81632975308589], [-1.124800331392014, 44.816447193363594], [-1.125184135421909, 44.81659210648293], [-1.125546137731487, 44.816763097061724], [-1.125882852312835, 44.81695851860125], [-1.126191036561518, 44.81717648933408], [-1.126467722499204, 44.81741491033692], [-1.126710245356746, 44.81767148573459], [-1.126916269242448, 44.81794374480109], [-1.127083809648116, 44.818229065744866], [-1.12721125257577, 44.818524700949986], [-1.12729737010024, 44.81882780343028], [-1.127341332217047, 44.81913545424188], [-1.127342714860608, 44.819444690590416], [-1.127301504014597, 44.81975253436242], [-1.12721809587385, 44.82005602080609], [-1.12709329305525, 44.82035222708537], [-1.126928296893024, 44.82063830043204], [-1.126724695891736, 44.82091148562492], [-1.126484450447286, 44.82116915153092], [-1.12620987398233, 44.82140881645242], [-1.125903610677236, 44.82162817203642], [-1.125568610010593, 44.82182510551462], [-1.125208098354309, 44.821997720060544], [-1.124825547896793, 44.82214435306644], [-1.124424643193737, 44.822263592164184], [-1.124162536224141, 44.822320820042144], [-1.124073398400243, 44.8225323414455], [-1.123908380464411, 44.822818410507836], [-1.123704756884289, 44.823091590356164], [-1.123464488273239, 44.82334924990887], [-1.123189888277053, 44.82358890752957], [-1.12288360130276, 44.82380825493545], [-1.122548577056947, 44.82400517943709], [-1.122188042138668, 44.82417778429439], [-1.121805468960424, 44.824324406992936], [-1.121404542296798, 44.82444363526385], [-1.120989123783225, 44.82453432069299], [-1.120563214707416, 44.82459558978765], [-1.12013091745245, 44.82462685239426], [-1.119696395963773, 44.824627807385745], [-1.119263835621727, 44.82459844556342], [-1.11883740290712, 44.824539049745724], [-1.118421205249274, 44.824450192042654], [-1.118019251444295, 44.82433272834227], [-1.117635413025674, 44.82418779006274], [-1.117273386960146, 44.82401677324931], [-1.116936660028779, 44.82382132512151], [-1.116628475236906, 44.82360332820047], [-1.1163518005768, 44.82336488216975], [-1.116109300444123, 44.82310828364449], [-1.115903309983437, 44.82283600404398], [-1.115735812609656, 44.82255066578173], [-1.115608420921494, 44.822255017001915], [-1.115522361190203, 44.82195190510633], [-1.115478461572211, 44.821644249326866], [-1.115477144158343, 44.821335012607946], [-1.115518420935245, 44.82102717306975], [-1.115601893696869, 44.820723695327295], [-1.115726757905863, 44.82042750194133], [-1.115891810466644, 44.82014144527628], [-1.116095461334339, 44.81986828003567], [-1.116335748846944, 44.81961063673972], [-1.116610358632288, 44.81937099640017], [-1.116916645907154, 44.81915166663562], [-1.117251660953401, 44.81895475945764], [-1.11761217752551, 44.81878217094051], [-1.117994723916011, 44.81863556297075], [-1.118395616379762, 44.818516347251176], [-1.118657711478003, 44.81845913306954], [-1.118746863223975, 44.818247616304006], [-1.118911894011079, 44.8179615553536], [-1.119115522300906, 44.817688384767635], [-1.119355786648875, 44.81743073511784]]]}}, {"type": "Feature", "properties": {"nb_detections_cluster": 2, "frp_max": 10.8, "frp_moyen": 7.24, "derniere_detection": "2026-07-24T02:28:00", "fetch_timestamp": "2026-07-24T11:53:00"}, "geometry": {"type": "Polygon", "coordinates": [[[-1.107139459904422, 44.84079070073656], [-1.107445900931268, 44.84057139557264], [-1.107781076901383, 44.840374515605106], [-1.108141760019732, 44.84020195664626], [-1.10852447697527, 44.840055380297926], [-1.108925542380654, 44.839936197958444], [-1.109341094249702, 44.839845557238235], [-1.109767131171489, 44.83978433091456], [-1.110199550823802, 44.83975310853183], [-1.110634189455926, 44.83975219072761], [-1.111066861961438, 44.83978158633937], [-1.11149340215613, 44.83984101231933], [-1.111909702874185, 44.83992989645866], [-1.112311755497473, 44.84004738289439], [-1.112695688538252, 44.84019234034643], [-1.113057804904535, 44.84036337300565], [-1.113394617490005, 44.840558833968146], [-1.113702882746293, 44.84077684108684], [-1.113979631914703, 44.841015295088056], [-1.114222199616811, 44.8412718997788], [-1.114428249528618, 44.84154418415093], [-1.114595796890773, 44.841829526169136], [-1.114723227637732, 44.84212517801452], [-1.114809313961018, 44.84242829254058], [-1.11485322615601, 44.84273595068734], [-1.114854540637276, 44.84304518958976], [-1.114813244044339, 44.84335303110966], [-1.114729733397291, 44.843656510516865], [-1.11468409461625, 44.84376472285447], [-1.114684606357748, 44.84388519640515], [-1.114643308216074, 44.844193037945985], [-1.114559795402232, 44.84449651730826], [-1.114434871540687, 44.844792711724054], [-1.114269739130987, 44.84507876853931], [-1.114065987989561, 44.84535193269201], [-1.113825579958083, 44.845609573251615], [-1.113550830024981, 44.8458492087646], [-1.113244384041314, 44.846068531161094], [-1.112909193245186, 44.846265427992485], [-1.112548485839894, 44.84643800278517], [-1.112165735899452, 44.84658459331429], [-1.111764629901205, 44.846703787620804], [-1.111349031208196, 44.846794437617696], [-1.110922942843914, 44.846855670153516], [-1.110490468918664, 44.846886895426884], [-1.110055775079902, 44.84688781267028], [-1.109623048368354, 44.846858413048615], [-1.109196456867568, 44.84679897974447], [-1.108780109536515, 44.84671008522886], [-1.108378016613105, 44.84659258574444], [-1.107994050970889, 44.84644761305407], [-1.107631910802006, 44.84627656353441], [-1.107295083986461, 44.846081084720005], [-1.106986814491467, 44.84586305942754], [-1.106710071124868, 44.845624587613834], [-1.106467518943733, 44.84536796614229], [-1.106261493593513, 44.84509566665319], [-1.106093978824675, 44.84481031175157], [-1.10596658740295, 44.84451464974178], [-1.105880545596463, 44.84421152815301], [-1.105836681388439, 44.84390386631042], [-1.105835416528109, 44.843594627216795], [-1.105876762495441, 44.84328678901512], [-1.105960320417534, 44.84298331630742], [-1.106005975367712, 44.84287510758518], [-1.106005482246833, 44.84275463403484], [-1.106046826664036, 44.84244679585398], [-1.106130382418066, 44.84214332310131], [-1.106255344171877, 44.84184713828946], [-1.106420507890123, 44.841561093700186], [-1.106624282457163, 44.8412879439207], [-1.106864705019537, 44.84103031932228], [-1.107139459904422, 44.84079070073656]]]}}, {"type": "Feature", "properties": {"nb_detections_cluster": 3, "frp_max": 44.66, "frp_moyen": 37.68, "derniere_detection": "2026-07-24T12:14:00", "fetch_timestamp": "2026-07-24T11:53:00"}, "geometry": {"type": "Polygon", "coordinates": [[[-1.109443441507578, 44.85958039097285], [-1.109718276141484, 44.85934076456521], [-1.110024808315308, 44.85912145096446], [-1.110360085952515, 44.85892456202647], [-1.110720880279004, 44.858751993649896], [-1.111103716912866, 44.858605407527264], [-1.111504909314408, 44.85848621515102], [-1.111920594274697, 44.8583955642282], [-1.112346769101425, 44.85833432763436], [-1.112779330144688, 44.85830309501276], [-1.113214112292546, 44.858302167099566], [-1.113646929056904, 44.85833155282957], [-1.11407361286472, 44.85839096925018], [-1.114490055167557, 44.858479844244584], [-1.114892245984156, 44.85859732203786], [-1.115276312496259, 44.858742271433194], [-1.115638556326777, 44.858913296699], [-1.115975489142061, 44.8591087510026], [-1.116283866236006, 44.85932675226106], [-1.116560717772902, 44.85956520125709], [-1.116803377388423, 44.85982180184597], [-1.117009507873258, 44.86009408305902], [-1.117177123691876, 44.86037942289144], [-1.11730461011917, 44.86067507354533], [-1.117390738810072, 44.86097818788573], [-1.117434679651526, 44.86128584685445], [-1.117436008781778, 44.86159508757852], [-1.117394712698809, 44.8619029319023], [-1.117311188417334, 44.86220641506859], [-1.117186239671826, 44.8625026142728], [-1.117021069201087, 44.86278867681484], [-1.116817267187742, 44.86306184757748], [-1.116576795963102, 44.86331949556657], [-1.116301971123963, 44.86355913925704], [-1.115995439242634, 44.86377847050023], [-1.115660152384408, 44.86397537676234], [-1.115299339677746, 44.864147961478935], [-1.114916476210898, 44.864294562329555], [-1.114515249554731, 44.86441376725579], [-1.114099524234565, 44.86450442806827], [-1.113673304493716, 44.864565671511414], [-1.113240695708108, 44.86459690767873], [-1.112805864824401, 44.864597835697815], [-1.112373000203577, 44.86456844662979], [-1.111946271257773, 44.86450902355553], [-1.111529788270055, 44.86442013884752], [-1.111127562785181, 44.864302648654004], [-1.110743468953689, 44.86415768464835], [-1.110381206202541, 44.863986643123546], [-1.110044263592489, 44.86379117153713], [-1.10973588620605, 44.86357315263622], [-1.109459043890172, 44.86333468631607], [-1.109216402654825, 44.86307806938718], [-1.109010299002977, 44.862805773446105], [-1.108842717438984, 44.86252042106374], [-1.108715271371567, 44.86222476052018], [-1.108629187594787, 44.86192163933049], [-1.108585294495673, 44.861613976816045], [-1.108584014101272, 44.861304735986074], [-1.108625358040709, 44.860996895000326], [-1.10870892746017, 44.860693418487685], [-1.108833916890558, 44.860397228997066], [-1.108999122029573, 44.86011117885526], [-1.109202951362306, 44.85983802270296], [-1.109443441507578, 44.85958039097285]]]}}, {"type": "Feature", "properties": {"nb_detections_cluster": 2, "frp_max": 44.28, "frp_moyen": 34.2, "derniere_detection": "2026-07-24T11:53:00", "fetch_timestamp": "2026-07-24T11:53:00"}, "geometry": {"type": "Polygon", "coordinates": [[[-1.113342935669209, 44.86550051271556], [-1.113617782636937, 44.86526087620108], [-1.113924331896588, 44.86504155141842], [-1.114259631207012, 44.86484465033115], [-1.11462045158534, 44.86467206895489], [-1.115003318398761, 44.86452546910736], [-1.115404544816963, 44.86440626241317], [-1.115820267303468, 44.86431559671725], [-1.116246482804653, 44.86425434503736], [-1.116679087279007, 44.86422309716205], [-1.117113915196454, 44.86422215397439], [-1.11754677962826, 44.864251524556195], [-1.117973512542483, 44.864310926100764], [-1.11839000491792, 44.86439978663454], [-1.118792246291253, 44.864517250521814], [-1.119176363357488, 44.864662186699675], [-1.119538657252808, 44.86483319956386], [-1.119875639161541, 44.86502864240109], [-1.120184063904878, 44.865246633238826], [-1.120460961188291, 44.86548507296018], [-1.120703664206928, 44.86574166550976], [-1.120909835333494, 44.8660139399963], [-1.121077488641032, 44.8662992744798], [-1.121205009043339, 44.866594921213895], [-1.121291167868068, 44.866898033101386], [-1.121335134711847, 44.86720569110777], [-1.121336485462374, 44.86751493236933], [-1.121295206409269, 44.86782277872528], [-1.121211694403081, 44.86812626539887], [-1.121086753059902, 44.868422469551795], [-1.120921585047083, 44.86870853843626], [-1.120717780523424, 44.86898171687403], [-1.120477301844273, 44.869239373797015], [-1.120202464678095, 44.86947902759411], [-1.119895915715815, 44.869698370019364], [-1.119560607187158, 44.86989528843125], [-1.119199768429241, 44.87006788614836], [-1.118816874781194, 44.87021450072497], [-1.118415614104569, 44.87033371997048], [-1.117999851252376, 44.87042439555759], [-1.117573590829469, 44.870485654088455], [-1.117140938603673, 44.87051690551121], [-1.116706061940129, 44.87051784880653], [-1.116273149640853, 44.87048847488837], [-1.11584637157731, 44.8704290666917], [-1.115429838505762, 44.87034019644571], [-1.11502756245346, 44.87022272015932], [-1.114643418058089, 44.87007776937196], [-1.114397019456259, 44.869961457592304], [-1.114375330226002, 44.87012305234609], [-1.114291777397805, 44.870426534035964], [-1.114166794432641, 44.87072273061788], [-1.114001584398722, 44.87100878941699], [-1.113797737859582, 44.8712819553521], [-1.113557217575267, 44.87153959747555], [-1.113282339615016, 44.87177923431867], [-1.112975751062733, 44.87199855779885], [-1.112640404529535, 44.87219545545697], [-1.112279529718682, 44.8723680308115], [-1.111896602316641, 44.872514621632114], [-1.111495310510175, 44.87263381595702], [-1.111079519452215, 44.87272446569895], [-1.11065323401937, 44.87278569770896], [-1.110220560220424, 44.87281692219068], [-1.109785665628363, 44.87281783838427], [-1.10935273921792, 44.87278843746474], [-1.108925950996493, 44.87272900262713], [-1.108509411818176, 44.87264010635724], [-1.108107133769011, 44.87252260491467], [-1.107722991505871, 44.87237763008114], [-1.10736068492221, 44.87220657825393], [-1.107023703500942, 44.8720110969898], [-1.106715292698346, 44.87179306912909], [-1.106438422683134, 44.871554594653325], [-1.106195759731942, 44.87129797045158], [-1.105989640556749, 44.87102566819042], [-1.105822049811248, 44.87074031050159], [-1.105694600992403, 44.87044464571632], [-1.105608520920573, 44.870141521390465], [-1.105564637946893, 44.869833856875616], [-1.105563374000686, 44.86952461520024], [-1.105604740552467, 44.869216774532205], [-1.105688338530461, 44.868913299497315], [-1.105813362190363, 44.86861711263022], [-1.105978606900087, 44.86833106623247], [-1.106182480763527, 44.86805791490865], [-1.106423019970577, 44.867800289044936], [-1.10669790772481, 44.86756066948509], [-1.107004496565946, 44.86734136364761], [-1.107339833871762, 44.86714448331358], [-1.107700690293609, 44.866971924298774], [-1.108083590851691, 44.866825348205595], [-1.108484848390851, 44.86670616642987], [-1.108900599075026, 44.86661552657662], [-1.109326839579151, 44.86655430141475], [-1.109759465621026, 44.86652308047746], [-1.110194311462946, 44.86652216438842], [-1.110627190003613, 44.866551561968556], [-1.111053933075243, 44.86661099015117], [-1.11147043155882, 44.86669987670622], [-1.11187267493218, 44.86681736574745], [-1.112256789871021, 44.866962325969695], [-1.112503170879727, 44.8670786423875], [-1.112524864321617, 44.86691704815592], [-1.112608421477127, 44.866613568134426], [-1.112733403516415, 44.86631737369373], [-1.112898606208203, 44.86603131720836], [-1.113102438060998, 44.8657581533801], [-1.113342935669209, 44.86550051271556]]]}}, {"type": "Feature", "properties": {"nb_detections_cluster": 2, "frp_max": 21.6, "frp_moyen": 18.73, "derniere_detection": "2026-07-24T11:53:00", "fetch_timestamp": "2026-07-24T11:53:00"}, "geometry": {"type": "Polygon", "coordinates": [[[-1.12417234643146, 44.86910085850426], [-1.124447164803061, 44.86886119491039], [-1.12475369141631, 44.86864183997931], [-1.125088974247958, 44.8684449059649], [-1.125449784473666, 44.86827228919991], [-1.125832647558255, 44.868125651842824], [-1.126233876707209, 44.868006405879434], [-1.12664960835768, 44.86791569953283], [-1.127075839367757, 44.867854406212224], [-1.127508465546578, 44.867823116107076], [-1.12794332115509, 44.86782213050709], [-1.128316692027402, 44.86784742611174], [-1.128615754513913, 44.86780441547319], [-1.129048379449396, 44.86777311936869], [-1.129483234643593, 44.86777212773794], [-1.129916132905171, 44.86780145012927], [-1.130342905876513, 44.867860804199935], [-1.130759444150815, 44.86794961843353], [-1.13116173682292, 44.86806703764018], [-1.131545910094015, 44.868211931187226], [-1.131908264559235, 44.8683829038809], [-1.132245310819819, 44.868578309394756], [-1.132553803077452, 44.86879626611571], [-1.132830770387624, 44.86903467525542], [-1.13307354527129, 44.869291241053006], [-1.133279789409222, 44.869563492874924], [-1.13344751617146, 44.86984880899944], [-1.133575109764487, 44.87014444185711], [-1.133661340811136, 44.87044754448438], [-1.133705378212507, 44.870755197936006], [-1.133706797176743, 44.87106443939226], [-1.133665583336442, 44.871372290690516], [-1.133582132913992, 44.87167578700655], [-1.133457248932233, 44.87197200540921], [-1.133292133505899, 44.8722580930136], [-1.133088376287136, 44.87253129446119], [-1.132847939175487, 44.872788978462395], [-1.132573137438865, 44.87302866314532], [-1.132266617426753, 44.87324803996661], [-1.131931331089849, 44.87344499595346], [-1.131570507551355, 44.87361763406259], [-1.131187622003656, 44.873764291459246], [-1.130786362230161, 44.873883555540395], [-1.130370593075087, 44.873974277546935], [-1.129944319203938, 44.87403558363382], [-1.129511646514051, 44.874066883291206], [-1.129076742567687, 44.8740678750351], [-1.128703329987601, 44.874042581936195], [-1.128404234340965, 44.87408559289572], [-1.12797156040727, 44.87411688655308], [-1.127536656046492, 44.874117872265536], [-1.127103710327479, 44.87408854053852], [-1.126676893443667, 44.874029173900574], [-1.126260316525339, 44.8739403441806], [-1.12585799202219, 44.873822906997205], [-1.125473795038718, 44.873677993513105], [-1.125111425995642, 44.873506999534804], [-1.124774374977698, 44.87331157206184], [-1.124465888111736, 44.87309359341647], [-1.124188936299314, 44.87285516310629], [-1.123946186605126, 44.87259857759501], [-1.123739976576811, 44.872326308176675], [-1.123572291743274, 44.87204097716678], [-1.1234447465078, 44.871745332639726], [-1.123358568619441, 44.871442221956315], [-1.123314587371456, 44.871134564336906], [-1.123313225639629, 44.87082532274365], [-1.123354495836176, 44.870517475343725], [-1.123437999817184, 44.87021398682792], [-1.123562932743443, 44.8699177798608], [-1.123728090856476, 44.86963170693755], [-1.123931883093908, 44.86935852291833], [-1.12417234643146, 44.86910085850426]]]}}, {"type": "Feature", "properties": {"nb_detections_cluster": 2, "frp_max": 21.59, "frp_moyen": 18.73, "derniere_detection": "2026-07-24T11:53:00", "fetch_timestamp": "2026-07-24T11:53:00"}, "geometry": {"type": "Polygon", "coordinates": [[[-1.121456795598835, 44.87707110076098], [-1.121763378718438, 44.87685175351445], [-1.122098721066872, 44.87665482801707], [-1.122459593246711, 44.876482220519556], [-1.122842520126252, 44.87633559309118], [-1.123243814296755, 44.87621635762212], [-1.12365961156936, 44.87612566223439], [-1.124085908170379, 44.87606438023164], [-1.124518599277484, 44.87603310169442], [-1.124953518526541, 44.87603212780101], [-1.125386478109533, 44.87606146792892], [-1.125447750504193, 44.876069990948274], [-1.125625822948686, 44.876044389460496], [-1.126058513043732, 44.876013104923594], [-1.126493432111068, 44.87601212499939], [-1.126926392344431, 44.8760414591235], [-1.127353224789576, 44.876100824840236], [-1.127769819467102, 44.87618965052102], [-1.128172164928803, 44.876307080865786], [-1.128556386867582, 44.87645198513459], [-1.128918785409949, 44.87662296803042], [-1.129255870732688, 44.87681838312864], [-1.129564396661282, 44.87703634872382], [-1.129841391926901, 44.87727476594215], [-1.130084188781181, 44.87753133894502], [-1.130290448693178, 44.877803597029406], [-1.130458184880863, 44.87808891841329], [-1.130585781459764, 44.878384555476565], [-1.130672009023758, 44.87868766121517], [-1.130716036507272, 44.87899531665387], [-1.130717439213755, 44.87930455895379], [-1.130676202932167, 44.879612409944166], [-1.130592724100824, 44.87991590480369], [-1.130467806015991, 44.88021212061524], [-1.130302651120689, 44.880498204518844], [-1.130098849447065, 44.88077140119162], [-1.129858363322711, 44.881029079389954], [-1.129583508487528, 44.88126875729779], [-1.129276931802381, 44.88148812643702], [-1.128941585763812, 44.88168507390884], [-1.128580700070072, 44.88185770275197], [-1.128197750512263, 44.8820043502209], [-1.127796425490403, 44.882123603808196], [-1.127380590477269, 44.88221431485586], [-1.126954250772817, 44.88227560962437], [-1.126521512908601, 44.882306897712915], [-1.126086545074764, 44.88230787774893], [-1.125653536951636, 44.88227854029254], [-1.125592257749441, 44.882270017370054], [-1.125414165541908, 44.88229561885421], [-1.124981426665217, 44.88232690094236], [-1.124546458649613, 44.882327874946924], [-1.124113451177179, 44.88229853148603], [-1.123686575036264, 44.882239153201304], [-1.123269941927997, 44.8821503120338], [-1.122867564843358, 44.882032863712375], [-1.12248331939334, 44.88188793950709], [-1.122120906465492, 44.88171693532762], [-1.121783816567219, 44.88152149827181], [-1.121475296199795, 44.881303510754236], [-1.121198316587364, 44.88106507236788], [-1.120955545062258, 44.880808479654284], [-1.120749319382236, 44.88053620397683], [-1.120581625226778, 44.88025086771128], [-1.120454077088762, 44.879955218982595], [-1.120367902744994, 44.879652105192136], [-1.120323931454384, 44.879344445590085], [-1.120322585996612, 44.879035203157684], [-1.120363878626961, 44.87872735607018], [-1.120447410985274, 44.87842386901536], [-1.120572377958883, 44.87812766464363], [-1.120737575461276, 44.87784159542521], [-1.120941412050626, 44.87756841618459], [-1.121181924275449, 44.877310757576794], [-1.121456795598835, 44.87707110076098]]]}}, {"type": "Feature", "properties": {"nb_detections_cluster": 6, "frp_max": 42.89, "frp_moyen": 30.47, "derniere_detection": "2026-07-24T12:14:00", "fetch_timestamp": "2026-07-24T11:53:00"}, "geometry": {"type": "Polygon", "coordinates": [[[-1.085367396721879, 44.80986964804212], [-1.085642090924374, 44.80963008515389], [-1.085948445934412, 44.80941084161559], [-1.086283511382077, 44.80921402860837], [-1.08664406053695, 44.80904154129967], [-1.087026621378188, 44.808895040601385], [-1.087427510021808, 44.80877593718335], [-1.087842866183661, 44.80868537789603], [-1.088268690337159, 44.80862423473262], [-1.088700882208598, 44.80859309643674], [-1.089135280240233, 44.8085922628363], [-1.08956770164198, 44.80862174195797], [-1.089993982647059, 44.808681249949885], [-1.090410018584928, 44.808770213813496], [-1.090811803386581, 44.80888777691814], [-1.091195468142718, 44.8090328072455], [-1.091557318344331, 44.80920390828465], [-1.091893869447758, 44.8093994324732], [-1.092201880422319, 44.809617497055186], [-1.092478384957801, 44.809856002203496], [-1.092720720031503, 44.810112651232565], [-1.092926551559704, 44.81038497270715], [-1.093093896886315, 44.81067034423458], [-1.09322114389178, 44.810966017711586], [-1.093307066537584, 44.8112691457833], [-1.093350836695978, 44.81157680925914], [-1.093352032150103, 44.81188604522257], [-1.093310640686555, 44.8121938755636], [-1.093227060239917, 44.81249733565961], [-1.093102095086873, 44.81279350292802], [-1.092936948125508, 44.81307952497616], [-1.092733209313223, 44.81335264707672], [-1.092492840373717, 44.81361023870413], [-1.092218155919604, 44.813849818876015], [-1.091911801171871, 44.81406908005547], [-1.091576726490356, 44.81426591038344], [-1.091216158960329, 44.81443841402685], [-1.090833571308777, 44.81458492944606], [-1.090432648449995, 44.81470404540555], [-1.090017251982995, 44.81479461457286], [-1.089591382983272, 44.814855764575135], [-1.089159143447943, 44.814886906405924], [-1.088724696766453, 44.814887740101476], [-1.088292227598472, 44.81485825763147], [-1.087865901546408, 44.81479874297644], [-1.087449825011933, 44.814709769391015], [-1.087048005624161, 44.81459219387944], [-1.086664313621512, 44.81444714893684], [-1.086302444560069, 44.81427603163578], [-1.08596588370826, 44.81408049016359], [-1.085657872471393, 44.81386240794045], [-1.085381377169763, 44.81362388547137], [-1.085139060471215, 44.81336722010759], [-1.084933255753327, 44.81309488391208], [-1.08476594464188, 44.81280949984321], [-1.084638737941561, 44.812513816486195], [-1.084552860141981, 44.81221068157562], [-1.084509137647477, 44.811903014564884], [-1.084507990843206, 44.81159377850633], [-1.084549430072989, 44.811285951513625], [-1.084633055566612, 44.81098249808073], [-1.084758061316261, 44.81068634053414], [-1.084923242863746, 44.81040033089292], [-1.085127008922542, 44.81012722340761], [-1.085367396721879, 44.80986964804212]]]}}, {"type": "Feature", "properties": {"nb_detections_cluster": 6, "frp_max": 43.53, "frp_moyen": 36.36, "derniere_detection": "2026-07-24T12:14:00", "fetch_timestamp": "2026-07-24T11:53:00"}, "geometry": {"type": "Polygon", "coordinates": [[[-1.07417237470405, 44.81213974343112], [-1.07447878812819, 44.811920531388246], [-1.07481390869422, 44.811723752863685], [-1.075174509141117, 44.811551302692834], [-1.075557116954278, 44.81140484142992], [-1.075958047797558, 44.81128577936506], [-1.076373440980591, 44.811195262950505], [-1.076799296620423, 44.81113416376664], [-1.077231514140255, 44.81110307013359], [-1.077665931735435, 44.811102281449216], [-1.078098366427534, 44.81113180530768], [-1.078524654321803, 44.81119135742637], [-1.078940690681335, 44.81128036438185], [-1.079342469433001, 44.81139796912848], [-1.079726121725669, 44.81154303924699], [-1.080087953170225, 44.811714177843285], [-1.080424479403489, 44.81190973699329], [-1.080732459634104, 44.81212783360439], [-1.081008927847734, 44.812366367541], [-1.081251221371269, 44.8126230418403], [-1.081457006520923, 44.81289538482361], [-1.081624301087056, 44.81318077389116], [-1.081751493438774, 44.81347646077066], [-1.081837358063742, 44.8137795979781], [-1.081881067392844, 44.81408726623488], [-1.081882199794942, 44.814396502578305], [-1.081840743663793, 44.8147043288947], [-1.081757097556738, 44.81500778060008], [-1.081632066382831, 44.81530393519267], [-1.08146685367603, 44.815589940401765], [-1.081263050027001, 44.81586304166215], [-1.08102261778399, 44.81612060864897], [-1.08074787216942, 44.81636016061708], [-1.080441458993474, 44.81657939030122], [-1.080106329178891, 44.816776186145624], [-1.079745710342111, 44.816948652649316], [-1.079489610159296, 44.81704669033267], [-1.079467228771299, 44.81712786983792], [-1.079342180814682, 44.81742402205892], [-1.079176950222801, 44.81771002405982], [-1.078973127758552, 44.81798312130626], [-1.078732675951389, 44.81824068351199], [-1.078457910212163, 44.81848022997795], [-1.078151476544902, 44.818699453491845], [-1.077816326069723, 44.818896242557344], [-1.077455686602091, 44.819068701738765], [-1.077073031562064, 44.819215169924696], [-1.07667204651319, 44.81933423633452], [-1.076256593653662, 44.81942475411306], [-1.075830674602297, 44.819485851382424], [-1.075398391838439, 44.819516939644096], [-1.074963909168008, 44.8195177194503], [-1.074531411597385, 44.81948818328979], [-1.074105065002578, 44.81942861566026], [-1.07368897598311, 44.8193395903266], [-1.073287152288296, 44.81922196479148], [-1.072903464197945, 44.81907687203185], [-1.072541607230321, 44.81890570958082], [-1.072205066537206, 44.8187101260606], [-1.071897083329554, 44.81849200529631], [-1.071620623657473, 44.81825344816417], [-1.07137834984542, 44.8179967523492], [-1.07117259485768, 44.81772439020758], [-1.071005339840839, 44.817438984947565], [-1.07087819505911, 44.81714328535833], [-1.070792384405557, 44.81684013933075], [-1.070748733637666, 44.81653246642521], [-1.070747662449665, 44.816223229750705], [-1.070789180457034, 44.815915407426786], [-1.070872887130817, 44.81561196390231], [-1.07099797568138, 44.81531582140834], [-1.071163240853152, 44.815029831818826], [-1.071367090554348, 44.81475674919118], [-1.071607561208817, 44.814499203249866], [-1.071882336681415, 44.814259674068886], [-1.072188770594067, 44.81404046819632], [-1.072523911817225, 44.81384369645054], [-1.072884532890974, 44.813671253601626], [-1.073140629213861, 44.81357323127678], [-1.073163018323902, 44.8134920531445], [-1.07328809009025, 44.81319590827805], [-1.073453337376319, 44.81290991547957], [-1.07365716826258, 44.81263682883735], [-1.073897619354077, 44.8123792781145], [-1.07417237470405, 44.81213974343112]]]}}, {"type": "Feature", "properties": {"nb_detections_cluster": 51, "frp_max": 250.89, "frp_moyen": 55.1, "derniere_detection": "2026-07-24T12:14:00", "fetch_timestamp": "2026-07-24T11:53:00"}, "geometry": {"type": "Polygon", "coordinates": [[[-1.082536383327772, 44.82733954627022], [-1.082811174999615, 44.82709998899973], [-1.083117636297622, 44.826880752004875], [-1.08345281582831, 44.82668394640374], [-1.083813485762714, 44.826511467292434], [-1.084196172917027, 44.826364975503914], [-1.084597192191083, 44.82624588162222], [-1.085012682043035, 44.826155332406], [-1.085438641659175, 44.82609419975143], [-1.085870969461641, 44.82606307230097], [-1.086305502584031, 44.82606224977808], [-1.086738056935701, 44.826091740102775], [-1.087164467469912, 44.82615125931533], [-1.087580628269068, 44.82624023430915], [-1.087982532062013, 44.82635780834636], [-1.088366308793775, 44.82650284930341], [-1.088728262877158, 44.82667396056702], [-1.089064908768188, 44.82686949447636], [-1.089373004523365, 44.827087568181845], [-1.089649583015942, 44.827326081768476], [-1.089891980510844, 44.827582738469474], [-1.090097862322984, 44.82785506677568], [-1.090265245311733, 44.82814044422864], [-1.090392516994483, 44.82843612266802], [-1.090478451094676, 44.82873925469113], [-1.090522219373827, 44.8290469210693], [-1.090523399632743, 44.829356158858076], [-1.09048197980392, 44.82966398992987], [-1.090398358094695, 44.82996744965494], [-1.090273339178748, 44.83026361545433], [-1.090108126471598, 44.83054963494947], [-1.089904310563537, 44.83082275343763], [-1.089663853920535, 44.83108034042797], [-1.089656617303467, 44.8310866498636], [-1.089904412466186, 44.831121228024024], [-1.090320614413619, 44.831210192886914], [-1.090722559488483, 44.83132775719202], [-1.09110637723836, 44.83147278890944], [-1.091468371681138, 44.83164389151488], [-1.091805056884251, 44.83183941743088], [-1.092113190525676, 44.832057483884874], [-1.092389805113852, 44.83229599103169], [-1.092632236566102, 44.83255264216654], [-1.092838149870315, 44.832824965833915], [-1.093005561582547, 44.83311033962], [-1.093132858943514, 44.83340601539985], [-1.093218815429288, 44.833709145796355], [-1.093262602585702, 44.83401681159658], [-1.093263798031654, 44.8343260498616], [-1.093222389553255, 44.83463388245926], [-1.093138775248402, 44.83493734474519], [-1.093053508141588, 44.835139348043384], [-1.0931405252963, 44.83513307793447], [-1.093575128457444, 44.83513222693943], [-1.094007756450363, 44.83516168901176], [-1.094434243519357, 44.835221180463755], [-1.09485048301002, 44.835310128456136], [-1.095252466893611, 44.83542767651106], [-1.095636324344095, 44.83557269275512], [-1.095998358997143, 44.83574378081304], [-1.09633508453306, 44.83593929324744], [-1.09664325824149, 44.83615734741556], [-1.096919912245088, 44.83639584359057], [-1.097162382081647, 44.836652485173346], [-1.097368332369428, 44.836924800800396], [-1.097535779308323, 44.83721016813538], [-1.097663109799787, 44.83750583911543], [-1.097749097000782, 44.83780896640974], [-1.097792912161278, 44.838116630835266], [-1.09779413263039, 44.83842586946633], [-1.097752745953143, 44.83873370416732], [-1.097669150017362, 44.8390371702736], [-1.097544149248255, 44.839333345144794], [-1.097378946886316, 44.839619376315], [-1.097175133421955, 44.839892508969044], [-1.096934671297377, 44.840150112479755], [-1.096659876022288, 44.84038970575031], [-1.096353393884732, 44.840608981117676], [-1.096018176471299, 44.84080582658613], [-1.095657452241892, 44.84097834617675], [-1.095274695432777, 44.841124878196354], [-1.094873592587627, 44.84124401124946], [-1.094458007039232, 44.84133459783898], [-1.094031941684546, 44.841395765424274], [-1.093599500412275, 44.8414269248295], [-1.093164848555331, 44.84142777592162], [-1.092732172749999, 44.841398310502775], [-1.092305640589381, 44.84133881238924], [-1.091889360460732, 44.8412498546763], [-1.091576194861863, 44.84115827723815], [-1.091464190534482, 44.8414235745375], [-1.091298951070516, 44.84170959685162], [-1.091095100463277, 44.841982718525536], [-1.090854601512733, 44.84224030903775], [-1.090579770083325, 44.84247988741664], [-1.090273252811379, 44.84269914614255], [-1.089938001621956, 44.842895973380024], [-1.089577245300355, 44.843068473325786], [-1.089194458392029, 44.84321498447576], [-1.088793327730639, 44.843334095635534], [-1.088377716916975, 44.84342465951889], [-1.087951629091415, 44.84348580380386], [-1.087519168359159, 44.84351693953904], [-1.087084500240605, 44.84351776681944], [-1.086651811528696, 44.84348827767649], [-1.086225269940865, 44.843428756155], [-1.085808983955162, 44.84333977557576], [-1.085406963218409, 44.843222193010355], [-1.085023079908618, 44.84307714102188], [-1.084661031424635, 44.84290601675078], [-1.084324304763079, 44.842710468451514], [-1.08401614292621, 44.842492379610015], [-1.083739513684656, 44.84225385079507], [-1.083497080996016, 44.841997179418996], [-1.083291179354616, 44.84172483760269], [-1.083123791319247, 44.841439448358706], [-1.082996528434891, 44.84114376032202], [-1.082910615731636, 44.840840621272335], [-1.082866879949288, 44.840532950702894], [-1.08286574160027, 44.8402237117003], [-1.082907210946258, 44.83991588240656], [-1.082990887926309, 44.83961242733777], [-1.083115966036116, 44.8393162688362], [-1.08328124012004, 44.83903025893007], [-1.083485117999891, 44.83875715187248], [-1.083725635827629, 44.83849957762318], [-1.083732848978342, 44.838493290425795], [-1.083485214954715, 44.83845872490102], [-1.083068970134921, 44.83836973418914], [-1.082666990696969, 44.83825214188984], [-1.082283148421014, 44.838107080659945], [-1.081921140310618, 44.83793594772887], [-1.081584452973487, 44.83774039143453], [-1.081276329033091, 44.8375222953398], [-1.080999735895046, 44.837283760083395], [-1.08075733716923, 44.83702708313963], [-1.08055146702289, 44.836754736682984], [-1.080384107711531, 44.83646934377068], [-1.080256870503561, 44.83617365307308], [-1.080170980181861, 44.83587051239545], [-1.080127263270791, 44.835562841246656], [-1.080126319831868, 44.83530308760318], [-1.079913811602109, 44.835530656293805], [-1.079638966343302, 44.83577020705318], [-1.079332442983162, 44.835989435081025], [-1.079317676413422, 44.83599810320942], [-1.079369123958416, 44.83617969192286], [-1.07941283719777, 44.836487363432475], [-1.079413956466001, 44.83679660209241], [-1.079372470282797, 44.837104429766654], [-1.079288777494374, 44.837407881858105], [-1.079163683458851, 44.83770403586126], [-1.078998392315139, 44.83799003951109], [-1.078794495408927, 44.8382631382574], [-1.0785539559863, 44.838520701799446], [-1.078279090301705, 44.83876024942533], [-1.077972545321596, 44.83897947391156], [-1.0776372732381, 44.83917626375241], [-1.077276503037932, 44.83934872350475], [-1.07689370940037, 44.83949519205168], [-1.076492579224014, 44.839614258609046], [-1.076076976105073, 44.83970477632029], [-1.075650903109864, 44.83976587330815], [-1.075395147590006, 44.83978425962374], [-1.075293783206482, 44.84002418220202], [-1.075128465535641, 44.84031018030455], [-1.074924541396695, 44.84058327214749], [-1.074683974298021, 44.84084082749663], [-1.074657699445983, 44.84086372313668], [-1.075068872770242, 44.840891792105644], [-1.075179591633844, 44.84090725472389], [-1.075440656835157, 44.84067976115733], [-1.075747220972644, 44.840460543542896], [-1.076082507340958, 44.84026375932936], [-1.076443287082424, 44.840091303406815], [-1.076826085955982, 44.83994483638495], [-1.077227217785844, 44.839825768609295], [-1.077642819946521, 44.839735246587104], [-1.078068890543064, 44.839674141952706], [-1.078501326929171, 44.83964304307876], [-1.078935965193083, 44.839642249413565], [-1.079368620231921, 44.83967176859927], [-1.079795126029582, 44.8397313163982], [-1.080211375751295, 44.83982031942856], [-1.080613361269743, 44.83993792068253], [-1.08099721174304, 44.840082987774416], [-1.081359230873904, 44.840254123839316], [-1.081695932491923, 44.84044968097757], [-1.082004074116859, 44.84066777611589], [-1.082280688180086, 44.840906309132905], [-1.082523110603768, 44.841162983074646], [-1.082729006462493, 44.841435326265966], [-1.08289639248006, 44.841720716104994], [-1.083023656144361, 44.84201640431211], [-1.083109571255704, 44.842319543390495], [-1.083153309758116, 44.842627214043524], [-1.08315444973881, 44.8429364532855], [-1.083112979517844, 44.843244282974794], [-1.083029297787553, 44.84354773849496], [-1.082904209799386, 44.84384389730745], [-1.082738919633855, 44.844129907100964], [-1.082535018627068, 44.84440301326616], [-1.082294470064466, 44.84466058543084], [-1.082019590288394, 44.844900142800086], [-1.081713026400922, 44.84511937805655], [-1.081377730776193, 44.84531617959083], [-1.081016932627604, 44.84548865184714], [-1.08063410690359, 44.845635133588125], [-1.080232940811787, 44.84575421390263], [-1.07981729829435, 44.84584474580151], [-1.079391182797117, 44.84590585727088], [-1.078958698691898, 44.84593695967545], [-1.078524011724272, 44.845937753431194], [-1.078091308868772, 44.84590823089255], [-1.077980579346933, 44.84589277115388], [-1.077719500204855, 44.84612027108089], [-1.077412912876834, 44.846339494547], [-1.077077594904737, 44.84653628316887], [-1.076716775717259, 44.84670874151511], [-1.076333930465532, 44.846855208482346], [-1.075932746545337, 44.846974273301676], [-1.075517088070602, 44.84706478913324], [-1.075090958640909, 44.84712588411789], [-1.074658462762301, 44.84715696977913], [-1.074223766293789, 44.847157746694236], [-1.073791056301436, 44.847128207379775], [-1.073364500707662, 44.84706863636386], [-1.072948208125398, 44.84697960744394], [-1.072546188264946, 44.84686197815731], [-1.072162313295783, 44.84671688151701], [-1.07180028053629, 44.84654571509357], [-1.071463576831477, 44.84635012754743], [-1.071155444962312, 44.84613200274252], [-1.070878852410588, 44.845893441593965], [-1.070636462780321, 44.84563674182548], [-1.070430610150915, 44.84536437583135], [-1.070263276608907, 44.84507896685691], [-1.070136073174256, 44.84478326372713], [-1.070050224304308, 44.844480114366995], [-1.070006556123949, 44.844172438368936], [-1.070005488494424, 44.84386319887178], [-1.070047030996251, 44.843555374022216], [-1.070130782863907, 44.84325192829347], [-1.070255936871881, 44.84295578393776], [-1.070421287133643, 44.842669792847005], [-1.070625240737464, 44.842396709093045], [-1.070865833106182, 44.84213916241117], [-1.070892110100109, 44.84211626765931], [-1.070480929901327, 44.84208818320522], [-1.070054416086287, 44.84202859956642], [-1.069638166097673, 44.84193955837816], [-1.069236189235449, 44.84182191729586], [-1.068852357254864, 44.84167680944619], [-1.068490367060177, 44.84150563250762], [-1.068153705086372, 44.84131003524189], [-1.067845613712445, 44.84109190160651], [-1.067569060030135, 44.840853332601675], [-1.067326707269091, 44.840596626026766], [-1.067120889153639, 44.840324254341525], [-1.06695358743795, 44.84003884084619], [-1.066826412835523, 44.83974313440919], [-1.066740589526106, 44.839439982987344], [-1.066696943388519, 44.83913230619292], [-1.06669589407183, 44.83882306717243], [-1.066737450980322, 44.8385152440679], [-1.066821213209863, 44.83821180133577], [-1.06694637343529, 44.83791566119933], [-1.067111725710334, 44.83762967550992], [-1.067315677104005, 44.837356598287286], [-1.067556263060546, 44.83709905920385], [-1.067831166334237, 44.83685953826754], [-1.068137739316167, 44.83664034194702], [-1.068473029537543, 44.83644358096865], [-1.068833808103694, 44.83627114999886], [-1.069216600784971, 44.836124709406945], [-1.069617721465279, 44.836005669284006], [-1.070033307626534, 44.835915175870994], [-1.070459357527868, 44.83585410052675], [-1.070715096772128, 44.83583572560918], [-1.070816473151088, 44.83559580754192], [-1.070981798899503, 44.835309816303926], [-1.071185723062146, 44.83503673217693], [-1.071426281345482, 44.83477918489981], [-1.07170115677026, 44.83453965455949], [-1.071853457628698, 44.834430746344914], [-1.071826789140542, 44.83444639842448], [-1.071466031477007, 44.834618839021076], [-1.071083254918248, 44.83476528729968], [-1.070682146198404, 44.834884332671386], [-1.070266568707037, 44.83497482848363], [-1.069840525263619, 44.83503590307015], [-1.069408119545855, 44.83506696815086], [-1.068973516544183, 44.83506772450129], [-1.068540902424223, 44.83503816483613], [-1.068114444184779, 44.83497857387947], [-1.067698249500895, 44.83488952562085], [-1.067296327139753, 44.834771877783815], [-1.066912548331576, 44.83462676356012], [-1.066550609468419, 44.8344555806896], [-1.066213996490814, 44.8342599779911], [-1.065905951305826, 44.83404183947448], [-1.065629440560337, 44.83380326618697], [-1.065387127070491, 44.833546555969114], [-1.065181344182444, 44.833274181315815], [-1.065014073311176, 44.832988765555804], [-1.064886924873236, 44.83269305757936], [-1.064859906394028, 44.832597597402994], [-1.064448140503966, 44.832509479897624], [-1.064046241973314, 44.83239182038144], [-1.063662487815781, 44.83224669503156], [-1.063300574185942, 44.83207550169494], [-1.062963986781242, 44.831879889291244], [-1.062655967262394, 44.8316617419238], [-1.062379482029048, 44.83142316072505], [-1.062137193651602, 44.83116644361176], [-1.061931435234339, 44.83089406314523], [-1.061764187956554, 44.83060864271014], [-1.06163706200758, 44.830312931241785], [-1.06157113295815, 44.8300799346133], [-1.061249991201504, 44.830125949147316], [-1.060817618521233, 44.83015698070503], [-1.060383053383031, 44.830157703411615], [-1.059950481587752, 44.83012811030581], [-1.059524069726444, 44.83006848643384], [-1.059107925027329, 44.82997940610227], [-1.058706055776022, 44.82986172734357], [-1.058322332691079, 44.829716583647325], [-1.057960451627711, 44.82954537303724], [-1.05762389796962, 44.82934974459935], [-1.057315913052415, 44.82913158259136], [-1.057039462942419, 44.82889298828674], [-1.056797209871689, 44.828636259728455], [-1.056591486604423, 44.82836386958801], [-1.056424273981359, 44.828078441343266], [-1.056297181858062, 44.82778272400467], [-1.056211433620105, 44.827479565633965], [-1.056167854423531, 44.827171885910275], [-1.056166863272986, 44.82686264800827], [-1.056208469012876, 44.826554830059116], [-1.056292270269128, 44.82625139646955], [-1.056417459341072, 44.825955269374774], [-1.056582830004988, 44.8256693005004], [-1.056786789153137, 44.82539624370429], [-1.057027372155398, 44.82513872846204], [-1.057302261794793, 44.82489923455199], [-1.057608810593959, 44.82468006818252], [-1.057944066317186, 44.82448333979153], [-1.058304800402164, 44.82431094373161], [-1.058687539047683, 44.82416454003598], [-1.059088596658033, 44.82404553844032], [-1.05950411132245, 44.823955084814685], [-1.059930081988479, 44.82389405013476], [-1.060362406971966, 44.82386302209962], [-1.060796923433693, 44.82386229947549], [-1.061229447443416, 44.823891889220434], [-1.061655814246462, 44.823951506417444], [-1.062071918346173, 44.82404057701639], [-1.06247375301714, 44.824158243358866], [-1.062857448869718, 44.82430337243243], [-1.063118120886873, 44.824426694659], [-1.063138590657442, 44.824275104060575], [-1.063222351094245, 44.82397166546703], [-1.063347498569042, 44.82367553077779], [-1.063512827258692, 44.82338955179172], [-1.063716744459647, 44.823116482464], [-1.06395728594569, 44.82285895239101], [-1.064232134899577, 44.8226194414939], [-1.064538644235659, 44.82240025614467], [-1.064873862098151, 44.822203506963994], [-1.065234560289236, 44.8220310885047], [-1.065617265353242, 44.82188466101567], [-1.066018292017737, 44.82176563446175], [-1.066433778669855, 44.82167515495326], [-1.066859724526795, 44.82161409371519], [-1.06729202814323, 44.821583038702286], [-1.06772652688564, 44.821582288940554], [-1.068159036994368, 44.82161185164939], [-1.068585393848583, 44.821671442172075], [-1.069001492047433, 44.82176048671534], [-1.069403324922362, 44.821878127871706], [-1.069787023101063, 44.82202323287121], [-1.070148891752515, 44.82219440448394], [-1.070485446155154, 44.822389994467855], [-1.070793445246215, 44.8226081194334], [-1.071069922829551, 44.82284667897194], [-1.071312216141593, 44.82310337587408], [-1.071517991500333, 44.82337573824347], [-1.071685266790129, 44.82366114329354], [-1.071812430565419, 44.82395684259812], [-1.071898257588759, 44.82425998855345], [-1.071941920652851, 44.8245676617966], [-1.07194299857182, 44.824876899316855], [-1.071901480263863, 44.82518472298908], [-1.071817764884899, 44.82548816825474], [-1.071692658010926, 44.825784312673974], [-1.071527363904819, 44.82607030407402], [-1.071323473941102, 44.826343388022636], [-1.071082951299277, 44.82660093436157], [-1.070808112072418, 44.82684046254458], [-1.07050160297237, 44.82705966553538], [-1.070166375845844, 44.827256432035334], [-1.069805659246672, 44.82742886682604], [-1.069422927337935, 44.827575309031054], [-1.069395389805148, 44.827583482522144], [-1.069480279989075, 44.82765672684435], [-1.069722586779576, 44.827913427626356], [-1.0699283720478, 44.82818579337722], [-1.070095653582584, 44.82847120127774], [-1.070222819878121, 44.82876690287435], [-1.070249845626094, 44.82886236162435], [-1.070661593887163, 44.82895045749565], [-1.070845371706296, 44.829004250818706], [-1.07088187296208, 44.82887196093657], [-1.07100699098356, 44.828575817129554], [-1.071172295108364, 44.828289826268026], [-1.071376192869332, 44.82801674242164], [-1.071616720227288, 44.8277591953266], [-1.071891560500872, 44.82751966506802], [-1.072198066687877, 44.827300458204334], [-1.072533286962708, 44.827103685563465], [-1.072893993104205, 44.826931241924115], [-1.073276711580049, 44.826784787777655], [-1.073677756988599, 44.826665733345635], [-1.074093267536463, 44.826575225006835], [-1.074519242210737, 44.826514134263824], [-1.074951579288626, 44.82648304935549], [-1.075386115814452, 44.82648226959566], [-1.075818667664803, 44.826511802492575], [-1.076245069817001, 44.82657136367659], [-1.076661216434112, 44.82666037963699], [-1.077063100381464, 44.82677799324145], [-1.077446851795077, 44.826923071985334], [-1.077808775331429, 44.82709421889155], [-1.078145385740558, 44.82728978595601], [-1.078453441420483, 44.82750789000987], [-1.078729975630213, 44.82774643084586], [-1.078972325060946, 44.828003111434725], [-1.079178155490298, 44.82827546003728], [-1.079345484272314, 44.82856085399949], [-1.079472699446284, 44.82885654500208], [-1.079558575279743, 44.82915968552121], [-1.07960228409526, 44.82946735624641], [-1.079603404266261, 44.82977659419122], [-1.07956192430391, 44.83008442122653], [-1.079478242994688, 44.8303878727614], [-1.079353165586323, 44.830684026295664], [-1.07918789605774, 44.8309700295688], [-1.079044410472532, 44.83116223861741], [-1.079315549694547, 44.831319751580395], [-1.079623632011002, 44.83153785267518], [-1.079900191022291, 44.83177639091156], [-1.080142563180761, 44.83203306928531], [-1.080348414045128, 44.83230541607856], [-1.080515760772602, 44.83259080865477], [-1.080642991229589, 44.832886498707936], [-1.080728879536369, 44.83318963872343], [-1.080772597895304, 44.833497309395625], [-1.080773544291688, 44.8337570628797], [-1.080986042331273, 44.8335294926752], [-1.081260870886102, 44.83328993875578], [-1.081567371995074, 44.83307070559573], [-1.081902593881334, 44.8328739042762], [-1.082263308308067, 44.83270142985209], [-1.082646041663063, 44.83255494311117], [-1.083047108401325, 44.832435854588915], [-1.083462646524029, 44.83234531099232], [-1.083888654752738, 44.83228418416349], [-1.084321031041576, 44.83225306268877], [-1.084755612057348, 44.832252246234084], [-1.08507170483467, 44.83227379883448], [-1.085035416635792, 44.83226873355663], [-1.084619215216707, 44.83217974883967], [-1.084217276818586, 44.832062162394294], [-1.083833472826261, 44.83191710682088], [-1.083471499874533, 44.83174597929443], [-1.083134844232478, 44.83155042810073], [-1.082826748218322, 44.83133233675361], [-1.082550178968763, 44.831093805845974], [-1.082307799863676, 44.830837132810316], [-1.082101944881434, 44.83056478978347], [-1.081934596131609, 44.830279399789646], [-1.081807364781024, 44.82998371147102], [-1.081721475556299, 44.82968057261006], [-1.081677754971377, 44.8293729026981], [-1.081676623392591, 44.829063664815465], [-1.081718091016693, 44.828755837093354], [-1.0818017577996, 44.82845238403273], [-1.081926817335474, 44.828156227956484], [-1.082092064647801, 44.827870220869514], [-1.082295907816427, 44.827597116997715], [-1.082536383327772, 44.82733954627022]], [[-1.088770859474237, 44.83740020754179], [-1.089083999552613, 44.83749179278322], [-1.089156250916754, 44.83732066298177], [-1.089069229929331, 44.83732692997099], [-1.088634609723584, 44.837327763320275], [-1.088318842470409, 44.837306245047564], [-1.088354614125411, 44.837311236685395], [-1.088770859474237, 44.83740020754179]]]}}, {"type": "Feature", "properties": {"nb_detections_cluster": 19, "frp_max": 45.67, "frp_moyen": 13.28, "derniere_detection": "2026-07-24T12:14:00", "fetch_timestamp": "2026-07-24T11:53:00"}, "geometry": {"type": "Polygon", "coordinates": [[[-1.095316041513315, 44.847391064300396], [-1.095651300685058, 44.8471942205309], [-1.096012064849356, 44.84702170061132], [-1.09639485991491, 44.846875165767564], [-1.096795999742412, 44.84675602699829], [-1.097211621629223, 44.84666543149434], [-1.097637723490372, 44.846604251597626], [-1.098070202378487, 44.84657307640548], [-1.098504893972588, 44.84657220610108], [-1.098937612656371, 44.84660164906452], [-1.09936419180103, 44.8466611217921], [-1.099780523865719, 44.846750051624845], [-1.100182599930444, 44.84686758225976], [-1.100566548281681, 44.847012581991216], [-1.10092867167991, 44.84718365460291], [-1.101265482950958, 44.84737915280623], [-1.101573738558943, 44.84759719409545], [-1.101850469837868, 44.84783567886782], [-1.102093011581355, 44.848092310634], [-1.102299027715133, 44.84836461812507], [-1.10246653380488, 44.84864997908301], [-1.102593916182254, 44.84894564550649], [-1.102679947504345, 44.84924877010854], [-1.102723798595978, 44.84955643373208], [-1.102725046459974, 44.849865673459256], [-1.102683678377241, 44.85017351114385], [-1.102600092056235, 44.85047698209257], [-1.102475091829269, 44.850773163618406], [-1.102309880931329, 44.8510592031914], [-1.102106049934768, 44.85133234591549], [-1.101924476594829, 44.85152685047641], [-1.101996765295054, 44.851649995682614], [-1.102124152003221, 44.8519456629321], [-1.102210185385161, 44.85224878819231], [-1.102254036245796, 44.85255645229986], [-1.102255281590092, 44.852865692332145], [-1.102213908723152, 44.85317353014007], [-1.102130315399429, 44.85347700102913], [-1.102005306018615, 44.85377318231287], [-1.101840083903792, 44.854059221463714], [-1.10163623973529, 44.85433236358962], [-1.101395736250744, 44.854589977972175], [-1.101120889357966, 44.85482958340993], [-1.100814345841958, 44.855048872122616], [-1.100479057880335, 44.85524573198599], [-1.100118254612407, 44.85541826688252], [-1.099735411035692, 44.85556481497157], [-1.099334214529608, 44.8556839647029], [-1.098918529329152, 44.855774568418774], [-1.098492359291237, 44.85583575341357], [-1.098059809313026, 44.85586693034379], [-1.097625045774667, 44.85586779890757], [-1.097330629921296, 44.855847766237694], [-1.097235387555339, 44.856073362501206], [-1.097179285253606, 44.85617046881385], [-1.097371157476409, 44.856335816990054], [-1.097613715459531, 44.85659245924792], [-1.097819741054983, 44.85686477579945], [-1.097987249737137, 44.85715014429937], [-1.098114627812477, 44.857445816673675], [-1.098200647979306, 44.857748945578074], [-1.098244481169653, 44.85805661181406], [-1.098245704558513, 44.85836585243854], [-1.098204305662292, 44.85867368929664], [-1.098120682486001, 44.85897715770304], [-1.097995639716725, 44.8592733349951], [-1.097830380999019, 44.859559368683676], [-1.097626497365676, 44.85983250392937], [-1.097385951934378, 44.86009011007998], [-1.097111061016918, 44.86032970601327], [-1.096804471822323, 44.86054898404056], [-1.096469136968189, 44.86074583214052], [-1.096108286045523, 44.86091835430885], [-1.095725394510901, 44.86106488882756], [-1.095324150205737, 44.86118402427707], [-1.094908417825508, 44.86127461313722], [-1.094482201681647, 44.86133578284549], [-1.094049607115494, 44.86136694420557], [-1.093614800936757, 44.86136779706564], [-1.093181971268417, 44.86133833321076], [-1.092755287185856, 44.86127883644218], [-1.092577540170842, 44.86124086672882], [-1.092614926570894, 44.8613045656501], [-1.092726577647657, 44.861369370419254], [-1.093034876892946, 44.86158743640392], [-1.093311640848099, 44.86182594353826], [-1.093554203991834, 44.86208259511753], [-1.093760230043513, 44.86235491968201], [-1.093927734472978, 44.86264029480926], [-1.094055103627523, 44.86293597236142], [-1.094141110291205, 44.863239104944306], [-1.094184925525945, 44.86354677332394], [-1.094186126679511, 44.863856014536594], [-1.094144701482309, 44.864163850421725], [-1.094061048192521, 44.86446731630326], [-1.093935971787141, 44.86476348954297], [-1.093770676234588, 44.86504951769066], [-1.093566752922341, 44.86532264596025], [-1.093326165350198, 44.86558024376673], [-1.093051230235805, 44.86581983006821], [-1.092744595213872, 44.86603909726876], [-1.092409213343412, 44.86623593345132], [-1.092048314668316, 44.86640844272636], [-1.091665375105163, 44.86655496350005], [-1.091264082958045, 44.86667408448525], [-1.090848303383331, 44.86676465830104], [-1.090422041147115, 44.866825812529854], [-1.08998940203479, 44.86685695812449], [-1.08955455328521, 44.86685779508493], [-1.08912168343148, 44.86682831534943], [-1.088694961936109, 44.866768802872194], [-1.088278499010308, 44.86667983088684], [-1.087876306005444, 44.86656225638224], [-1.087492256759008, 44.8664172118438], [-1.08713005026827, 44.866246094340276], [-1.086793175051807, 44.866050552060884], [-1.086484875542703, 44.865832468433624], [-1.086208120837493, 44.8655939439771], [-1.08596557610199, 44.86533727606165], [-1.085759576909414, 44.86506493677484], [-1.085624839100103, 44.86483532888417], [-1.08551318932818, 44.86477051690165], [-1.085204901817405, 44.86455242980946], [-1.084928158857309, 44.86431390226001], [-1.08468562550058, 44.86405723165347], [-1.084479637210845, 44.86378489010331], [-1.084312177381078, 44.86349950061949], [-1.08418485824731, 44.86320381183941], [-1.084098905380894, 44.86290067154987], [-1.084055145907932, 44.86259299925605], [-1.084054000568462, 44.8622837580612], [-1.084088915225053, 44.862024643685196], [-1.084015748650305, 44.861947207659796], [-1.083809771348573, 44.86167486505062], [-1.083642321214742, 44.861389474749096], [-1.083515010391494, 44.86109378540049], [-1.083429064370187, 44.860790644797085], [-1.08338531021104, 44.86048297244711], [-1.083384168602971, 44.86017373145431], [-1.083425649838543, 44.85986589997986], [-1.083509353741816, 44.85956244256089], [-1.083634473548737, 44.85926628156228], [-1.083799803701678, 44.85898026903629], [-1.084003751482116, 44.85870715926125], [-1.08424435236854, 44.858449582223095], [-1.08451928897097, 44.858210018295324], [-1.084825913359124, 44.85799077436065], [-1.084940197015213, 44.857923704809274], [-1.085009478233089, 44.857672501128256], [-1.085134585919126, 44.857376338618785], [-1.085299902869252, 44.85709032403251], [-1.085503836492107, 44.85681721166758], [-1.085744422402535, 44.856559631534935], [-1.086019343354772, 44.856320064037824], [-1.086325951569242, 44.856100816093374], [-1.086661294237518, 44.8559039989251], [-1.087022141959609, 44.855731507740515], [-1.087405019839742, 44.8555850034888], [-1.087806240941309, 44.85546589687403], [-1.08822194177923, 44.85537533477743], [-1.088648119508454, 44.85531418921921], [-1.088654320695126, 44.85531374279488], [-1.08863574297781, 44.85518318141049], [-1.088634572569331, 44.85487394099892], [-1.088676021114615, 44.854566108087795], [-1.088759688752657, 44.854262647228055], [-1.088884769068746, 44.85396648081776], [-1.088966767712579, 44.8538245878697], [-1.088800710970949, 44.85374612372813], [-1.088463904909681, 44.85355058730137], [-1.088155667525242, 44.85333250918749], [-1.087878967315899, 44.853093989851985], [-1.087636468922731, 44.85283732661588], [-1.087430507472799, 44.85256499152167], [-1.087263066100796, 44.85227960751719], [-1.087135756865228, 44.85198392318703], [-1.087049805242385, 44.851680786275175], [-1.087006038346668, 44.8513731162543], [-1.087004876989892, 44.851063876205785], [-1.087046331655038, 44.85075604428172], [-1.087130002422267, 44.85045258502357], [-1.087255082846827, 44.85015642081393], [-1.087420367750521, 44.84987040373606], [-1.087624264850716, 44.849597288112136], [-1.087864810114052, 44.8493397039844], [-1.088139686686262, 44.84910013179467], [-1.08844624721517, 44.84888087850525], [-1.088781539351549, 44.848684055391104], [-1.08914233418199, 44.848511557717025], [-1.089525157319989, 44.84836504649469], [-1.089926322356007, 44.848245932495296], [-1.090341966344747, 44.848155362671186], [-1.090768086988482, 44.84809420911698], [-1.091200581159038, 44.84806306067635], [-1.091635284388314, 44.848062217274915], [-1.092068010947993, 44.84809168703371], [-1.092494594133435, 44.84815118619101], [-1.092910926364864, 44.848240141833365], [-1.093312998720645, 44.848357697409256], [-1.093696939522914, 44.84850272097287], [-1.094059051604771, 44.84867381607843], [-1.0941096504404, 44.848703190189795], [-1.094125064739648, 44.8486666797098], [-1.094290310278627, 44.8483806525415], [-1.094494168568134, 44.84810752443116], [-1.094734675948503, 44.84784992554137], [-1.095009515930196, 44.84761033645613], [-1.095316041513315, 44.847391064300396]]]}}, {"type": "Feature", "properties": {"nb_detections_cluster": 5, "frp_max": 80.25, "frp_moyen": 48.91, "derniere_detection": "2026-07-24T12:14:00", "fetch_timestamp": "2026-07-24T11:53:00"}, "geometry": {"type": "Polygon", "coordinates": [[[-1.095653608533611, 44.86417994525639], [-1.095928524516493, 44.86394035263658], [-1.096235135646592, 44.86372107679025], [-1.096570489087227, 44.863524229209645], [-1.096931355334531, 44.86335170539514], [-1.097314259314226, 44.86320516661019], [-1.097715513838313, 44.863086023891334], [-1.098131255099837, 44.86299542446749], [-1.098557479864512, 44.8629342407183], [-1.098990084001709, 44.8629030617782], [-1.099424901984627, 44.86290218786644], [-1.099857746980176, 44.862931627397856], [-1.100284451143502, 44.86299109690178], [-1.100700905730146, 44.86308002375031], [-1.101103100640509, 44.86319755166916], [-1.101487163016819, 44.863342548978856], [-1.101849394521676, 44.863513619486454], [-1.102186306939955, 44.8637091159236], [-1.102494655761767, 44.863927155801555], [-1.102771471423435, 44.86416563953119], [-1.103014087905866, 44.864422270633185], [-1.103220168414877, 44.86469457784505], [-1.103387727895963, 44.864979938911496], [-1.103515152166321, 44.86527560583009], [-1.103601213479256, 44.865578731309135], [-1.103645082370402, 44.86588639618315], [-1.103646335670758, 44.86619563752215], [-1.103604960608473, 44.86650347716449], [-1.103521354958812, 44.866806950397965], [-1.103396323239854, 44.86710313451362], [-1.103231068989516, 44.86738917695653], [-1.10302718319736, 44.86766232280299], [-1.102786629001672, 44.867919941298766], [-1.102511722798484, 44.86815955120278], [-1.102205111943902, 44.86837884469173], [-1.101869749264019, 44.86857570959541], [-1.101508864617766, 44.86874824974772], [-1.101125933786476, 44.86889480325739], [-1.100724644990043, 44.86901395852197], [-1.100308863352487, 44.86910456783044], [-1.099882593659724, 44.86916575842329], [-1.099449941768944, 44.86919694090312], [-1.099015075042093, 44.86919781491459], [-1.09858218218546, 44.86916837203908], [-1.098155432883174, 44.86910889587573], [-1.097738937614362, 44.86901995930842], [-1.097336708042012, 44.868902418984874], [-1.096952618355938, 44.86875740706125], [-1.096590367943041, 44.868586320292174], [-1.096253445745068, 44.86839080657087], [-1.09594509664774, 44.86817274905028], [-1.095668290225318, 44.86793424799759], [-1.095425692141838, 44.867677600557755], [-1.095219638484422, 44.867405278621185], [-1.095052113275682, 44.86711990500903], [-1.094924729381356, 44.86682422820579], [-1.094838712996506, 44.86652109588307], [-1.094794891858945, 44.86621342746936], [-1.094793687302523, 44.865904186030626], [-1.094835110225892, 44.86559634973239], [-1.094918761014511, 44.8652928831583], [-1.095043833415639, 44.86499670876147], [-1.095209122327963, 44.86471067872326], [-1.095413035429881, 44.86443754749069], [-1.095653608533611, 44.86417994525639]]]}}, {"type": "Feature", "properties": {"nb_detections_cluster": 3, "frp_max": 16.97, "frp_moyen": 12.07, "derniere_detection": "2026-07-23T13:55:00", "fetch_timestamp": "2026-07-24T11:53:00"}, "geometry": {"type": "Polygon", "coordinates": [[[-1.073124131641779, 44.86775921953451], [-1.073399161265018, 44.867519682435095], [-1.073705879902575, 44.867300468562796], [-1.07404133368281, 44.86710368881299], [-1.07440229213594, 44.866931238032855], [-1.074785279300103, 44.866784776782495], [-1.075186607186569, 44.86666571535187], [-1.075602411282214, 44.86657520018712], [-1.076028687747919, 44.86651410285656], [-1.076461331955386, 44.866483011662474], [-1.076896177992082, 44.86648222597927], [-1.077329038754836, 44.86651175337218], [-1.07775574624696, 44.866571309524566], [-1.078172191691866, 44.866660320974134], [-1.078574365077854, 44.86677793063203], [-1.07895839375422, 44.86692300603167], [-1.079320579707834, 44.86709415022814], [-1.079657435161919, 44.867289715243444], [-1.079965716154807, 44.867507817928484], [-1.080242453775653, 44.86774635808923], [-1.080484982756529, 44.86800303870291], [-1.080690967145534, 44.86827538803011], [-1.080858422813468, 44.8685607834099], [-1.080985736576958, 44.86885647650929], [-1.081071681753252, 44.86915961978432], [-1.081077470103442, 44.86920032848093], [-1.081165050237115, 44.869293014794415], [-1.081371042656752, 44.86956536297175], [-1.081538505628272, 44.86985075744295], [-1.081665825897947, 44.8701464498838], [-1.081751776720351, 44.87044959275669], [-1.081795529694933, 44.870757266728454], [-1.081796662768842, 44.87106650878144], [-1.081755164327944, 44.8713743407469], [-1.081671433335665, 44.87167779798648], [-1.081546275517232, 44.87197395794506], [-1.081380895625086, 44.87225996830032], [-1.081176885858973, 44.87253307443743], [-1.080936210551367, 44.8727906459845], [-1.080661187264988, 44.87303020215254], [-1.080354464483871, 44.87324943563574], [-1.080018996112414, 44.873446234841765], [-1.079658013027817, 44.87361870423725], [-1.079274991959836, 44.8737651826124], [-1.078873621997785, 44.87388425908843], [-1.078457769047712, 44.8739747867132], [-1.078031438582633, 44.87403589351397], [-1.077598737045271, 44.874066990900396], [-1.077163832275892, 44.87406777933684], [-1.076730913347281, 44.87403825122893], [-1.076304150194699, 44.87397869099676], [-1.075887653430624, 44.873889672333966], [-1.075485434732334, 44.87377205267901], [-1.075101368184732, 44.87362696495222], [-1.074739152951628, 44.87345580663827], [-1.074402277635659, 44.87326022631947], [-1.074093986670689, 44.873042107790155], [-1.073817249070746, 44.87280355190507], [-1.073574729836662, 44.87254685633722], [-1.073368764295792, 44.87227449344045], [-1.073201335621745, 44.87198908643028], [-1.073074055750215, 44.87169338411282], [-1.072988149874152, 44.87139023440522], [-1.072982367163039, 44.87134952525884], [-1.072894797329351, 44.87125683243141], [-1.072688839818579, 44.870984468384954], [-1.072521418447138, 44.87069906046645], [-1.072394145080409, 44.870403357490716], [-1.072308244848714, 44.87010020738126], [-1.072264544371008, 44.869792529737765], [-1.072263463818955, 44.869483287714885], [-1.072305012896886, 44.869175459483685], [-1.07238879077531, 44.86887200954993], [-1.072513989977609, 44.8685758602064], [-1.072679404181453, 44.86828986339301], [-1.072883439858833, 44.86801677323673], [-1.073124131641779, 44.86775921953451]]]}}, {"type": "Feature", "properties": {"nb_detections_cluster": 4, "frp_max": 22.52, "frp_moyen": 15.11, "derniere_detection": "2026-07-23T13:55:00", "fetch_timestamp": "2026-07-24T11:53:00"}, "geometry": {"type": "Polygon", "coordinates": [[[-1.070183657361708, 44.87676911977512], [-1.070458743666194, 44.87652958927494], [-1.070765523005532, 44.876310382898815], [-1.071101040923543, 44.876113611469954], [-1.071462066332855, 44.87594116975539], [-1.071845122626915, 44.875794718227915], [-1.072246521151402, 44.875675667083875], [-1.072662396713107, 44.87558516267035], [-1.073088744784867, 44.8755240764521], [-1.073521460049008, 44.8754929966245], [-1.073956375908912, 44.87549222245238], [-1.074389304589201, 44.87552176139021], [-1.074816077439314, 44.87558132901018], [-1.075232585053416, 44.87567035173959], [-1.075634816821245, 44.875787972380934], [-1.076018899529971, 44.875933058361895], [-1.076381134646186, 44.876104212635646], [-1.07671803391969, 44.87629978712718], [-1.077026352966803, 44.876517898596134], [-1.077303122510146, 44.876756446763885], [-1.077545676974265, 44.87701313453054], [-1.077751680161708, 44.87728549008782], [-1.07791914776207, 44.877570890714765], [-1.078046466476864, 44.87786658802783], [-1.07813240957544, 44.878169734442494], [-1.078176148731433, 44.878477410591465], [-1.078177262024866, 44.87878665343606], [-1.078135738031912, 44.87909448479995], [-1.078051975961898, 44.87939794005052], [-1.077926781839193, 44.879694096651775], [-1.077761360765742, 44.87998010231369], [-1.077557305337795, 44.880253202466655], [-1.077506436019147, 44.880307630460656], [-1.077507401435751, 44.88057668022501], [-1.077465872445783, 44.88088451151189], [-1.077382104084153, 44.881187966428136], [-1.077256902435784, 44.88148412244104], [-1.077091472675066, 44.881770127266186], [-1.076887407481893, 44.88204322634202], [-1.076646671722459, 44.882300789364656], [-1.076371583541649, 44.882540335627134], [-1.076064792048493, 44.88275955791909], [-1.075729251809199, 44.882956344755925], [-1.075368194393213, 44.883128800723405], [-1.074985097246302, 44.88327526474105], [-1.074583650190659, 44.88339432606837], [-1.074167719875008, 44.88348483789916], [-1.073741312517675, 44.88354592841275], [-1.073308535302147, 44.883577009175724], [-1.07287355679776, 44.88357778081252], [-1.072440566787647, 44.88354823589059], [-1.07201373589184, 44.88348865899203], [-1.071597175375417, 44.883399623970966], [-1.071194897529776, 44.88328198842345], [-1.070810777009561, 44.88313688542285], [-1.070448513498437, 44.88296571260098], [-1.070111596064006, 44.88277011867987], [-1.069803269545727, 44.8825519875849], [-1.069526503299956, 44.88231342029178], [-1.069283962603275, 44.882056714583406], [-1.069077982989574, 44.88178434291127], [-1.068910547767799, 44.88149892857541], [-1.068783268936482, 44.881203220452434], [-1.06869737167831, 44.880900066515395], [-1.06865368258333, 44.88059238640083], [-1.068652621713307, 44.880283143287194], [-1.068694198582749, 44.87997531535596], [-1.068778012094267, 44.879671867110076], [-1.068903254427853, 44.87937572082595], [-1.069068718845605, 44.879089728414094], [-1.069272811335783, 44.87881664395903], [-1.069323687285418, 44.87876221976208], [-1.069322761118509, 44.87849317008173], [-1.069364332988041, 44.87818534207318], [-1.069448140205378, 44.8778818934927], [-1.069573375011162, 44.877585746619935], [-1.06973883074002, 44.87729975337105], [-1.069942913463915, 44.877026667838635], [-1.070183657361708, 44.87676911977512]]]}}, {"type": "Feature", "properties": {"nb_detections_cluster": 1, "frp_max": 37.41, "frp_moyen": 37.41, "derniere_detection": "2026-07-24T11:53:00", "fetch_timestamp": "2026-07-24T11:53:00"}, "geometry": {"type": "Polygon", "coordinates": [[[-1.088372279854918, 44.88890969681581], [-1.088647348033557, 44.888670120354966], [-1.088954122686383, 44.888450862904], [-1.089289649402024, 44.88825403577801], [-1.089650697008124, 44.8880815342804], [-1.090033788684177, 44.88793501945961], [-1.090435235435012, 44.88781590212151], [-1.090851171602954, 44.88772532925058], [-1.091277592077245, 44.887664172970766], [-1.091710390843086, 44.88763302215198], [-1.092145400499929, 44.88763217674275], [-1.092578432369376, 44.88766164488341], [-1.09300531680746, 44.88772114282785], [-1.093421943334099, 44.88781009767428], [-1.093824300194268, 44.887927652878886], [-1.094208512970873, 44.88807267649941], [-1.09457088187832, 44.888243772089545], [-1.09490791737834, 44.88843929213943], [-1.095216373775697, 44.88865735393296], [-1.095493280470579, 44.8888958576699], [-1.095735970566946, 44.889152506678315], [-1.095942106561321, 44.88942482952321], [-1.096109702864398, 44.88971020379873], [-1.096237144938226, 44.89000588137523], [-1.096323204864075, 44.89030901485834], [-1.096367053190308, 44.890616685005384], [-1.09636826694535, 44.89092592883565], [-1.096326833737573, 44.8912337681634], [-1.09624315190163, 44.89153723827944], [-1.096118026688792, 44.891833416504724], [-1.09595266253693, 44.89211945034109], [-1.095748651493667, 44.89239258494765], [-1.095507957903283, 44.892650189678385], [-1.095232899504143, 44.8928897834247], [-1.094926125118081, 44.89310905851896], [-1.094590589146218, 44.89330590296807], [-1.09422952311662, 44.893478420802914], [-1.093846404557799, 44.89362495034716], [-1.093444923498016, 44.89374408022919], [-1.093028946913418, 44.89383466298244], [-1.092602481467952, 44.89389582610319], [-1.092169634904636, 44.89392698045862], [-1.091734576460849, 44.89392782596435], [-1.091301496689841, 44.89389835447626], [-1.09087456707641, 44.89383884986915], [-1.090457899836702, 44.893749885300814], [-1.090055508290322, 44.89363231768873], [-1.089671268187336, 44.893487279451925], [-1.089308880363477, 44.89331616759841], [-1.088971835083958, 44.89312063026304], [-1.088663378419836, 44.892902550826214], [-1.088386480981177, 44.89266402976615], [-1.088143809308307, 44.8924073644205], [-1.0879377001967, 44.89213502685214], [-1.087770138202573, 44.891849640032696], [-1.0876427365454, 44.891553952573894], [-1.087556721590727, 44.89125081224986], [-1.087512921061967, 44.890943138566136], [-1.08751175609387, 44.8906338946394], [-1.087553237203208, 44.89032605865907], [-1.087636964214497, 44.890022595205714], [-1.087762130140404, 44.88972642670229], [-1.087927528978476, 44.889440405273426], [-1.088131567348122, 44.88916728528316], [-1.088372279854918, 44.88890969681581]]]}}, {"type": "Feature", "properties": {"nb_detections_cluster": 2, "frp_max": 285.01, "frp_moyen": 244.59, "derniere_detection": "2026-07-24T11:53:00", "fetch_timestamp": "2026-07-24T11:53:00"}, "geometry": {"type": "Polygon", "coordinates": [[[-1.07825631099941, 44.912999796549016], [-1.078563259278006, 44.912780566151795], [-1.078898967931506, 44.9125837689367], [-1.079260204035688, 44.9124112999191], [-1.079643488955108, 44.91226481983469], [-1.080045131834045, 44.9121457391548], [-1.080461265126567, 44.91205520451092], [-1.080887881824104, 44.9119940876589], [-1.081320874022754, 44.911962977089026], [-1.081756072459736, 44.9119621723622], [-1.082189286639211, 44.911991681227114], [-1.082616345162029, 44.912051219545475], [-1.08303313587207, 44.91214021402678], [-1.083396138454542, 44.912246265813714], [-1.083769202019574, 44.91227167187247], [-1.084196264349815, 44.912331204124094], [-1.084613059645436, 44.91242019268715], [-1.085015574526499, 44.91253778069312], [-1.085399933054413, 44.91268283588391], [-1.085762434040133, 44.912853961509235], [-1.0860995866735, 44.913049509769984], [-1.086408144131191, 44.91326759767839], [-1.08668513483997, 44.913506125182735], [-1.086927891094431, 44.91376279538219], [-1.087134074753577, 44.91403513663766], [-1.087301699768594, 44.914320526365984], [-1.087429151324478, 44.91461621628862], [-1.087515201410577, 44.91491935889228], [-1.087559020669395, 44.91522703484645], [-1.08756018640865, 44.91553628111437], [-1.087518686698518, 44.91584411948679], [-1.087434920513531, 44.91614758526367], [-1.087309693916773, 44.91644375580773], [-1.087144212322072, 44.91672977869465], [-1.086940068907761, 44.91700289918898], [-1.086699229292712, 44.91726048678056], [-1.08642401262149, 44.91750006052589], [-1.086117069240208, 44.917719312949856], [-1.085781355177653, 44.9179161322777], [-1.085420103677277, 44.91808862278226], [-1.085036794054152, 44.9182351230504], [-1.084635118177065, 44.91835422199249], [-1.084218944898905, 44.91844477243994], [-1.083792282778484, 44.91850590220023], [-1.083359241453536, 44.91853702246182], [-1.082923992037738, 44.91853783346875], [-1.08249072692412, 44.91850832740923], [-1.082063619383008, 44.918448788491], [-1.0816467833446, 44.918359790202416], [-1.081283744513051, 44.918253732503594], [-1.080910642295638, 44.918228318054354], [-1.08048353856314, 44.918168773068764], [-1.080066707111796, 44.918079768861354], [-1.079664162843066, 44.917962162731364], [-1.079279782978116, 44.91781708746887], [-1.078917269698854, 44.917645940438454], [-1.078580114478762, 44.91745037011385], [-1.078271564447625, 44.91723226019311], [-1.077994591114504, 44.91699371144809], [-1.07775186175033, 44.91673702148305], [-1.077545713705777, 44.91646466259792], [-1.077378131911516, 44.91617925796961], [-1.077250729777148, 44.915883556381324], [-1.077164733672204, 44.91558040574321], [-1.077120971137933, 44.915272725660074], [-1.07711986294254, 44.914963479310146], [-1.077161419055437, 44.914655644906134], [-1.07724523857825, 44.91435218701335], [-1.077370513632216, 44.91405602800115], [-1.077536037163515, 44.913770019902664], [-1.077740214590382, 44.91349691695354], [-1.077981079179016, 44.913239349073876], [-1.07825631099941, 44.912999796549016]]]}}, {"type": "Feature", "properties": {"nb_detections_cluster": 2, "frp_max": 54.35, "frp_moyen": 38.16, "derniere_detection": "2026-07-24T12:14:00", "fetch_timestamp": "2026-07-24T11:53:00"}, "geometry": {"type": "Polygon", "coordinates": [[[-1.051886882635196, 44.8355585570037], [-1.052161845165976, 44.83531907500771], [-1.052468470867523, 44.835099922088475], [-1.052803806763605, 44.83490320855437], [-1.053164623519945, 44.834730828614916], [-1.053547446539341, 44.83458444214804], [-1.053948589413739, 44.834465458723585], [-1.054364189411485, 44.834375024036554], [-1.05479024465858, 44.834314008880334], [-1.055222652656584, 44.83428300076599], [-1.055657249767082, 44.834282298267894], [-1.05608985128339, 44.83431190815037], [-1.056516291704649, 44.83437154530243], [-1.056932464825419, 44.83446063548188], [-1.057334363255751, 44.834578320841764], [-1.05771811699208, 44.83472346818649], [-1.058080030668334, 44.83489467987833], [-1.058416619129257, 44.83509030728939], [-1.058724640983941, 44.835308466669616], [-1.059001129816801, 44.83554705727898], [-1.059243422755656, 44.83580378160882], [-1.059449186121774, 44.836076167498675], [-1.059616437914657, 44.83636159193536], [-1.059743566914653, 44.836657306305995], [-1.059829348218843, 44.836960462861605], [-1.059872955059851, 44.837268142137155], [-1.059873966792913, 44.837577381063745], [-1.059832372973309, 44.837885201502644], [-1.05974857348391, 44.838188638926326], [-1.059623374710528, 44.83848477097042], [-1.059457981800938, 44.83877074558128], [-1.059253987081116, 44.839043808488256], [-1.059013354739426, 44.839301329735726], [-1.058738401925486, 44.83954082901902], [-1.058431776445191, 44.83975999958021], [-1.058096431266274, 44.839956730432895], [-1.057735596079743, 44.84012912670206], [-1.057352746191063, 44.84027552788221], [-1.05695156904086, 44.84039452383807], [-1.056535928677988, 44.840484968393085], [-1.056109828527653, 44.84054599037464], [-1.055677372813904, 44.84057700200939], [-1.055242727008846, 44.84057770458763], [-1.054810077690463, 44.84054809134202], [-1.054383592196626, 44.840488447512726], [-1.053967378464887, 44.84039934759858], [-1.053565445445851, 44.84028164982066], [-1.053181664472309, 44.84013648785174], [-1.052819731957042, 44.83996525989153], [-1.05248313377928, 44.83976961519316], [-1.052175111703344, 44.839551438170986], [-1.05189863215332, 44.83931283024304], [-1.051656357644656, 44.83905608958349], [-1.051450621147821, 44.83878368898036], [-1.051283403630745, 44.83849825201226], [-1.051156314995875, 44.83820252777365], [-1.051070578594924, 44.837899364392705], [-1.05102701946966, 44.83759168159675], [-1.05102605643116, 44.83728244258999], [-1.051067698052836, 44.836974625514245], [-1.051151542614814, 44.83667119476778], [-1.051276781999164, 44.836375072458374], [-1.051442209497458, 44.83608911026557], [-1.051646231454493, 44.835816061982804], [-1.051886882635196, 44.8355585570037]]]}}, {"type": "Feature", "properties": {"nb_detections_cluster": 11, "frp_max": 100.76, "frp_moyen": 28.21, "derniere_detection": "2026-07-23T13:55:00", "fetch_timestamp": "2026-07-24T11:53:00"}, "geometry": {"type": "Polygon", "coordinates": [[[-1.057976031504481, 44.845778746291884], [-1.058251018100804, 44.84553924841061], [-1.058557675831746, 44.84532007793616], [-1.058893051412505, 44.84512334534599], [-1.05925391512656, 44.844950945033155], [-1.05963679192448, 44.8448045370717], [-1.060037994880342, 44.844685531238525], [-1.060453660683979, 44.84459507344436], [-1.060879786827795, 44.844534034705134], [-1.061312270130771, 44.844503002758934], [-1.061746946229489, 44.84450227640966], [-1.062179629656825, 44.844531862651245], [-1.062606154123339, 44.844591476600414], [-1.063022412614468, 44.84468054423834], [-1.063424396918371, 44.84479820793509], [-1.063808236204732, 44.84494333470372], [-1.064170234283817, 44.845114527104684], [-1.064506905187725, 44.84531013669577], [-1.064815006731733, 44.845528279898616], [-1.065091571732911, 44.84576685612895], [-1.065333936585597, 44.84602356801661], [-1.065539766918491, 44.84629594352096], [-1.065707080086116, 44.84658135972889], [-1.065834264277649, 44.84687706810676], [-1.065920094058494, 44.847180220963395], [-1.065963742194224, 44.84748789886938], [-1.065964787642156, 44.84779713876907], [-1.065923219632624, 44.84810496251436], [-1.065839437799661, 44.84840840554598], [-1.065714248358762, 44.848704545445514], [-1.065548856367551, 44.84899053008376], [-1.065365658740214, 44.849235756438674], [-1.06559718472801, 44.84907026426415], [-1.065932558043225, 44.848873510164935], [-1.066293424242511, 44.84870108675589], [-1.066676308252423, 44.84855465433355], [-1.067077523077531, 44.84843562291027], [-1.067493205293337, 44.84834513864327], [-1.067919352234194, 44.848284072803324], [-1.068351860518835, 44.848253013389524], [-1.06878656554332, 44.84825225947023], [-1.06921928156205, 44.84828181830484], [-1.069645841971825, 44.84834140527399], [-1.070062139412064, 44.84843044661863], [-1.070464165295972, 44.848548084962026], [-1.070848048392947, 44.84869318756138], [-1.071210092091496, 44.84886435720984], [-1.071546809984524, 44.849059945684346], [-1.07185495943492, 44.849278069609845], [-1.072131572798517, 44.84951662858775], [-1.072373986004, 44.84977332541408], [-1.072579864214483, 44.850045688193205], [-1.072747224323458, 44.850331094134646], [-1.072874454068053, 44.850626794803645], [-1.072960327574962, 44.8509299425833], [-1.073004017188617, 44.85123761809315], [-1.07300510146681, 44.851546858300644], [-1.072963569265827, 44.851854685054796], [-1.072879819874729, 44.852158133767375], [-1.072754659196446, 44.852454281965315], [-1.072589292011452, 44.8527402774395], [-1.072385310397573, 44.8530133657184], [-1.072144678416566, 44.8532709166021], [-1.071869713214225, 44.85351044950055], [-1.071563062715454, 44.85372965733208], [-1.07122768012869, 44.853926428751386], [-1.070866795505042, 44.85409886849269], [-1.070483884625993, 44.85424531563187], [-1.070082635519539, 44.85436435959096], [-1.06966691292759, 44.85445485373103], [-1.069240721067425, 44.854515926401874], [-1.068808165046538, 44.85454698934189], [-1.068373411303342, 44.85454774334721], [-1.067940647455672, 44.85451818115512], [-1.067514041944766, 44.854458587514046], [-1.067097703864416, 44.85436953643939], [-1.066695643363195, 44.854251885681855], [-1.066311733002025, 44.85410676846127], [-1.066167405198874, 44.85403852945092], [-1.066194272382572, 44.8542278893391], [-1.066195319225218, 44.854537129910376], [-1.066153747490906, 44.8548449544125], [-1.066069956849373, 44.85514839827889], [-1.065944753600791, 44.8554445390831], [-1.065779342935613, 44.855730524687196], [-1.065575317350435, 44.856003600714665], [-1.06533464133054, 44.856261137083564], [-1.065059632445923, 44.85650065334358], [-1.064752939042277, 44.8567198425733], [-1.064417514741357, 44.856916593606535], [-1.064056589996134, 44.8570890113739], [-1.063673640974624, 44.857235435162856], [-1.063272356072299, 44.85735445462034], [-1.062856600375941, 44.85744492334342], [-1.062430378421772, 44.85750596992673], [-1.061997795607222, 44.85753700635991], [-1.061563018628843, 44.857537733694464], [-1.061130235328309, 44.85750814492452], [-1.060703614334252, 44.85744852505454], [-1.060287264889597, 44.85735944835255], [-1.059885197252358, 44.85724177281607], [-1.059757489787019, 44.857193492398025], [-1.05953638132876, 44.857299104654174], [-1.059153419090715, 44.857445512860366], [-1.058752123108953, 44.85756451598673], [-1.058336358577024, 44.8576549677876], [-1.057910130116286, 44.857715997020584], [-1.057477543186869, 44.857747015842506], [-1.057042764524973, 44.85774772547441], [-1.056609981988493, 44.857718119081], [-1.05618336419869, 44.85765848183648], [-1.055767020367608, 44.857569388176245], [-1.055364960699155, 44.85745169626112], [-1.054981057746152, 44.85730653970744], [-1.054619009096377, 44.857135316662735], [-1.054282301747691, 44.856939676332836], [-1.053974178515909, 44.85672150308997], [-1.053697606799338, 44.85648289831584], [-1.05345525000099, 44.85622616015422], [-1.053249441883695, 44.855953761369115], [-1.053082164104915, 44.8556683255216], [-1.052955027147175, 44.855372601695386], [-1.052869254827222, 44.85506943801467], [-1.052825672532365, 44.85476175420969], [-1.0528246992964, 44.85445251349437], [-1.052866343790517, 44.85414469402703], [-1.052950204266755, 44.85384126022892], [-1.05307547245351, 44.853545134237265], [-1.053240941364596, 44.853259167767064], [-1.053445016945654, 44.85298611465292], [-1.053685733444919, 44.852728604335006], [-1.053960772359547, 44.85248911654422], [-1.054267484774498, 44.85226995742996], [-1.054602916878405, 44.85207323736029], [-1.054963838410508, 44.85190085060763], [-1.055346773764692, 44.85175445711554], [-1.055748035451266, 44.85163546652148], [-1.056163759594628, 44.851545024589534], [-1.056589943125528, 44.85148400218281], [-1.057022482310465, 44.85145298688217], [-1.057457212248034, 44.85145227733123], [-1.057889946952787, 44.85148188036218], [-1.058316519641609, 44.851541510930055], [-1.058732822835663, 44.851630594856026], [-1.059134847892697, 44.85174827435333], [-1.059262542442385, 44.8517965554029], [-1.059483629754788, 44.85169094387944], [-1.059866551897289, 44.851544534805704], [-1.060267802508648, 44.85142552788196], [-1.060683517819861, 44.85133506902945], [-1.061109694846686, 44.85127402927427], [-1.061542229918227, 44.85124299636432], [-1.061976958172669, 44.851242269112774], [-1.06240969364077, 44.85127185452224], [-1.062836269532074, 44.85133146771744], [-1.063252578336925, 44.85142053468684], [-1.063654611359079, 44.85153819780695], [-1.064038497299158, 44.851683324096385], [-1.064182816464084, 44.8517515658227], [-1.064155957246011, 44.85156220559909], [-1.064154921686528, 44.851252965305555], [-1.064196501716451, 44.850945141908866], [-1.06428029620868, 44.85064169986823], [-1.064405497527073, 44.85034556140028], [-1.064570899329381, 44.85005957834027], [-1.064754103113271, 44.849814353231636], [-1.064522571574548, 44.849979843687514], [-1.064187186714951, 44.85017659359704], [-1.063826304570955, 44.85034901024089], [-1.06344340090024, 44.85049543291733], [-1.063042163661437, 44.85061445128405], [-1.062626457482187, 44.8507049189486], [-1.062200286421698, 44.8507659645158], [-1.061767755387113, 44.850796999985086], [-1.061333030576149, 44.85079772641726], [-1.060900299327911, 44.850768136815134], [-1.060473729769573, 44.85070851619117], [-1.060057430648551, 44.85061943882067], [-1.059655411738068, 44.850501762707616], [-1.059271545198354, 44.85035662131606], [-1.058909528266472, 44.850185412647534], [-1.058572847634826, 44.849989785769395], [-1.058264745861971, 44.849771624924344], [-1.057988190139631, 44.84953303137464], [-1.057745843716889, 44.84927630315599], [-1.05754004025679, 44.849003912936624], [-1.057372761372106, 44.84871848419519], [-1.057245617556185, 44.84842276594691], [-1.057159832692012, 44.848119606262316], [-1.05711623228789, 44.8478119248332], [-1.057115235552206, 44.847502684850646], [-1.057156851382638, 44.847194864465884], [-1.057240678307425, 44.846891428109075], [-1.057365908378217, 44.84659529794211], [-1.057531334976007, 44.84630932572019], [-1.057735364454008, 44.84603626533338], [-1.057976031504481, 44.845778746291884]]]}}, {"type": "Feature", "properties": {"nb_detections_cluster": 2, "frp_max": 18.01, "frp_moyen": 15.8, "derniere_detection": "2026-07-24T12:14:00", "fetch_timestamp": "2026-07-24T11:53:00"}, "geometry": {"type": "Polygon", "coordinates": [[[-1.035186627816892, 44.84834801305776], [-1.035461724145049, 44.84810857144716], [-1.035768484807695, 44.84788946376215], [-1.036103955529145, 44.84769279987547], [-1.03646490567703, 44.84752047351851], [-1.036847859369916, 44.84737414405323], [-1.037249128941709, 44.847255220500536], [-1.037664850441028, 44.84716484797895], [-1.038091020824177, 44.84710389668324], [-1.038523536484303, 44.84707295350952], [-1.038958232746515, 44.84707231640692], [-1.039390923949571, 44.847101991510016], [-1.039817443729129, 44.84716169307983], [-1.040233685115672, 44.84725084625393], [-1.040635640061918, 44.847368592578704], [-1.041019438020037, 44.8475137982716], [-1.041381383198013, 44.847685065133], [-1.041717990137061, 44.84788074400372], [-1.04202601726809, 44.84809895063815], [-1.042302498124406, 44.84833758384121], [-1.042544769910295, 44.84859434569401], [-1.042750499150345, 44.84886676367467], [-1.042917704172283, 44.84915221446091], [-1.043044774206458, 44.84944794918603], [-1.043130484917389, 44.849751119904944], [-1.043174010217143, 44.8500588070161], [-1.043174930245871, 44.85036804737504], [-1.043133235441697, 44.85067586282913], [-1.043049326659767, 44.85097928889877], [-1.042924011338261, 44.851275403328756], [-1.042758495747272, 44.851561354235066], [-1.042554373394247, 44.851834387575224], [-1.042313609696794, 44.85209187367829], [-1.042038523069708, 44.85233133257804], [-1.041731762607809, 44.85255045790537], [-1.041396282579067, 44.85274713910955], [-1.041035313973523, 44.852919481793705], [-1.040652333381934, 44.85306582596844], [-1.040251029504091, 44.85318476204753], [-1.039835267609738, 44.85327514443112], [-1.03940905229493, 44.85333610254542], [-1.038976488893218, 44.853367049232276], [-1.038541743914179, 44.85336768640761], [-1.038109004891211, 44.85333800793397], [-1.037682440026348, 44.853278299679864], [-1.037266158021713, 44.85318913676467], [-1.036864168485519, 44.85307137801629], [-1.036480343294865, 44.85292615769474], [-1.0361183792883, 44.85275487456178], [-1.03578176264818, 44.85255917840193], [-1.035473735316405, 44.852340954125154], [-1.035197263767381, 44.852102303604596], [-1.034955010439149, 44.85184552542459], [-1.034749308097804, 44.85157309273448], [-1.034582137381916, 44.85128762942183], [-1.034455107742775, 44.85099188483473], [-1.034369441963503, 44.85068870729723], [-1.034325964405332, 44.85038101667292], [-1.034325093093434, 44.85007177624127], [-1.03436683571752, 44.849763964157724], [-1.034450789584753, 44.84946054477237], [-1.034576145524349, 44.849164440083456], [-1.034741695705289, 44.848878501600765], [-1.03494584529085, 44.848605482889255], [-1.035186627816892, 44.84834801305776]]]}}, {"type": "Feature", "properties": {"nb_detections_cluster": 1, "frp_max": 2.92, "frp_moyen": 2.92, "derniere_detection": "2026-07-24T02:11:00", "fetch_timestamp": "2026-07-24T11:53:00"}, "geometry": {"type": "Polygon", "coordinates": [[[-1.064114767717944, 44.86246893336834], [-1.064389809859175, 44.862229418990346], [-1.064696534768994, 44.86201023037636], [-1.065031988515518, 44.86181347817855], [-1.065392940629419, 44.86164105697871], [-1.065775915209985, 44.86149462705211], [-1.066177224389732, 44.86137559838709], [-1.066593003835713, 44.86128511711429], [-1.067019249946183, 44.861224054475656], [-1.067451858385115, 44.861192998439435], [-1.067886663584351, 44.86119224804148], [-1.06831947883388, 44.8612218105073], [-1.068746136575166, 44.86128140118253], [-1.069162528510568, 44.86137044627243], [-1.069564645143511, 44.86148808836428], [-1.06994861436965, 44.86163319467911], [-1.070310738748185, 44.861804367974315], [-1.070647531095143, 44.861999959991735], [-1.070955748056428, 44.86221808732221], [-1.071232421337692, 44.86245664953433], [-1.071474886290503, 44.86271334939299], [-1.071680807579483, 44.862985714973384], [-1.071848201683064, 44.863271123458006], [-1.071975456010748, 44.86356682638766], [-1.072061344452201, 44.86386997612362], [-1.072105039207726, 44.86417765326664], [-1.072106118785275, 44.86448689476836], [-1.072064572086082, 44.86479472246541], [-1.071980798538515, 44.865098171760394], [-1.071855604277855, 44.86539432017468], [-1.071690194407731, 44.86568031549704], [-1.071486161416828, 44.865953403257386], [-1.071245469861528, 44.86621095326084], [-1.070970437461246, 44.866450484925764], [-1.07066371278799, 44.866669691182395], [-1.070328249764554, 44.86686646070057], [-1.069967279216769, 44.867038898232856], [-1.069584277753755, 44.86718534287635], [-1.069182934276071, 44.867304384077144], [-1.068767114434716, 44.86739487522287], [-1.068340823383806, 44.86745594469217], [-1.067908167186403, 44.86748700425428], [-1.067473313245995, 44.86748775473785], [-1.067040450145692, 44.86745818891412], [-1.066613747282907, 44.867398591566456], [-1.066197314689277, 44.867309536745985], [-1.065795163423847, 44.86719188223948], [-1.065411166921869, 44.867046761302895], [-1.06504902367234, 44.866875571740756], [-1.064712221584434, 44.8666799624364], [-1.064404004386586, 44.86646181746329], [-1.064127340382235, 44.866223237930804], [-1.063884893863307, 44.86596652173972], [-1.063678999456775, 44.86569414144242], [-1.063511639651131, 44.86540872042202], [-1.063384425718822, 44.865113007619435], [-1.063298582217809, 44.86480985105279], [-1.063254935220756, 44.8645021703839], [-1.063253904384376, 44.86419292879655], [-1.063295498934343, 44.863885104457445], [-1.063379317603407, 44.86358166183489], [-1.063504552522297, 44.863285523151156], [-1.06366999702491, 44.86299954024347], [-1.063874057291649, 44.86272646710486], [-1.064114767717944, 44.86246893336834]]]}}, {"type": "Feature", "properties": {"nb_detections_cluster": 1, "frp_max": 2.91, "frp_moyen": 2.91, "derniere_detection": "2026-07-23T13:55:00", "fetch_timestamp": "2026-07-24T11:53:00"}, "geometry": {"type": "Polygon", "coordinates": [[[-1.019535083072122, 44.880907491224605], [-1.019810405697424, 44.88066808591989], [-1.020117405350314, 44.88044901921567], [-1.020453125453772, 44.880252400589995], [-1.020814332974174, 44.8800801233384], [-1.021197549552012, 44.87993384634994], [-1.021599084990151, 44.87981497814022], [-1.02201507277754, 44.879724663294766], [-1.022441507306816, 44.87966377145303], [-1.02287428242811, 44.879632888938644], [-1.023309230968632, 44.87963231311659], [-1.023742164838376, 44.87966204953144], [-1.024168915336735, 44.879721811853884], [-1.02458537327289, 44.8798110246364], [-1.02498752851459, 44.87992882885148], [-1.025371508585438, 44.880074090159106], [-1.025733615939792, 44.880245409824155], [-1.02607036355708, 44.880441138178945], [-1.026378508513293, 44.88065939050137], [-1.026655083206738, 44.880898065156295], [-1.026897423937573, 44.88115486382571], [-1.027103196565839, 44.88142731363307], [-1.027270419000734, 44.88171279094958], [-1.027397480304136, 44.88200854665293], [-1.027483156223817, 44.882311732596], [-1.027526621006046, 44.882619429030484], [-1.027527455372935, 44.882928672722045], [-1.027485650586766, 44.88323648548586], [-1.027401608561125, 44.88353990286812], [-1.027276138016753, 44.88383600269724], [-1.027110446718099, 44.884121933229665], [-1.026906129864389, 44.88439494061906], [-1.026665154746156, 44.884652395444334], [-1.026389841814234, 44.88489181804046], [-1.026082842342991, 44.885110902387936], [-1.025747112902465, 44.88530753833064], [-1.025385886885098, 44.8854798319076], [-1.025002643361228, 44.8856261236024], [-1.024601073563507, 44.88574500433423], [-1.024185045323408, 44.88583532903637], [-1.02375856580287, 44.88589622769059], [-1.023325742880748, 44.885927113711446], [-1.022890745566793, 44.8859276895992], [-1.022457763825347, 44.88589794980678], [-1.0220309681967, 44.88583818079328], [-1.021614469606001, 44.88574895826333], [-1.021212279747832, 44.885631141619044], [-1.020828272428884, 44.88548586567812], [-1.020466146241926, 44.88531452973799], [-1.020129388931257, 44.88511878409181], [-1.019821243793398, 44.88490051412614], [-1.019544678437021, 44.884661822154165], [-1.019302356203151, 44.88440500715939], [-1.019096610520918, 44.88413254264571], [-1.018929422445606, 44.88384705280709], [-1.018802401594912, 44.88355128724704], [-1.018716770666494, 44.883248094491485], [-1.018673353685092, 44.88294039455054], [-1.018672568091636, 44.88263115079326], [-1.018714420749506, 44.882323341407016], [-1.018798507905436, 44.88201993071584], [-1.018924019104351, 44.88172384063412], [-1.019089745019475, 44.88143792253092], [-1.019294089121285, 44.88116492977482], [-1.019535083072122, 44.880907491224605]]]}}, {"type": "Feature", "properties": {"nb_detections_cluster": 24, "frp_max": 76.63, "frp_moyen": 24.58, "derniere_detection": "2026-07-24T12:14:00", "fetch_timestamp": "2026-07-24T11:53:00"}, "geometry": {"type": "Polygon", "coordinates": [[[-1.008217491480806, 44.88812869406602], [-1.008553299193053, 44.887932110940625], [-1.008914592648411, 44.887759871978275], [-1.009297892660039, 44.88761363569934], [-1.009699508227573, 44.88749481022738], [-1.010115572068557, 44.887404539736444], [-1.010542077843466, 44.887343693438815], [-1.01097491871656, 44.887312857219634], [-1.011409926882051, 44.88731232799809], [-1.011842913675904, 44.88734211087004], [-1.012269709887972, 44.887401919058824], [-1.012686205887287, 44.88749117667529], [-1.013088391175073, 44.88760902426027], [-1.013472392985557, 44.887754327056044], [-1.013834513563667, 44.88792568592803], [-1.014171265761356, 44.88812145083096], [-1.014479406610334, 44.888339736690796], [-1.014755968548254, 44.88857844154945], [-1.01499828799787, 44.88883526679793], [-1.015204031023905, 44.88910773930379], [-1.01537121582036, 44.88939323521956], [-1.015460180152776, 44.889600398315025], [-1.015749134638193, 44.889514890092116], [-1.016165203722304, 44.889424596883906], [-1.016167479250233, 44.88942427213908], [-1.016392882003018, 44.889292296681845], [-1.016754160155892, 44.88912003214769], [-1.017137449029688, 44.8889737687546], [-1.017539057731208, 44.8888549148873], [-1.017955119044046, 44.88876461499322], [-1.018381626652974, 44.88870373856778], [-1.018814473704565, 44.888672871786206], [-1.019249492333538, 44.88867231186201], [-1.019682493775121, 44.88870206418665], [-1.020109308678162, 44.888761842277624], [-1.020525827231771, 44.8888510705356], [-1.020928038720069, 44.888968889784046], [-1.021312070125079, 44.88911416553817], [-1.021674223406854, 44.88928549892376], [-1.022011011102534, 44.88948124014098], [-1.022319189902106, 44.88969950434391], [-1.022595791877879, 44.88993818978296], [-1.022838153067151, 44.890194998036264], [-1.023043939132785, 44.890467456135], [-1.023211167854384, 44.89075294037049], [-1.023338228233073, 44.89104870155381], [-1.023423896025299, 44.891351891484966], [-1.023467345555368, 44.891659590377294], [-1.023468157692042, 44.89196883497275], [-1.023426323911465, 44.89227664707778], [-1.023342246406246, 44.89258006224486], [-1.023216734238636, 44.89287615832373], [-1.023050995573784, 44.893162083606946], [-1.022846626066973, 44.89343508429869], [-1.022605593515746, 44.89369253104238], [-1.022330218924028, 44.893931944250745], [-1.022023154160029, 44.894151017994716], [-1.021687356422664, 44.894347642220325], [-1.021326059762225, 44.8945199230794], [-1.020942743929533, 44.894666201178], [-1.020541100853802, 44.89478506756632], [-1.020124999072421, 44.894875377315735], [-1.020122723346389, 44.89487570214216], [-1.01989730694128, 44.89500768539715], [-1.01953600053749, 44.89517996046964], [-1.019152675531818, 44.895326232421525], [-1.018751023941851, 44.895445092362145], [-1.01833834094429, 44.89553465180962], [-1.018338428116599, 44.89556903963177], [-1.018296563519341, 44.8958768501485], [-1.018212452889311, 44.89618026177154], [-1.018092762613849, 44.896462539297914], [-1.018506137934332, 44.896551090455326], [-1.018908400364141, 44.89666891729901], [-1.019292479228708, 44.896814200383304], [-1.019654676031099, 44.896985540763424], [-1.019991502889371, 44.89718128857219], [-1.020299716116356, 44.897399558900176], [-1.020576347452772, 44.897638249938865], [-1.020818732653088, 44.897895063212395], [-1.021024537148818, 44.89816752570365], [-1.02119177854194, 44.89845301366162], [-1.021318845711382, 44.898748777861506], [-1.021404514348012, 44.8990519700743], [-1.021447958767813, 44.89935967049132], [-1.021448759888566, 44.89966891583985], [-1.02140690929231, 44.899976727919], [-1.021322809333419, 44.90028014228158], [-1.021197269290216, 44.90057623678503], [-1.02103149759617, 44.900862159737024], [-1.020859253561396, 44.90109220160487], [-1.021002562399716, 44.90110204457215], [-1.021429473015325, 44.901161817820594], [-1.021846085699481, 44.901251041471326], [-1.022248388830048, 44.901368856392224], [-1.022632508506721, 44.90151412814014], [-1.022994745839639, 44.90168545787943], [-1.023331612556629, 44.90188119584542], [-1.023639864586743, 44.90209945722347], [-1.023916533297065, 44.90233814029125], [-1.024158954082164, 44.90259494664966], [-1.024364792030869, 44.90286740334819], [-1.024532064422968, 44.90315288669163], [-1.024659159838811, 44.90344864749965], [-1.02474485369718, 44.90375183757594], [-1.024788320071066, 44.90405953713238], [-1.024789139666718, 44.90436878290454], [-1.024747303888136, 44.90467659668758], [-1.024663214946864, 44.9049800140178], [-1.024537682014987, 44.905276112724145], [-1.024371913457358, 44.90556204107383], [-1.024167505216906, 44.90583504524153], [-1.023926425464004, 44.90609249583719], [-1.023650995657017, 44.90633191323644], [-1.023343868195821, 44.90655099146985], [-1.023008000883117, 44.906747620440164], [-1.022646628439279, 44.906919906253584], [-1.022263231345063, 44.9070661894684], [-1.021861502312425, 44.907185061085556], [-1.021445310706769, 44.90727537612602], [-1.021018665263805, 44.9073362646647], [-1.020585675460828, 44.907367140213545], [-1.020150511915279, 44.90736770537369], [-1.019717366192936, 44.90733795470136], [-1.019536715960919, 44.907312661290106], [-1.019416491366027, 44.90736997309852], [-1.01903308277648, 44.907516245187786], [-1.018631343679448, 44.907635105142695], [-1.01821514353731, 44.90772540809654], [-1.017788491168029, 44.90778628424062], [-1.017355496115636, 44.90781714720634], [-1.016920329048147, 44.90781769971597], [-1.016487181565274, 44.90778793644765], [-1.016060225804002, 44.907728144086605], [-1.015643574232115, 44.90763889856233], [-1.015428442202441, 44.90757588910747], [-1.015167110855218, 44.90755792859021], [-1.014740158250692, 44.90749813116105], [-1.014323510486218, 44.90740888069318], [-1.013921180693382, 44.907291036857835], [-1.013537044026817, 44.90714573473457], [-1.013174800325175, 44.90697437387305], [-1.012837938464575, 44.90677860480641], [-1.012529702748391, 44.90656031314684], [-1.012253061657486, 44.90632160141641], [-1.01201067926202, 44.90606476878894], [-1.011804889570183, 44.90579228893812], [-1.011637674060691, 44.90550678620558], [-1.011510642614973, 44.905211010318986], [-1.011425018032198, 44.90490780990372], [-1.011381624275445, 44.90460010504356], [-1.01138087856142, 44.90429085915495], [-1.011422787368902, 44.903983050445696], [-1.011428261724898, 44.90396331458946], [-1.011248026852869, 44.90385856017635], [-1.010939813360106, 44.90364026430216], [-1.010663193426985, 44.90340154882763], [-1.010420830919891, 44.90314471296261], [-1.010215059655482, 44.90287223041194], [-1.010047860935022, 44.90258672554328], [-1.009920844478286, 44.90229094810488], [-1.009835232940133, 44.901987746737], [-1.009791850158075, 44.901680041532614], [-1.00979111324319, 44.90137079591146], [-1.009833028589591, 44.90106298807878], [-1.009917191839852, 44.90075958234355], [-1.010042791805696, 44.900463500572464], [-1.01020861830517, 44.900177594054405], [-1.010413073839847, 44.89990461604639], [-1.010654188998778, 44.89964719526512], [-1.010929641440063, 44.89940781057908], [-1.011236778266691, 44.89918876714462], [-1.011572641580738, 44.898992174215756], [-1.011933996969633, 44.89881992484049], [-1.012317364650132, 44.898673677639444], [-1.012719052970293, 44.89855484084138], [-1.01281282027194, 44.89853449811277], [-1.012837029447298, 44.898477419320486], [-1.012423648884284, 44.898388847015795], [-1.012021387742639, 44.89827099662884], [-1.011637317732488, 44.898125688341565], [-1.011275138050393, 44.89795432176302], [-1.01093833695581, 44.89775854748144], [-1.010630158166826, 44.89754025115917], [-1.010353569616029, 44.897301535363205], [-1.0101112348676, 44.89704469930653], [-1.009905487470916, 44.89677221669581], [-1.00973830849746, 44.8964867118993], [-1.009611307476942, 44.8961909346645], [-1.009525706915682, 44.89588773362978], [-1.009482330545618, 44.895580028884844], [-1.009481699529595, 44.89531458116102], [-1.009310523084907, 44.89536521982429], [-1.00889439893615, 44.89545548752331], [-1.008467829732654, 44.895516327647684], [-1.008034924217299, 44.89554715417576], [-1.007599852195544, 44.895547670180825], [-1.007166804351449, 44.895517870692615], [-1.006739951862091, 44.89545804274522], [-1.006323406200342, 44.895368762610936], [-1.006140073542986, 44.895315037292924], [-1.006205206371274, 44.89534586105035], [-1.006541976477399, 44.89554164953441], [-1.006850128391241, 44.895759957061905], [-1.007126694443759, 44.89599868146604], [-1.007369011017911, 44.896255523949634], [-1.007574744205918, 44.896528011214194], [-1.007741912296308, 44.89681351927011], [-1.007868904873813, 44.89710929869897], [-1.00795449834757, 44.89741250112502], [-1.00799786775736, 44.89772020664113], [-1.007998594743347, 44.898029451925375], [-1.007956671601567, 44.89833725877747], [-1.007872501385134, 44.898640662800396], [-1.007746894049119, 44.89893674195113], [-1.007581058675223, 44.899222644685146], [-1.007376591850175, 44.89949561742374], [-1.007135462308888, 44.899753031079456], [-1.006859991989554, 44.89999240638364], [-1.006552833682528, 44.900211437772256], [-1.006216945487872, 44.90040801559921], [-1.00585556232733, 44.900580246463214], [-1.005472164785079, 44.90072647145185], [-1.005070445577554, 44.900845282126824], [-1.004654273975637, 44.90093553409612], [-1.004227658522427, 44.90099635804213], [-1.003794708406367, 44.90102716809898], [-1.003359593862598, 44.90102766749861], [-1.002926505984825, 44.90099785143072], [-1.002499616335794, 44.9009380070891], [-1.002083036746341, 44.90084871090395], [-1.001680779691232, 44.90073082298684], [-1.001296719624325, 44.90058547884192], [-1.000934555646303, 44.90041407842357], [-1.00059777586524, 44.900218272645965], [-1.000289623793793, 44.8999999474748], [-1.00001306710706, 44.89976120575487], [-0.999770769062162, 44.89950434694884], [-0.999565062854809, 44.89923184498243], [-0.999397929159621, 44.89894632441027], [-0.999270977070075, 44.898650535131736], [-0.99918542862111, 44.8983473259011], [-0.999142107042664, 44.89803961688699], [-0.999141428856441, 44.89773037154576], [-0.999183399891059, 44.89742256807989], [-0.999267615252909, 44.89711917075626], [-0.999393263252006, 44.89682310136044], [-0.99955913324399, 44.896537211062096], [-0.999763627311778, 44.89626425296203], [-1.000004775673534, 44.896006855585156], [-1.000280255667807, 44.895767497574504], [-1.000587414132438, 44.89554848382957], [-1.000923292961308, 44.89535192331839], [-1.001284657592597, 44.89517970877683], [-1.001668028154195, 44.89503349849002], [-1.002069712966518, 44.89491470033131], [-1.002485844080475, 44.8948244582117], [-1.002912414508893, 44.89476364107028], [-1.003345316793607, 44.89473283451142], [-1.003780382537614, 44.89473233516876], [-1.004213422522548, 44.89476214785045], [-1.004640267026162, 44.89482198549276], [-1.005056805952532, 44.89491127192299], [-1.005240136254078, 44.89496499902198], [-1.005175004397776, 44.89493417470238], [-1.004838242705139, 44.89473838211131], [-1.004530104225459, 44.8945200690724], [-1.004253556503013, 44.89428133831363], [-1.004011262708691, 44.8940244891921], [-1.003805555997392, 44.893751995540235], [-1.003638417048725, 44.89346648183263], [-1.003511455006913, 44.8931706979026], [-1.003425892002895, 44.89286749245289], [-1.003382551406939, 44.89255978561575], [-1.003381849924049, 44.892250540826595], [-1.003423793607335, 44.89194273628262], [-1.003507977826723, 44.89163933626109], [-1.00363359119224, 44.891343262573635], [-1.003799423393141, 44.891057366431255], [-1.004003876876337, 44.890784400991016], [-1.004244982250855, 44.89052699484857], [-1.004520417269221, 44.89028762673136], [-1.004827529202369, 44.890068601636266], [-1.005163360392231, 44.88987202864059], [-1.005524676735674, 44.88969980060043], [-1.005907998825504, 44.88955357593095], [-1.006309635448813, 44.889434762643944], [-1.006725719120442, 44.8893445047961], [-1.007087770431663, 44.889292867081906], [-1.007189480917296, 44.889117489637854], [-1.007393910849128, 44.888844518123385], [-1.00763499234547, 44.88858710477875], [-1.007910403388771, 44.88834772840084], [-1.008217491480806, 44.88812869406602]]]}}, {"type": "Feature", "properties": {"nb_detections_cluster": 26, "frp_max": 194.2, "frp_moyen": 66.76, "derniere_detection": "2026-07-24T12:14:00", "fetch_timestamp": "2026-07-24T11:53:00"}, "geometry": {"type": "Polygon", "coordinates": [[[-1.041968992422596, 44.890558735805584], [-1.042275959678335, 44.890339607180245], [-1.042611661305808, 44.89014292097162], [-1.042972864448986, 44.88997057112605], [-1.043356090790242, 44.88982421723166], [-1.043757650038224, 44.8897052685446], [-1.044173675452474, 44.889614870425405], [-1.044600161063245, 44.889553893315295], [-1.045033000228804, 44.88952292435898], [-1.045468025159741, 44.88952226175382], [-1.045901047030615, 44.88955191187996], [-1.04632789629364, 44.889611589238974], [-1.046744462807215, 44.88970071920147], [-1.047146735393855, 44.88981844353742], [-1.047530840447521, 44.889963628675986], [-1.04789307921938, 44.89013487661549], [-1.048229963423701, 44.89033053837898], [-1.048538248821499, 44.89054872988566], [-1.04881496645895, 44.89078735008606], [-1.049057451259921, 44.89104410118659], [-1.049263367697252, 44.89131651076896], [-1.049430732295368, 44.891601955591774], [-1.04955793274715, 44.89189768684582], [-1.049643743460306, 44.8922008566195], [-1.049687337382895, 44.892508545320396], [-1.049688293993174, 44.892817789788765], [-1.049646603375906, 44.893125611832474], [-1.049562666344853, 44.893429046908466], [-1.049437290609219, 44.893725172674905], [-1.049361567809753, 44.893855928120715], [-1.049740883157283, 44.89388188552765], [-1.050167769431984, 44.89394154821144], [-1.050584374178936, 44.8940306638937], [-1.050986685852572, 44.89414837448192], [-1.051055009227732, 44.89417419471362], [-1.051072642756927, 44.89417293216319], [-1.051507703656077, 44.894172245903654], [-1.05194076459093, 44.89420187252796], [-1.052367655637626, 44.894261526763984], [-1.052784266252314, 44.894350634205004], [-1.053186584832948, 44.89446833683783], [-1.0535707373307, 44.89461350130061], [-1.053933024539978, 44.8947847297908], [-1.054269957708716, 44.8949803735187], [-1.054578292126504, 44.89519854857721], [-1.05480092789693, 44.89539048736819], [-1.05494299183278, 44.89523861959169], [-1.055218233698237, 44.89499912546315], [-1.055525173507328, 44.89477995992467], [-1.055860855258732, 44.89458323340616], [-1.056222046287629, 44.89441084024214], [-1.05660526839288, 44.89426444043786], [-1.057006831323795, 44.89414544369161], [-1.057422868304357, 44.89405499582663], [-1.057849373253391, 44.89399396776321], [-1.058282239342935, 44.89396294713666], [-1.058717298524349, 44.893962232641876], [-1.059150361642454, 44.89399183115863], [-1.059577258752381, 44.894051457685464], [-1.059993879251931, 44.89414053808244], [-1.060396211443927, 44.894258214596796], [-1.060780381148541, 44.89440335411816], [-1.061142688994579, 44.894574559084184], [-1.061479646031341, 44.89477018093167], [-1.061788007318686, 44.8949883359643], [-1.062064803172164, 44.89522692348381], [-1.062307367762589, 44.89548364601141], [-1.062513364794562, 44.895756031403955], [-1.062680810016476, 44.89604145665312], [-1.062808090344844, 44.89633717313822], [-1.062893979418163, 44.89664033308995], [-1.062937649429829, 44.89694801701062], [-1.062938679125256, 44.89725726178659], [-1.062897057885249, 44.89756508922278], [-1.062813185855273, 44.89786853472437], [-1.062687870118348, 44.89816467584915], [-1.062522316947393, 44.898450660456035], [-1.062318120210692, 44.89872373417812], [-1.062077246041262, 44.89898126695561], [-1.061802013917026, 44.899220778372786], [-1.061495074333439, 44.89943996155481], [-1.061159383283159, 44.89963670539379], [-1.060798173788358, 44.899809114889536], [-1.060414924759802, 44.8999555294092], [-1.060013327482834, 44.900074538689], [-1.05959725005337, 44.90016499642399], [-1.059170700107012, 44.900226031314645], [-1.058737786200946, 44.90025705546324], [-1.058302678221372, 44.900257770039566], [-1.057869567198757, 44.90022816816068], [-1.057442624918913, 44.90016853495729], [-1.057025963719892, 44.90007944482586], [-1.056623596862929, 44.89996175589329], [-1.056239399860009, 44.89981660174713], [-1.055877073131385, 44.89964538051179], [-1.055540106353401, 44.899449741375626], [-1.055231744840553, 44.89923156869948], [-1.055009092359258, 44.899039630543584], [-1.054867018980649, 44.89919149858336], [-1.054591755055534, 44.89943099215257], [-1.054284786163953, 44.89965015542758], [-1.053949068580942, 44.89984687749218], [-1.053587835584324, 44.90001926355594], [-1.053204566311326, 44.90016565321166], [-1.052802952242362, 44.900284636435046], [-1.052386861635158, 44.90037506717212], [-1.051960302252306, 44.90043607438339], [-1.05152738274192, 44.90046707043778], [-1.051092273044206, 44.900467756775626], [-1.050659164206183, 44.90043812678602], [-1.050232227992604, 44.90037846587046], [-1.049815576683058, 44.900289348692304], [-1.04941322344347, 44.900171633638955], [-1.049344893522243, 44.90014581234955], [-1.049327258077479, 44.90014707462804], [-1.049320690825556, 44.90014708486982], [-1.049666957994912, 44.90024839151908], [-1.050051140953264, 44.9003935684125], [-1.050413454736841, 44.900564808687015], [-1.050750410337645, 44.90076046343946], [-1.051058762829204, 44.90097864865655], [-1.051335542611588, 44.90121726334944], [-1.051568819608763, 44.901464202836316], [-1.051680862044228, 44.90147186702294], [-1.052107808115884, 44.901531522391814], [-1.05252447228754, 44.90162063100767], [-1.052926842441514, 44.90173833484601], [-1.053311044032423, 44.90188350053338], [-1.053673377381984, 44.90205473025546], [-1.054010353293835, 44.90225037521064], [-1.054318726645964, 44.902468551480034], [-1.054595527637599, 44.90270715816098], [-1.054838090389906, 44.90296389759001], [-1.055044078624992, 44.903236297461305], [-1.055211508175755, 44.90352173462703], [-1.055338766109404, 44.903817460351675], [-1.055424626279881, 44.904120626776994], [-1.055468261158706, 44.90442831434283], [-1.055469249829432, 44.90473755990041], [-1.055427582067765, 44.90504538524714], [-1.055343658467043, 44.90534882580819], [-1.055218286606815, 44.90564495918893], [-1.055052673300416, 44.9059309333228], [-1.054848412995229, 44.906203993943734], [-1.054607472436474, 44.90646151111807], [-1.054332171741491, 44.90670100458031], [-1.054025162066201, 44.90692016762859], [-1.053879021784434, 44.90700579097777], [-1.05427779507183, 44.90706149634372], [-1.054694503750774, 44.907150596972976], [-1.055096918109319, 44.90726829315237], [-1.055292359180126, 44.90734212628888], [-1.055580712596952, 44.90736183889261], [-1.055608498107948, 44.90736571988494], [-1.055676084710123, 44.907121353180536], [-1.055801457452985, 44.906825219149034], [-1.055967069582732, 44.90653924382058], [-1.056171325664749, 44.906266181115114], [-1.056412258208159, 44.906008660565156], [-1.056687546628939, 44.905769162000105], [-1.056994539608853, 44.905549991673155], [-1.057330280634486, 44.9053532600603], [-1.057691536470199, 44.905180861545126], [-1.058074828290809, 44.905034456184396], [-1.058476465174355, 44.904915453729906], [-1.058892579632787, 44.904825000059894], [-1.059319164838983, 44.90476396615049], [-1.059752113192302, 44.904732939693346], [-1.060187255852117, 44.90473221943945], [-1.060620402859574, 44.90476181232408], [-1.061047383462175, 44.904821433399974], [-1.061464086253902, 44.904910508579675], [-1.061866498745297, 44.9050281801607], [-1.062250745983415, 44.90517331508015], [-1.062374603183377, 44.905231829417055], [-1.062382280206541, 44.905175062573335], [-1.062466165486971, 44.90487161671329], [-1.062591497371296, 44.90457547522603], [-1.06275706825873, 44.90428948997582], [-1.062961283111799, 44.904016414978216], [-1.063202174836616, 44.90375887988408], [-1.063477423242173, 44.90351936466297], [-1.063784377395494, 44.90330017572844], [-1.064120081156967, 44.9031034237357], [-1.064481301649696, 44.90293100326461], [-1.06486456038874, 44.902784574583364], [-1.065266166770596, 44.902665547668335], [-1.065682253600837, 44.90257506863327], [-1.066108814318304, 44.902514008698574], [-1.066541741558095, 44.90248295580645], [-1.066976866682839, 44.90248220896249], [-1.067409999902496, 44.902511775357944], [-1.067836970597322, 44.90257137030064], [-1.068253667456707, 44.90266041995478], [-1.068656078048347, 44.90277806686362], [-1.069040327437637, 44.90292317820189], [-1.069402715486216, 44.9030943566786], [-1.069739752471211, 44.903289953985684], [-1.070048192682716, 44.90350808666308], [-1.070325065676354, 44.90374665422791], [-1.070567704880137, 44.904003359393506], [-1.070773773280153, 44.90427573018398], [-1.07094128593749, 44.90456114373169], [-1.071068629119172, 44.90485685152861], [-1.071154575858294, 44.90516000588924], [-1.071198297792753, 44.90546768736971], [-1.071199373167743, 44.90577693287998], [-1.071157790923935, 44.90608476421795], [-1.071073950831004, 44.90638821675125], [-1.070948659664142, 44.906684367969994], [-1.070783123459389, 44.90697036563598], [-1.07057893592138, 44.9072434552565], [-1.070338063094301, 44.90750100661874], [-1.07006282444293, 44.90774053912798], [-1.069755870525395, 44.90795974570629], [-1.069420157472248, 44.9081565150204], [-1.069058918517457, 44.908328951824835], [-1.068675632855453, 44.90847539522368], [-1.068273992124369, 44.90859443467503], [-1.067857864838654, 44.908684923583316], [-1.067431259114153, 44.908745990348734], [-1.066998284045359, 44.908777046766566], [-1.066563110107685, 44.90877779369576], [-1.066129928967024, 44.90874822394176], [-1.0657029130847, 44.908688622325826], [-1.06528617550785, 44.90859956294019], [-1.06488373023353, 44.908481903615574], [-1.064499453529179, 44.908336777654405], [-1.064375587260018, 44.90827826563041], [-1.064367911828826, 44.90833503266588], [-1.064284031655049, 44.908638480284075], [-1.064158699628285, 44.908934624049635], [-1.063993122178092, 44.90922061179606], [-1.063788893406366, 44.90949368912617], [-1.063547979754468, 44.90975122594548], [-1.063272701080429, 44.909990741799305], [-1.062965708327926, 44.910209929770126], [-1.062629958001631, 44.910406678703836], [-1.062268683694606, 44.910579093551284], [-1.061885364941872, 44.91072551362799], [-1.061483693700378, 44.91084452861668], [-1.061067538778532, 44.910934992157436], [-1.060640908558441, 44.910996032894765], [-1.060207912370606, 44.91102706287467], [-1.059772720893907, 44.91102778321078], [-1.059339525963202, 44.910998186964605], [-1.059311738395404, 44.910994306900946], [-1.059244162961896, 44.91123867610625], [-1.059118798527391, 44.91153481442206], [-1.05895318771644, 44.9118207948852], [-1.058748924952242, 44.91209386316866], [-1.058507977003554, 44.91235138926496], [-1.058232664058767, 44.91259089282275], [-1.057925637391676, 44.91281006704288], [-1.057589853833661, 44.91300680090369], [-1.05722854729792, 44.91317919950119], [-1.056845197629966, 44.9133256023074], [-1.05644349708459, 44.91344459917141], [-1.05602731475252, 44.913535043907835], [-1.055600659279941, 44.91359606534236], [-1.055167640240646, 44.913627075706856], [-1.054732428533668, 44.91362777630389], [-1.054299216188761, 44.91359816038517], [-1.053872175967842, 44.913538513216636], [-1.053455421152477, 44.913449409329274], [-1.053052965905719, 44.91333170698248], [-1.052857506918429, 44.913257869771805], [-1.052569124157505, 44.9132381500655], [-1.052142088515954, 44.913178496255064], [-1.051725339122281, 44.9130893858892], [-1.051322890087305, 44.91297167728965], [-1.050938617714595, 44.91282650423345], [-1.05057622315036, 44.91265526502713], [-1.050239196724278, 44.91245960903213], [-1.049930784325261, 44.91224142077165], [-1.049653956136387, 44.91200280177198], [-1.0494113780303, 44.91174605031392], [-1.049205385900555, 44.911473639289554], [-1.049037963175928, 44.91118819237782], [-1.048910721733818, 44.91089245876899], [-1.048824886396028, 44.91058928668146], [-1.048781283155448, 44.91028159592642], [-1.04878033124622, 44.90997234978468], [-1.048822039132759, 44.90966452646681], [-1.048906004455245, 44.90936109043114], [-1.049031417931093, 44.90906496383637], [-1.049197071173784, 44.90877899840329], [-1.049401368352809, 44.90850594795649], [-1.049642341581576, 44.908248441910416], [-1.049917669884326, 44.90800895995478], [-1.050224701558845, 44.90778980818277], [-1.050370849458401, 44.9077041896194], [-1.049972075482745, 44.90764847022094], [-1.049555370605864, 44.90755935186776], [-1.049152965784183, 44.907441635608656], [-1.048768736895346, 44.90729645529448], [-1.048406384666682, 44.907125209301604], [-1.048069399020061, 44.906929547056905], [-1.047761025451603, 44.90671135314371], [-1.047484233770389, 44.90647272914278], [-1.047250953927122, 44.906225780699415], [-1.047138902604977, 44.90621811203422], [-1.046711926159301, 44.9061584374848], [-1.046295237525103, 44.90606930694615], [-1.045892850227856, 44.9059515789343], [-1.045508639976366, 44.90580638741329], [-1.045146307318403, 44.905635130867445], [-1.044809341987296, 44.905439458825235], [-1.044500989283449, 44.9052212559644], [-1.044224218814949, 44.90498262395183], [-1.043981695898495, 44.90472586119368], [-1.043775755896116, 44.90445344069078], [-1.043608381734587, 44.90416798621339], [-1.043481184823675, 44.903872247024545], [-1.043395389556413, 44.903569071396404], [-1.043351821539917, 44.90326137917422], [-1.043350899669255, 44.902952133652896], [-1.043392632119727, 44.90264431303696], [-1.043476616295142, 44.90234088175871], [-1.04360204273155, 44.90204476193101], [-1.043767702917815, 44.90175880520943], [-1.043972000956751, 44.901485765334655], [-1.044201515481371, 44.90124051064189], [-1.043971871043802, 44.90120840647789], [-1.043555223515205, 44.901119265799444], [-1.043152877458274, 44.90100152804423], [-1.042768708184528, 44.90085632727008], [-1.042406415846989, 44.90068506205047], [-1.042069489790586, 44.90048938199743], [-1.041761174937412, 44.90027117186579], [-1.041484440530982, 44.90003253339249], [-1.041241951540676, 44.899775765045916], [-1.041036043001794, 44.899503339880695], [-1.04086869753813, 44.899217881711955], [-1.040741526283128, 44.898922139838305], [-1.040655753382815, 44.89861896255774], [-1.040612204228997, 44.89831126973139], [-1.040611297535196, 44.89800202465995], [-1.040653041330675, 44.89769420554364], [-1.040737032910113, 44.89739077680024], [-1.040862462738391, 44.897094660518256], [-1.041028122271836, 44.89680870831905], [-1.041232415619672, 44.896535673899734], [-1.041473374932489, 44.89627818652039], [-1.041748679368799, 44.89603872569097], [-1.042055677456436, 44.89581959730117], [-1.042391412633064, 44.89562291142314], [-1.042752651719584, 44.895450562000036], [-1.042970225691109, 44.89536747942086], [-1.04262668291961, 44.89520506296505], [-1.042289788991655, 44.89500938391186], [-1.041981503384761, 44.89479117476172], [-1.041704795060789, 44.89455253724213], [-1.04146232873796, 44.89429576981222], [-1.04125643923333, 44.89402334551782], [-1.041089108987461, 44.89373788816573], [-1.040961948987341, 44.893442147046635], [-1.040876183270722, 44.89313897045125], [-1.040832637160357, 44.89283127823413], [-1.04083172934059, 44.89252203369012], [-1.040873467851667, 44.89221421501432], [-1.040957450039294, 44.891910786620336], [-1.041082866458922, 44.891614670593235], [-1.041248508696126, 44.89132871855197], [-1.041452781026795, 44.89105568419214], [-1.041693715804001, 44.890798196773254], [-1.041968992422596, 44.890558735805584]]]}}, {"type": "Feature", "properties": {"nb_detections_cluster": 2, "frp_max": 175.35, "frp_moyen": 130.75, "derniere_detection": "2026-07-24T11:53:00", "fetch_timestamp": "2026-07-24T11:53:00"}, "geometry": {"type": "Polygon", "coordinates": [[[-1.067496928763122, 44.909369480001025], [-1.067803899216974, 44.909150279568436], [-1.06813962388332, 44.90895351507765], [-1.068500869683896, 44.908781081228874], [-1.068884157890023, 44.90863463841915], [-1.069285797614434, 44.908515596760836], [-1.069701921341649, 44.90842510250972], [-1.070128522155249, 44.90836402703267], [-1.070561492304294, 44.90833295842159], [-1.070996662738301, 44.90833219583336], [-1.071429843231027, 44.908361746610936], [-1.071856862707616, 44.90842132621243], [-1.072273609387829, 44.908510360949805], [-1.072676070359719, 44.90862799350996], [-1.072728471555854, 44.90864777842491], [-1.073079755073437, 44.90867173681523], [-1.073506778660787, 44.90873131008174], [-1.073923530261064, 44.90882033863945], [-1.07432599691496, 44.90893796523476], [-1.074710303148143, 44.909083057237986], [-1.075072748274982, 44.90925421754436], [-1.075409842023064, 44.90944979802076], [-1.075718338135955, 44.909667915369226], [-1.075995265631014, 44.9099064692545], [-1.076237957411449, 44.91016316252167], [-1.076444075957038, 44.91043552330946], [-1.07661163584594, 44.91072092884656], [-1.076739022890277, 44.91101663070215], [-1.076825009700647, 44.91131978124796], [-1.076868767528943, 44.91162746107687], [-1.076869874274546, 44.911936707114826], [-1.076828318575859, 44.91224454115466], [-1.076744499946739, 44.912547998537995], [-1.076619224955493, 44.91284415670832], [-1.076453699482195, 44.913130163360464], [-1.076249517127947, 44.91340326391525], [-1.076008643886846, 44.91366082805454], [-1.075733399227502, 44.913900375060614], [-1.075426433765776, 44.914119597715896], [-1.075090703743292, 44.914316384532306], [-1.074729442557375, 44.914488840095785], [-1.074346129616515, 44.91463530332977], [-1.073944456821559, 44.91475436350125], [-1.073528292995787, 44.914844873815184], [-1.073101646607011, 44.914905962465504], [-1.072668627141452, 44.91493704103672], [-1.072233405502216, 44.91493781017441], [-1.071800173814743, 44.91490826247007], [-1.07137310502732, 44.9148486825326], [-1.070956312696772, 44.914759644245414], [-1.070553811347646, 44.91464200523602], [-1.070501405320061, 44.91462221925932], [-1.070150085647964, 44.9145982526742], [-1.069723020972574, 44.91453866640107], [-1.069306233563666, 44.91444962193361], [-1.068903737898365, 44.914331976958856], [-1.068519410729561, 44.91418686464101], [-1.068156953731459, 44.91401568270157], [-1.067819857835309, 44.91382007995046], [-1.067511369599372, 44.913601940398074], [-1.067234459937392, 44.913363365101596], [-1.066991795506943, 44.91310665192102], [-1.066785713033207, 44.91283427337978], [-1.066618196815265, 44.91254885284408], [-1.066490859631108, 44.91225313925024], [-1.06640492722473, 44.91194998062399], [-1.066361226523937, 44.911642296647], [-1.066360177701495, 44.91133305053494], [-1.066401790155113, 44.911025220498175], [-1.06648566244395, 44.910721771059826], [-1.066610986181234, 44.91042562450782], [-1.066776553844478, 44.91013963275522], [-1.066980770427106, 44.90986654988016], [-1.067221668818432, 44.90960900560946], [-1.067496928763122, 44.909369480001025]]]}}]}