{"type": "FeatureCollection", "name": "zone_active", "crs": {"type": "name", "properties": {"name": "urn:ogc:def:crs:OGC:1.3:CRS84"}}, "features": [{"type": "Feature", "properties": {"nb_detections_cluster": 1, "frp_max": 3.62, "frp_moyen": 3.62, "derniere_detection": "2026-07-25T02:11:00", "fetch_timestamp": "2026-07-25T11:53:00"}, "geometry": {"type": "Polygon", "coordinates": [[[-1.154192443439041, 44.77243578931127], [-1.154190914338056, 44.772126558251095], [-1.154231943123009, 44.77181870948701], [-1.154315133977224, 44.771515207723105], [-1.154439685079148, 44.77121897575173], [-1.154604396349237, 44.7709328663091], [-1.154807681029821, 44.77065963460726], [-1.1550475809856, 44.77040191180659], [-1.155321785576631, 44.77016217968463], [-1.155627653921513, 44.76994274674399], [-1.15596224033595, 44.76974572598988], [-1.15632232270148, 44.76957301459034], [-1.156704433491181, 44.7694262756153], [-1.157104893153738, 44.76930692202903], [-1.157519845534755, 44.769216103091], [-1.157945294994769, 44.769154693294574], [-1.158377144867196, 44.76912328395082], [-1.158811236886714, 44.76912217749754], [-1.159243391209313, 44.76915138458869], [-1.159669446639599, 44.769210623991746], [-1.160085300678998, 44.76929932529441], [-1.16048694901014, 44.769416634394226], [-1.160870524038184, 44.76956142171877], [-1.16123233211872, 44.769732293097086], [-1.161568889114494, 44.76992760317837], [-1.161876953939089, 44.77014547126851], [-1.162153559764918, 44.7703837994327], [-1.162396042595197, 44.77064029268991], [-1.162602066924742, 44.77091248110523], [-1.162769648242255, 44.7711977435676], [-1.162897172157027, 44.77149333302449], [-1.162983409965264, 44.77179640293049], [-1.16302753050541, 44.77210403465563], [-1.163029108187458, 44.77241326558956], [-1.162988127117925, 44.7727211176712], [-1.162904981279812, 44.77302462606897], [-1.162780470764724, 44.77332086773558], [-1.162615794092481, 44.77360698956221], [-1.162412536691173, 44.773880235860986], [-1.162172655647774, 44.774137974910474], [-1.161898460875437, 44.77437772430876], [-1.161592592878233, 44.77459717488929], [-1.161257997327098, 44.77479421296899], [-1.160897896691613, 44.77496694071396], [-1.160515759200803, 44.7751136944262], [-1.160115265432094, 44.77523306057502], [-1.159700272850558, 44.77532388941823], [-1.159274778640544, 44.77538530608178], [-1.158842881188354, 44.775416718990705], [-1.158408740587773, 44.77541782557023], [-1.157976538549755, 44.77538861516154], [-1.157550438103366, 44.77532936912461], [-1.15713454347713, 44.77524065812671], [-1.156732860548142, 44.77512333664286], [-1.156349258240823, 44.77497853472144], [-1.155987431247907, 44.774807647094285], [-1.15565086443344, 44.77461231973668], [-1.155342799261166, 44.774394434006645], [-1.155066202572035, 44.77415608851686], [-1.154823738011712, 44.7738995789142], [-1.154617740383276, 44.77362737576172], [-1.154450193171916, 44.77334210073679], [-1.154322709457662, 44.77304650137473], [-1.154236516399425, 44.77274342460161], [-1.154192443439041, 44.77243578931127]]]}}, {"type": "Feature", "properties": {"nb_detections_cluster": 11, "frp_max": 3.98, "frp_moyen": 2.16, "derniere_detection": "2026-07-25T02:11:00", "fetch_timestamp": "2026-07-25T11:53:00"}, "geometry": {"type": "Polygon", "coordinates": [[[-1.18149, 44.77935], [-1.17944, 44.78586], [-1.18046, 44.7826], [-1.17671, 44.77858], [-1.17193, 44.77782], [-1.16715, 44.77706], [-1.17295, 44.77456], [-1.17876, 44.77207], [-1.18353, 44.77283], [-1.18251, 44.77609], [-1.18149, 44.77935]]]}}, {"type": "Feature", "properties": {"nb_detections_cluster": 37, "frp_max": 50.61, "frp_moyen": 16.44, "derniere_detection": "2026-07-25T11:53:00", "fetch_timestamp": "2026-07-25T11:53:00"}, "geometry": {"type": "Polygon", "coordinates": [[[-1.22489, 44.77989], [-1.23095, 44.78498], [-1.22871, 44.78456], [-1.22179, 44.78387], [-1.21487, 44.78317], [-1.2134, 44.78431], [-1.20797, 44.78248], [-1.20878, 44.77858], [-1.20657, 44.7757], [-1.21231, 44.77876], [-1.21567, 44.77928], [-1.22259, 44.77997], [-1.22489, 44.77989]]]}}, {"type": "Feature", "properties": {"nb_detections_cluster": 2, "frp_max": 1.38, "frp_moyen": 1.38, "derniere_detection": "2026-07-25T02:11:00", "fetch_timestamp": "2026-07-25T11:53:00"}, "geometry": {"type": "Polygon", "coordinates": [[[-1.195261328532158, 44.77543172258969], [-1.195342715489469, 44.775407435329896], [-1.195757651085223, 44.775316473067186], [-1.196183104890315, 44.77525491638354], [-1.196614980196193, 44.77522335800436], [-1.197049118492607, 44.775222101802505], [-1.197481339490025, 44.77525115987384], [-1.197907481351213, 44.77531025242075], [-1.198323440745614, 44.77539881044503], [-1.198725212341731, 44.77551598122385], [-1.199108927358196, 44.77566063651671], [-1.199470890803081, 44.77583138342408], [-1.199807617043573, 44.776026577793786], [-1.20011586336403, 44.776244340046006], [-1.200392661189637, 44.776482573265255], [-1.200635344675185, 44.77673898338486], [-1.200841576383641, 44.77701110127071], [-1.201009369807018, 44.777296306491124], [-1.20113710851229, 44.77759185254502], [-1.201223561727363, 44.777894893305145], [-1.201267896216327, 44.77820251042248], [-1.201269684328713, 44.77851174142761], [-1.201228908144339, 44.778819608259], [-1.201145959672767, 44.779123145943245], [-1.201021637104466, 44.77941943115124], [-1.20085713714872, 44.77970561035509], [-1.200654043531164, 44.779978927314474], [-1.200414311760799, 44.78023674962758], [-1.200140250312509, 44.780476594090764], [-1.199834498405692, 44.78069615062197], [-1.19950000059259, 44.78089330451776], [-1.199139978400876, 44.78106615682882], [-1.198757899303547, 44.781213042657384], [-1.198357443315184, 44.78133254720031], [-1.197942467536639, 44.7814235193824], [-1.197516968990181, 44.78148508294899], [-1.197085046103753, 44.78151664491011], [-1.196650859216096, 44.781517901255306], [-1.196218590484078, 44.78148883988316], [-1.195792403579345, 44.78142974071815], [-1.195376403563453, 44.78134117301283], [-1.194974597328962, 44.78122398986204], [-1.194590854988371, 44.78107931998174], [-1.194228872583657, 44.780908556832046], [-1.193892136476253, 44.780713345189326], [-1.193658566264675, 44.78054832534821], [-1.193577171140305, 44.780572611414605], [-1.19316219323741, 44.7806635656806], [-1.192736695208682, 44.78072511088515], [-1.192304775477088, 44.78075665421519], [-1.191870594350989, 44.78075789183964], [-1.191438333931746, 44.7807288118375], [-1.191012157810915, 44.780669694312614], [-1.190596170946147, 44.78058110869442], [-1.190194380103287, 44.78046390825029], [-1.189810655246531, 44.78031922186274], [-1.1894486922494, 44.7801484431509], [-1.189111977286332, 44.779953217041005], [-1.188803753248429, 44.779735423915966], [-1.1885269885072, 44.77949716149665], [-1.188284348327299, 44.77924072462995], [-1.188078169203618, 44.77896858317852], [-1.18791043636967, 44.77868335822561], [-1.187782764693457, 44.7783877968245], [-1.18769638314429, 44.778084745535836], [-1.187652122979385, 44.777777123008285], [-1.187650409763162, 44.77746789186644], [-1.187691259295157, 44.777160030177264], [-1.187774277484761, 44.776856502769576], [-1.187898664172926, 44.77656023268285], [-1.188063220863067, 44.77627407302054], [-1.188266362285695, 44.77600077947847], [-1.188506131684594, 44.77574298381278], [-1.188780219676559, 44.77550316850275], [-1.189085986502492, 44.775283642852195], [-1.18942048745519, 44.77508652075915], [-1.189780501238673, 44.77491370036763], [-1.190162560986004, 44.774766845797025], [-1.190562987637012, 44.77464737112484], [-1.190977925354892, 44.77455642677646], [-1.19140337864117, 44.77449488845287], [-1.191835250792305, 44.77446334870268], [-1.192269383328427, 44.77446211121943], [-1.192701596015461, 44.7744911879187], [-1.193127727096172, 44.774550298823506], [-1.193543673343775, 44.77463887475887], [-1.193945429553322, 44.774756062829546], [-1.194329127091555, 44.77490073462845], [-1.194691071134789, 44.775071497097166], [-1.195027776236973, 44.77526670593362], [-1.195261328532158, 44.77543172258969]]]}}, {"type": "Feature", "properties": {"nb_detections_cluster": 7, "frp_max": 32.85, "frp_moyen": 16.9, "derniere_detection": "2026-07-24T12:14:00", "fetch_timestamp": "2026-07-25T11:53:00"}, "geometry": {"type": "Polygon", "coordinates": [[[-1.18868, 44.78556], [-1.19856, 44.78826], [-1.19113, 44.79024], [-1.18372, 44.7922], [-1.18868, 44.78556]]]}}, {"type": "Feature", "properties": {"nb_detections_cluster": 10, "frp_max": 114.06, "frp_moyen": 47.35, "derniere_detection": "2026-07-24T13:55:00", "fetch_timestamp": "2026-07-25T11:53:00"}, "geometry": {"type": "Polygon", "coordinates": [[[-1.168130854308625, 44.7931863459833], [-1.168129247985273, 44.792877112916614], [-1.168170215596764, 44.79256925680406], [-1.168253361915002, 44.7922657424206], [-1.168377885546766, 44.79196949268021], [-1.168542586676499, 44.79168336049023], [-1.16874587864365, 44.791410101281876], [-1.168985803242246, 44.79115234648051], [-1.169260049594592, 44.79091257817184], [-1.169565976416761, 44.790693105206984], [-1.169900637461034, 44.7904960409766], [-1.170260809890078, 44.79032328306744], [-1.170643025309577, 44.790176494997255], [-1.171043603160647, 44.790057090203106], [-1.171458686150864, 44.789966218437534], [-1.171884277383214, 44.789904754702604], [-1.172316278826145, 44.789873290828744], [-1.172750530755084, 44.78987212977881], [-1.173182851786522, 44.78990128273247], [-1.173609079120123, 44.78996046897853], [-1.174025108602358, 44.79004911861646], [-1.174426934226814, 44.79016637804137], [-1.17481068669176, 44.79031111815911], [-1.175172670644467, 44.790481945253354], [-1.175509400254364, 44.79067721439974], [-1.175817632773015, 44.79089504529838], [-1.176094399758093, 44.79113334037263], [-1.176337035660912, 44.791389804960154], [-1.176543203502147, 44.791661969402185], [-1.176710917388332, 44.79194721281865], [-1.176838561651859, 44.79224278834046], [-1.176924906429621, 44.792545849556475], [-1.176969119529512, 44.79285347792054], [-1.176970774469664, 44.793162710854745], [-1.176929854612043, 44.79347057027884], [-1.176846753349591, 44.7937740912906], [-1.176722270344059, 44.79407035072136], [-1.176557603849761, 44.7943564952913], [-1.176354339196227, 44.79462976909353], [-1.176114433539786, 44.79488754014182], [-1.17584019703019, 44.79512732572611], [-1.175534270573123, 44.795346816331374], [-1.175199600402267, 44.79554389788906], [-1.174839409705687, 44.79571667214654], [-1.174457167579711, 44.79586347495779], [-1.174056555609535, 44.79598289231927], [-1.173641432398765, 44.79607377399548], [-1.173215796390066, 44.79613524460349], [-1.17278374733572, 44.79616671204877], [-1.172349446789978, 44.79616787323116], [-1.17191707800467, 44.79613871696595], [-1.171490805615284, 44.79607952409162], [-1.171074735506817, 44.79599086476332], [-1.170672875246926, 44.79587359295844], [-1.170289095468362, 44.79572883824682], [-1.169927092573503, 44.79555799490566], [-1.169590353120853, 44.795362708483665], [-1.169282120237103, 44.79514485994461], [-1.169005362378607, 44.794906547543064], [-1.168762744743326, 44.79465006660721], [-1.168556603608566, 44.794377887424105], [-1.168388923841486, 44.79409263144031], [-1.168261319798513, 44.793797046007874], [-1.1681750197971, 44.79349397791877], [-1.168130854308625, 44.7931863459833]]]}}, {"type": "Feature", "properties": {"nb_detections_cluster": 35, "frp_max": 37.62, "frp_moyen": 14.13, "derniere_detection": "2026-07-25T02:11:00", "fetch_timestamp": "2026-07-25T11:53:00"}, "geometry": {"type": "Polygon", "coordinates": [[[-1.21837, 44.80574], [-1.2239, 44.80796], [-1.21578, 44.805], [-1.22083, 44.79833], [-1.21844, 44.80265], [-1.21837, 44.80574]]]}}, {"type": "Feature", "properties": {"nb_detections_cluster": 3, "frp_max": 37.62, "frp_moyen": 21.48, "derniere_detection": "2026-07-24T12:14:00", "fetch_timestamp": "2026-07-25T11:53:00"}, "geometry": {"type": "Polygon", "coordinates": [[[-1.201420223666418, 44.802467673115636], [-1.201418433963993, 44.80215843958572], [-1.201459226038772, 44.80185057023335], [-1.201542206352837, 44.80154702996123], [-1.201666575111246, 44.80125074193282], [-1.201831133989434, 44.80096455942444], [-1.202034297696232, 44.800691238351995], [-1.20227410926027, 44.80043341073677], [-1.202548258891802, 44.800193559365766], [-1.202854106237748, 44.7999739938901], [-1.2031887058152, 44.79977682859137], [-1.203548835378246, 44.7996039620296], [-1.203931026944931, 44.79945705876883], [-1.204331600185724, 44.799337533355384], [-1.204746697852338, 44.79924653670328], [-1.205172322906279, 44.79918494501708], [-1.205604376990255, 44.79915335135932], [-1.206038699872842, 44.7991520599425], [-1.20647110948743, 44.79918108320158], [-1.206897442180919, 44.79924014167415], [-1.207313592785542, 44.7993286666901], [-1.207715554128928, 44.799445805844485], [-1.208099455602879, 44.799590431201246], [-1.208461600420243, 44.79976115014922], [-1.208798501201871, 44.799956318805435], [-1.209106913551471, 44.80017405783772], [-1.209383867295441, 44.8004122705542], [-1.209626695087039, 44.8006686630857], [-1.209833058099411, 44.800940766467484], [-1.210000968559847, 44.80122596040764], [-1.210128808907885, 44.801521498513736], [-1.210215347392156, 44.80182453473514], [-1.21025974995507, 44.802132150766575], [-1.210261588290022, 44.802441384149134], [-1.210220843992561, 44.802749256798485], [-1.21013790876455, 44.80305280368522], [-1.210013580668299, 44.80334910139167], [-1.209849056465747, 44.80363529626959], [-1.209645920115499, 44.80390863192777], [-1.209406127537629, 44.80416647578434], [-1.209131987792254, 44.8044063444282], [-1.208826140852536, 44.80462592754439], [-1.20849153218577, 44.80482311017349], [-1.208131384387167, 44.804995993089385], [-1.207749166139463, 44.8051429110996], [-1.207348558797527, 44.80526244909098], [-1.20693342092013, 44.80535345566618], [-1.206507751091049, 44.80541505423924], [-1.206075649388255, 44.80544665148304], [-1.20564127787314, 44.805447943047206], [-1.205208820481233, 44.80541891649115], [-1.204782442701691, 44.805359851403956], [-1.204366251434911, 44.80527131670996], [-1.203964255415888, 44.80515416518604], [-1.203580326585388, 44.80500952524353], [-1.203218162781855, 44.80483879005422], [-1.20288125211407, 44.80464360412516], [-1.202572839358244, 44.80442584745232], [-1.202295894703588, 44.8041876174055], [-1.202053085147547, 44.80393120851988], [-1.201846748816194, 44.803659090388635], [-1.201678872456902, 44.80337388387054], [-1.201551072319646, 44.80307833584137], [-1.201464578610515, 44.80277529273308], [-1.201420223666418, 44.802467673115636]]]}}, {"type": "Feature", "properties": {"nb_detections_cluster": 2, "frp_max": 24.96, "frp_moyen": 16.38, "derniere_detection": "2026-07-24T13:33:00", "fetch_timestamp": "2026-07-25T11:53:00"}, "geometry": {"type": "Polygon", "coordinates": [[[-1.185047903826376, 44.811171437998105], [-1.185407081677995, 44.81127617187577], [-1.185791006537678, 44.81142087502485], [-1.186153159806711, 44.81159166749132], [-1.1864900540243, 44.81178690468424], [-1.186798444857043, 44.81200470661147], [-1.187075362338162, 44.81224297597539], [-1.187318139469704, 44.81249941836129], [-1.187524437912219, 44.81277156432425], [-1.187692270514349, 44.81305679316218], [-1.18782002046496, 44.81335235814647], [-1.187906456882794, 44.81365541296753], [-1.187950746692794, 44.81396303914084], [-1.187952462673852, 44.81427227410968], [-1.187911587599559, 44.814580139774286], [-1.187828514431008, 44.81488367117237], [-1.187704042558835, 44.81517994503529], [-1.187539370129586, 44.81546610794435], [-1.187336082529438, 44.815739403816046], [-1.187096137135246, 44.81599720045164], [-1.186821844479082, 44.81623701489468], [-1.186515846007047, 44.816456537352224], [-1.186181088646173, 44.81665365344898], [-1.185820796424117, 44.81682646459961], [-1.185438439414971, 44.81697330630282], [-1.185037700310444, 44.81709276418042], [-1.184622438938744, 44.817183687606686], [-1.184196655073431, 44.817245200796556], [-1.183764449891133, 44.81727671124532], [-1.183329986450177, 44.817277915438645], [-1.182897449571682, 44.81724880177749], [-1.182471005510523, 44.81718965068997], [-1.182054761805551, 44.81710103192876], [-1.181652727696795, 44.8169837990805], [-1.181268775491782, 44.816839081339836], [-1.180906603253903, 44.81666827262782], [-1.180569699172915, 44.81647301815972], [-1.180261307961267, 44.816255198591534], [-1.179984399600297, 44.81601691189882], [-1.179741640737475, 44.81576045316225], [-1.179535369010194, 44.81548829245504], [-1.179367570543162, 44.81520305104592], [-1.17923986083572, 44.81490747614662], [-1.179153469222603, 44.814604414447714], [-1.179109227057049, 44.814296784698094], [-1.179107559729214, 44.81398754959184], [-1.179148482595795, 44.8136796872341], [-1.179231600859063, 44.81337616245999], [-1.179356113395422, 44.81307989828361], [-1.179520820495622, 44.81279374775144], [-1.179724135441103, 44.81252046647135], [-1.17996409980414, 44.81226268608128], [-1.180238402323703, 44.812022888913425], [-1.180544401174643, 44.81180338409682], [-1.18087914941537, 44.81160628532885], [-1.181239423368706, 44.81143349052893], [-1.181621753662616, 44.811286663569966], [-1.182022458632046, 44.811167218263535], [-1.182062099153717, 44.81115853897031], [-1.181702928286851, 44.811053794266], [-1.181319016459289, 44.81090907698592], [-1.180956882277546, 44.81073826877657], [-1.180620013564825, 44.81054301484827], [-1.180311654692926, 44.810325195851874], [-1.180034775331738, 44.8100869097574], [-1.179792041849479, 44.80983045163978], [-1.179585791639167, 44.80955829156628], [-1.179418010618372, 44.80927305079952], [-1.179290314118521, 44.808977476544996], [-1.179203931347278, 44.808674415487125], [-1.179159693572867, 44.8083667863686], [-1.179158026143297, 44.80805755187745], [-1.179198944416391, 44.80774969011285], [-1.179282053638806, 44.80744616590423], [-1.17940655277415, 44.807149902260264], [-1.179571242242356, 44.80686375222229], [-1.179774535494771, 44.806590471393406], [-1.180014474312673, 44.80633269140724], [-1.180288747681099, 44.80609289459208], [-1.180594714055672, 44.80587339007357], [-1.180929426807567, 44.805676291546234], [-1.181289662601354, 44.80550349692713], [-1.181671952432442, 44.80535667008748], [-1.182072615025368, 44.80523722483769], [-1.182487792271722, 44.80514631131989], [-1.182913486366955, 44.805084804938105], [-1.183345598289162, 44.80505329793347], [-1.183779967250124, 44.80505209368413], [-1.184212410739625, 44.805081203785704], [-1.184638764778401, 44.80514034793959], [-1.185054923993107, 44.80522895665065], [-1.185456881128358, 44.805346176708], [-1.185840765616308, 44.80549087939662], [-1.186202880833149, 44.805661671360596], [-1.186539739684495, 44.805856908013894], [-1.186848098177506, 44.80607470936948], [-1.187124986656858, 44.80631297813532], [-1.187367738403926, 44.80656941990239], [-1.187574015323785, 44.80684156523177], [-1.187741830472432, 44.80712679342745], [-1.187869567206925, 44.807422357767024], [-1.187955994773409, 44.807725411947104], [-1.188000280182201, 44.80803303748932], [-1.18800199625473, 44.80834227184306], [-1.18796112576385, 44.80865013691445], [-1.187878061626664, 44.808953667746955], [-1.187753603146959, 44.80924994107737], [-1.187588948342434, 44.8095361034921], [-1.187385682429632, 44.80980939891243], [-1.187145762576631, 44.81006719514397], [-1.186871499069582, 44.81030700923417], [-1.186565533073896, 44.81052653139348], [-1.186230811203838, 44.81072364724944], [-1.185870557145241, 44.8108964582191], [-1.185488240604608, 44.811043299802876], [-1.185087543883829, 44.81116275762373], [-1.185047903826376, 44.811171437998105]]]}}, {"type": "Feature", "properties": {"nb_detections_cluster": 1, "frp_max": 25.59, "frp_moyen": 25.59, "derniere_detection": "2026-07-24T12:14:00", "fetch_timestamp": "2026-07-25T11:53:00"}, "geometry": {"type": "Polygon", "coordinates": [[[-1.157059168911589, 44.814205905976095], [-1.157057622901998, 44.813896670559885], [-1.157098666476448, 44.81358881635766], [-1.157181903674802, 44.81328530812589], [-1.157306532228205, 44.812989068719226], [-1.157471351310316, 44.812702950945486], [-1.157674773124401, 44.812429710096914], [-1.157914838213862, 44.812171977422054], [-1.158189234347977, 44.811932234793474], [-1.158495318800422, 44.81171279081499], [-1.158830143805606, 44.81151575859804], [-1.159190484947455, 44.811343035421125], [-1.159572872207233, 44.81119628446748], [-1.159973623371597, 44.811076918816774], [-1.160388879479523, 44.81098608784465], [-1.160814641967325, 44.81092466616028], [-1.161246811154726, 44.810893245189256], [-1.161681225702235, 44.81089212748131], [-1.162113702660761, 44.81092132379875], [-1.162540077728782, 44.81098055301283], [-1.162956245330419, 44.81106924480936], [-1.163358198129423, 44.811186545177414], [-1.163742065599537, 44.81133132462865], [-1.164104151280602, 44.81150218906794], [-1.164440968362371, 44.811697493211334], [-1.164749273253916, 44.81191535642193], [-1.16502609681573, 44.81215368081188], [-1.165268772953971, 44.81241017143656], [-1.165474964301449, 44.812682358386425], [-1.165642684737861, 44.81296762056454], [-1.165770318532017, 44.81326321092118], [-1.165856635921088, 44.813566282902244], [-1.165900804976178, 44.81387391785781], [-1.165902399639041, 44.81418315314647], [-1.165861403851624, 44.81449101066522], [-1.165778211737633, 44.81479452553009], [-1.165653623833358, 44.81509077463155], [-1.165488839403019, 44.81537690478918], [-1.165285444911698, 44.81565016023489], [-1.165045398765997, 44.81590790915912], [-1.164771012468638, 44.81614766906487], [-1.164464928367926, 44.816367130684384], [-1.164130094215932, 44.81656418022827], [-1.163769734780239, 44.816736919752174], [-1.163387320782606, 44.816883685444665], [-1.162986535463896, 44.817003063659605], [-1.162571239097663, 44.817093904538616], [-1.162145431794701, 44.817155333091726], [-1.161713214957506, 44.81718675762943], [-1.161278751756725, 44.8171878754649], [-1.160846227011166, 44.81715867583095], [-1.16041980685878, 44.81709943998377], [-1.160003598608013, 44.81701073849246], [-1.159601611157238, 44.816893425740496], [-1.159217716364361, 44.81674863169215], [-1.158855611739537, 44.81657775100348], [-1.158518784821013, 44.816382429582895], [-1.158210479577737, 44.8161645487313], [-1.157933665162731, 44.81592620701439], [-1.157691007318333, 44.815669700042726], [-1.15748484270871, 44.81539749835405], [-1.157317156426645, 44.81511222361164], [-1.157189562890795, 44.81481662334815], [-1.157103290316885, 44.814513544498325], [-1.157059168911589, 44.814205905976095]]]}}, {"type": "Feature", "properties": {"nb_detections_cluster": 16, "frp_max": 12.25, "frp_moyen": 9.31, "derniere_detection": "2026-07-24T13:55:00", "fetch_timestamp": "2026-07-25T11:53:00"}, "geometry": {"type": "Polygon", "coordinates": [[[-1.189539330389012, 44.81337720029073], [-1.18953760570475, 44.81306796543903], [-1.189578470773085, 44.81276009933099], [-1.189661531352904, 44.812456566838], [-1.189785986876088, 44.812160291048514], [-1.189950638182371, 44.81187412512095], [-1.190153899090404, 44.81160082481146], [-1.190393811692735, 44.81134302194128], [-1.190668065226655, 44.811103199059126], [-1.190974018338597, 44.81088366554173], [-1.191308724527276, 44.81068653536288], [-1.191668960520316, 44.81051370674439], [-1.192051257311079, 44.810366843884914], [-1.192451933556994, 44.81024736094177], [-1.19286713101812, 44.81015640841994], [-1.193292851695229, 44.810094862099135], [-1.193724996310461, 44.81006331460496], [-1.194159403760831, 44.81006206970549], [-1.194591891165573, 44.81009113938775], [-1.19501829412265, 44.81015024374232], [-1.195434506787792, 44.81023881365732], [-1.195836521391065, 44.81035599629539], [-1.19622046681139, 44.81050066330189], [-1.196582645838372, 44.81067142166449], [-1.196919570763314, 44.81086662712066], [-1.197227996957259, 44.81108439998392], [-1.19750495411307, 44.81132264323653], [-1.197747774850886, 44.81157906271525], [-1.197954120411491, 44.811851189195814], [-1.198122003189918, 44.81213640216378], [-1.198249805891957, 44.81243195504345], [-1.198336297128448, 44.812735001641826], [-1.198380643296489, 44.81304262355364], [-1.198382416632282, 44.81335185826331], [-1.198341599357077, 44.81365972767359], [-1.198258583875324, 44.81396326678623], [-1.198134169022051, 44.814259552258356], [-1.197969552394601, 44.81454573055947], [-1.197766318841635, 44.81481904545793], [-1.197526425219364, 44.815076864571786], [-1.197252181561105, 44.815316704728154], [-1.19694622884091, 44.81553625588645], [-1.196611513545005, 44.815733403394944], [-1.196251259295757, 44.81590624836585], [-1.195868935801378, 44.81605312597208], [-1.195468225430642, 44.81617262148967], [-1.195052987734889, 44.81626358393037], [-1.194627222259543, 44.81632513713329], [-1.194195030004033, 44.81635668820836], [-1.193760573902133, 44.816357933249854], [-1.193328038704261, 44.81632886026535], [-1.192901590649116, 44.81626974929112], [-1.192485337314063, 44.81618116969349], [-1.192083288031958, 44.81606397468185], [-1.191699315256566, 44.815919293086424], [-1.191337117249524, 44.81574851848014], [-1.191000182448923, 44.81555329574974], [-1.190691755863232, 44.81533550524559], [-1.190414807814646, 44.81509724466333], [-1.190172005333037, 44.8148408088322], [-1.189965686476048, 44.81456866760486], [-1.189797837822442, 44.81428344206247], [-1.189670075355029, 44.81398787926394], [-1.189583628916778, 44.81368482578345], [-1.189539330389012, 44.81337720029073]]]}}, {"type": "Feature", "properties": {"nb_detections_cluster": 3, "frp_max": 25.32, "frp_moyen": 15.5, "derniere_detection": "2026-07-24T13:33:00", "fetch_timestamp": "2026-07-25T11:53:00"}, "geometry": {"type": "Polygon", "coordinates": [[[-1.17376, 44.81919], [-1.17129, 44.81677], [-1.17324, 44.81865], [-1.17376, 44.81919]]]}}, {"type": "Feature", "properties": {"nb_detections_cluster": 1, "frp_max": 7.16, "frp_moyen": 7.16, "derniere_detection": "2026-07-24T13:33:00", "fetch_timestamp": "2026-07-25T11:53:00"}, "geometry": {"type": "Polygon", "coordinates": [[[-1.154378320030154, 44.82489579974691], [-1.154376788478844, 44.824586563194096], [-1.15441785454716, 44.8242787088891], [-1.154501122058085, 44.82397520158938], [-1.154625788450609, 44.82367896414059], [-1.154790652533781, 44.82339284933168], [-1.154994126077327, 44.82311961242633], [-1.155234249126355, 44.82286188463508], [-1.155508708891902, 44.82262214778348], [-1.155814862034829, 44.82240271041966], [-1.156149760128067, 44.82220568559139], [-1.156510178051759, 44.82203297050601], [-1.156892645047864, 44.821886228268795], [-1.157293478135316, 44.82176687187556], [-1.157708817564354, 44.82167605061268], [-1.158134663969107, 44.82161463899595], [-1.158566916861398, 44.82158322835395], [-1.159001414095883, 44.82158212113696], [-1.159433971927415, 44.821611328006306], [-1.159860425275876, 44.8216705677316], [-1.160276667811731, 44.82175926989748], [-1.160678691477271, 44.82187658039312], [-1.161062625063911, 44.8220213696327], [-1.161424771474864, 44.82219224342686], [-1.161761643315082, 44.822387556401516], [-1.162069996466289, 44.82260542783475], [-1.16234686132417, 44.82284375975954], [-1.162589571397077, 44.82310025715866], [-1.162795788990868, 44.82337245005734], [-1.162963527732289, 44.823657717301394], [-1.16309117171364, 44.823953311792216], [-1.163177491073737, 44.82425638693594], [-1.163221653864438, 44.82456402405215], [-1.163223234087557, 44.82487326047862], [-1.163182215823835, 44.82518111810137], [-1.163098993413185, 44.825484632035405], [-1.162974367683442, 44.82578087918013], [-1.162809538262906, 44.82606700637401], [-1.162606092049786, 44.8263402578774], [-1.162365987948682, 44.82659800191876], [-1.162091538020399, 44.82683775604806], [-1.161785385226034, 44.8270572110532], [-1.161450477979261, 44.827254253208466], [-1.161090041751704, 44.82742698464067], [-1.16070754800481, 44.827573741616284], [-1.160306680747661, 44.82769311057316], [-1.159891301043144, 44.827783941742084], [-1.159465409804892, 44.82784536022656], [-1.159033109244009, 44.827876774434145], [-1.158598563337716, 44.827877881777454], [-1.15816595770159, 44.827848671590374], [-1.157739459252852, 44.82778942523073], [-1.157323176054218, 44.827700713368934], [-1.156921117726041, 44.82758339048832], [-1.156537156808975, 44.82743858665071], [-1.156174991450097, 44.82726769660644], [-1.155838109772617, 44.827072366354066], [-1.155529756272847, 44.82685447727953], [-1.155252900568501, 44.826616128027744], [-1.155010208799461, 44.826359614281806], [-1.154804017956459, 44.82608740664471], [-1.154636313384733, 44.82580212683702], [-1.154508709678862, 44.825506522440165], [-1.154422435152263, 44.82520344042867], [-1.154378320030154, 44.82489579974691]]]}}, {"type": "Feature", "properties": {"nb_detections_cluster": 487, "frp_max": 597.37, "frp_moyen": 47.43, "derniere_detection": "2026-07-25T03:30:00", "fetch_timestamp": "2026-07-25T11:53:00"}, "geometry": {"type": "Polygon", "coordinates": [[[-1.1194, 44.92213], [-1.11514, 44.92829], [-1.11334, 44.92588], [-1.10695, 44.91597], [-1.09768, 44.90989], [-1.07244, 44.91179], [-1.07079, 44.91148], [-1.0684, 44.88764], [-1.07297, 44.883], [-1.08339, 44.86086], [-1.07974, 44.85305], [-1.0851, 44.85286], [-1.09046, 44.85266], [-1.09583, 44.85246], [-1.11489, 44.8485], [-1.12905, 44.83442], [-1.13645, 44.82859], [-1.14287, 44.82979], [-1.1573, 44.83943], [-1.16803, 44.85729], [-1.14678, 44.87223], [-1.13703, 44.88276], [-1.12721, 44.89331], [-1.12369, 44.9072], [-1.12163, 44.91372], [-1.1194, 44.92213]]]}}, {"type": "Feature", "properties": {"nb_detections_cluster": 32, "frp_max": 74.8, "frp_moyen": 20.77, "derniere_detection": "2026-07-24T13:55:00", "fetch_timestamp": "2026-07-25T11:53:00"}, "geometry": {"type": "Polygon", "coordinates": [[[-1.172590762806513, 44.86598325095658], [-1.172487902027862, 44.866056952589716], [-1.172152799741896, 44.866254029540904], [-1.171792146110261, 44.86642679792282], [-1.171409414688318, 44.86657359364603], [-1.171008291774464, 44.866693002775236], [-1.170592640894247, 44.86678387515416], [-1.170166465573572, 44.86684533548949], [-1.169733870760232, 44.866876791785586], [-1.169299023266178, 44.8668779410497], [-1.168866111612411, 44.866848772211924], [-1.168439305664267, 44.86678956623178], [-1.168022716446819, 44.86670089339075], [-1.16762035652847, 44.866583607796336], [-1.167236101355178, 44.866438839151236], [-1.166873651908572, 44.866267981866855], [-1.166536499048336, 44.866072681626214], [-1.166227889882804, 44.865854819526234], [-1.165950796492089, 44.86561649395205], [-1.165707887305123, 44.86536000035879], [-1.165501501406306, 44.865087809155376], [-1.16533362601899, 44.86480254190419], [-1.165205877382253, 44.86450694606575], [-1.165119485204581, 44.86420386853228], [-1.165075280843407, 44.86389622820504], [-1.165073689323549, 44.86358698787993], [-1.16511472527039, 44.86327912571223], [-1.165197992796009, 44.86297560653515], [-1.165322689338278, 44.86267935330881], [-1.165487613414973, 44.86239321897417], [-1.165691176217219, 44.86211995898297], [-1.165931416929813, 44.86186220476811], [-1.166206021630071, 44.861622438409604], [-1.166512345582672, 44.86140296873979], [-1.16684743871536, 44.861205909117544], [-1.167208074029938, 44.86103315708522], [-1.167590778674959, 44.86088637610393], [-1.167991867381049, 44.8607669795425], [-1.168407477937244, 44.86067611707413], [-1.168833608367272, 44.86061466361139], [-1.169266155448458, 44.86058321088576], [-1.169700954203172, 44.86058206175277], [-1.170133817983438, 44.86061122727732], [-1.170560578763676, 44.86067042662715], [-1.170919344433307, 44.8607467907008], [-1.171022197544531, 44.860673090645854], [-1.171357270497107, 44.86047601745845], [-1.171717887251581, 44.860303250817736], [-1.172100575135168, 44.8601564543255], [-1.172501649039838, 44.86003704149992], [-1.172917246897105, 44.85994616217085], [-1.173343366852931, 44.85988469141318], [-1.173775905785468, 44.85985322112492], [-1.174210698795529, 44.85985205433073], [-1.174643559290442, 44.85988120226554], [-1.175070319276261, 44.85994038426651], [-1.175486869471353, 44.860029030474024], [-1.175889198856031, 44.86014628731616], [-1.176273433278336, 44.86029102572374], [-1.17663587274503, 44.860461851996874], [-1.176973027039399, 44.860657121219134], [-1.177281649323437, 44.86087495308994], [-1.177558767401209, 44.8611132500233], [-1.177801712342509, 44.86136971733901], [-1.178008144191174, 44.861641885352064], [-1.178176074510261, 44.861927133148], [-1.178303885546591, 44.86222271381562], [-1.178390345829514, 44.86252578089423], [-1.178434622052948, 44.862833415781196], [-1.178436287125405, 44.86314265583587], [-1.178395324309531, 44.86345052290941], [-1.178312127410254, 44.86375405202592], [-1.178187497008733, 44.86405031993867], [-1.178022632777315, 44.86433647328618], [-1.177819121948584, 44.86460975607697], [-1.177578924048664, 44.86486753623827], [-1.177304352041073, 44.86510733097222], [-1.17699805006214, 44.86532683067564], [-1.176662967961991, 44.865523921192356], [-1.176302332896097, 44.86569670418341], [-1.175919618240937, 44.86584351541867], [-1.175518510133357, 44.86596294081337], [-1.175102871956246, 44.86605383005468], [-1.174676707113106, 44.8661153076868], [-1.174244120450782, 44.86614678154748], [-1.173809278702691, 44.86614794847481], [-1.17337637033448, 44.86611879722874], [-1.172949565179835, 44.86605960859937], [-1.172590762806513, 44.86598325095658]]]}}, {"type": "Feature", "properties": {"nb_detections_cluster": 22, "frp_max": 248.22, "frp_moyen": 30.17, "derniere_detection": "2026-07-25T02:11:00", "fetch_timestamp": "2026-07-25T11:53:00"}, "geometry": {"type": "Polygon", "coordinates": [[[-1.17009, 44.87503], [-1.16749, 44.87999], [-1.16167, 44.88248], [-1.15107, 44.88421], [-1.15688, 44.88172], [-1.1627, 44.87922], [-1.15746, 44.87585], [-1.15609, 44.87598], [-1.15823, 44.87054], [-1.16293, 44.8737], [-1.16428, 44.87355], [-1.16979, 44.87142], [-1.17111, 44.87123], [-1.17009, 44.87503]]]}}, {"type": "Feature", "properties": {"nb_detections_cluster": 59, "frp_max": 249.54, "frp_moyen": 49.48, "derniere_detection": "2026-07-25T03:30:00", "fetch_timestamp": "2026-07-25T11:53:00"}, "geometry": {"type": "Polygon", "coordinates": [[[-1.11798, 44.78972], [-1.11928, 44.79488], [-1.11724, 44.79393], [-1.11695, 44.79298], [-1.11358, 44.7894], [-1.10745, 44.79123], [-1.10842, 44.78819], [-1.10945, 44.78493], [-1.10259, 44.7841], [-1.10056, 44.78059], [-1.10569, 44.78091], [-1.1115, 44.77842], [-1.11628, 44.77919], [-1.12106, 44.77995], [-1.12003, 44.78321], [-1.11901, 44.78646], [-1.11798, 44.78972]]]}}, {"type": "Feature", "properties": {"nb_detections_cluster": 1, "frp_max": 14.15, "frp_moyen": 14.15, "derniere_detection": "2026-07-24T11:53:00", "fetch_timestamp": "2026-07-25T11:53:00"}, "geometry": {"type": "Polygon", "coordinates": [[[-1.124620966819889, 44.790124611881545], [-1.124619599865476, 44.789815378554216], [-1.124660803453223, 44.7895075388838], [-1.124744180082674, 44.7892040574866], [-1.124868926142949, 44.78890785695867], [-1.125033839676867, 44.788621789733234], [-1.125237331978906, 44.788348610615564], [-1.125477442914439, 44.78809095025963], [-1.125751859811989, 44.78785128984144], [-1.126057939745949, 44.787631937173025], [-1.126392734994828, 44.7874350044865], [-1.126753021429569, 44.787262388101844], [-1.127135329558605, 44.78711575017393], [-1.127535977930813, 44.78699650269407], [-1.127951108575106, 44.786905793899976], [-1.128376724135904, 44.78684449722439], [-1.128808726347589, 44.786813202889185], [-1.129242955478269, 44.78681221222468], [-1.12967523036392, 44.78684153476998], [-1.130101388648396, 44.78690088818085], [-1.130517326842789, 44.78698970094719], [-1.13091903981935, 44.787107117893264], [-1.131302659360612, 44.78725200840815], [-1.131664491393294, 44.78742297732726], [-1.132001051549157, 44.787618378360484], [-1.132309098710927, 44.78783632993784], [-1.132585666220599, 44.7880747333205], [-1.132828090449795, 44.788331292803], [-1.133034036457043, 44.788603537812584], [-1.133201520484648, 44.78888884669308], [-1.133328929078178, 44.789184471944786], [-1.133415034643783, 44.78948756667739], [-1.133459007292872, 44.789795212021666], [-1.133460422859166, 44.79010444523596], [-1.133419267010007, 44.79041228823702], [-1.133335935411281, 44.7907157762805], [-1.133211229943364, 44.79101198651496], [-1.133046351003492, 44.79129806613416], [-1.132842885967762, 44.79157125985653], [-1.132602793922967, 44.79182893646687], [-1.132328386814629, 44.79206861416455], [-1.132022307192158, 44.792287984473425], [-1.131687502765075, 44.79248493448353], [-1.131327198015149, 44.7926575672091], [-1.130944863137792, 44.79280421986732], [-1.130544180612047, 44.79292347990078], [-1.130129009721505, 44.7930141985894], [-1.129703349368385, 44.7930755021201], [-1.129271299539648, 44.7931068000077], [-1.128837021797086, 44.79310779078521], [-1.128404699172848, 44.793078464909286], [-1.127978495857647, 44.79301910485214], [-1.127562517070898, 44.792930282379274], [-1.127160769500289, 44.79281285303942], [-1.126777122692718, 44.79266794791982], [-1.126415271769297, 44.7924969627463], [-1.126078701824223, 44.792301544433606], [-1.125770654350963, 44.792083575215784], [-1.125494096019497, 44.79184515450958], [-1.125251690105485, 44.79158857868614], [-1.12504577084656, 44.79131631894625], [-1.12487832097249, 44.79103099751215], [-1.12475095262521, 44.79073536236592], [-1.124664891851926, 44.79043226077818], [-1.124620966819889, 44.790124611881545]]]}}, {"type": "Feature", "properties": {"nb_detections_cluster": 2, "frp_max": 21.59, "frp_moyen": 18.73, "derniere_detection": "2026-07-24T11:53:00", "fetch_timestamp": "2026-07-25T11:53:00"}, "geometry": {"type": "Polygon", "coordinates": [[[-1.125447750504193, 44.876069990948274], [-1.125625822948686, 44.876044389460496], [-1.126058513043732, 44.876013104923594], [-1.126493432111068, 44.87601212499939], [-1.126926392344431, 44.8760414591235], [-1.127353224789576, 44.876100824840236], [-1.127769819467102, 44.87618965052102], [-1.128172164928803, 44.876307080865786], [-1.128556386867582, 44.87645198513459], [-1.128918785409949, 44.87662296803042], [-1.129255870732688, 44.87681838312864], [-1.129564396661282, 44.87703634872382], [-1.129841391926901, 44.87727476594215], [-1.130084188781181, 44.87753133894502], [-1.130290448693178, 44.877803597029406], [-1.130458184880863, 44.87808891841329], [-1.130585781459764, 44.878384555476565], [-1.130672009023758, 44.87868766121517], [-1.130716036507272, 44.87899531665387], [-1.130717439213755, 44.87930455895379], [-1.130676202932167, 44.879612409944166], [-1.130592724100824, 44.87991590480369], [-1.130467806015991, 44.88021212061524], [-1.130302651120689, 44.880498204518844], [-1.130098849447065, 44.88077140119162], [-1.129858363322711, 44.881029079389954], [-1.129583508487528, 44.88126875729779], [-1.129276931802381, 44.88148812643702], [-1.128941585763812, 44.88168507390884], [-1.128580700070072, 44.88185770275197], [-1.128197750512263, 44.8820043502209], [-1.127796425490403, 44.882123603808196], [-1.127380590477269, 44.88221431485586], [-1.126954250772817, 44.88227560962437], [-1.126521512908601, 44.882306897712915], [-1.126086545074764, 44.88230787774893], [-1.125653536951636, 44.88227854029254], [-1.125592257749441, 44.882270017370054], [-1.125414165541908, 44.88229561885421], [-1.124981426665217, 44.88232690094236], [-1.124546458649613, 44.882327874946924], [-1.124113451177179, 44.88229853148603], [-1.123686575036264, 44.882239153201304], [-1.123269941927997, 44.8821503120338], [-1.122867564843358, 44.882032863712375], [-1.12248331939334, 44.88188793950709], [-1.122120906465492, 44.88171693532762], [-1.121783816567219, 44.88152149827181], [-1.121475296199795, 44.881303510754236], [-1.121198316587364, 44.88106507236788], [-1.120955545062258, 44.880808479654284], [-1.120749319382236, 44.88053620397683], [-1.120581625226778, 44.88025086771128], [-1.120454077088762, 44.879955218982595], [-1.120367902744994, 44.879652105192136], [-1.120323931454384, 44.879344445590085], [-1.120322585996612, 44.879035203157684], [-1.120363878626961, 44.87872735607018], [-1.120447410985274, 44.87842386901536], [-1.120572377958883, 44.87812766464363], [-1.120737575461276, 44.87784159542521], [-1.120941412050626, 44.87756841618459], [-1.121181924275449, 44.877310757576794], [-1.121456795598835, 44.87707110076098], [-1.121763378718438, 44.87685175351445], [-1.122098721066872, 44.87665482801707], [-1.122459593246711, 44.876482220519556], [-1.122842520126252, 44.87633559309118], [-1.123243814296755, 44.87621635762212], [-1.12365961156936, 44.87612566223439], [-1.124085908170379, 44.87606438023164], [-1.124518599277484, 44.87603310169442], [-1.124953518526541, 44.87603212780101], [-1.125386478109533, 44.87606146792892], [-1.125447750504193, 44.876069990948274]]]}}, {"type": "Feature", "properties": {"nb_detections_cluster": 1, "frp_max": 11.54, "frp_moyen": 11.54, "derniere_detection": "2026-07-24T13:55:00", "fetch_timestamp": "2026-07-25T11:53:00"}, "geometry": {"type": "Polygon", "coordinates": [[[-1.087461290006593, 44.78463313066736], [-1.0874601275247, 44.78432389749706], [-1.087501530500038, 44.78401607224703], [-1.087585099512198, 44.78371261939445], [-1.087710029097926, 44.78341646126027], [-1.087875115533067, 44.78313044986921], [-1.088078768447525, 44.782857339488686], [-1.088319026160513, 44.78259976011054], [-1.088593574587662, 44.78236019213083], [-1.088899769537341, 44.78214094247133], [-1.089234662181049, 44.781944122372096], [-1.089595027452387, 44.78177162706889], [-1.089977395101108, 44.78162511755061], [-1.090378083103356, 44.78150600457205], [-1.090793233106756, 44.781415435075715], [-1.091218847569546, 44.78135428115309], [-1.091650828236813, 44.781323131651426], [-1.092085015584145, 44.78132228650655], [-1.092517228849786, 44.78135175385627], [-1.092943306270762, 44.78141124996207], [-1.09335914513655, 44.78150020193986], [-1.093760741275516, 44.78161775327342], [-1.09414422759484, 44.78176277205775], [-1.094505911303621, 44.7819338618931], [-1.0948423094614, 44.782129375324956], [-1.095150182510359, 44.782347429700934], [-1.095426565468633, 44.78258592529218], [-1.09566879648456, 44.782842565505184], [-1.095874542476853, 44.7831148789896], [-1.0960418216136, 44.783400243429675], [-1.096169022413205, 44.78369591079049], [-1.096254919282732, 44.78399903377599], [-1.096298684343315, 44.784306693244645], [-1.096299895427871, 44.7846159263185], [-1.096258540173143, 44.78492375491543], [-1.096175016165659, 44.78522721442961], [-1.096050127139174, 44.78552338228412], [-1.095885075259172, 44.785809406080645], [-1.095681449567813, 44.78608253107505], [-1.095441210699719, 44.78634012671392], [-1.095166672015057, 44.78657971197628], [-1.094860477331061, 44.786798979276206], [-1.094525575466022, 44.78699581669572], [-1.094165191840707, 44.787168328333436], [-1.093782797410701, 44.787314852572756], [-1.093382075229047, 44.787433978093176], [-1.092966884961615, 44.787524557470185], [-1.092541225697491, 44.787585718232584], [-1.09210919741328, 44.78761687127029], [-1.091674961463285, 44.78761771651161], [-1.091242700477036, 44.78758824581498], [-1.090816578051381, 44.78752874304758], [-1.090400698626349, 44.78743978134946], [-1.089999067932245, 44.78732221761044], [-1.089615554389821, 44.787177184212204], [-1.089253851836148, 44.78700607811614], [-1.088917443935883, 44.786810547401636], [-1.088609570621241, 44.786592475385255], [-1.088333196884298, 44.78635396247371], [-1.088090984222345, 44.78609730592619], [-1.087885265011338, 44.78582497772073], [-1.087718020053998, 44.78553960073881], [-1.087590859518426, 44.78524392349733], [-1.087505007450232, 44.78494079367206], [-1.087461290006593, 44.78463313066736]]]}}, {"type": "Feature", "properties": {"nb_detections_cluster": 26, "frp_max": 171.07, "frp_moyen": 36.6, "derniere_detection": "2026-07-25T03:30:00", "fetch_timestamp": "2026-07-25T11:53:00"}, "geometry": {"type": "Polygon", "coordinates": [[[-1.09543, 44.80187], [-1.09759, 44.80445], [-1.09323, 44.80713], [-1.08893, 44.81174], [-1.0872, 44.80996], [-1.08325, 44.8053], [-1.07718, 44.80769], [-1.07185, 44.80787], [-1.07676, 44.79757], [-1.07188, 44.79361], [-1.08105, 44.79138], [-1.08689, 44.79031], [-1.07976, 44.79638], [-1.08759, 44.79912], [-1.09543, 44.80187]]]}}, {"type": "Feature", "properties": {"nb_detections_cluster": 90, "frp_max": 212.72, "frp_moyen": 14.99, "derniere_detection": "2026-07-25T11:53:00", "fetch_timestamp": "2026-07-25T11:53:00"}, "geometry": {"type": "Polygon", "coordinates": [[[-1.09814, 44.93399], [-1.09254, 44.94159], [-1.08546, 44.94223], [-1.07461, 44.94463], [-1.06243, 44.948], [-1.05916, 44.94579], [-1.04815, 44.94909], [-1.04749, 44.94951], [-1.04253, 44.94863], [-1.03475, 44.94587], [-1.0314, 44.93699], [-1.04348, 44.93358], [-1.05355, 44.92796], [-1.06378, 44.92158], [-1.06002, 44.91755], [-1.06857, 44.92234], [-1.07521, 44.9269], [-1.08755, 44.92616], [-1.09384, 44.92395], [-1.10438, 44.92303], [-1.10325, 44.92836], [-1.09814, 44.93399]]]}}, {"type": "Feature", "properties": {"nb_detections_cluster": 1, "frp_max": 4.4, "frp_moyen": 4.4, "derniere_detection": "2026-07-25T03:30:00", "fetch_timestamp": "2026-07-25T11:53:00"}, "geometry": {"type": "Polygon", "coordinates": [[[-1.064642400808404, 44.76965222040352], [-1.06464136408265, 44.769342988605544], [-1.06468288090352, 44.76903517348102], [-1.064766550754655, 44.768731739409574], [-1.064891567202163, 44.768435608531085], [-1.065056725685897, 44.7681496326077], [-1.065260435142442, 44.76787656556517], [-1.065500733347025, 44.767619036977855], [-1.065775305825837, 44.76737952675264], [-1.066081508156087, 44.767160341255035], [-1.066416391438603, 44.76696359110725], [-1.066776730697464, 44.766791170871365], [-1.06715905593317, 44.76664474081341], [-1.067559685530459, 44.766525710923005], [-1.067974761699452, 44.766435227342605], [-1.068400287609371, 44.76637416133641], [-1.068832165857928, 44.766343100905104], [-1.069266237906774, 44.766342345126816], [-1.069698324104171, 44.76637190127892], [-1.070124263910441, 44.76643148476782], [-1.070539955939866, 44.76652052186799], [-1.070941397434392, 44.766638155243555], [-1.071324722789962, 44.76678325219954], [-1.071686240765297, 44.7669544155834], [-1.072022470015529, 44.76714999723236], [-1.072330172609039, 44.7673681138371], [-1.072606385205135, 44.76760666506948], [-1.072848447592508, 44.76786335380008], [-1.073054028313625, 44.76813570821127], [-1.073221147128093, 44.76842110559302], [-1.073348194098282, 44.76871679759309], [-1.073433945112798, 44.769019936678006], [-1.073477573697627, 44.769327603551034], [-1.073478659000306, 44.7696368352628], [-1.073437189869296, 44.76994465374415], [-1.073353564988261, 44.77024809448647], [-1.073228589062918, 44.77054423509357], [-1.07306346509617, 44.77083022342937], [-1.072859782824962, 44.77110330509118], [-1.072619503429352, 44.771360849942795], [-1.072344940660329, 44.7716003774523], [-1.072038738567543, 44.771819580589955], [-1.07170384604104, 44.772016348055686], [-1.071343488411982, 44.772188784621854], [-1.070961136385826, 44.77233522939489], [-1.070560472607379, 44.772454271819676], [-1.070145356180077, 44.77254476527207], [-1.069719785481804, 44.77260583810852], [-1.069287859636041, 44.7726369020658], [-1.068853739010269, 44.772637657930304], [-1.068421605123013, 44.772608098421365], [-1.067995620346643, 44.77254850826158], [-1.067579887795052, 44.7724594614328], [-1.06717841178354, 44.77234181564481], [-1.066795059242634, 44.772196704069565], [-1.066433522458326, 44.77202552442142], [-1.066097283498306, 44.77182992548816], [-1.065789580667332, 44.771611791243345], [-1.065513377315222, 44.77137322269304], [-1.065271333298045, 44.771116517632144], [-1.065065779367378, 44.77084414850589], [-1.064898694734071, 44.770558738589735], [-1.064771688022191, 44.77026303671768], [-1.064685981796028, 44.76995989080254], [-1.064642400808404, 44.76965222040352]]]}}, {"type": "Feature", "properties": {"nb_detections_cluster": 12, "frp_max": 171.07, "frp_moyen": 60.84, "derniere_detection": "2026-07-24T13:55:00", "fetch_timestamp": "2026-07-25T11:53:00"}, "geometry": {"type": "Polygon", "coordinates": [[[-1.07741, 44.81503], [-1.08037, 44.8196], [-1.07517, 44.81637], [-1.07746, 44.81425], [-1.07741, 44.81503]]]}}, {"type": "Feature", "properties": {"nb_detections_cluster": 2, "frp_max": 285.01, "frp_moyen": 244.59, "derniere_detection": "2026-07-24T11:53:00", "fetch_timestamp": "2026-07-25T11:53:00"}, "geometry": {"type": "Polygon", "coordinates": [[[-1.083396138454542, 44.912246265813714], [-1.083769202019574, 44.91227167187247], [-1.084196264349815, 44.912331204124094], [-1.084613059645436, 44.91242019268715], [-1.085015574526499, 44.91253778069312], [-1.085399933054413, 44.91268283588391], [-1.085762434040133, 44.912853961509235], [-1.0860995866735, 44.913049509769984], [-1.086408144131191, 44.91326759767839], [-1.08668513483997, 44.913506125182735], [-1.086927891094431, 44.91376279538219], [-1.087134074753577, 44.91403513663766], [-1.087301699768594, 44.914320526365984], [-1.087429151324478, 44.91461621628862], [-1.087515201410577, 44.91491935889228], [-1.087559020669395, 44.91522703484645], [-1.08756018640865, 44.91553628111437], [-1.087518686698518, 44.91584411948679], [-1.087434920513531, 44.91614758526367], [-1.087309693916773, 44.91644375580773], [-1.087144212322072, 44.91672977869465], [-1.086940068907761, 44.91700289918898], [-1.086699229292712, 44.91726048678056], [-1.08642401262149, 44.91750006052589], [-1.086117069240208, 44.917719312949856], [-1.085781355177653, 44.9179161322777], [-1.085420103677277, 44.91808862278226], [-1.085036794054152, 44.9182351230504], [-1.084635118177065, 44.91835422199249], [-1.084218944898905, 44.91844477243994], [-1.083792282778484, 44.91850590220023], [-1.083359241453536, 44.91853702246182], [-1.082923992037738, 44.91853783346875], [-1.08249072692412, 44.91850832740923], [-1.082063619383008, 44.918448788491], [-1.0816467833446, 44.918359790202416], [-1.081283744513051, 44.918253732503594], [-1.080910642295638, 44.918228318054354], [-1.08048353856314, 44.918168773068764], [-1.080066707111796, 44.918079768861354], [-1.079664162843066, 44.917962162731364], [-1.079279782978116, 44.91781708746887], [-1.078917269698854, 44.917645940438454], [-1.078580114478762, 44.91745037011385], [-1.078271564447625, 44.91723226019311], [-1.077994591114504, 44.91699371144809], [-1.07775186175033, 44.91673702148305], [-1.077545713705777, 44.91646466259792], [-1.077378131911516, 44.91617925796961], [-1.077250729777148, 44.915883556381324], [-1.077164733672204, 44.91558040574321], [-1.077120971137933, 44.915272725660074], [-1.07711986294254, 44.914963479310146], [-1.077161419055437, 44.914655644906134], [-1.07724523857825, 44.91435218701335], [-1.077370513632216, 44.91405602800115], [-1.077536037163515, 44.913770019902664], [-1.077740214590382, 44.91349691695354], [-1.077981079179016, 44.913239349073876], [-1.07825631099941, 44.912999796549016], [-1.078563259278006, 44.912780566151795], [-1.078898967931506, 44.9125837689367], [-1.079260204035688, 44.9124112999191], [-1.079643488955108, 44.91226481983469], [-1.080045131834045, 44.9121457391548], [-1.080461265126567, 44.91205520451092], [-1.080887881824104, 44.9119940876589], [-1.081320874022754, 44.911962977089026], [-1.081756072459736, 44.9119621723622], [-1.082189286639211, 44.911991681227114], [-1.082616345162029, 44.912051219545475], [-1.08303313587207, 44.91214021402678], [-1.083396138454542, 44.912246265813714]]]}}, {"type": "Feature", "properties": {"nb_detections_cluster": 1, "frp_max": 3.28, "frp_moyen": 3.28, "derniere_detection": "2026-07-25T02:11:00", "fetch_timestamp": "2026-07-25T11:53:00"}, "geometry": {"type": "Polygon", "coordinates": [[[-1.048033201851706, 44.758841557845344], [-1.048032256616521, 44.758532327065154], [-1.048073856331004, 44.75822451932954], [-1.048157599680807, 44.757921098946795], [-1.048282679524564, 44.75762498792491], [-1.048447890691975, 44.75733903783469], [-1.048651641612651, 44.75706600235305], [-1.04889196966289, 44.75680851075033], [-1.049166560081828, 44.756569042577205], [-1.049472768274243, 44.756349903794195], [-1.049807645284801, 44.75615320457358], [-1.050167966198225, 44.75598083898708], [-1.050550261191858, 44.755834466774395], [-1.050950848941784, 44.75571549736814], [-1.051365872061158, 44.75562507632841], [-1.051791334230038, 44.75556407431711], [-1.052223138659866, 44.755533078718756], [-1.052657127523004, 44.75553238798727], [-1.053089121968567, 44.755562008773616], [-1.053514962340178, 44.75562165586183], [-1.053930548209371, 44.75571075491406], [-1.054331877840086, 44.755828447997814], [-1.054715086705177, 44.755973601843195], [-1.05507648468484, 44.75614481874985], [-1.055412591589452, 44.75634045003958], [-1.055720170665309, 44.75655861192502], [-1.055996259760967, 44.75679720364193], [-1.056238199854255, 44.757053927671016], [-1.05644366066523, 44.75732631185458], [-1.056610663108199, 44.75761173319591], [-1.056737598366235, 44.757907443111854], [-1.056823243403852, 44.75821059389635], [-1.056866772767783, 44.7585182661399], [-1.056867766561323, 44.75882749684128], [-1.056826214514482, 44.75913530794095], [-1.056742516109771, 44.75943873500134], [-1.056617476761337, 44.759734855757856], [-1.05645230008327, 44.760020818265566], [-1.056248576320553, 44.760293868370375], [-1.056008267053223, 44.76055137624001], [-1.055733686320326, 44.76079086169861], [-1.055427478344856, 44.76101001812142], [-1.055092592073806, 44.76120673465825], [-1.054732252778334, 44.761379116571995], [-1.054349930987508, 44.76152550349542], [-1.053949309055043, 44.7616444854306], [-1.053534245681401, 44.76173491633603], [-1.05310873873347, 44.761795925170595], [-1.052676886720646, 44.76182692428758], [-1.052242849299153, 44.761827615097886], [-1.051810807185946, 44.76179799094749], [-1.051384921869244, 44.761738337181605], [-1.050969295504727, 44.761649228394774], [-1.050567931384668, 44.761531522893506], [-1.050184695361618, 44.76138635442494], [-1.049823278599048, 44.761215121251404], [-1.049487162008396, 44.76101947267619], [-1.049179582715595, 44.760801293150955], [-1.048903502880426, 44.76056268411781], [-1.048661581169185, 44.76030594376153], [-1.048456147155406, 44.760033544867206], [-1.048289178894976, 44.75974811099694], [-1.048162283891209, 44.75945239121531], [-1.048076683632642, 44.75914923360754], [-1.048033201851706, 44.758841557845344]]]}}, {"type": "Feature", "properties": {"nb_detections_cluster": 2, "frp_max": 6.9, "frp_moyen": 5.32, "derniere_detection": "2026-07-25T03:30:00", "fetch_timestamp": "2026-07-25T11:53:00"}, "geometry": {"type": "Polygon", "coordinates": [[[-1.041515864586076, 44.7704955206847], [-1.041257403207974, 44.770680406630795], [-1.040922409810308, 44.770877081010404], [-1.040561965142709, 44.77104941743074], [-1.040179540749356, 44.771195755962786], [-1.039778819972428, 44.77131468707468], [-1.039363662464659, 44.77140506521442], [-1.038938066999844, 44.77146601984913], [-1.038506132940159, 44.77149696385416], [-1.038072020732272, 44.771497599171255], [-1.037639911813613, 44.771467919680894], [-1.037213968315961, 44.77140821126139], [-1.036798292955439, 44.77131904903365], [-1.036396889496241, 44.77120129181896], [-1.036013624169768, 44.77105607386256], [-1.035652188421626, 44.770884793903406], [-1.035316063345956, 44.770689101695396], [-1.035008486150206, 44.770470882110445], [-1.034732418973716, 44.77023223697645], [-1.034490520360576, 44.76997546482586], [-1.034285119661548, 44.7697030387499], [-1.034118194611341, 44.76941758257241], [-1.033991352296783, 44.76912184557275], [-1.033905813698642, 44.76881867600188], [-1.033862401955211, 44.76851099364665], [-1.033861534459823, 44.76820176170689], [-1.033903218867477, 44.767893958256245], [-1.033987053047995, 44.76759054756165], [-1.034112228985134, 44.76729445153772], [-1.034277540583103, 44.767008521610755], [-1.034481395304314, 44.76673551126336], [-1.034721829525484, 44.76647804952383], [-1.034996527463405, 44.766238615655155], [-1.035302843487584, 44.7660195152875], [-1.035637827604463, 44.76582285822318], [-1.035998253867559, 44.765650538127886], [-1.036380651439966, 44.76550421430331], [-1.03678133801022, 44.7653852957161], [-1.037196455240129, 44.76529492743694], [-1.037622005903759, 44.765233979619765], [-1.037894330494569, 44.76521447039349], [-1.038152777812121, 44.765029592640545], [-1.038487746070919, 44.76483292703105], [-1.038848157261195, 44.764660597728025], [-1.039230540691143, 44.764514264121836], [-1.039631214185445, 44.76439533527331], [-1.040046319531785, 44.764304956351964], [-1.040471859618622, 44.7642439976142], [-1.040903736907282, 44.76421304602781], [-1.041337792868704, 44.76421239962293], [-1.041769848006031, 44.7642420646237], [-1.042195742078563, 44.76430175538847], [-1.042611374140791, 44.764390897158755], [-1.043012742011854, 44.76450863159078], [-1.043395980796349, 44.764653825016474], [-1.043757400086282, 44.76482507935433], [-1.044093519486702, 44.76502074556576], [-1.044401102123409, 44.76523893952704], [-1.044677185810467, 44.76547756016505], [-1.044919111577554, 44.76573430968194], [-1.045124549282427, 44.76600671567457], [-1.045291520061636, 44.7662921549361], [-1.045418415402895, 44.766587878710816], [-1.045504012654849, 44.766891039159056], [-1.045547486824158, 44.76719871677825], [-1.045548418545416, 44.76750794851529], [-1.045506798146209, 44.76781575630063], [-1.045423025767144, 44.76811917572851], [-1.045297907534659, 44.76841528460777], [-1.04513264782247, 44.76870123110784], [-1.04492883767521, 44.768974261228706], [-1.044688439504897, 44.76923174533047], [-1.044413768206857, 44.76947120346622], [-1.044107468876433, 44.76969032927428], [-1.043772491340616, 44.76988701219929], [-1.043412061749731, 44.77005935782782], [-1.043029651502704, 44.77020570614217], [-1.042628943805421, 44.77032464751625], [-1.042213798184601, 44.770415036299205], [-1.041788213299508, 44.77047600185567], [-1.041515864586076, 44.7704955206847]]]}}, {"type": "Feature", "properties": {"nb_detections_cluster": 3, "frp_max": 7.75, "frp_moyen": 5.3, "derniere_detection": "2026-07-25T03:30:00", "fetch_timestamp": "2026-07-25T11:53:00"}, "geometry": {"type": "Polygon", "coordinates": [[[-1.05692, 44.77293], [-1.05401, 44.77398], [-1.04905, 44.77016], [-1.05692, 44.77293]]]}}, {"type": "Feature", "properties": {"nb_detections_cluster": 74, "frp_max": 199.53, "frp_moyen": 57.07, "derniere_detection": "2026-07-24T13:55:00", "fetch_timestamp": "2026-07-25T11:53:00"}, "geometry": {"type": "Polygon", "coordinates": [[[-1.04622, 44.83152], [-1.04652, 44.8372], [-1.04127, 44.84048], [-1.03579, 44.83758], [-1.0301, 44.83209], [-1.02752, 44.82846], [-1.03486, 44.82053], [-1.04024, 44.82035], [-1.04531, 44.81448], [-1.05068, 44.81429], [-1.05606, 44.81411], [-1.06111, 44.80824], [-1.06143, 44.81392], [-1.05638, 44.81978], [-1.05132, 44.82565], [-1.04622, 44.83152]]]}}, {"type": "Feature", "properties": {"nb_detections_cluster": 7, "frp_max": 69.45, "frp_moyen": 39.6, "derniere_detection": "2026-07-24T12:14:00", "fetch_timestamp": "2026-07-25T11:53:00"}, "geometry": {"type": "Polygon", "coordinates": [[[-1.064992067833183, 44.82731340589511], [-1.064971601955953, 44.82746499698774], [-1.064887845757964, 44.8277684372523], [-1.064762697285423, 44.8280645740797], [-1.064597361201845, 44.82835055537028], [-1.064393429286064, 44.82862362678908], [-1.064152865121673, 44.82888115829852], [-1.063877985201723, 44.82912066949516], [-1.063571436630065, 44.82933985350629], [-1.063236171633665, 44.82953659921602], [-1.062875419131196, 44.829709011606234], [-1.062492653631643, 44.82985543001619], [-1.0620915617627, 44.82997444414467], [-1.061676006751668, 44.83006490764004], [-1.061249991201504, 44.830125949147316], [-1.060817618521233, 44.83015698070503], [-1.060383053383031, 44.830157703411615], [-1.059950481587752, 44.83012811030581], [-1.059524069726444, 44.83006848643384], [-1.059107925027329, 44.82997940610227], [-1.058706055776022, 44.82986172734357], [-1.058322332691079, 44.829716583647325], [-1.057960451627711, 44.82954537303724], [-1.05762389796962, 44.82934974459935], [-1.057315913052415, 44.82913158259136], [-1.057039462942419, 44.82889298828674], [-1.056797209871689, 44.828636259728455], [-1.056591486604423, 44.82836386958801], [-1.056424273981359, 44.828078441343266], [-1.056297181858062, 44.82778272400467], [-1.056211433620105, 44.827479565633965], [-1.056167854423531, 44.827171885910275], [-1.056166863272986, 44.82686264800827], [-1.056208469012876, 44.826554830059116], [-1.056292270269128, 44.82625139646955], [-1.056417459341072, 44.825955269374774], [-1.056582830004988, 44.8256693005004], [-1.056786789153137, 44.82539624370429], [-1.057027372155398, 44.82513872846204], [-1.057302261794793, 44.82489923455199], [-1.057608810593959, 44.82468006818252], [-1.057944066317186, 44.82448333979153], [-1.058304800402164, 44.82431094373161], [-1.058687539047683, 44.82416454003598], [-1.059088596658033, 44.82404553844032], [-1.05950411132245, 44.823955084814685], [-1.059930081988479, 44.82389405013476], [-1.060362406971966, 44.82386302209962], [-1.060796923433693, 44.82386229947549], [-1.061229447443416, 44.823891889220434], [-1.061655814246462, 44.823951506417444], [-1.062071918346173, 44.82404057701639], [-1.06247375301714, 44.824158243358866], [-1.062857448869718, 44.82430337243243], [-1.063118120886873, 44.824426694659], [-1.063138590657442, 44.824275104060575], [-1.063222351094245, 44.82397166546703], [-1.063347498569042, 44.82367553077779], [-1.063512827258692, 44.82338955179172], [-1.063716744459647, 44.823116482464], [-1.06395728594569, 44.82285895239101], [-1.064232134899577, 44.8226194414939], [-1.064538644235659, 44.82240025614467], [-1.064873862098151, 44.822203506963994], [-1.065234560289236, 44.8220310885047], [-1.065617265353242, 44.82188466101567], [-1.066018292017737, 44.82176563446175], [-1.066433778669855, 44.82167515495326], [-1.066859724526795, 44.82161409371519], [-1.06729202814323, 44.821583038702286], [-1.06772652688564, 44.821582288940554], [-1.068159036994368, 44.82161185164939], [-1.068585393848583, 44.821671442172075], [-1.069001492047433, 44.82176048671534], [-1.069403324922362, 44.821878127871706], [-1.069787023101063, 44.82202323287121], [-1.070148891752515, 44.82219440448394], [-1.070485446155154, 44.822389994467855], [-1.070793445246215, 44.8226081194334], [-1.071069922829551, 44.82284667897194], [-1.071312216141593, 44.82310337587408], [-1.071517991500333, 44.82337573824347], [-1.071685266790129, 44.82366114329354], [-1.071812430565419, 44.82395684259812], [-1.071898257588759, 44.82425998855345], [-1.071941920652851, 44.8245676617966], [-1.07194299857182, 44.824876899316855], [-1.071901480263863, 44.82518472298908], [-1.071817764884899, 44.82548816825474], [-1.071692658010926, 44.825784312673974], [-1.071527363904819, 44.82607030407402], [-1.071323473941102, 44.826343388022636], [-1.071082951299277, 44.82660093436157], [-1.070808112072418, 44.82684046254458], [-1.07050160297237, 44.82705966553538], [-1.070166375845844, 44.827256432035334], [-1.069805659246672, 44.82742886682604], [-1.069422927337935, 44.827575309031054], [-1.069021866423697, 44.827694348119934], [-1.068606339433021, 44.82778483750068], [-1.068180348698894, 44.82784590556894], [-1.067747997391251, 44.827876964107425], [-1.067313449976357, 44.82787771395472], [-1.066880892084325, 44.827848147888105], [-1.066454490172272, 44.82778855069333], [-1.066038351372597, 44.82769949642004], [-1.065636483914124, 44.82758184284972], [-1.065252758498187, 44.82743672322929], [-1.064992067833183, 44.82731340589511]]]}}, {"type": "Feature", "properties": {"nb_detections_cluster": 2, "frp_max": 54.35, "frp_moyen": 38.16, "derniere_detection": "2026-07-24T12:14:00", "fetch_timestamp": "2026-07-25T11:53:00"}, "geometry": {"type": "Polygon", "coordinates": [[[-1.05102701946966, 44.83759168159675], [-1.05102605643116, 44.83728244258999], [-1.051067698052836, 44.836974625514245], [-1.051151542614814, 44.83667119476778], [-1.051276781999164, 44.836375072458374], [-1.051442209497458, 44.83608911026557], [-1.051646231454493, 44.835816061982804], [-1.051886882635196, 44.8355585570037], [-1.052161845165976, 44.83531907500771], [-1.052468470867523, 44.835099922088475], [-1.052803806763605, 44.83490320855437], [-1.053164623519945, 44.834730828614916], [-1.053547446539341, 44.83458444214804], [-1.053948589413739, 44.834465458723585], [-1.054364189411485, 44.834375024036554], [-1.05479024465858, 44.834314008880334], [-1.055222652656584, 44.83428300076599], [-1.055657249767082, 44.834282298267894], [-1.05608985128339, 44.83431190815037], [-1.056516291704649, 44.83437154530243], [-1.056932464825419, 44.83446063548188], [-1.057334363255751, 44.834578320841764], [-1.05771811699208, 44.83472346818649], [-1.058080030668334, 44.83489467987833], [-1.058416619129257, 44.83509030728939], [-1.058724640983941, 44.835308466669616], [-1.059001129816801, 44.83554705727898], [-1.059243422755656, 44.83580378160882], [-1.059449186121774, 44.836076167498675], [-1.059616437914657, 44.83636159193536], [-1.059743566914653, 44.836657306305995], [-1.059829348218843, 44.836960462861605], [-1.059872955059851, 44.837268142137155], [-1.059873966792913, 44.837577381063745], [-1.059832372973309, 44.837885201502644], [-1.05974857348391, 44.838188638926326], [-1.059623374710528, 44.83848477097042], [-1.059457981800938, 44.83877074558128], [-1.059253987081116, 44.839043808488256], [-1.059013354739426, 44.839301329735726], [-1.058738401925486, 44.83954082901902], [-1.058431776445191, 44.83975999958021], [-1.058096431266274, 44.839956730432895], [-1.057735596079743, 44.84012912670206], [-1.057352746191063, 44.84027552788221], [-1.05695156904086, 44.84039452383807], [-1.056535928677988, 44.840484968393085], [-1.056109828527653, 44.84054599037464], [-1.055677372813904, 44.84057700200939], [-1.055242727008846, 44.84057770458763], [-1.054810077690463, 44.84054809134202], [-1.054383592196626, 44.840488447512726], [-1.053967378464887, 44.84039934759858], [-1.053565445445851, 44.84028164982066], [-1.053181664472309, 44.84013648785174], [-1.052819731957042, 44.83996525989153], [-1.05248313377928, 44.83976961519316], [-1.052175111703344, 44.839551438170986], [-1.05189863215332, 44.83931283024304], [-1.051656357644656, 44.83905608958349], [-1.051450621147821, 44.83878368898036], [-1.051283403630745, 44.83849825201226], [-1.051156314995875, 44.83820252777365], [-1.051070578594924, 44.837899364392705], [-1.05102701946966, 44.83759168159675]]]}}, {"type": "Feature", "properties": {"nb_detections_cluster": 1, "frp_max": 9.96, "frp_moyen": 9.96, "derniere_detection": "2026-07-24T12:14:00", "fetch_timestamp": "2026-07-25T11:53:00"}, "geometry": {"type": "Polygon", "coordinates": [[[-1.06123689850402, 44.8395020886081], [-1.061235879234279, 44.839192849499355], [-1.061277466332116, 44.83888502840288], [-1.061361258602669, 44.838581589755684], [-1.061486448431491, 44.83828545574176], [-1.061651829587259, 44.8379994781534], [-1.061855808860915, 44.837726410932326], [-1.062096421428271, 44.83746888365461], [-1.062371349787418, 44.837229376214474], [-1.062677946087952, 44.83701019495062], [-1.063013257636606, 44.8368134504444], [-1.063374055333414, 44.83664103720358], [-1.063756864764579, 44.83649461542677], [-1.064157999652782, 44.83637559502386], [-1.064573597343185, 44.83628512204591], [-1.064999655983951, 44.83622406765502], [-1.065432073043929, 44.836193019740016], [-1.06586668479744, 44.836192277258554], [-1.066299306396833, 44.836221847359894], [-1.066725772147914, 44.83628144531621], [-1.067141975601417, 44.83637049726259], [-1.067543909075412, 44.83648814572029], [-1.067927702229006, 44.83663325784907], [-1.068289659316694, 44.83680443635031], [-1.068626294765332, 44.837000032915725], [-1.068934366731678, 44.83721816409233], [-1.069210908317728, 44.83745672941167], [-1.069453256143429, 44.83771343160869], [-1.069659076001604, 44.83798579873609], [-1.069826385347834, 44.83827120796143], [-1.069953572408293, 44.83856691081833], [-1.070039411720968, 44.838870059668814], [-1.070083075959857, 44.839177735122085], [-1.070084143927411, 44.839486974146105], [-1.070042604637296, 44.83979479860129], [-1.069958857447151, 44.84009824392148], [-1.069833708239008, 44.840394387666315], [-1.069668361683158, 44.84068037766955], [-1.069464409659006, 44.8409534595123], [-1.069223815943557, 44.84121100305666], [-1.068948897314249, 44.84145052778323], [-1.068642301247575, 44.841669726689055], [-1.068306980427817, 44.841866488514796], [-1.067946164311223, 44.8420389180871], [-1.067563328019452, 44.84218535457975], [-1.067162158862059, 44.84230438751732], [-1.066746520810828, 44.84239487036706], [-1.066320417268645, 44.842455931587516], [-1.065887952492193, 44.84248698302739], [-1.065453292040868, 44.84248772559358], [-1.065020622633752, 44.84245815213354], [-1.064594111802263, 44.84239854750424], [-1.064177867728082, 44.84230948582692], [-1.063775899654168, 44.842191824954384], [-1.06339207925107, 44.842046698203895], [-1.063030103311476, 44.84187550343603], [-1.062693458132999, 44.84167988958416], [-1.062385385932791, 44.84146174076559], [-1.062108853617846, 44.841223158126716], [-1.061866524211933, 44.84096643959822], [-1.061660731214364, 44.840694057755], [-1.061493456137324, 44.840408635995], [-1.061366309437691, 44.84011292326629], [-1.061280515026434, 44.839809767586246], [-1.06123689850402, 44.8395020886081]]]}}, {"type": "Feature", "properties": {"nb_detections_cluster": 4, "frp_max": 127.22, "frp_moyen": 64.47, "derniere_detection": "2026-07-24T12:14:00", "fetch_timestamp": "2026-07-25T11:53:00"}, "geometry": {"type": "Polygon", "coordinates": [[[-1.046596552444367, 44.843361505336155], [-1.046595613695368, 44.843052265709034], [-1.046637283869863, 44.84274444971628], [-1.046721160972873, 44.84244102174574], [-1.046846436572978, 44.842144903878406], [-1.047011903612896, 44.84185894775103], [-1.047215968056567, 44.8415859070986], [-1.047456664259735, 44.84132841124123], [-1.047731673915234, 44.84108893977054], [-1.048038348389968, 44.84086979867877], [-1.048373734238068, 44.84067309816043], [-1.048734601644296, 44.84050073229964], [-1.049117475523795, 44.84035436083879], [-1.049518668978842, 44.8402353932032], [-1.049934318790823, 44.84014497493586], [-1.050360422606163, 44.84008397667204], [-1.050792877458847, 44.84005298576012], [-1.051227519259377, 44.84005230060886], [-1.051660162870831, 44.84008192781551], [-1.052086642387071, 44.840141582102355], [-1.052502851226257, 44.84023068906215], [-1.05290478165453, 44.84034839068634], [-1.05328856336021, 44.84049355362276], [-1.053650500707886, 44.84066478008356], [-1.053987108314312, 44.84086042129856], [-1.054295144604154, 44.84107859338485], [-1.054571643022725, 44.841317195479974], [-1.054813940605428, 44.84157392996471], [-1.05501970362868, 44.84184632458073], [-1.055186950095137, 44.84213175623084], [-1.055314068836292, 44.84242747623264], [-1.055399835047856, 44.84273063678296], [-1.055443422107642, 44.84303831837823], [-1.055444409561231, 44.843347557927174], [-1.055402787197588, 44.84365537728504], [-1.055318955174345, 44.843958811934705], [-1.055193720190536, 44.84425493953846], [-1.055028287742582, 44.84454090808541], [-1.054824250537188, 44.84481396336329], [-1.054583573171864, 44.84507147548992], [-1.054308573229845, 44.84531096424848], [-1.054001898970944, 44.84553012298234], [-1.053666503832736, 44.84572684081906], [-1.053305617987473, 44.84589922300894], [-1.052922717228612, 44.846045609182106], [-1.052521489486837, 44.84616458934782], [-1.052105799298381, 44.846255017481596], [-1.051679650568464, 44.846316022569], [-1.051247147989143, 44.846347016999395], [-1.050812457484024, 44.84634770222884], [-1.050379766061719, 44.84631807165705], [-1.049953241465709, 44.8462584106911], [-1.049536992010226, 44.84616929399488], [-1.049135026989992, 44.84605157995112], [-1.048751218046031, 44.84590640238927], [-1.048389261860514, 44.84573515965921], [-1.048052644540607, 44.84553950115634], [-1.047744608034933, 44.845321311427945], [-1.04746811890647, 44.84508269201446], [-1.047225839762802, 44.84482594120062], [-1.047020103618912, 44.84455353187228], [-1.046852891439183, 44.84426808769203], [-1.046725813074504, 44.843972357823795], [-1.046640091777517, 44.843669190449916], [-1.046596552444367, 44.843361505336155]]]}}, {"type": "Feature", "properties": {"nb_detections_cluster": 16, "frp_max": 194.2, "frp_moyen": 51.74, "derniere_detection": "2026-07-24T13:55:00", "fetch_timestamp": "2026-07-25T11:53:00"}, "geometry": {"type": "Polygon", "coordinates": [[[-1.05817, 44.90252], [-1.06677, 44.90563], [-1.05998, 44.90788], [-1.05494, 44.91048], [-1.04611, 44.911], [-1.05321, 44.91012], [-1.05104, 44.90459], [-1.05324, 44.90166], [-1.05817, 44.90252]]]}}, {"type": "Feature", "properties": {"nb_detections_cluster": 33, "frp_max": 10.73, "frp_moyen": 4.09, "derniere_detection": "2026-07-25T03:30:00", "fetch_timestamp": "2026-07-25T11:53:00"}, "geometry": {"type": "Polygon", "coordinates": [[[-0.99233, 44.80615], [-0.99699, 44.81503], [-0.9922, 44.81425], [-0.98002, 44.80952], [-0.97893, 44.79958], [-0.98082, 44.79431], [-0.97979, 44.78442], [-0.97623, 44.77721], [-0.96666, 44.77567], [-0.97248, 44.77318], [-0.98412, 44.77821], [-0.98768, 44.78719], [-0.99122, 44.79332], [-0.99125, 44.79617], [-0.99233, 44.80615]]]}}, {"type": "Feature", "properties": {"nb_detections_cluster": 1, "frp_max": 3.86, "frp_moyen": 3.86, "derniere_detection": "2026-07-25T02:11:00", "fetch_timestamp": "2026-07-25T11:53:00"}, "geometry": {"type": "Polygon", "coordinates": [[[-0.99281618868444, 44.8460293620477], [-0.99281554595013, 44.845720121769155], [-0.992857512786854, 44.8454123257721], [-0.992941684342733, 44.84510893825145], [-0.993067249350902, 44.84481288089835], [-0.993232997967396, 44.84452700476644], [-0.993437333445045, 44.84425406282009], [-0.99367828753014, 44.84399668342863], [-0.993953539432829, 44.8437573450619], [-0.994260438187965, 44.84353835243022], [-0.99459602819069, 44.84334181429831], [-0.994957077660598, 44.843169623186554], [-0.995340109760367, 44.843023437154464], [-0.99574143606936, 44.842904663841836], [-0.99615719209023, 44.84281444692041], [-0.996583374447143, 44.8427536550867], [-0.997015879418115, 44.84272287370139], [-0.997450542431238, 44.84272239915568], [-0.997883178145371, 44.84275223601899], [-0.998309620730313, 44.84281209699475], [-0.998725763959592, 44.84290140568554], [-0.999127600730737, 44.84301930214032], [-0.999511261633414, 44.84316465113087], [-0.999873052194851, 44.84333605307771], [-1.000209488444582, 44.84353185752075], [-1.000517330456607, 44.84375017900519], [-1.000793613546288, 44.843988915229815], [-1.001035676821812, 44.84424576728354], [-1.00124118881519, 44.8445182617757], [-1.001408169945804, 44.84480377464705], [-1.001535011599747, 44.84509955643273], [-1.001620491640645, 44.84540275873425], [-1.00166378620186, 44.84571046164565], [-1.001664477645638, 44.84601970187006], [-1.001622558611609, 44.846327501255836], [-1.001538432114624, 44.846630895477865], [-1.001412907689956, 44.84692696258745], [-1.001247193621973, 44.847212851156044], [-1.001042885330162, 44.84748580774132], [-1.000801950023497, 44.84774320341139], [-1.000526707770184, 44.84798255907083], [-1.000219809164553, 44.84820156934479], [-0.999884209805713, 44.84839812479052], [-0.999523141833621, 44.848570332222344], [-0.999140082796629, 44.84871653295353], [-0.998738722150556, 44.84883531877943], [-0.998322925712303, 44.84892554554739], [-0.997896698410922, 44.848986344182514], [-0.997464145695587, 44.84901712906278], [-0.997029433972995, 44.84901760366263], [-0.996596750456167, 44.848987763410605], [-0.996170262812331, 44.84892789573348], [-0.995754078999549, 44.84883857728618], [-0.995352207679895, 44.848720668394705], [-0.99496851959138, 44.84857530476525], [-0.994606710251515, 44.848403886539806], [-0.994270264352406, 44.848208064804034], [-0.993962422190878, 44.84798972567733], [-0.993686148457311, 44.847750972138876], [-0.993444103683971, 44.84749410376509], [-0.993238618627816, 44.847221594573824], [-0.993071671834283, 44.84693606918922], [-0.992944870597722, 44.846640277557], [-0.992859435501292, 44.84633706845405], [-0.99281618868444, 44.8460293620477]]]}}, {"type": "Feature", "properties": {"nb_detections_cluster": 8, "frp_max": 24.11, "frp_moyen": 18.0, "derniere_detection": "2026-07-24T13:55:00", "fetch_timestamp": "2026-07-25T11:53:00"}, "geometry": {"type": "Polygon", "coordinates": [[[-1.040085355281906, 44.847219076256955], [-1.040233685115672, 44.84725084625393], [-1.040635640061918, 44.847368592578704], [-1.041019438020037, 44.8475137982716], [-1.041381383198013, 44.847685065133], [-1.041717990137061, 44.84788074400372], [-1.04202601726809, 44.84809895063815], [-1.042302498124406, 44.84833758384121], [-1.042544769910295, 44.84859434569401], [-1.042750499150345, 44.84886676367467], [-1.042917704172283, 44.84915221446091], [-1.043044774206458, 44.84944794918603], [-1.043130484917389, 44.849751119904944], [-1.043174010217143, 44.8500588070161], [-1.043174930245871, 44.85036804737504], [-1.043133235441697, 44.85067586282913], [-1.043049326659767, 44.85097928889877], [-1.042924011338261, 44.851275403328756], [-1.042758495747272, 44.851561354235066], [-1.042554373394247, 44.851834387575224], [-1.042313609696794, 44.85209187367829], [-1.042038523069708, 44.85233133257804], [-1.041731762607809, 44.85255045790537], [-1.041396282579067, 44.85274713910955], [-1.041035313973523, 44.852919481793705], [-1.040652333381934, 44.85306582596844], [-1.040251029504091, 44.85318476204753], [-1.039835267609738, 44.85327514443112], [-1.03940905229493, 44.85333610254542], [-1.038976488893218, 44.853367049232276], [-1.038541743914179, 44.85336768640761], [-1.038109004891211, 44.85333800793397], [-1.037682440026348, 44.853278299679864], [-1.037266158021713, 44.85318913676467], [-1.036864168485519, 44.85307137801629], [-1.036480343294865, 44.85292615769474], [-1.0361183792883, 44.85275487456178], [-1.03578176264818, 44.85255917840193], [-1.035473735316405, 44.852340954125154], [-1.035197263767381, 44.852102303604596], [-1.03505440613672, 44.8519508809637], [-1.034906066820943, 44.85191910399717], [-1.034504091322322, 44.851801336750675], [-1.034120280912377, 44.85165610832851], [-1.033758332287258, 44.85148481757046], [-1.033421731481138, 44.85128911433445], [-1.033113720283379, 44.851070883598624], [-1.032837265012966, 44.85083222729833], [-1.032595027951132, 44.85057544407354], [-1.032389341707294, 44.850303007122186], [-1.032222186764974, 44.85001754037285], [-1.032095172423548, 44.84972179320674], [-1.032009521318813, 44.8494186139727], [-1.031966057670693, 44.849110922550665], [-1.03196519937042, 44.84880168222779], [-1.032006953982427, 44.84849387115838], [-1.032090918698467, 44.84819045368281], [-1.032216284243322, 44.84789435178091], [-1.032381842693518, 44.84760841693559], [-1.032585999132745, 44.84733540267679], [-1.032826787030914, 44.84707793807044], [-1.033101887197969, 44.84683850240711], [-1.033408650129365, 44.84661940133418], [-1.033744121527608, 44.84642274466075], [-1.034105070753848, 44.84625042604874], [-1.034488021935549, 44.84610410478551], [-1.034889287430823, 44.845985189813014], [-1.035305003327554, 44.84589482616714], [-1.035731166636, 44.845833883957155], [-1.036163673817428, 44.84580294999174], [-1.036598360278577, 44.845802322131306], [-1.037031040452563, 44.84583200642148], [-1.037457548081224, 44.84589171703485], [-1.037873776312015, 44.84598087902182], [-1.038275717224301, 44.846098633843994], [-1.038659500405358, 44.846243847636934], [-1.039021430205425, 44.84641512212306], [-1.039358021313766, 44.84661080806975], [-1.039666032313701, 44.84682902116328], [-1.039942496893842, 44.847067660146315], [-1.040085355281906, 44.847219076256955]]]}}, {"type": "Feature", "properties": {"nb_detections_cluster": 2, "frp_max": 9.25, "frp_moyen": 8.77, "derniere_detection": "2026-07-24T12:14:00", "fetch_timestamp": "2026-07-25T11:53:00"}, "geometry": {"type": "Polygon", "coordinates": [[[-1.011553328215724, 44.885398486541526], [-1.011587963159898, 44.885479157560134], [-1.011673558987884, 44.885782356022624], [-1.011716939798338, 44.8860900589727], [-1.011717687121926, 44.88639930311319], [-1.011675793059115, 44.886707110254804], [-1.011591660383245, 44.887010515997815], [-1.011466098688095, 44.88730659828263], [-1.011300316616024, 44.88759250553454], [-1.011095910240598, 44.887865484131396], [-1.010854847714674, 44.88812290492931], [-1.010579450331099, 44.888362288590876], [-1.010272370177811, 44.888581329471585], [-1.009936564602143, 44.8887779178339], [-1.009575267730054, 44.8889501601751], [-1.009191959314543, 44.88909639747224], [-1.008790331213489, 44.88921522116843], [-1.008374251820117, 44.88930548674631], [-1.007947728789228, 44.88936632475713], [-1.007514870418896, 44.88939714919958], [-1.007079846060399, 44.88939766316704], [-1.00664684593862, 44.88936786170888], [-1.006220040770891, 44.88930803187815], [-1.005803541574203, 44.889218749965295], [-1.005401360048891, 44.88910087594441], [-1.005017369921259, 44.88895554518581], [-1.004655269618331, 44.888784157514934], [-1.0043185466349, 44.888588363723144], [-1.00401044393664, 44.888370049660736], [-1.003733928723224, 44.88813131806553], [-1.003491663852483, 44.88787446830262], [-1.003285982200813, 44.887601974210696], [-1.003118864206565, 44.88731646026854], [-1.002991918812261, 44.88702067631171], [-1.00290636798864, 44.88671747104322], [-1.002863034988801, 44.886409764593566], [-1.002862336444744, 44.88610052039445], [-1.002904278381431, 44.885792716637354], [-1.002988456185759, 44.88548931759198], [-1.003076681438654, 44.88528135147731], [-1.003042058847992, 44.885200677810126], [-1.002956510527203, 44.88489747275296], [-1.002913178657409, 44.8845897664982], [-1.00291247985977, 44.88428052247563], [-1.002954420161737, 44.88397271887508], [-1.003038594965993, 44.88366931996471], [-1.00316419297343, 44.88337324754544], [-1.003330004021381, 44.883087352816084], [-1.003534430760616, 44.88281438892007], [-1.003775504057839, 44.8825569844382], [-1.004050901974584, 44.88231761808197], [-1.004357972139143, 44.882098594831206], [-1.004693757295709, 44.88190202374551], [-1.005055023784444, 44.881729797662594], [-1.005438292678218, 44.881583574978734], [-1.005839873276321, 44.88146476368665], [-1.006255898633016, 44.88137450782381], [-1.006682362779317, 44.88131367646166], [-1.007115159280274, 44.8812828553415], [-1.007550120757293, 44.881282341237174], [-1.007983058995827, 44.88131213909895], [-1.00840980525318, 44.88137196200584], [-1.008826250379312, 44.88146123392698], [-1.009228384365215, 44.88157909526542], [-1.009612334939029, 44.881724411131046], [-1.009974404838977, 44.88189578226339], [-1.01031110740495, 44.88209155849914], [-1.01061920014654, 44.8823098546551], [-1.010895715964633, 44.88254856867404], [-1.011137991726101, 44.88280540185875], [-1.011343693916403, 44.88307788100029], [-1.011510841122836, 44.88336338218731], [-1.011637823131542, 44.88365915606756], [-1.011723416453753, 44.88396235431871], [-1.01176679613105, 44.8842700570739], [-1.011767543705056, 44.88457930103782], [-1.011725651273874, 44.88488710802287], [-1.011641521595173, 44.88519051363083], [-1.011553328215724, 44.885398486541526]]]}}, {"type": "Feature", "properties": {"nb_detections_cluster": 4, "frp_max": 4.45, "frp_moyen": 4.31, "derniere_detection": "2026-07-25T02:11:00", "fetch_timestamp": "2026-07-25T11:53:00"}, "geometry": {"type": "Polygon", "coordinates": [[[-0.98481, 44.88495], [-0.99335, 44.88974], [-0.98856, 44.88898], [-0.98002, 44.88418], [-0.98481, 44.88495]]]}}, {"type": "Feature", "properties": {"nb_detections_cluster": 42, "frp_max": 120.14, "frp_moyen": 30.23, "derniere_detection": "2026-07-25T03:30:00", "fetch_timestamp": "2026-07-25T11:53:00"}, "geometry": {"type": "Polygon", "coordinates": [[[-1.02213, 44.91697], [-1.02999, 44.91972], [-1.02435, 44.91907], [-1.01432, 44.91423], [-1.00876, 44.91352], [-1.00648, 44.91148], [-1.01027, 44.90881], [-1.00451, 44.90329], [-1.00357, 44.89788], [-1.00244, 44.89277], [-1.00963, 44.89742], [-1.01422, 44.90152], [-1.0208, 44.90274], [-1.0262, 44.90257], [-1.01869, 44.90807], [-1.02652, 44.91081], [-1.02213, 44.91697]]]}}, {"type": "Feature", "properties": {"nb_detections_cluster": 10, "frp_max": 12.89, "frp_moyen": 10.04, "derniere_detection": "2026-07-25T03:30:00", "fetch_timestamp": "2026-07-25T11:53:00"}, "geometry": {"type": "Polygon", "coordinates": [[[-1.00556, 44.92655], [-1.0079, 44.92865], [-1.0012, 44.93271], [-0.99573, 44.93203], [-0.99335, 44.92997], [-0.98789, 44.92925], [-0.98006, 44.92647], [-0.98549, 44.92723], [-0.99769, 44.9238], [-1.00005, 44.92585], [-1.00556, 44.92655]]]}}, {"type": "Feature", "properties": {"nb_detections_cluster": 3, "frp_max": 12.03, "frp_moyen": 11.52, "derniere_detection": "2026-07-25T03:30:00", "fetch_timestamp": "2026-07-25T11:53:00"}, "geometry": {"type": "Polygon", "coordinates": [[[-0.9992, 44.94098], [-0.99139, 44.93821], [-0.98353, 44.93542], [-0.9992, 44.94098]]]}}, {"type": "Feature", "properties": {"nb_detections_cluster": 1, "frp_max": 14.91, "frp_moyen": 14.91, "derniere_detection": "2026-07-25T03:30:00", "fetch_timestamp": "2026-07-25T11:53:00"}, "geometry": {"type": "Polygon", "coordinates": [[[-0.998187997197178, 44.950049581445725], [-0.998187323643992, 44.949740331245216], [-0.998229338846369, 44.94943252330753], [-0.998313637484062, 44.949129121942555], [-0.998439407063899, 44.948833048974834], [-0.99860543576955, 44.948547155608395], [-0.998810124154522, 44.94827419497353], [-0.999051500564882, 44.94801679561956], [-0.999327240142461, 44.94777743620857], [-0.999634687224929, 44.94755842165349], [-0.999970880926632, 44.94736186093015], [-1.000332583653618, 44.94718964677642], [-1.000716312278244, 44.94704343747372], [-1.001118371673321, 44.94692464088587], [-1.001534890283245, 44.94683440090872], [-1.001961857390143, 44.94677358646077], [-1.002395161716826, 44.94674278312042], [-1.002830630995686, 44.946742287490316], [-1.003264072123405, 44.94677210434284], [-1.003691311515785, 44.94683194657415], [-1.004108235275109, 44.94692123796734], [-1.004510828784195, 44.94703911873791], [-1.004895215346826, 44.9471844538087], [-1.00525769350326, 44.94735584373431], [-1.00559477266221, 44.947551638170474], [-1.005903206706717, 44.94776995175876], [-1.006180025250651, 44.94800868227401], [-1.006422562245076, 44.94826553086024], [-1.006628481658934, 44.94853802416021], [-1.006795799986561, 44.948823538126156], [-1.006922905364894, 44.9491193232828], [-1.00700857311564, 44.94942253119918], [-1.007051977562046, 44.949730241915375], [-1.00705270000557, 44.950039492059304], [-1.007010732784695, 44.950347303383914], [-1.00692647937576, 44.95065071144911], [-1.006800750533824, 44.9509467941729], [-1.006634756509681, 44.951232699976316], [-1.006430095417036, 44.95150567525112], [-1.006188737860992, 44.951763090885386], [-1.005913007975153, 44.9520024675914], [-1.005605561049408, 44.95222149979158], [-1.005269357963382, 44.95241807783201], [-1.004907636671662, 44.952590308309325], [-1.004523881015327, 44.95273653231482], [-1.00412178716038, 44.95285534141964], [-1.003705227986692, 44.95294559124691], [-1.003278215770985, 44.95300641249962], [-1.00284486352395, 44.95303721933783], [-1.002409345354751, 44.95303771502448], [-1.001975856245531, 44.95300789478506], [-1.001548571624391, 44.9529480458535], [-1.001131607127166, 44.95285874470426], [-1.000728978936571, 44.95274085149671], [-1.000344565081613, 44.95259550178598], [-0.999982068070866, 44.95242409558007], [-0.999644979220174, 44.95222828384889], [-0.999336545018947, 44.952009952615526], [-0.999059735859335, 44.95177120478316], [-0.998817217429641, 44.95151433987333], [-0.998611325047494, 44.951241831870576], [-0.998444041179738, 44.95095630538766], [-0.998316976365169, 44.950660510380914], [-0.998231353723232, 44.950357295659764], [-0.998187997197178, 44.950049581445725]]]}}, {"type": "Feature", "properties": {"nb_detections_cluster": 1, "frp_max": 3.02, "frp_moyen": 3.02, "derniere_detection": "2026-07-25T02:11:00", "fetch_timestamp": "2026-07-25T11:53:00"}, "geometry": {"type": "Polygon", "coordinates": [[[-0.979496588798975, 44.84046883088327], [-0.979496019445069, 44.84015959109186], [-0.979538055101047, 44.83985180069272], [-0.979622290252446, 44.8395484238267], [-0.97974791302016, 44.839252382082286], [-0.979913713004213, 44.83896652636276], [-0.980118092963003, 44.83869360943581], [-0.980359084214719, 44.838436259429756], [-0.980634365611843, 44.838196954531455], [-0.980941285905442, 44.83797799912887], [-0.981276889283468, 44.83778150162819], [-0.981637943836907, 44.837609354158495], [-0.982020972679647, 44.83746321435908], [-0.982422287422539, 44.8373444894245], [-0.982838023679692, 44.837254322560696], [-0.983264178265625, 44.83719358198213], [-0.983696647725767, 44.837162852555956], [-0.98413126783011, 44.83716243017309], [-0.984563853650609, 44.83719231890064], [-0.984990239837384, 44.837252230942674], [-0.985406320706893, 44.83734158941005], [-0.985808089756971, 44.837459533872426], [-0.986191678229216, 44.83760492863926], [-0.986553392348123, 44.83777637369031], [-0.98688974887914, 44.83797221815041], [-0.98719750866374, 44.838190576179336], [-0.987473707808946, 44.83842934512397], [-0.987715686231166, 44.8386862257581], [-0.987921113279434, 44.838958744415784], [-0.988088010191077, 44.83924427680494], [-0.988214769163192, 44.83954007327273], [-0.988300168855661, 44.839843285279194], [-0.98834338617568, 44.840150992824846], [-0.988344004229462, 44.84046023256805], [-0.988302016363559, 44.840768026361744], [-0.988217826255891, 44.84107140993459], [-0.988092244054558, 44.84136746144035], [-0.987926478600593, 44.841653329600675], [-0.987722125808626, 44.841926261169775], [-0.987481153316462, 44.84218362745657], [-0.987205881550699, 44.84242294964861], [-0.986898961390144, 44.84264192269333], [-0.986563348641732, 44.84283843750656], [-0.986202275574573, 44.843010601293905], [-0.985819219786255, 44.843156755788996], [-0.985417870701428, 44.84327549323253], [-0.985002094025723, 44.84336566993786], [-0.984575894497886, 44.8434264173123], [-0.984143377299578, 44.843457150227565], [-0.98370870849536, 44.843457572658615], [-0.983276074884785, 44.84342768053653], [-0.982849643654279, 44.84336776178767], [-0.982433522218389, 44.84327839355892], [-0.982031718638222, 44.843160436655765], [-0.981648102999156, 44.84301502724679], [-0.981286370120698, 44.84284356591498], [-0.980950003958318, 44.842647704161145], [-0.980642244040675, 44.84242932849008], [-0.980366054265857, 44.8421905422329], [-0.980124094357354, 44.84193364528112], [-0.979918694254666, 44.84166111192778], [-0.97975183168496, 44.84137556702966], [-0.979625113131395, 44.84107976072034], [-0.97953975838083, 44.840776541917975], [-0.979496588798975, 44.84046883088327]]]}}, {"type": "Feature", "properties": {"nb_detections_cluster": 2, "frp_max": 2.04, "frp_moyen": 2.03, "derniere_detection": "2026-07-25T02:11:00", "fetch_timestamp": "2026-07-25T11:53:00"}, "geometry": {"type": "Polygon", "coordinates": [[[-0.957996549350478, 44.85055976124663], [-0.958083220842627, 44.85053414838757], [-0.958499093772685, 44.85044407231821], [-0.958925374727089, 44.85038342494345], [-0.959357959034742, 44.85035279023301], [-0.959792681359998, 44.85035246316578], [-0.960225355790701, 44.850382446891075], [-0.960651816123847, 44.850442452698246], [-0.961067955961961, 44.85053190279531], [-0.961469768235017, 44.85064993586958], [-0.961853383768275, 44.85079541537725], [-0.962215108525446, 44.850966940482074], [-0.962551459169256, 44.85116285953801], [-0.962859196597513, 44.85138128598646], [-0.963135357132112, 44.85162011651539], [-0.963377281060816, 44.851877051305465], [-0.963582638256935, 44.85214961616914], [-0.963749450629968, 44.85243518636927], [-0.963876111190629, 44.85273101188878], [-0.963961399546037, 44.85303424390777], [-0.964004493675159, 44.8533419622339], [-0.964004977870192, 44.85365120342155], [-0.963962846766491, 44.85395898930959], [-0.963878505421195, 44.85426235570268], [-0.963752765438764, 44.85455838091988], [-0.963586837179714, 44.85484421393587], [-0.963382318126649, 44.85511710184319], [-0.963141177518736, 44.8553744163712], [-0.962865737401889, 44.85561367920582], [-0.962558650276589, 44.8558325858661], [-0.962222873558162, 44.85602902790717], [-0.961861641095331, 44.856201113235514], [-0.961478432021271, 44.8563471843404], [-0.961076937237404, 44.85646583426572], [-0.96066102385306, 44.856555920167786], [-0.96023469792408, 44.85661657432851], [-0.959802065849907, 44.85664721251746], [-0.959367294801826, 44.856647539622], [-0.958934572564387, 44.85661755249142], [-0.958508067177781, 44.856557539967234], [-0.958091886770858, 44.85646808009955], [-0.957690039972683, 44.85635003457654], [-0.957306397284776, 44.85620454042037], [-0.956944653786963, 44.856032999030255], [-0.956608293536714, 44.85583706267808], [-0.956373343970903, 44.85567028655033], [-0.956286663773125, 44.85569589811675], [-0.955870748407782, 44.85578596604978], [-0.955444423150917, 44.85584660179956], [-0.95501179439552, 44.85587722131296], [-0.954577029280913, 44.85587752965725], [-0.954144315534482, 44.8558475238624], [-0.953717821114607, 44.85578749294973], [-0.953301654044478, 44.85569801514644], [-0.952899822824652, 44.85557995231347], [-0.952516197806549, 44.85543444163973], [-0.952154473899744, 44.855262884683505], [-0.951818134972947, 44.855066933866595], [-0.951510420292077, 44.85484847655158], [-0.95123429331905, 44.85460961685586], [-0.950992413171974, 44.854352655378165], [-0.950787109021602, 44.85408006703288], [-0.95062035767043, 44.85379447720631], [-0.950493764529935, 44.853498636464586], [-0.950408548178631, 44.8531953940573], [-0.950365528648885, 44.852887670472306], [-0.950365119554444, 44.852578429305964], [-0.950407324133548, 44.852270648720236], [-0.950491735244704, 44.85196729276135], [-0.950617539314129, 44.85167128281621], [-0.950783524195843, 44.851385469481755], [-0.950988090867721, 44.85111260511728], [-0.95122926885006, 44.85085531734486], [-0.951504735197384, 44.850616083751866], [-0.951811836880032, 44.85039720803955], [-0.952147616339599, 44.850200797846625], [-0.952508839971878, 44.85002874446137], [-0.952892029263029, 44.84988270461709], [-0.953293494279301, 44.84976408454578], [-0.953709369188174, 44.84967402644366], [-0.954135649469422, 44.84961339747787], [-0.954568230458443, 44.84958278144086], [-0.955002946851551, 44.84958247313175], [-0.955435612793699, 44.849612475519216], [-0.955862062163597, 44.84967249971291], [-0.956278188669303, 44.84976196774378], [-0.956679985369128, 44.84988001812649], [-0.957063583238234, 44.85002551415058], [-0.95742528841037, 44.850197054820725], [-0.957761617736785, 44.85039298834099], [-0.957996549350478, 44.85055976124663]]]}}, {"type": "Feature", "properties": {"nb_detections_cluster": 8, "frp_max": 4.06, "frp_moyen": 3.42, "derniere_detection": "2026-07-25T01:49:00", "fetch_timestamp": "2026-07-25T11:53:00"}, "geometry": {"type": "Polygon", "coordinates": [[[-0.91357, 44.86699], [-0.91439, 44.86314], [-0.91787, 44.87923], [-0.90953, 44.88622], [-0.91034, 44.88238], [-0.91115, 44.87853], [-0.91195, 44.87468], [-0.91276, 44.87083], [-0.91357, 44.86699]]]}}, {"type": "Feature", "properties": {"nb_detections_cluster": 1, "frp_max": 6.48, "frp_moyen": 6.48, "derniere_detection": "2026-07-25T03:30:00", "fetch_timestamp": "2026-07-25T11:53:00"}, "geometry": {"type": "Polygon", "coordinates": [[[-0.946584180874971, 44.869857520641006], [-0.946583792481959, 44.86954827778045], [-0.946626030542376, 44.86924049695956], [-0.946710487591883, 44.86893714222679], [-0.946836349613919, 44.86864113495726], [-0.947002403904072, 44.868355325722014], [-0.947207050771524, 44.86808246684093], [-0.947448318964065, 44.86782518588324], [-0.947723884667341, 44.86758596037067], [-0.948031093894825, 44.86736709392662], [-0.948366988052461, 44.86717069410057], [-0.948728332431584, 44.86699865208092], [-0.949111647355723, 44.86685262449156], [-0.9495132416815, 44.86673401744645], [-0.949929248331422, 44.86664397301636], [-0.950355661516915, 44.86658335823683], [-0.950788375293852, 44.86655275676365], [-0.951223223080157, 44.86655246325575], [-0.951656017755817, 44.86658248053924], [-0.952082591960174, 44.86664251958038], [-0.952498838199428, 44.86673200226714], [-0.952900748379102, 44.86685006697307], [-0.953284452381744, 44.866995576849774], [-0.953646255319154, 44.86716713076853], [-0.953982673101154, 44.86736307680586], [-0.954290465978906, 44.86758152814336], [-0.954566669740144, 44.867820381229244], [-0.954808624256109, 44.868077336026985], [-0.955013999105241, 44.86834991815633], [-0.955180816026682, 44.86863550271385], [-0.955307467986948, 44.86893133954411], [-0.955392734675565, 44.86923457971831], [-0.955435794279728, 44.869542302965435], [-0.955436231423702, 44.86985154579251], [-0.955394041195566, 44.870159330022524], [-0.955309629221491, 44.870462691476014], [-0.955183807785814, 44.870758708519624], [-0.955017788033238, 44.871044530206646], [-0.954813168327319, 44.8713174037387], [-0.954571918876466, 44.871574700983565], [-0.954296362774798, 44.871813943793576], [-0.953989153639861, 44.87203282788058], [-0.953653250062151, 44.87222924501714], [-0.953291887112344, 44.872401303349555], [-0.952908545180572, 44.87254734562713], [-0.952506916448098, 44.872665965171386], [-0.952090869314648, 44.87275601943122], [-0.951664411124555, 44.87281664099338], [-0.951231649551447, 44.87284724594137], [-0.95079675301418, 44.87284753948278], [-0.950363910506237, 44.872817518790164], [-0.949937291226447, 44.872757473028294], [-0.949521004400834, 44.87266798056746], [-0.949119059683584, 44.87254990340976], [-0.948735328519409, 44.87240437888209], [-0.948373506840311, 44.87223280867615], [-0.948037079456703, 44.87203684534139], [-0.947729286486406, 44.87181837636093], [-0.947453092145241, 44.87157950596455], [-0.947211156199961, 44.871322534853995], [-0.947005808358462, 44.87104993803646], [-0.946839025843717, 44.8707643409798], [-0.946712414366979, 44.87046849431977], [-0.946627192682962, 44.870165247362955], [-0.946584180874971, 44.869857520641006]]]}}, {"type": "Feature", "properties": {"nb_detections_cluster": 6, "frp_max": 10.15, "frp_moyen": 7.39, "derniere_detection": "2026-07-25T03:30:00", "fetch_timestamp": "2026-07-25T11:53:00"}, "geometry": {"type": "Polygon", "coordinates": [[[-0.96007, 44.87978], [-0.96244, 44.88154], [-0.95459, 44.87873], [-0.94668, 44.8759], [-0.94425, 44.87422], [-0.95217, 44.877], [-0.96007, 44.87978]]]}}, {"type": "Feature", "properties": {"nb_detections_cluster": 7, "frp_max": 15.23, "frp_moyen": 8.03, "derniere_detection": "2026-07-25T03:30:00", "fetch_timestamp": "2026-07-25T11:53:00"}, "geometry": {"type": "Polygon", "coordinates": [[[-0.97147, 44.8915], [-0.97385, 44.89335], [-0.96356, 44.88873], [-0.95809, 44.88772], [-0.95021, 44.88491], [-0.94775, 44.88317], [-0.95566, 44.88595], [-0.97147, 44.8915]]]}}, {"type": "Feature", "properties": {"nb_detections_cluster": 1, "frp_max": 6.83, "frp_moyen": 6.83, "derniere_detection": "2026-07-25T03:30:00", "fetch_timestamp": "2026-07-25T11:53:00"}, "geometry": {"type": "Polygon", "coordinates": [[[-0.933552678646824, 44.88844700218459], [-0.93355236191752, 44.88813775747179], [-0.933594685417357, 44.88782997980922], [-0.933679240858756, 44.887526633214854], [-0.933805213277248, 44.88723063898532], [-0.933971388904983, 44.88694484756607], [-0.93417616688243, 44.8866720111053], [-0.934417574694651, 44.88641475695625], [-0.934693287182716, 44.886175562382455], [-0.935000648946615, 44.885956730709346], [-0.935336699923513, 44.88576036915149], [-0.935698203894809, 44.88558836852882], [-0.93608167964746, 44.88544238506647], [-0.936483434489675, 44.885323824453586], [-0.936899599798592, 44.88523382831377], [-0.937326168258177, 44.88517326321755], [-0.93775903242945, 44.885142712342336], [-0.938194024282457, 44.88514246985984], [-0.938626955310207, 44.88517253810487], [-0.939053656839309, 44.88523262755297], [-0.939470020150096, 44.885322159606766], [-0.93987203602089, 44.8854402721644], [-0.94025583331654, 44.88558582791676], [-0.940617716250451, 44.885757425293356], [-0.940954199961996, 44.8859534119522], [-0.941262044067268, 44.886171900683706], [-0.94153828386042, 44.88641078757601], [-0.941780258865368, 44.88666777226696], [-0.941985638462842, 44.886940380088404], [-0.942152444345803, 44.88722598588942], [-0.942279069586581, 44.88752183931002], [-0.942364294131512, 44.88782509126145], [-0.942407296573137, 44.888132821359264], [-0.942407662085727, 44.88844206604439], [-0.942365386446745, 44.88874984712189], [-0.942280876104503, 44.88905320044259], [-0.942154944290336, 44.8893492044513], [-0.941988803211694, 44.88963500832682], [-0.941784052400402, 44.88990785944224], [-0.941542663327419, 44.89016512988114], [-0.941266960431539, 44.89040434175402], [-0.940959598744148, 44.89062319107062], [-0.94062353832514, 44.89081956993833], [-0.940262015755974, 44.89099158687206], [-0.939878512964394, 44.89113758501979], [-0.939476723681286, 44.89125615812808], [-0.939060517853053, 44.891346164093115], [-0.938633904352867, 44.89140673596677], [-0.938200992350589, 44.891437290311174], [-0.937765951714298, 44.89143753282135], [-0.937332972825692, 44.89140746116137], [-0.936906226197433, 44.89134736498696], [-0.93648982228232, 44.891257823153985], [-0.936087771862434, 44.891139698140094], [-0.935703947400628, 44.89099412773308], [-0.935342045727479, 44.89082251406663], [-0.935005552423749, 44.89062651010871], [-0.93469770824197, 44.890408003733704], [-0.934421477890928, 44.89016909953153], [-0.934179521483851, 44.889912098529535], [-0.933974168925305, 44.88963947602271], [-0.933807397483238, 44.88935385772627], [-0.933680812761776, 44.88905799448051], [-0.933595633257446, 44.88875473575163], [-0.933552678646824, 44.88844700218459]]]}}, {"type": "Feature", "properties": {"nb_detections_cluster": 3, "frp_max": 7.09, "frp_moyen": 4.56, "derniere_detection": "2026-07-25T01:49:00", "fetch_timestamp": "2026-07-25T11:53:00"}, "geometry": {"type": "Polygon", "coordinates": [[[-0.92054, 44.89917], [-0.91462, 44.89462], [-0.92135, 44.89533], [-0.92054, 44.89917]]]}}, {"type": "Feature", "properties": {"nb_detections_cluster": 2, "frp_max": 11.41, "frp_moyen": 9.84, "derniere_detection": "2026-07-25T03:30:00", "fetch_timestamp": "2026-07-25T11:53:00"}, "geometry": {"type": "Polygon", "coordinates": [[[-0.95894342633188, 44.89998884232587], [-0.959151549507818, 44.90004993090801], [-0.959535496706921, 44.900195420698125], [-0.959897532786833, 44.90036695603341], [-0.960234171412511, 44.90056288516937], [-0.960542170708542, 44.90078132145034], [-0.960818564474854, 44.90102016146959], [-0.961060690752785, 44.90127710531642], [-0.961266217466398, 44.90154967871608], [-0.961433164891929, 44.901835256849274], [-0.961559924738562, 44.902131089622436], [-0.96164527565619, 44.90243432814587], [-0.961688395020114, 44.902742052164555], [-0.961688866878286, 44.90305129817806], [-0.961646685983637, 44.90335908797878], [-0.961562257871616, 44.90366245733363], [-0.961436394981166, 44.903958484533185], [-0.961270308855469, 44.90424431853293], [-0.961065598496622, 44.90451720641599], [-0.960824234985518, 44.90477451991187], [-0.960548542514316, 44.905013780716445], [-0.960241176013599, 44.90523268436829], [-0.959905095589272, 44.90542912245147], [-0.959543538015189, 44.90560120291057], [-0.959159985556036, 44.905747268281765], [-0.958758132420938, 44.90586591166415], [-0.958341849171245, 44.90595599027703], [-0.957915145425852, 44.90601663647253], [-0.957482131223936, 44.906047266096905], [-0.957046977418106, 44.90604758412005], [-0.95661387548031, 44.90601758747872], [-0.956186997108664, 44.90595756510602], [-0.955770454025202, 44.90586809514695], [-0.955368258352763, 44.90575003938688], [-0.954984283953564, 44.9056045349466], [-0.95462222910265, 44.905432983324374], [-0.954285580856424, 44.905237036890654], [-0.95397758146001, 44.905018582965816], [-0.953701197117339, 44.90477972563463], [-0.953459089424929, 44.904522765473104], [-0.953253589744482, 44.90425017738293], [-0.953096325255938, 44.903981095554], [-0.952888194092731, 44.90391999555473], [-0.952504238645885, 44.90377448262586], [-0.952142203183559, 44.903602923019015], [-0.951805574575382, 44.90340696918156], [-0.951497594877296, 44.90318850850517], [-0.951221230103482, 44.90294964513966], [-0.950979141661965, 44.90269267971908], [-0.950773660729029, 44.90242008719584], [-0.950606765809009, 44.902134492996474], [-0.950480063695175, 44.901838647729235], [-0.950394774014513, 44.90153540068735], [-0.950351717504472, 44.90122767240327], [-0.950351308133754, 44.90091842651862], [-0.950393549142053, 44.900610641240824], [-0.950478033035856, 44.90030728066126], [-0.950603945539325, 44.90001126621138], [-0.950770073461192, 44.8997254485314], [-0.950974816400925, 44.89945258002257], [-0.951216202180589, 44.89919528834676], [-0.951491905853043, 44.898956051128984], [-0.951799272102819, 44.898737172105356], [-0.95213534082358, 44.89854075894645], [-0.95249687562561, 44.898368702969115], [-0.952880394998799, 44.898222660931566], [-0.953282205831191, 44.89810403908695], [-0.953698438960724, 44.8980139796485], [-0.954125086418313, 44.897953349796275], [-0.954558040004365, 44.897922733331214], [-0.954993130828064, 44.89792242505657], [-0.955426169429601, 44.897952427940666], [-0.955852986099961, 44.89801245308839], [-0.956269471011014, 44.89810192252153], [-0.956671613770435, 44.89821997474123], [-0.957055542021505, 44.89836547301937], [-0.957417558716882, 44.898537016338885], [-0.957754177708145, 44.898732952878404], [-0.958062157308922, 44.89895139591097], [-0.958338531508771, 44.89919024196483], [-0.95858063853743, 44.89944719107117], [-0.958786146504321, 44.899719768904575], [-0.95894342633188, 44.89998884232587]]]}}, {"type": "Feature", "properties": {"nb_detections_cluster": 2, "frp_max": 14.35, "frp_moyen": 14.29, "derniere_detection": "2026-07-25T03:30:00", "fetch_timestamp": "2026-07-25T11:53:00"}, "geometry": {"type": "Polygon", "coordinates": [[[-0.964247671021432, 44.90993112894706], [-0.964269420944856, 44.909922845469495], [-0.964671291480136, 44.909804182007264], [-0.965087593116509, 44.90971407957482], [-0.96551431722526, 44.90965340576625], [-0.965947354868798, 44.90962274480573], [-0.966382536347034, 44.90962239192495], [-0.966815671327401, 44.90965235052178], [-0.967242589173026, 44.909712332127526], [-0.967659179081756, 44.90980175918322], [-0.968061429650439, 44.90991977059809], [-0.968445467484441, 44.910065230036906], [-0.968807594481411, 44.910236736856675], [-0.969144323430962, 44.91043263958747], [-0.96945241158802, 44.91065105182793], [-0.969728891896891, 44.91088987040283], [-0.969971101565567, 44.91114679560805], [-0.970176707715069, 44.91141935334836], [-0.970343729856614, 44.91170491895526], [-0.970470558979769, 44.912000742455966], [-0.97055597306714, 44.91230397505011], [-0.970599148885501, 44.912611696539734], [-0.970599669938905, 44.91292094344892], [-0.970557530506262, 44.91322873756144], [-0.970473135723443, 44.91353211460277], [-0.970347297708125, 44.913828152789485], [-0.970181227763633, 44.91411400097135], [-0.969976524735946, 44.91438690609487], [-0.969735159635083, 44.91464423972363], [-0.969459456668269, 44.91488352335957], [-0.969152070866966, 44.915102452321406], [-0.968815962522792, 44.91529891794947], [-0.968454368678377, 44.91547102792307], [-0.968070771947659, 44.915617124494084], [-0.967668866966124, 44.91573580046107], [-0.967252524794497, 44.915825912729545], [-0.966825755619236, 44.91588659332746], [-0.966392670109816, 44.91591725776964], [-0.965957439805783, 44.9159176106907], [-0.965524256916054, 44.915887648691175], [-0.96509729391863, 44.91582766037051], [-0.964680663350822, 44.91573822354574], [-0.964278378178291, 44.91562019968307], [-0.963894313125473, 44.91547472559607], [-0.963532167340726, 44.91530320249065], [-0.96319542875644, 44.91510728246261], [-0.962887340487945, 44.91488885257803], [-0.962702220636705, 44.91472893273654], [-0.962680468618819, 44.91473721591947], [-0.962278558539805, 44.91485587236028], [-0.961862214241461, 44.914945964410016], [-0.961435445930765, 44.91500662429138], [-0.96100236426888, 44.91503726771882], [-0.960567140758295, 44.915037599529306], [-0.960133967542483, 44.91500761652672], [-0.959707017006236, 44.91494760751283], [-0.959290401566804, 44.91485815050398], [-0.95888813404408, 44.91474010716079], [-0.95850408899244, 44.91459461448444], [-0.958141965367526, 44.91442307385994], [-0.957805250888222, 44.91422713755176], [-0.957497188437614, 44.91400869278281], [-0.957220744826944, 44.91376984354969], [-0.95697858222353, 44.91351289035036], [-0.956773032517872, 44.91324030801955], [-0.956606074876562, 44.91295472188566], [-0.956479316696797, 44.9126588824793], [-0.95639397814534, 44.912355639037294], [-0.956350880430083, 44.91204791205744], [-0.956350437916316, 44.911738665168876], [-0.956392654162643, 44.911430876588696], [-0.956477121913737, 44.91112751044015], [-0.956603027048934, 44.910831488208345], [-0.956769156447641, 44.91054566060848], [-0.956973909694835, 44.910272780137326], [-0.957215314513075, 44.91001547457202], [-0.957491045771665, 44.90977622167134], [-0.957798447889307, 44.90955732532241], [-0.958134560414136, 44.909360893362674], [-0.958496146534522, 44.909188817290044], [-0.958879724246135, 44.909042754056216], [-0.959281599875252, 44.90892411011848], [-0.959697903635895, 44.90883402790276], [-0.960124626878932, 44.908773374808476], [-0.960557660675122, 44.90874273486036], [-0.960992835361426, 44.90874240308775], [-0.961425960670665, 44.90877238268527], [-0.961852866059066, 44.90883238498202], [-0.962269440844387, 44.908921832219804], [-0.96267167376905, 44.90903986311349], [-0.963055691608264, 44.909185341140336], [-0.963417796452142, 44.9093568654783], [-0.963754501303548, 44.90955278448877], [-0.964062563649388, 44.90977121161362], [-0.964247671021432, 44.90993112894706]]]}}, {"type": "Feature", "properties": {"nb_detections_cluster": 2, "frp_max": 16.41, "frp_moyen": 14.68, "derniere_detection": "2026-07-25T03:30:00", "fetch_timestamp": "2026-07-25T11:53:00"}, "geometry": {"type": "Polygon", "coordinates": [[[-0.984330862786213, 44.90933799030952], [-0.984448418400679, 44.90929319125174], [-0.984850241739609, 44.909174454837355], [-0.985266506287843, 44.9090842768257], [-0.985693203773634, 44.909023525538615], [-0.986126225515631, 44.90899278594632], [-0.986561401966799, 44.90899235403762], [-0.986994542842966, 44.909022233971356], [-0.987421477450536, 44.90908213803626], [-0.98783809482605, 44.90917148942003], [-0.98824038330202, 44.90928942776053], [-0.988624469118989, 44.909434817426195], [-0.988986653712792, 44.90960625844591], [-0.989323449318677, 44.90980209998335], [-0.989631612549986, 44.910020456226526], [-0.989908175628374, 44.91025922453945], [-0.990150474965075, 44.91051610570209], [-0.990356176817895, 44.9107886260434], [-0.990523299776686, 44.911074161255165], [-0.990650233860354, 44.91136996165737], [-0.990735756040893, 44.911673178672196], [-0.990779042044231, 44.91198089225193], [-0.990779674313368, 44.912290138996866], [-0.990737646056161, 44.912597940692535], [-0.990653361337748, 44.91290133299149], [-0.990527631215705, 44.913197393963486], [-0.990361665954099, 44.91348327223896], [-0.990157063390512, 44.913756214474716], [-0.98991579356715, 44.91401359187698], [-0.989640179773341, 44.91425292552619], [-0.989332876181409, 44.914471910259415], [-0.988996842290894, 44.91466843687991], [-0.98863531442704, 44.91484061247951], [-0.988251774568014, 44.91498677867808], [-0.987849916801295, 44.91510552760359], [-0.987433611732634, 44.915195715458744], [-0.987006869190953, 44.915256473543465], [-0.986573799589081, 44.91528721662631], [-0.986138574313276, 44.915287648584275], [-0.985705385524015, 44.91525776525671], [-0.985278405756168, 44.915197854485235], [-0.984861747708678, 44.91510849333992], [-0.984459424612035, 44.914990542558016], [-0.984075311556146, 44.9148451382492], [-0.983713108151957, 44.914673680947345], [-0.983376302887088, 44.91447782211442], [-0.983068139519391, 44.91425944822718], [-0.982909036702637, 44.91412207390742], [-0.982791469741655, 44.914166871402664], [-0.98238960629188, 44.914285600553], [-0.981973298530988, 44.914375767930366], [-0.981546556313867, 44.91443650503191], [-0.981113490050235, 44.91446722682826], [-0.980678271094203, 44.9144676374015], [-0.980245091545365, 44.9144377327969], [-0.979818123849561, 44.914377801061086], [-0.979401480589418, 44.91428841946603], [-0.978999174852943, 44.91417044894597], [-0.978615081562775, 44.91402502580066], [-0.97825290013941, 44.91385355074542], [-0.977916118858685, 44.91365767541325], [-0.977607981247372, 44.91343928643972], [-0.977331454840908, 44.91320048728414], [-0.977089202604335, 44.91294357796223], [-0.976883557291703, 44.91267103288617], [-0.97671649899066, 44.91238547702566], [-0.976589636068074, 44.91208966061988], [-0.97650418969965, 44.9117864326842], [-0.976460982131769, 44.91147871356726], [-0.976460428787745, 44.911169466822564], [-0.976502534293554, 44.91086167066597], [-0.976586892460305, 44.910558289293796], [-0.976712690222568, 44.9102622443379], [-0.976878715493623, 44.90997638673241], [-0.977083368861012, 44.9097034692632], [-0.9773246790089, 44.90944612006376], [-0.977600321717996, 44.90920681731313], [-0.977907642259432, 44.90898786537856], [-0.978243680966609, 44.908791372632855], [-0.978605201738447, 44.90861923115922], [-0.978988723199621, 44.908473098539226], [-0.979390552217825, 44.908354381898256], [-0.979806819455707, 44.90826422436236], [-0.980233516615656, 44.9082034940562], [-0.980666535019476, 44.90817277574799], [-0.981101705152278, 44.90817236522159], [-0.981534836790723, 44.908202266429946], [-0.981961759330137, 44.908262191456956], [-0.982378361923229, 44.90835156328844], [-0.982780633044804, 44.90846952136538], [-0.983164699102453, 44.90861492986622], [-0.983526861722211, 44.90878638863837], [-0.983863633350854, 44.90898224667463], [-0.984171770832533, 44.90920061800408], [-0.984330862786213, 44.90933799030952]]]}}, {"type": "Feature", "properties": {"nb_detections_cluster": 1, "frp_max": 8.66, "frp_moyen": 8.66, "derniere_detection": "2026-07-25T03:30:00", "fetch_timestamp": "2026-07-25T11:53:00"}, "geometry": {"type": "Polygon", "coordinates": [[[-0.977550434184004, 44.9184587573381], [-0.977549874765988, 44.91814950994172], [-0.97759197953335, 44.917841712718065], [-0.977676342304138, 44.917538329873786], [-0.977802149968409, 44.91724228305491], [-0.977968190343929, 44.916956423213506], [-0.978172863872635, 44.91668350315695], [-0.978414199044418, 44.91642615104374], [-0.978689871398902, 44.9161868450809], [-0.978997225921668, 44.91596788966662], [-0.979333302618837, 44.915771393207216], [-0.979694865023481, 44.91559924782169], [-0.980078431359374, 44.91545311112924], [-0.980480308062127, 44.91533439029449], [-0.980896625335265, 44.91524422848388], [-0.981323374399446, 44.9151834938632], [-0.981756446076761, 44.91515277124222], [-0.982191670339439, 44.91515235644634], [-0.982624856443012, 44.915182253469595], [-0.983051833258454, 44.91524217443619], [-0.983468489415935, 44.915331542371064], [-0.983870812874561, 44.915449496752686], [-0.984254929538028, 44.91559490179508], [-0.984617140545122, 44.915766357379034], [-0.984953957876708, 44.91596221252798], [-0.985262137936848, 44.91618058129882], [-0.985538712785052, 44.916419360934974], [-0.985781018719095, 44.91667625210731], [-0.98598672193312, 44.9169487810484], [-0.986153841003716, 44.9172343233672], [-0.986280765987073, 44.91753012931522], [-0.986366273942653, 44.917833350261205], [-0.986409540733206, 44.91814106611955], [-0.986410148986595, 44.91845031346861], [-0.986368092141807, 44.91875811408806], [-0.98628377453916, 44.91906150364077], [-0.986158007552805, 44.91935756022291], [-0.985992001801751, 44.91964343250723], [-0.985787355513459, 44.919916367208145], [-0.985546039151206, 44.92017373560443], [-0.985270376452528, 44.92041305886328], [-0.984963022060776, 44.920632031921826], [-0.984626935964795, 44.92082854569569], [-0.984265354992705, 44.9210007074005], [-0.983881761634265, 44.921146858789925], [-0.98347985049233, 44.921265592134525], [-0.98306349268685, 44.92135576378712], [-0.982636698554803, 44.921416505203695], [-0.982203579006032, 44.92144723131334], [-0.98176830590798, 44.921447646156544], [-0.981335071881833, 44.9214177457375], [-0.980908049898251, 44.92135781806247], [-0.980491353062853, 44.92126844036433], [-0.980088994979762, 44.92115047353977], [-0.979704851075881, 44.921005053853015], [-0.979342621259257, 44.92083358198602], [-0.979005794271865, 44.92063770954105], [-0.978697614080711, 44.92041932312595], [-0.97842104863132, 44.92018052617532], [-0.978178761264724, 44.91992361868372], [-0.977973085073245, 44.91965107504565], [-0.977806000441831, 44.91936552021701], [-0.977679115990816, 44.919069704427], [-0.977593653103101, 44.91876647668511], [-0.977550434184004, 44.9184587573381]]]}}, {"type": "Feature", "properties": {"nb_detections_cluster": 1, "frp_max": 13.9, "frp_moyen": 13.9, "derniere_detection": "2026-07-25T03:30:00", "fetch_timestamp": "2026-07-25T11:53:00"}, "geometry": {"type": "Polygon", "coordinates": [[[-0.947649879316297, 44.924417565865014], [-0.947649484670691, 44.92410831778281], [-0.947691757964518, 44.923800531354324], [-0.947776291392778, 44.923497170682005], [-0.94790227020207, 44.9232011571982], [-0.948068480562108, 44.9229153415338], [-0.948273321278055, 44.92264247607058], [-0.948514819230058, 44.92238518844113], [-0.948790648390513, 44.922145956231425], [-0.949098152235366, 44.921927083129354], [-0.949434369333214, 44.92173067674846], [-0.949796061865549, 44.92155862834032], [-0.950179746803494, 44.921412594590244], [-0.950581729440977, 44.92129398167156], [-0.950998138961803, 44.92120393171152], [-0.951424965698654, 44.92114331179896], [-0.951858099725931, 44.92111270563908], [-0.952293370415653, 44.9211124079359], [-0.952726586576382, 44.92114242155598], [-0.953153576789672, 44.921202457500826], [-0.953570229556599, 44.92129193768824], [-0.95397253286875, 44.92141000051581], [-0.954356612823576, 44.92155550915329], [-0.954718770913025, 44.9217270624839], [-0.955055519627156, 44.921923008589836], [-0.955363616030361, 44.92214146065201], [-0.955640092987281, 44.92238031511174], [-0.955882287737887, 44.92263727191925], [-0.956087867546525, 44.92290985667499], [-0.956254852177726, 44.92319544445022], [-0.956381632981917, 44.92349128505858], [-0.956466988406664, 44.92379452953485], [-0.956510095783331, 44.92410225756666], [-0.956510539274773, 44.924411505614906], [-0.956468313906571, 44.92471929545234], [-0.956383825641971, 44.92502266284549], [-0.956257887498759, 44.92531868610378], [-0.956091711744448, 44.92560451422069], [-0.955886898243993, 44.925877394335856], [-0.955645419071372, 44.92613469825366], [-0.955369599532511, 44.92637394776216], [-0.955062095781707, 44.9265928385087], [-0.954725869246752, 44.92678926220164], [-0.954364158108816, 44.926961326924136], [-0.953980446111781, 44.927107375363924], [-0.953578429001577, 44.92722600078315], [-0.953161978919173, 44.92731606057416], [-0.952735107090646, 44.92737668727034], [-0.95230192517444, 44.927407296905805], [-0.951866605638881, 44.92740759464295], [-0.951433341552526, 44.927377577613925], [-0.951006306175576, 44.927317534948244], [-0.95058961274257, 44.92722804498636], [-0.950187274824692, 44.92710996970629], [-0.949803167654375, 44.92696444641685], [-0.949440990785541, 44.92679287679787], [-0.949104232449817, 44.92659691339317], [-0.948796135952563, 44.926378443686524], [-0.948519668432751, 44.92613957191473], [-0.948277492287747, 44.92588259879286], [-0.9480719395382, 44.92560999934742], [-0.94790498937972, 44.92532439907167], [-0.947778249137105, 44.92502854863232], [-0.947692938804035, 44.92472529737241], [-0.947649879316297, 44.924417565865014]]]}}, {"type": "Feature", "properties": {"nb_detections_cluster": 1, "frp_max": 10.86, "frp_moyen": 10.86, "derniere_detection": "2026-07-25T03:30:00", "fetch_timestamp": "2026-07-25T11:53:00"}, "geometry": {"type": "Polygon", "coordinates": [[[-0.963419481392185, 44.93001819468392], [-0.963418999765906, 44.92970894614284], [-0.963461190750315, 44.929401153204005], [-0.963545647332904, 44.92909778003269], [-0.963671555500105, 44.92880174818168], [-0.963837702101676, 44.92851590845882], [-0.964042486556517, 44.92824301347766], [-0.964283936286284, 44.92798569115514], [-0.964559725727468, 44.92774641941136], [-0.964867198738231, 44.92752750231496], [-0.965203394183837, 44.927331047903216], [-0.965565074454051, 44.92715894789019], [-0.965948756637881, 44.92701285945816], [-0.966350746055628, 44.926894189307], [-0.966767171825692, 44.926804080115105], [-0.967194024124229, 44.92674339954161], [-0.967627192779489, 44.926712731875845], [-0.968062506830087, 44.92671237241408], [-0.968495774667136, 44.926742324617514], [-0.968922824374709, 44.92680230007903], [-0.969339543881156, 44.92689172129885], [-0.969741920535602, 44.927009727242364], [-0.970126079729465, 44.92715518162705], [-0.970488322191895, 44.92732668385861], [-0.9708251596007, 44.927522582511244], [-0.9711333481664, 44.927740991222926], [-0.971409919866341, 44.92797980685239], [-0.971652211028316, 44.928236729723906], [-0.971857887988387, 44.928509285764726], [-0.972024969575613, 44.92879485032275], [-0.972151846206786, 44.929090673435276], [-0.972237295406644, 44.929393906305684], [-0.972280493603425, 44.929701628733405], [-0.972281024085253, 44.93001087723346], [-0.972238881039805, 44.930318673574334], [-0.972154469637324, 44.93062205346004], [-0.972028602155132, 44.93091809507976], [-0.971862490179964, 44.93120394725024], [-0.971657732962253, 44.93147685687955], [-0.971416302033633, 44.93173419548786], [-0.971140522235094, 44.9319734845292], [-0.970833049337915, 44.93219241927019], [-0.970496844472464, 44.93238889099549], [-0.970135145610979, 44.932561007325695], [-0.969751436378901, 44.93270711045148], [-0.969349412495381, 44.93282579310825], [-0.968932946166515, 44.93291591213707], [-0.968506048774804, 44.932976599500755], [-0.968072832224899, 44.933007270649014], [-0.967637469318754, 44.93300763015182], [-0.967204153542743, 44.93297767454633], [-0.966777058655063, 44.9329176923704], [-0.966360298463607, 44.93282826138189], [-0.965957887182755, 44.93271024299077], [-0.965573700751763, 44.932564773957914], [-0.965211439488188, 44.932393255440594], [-0.964874592436737, 44.93219733949041], [-0.964566403757454, 44.93197891313413], [-0.964289841477356, 44.931740080191084], [-0.964047568906653, 44.9314831410024], [-0.963841918994831, 44.93121057026785], [-0.963674871873378, 44.930924993204194], [-0.963548035801007, 44.93062916025476], [-0.963462631694322, 44.93032592059417], [-0.963419481392185, 44.93001819468392]]]}}, {"type": "Feature", "properties": {"nb_detections_cluster": 1, "frp_max": 10.04, "frp_moyen": 10.04, "derniere_detection": "2026-07-25T03:30:00", "fetch_timestamp": "2026-07-25T11:53:00"}, "geometry": {"type": "Polygon", "coordinates": [[[-0.982578389940735, 44.944518959020336], [-0.982577802535369, 44.94420970923569], [-0.982619899272231, 44.94390190770417], [-0.98270427404605, 44.94359851867392], [-0.982830113630648, 44.94330246385053], [-0.982996205535785, 44.943016594263234], [-0.983200949706615, 44.942743662813264], [-0.983442373952265, 44.942486297768816], [-0.983718152954199, 44.942246977461494], [-0.984025630670706, 44.94202800642764], [-0.984361845921391, 44.941831493223965], [-0.984723560905018, 44.9416593301307], [-0.985107292376109, 44.94151317493755], [-0.985509345180219, 44.94139443498733], [-0.985925847825319, 44.94130425363049], [-0.986352789747325, 44.94124349922105], [-0.986786059911571, 44.941212756759334], [-0.987221486379371, 44.94121232226176], [-0.987654876459564, 44.941242199912125], [-0.988082057059377, 44.94130210202109], [-0.988498914847064, 44.94139145179523], [-0.988901435840517, 44.941509388887944], [-0.989285744041586, 44.9416547776796], [-0.989648138744889, 44.94182621820758], [-0.989985130162528, 44.94202205964032], [-0.990293473022239, 44.94224041616676], [-0.990570197815774, 44.942479185148294], [-0.990812639396816, 44.942736067358396], [-0.991018462652987, 44.94300858911599], [-0.991185685004519, 44.94329412609922], [-0.99131269551255, 44.943589928611026], [-0.991398270412402, 44.943893148053256], [-0.991441584921546, 44.94420086435486], [-0.991442221207669, 44.944510114089915], [-0.991400172439129, 44.94481791901516], [-0.991315842877808, 44.94512131475204], [-0.991190044012389, 44.94541737933722], [-0.991023986768297, 44.94570326136633], [-0.990819269868374, 44.945976207460006], [-0.990577864455486, 44.94623358878732], [-0.990302095124438, 44.94647292639089], [-0.989994617545296, 44.946691915069714], [-0.989658392893173, 44.946888445589], [-0.989296659330599, 44.94706062500306], [-0.988912900817026, 44.947206794895], [-0.988510813546135, 44.947325547357174], [-0.988094270334486, 44.94741573855827], [-0.987667283305117, 44.94747649976595], [-0.987233965226143, 44.947507245718676], [-0.986798489877587, 44.9475076802658], [-0.986365051829069, 44.94747779922174], [-0.985937826016758, 44.94741789040613], [-0.985520927509893, 44.94732853087018], [-0.985118371855397, 44.94721058133569], [-0.984734036383419, 44.947065177900306], [-0.984371622847354, 44.94689372108948], [-0.984034621758828, 44.94669786236049], [-0.983726278761755, 44.946479488189084], [-0.983449563369658, 44.94624070189194], [-0.983207140367564, 44.94598380336104], [-0.983001344153873, 44.945711266904645], [-0.982834156269125, 44.94542571740947], [-0.982707186327641, 44.94512990505341], [-0.982621656535152, 44.94482667881293], [-0.982578389940735, 44.944518959020336]]]}}]}