{"type": "FeatureCollection", "name": "zone_active", "crs": {"type": "name", "properties": {"name": "urn:ogc:def:crs:OGC:1.3:CRS84"}}, "features": [{"type": "Feature", "properties": {"nb_detections_cluster": 1, "frp_max": 3.62, "frp_moyen": 3.62, "derniere_detection": "2026-07-25T02:11:00", "fetch_timestamp": "2026-07-26T01:49:00"}, "geometry": {"type": "Polygon", "coordinates": [[[-1.154192443439041, 44.77243578931127], [-1.154190914338056, 44.772126558251095], [-1.154231943123009, 44.77181870948701], [-1.154315133977224, 44.771515207723105], [-1.154439685079148, 44.77121897575173], [-1.154604396349237, 44.7709328663091], [-1.154807681029821, 44.77065963460726], [-1.1550475809856, 44.77040191180659], [-1.155321785576631, 44.77016217968463], [-1.155627653921513, 44.76994274674399], [-1.15596224033595, 44.76974572598988], [-1.15632232270148, 44.76957301459034], [-1.156704433491181, 44.7694262756153], [-1.157104893153738, 44.76930692202903], [-1.157519845534755, 44.769216103091], [-1.157945294994769, 44.769154693294574], [-1.158377144867196, 44.76912328395082], [-1.158811236886714, 44.76912217749754], [-1.159243391209313, 44.76915138458869], [-1.159669446639599, 44.769210623991746], [-1.160085300678998, 44.76929932529441], [-1.16048694901014, 44.769416634394226], [-1.160870524038184, 44.76956142171877], [-1.16123233211872, 44.769732293097086], [-1.161568889114494, 44.76992760317837], [-1.161876953939089, 44.77014547126851], [-1.162153559764918, 44.7703837994327], [-1.162396042595197, 44.77064029268991], [-1.162602066924742, 44.77091248110523], [-1.162769648242255, 44.7711977435676], [-1.162897172157027, 44.77149333302449], [-1.162983409965264, 44.77179640293049], [-1.16302753050541, 44.77210403465563], [-1.163029108187458, 44.77241326558956], [-1.162988127117925, 44.7727211176712], [-1.162904981279812, 44.77302462606897], [-1.162780470764724, 44.77332086773558], [-1.162615794092481, 44.77360698956221], [-1.162412536691173, 44.773880235860986], [-1.162172655647774, 44.774137974910474], [-1.161898460875437, 44.77437772430876], [-1.161592592878233, 44.77459717488929], [-1.161257997327098, 44.77479421296899], [-1.160897896691613, 44.77496694071396], [-1.160515759200803, 44.7751136944262], [-1.160115265432094, 44.77523306057502], [-1.159700272850558, 44.77532388941823], [-1.159274778640544, 44.77538530608178], [-1.158842881188354, 44.775416718990705], [-1.158408740587773, 44.77541782557023], [-1.157976538549755, 44.77538861516154], [-1.157550438103366, 44.77532936912461], [-1.15713454347713, 44.77524065812671], [-1.156732860548142, 44.77512333664286], [-1.156349258240823, 44.77497853472144], [-1.155987431247907, 44.774807647094285], [-1.15565086443344, 44.77461231973668], [-1.155342799261166, 44.774394434006645], [-1.155066202572035, 44.77415608851686], [-1.154823738011712, 44.7738995789142], [-1.154617740383276, 44.77362737576172], [-1.154450193171916, 44.77334210073679], [-1.154322709457662, 44.77304650137473], [-1.154236516399425, 44.77274342460161], [-1.154192443439041, 44.77243578931127]]]}}, {"type": "Feature", "properties": {"nb_detections_cluster": 11, "frp_max": 3.98, "frp_moyen": 2.16, "derniere_detection": "2026-07-25T02:11:00", "fetch_timestamp": "2026-07-26T01:49:00"}, "geometry": {"type": "Polygon", "coordinates": [[[-1.18149, 44.77935], [-1.17944, 44.78586], [-1.18046, 44.7826], [-1.17671, 44.77858], [-1.17193, 44.77782], [-1.16715, 44.77706], [-1.17295, 44.77456], [-1.17876, 44.77207], [-1.18353, 44.77283], [-1.18251, 44.77609], [-1.18149, 44.77935]]]}}, {"type": "Feature", "properties": {"nb_detections_cluster": 27, "frp_max": 7.09, "frp_moyen": 2.95, "derniere_detection": "2026-07-26T01:49:00", "fetch_timestamp": "2026-07-26T01:49:00"}, "geometry": {"type": "Polygon", "coordinates": [[[-1.22549, 44.7809], [-1.22871, 44.78456], [-1.22179, 44.78387], [-1.21487, 44.78317], [-1.21358, 44.77953], [-1.21152, 44.77908], [-1.20878, 44.77858], [-1.20797, 44.78248], [-1.20632, 44.77976], [-1.20543, 44.77635], [-1.19685, 44.77837], [-1.19207, 44.77761], [-1.20257, 44.77454], [-1.20657, 44.7757], [-1.21063, 44.77567], [-1.21442, 44.7759], [-1.21567, 44.77928], [-1.22259, 44.77997], [-1.22549, 44.7809]]]}}, {"type": "Feature", "properties": {"nb_detections_cluster": 15, "frp_max": 3.71, "frp_moyen": 1.55, "derniere_detection": "2026-07-26T01:49:00", "fetch_timestamp": "2026-07-26T01:49:00"}, "geometry": {"type": "Polygon", "coordinates": [[[-1.2239, 44.80796], [-1.21792, 44.81351], [-1.20518, 44.81575], [-1.21194, 44.81281], [-1.21875, 44.80988], [-1.21837, 44.80574], [-1.22044, 44.80264], [-1.2196, 44.80626], [-1.2239, 44.80796]]]}}, {"type": "Feature", "properties": {"nb_detections_cluster": 2, "frp_max": 0.97, "frp_moyen": 0.97, "derniere_detection": "2026-07-26T01:49:00", "fetch_timestamp": "2026-07-26T01:49:00"}, "geometry": {"type": "Polygon", "coordinates": [[[-1.19558738727267, 44.820215155224595], [-1.195614773979605, 44.82025126963327], [-1.195782669979043, 44.82053648694064], [-1.195910479481071, 44.820832043343174], [-1.195996971030843, 44.82113509261398], [-1.196041311022236, 44.82144271632202], [-1.196043071750718, 44.821751951934395], [-1.196002235558747, 44.82205982134519], [-1.195919195032752, 44.82236335955609], [-1.195794749248774, 44.82265964323291], [-1.195630096101883, 44.822945818862415], [-1.19542682079232, 44.82321913023869], [-1.195186880578355, 44.82347694501372], [-1.194912585941962, 44.82371678005635], [-1.194606578348138, 44.823936325375236], [-1.194271804811616, 44.82413346637493], [-1.193911489515727, 44.82430630423029], [-1.193529102756715, 44.82445317418279], [-1.193128327512778, 44.82457266158215], [-1.192713023960194, 44.8246636155183], [-1.192287192278822, 44.82472515991231], [-1.191854934105901, 44.8247567019589], [-1.191420413010239, 44.82475793783939], [-1.190987814368389, 44.82472885564952], [-1.190561305030249, 44.82466973551426], [-1.19014499316355, 44.824581146888185], [-1.189742888664992, 44.82446394306762], [-1.189358864520226, 44.824319252967655], [-1.188996619485688, 44.82414847024314], [-1.18865964245241, 44.82395323985901], [-1.18835117883559, 44.82373544223934], [-1.188074199314012, 44.823497175148304], [-1.187831371220569, 44.82324073347782], [-1.187625032859446, 44.82296858713675], [-1.187457170997086, 44.82268335725554], [-1.187329401743335, 44.82238779093489], [-1.187242955006318, 44.822084734782834], [-1.187198662670032, 44.82177710749488], [-1.187196950607647, 44.8214678717415], [-1.187237834606497, 44.82116000563405], [-1.187320920242958, 44.82085647404382], [-1.187445406707422, 44.82056020005066], [-1.18761009454149, 44.8202740367956], [-1.187813397211913, 44.82000074000905], [-1.188053356408956, 44.81974294147834], [-1.188327660921138, 44.819503123710376], [-1.188492692196865, 44.819384731909885], [-1.188465310488946, 44.819348615753654], [-1.188297455174228, 44.81906338748667], [-1.188169689731099, 44.81876782248913], [-1.188083244031072, 44.81846476735635], [-1.188038949948245, 44.818157140774], [-1.188037233372702, 44.81784790540578], [-1.188078110135325, 44.8175400393593], [-1.188161185882271, 44.81723650750534], [-1.18828565989925, 44.81694023292624], [-1.188450332847806, 44.81665406876871], [-1.188653618338097, 44.816380770771815], [-1.188893558225885, 44.8161229707346], [-1.189167841485666, 44.81588315117843], [-1.189473826477598, 44.81566362144802], [-1.189808566393402, 44.815466495480656], [-1.190168837635936, 44.81529367145765], [-1.190551170859162, 44.81514681353337], [-1.190951884369731, 44.81502733581759], [-1.191367119568927, 44.814936388764984], [-1.191792878094197, 44.81487484810258], [-1.1922250603033, 44.81484330640152], [-1.192659504731327, 44.81484206737408], [-1.193092028141513, 44.814871142950736], [-1.193518465785186, 44.81493025316535], [-1.193934711484121, 44.815018828849546], [-1.194336757150336, 44.815136017110504], [-1.194720731363667, 44.81528068953936], [-1.195082936636471, 44.81545145307158], [-1.195419885007309, 44.815646663394915], [-1.19572833162143, 44.81586444077598], [-1.196005305975008, 44.81610268815351], [-1.196248140522518, 44.81635911132455], [-1.19645449637167, 44.81663124102929], [-1.196622385818332, 44.81691645672222], [-1.19675019150397, 44.81721201180137], [-1.196836682010576, 44.81751506005262], [-1.19688102374216, 44.817822683054715], [-1.196882788977525, 44.81813191828156], [-1.196841960015814, 44.81843978763097], [-1.196758929373913, 44.81874332610523], [-1.196634496032748, 44.81903961036762], [-1.196469857767627, 44.81932578689926], [-1.196266599635527, 44.81959909948559], [-1.196026678729325, 44.819856915766884], [-1.195752405345075, 44.820096752597536], [-1.19558738727267, 44.820215155224595]]]}}, {"type": "Feature", "properties": {"nb_detections_cluster": 1, "frp_max": 0.55, "frp_moyen": 0.55, "derniere_detection": "2026-07-26T01:49:00", "fetch_timestamp": "2026-07-26T01:49:00"}, "geometry": {"type": "Polygon", "coordinates": [[[-1.174558449709599, 44.824006603899534], [-1.17455680713561, 44.823697367726425], [-1.174597762003404, 44.82338950605312], [-1.174680919206838, 44.82308598370817], [-1.174805477247108, 44.82278972368224], [-1.174970235976579, 44.82250357898182], [-1.175173608179355, 44.82223030515854], [-1.175413634876225, 44.82197253377856], [-1.17568800420583, 44.821732747087275], [-1.175994073699632, 44.82151325411282], [-1.176328895735792, 44.82131616843854], [-1.176689245926566, 44.82114338785768], [-1.177071654165878, 44.8209965761063], [-1.177472438038214, 44.82087714684953], [-1.177887738267507, 44.820786250075436], [-1.178313555865184, 44.820724761026874], [-1.178745790620333, 44.82069327177801], [-1.179180280562188, 44.82069208553607], [-1.179612842015811, 44.82072121372326], [-1.180039309866244, 44.82078037586686], [-1.180455577644405, 44.820869002298465], [-1.180857637049666, 44.8209862396366], [-1.181241616529485, 44.82113095899985], [-1.181603818545383, 44.821301766871706], [-1.181940755167125, 44.82149701851294], [-1.182249181652902, 44.82171483379224], [-1.182526127692502, 44.82195311528344], [-1.182768926012813, 44.822209568454994], [-1.182975238070159, 44.82248172375813], [-1.183143076581864, 44.822766960400784], [-1.183270824679653, 44.82306253157916], [-1.183357251499868, 44.82336559092401], [-1.183401524059625, 44.82367321990721], [-1.183403215303696, 44.82398245594497], [-1.183362308243654, 44.82429032092714], [-1.183279196148418, 44.824593849898044], [-1.183154678783308, 44.82489011961237], [-1.182989954732834, 44.825176276691316], [-1.182786609880201, 44.82544956510755], [-1.182546602153567, 44.8257073527341], [-1.182272242685278, 44.82594715670125], [-1.181966173564903, 44.82616666731693], [-1.181631342399934, 44.826363770319894], [-1.181270973928926, 44.826536567250905], [-1.180888538960459, 44.82668339374564], [-1.180487720937232, 44.82680283557235], [-1.180072380447709, 44.82689374225994], [-1.179646518027645, 44.82695523818457], [-1.179214235610446, 44.82698673100781], [-1.17877969699851, 44.826987917385104], [-1.178347087737134, 44.82695878588904], [-1.177920574778503, 44.82689961711947], [-1.177504266325182, 44.82681098099947], [-1.177102172240923, 44.8266937312828], [-1.176718165410961, 44.82654899732662], [-1.176355944424827, 44.82637817320819], [-1.176018997941772, 44.8261829042911], [-1.175710571082567, 44.82596507137055], [-1.175433634171776, 44.8257267725507], [-1.175190854131698, 44.825470303028965], [-1.174984568803508, 44.82519813298248], [-1.174816764442695, 44.8249128837699], [-1.174689056605134, 44.82461730267802], [-1.174602674607308, 44.824314236457106], [-1.174558449709599, 44.824006603899534]]]}}, {"type": "Feature", "properties": {"nb_detections_cluster": 2, "frp_max": 1.46, "frp_moyen": 1.44, "derniere_detection": "2026-07-26T01:49:00", "fetch_timestamp": "2026-07-26T01:49:00"}, "geometry": {"type": "Polygon", "coordinates": [[[-1.163025878254448, 44.82705242486328], [-1.163149657249053, 44.826993103124], [-1.163532140665541, 44.82684633775827], [-1.163932995029986, 44.82672695718214], [-1.16434836038772, 44.82663611091488], [-1.164774237123199, 44.826574673713054], [-1.165206524456213, 44.82654323715159], [-1.165641059909833, 44.826542103930365], [-1.166073659370966, 44.82657128496107], [-1.166500157358719, 44.82663049926214], [-1.166916447113815, 44.82671917666298], [-1.167318520123967, 44.8268364632913], [-1.167702504705544, 44.826981229791045], [-1.168064703270821, 44.827152082191844], [-1.168401627922626, 44.827347375325665], [-1.168710034034225, 44.8275652286616], [-1.168986951491378, 44.82780354440697], [-1.169229713295975, 44.828060027700346], [-1.16943598125573, 44.82833220870283], [-1.169603768512368, 44.82861746637484], [-1.169731458690959, 44.82891305370995], [-1.169817821485377, 44.829216124183276], [-1.169862024529115, 44.82952375915941], [-1.169863641436234, 44.829832995996796], [-1.169822655934063, 44.83014085657748], [-1.169739462046858, 44.830444375988115], [-1.169614860327601, 44.83074063107534], [-1.169450050173192, 44.83102676860116], [-1.16924661829612, 44.831300032726475], [-1.169006523462759, 44.83155779155822], [-1.1687320776445, 44.831797562503944], [-1.16842592376272, 44.83201703618957], [-1.168091010241446, 44.832214098709485], [-1.167730562612637, 44.83238685199439], [-1.167348052447478, 44.83253363210028], [-1.166947163913135, 44.83265302524222], [-1.166531758277411, 44.832743881418054], [-1.166105836703704, 44.83280532549042], [-1.165673501695337, 44.83283676562039], [-1.165238917561375, 44.832837898970915], [-1.164806270285669, 44.83280871462537], [-1.164379727186599, 44.83274949369266], [-1.163963396757044, 44.832660806598284], [-1.163561289072389, 44.832543507587026], [-1.163177277148784, 44.832398726490794], [-1.1628150596247, 44.8322278578409], [-1.162478125125875, 44.832032547429854], [-1.162169718657466, 44.83181467645249], [-1.16196404225868, 44.83163765245166], [-1.161840251780756, 44.83169697295914], [-1.161457730925996, 44.831843732727336], [-1.161056834798884, 44.83196310456234], [-1.160641424740406, 44.832053938667244], [-1.160215501956602, 44.83211536011723], [-1.159783168962468, 44.8321467772913], [-1.159348590047679, 44.83214788757354], [-1.158915951145805, 44.83211868026948], [-1.158489419494546, 44.83205943670922], [-1.158073103476476, 44.83197072753615], [-1.157671013028118, 44.83185340720774], [-1.157287020999542, 44.83170860576123], [-1.156924825837519, 44.83153771792394], [-1.15658791595233, 44.831342389673175], [-1.156279536111982, 44.83112450237554], [-1.156002656187875, 44.8308861546589], [-1.155759942553131, 44.83062964219156], [-1.155553732409037, 44.83035743556419], [-1.155386011286662, 44.83007215648765], [-1.155258393939911, 44.829776552536295], [-1.15517210881349, 44.82947347068041], [-1.155127986234606, 44.82916582986284], [-1.155126450441279, 44.82885659288414], [-1.155167515523084, 44.82854873786726], [-1.155250785312396, 44.82824522957654], [-1.155375457226158, 44.8279489908672], [-1.155540330020153, 44.827662874540266], [-1.155743815380128, 44.8273896358741], [-1.155983953237327, 44.827131906096184], [-1.156258430660117, 44.82689216705119], [-1.156564604139279, 44.82667272730838], [-1.156899525051881, 44.82647569993844], [-1.157259968058309, 44.82630298217319], [-1.157642462158986, 44.8261562371437], [-1.158043324111869, 44.826036877872625], [-1.158458693889266, 44.82594605367415], [-1.158884571833118, 44.82588463909226], [-1.1593168571516, 44.82585322548408], [-1.15975138738719, 44.82585211532853], [-1.16018397847703, 44.82588131931515], [-1.16061046502081, 44.82594055624135], [-1.161026740369411, 44.826029255718694], [-1.161428796149216, 44.82614656366229], [-1.161812760842446, 44.82629135051086], [-1.162174937052814, 44.82646222209805], [-1.162511837098338, 44.82665753307109], [-1.162820216589147, 44.82687540272727], [-1.163025878254448, 44.82705242486328]]]}}, {"type": "Feature", "properties": {"nb_detections_cluster": 1, "frp_max": 1.25, "frp_moyen": 1.25, "derniere_detection": "2026-07-25T02:11:00", "fetch_timestamp": "2026-07-26T01:49:00"}, "geometry": {"type": "Polygon", "coordinates": [[[-1.132317523255474, 44.8341949211046], [-1.13231611286863, 44.83388568331143], [-1.132357306605809, 44.83357783623963], [-1.132440707060322, 44.83327434457686], [-1.132565510390768, 44.83297813101808], [-1.132730514087434, 44.83269204812203], [-1.1329341285756, 44.83241885084493], [-1.133174392543195, 44.832161170015624], [-1.133448991844402, 44.83192148700729], [-1.133755281796617, 44.831702109849545], [-1.134090312655611, 44.83150515101031], [-1.134450858023349, 44.831332507061425], [-1.134833445914883, 44.83118584042316], [-1.135234392185315, 44.831066563363294], [-1.13564983599531, 44.830975824404334], [-1.136075776974163, 44.830914497269546], [-1.136508113723264, 44.830883172473996], [-1.136942683289985, 44.8308821516414], [-1.13737530123282, 44.83091144460126], [-1.137801801892897, 44.83097076929425], [-1.138218078485111, 44.831059554486835], [-1.138620122623753, 44.831176945268766], [-1.13900406290296, 44.83132181128107], [-1.139366202161297, 44.83149275759514], [-1.13970305307233, 44.831688138138524], [-1.140011371719007, 44.831906071538626], [-1.140288188828917, 44.83214445923165], [-1.140530838369827, 44.832401005663264], [-1.140736983230098, 44.83267324038644], [-1.140904637736486, 44.83295854184412], [-1.141032186792078, 44.83325416260813], [-1.141118401449468, 44.83355725583143], [-1.141162450768488, 44.83386490265938], [-1.141163909843442, 44.83417414033608], [-1.141122763921559, 44.834481990735355], [-1.141039408572016, 44.834785489041664], [-1.140914645902854, 44.83508171230477], [-1.140749676861197, 44.835367807592974], [-1.14054608968999, 44.83564101947387], [-1.14030584465153, 44.83589871655735], [-1.140031255164198, 44.836138416845614], [-1.139724965533457, 44.83635781164501], [-1.139389925491179, 44.83655478780962], [-1.139029361788311, 44.83672744810184], [-1.138646747114409, 44.83687412947331], [-1.1382457666436, 44.83699341909008], [-1.137830282529522, 44.83708416794706], [-1.137404296691743, 44.83714550194063], [-1.136971912252778, 44.837176830292144], [-1.136537293997946, 44.83717785124122], [-1.136104628239815, 44.83714855495389], [-1.135678082474768, 44.83708922361734], [-1.135261765221269, 44.83700042872044], [-1.134859686427618, 44.836883025546335], [-1.134475718831452, 44.83673814493026], [-1.13411356064398, 44.83656718236203], [-1.133776699919073, 44.83637178453868], [-1.133468380950923, 44.836153833496944], [-1.133191573024295, 44.83591542847854], [-1.132948941818517, 44.83565886570359], [-1.132742823740615, 44.83538661624719], [-1.132575203434603, 44.83510130223262], [-1.132447694683094, 44.83480567157061], [-1.132361524884629, 44.834502571488514], [-1.132317523255474, 44.8341949211046]]]}}, {"type": "Feature", "properties": {"nb_detections_cluster": 107, "frp_max": 30.08, "frp_moyen": 5.0, "derniere_detection": "2026-07-26T01:49:00", "fetch_timestamp": "2026-07-26T01:49:00"}, "geometry": {"type": "Polygon", "coordinates": [[[-1.11344, 44.89189], [-1.09768, 44.90989], [-1.08538, 44.90108], [-1.09429, 44.88882], [-1.09413, 44.86865], [-1.10139, 44.86027], [-1.11724, 44.84802], [-1.12887, 44.84304], [-1.14322, 44.84533], [-1.15758, 44.84762], [-1.15655, 44.85088], [-1.14595, 44.8526], [-1.12646, 44.8666], [-1.11653, 44.88211], [-1.1155, 44.88537], [-1.11447, 44.88863], [-1.11344, 44.89189]]]}}, {"type": "Feature", "properties": {"nb_detections_cluster": 3, "frp_max": 7.77, "frp_moyen": 6.67, "derniere_detection": "2026-07-25T13:33:00", "fetch_timestamp": "2026-07-26T01:49:00"}, "geometry": {"type": "Polygon", "coordinates": [[[-1.17362, 44.86964], [-1.1698, 44.86841], [-1.17302, 44.86519], [-1.17362, 44.86964]]]}}, {"type": "Feature", "properties": {"nb_detections_cluster": 1, "frp_max": 2.61, "frp_moyen": 2.61, "derniere_detection": "2026-07-26T01:49:00", "fetch_timestamp": "2026-07-26T01:49:00"}, "geometry": {"type": "Polygon", "coordinates": [[[-1.173414344864491, 44.87608656119437], [-1.173412707068448, 44.87577731979283], [-1.17345370619937, 44.875469453352046], [-1.173536946723567, 44.87516592674648], [-1.173661626338609, 44.87486966300782], [-1.173826543724956, 44.874583515178266], [-1.174030110137845, 44.87431023883959], [-1.174270364727003, 44.874052465582174], [-1.174544993435854, 44.87381267766941], [-1.174851351297655, 44.87359318414125], [-1.175186487913435, 44.873396098586284], [-1.17554717586614, 44.87322331879664], [-1.175929941797369, 44.87307650850071], [-1.176331099847572, 44.872957081349604], [-1.176746787138072, 44.872866187311104], [-1.177173000953769, 44.87280470160171], [-1.177605637269163, 44.87277321626344], [-1.17804053024752, 44.87277203446585], [-1.178473492333743, 44.872801167588364], [-1.178900354555834, 44.87286033511071], [-1.179317006647896, 44.87294896731274], [-1.179719436609223, 44.87306621075741], [-1.180103769319526, 44.873210936504485], [-1.18046630383924, 44.87338175097604], [-1.180803549036425, 44.87357700936929], [-1.181112257197766, 44.87379483148795], [-1.181389455300349, 44.87403311983993], [-1.181632473643294, 44.8742895798277], [-1.181838971563483, 44.87456174183684], [-1.182006959987545, 44.87484698501071], [-1.182134820602543, 44.87514256248266], [-1.182221321460126, 44.87544562782279], [-1.182265628863187, 44.87575326244524], [-1.182267315419658, 44.87606250371191], [-1.182226364184959, 44.87637037346234], [-1.182143168852154, 44.876673906694876], [-1.182018529986993, 44.87697018012315], [-1.181853647343025, 44.87725634033258], [-1.181650108329877, 44.87752963126566], [-1.18140987274487, 44.87778742077117], [-1.181135253914256, 44.87802722596125], [-1.180828896425169, 44.878246737132095], [-1.180493750662252, 44.87844384001701], [-1.180133044394081, 44.878616636157965], [-1.179750251682908, 44.87876346119814], [-1.179349059417424, 44.87888290091985], [-1.178933331791178, 44.87897380487222], [-1.17850707306935, 44.87903529745774], [-1.178074389003158, 44.87906678637019], [-1.177639447264371, 44.87906796830263], [-1.177206437281928, 44.87903883187048], [-1.176779529868443, 44.87897965772118], [-1.176362837026499, 44.87889101582954], [-1.175960372322796, 44.878773760005], [-1.17557601221275, 44.878629019663514], [-1.175213458688887, 44.87845818894387], [-1.174876203613463, 44.878262913273254], [-1.174567495079409, 44.878045073511956], [-1.174290306123964, 44.877806767829995], [-1.174047306096484, 44.87755029149093], [-1.173840834956239, 44.87727811473754], [-1.173672880747459, 44.87699285899308], [-1.173545060468207, 44.87669727160726], [-1.173458604516753, 44.87639419939099], [-1.173414344864491, 44.87608656119437]]]}}, {"type": "Feature", "properties": {"nb_detections_cluster": 6, "frp_max": 4.28, "frp_moyen": 3.57, "derniere_detection": "2026-07-26T01:49:00", "fetch_timestamp": "2026-07-26T01:49:00"}, "geometry": {"type": "Polygon", "coordinates": [[[-1.16749, 44.87999], [-1.17022, 44.88248], [-1.16167, 44.88248], [-1.15107, 44.88421], [-1.15688, 44.88172], [-1.1627, 44.87922], [-1.16749, 44.87999]]]}}, {"type": "Feature", "properties": {"nb_detections_cluster": 35, "frp_max": 31.77, "frp_moyen": 11.81, "derniere_detection": "2026-07-25T13:33:00", "fetch_timestamp": "2026-07-26T01:49:00"}, "geometry": {"type": "Polygon", "coordinates": [[[-1.11798, 44.78972], [-1.11695, 44.79298], [-1.1132, 44.78896], [-1.10842, 44.78819], [-1.10945, 44.78493], [-1.10056, 44.78059], [-1.10569, 44.78091], [-1.10778, 44.77302], [-1.1115, 44.77842], [-1.11628, 44.77919], [-1.12106, 44.77995], [-1.12111, 44.78374], [-1.11901, 44.78646], [-1.11798, 44.78972]]]}}, {"type": "Feature", "properties": {"nb_detections_cluster": 3, "frp_max": 7.66, "frp_moyen": 5.61, "derniere_detection": "2026-07-25T13:33:00", "fetch_timestamp": "2026-07-26T01:49:00"}, "geometry": {"type": "Polygon", "coordinates": [[[-1.12640718963684, 44.896680136209106], [-1.126630526594121, 44.89644092148719], [-1.126905468340645, 44.8962012497523], [-1.127212134663228, 44.89598188615175], [-1.127547572193099, 44.89578494302285], [-1.127908550616177, 44.895612316786156], [-1.128291593777665, 44.89546566969132], [-1.128693013149149, 44.895346413817954], [-1.129108943336284, 44.89525569748448], [-1.129535379285683, 44.895194394196345], [-1.129968214833422, 44.89516309423896], [-1.130403282224771, 44.89516209899686], [-1.130836392225503, 44.89519141805318], [-1.131263374439518, 44.89525076909728], [-1.131680117445529, 44.8953395806419], [-1.132082608367281, 44.89545699752308], [-1.132466971497209, 44.895601889130525], [-1.132829505602402, 44.895772860289156], [-1.133166719554349, 44.89596826468735], [-1.133475365939928, 44.89618622072277], [-1.133752472330317, 44.89642462961365], [-1.133995369906935, 44.89668119560156], [-1.134201719168715, 44.89695344805111], [-1.13436953247293, 44.89723876523455], [-1.134497193192149, 44.89753439957223], [-1.134583471302186, 44.89783750408637], [-1.134627535250265, 44.89814515981358], [-1.134628959988207, 44.8984544039122], [-1.134587731092318, 44.89876225819415], [-1.134504244929305, 44.899065757806504], [-1.134379304865565, 44.89936197978633], [-1.134214113555354, 44.89964807121432], [-1.134010261381121, 44.89992127669511], [-1.133769711156482, 44.900178964900256], [-1.133494779238411, 44.90041865391739], [-1.133188113229953, 44.90063803516136], [-1.132852666487812, 44.90083499561682], [-1.132491669680092, 44.901007638197385], [-1.132108599668098, 44.90115430002526], [-1.131707146012096, 44.901273568454734], [-1.131291175423966, 44.90136429468477], [-1.130864694509682, 44.9014256048297], [-1.130431811161142, 44.90145690834053], [-1.129996694970038, 44.90145790369618], [-1.12956353704594, 44.90142858130921], [-1.129136509626619, 44.90136922361818], [-1.128719725870575, 44.901280402365835], [-1.128317200220063, 44.90116297308919], [-1.127932809717257, 44.90101806687488], [-1.127570256646991, 44.90084707945932], [-1.127233032866593, 44.90065165777887], [-1.126924386166889, 44.90043368410006], [-1.126647288988769, 44.9001952578826], [-1.126632833135651, 44.9001799865164], [-1.126409481308349, 44.900419201519576], [-1.126134516779421, 44.90065887233956], [-1.125827820687632, 44.90087823328262], [-1.125492346679533, 44.90107517152892], [-1.125131325685943, 44.90124779020594], [-1.124748234801215, 44.90139442666615], [-1.124346763786743, 44.90151366850812], [-1.123930779521676, 44.90160436718695], [-1.123504288743784, 44.9016656490823], [-1.123071399440015, 44.901696923917314], [-1.122636281259439, 44.901697890447096], [-1.122203125330798, 44.90166853936187], [-1.121776103872625, 44.90160915337663], [-1.121359329985969, 44.90152030450666], [-1.120956818017969, 44.901402848554966], [-1.120572444878938, 44.901257916865106], [-1.120209912686387, 44.901086905418886], [-1.11987271309646, 44.90089146138412], [-1.119564093666887, 44.9006734672426], [-1.119287026575804, 44.90043502265116], [-1.119044179997885, 44.900178424211035], [-1.118837892413472, 44.89990614334079], [-1.118670150097925, 44.899620802466195], [-1.118542568007565, 44.8993251497566], [-1.118456374245755, 44.899022032651686], [-1.118412398257955, 44.89871437043355], [-1.118411062868598, 44.89840512610863], [-1.118452380235516, 44.89809727787039], [-1.118535951759859, 44.897793790417644], [-1.118660971951329, 44.89749758640466], [-1.118826236210513, 44.89721151829819], [-1.119030152452358, 44.89693834091197], [-1.119270756458041, 44.896680684883165], [-1.119545730806592, 44.89644103134611], [-1.119852427203413, 44.896221688046474], [-1.120187891990231, 44.896024767126136], [-1.120548894590594, 44.89585216479173], [-1.12093195861699, 44.895705543062775], [-1.121333395340177, 44.895586313774594], [-1.121749339198801, 44.895495624989636], [-1.122175785007888, 44.895434349948005], [-1.12260862650862, 44.895403078663236], [-1.123043695888963, 44.89540211224372], [-1.123476803895546, 44.89543145999505], [-1.123903780151455, 44.89549083933033], [-1.124320513292735, 44.89557967848983], [-1.124722990538072, 44.89569712204372], [-1.125107336311522, 44.89584203912485], [-1.12546984954722, 44.89601303431285], [-1.125807039317524, 44.896208461064695], [-1.126115658442064, 44.896426437562766], [-1.12639273475443, 44.896664864828274], [-1.12640718963684, 44.896680136209106]]]}}, {"type": "Feature", "properties": {"nb_detections_cluster": 2, "frp_max": 5.32, "frp_moyen": 3.78, "derniere_detection": "2026-07-25T02:11:00", "fetch_timestamp": "2026-07-26T01:49:00"}, "geometry": {"type": "Polygon", "coordinates": [[[-1.122098323631599, 44.90426149904202], [-1.122183118218922, 44.90423631739409], [-1.122599124818564, 44.90414562518521], [-1.123025635432676, 44.904084346717674], [-1.123458543178519, 44.90405307203795], [-1.123893679606298, 44.90405210228715], [-1.124326854817152, 44.90408144680295], [-1.124753897787169, 44.90414082302956], [-1.125170696510109, 44.904229659237245], [-1.125573237573256, 44.90434710002455], [-1.125957644786234, 44.904492014551], [-1.126320216491613, 44.904663007420844], [-1.126657461198757, 44.90485843211334], [-1.126966131198281, 44.90507640683072], [-1.127243253833837, 44.90531483261135], [-1.127486160130237, 44.90557141353412], [-1.127692510502245, 44.90584367881977], [-1.127860317296226, 44.90612900661692], [-1.127987963947204, 44.90642464924369], [-1.12807422056623, 44.906727759642436], [-1.128118255807249, 44.90703541879304], [-1.128119644898304, 44.907344663820865], [-1.128078373758777, 44.907652516528834], [-1.127994839162005, 44.90795601207909], [-1.127869844940671, 44.90825222754787], [-1.127704594270472, 44.90853831007847], [-1.12750067810545, 44.90881150436116], [-1.127260059875459, 44.90906917917538], [-1.12698505659242, 44.90930885273766], [-1.126678316546732, 44.90952821661169], [-1.126342793808234, 44.90972515794939], [-1.12598171977707, 44.9098977798485], [-1.125598572058441, 44.910044419630424], [-1.125197040961188, 44.91016366486177], [-1.124780993943234, 44.91025436696495], [-1.124354438346862, 44.910315652286656], [-1.123921482783452, 44.91034693051705], [-1.123486297540402, 44.91034790037851], [-1.123053074392515, 44.91031855252915], [-1.1226259862059, 44.91025916965282], [-1.122209146724444, 44.91017032373484], [-1.121806570927187, 44.91005287054983], [-1.121422136339322, 44.90990794141467], [-1.121059545670277, 44.90973693228655], [-1.120722291139454, 44.909541490310986], [-1.12049157067207, 44.90937854873674], [-1.120406767554891, 44.909403729133466], [-1.119990718429154, 44.90949441327994], [-1.119564163378778, 44.90955568019887], [-1.1191312110099, 44.909586939757595], [-1.118696031579154, 44.909587890858425], [-1.118262816805347, 44.90955852434014], [-1.117835739473908, 44.90949912306643], [-1.117418913224131, 44.90941025919981], [-1.117016352907566, 44.90929278868775], [-1.116631935900244, 44.90914784301405], [-1.1162693647422, 44.90897681829521], [-1.115932131464852, 44.90878136182688], [-1.115623483950328, 44.9085633562106], [-1.115346394647169, 44.90832490121369], [-1.115103531943856, 44.908068293537625], [-1.11489723447589, 44.90779600468992], [-1.114729488613646, 44.90751065717313], [-1.114601909347413, 44.907214999220585], [-1.114515724753154, 44.90691187832239], [-1.11447176418783, 44.906604213797216], [-1.11447045032714, 44.90629496867364], [-1.114511795121385, 44.90598712115284], [-1.114595399707394, 44.90568363592665], [-1.114720458276311, 44.90538743562791], [-1.114885765859001, 44.90510137268755], [-1.115089729953091, 44.904828201869535], [-1.115330385878859, 44.904570553747796], [-1.115605415715308, 44.904330909380434], [-1.115912170633488, 44.90411157642488], [-1.116247696411603, 44.90391466692334], [-1.116608761885927, 44.9037420769725], [-1.116991890063578, 44.90359546847262], [-1.11739339159767, 44.903476253131615], [-1.11780940030287, 44.90338557887766], [-1.118235910369903, 44.90332431881093], [-1.118668814921318, 44.90329306280075], [-1.119103945538079, 44.903292111808454], [-1.11953711237727, 44.90332147499106], [-1.119964144495569, 44.9033808696131], [-1.120380929991194, 44.903469723767664], [-1.120783455578752, 44.9035871818805], [-1.121167845216832, 44.9037321129443], [-1.12153039741718, 44.903903121404056], [-1.121867620876915, 44.9040985605889], [-1.122098323631599, 44.90426149904202]]]}}, {"type": "Feature", "properties": {"nb_detections_cluster": 1, "frp_max": 3.99, "frp_moyen": 3.99, "derniere_detection": "2026-07-25T02:11:00", "fetch_timestamp": "2026-07-26T01:49:00"}, "geometry": {"type": "Polygon", "coordinates": [[[-1.117201197610467, 44.91388432295212], [-1.117199868535727, 44.91357507717249], [-1.117241203719051, 44.913267227950605], [-1.117324804389641, 44.912963739994765], [-1.11744986477616, 44.91266753596409], [-1.117615179891787, 44.91238146832547], [-1.117819157161445, 44.91210829188811], [-1.118059831778375, 44.91185063728006], [-1.118334885641463, 44.91161098562193], [-1.118641669690283, 44.91139164464134], [-1.118977229422445, 44.911194726457786], [-1.119338333347214, 44.911022127251535], [-1.119721504101434, 44.91087550901201], [-1.120123051928243, 44.910756283540906], [-1.120539110196577, 44.910665598863915], [-1.120965672619965, 44.91060432818162], [-1.121398631816882, 44.91057306146549], [-1.121833818842199, 44.91057209978001], [-1.122267043309936, 44.91060145238515], [-1.122694133721962, 44.910660836647274], [-1.123110977615285, 44.910749680759245], [-1.123513561142288, 44.910867129243506], [-1.123898007703736, 44.91101205118549], [-1.124260615263313, 44.91118305111798], [-1.124597891985117, 44.911378482452264], [-1.124906589851441, 44.91159646332662], [-1.125183735937529, 44.91183489472008], [-1.125426661042284, 44.912091480657516], [-1.12563302539924, 44.91236375031139], [-1.125800841219961, 44.91264908178823], [-1.125928491852395, 44.912944727370686], [-1.126014747369094, 44.913247839972676], [-1.126058776434456, 44.91355550055284], [-1.126060154335829, 44.91386474622273], [-1.126018867100195, 44.91417259877911], [-1.125935311655754, 44.914476093385574], [-1.125810292035823, 44.914772307127414], [-1.125645011660586, 44.91505838716453], [-1.125441061770071, 44.915331578211244], [-1.125200406118865, 44.91558924907811], [-1.124925362079247, 44.91582891801967], [-1.124618578334127, 44.91604827664412], [-1.124283009374227, 44.916245212153925], [-1.123921887044895, 44.91641782770297], [-1.12353868941657, 44.9165644606738], [-1.123137107278867, 44.91668369869861], [-1.122721008581398, 44.91677439326924], [-1.122294401164306, 44.91683567080496], [-1.121861394138194, 44.91686694107086], [-1.121426158286245, 44.916867902866066], [-1.120992885870816, 44.91683854692642], [-1.120565750232642, 44.91677915601368], [-1.120148865572731, 44.91669030219056], [-1.119746247305336, 44.91657284130779], [-1.119361773364748, 44.91642790475646], [-1.118999146839444, 44.916256888565165], [-1.118661860294174, 44.91606143994746], [-1.118353162124149, 44.915843441429246], [-1.118076025265801, 44.91560499270951], [-1.117833118565606, 44.91534839042928], [-1.117626781082755, 44.91507610604409], [-1.117458999572929, 44.91479076201357], [-1.11733138936963, 44.91449510653746], [-1.117245178846637, 44.91419198708207], [-1.117201197610467, 44.91388432295212]]]}}, {"type": "Feature", "properties": {"nb_detections_cluster": 5, "frp_max": 4.75, "frp_moyen": 4.42, "derniere_detection": "2026-07-25T03:30:00", "fetch_timestamp": "2026-07-26T01:49:00"}, "geometry": {"type": "Polygon", "coordinates": [[[-1.1194, 44.92213], [-1.11514, 44.92829], [-1.11334, 44.92588], [-1.11162, 44.91935], [-1.11765, 44.91972], [-1.1194, 44.92213]]]}}, {"type": "Feature", "properties": {"nb_detections_cluster": 21, "frp_max": 19.67, "frp_moyen": 7.89, "derniere_detection": "2026-07-26T01:49:00", "fetch_timestamp": "2026-07-26T01:49:00"}, "geometry": {"type": "Polygon", "coordinates": [[[-1.09972, 44.79971], [-1.10578, 44.80283], [-1.09548, 44.80353], [-1.09236, 44.80314], [-1.08325, 44.8053], [-1.08457, 44.80036], [-1.07676, 44.79757], [-1.07188, 44.79361], [-1.08105, 44.79138], [-1.07976, 44.79638], [-1.08759, 44.79912], [-1.09543, 44.80187], [-1.09972, 44.79971]]]}}, {"type": "Feature", "properties": {"nb_detections_cluster": 1, "frp_max": 4.51, "frp_moyen": 4.51, "derniere_detection": "2026-07-25T02:11:00", "fetch_timestamp": "2026-07-26T01:49:00"}, "geometry": {"type": "Polygon", "coordinates": [[[-1.092953861053978, 44.87922335479147], [-1.092952666359212, 44.87891411205786], [-1.092994108976157, 44.878606275176985], [-1.093077789100303, 44.87830280873806], [-1.0932029001961, 44.8780066351929], [-1.093368236789332, 44.87772060671467], [-1.093572206098997, 44.87744747773536], [-1.093812843395845, 44.87718987842585], [-1.094087830938902, 44.876950289374186], [-1.094394520307043, 44.87673101770501], [-1.094729957910138, 44.87653417487036], [-1.095090913433884, 44.87636165632485], [-1.095473910944377, 44.876215123281206], [-1.095875262353069, 44.87609598672069], [-1.096291102920209, 44.87600539381291], [-1.096717428455429, 44.87594421687474], [-1.097150133857937, 44.875913044975064], [-1.097585052626017, 44.875912178265324], [-1.098017996956289, 44.875941625091016], [-1.098444798047564, 44.87600110191125], [-1.098861346222202, 44.87609003602762], [-1.099263630479555, 44.87620757109592], [-1.099647777101599, 44.87635257536783], [-1.100010086939756, 44.87652365258333], [-1.100347071024606, 44.87671915540949], [-1.100655484156103, 44.876937201296066], [-1.100932356151203, 44.877175690596026], [-1.101175020448198, 44.87743232677648], [-1.101381139792269, 44.877704638525984], [-1.101548728754705, 44.87799000354552], [-1.101676172868527, 44.87828567379463], [-1.101762244195651, 44.87858880194949], [-1.101806113174952, 44.87889646881887], [-1.101807356636261, 44.87920571145359], [-1.101765961902152, 44.87951355167944], [-1.101682326937031, 44.87981702477865], [-1.101557256541009, 44.8801132080435], [-1.101391954624232, 44.88039924892726], [-1.101188012635106, 44.88067239252124], [-1.10094739425297, 44.880930008092875], [-1.100672416491911, 44.88116961442922], [-1.100365727397143, 44.881388903741374], [-1.100030280548287, 44.88158576389932], [-1.099669306614957, 44.881758298782636], [-1.099286282238527, 44.88190484655084], [-1.098884896539985, 44.882023995656766], [-1.098469015576826, 44.882114598448695], [-1.098042645091811, 44.88217578222991], [-1.09760989191313, 44.88220695766856], [-1.097174924378509, 44.88220782447719], [-1.096741932165399, 44.88217837430653], [-1.0963150859151, 44.882118890826], [-1.095898497040688, 44.882029946989945], [-1.095496178106879, 44.8819123995161], [-1.095112004164296, 44.881767380629555], [-1.094749675411429, 44.881596287151915], [-1.09441268154458, 44.88140076704108], [-1.09410426813971, 44.88118270351153], [-1.093827405390371, 44.88094419688828], [-1.093584759502961, 44.88068754436999], [-1.093378667024828, 44.88041521789596], [-1.09321111235224, 44.880129840331], [-1.093083708634438, 44.879834160197746], [-1.092997682257107, 44.87953102519983], [-1.092953861053978, 44.87922335479147]]]}}, {"type": "Feature", "properties": {"nb_detections_cluster": 111, "frp_max": 25.71, "frp_moyen": 8.0, "derniere_detection": "2026-07-26T01:49:00", "fetch_timestamp": "2026-07-26T01:49:00"}, "geometry": {"type": "Polygon", "coordinates": [[[-1.10211, 44.9277], [-1.10345, 44.93414], [-1.09669, 44.93706], [-1.09254, 44.94159], [-1.08546, 44.94223], [-1.07461, 44.94463], [-1.06243, 44.948], [-1.0579, 44.9473], [-1.04749, 44.94951], [-1.04253, 44.94863], [-1.03475, 44.94587], [-1.0314, 44.93699], [-1.04348, 44.93358], [-1.05355, 44.92796], [-1.06378, 44.92158], [-1.06002, 44.91755], [-1.06857, 44.92234], [-1.07521, 44.9269], [-1.08755, 44.92616], [-1.09344, 44.92658], [-1.09732, 44.92694], [-1.10211, 44.9277]]]}}, {"type": "Feature", "properties": {"nb_detections_cluster": 1, "frp_max": 3.28, "frp_moyen": 3.28, "derniere_detection": "2026-07-25T02:11:00", "fetch_timestamp": "2026-07-26T01:49:00"}, "geometry": {"type": "Polygon", "coordinates": [[[-1.048033201851706, 44.758841557845344], [-1.048032256616521, 44.758532327065154], [-1.048073856331004, 44.75822451932954], [-1.048157599680807, 44.757921098946795], [-1.048282679524564, 44.75762498792491], [-1.048447890691975, 44.75733903783469], [-1.048651641612651, 44.75706600235305], [-1.04889196966289, 44.75680851075033], [-1.049166560081828, 44.756569042577205], [-1.049472768274243, 44.756349903794195], [-1.049807645284801, 44.75615320457358], [-1.050167966198225, 44.75598083898708], [-1.050550261191858, 44.755834466774395], [-1.050950848941784, 44.75571549736814], [-1.051365872061158, 44.75562507632841], [-1.051791334230038, 44.75556407431711], [-1.052223138659866, 44.755533078718756], [-1.052657127523004, 44.75553238798727], [-1.053089121968567, 44.755562008773616], [-1.053514962340178, 44.75562165586183], [-1.053930548209371, 44.75571075491406], [-1.054331877840086, 44.755828447997814], [-1.054715086705177, 44.755973601843195], [-1.05507648468484, 44.75614481874985], [-1.055412591589452, 44.75634045003958], [-1.055720170665309, 44.75655861192502], [-1.055996259760967, 44.75679720364193], [-1.056238199854255, 44.757053927671016], [-1.05644366066523, 44.75732631185458], [-1.056610663108199, 44.75761173319591], [-1.056737598366235, 44.757907443111854], [-1.056823243403852, 44.75821059389635], [-1.056866772767783, 44.7585182661399], [-1.056867766561323, 44.75882749684128], [-1.056826214514482, 44.75913530794095], [-1.056742516109771, 44.75943873500134], [-1.056617476761337, 44.759734855757856], [-1.05645230008327, 44.760020818265566], [-1.056248576320553, 44.760293868370375], [-1.056008267053223, 44.76055137624001], [-1.055733686320326, 44.76079086169861], [-1.055427478344856, 44.76101001812142], [-1.055092592073806, 44.76120673465825], [-1.054732252778334, 44.761379116571995], [-1.054349930987508, 44.76152550349542], [-1.053949309055043, 44.7616444854306], [-1.053534245681401, 44.76173491633603], [-1.05310873873347, 44.761795925170595], [-1.052676886720646, 44.76182692428758], [-1.052242849299153, 44.761827615097886], [-1.051810807185946, 44.76179799094749], [-1.051384921869244, 44.761738337181605], [-1.050969295504727, 44.761649228394774], [-1.050567931384668, 44.761531522893506], [-1.050184695361618, 44.76138635442494], [-1.049823278599048, 44.761215121251404], [-1.049487162008396, 44.76101947267619], [-1.049179582715595, 44.760801293150955], [-1.048903502880426, 44.76056268411781], [-1.048661581169185, 44.76030594376153], [-1.048456147155406, 44.760033544867206], [-1.048289178894976, 44.75974811099694], [-1.048162283891209, 44.75945239121531], [-1.048076683632642, 44.75914923360754], [-1.048033201851706, 44.758841557845344]]]}}, {"type": "Feature", "properties": {"nb_detections_cluster": 1, "frp_max": 4.4, "frp_moyen": 4.4, "derniere_detection": "2026-07-25T03:30:00", "fetch_timestamp": "2026-07-26T01:49:00"}, "geometry": {"type": "Polygon", "coordinates": [[[-1.064642400808404, 44.76965222040352], [-1.06464136408265, 44.769342988605544], [-1.06468288090352, 44.76903517348102], [-1.064766550754655, 44.768731739409574], [-1.064891567202163, 44.768435608531085], [-1.065056725685897, 44.7681496326077], [-1.065260435142442, 44.76787656556517], [-1.065500733347025, 44.767619036977855], [-1.065775305825837, 44.76737952675264], [-1.066081508156087, 44.767160341255035], [-1.066416391438603, 44.76696359110725], [-1.066776730697464, 44.766791170871365], [-1.06715905593317, 44.76664474081341], [-1.067559685530459, 44.766525710923005], [-1.067974761699452, 44.766435227342605], [-1.068400287609371, 44.76637416133641], [-1.068832165857928, 44.766343100905104], [-1.069266237906774, 44.766342345126816], [-1.069698324104171, 44.76637190127892], [-1.070124263910441, 44.76643148476782], [-1.070539955939866, 44.76652052186799], [-1.070941397434392, 44.766638155243555], [-1.071324722789962, 44.76678325219954], [-1.071686240765297, 44.7669544155834], [-1.072022470015529, 44.76714999723236], [-1.072330172609039, 44.7673681138371], [-1.072606385205135, 44.76760666506948], [-1.072848447592508, 44.76786335380008], [-1.073054028313625, 44.76813570821127], [-1.073221147128093, 44.76842110559302], [-1.073348194098282, 44.76871679759309], [-1.073433945112798, 44.769019936678006], [-1.073477573697627, 44.769327603551034], [-1.073478659000306, 44.7696368352628], [-1.073437189869296, 44.76994465374415], [-1.073353564988261, 44.77024809448647], [-1.073228589062918, 44.77054423509357], [-1.07306346509617, 44.77083022342937], [-1.072859782824962, 44.77110330509118], [-1.072619503429352, 44.771360849942795], [-1.072344940660329, 44.7716003774523], [-1.072038738567543, 44.771819580589955], [-1.07170384604104, 44.772016348055686], [-1.071343488411982, 44.772188784621854], [-1.070961136385826, 44.77233522939489], [-1.070560472607379, 44.772454271819676], [-1.070145356180077, 44.77254476527207], [-1.069719785481804, 44.77260583810852], [-1.069287859636041, 44.7726369020658], [-1.068853739010269, 44.772637657930304], [-1.068421605123013, 44.772608098421365], [-1.067995620346643, 44.77254850826158], [-1.067579887795052, 44.7724594614328], [-1.06717841178354, 44.77234181564481], [-1.066795059242634, 44.772196704069565], [-1.066433522458326, 44.77202552442142], [-1.066097283498306, 44.77182992548816], [-1.065789580667332, 44.771611791243345], [-1.065513377315222, 44.77137322269304], [-1.065271333298045, 44.771116517632144], [-1.065065779367378, 44.77084414850589], [-1.064898694734071, 44.770558738589735], [-1.064771688022191, 44.77026303671768], [-1.064685981796028, 44.76995989080254], [-1.064642400808404, 44.76965222040352]]]}}, {"type": "Feature", "properties": {"nb_detections_cluster": 3, "frp_max": 7.75, "frp_moyen": 5.3, "derniere_detection": "2026-07-25T03:30:00", "fetch_timestamp": "2026-07-26T01:49:00"}, "geometry": {"type": "Polygon", "coordinates": [[[-1.05692, 44.77293], [-1.05401, 44.77398], [-1.04905, 44.77016], [-1.05692, 44.77293]]]}}, {"type": "Feature", "properties": {"nb_detections_cluster": 68, "frp_max": 15.06, "frp_moyen": 6.82, "derniere_detection": "2026-07-26T01:49:00", "fetch_timestamp": "2026-07-26T01:49:00"}, "geometry": {"type": "Polygon", "coordinates": [[[-1.02601199474296, 44.747431274766825], [-1.026272843021008, 44.747393931773296], [-1.026704598790285, 44.74736303569736], [-1.027138524933416, 44.74736244490266], [-1.027570443203343, 44.74739216507786], [-1.027996194677019, 44.74745191005005], [-1.02841167978175, 44.74754110453877], [-1.028812897751478, 44.74765888969264], [-1.029195985133948, 44.74780413135511], [-1.029557252978814, 44.74797543098025], [-1.029893222349227, 44.74817113909328], [-1.03020065781553, 44.74838937116701], [-1.030476598608864, 44.748628025761256], [-1.030718387134886, 44.748884804751086], [-1.030923694572985, 44.749157235449545], [-1.031090543314271, 44.749442694411776], [-1.031217326021869, 44.74973843269225], [-1.031302821129351, 44.75004160231156], [-1.031346204627376, 44.750349283678695], [-1.031347058024112, 44.7506585137044], [-1.031305372401871, 44.75096631433546], [-1.031221548529849, 44.75126972123498], [-1.031096393030878, 44.75156581233239], [-1.030931110638056, 44.751851735968216], [-1.030727292614916, 44.752124738362646], [-1.030486901449769, 44.75238219014275], [-1.030212251970872, 44.75262161167282], [-1.029905989063768, 44.75284069694372], [-1.029571062204922, 44.753037335790516], [-1.029210697056781, 44.75320963422429], [-1.028828364397726, 44.75335593268187], [-1.028427746686408, 44.753474822017395], [-1.028012702582814, 44.75356515708125], [-1.027587229768335, 44.75362606775547], [-1.027155426423629, 44.75365696733882], [-1.026721451736113, 44.753657558200935], [-1.026289485818378, 44.75362783465051], [-1.02586368942455, 44.7535680829902], [-1.025448163853578, 44.75347887875748], [-1.025046911426617, 44.75336108117818], [-1.02466379692009, 44.75321582488632], [-1.024302510326711, 44.7530445089901], [-1.02396653130382, 44.75284878358954], [-1.023659095652015, 44.75263053387617], [-1.023383164147281, 44.752391861968086], [-1.02314139402701, 44.752135066655576], [-1.022936113404487, 44.75186262125287], [-1.022769298858094, 44.751577149769844], [-1.022642556410618, 44.75128140163328], [-1.022557106081309, 44.750978225201294], [-1.022513770158713, 44.75067054032674], [-1.022512965306361, 44.75036131023363], [-1.022554698576411, 44.750053512977765], [-1.022638567368584, 44.74975011276636], [-1.022763763333795, 44.74945403141297], [-1.022847762315039, 44.74930875774083], [-1.022586902887611, 44.749346092696484], [-1.022155129641979, 44.749376972749076], [-1.02172118791221, 44.74937754402839], [-1.021289257493389, 44.74934780103173], [-1.020863498797647, 44.749288030249076], [-1.020448012760746, 44.74919880740208], [-1.020046801322971, 44.749080991895866], [-1.01966372886586, 44.74893571853715], [-1.01930248497703, 44.74876438659845], [-1.018966548902435, 44.748568646334334], [-1.018659156028947, 44.74835038307951], [-1.018383266720487, 44.74811169908244], [-1.018141537808003, 44.747854893249816], [-1.017936297007886, 44.7475824389972], [-1.017769520514992, 44.7472969604197], [-1.017642813985646, 44.74700120701235], [-1.017557397093224, 44.746698027184024], [-1.017514091804318, 44.74639034082022], [-1.017513314487531, 44.746081111159306], [-1.01755507192994, 44.74577331625288], [-1.017638961298597, 44.74546992028548], [-1.017764174046387, 44.74517384502978], [-1.017929503723628, 44.744887941711994], [-1.018133357619216, 44.74461496355844], [-1.018373772118365, 44.74435753928726], [-1.018648431628279, 44.74411814780059], [-1.018954690888942, 44.743899094320426], [-1.019289600453751, 44.74370248819753], [-1.019649935094379, 44.74353022260705], [-1.020032224856354, 44.743383956325786], [-1.020432788466423, 44.74326509776628], [-1.020847768770389, 44.743174791421225], [-1.021273169860688, 44.743113906848166], [-1.021704895536907, 44.743083030300774], [-1.022138788729651, 44.74308245908665], [-1.022570671509089, 44.743112198705916], [-1.022996385293842, 44.74317196279842], [-1.023411830874053, 44.74326117589962], [-1.023813007864166, 44.743378978978896], [-1.024196053206447, 44.74352423770709], [-1.024557278355284, 44.74369555337393], [-1.024893204784894, 44.743891276350176], [-1.025200597479054, 44.7441095219655], [-1.025476496080736, 44.74434818864926], [-1.025718243401859, 44.74460497816016], [-1.025923511018595, 44.74487741770983], [-1.026090321705543, 44.74516288376822], [-1.026217068492321, 44.74545862732141], [-1.02630253015848, 44.74576180033917], [-1.026345883016799, 44.746069483197736], [-1.02634670887061, 44.74637871279348], [-1.026304999067584, 44.74668651107729], [-1.026221154609915, 44.74698991373483], [-1.026095982318815, 44.747285998736345], [-1.02601199474296, 44.747431274766825]]]}}, {"type": "Feature", "properties": {"nb_detections_cluster": 5, "frp_max": 4.8, "frp_moyen": 2.66, "derniere_detection": "2026-07-26T01:49:00", "fetch_timestamp": "2026-07-26T01:49:00"}, "geometry": {"type": "Polygon", "coordinates": [[[-1.002463027047507, 44.759409741724824], [-1.002462332278944, 44.7591005105459], [-1.002504181727274, 44.758792719905465], [-1.002588171673216, 44.75848933394691], [-1.002713492600838, 44.758193274346425], [-1.00287893701851, 44.75790739217936], [-1.003082911110071, 44.75763444046827], [-1.00332345010322, 44.75737704767656], [-1.003598237206342, 44.75713769240322], [-1.003904625930823, 44.75691867952142], [-1.004239665583517, 44.75672211799095], [-1.004600129683604, 44.75654990055748], [-1.004982547030218, 44.756403685534124], [-1.005383235121793, 44.756284880839814], [-1.005798335605725, 44.75619463044855], [-1.006223851417472, 44.75613380337906], [-1.006655685252187, 44.756102985331374], [-1.007089678999224, 44.75610247304974], [-1.007521653760681, 44.75613227146686], [-1.007947450069608, 44.75619209365644], [-1.008362967921594, 44.75628136359448], [-1.008764206235188, 44.75639922170308], [-1.00914730136212, 44.75654453312322], [-1.009508564277285, 44.756715898637204], [-1.009844516091068, 44.7569116681358], [-1.010151921542584, 44.75712995650066], [-1.010427820151683, 44.75736866174944], [-1.010669554729885, 44.75762548526945], [-1.010874796975717, 44.75789795394475], [-1.011041569907712, 44.758183443964725], [-1.011168266918671, 44.758479206084644], [-1.011253667267098, 44.758782392095405], [-1.011296947855892, 44.75909008224802], [-1.011297691184011, 44.7593993133685], [-1.011255889393569, 44.75970710739296], [-1.011171944372383, 44.76001050004802], [-1.011046663909947, 44.760306569400115], [-1.010881253942842, 44.760592463999146], [-1.010677306963308, 44.76086543034481], [-1.010436786701749, 44.76112283941128], [-1.010162009229935, 44.76136221197417], [-1.009855620666354, 44.76158124249587], [-1.009520571697969, 44.761777821338704], [-1.009160089163597, 44.76195005509165], [-1.008777644972523, 44.76209628481453], [-1.008376922657929, 44.762215102023454], [-1.007961781887593, 44.76230536226354], [-1.007536221274239, 44.76236619613752], [-1.007104339844415, 44.7623970176839], [-1.00667029753782, 44.76239753002398], [-1.006238275118476, 44.76236772822281], [-1.005812433884793, 44.76230789933674], [-1.00539687556762, 44.76221861964711], [-1.00499560280346, 44.76210074910654], [-1.0046124805645, 44.76195542305182], [-1.004251198917745, 44.76178404126306], [-1.003915237472656, 44.761588254474916], [-1.003607831860238, 44.76136994847018], [-1.003331942566832, 44.76113122590902], [-1.003090226422915, 44.76087438606953], [-1.002885011021544, 44.76060190269471], [-1.002718272312567, 44.7603164001601], [-1.002591615588012, 44.7600206281914], [-1.002506260041193, 44.759717435376125], [-1.002463027047507, 44.759409741724824]]]}}, {"type": "Feature", "properties": {"nb_detections_cluster": 4, "frp_max": 1.64, "frp_moyen": 1.34, "derniere_detection": "2026-07-26T01:49:00", "fetch_timestamp": "2026-07-26T01:49:00"}, "geometry": {"type": "Polygon", "coordinates": [[[-0.989092532970526, 44.76521920917935], [-0.989091911628684, 44.76490997729327], [-0.989133838553554, 44.764602191081096], [-0.989217909279616, 44.764298814643425], [-0.989343313512942, 44.76400276956472], [-0.989508842959629, 44.763716906780445], [-0.989712902984706, 44.76344397912633], [-0.989953527988404, 44.76318661483417], [-0.990228400350937, 44.762947292228354], [-0.990534872762803, 44.762728315867456], [-0.990869993725135, 44.76253179435953], [-0.991230535974321, 44.76235962006489], [-0.991613027557145, 44.76221345088118], [-0.992013785257387, 44.76209469428589], [-0.992428950052341, 44.76200449378988], [-0.992854524258367, 44.76194371793146], [-0.993286410008477, 44.76191295191752], [-0.993720448692234, 44.76191249199128], [-0.994152460979118, 44.76194234258134], [-0.994578287040888, 44.76200221625899], [-0.994993826586638, 44.76209153650451], [-0.995395078325983, 44.76220944325552], [-0.995778178481293, 44.76235480118467], [-0.99613943797892, 44.76252621062638], [-0.996475377961998, 44.76272202104839], [-0.996782763283379, 44.76294034693827], [-0.997058633656535, 44.763179085952345], [-0.997300332164657, 44.763435939152615], [-0.997505530853374, 44.763708433137374], [-0.997672253160417, 44.763993943852185], [-0.997798892965866, 44.76428972185293], [-0.997884230078891, 44.76459291877754], [-0.997927442011161, 44.76490061477182], [-0.997928111922643, 44.76520984660544], [-0.997886232662348, 44.76551763620756], [-0.997802206864073, 44.7658210193473], [-0.997676843095199, 44.76611707418267], [-0.9975113480946, 44.76640294940326], [-0.997307315173505, 44.766675891695385], [-0.997066708890092, 44.76693327226479], [-0.996791846144735, 44.76717261216149], [-0.996485373877354, 44.76739160616246], [-0.996150243581264, 44.76758814498174], [-0.995789682878769, 44.76776033559376], [-0.995407164432235, 44.767906519473826], [-0.995006372490238, 44.768025288579636], [-0.994591167391376, 44.76811549891957], [-0.994165548368146, 44.76817628157704], [-0.993733615009838, 44.76820705108386], [-0.99329952775644, 44.76820751106257], [-0.992867467804979, 44.76817765708256], [-0.992441596815422, 44.76811777670284], [-0.99202601680522, 44.76802844670067], [-0.991624730619786, 44.76791052751333], [-0.991241603360495, 44.767765154946154], [-0.990880325142584, 44.767593729227215], [-0.99054437554233, 44.767397901514315], [-0.990236990076465, 44.76717955798437], [-0.989961129037066, 44.76694080165894], [-0.989719448982252, 44.766683932141255], [-0.989514277157247, 44.76641142346018], [-0.989347589091958, 44.76612590023485], [-0.989220989590417, 44.76583011239015], [-0.989135697294595, 44.765526908666494], [-0.989092532970526, 44.76521920917935]]]}}, {"type": "Feature", "properties": {"nb_detections_cluster": 3, "frp_max": 4.01, "frp_moyen": 2.74, "derniere_detection": "2026-07-26T01:49:00", "fetch_timestamp": "2026-07-26T01:49:00"}, "geometry": {"type": "Polygon", "coordinates": [[[-1.016146571061254, 44.76469052205124], [-1.016193199406682, 44.76468385311883], [-1.016625093410503, 44.76465299613154], [-1.017059153025397, 44.76465244480619], [-1.017491198719332, 44.764682204451425], [-1.017917070342482, 44.76474198851427], [-1.018332667165385, 44.764831221337865], [-1.018733987346327, 44.76494904370166], [-1.01911716644889, 44.765094321090885], [-1.019478514639501, 44.76526565461551], [-1.019814552207538, 44.76546139447437], [-1.020122043066478, 44.76567965583453], [-1.020398025913821, 44.76591833697379], [-1.020639842749963, 44.76617513951156], [-1.020845164481325, 44.766447590534064], [-1.021012013360979, 44.76673306640073], [-1.021138782050286, 44.76702881800315], [-1.021224249117367, 44.7673319972336], [-1.02126759082246, 44.76763968440842], [-1.021268389075765, 44.76794891638239], [-1.021226635490225, 44.76825671508343], [-1.021142731489172, 44.76856011619323], [-1.021017484466793, 44.768856197696834], [-1.020852100037348, 44.76914210802716], [-1.020648170446861, 44.76941509353249], [-1.020407659258001, 44.769672525002456], [-1.020132882454921, 44.76991192299697], [-1.019826486149454, 44.77013098173352], [-1.019491421102941, 44.77032759130269], [-1.019130914308909, 44.77049985799751], [-1.018748437910196, 44.770646122560535], [-1.018347675750128, 44.77076497617233], [-1.017932487880244, 44.77085527402737], [-1.01750687336694, 44.77091614636607], [-1.017074931755976, 44.77094700685646], [-1.016640823566804, 44.77094755824472], [-1.01620873019814, 44.77091779521975], [-1.015782813631921, 44.77085800446445], [-1.01536717632475, 44.77076876189285], [-1.014965821674124, 44.77065092710008], [-1.014582615441117, 44.77050563507858], [-1.014221248501905, 44.77033428528067], [-1.013885201287608, 44.77013852813293], [-1.013577710255454, 44.76992024913267], [-1.013301736714595, 44.76968155067997], [-1.013059938306995, 44.769424731820784], [-1.012854643418032, 44.76915226609609], [-1.012687828763098, 44.76886677771152], [-1.012561100365594, 44.76857101625647], [-1.012475678109007, 44.76826783021733], [-1.012432384011057, 44.7679601395394], [-1.01243163433203, 44.76765090750253], [-1.012433182789746, 44.76763950579984], [-1.012386551548571, 44.76764617315731], [-1.011954632238907, 44.76767701366055], [-1.01152054923605, 44.76767754499617], [-1.011088483696078, 44.76764776204623], [-1.010662597332825, 44.767587951685535], [-1.010246992311913, 44.76749869001695], [-1.009845671719787, 44.76738083681955], [-1.009462500989396, 44.76723552726309], [-1.009101170654888, 44.76706416096873], [-1.008765160794745, 44.766868388521914], [-1.008457707506346, 44.766650095567336], [-1.008181771735262, 44.76641138463948], [-1.007940010759636, 44.766154554904375], [-1.007734752604307, 44.76588208000778], [-1.00756797363087, 44.765596584243596], [-1.007441279519086, 44.7653008172723], [-1.007355889822268, 44.76499762763333], [-1.007312626244609, 44.76468993530669], [-1.00731190475253, 44.76438070358803], [-1.007353731595027, 44.76407291054873], [-1.007437703270384, 44.76376952035528], [-1.007563010438471, 44.76347345472469], [-1.00772844574001, 44.7631875647904], [-1.007932415446481, 44.76291460364979], [-1.008172954827673, 44.762657199857145], [-1.008447747088097, 44.76241783211733], [-1.008754145689366, 44.76219880542361], [-1.009089199843128, 44.76200222886878], [-1.009449682928852, 44.761829995343255], [-1.009832123562796, 44.761683763315034], [-1.01023283901913, 44.76156494086684], [-1.01064797068174, 44.761474672143585], [-1.011073521185881, 44.761413826340565], [-1.011505392892686, 44.76138298933817], [-1.011939427326889, 44.761382458063174], [-1.012371445198881, 44.76141223763118], [-1.012797286626681, 44.76147204129732], [-1.013212851171511, 44.76156129321603], [-1.013614137302399, 44.76167913398289], [-1.013997280910723, 44.76182442890589], [-1.014358592504621, 44.76199577892618], [-1.014694592725801, 44.762191534083726], [-1.015002045847303, 44.76240980939827], [-1.015277990929972, 44.76264850301323], [-1.015519770337823, 44.762905316427855], [-1.01572505533768, 44.76317777662363], [-1.015891868536328, 44.763463259871564], [-1.016018602938748, 44.76375901699218], [-1.016104037443281, 44.76406219982459], [-1.016147348623799, 44.76436988865038], [-1.016148118684532, 44.76467912030842], [-1.016146571061254, 44.76469052205124]]]}}, {"type": "Feature", "properties": {"nb_detections_cluster": 40, "frp_max": 13.2, "frp_moyen": 7.63, "derniere_detection": "2026-07-25T13:33:00", "fetch_timestamp": "2026-07-26T01:49:00"}, "geometry": {"type": "Polygon", "coordinates": [[[-1.04113, 44.76736], [-1.03828, 44.76835], [-1.0317, 44.76537], [-1.04113, 44.76736]]]}}, {"type": "Feature", "properties": {"nb_detections_cluster": 60, "frp_max": 168.89, "frp_moyen": 11.05, "derniere_detection": "2026-07-26T01:49:00", "fetch_timestamp": "2026-07-26T01:49:00"}, "geometry": {"type": "Polygon", "coordinates": [[[-0.99585, 44.82067], [-0.99524, 44.82121], [-0.98796, 44.81234], [-0.98002, 44.80952], [-0.97893, 44.79958], [-0.98082, 44.79431], [-0.97979, 44.78442], [-0.96666, 44.77567], [-0.96532, 44.77412], [-0.96944, 44.77013], [-0.98015, 44.77087], [-0.98598, 44.77155], [-0.98412, 44.77821], [-0.98768, 44.78719], [-0.99122, 44.79332], [-0.99125, 44.79617], [-0.99233, 44.80615], [-0.99699, 44.81503], [-0.99585, 44.82067]]]}}, {"type": "Feature", "properties": {"nb_detections_cluster": 1, "frp_max": 3.86, "frp_moyen": 3.86, "derniere_detection": "2026-07-25T02:11:00", "fetch_timestamp": "2026-07-26T01:49:00"}, "geometry": {"type": "Polygon", "coordinates": [[[-0.99281618868444, 44.8460293620477], [-0.99281554595013, 44.845720121769155], [-0.992857512786854, 44.8454123257721], [-0.992941684342733, 44.84510893825145], [-0.993067249350902, 44.84481288089835], [-0.993232997967396, 44.84452700476644], [-0.993437333445045, 44.84425406282009], [-0.99367828753014, 44.84399668342863], [-0.993953539432829, 44.8437573450619], [-0.994260438187965, 44.84353835243022], [-0.99459602819069, 44.84334181429831], [-0.994957077660598, 44.843169623186554], [-0.995340109760367, 44.843023437154464], [-0.99574143606936, 44.842904663841836], [-0.99615719209023, 44.84281444692041], [-0.996583374447143, 44.8427536550867], [-0.997015879418115, 44.84272287370139], [-0.997450542431238, 44.84272239915568], [-0.997883178145371, 44.84275223601899], [-0.998309620730313, 44.84281209699475], [-0.998725763959592, 44.84290140568554], [-0.999127600730737, 44.84301930214032], [-0.999511261633414, 44.84316465113087], [-0.999873052194851, 44.84333605307771], [-1.000209488444582, 44.84353185752075], [-1.000517330456607, 44.84375017900519], [-1.000793613546288, 44.843988915229815], [-1.001035676821812, 44.84424576728354], [-1.00124118881519, 44.8445182617757], [-1.001408169945804, 44.84480377464705], [-1.001535011599747, 44.84509955643273], [-1.001620491640645, 44.84540275873425], [-1.00166378620186, 44.84571046164565], [-1.001664477645638, 44.84601970187006], [-1.001622558611609, 44.846327501255836], [-1.001538432114624, 44.846630895477865], [-1.001412907689956, 44.84692696258745], [-1.001247193621973, 44.847212851156044], [-1.001042885330162, 44.84748580774132], [-1.000801950023497, 44.84774320341139], [-1.000526707770184, 44.84798255907083], [-1.000219809164553, 44.84820156934479], [-0.999884209805713, 44.84839812479052], [-0.999523141833621, 44.848570332222344], [-0.999140082796629, 44.84871653295353], [-0.998738722150556, 44.84883531877943], [-0.998322925712303, 44.84892554554739], [-0.997896698410922, 44.848986344182514], [-0.997464145695587, 44.84901712906278], [-0.997029433972995, 44.84901760366263], [-0.996596750456167, 44.848987763410605], [-0.996170262812331, 44.84892789573348], [-0.995754078999549, 44.84883857728618], [-0.995352207679895, 44.848720668394705], [-0.99496851959138, 44.84857530476525], [-0.994606710251515, 44.848403886539806], [-0.994270264352406, 44.848208064804034], [-0.993962422190878, 44.84798972567733], [-0.993686148457311, 44.847750972138876], [-0.993444103683971, 44.84749410376509], [-0.993238618627816, 44.847221594573824], [-0.993071671834283, 44.84693606918922], [-0.992944870597722, 44.846640277557], [-0.992859435501292, 44.84633706845405], [-0.99281618868444, 44.8460293620477]]]}}, {"type": "Feature", "properties": {"nb_detections_cluster": 14, "frp_max": 11.3, "frp_moyen": 4.31, "derniere_detection": "2026-07-26T01:49:00", "fetch_timestamp": "2026-07-26T01:49:00"}, "geometry": {"type": "Polygon", "coordinates": [[[-1.01447, 44.85421], [-1.02049, 44.8498], [-1.02602, 44.85101], [-1.01007, 44.85833], [-1.01447, 44.85421]]]}}, {"type": "Feature", "properties": {"nb_detections_cluster": 47, "frp_max": 35.67, "frp_moyen": 7.97, "derniere_detection": "2026-07-26T01:49:00", "fetch_timestamp": "2026-07-26T01:49:00"}, "geometry": {"type": "Polygon", "coordinates": [[[-1.00001, 44.88494], [-1.00035, 44.88759], [-0.99335, 44.88974], [-0.98856, 44.88898], [-0.98002, 44.88418], [-0.97405, 44.88052], [-0.97147, 44.8915], [-0.97385, 44.89335], [-0.96356, 44.88873], [-0.95809, 44.88772], [-0.95021, 44.88491], [-0.94775, 44.88317], [-0.94668, 44.8759], [-0.94425, 44.87422], [-0.95217, 44.877], [-0.96007, 44.87978], [-0.96981, 44.87819], [-0.97342, 44.87603], [-0.9761, 44.87774], [-0.98829, 44.88356], [-1.00001, 44.88494]]]}}, {"type": "Feature", "properties": {"nb_detections_cluster": 2, "frp_max": 10.36, "frp_moyen": 10.09, "derniere_detection": "2026-07-25T03:30:00", "fetch_timestamp": "2026-07-26T01:49:00"}, "geometry": {"type": "Polygon", "coordinates": [[[-1.022943531374106, 44.90894789638151], [-1.02295318814991, 44.90893758469855], [-1.023228633724174, 44.90869816883778], [-1.023535773387568, 44.908479090778656], [-1.02387164921463, 44.90828246010861], [-1.024233026672108, 44.90811017023912], [-1.024616425764115, 44.90796388018071], [-1.025018154536143, 44.90784499857487], [-1.025434344615682, 44.90775467013616], [-1.025860988447732, 44.90769376463484], [-1.026293977867349, 44.90766286852609], [-1.026729143638606, 44.90766227930582], [-1.02716229558015, 44.90769200264758], [-1.027589262891922, 44.907751752347934], [-1.028005934295747, 44.90784095308095], [-1.028408297604179, 44.90795874593511], [-1.028792478337565, 44.908103996679806], [-1.029154777018218, 44.90827530668163], [-1.029491704783316, 44.90847102636598], [-1.029800016974126, 44.90868927109426], [-1.03007674437846, 44.90892793930448], [-1.03031922182571, 44.909184732740705], [-1.030525113859054, 44.90945717857681], [-1.030692437237419, 44.90974265322225], [-1.030819580050087, 44.910038407580494], [-1.03090531725931, 44.91034159351737], [-1.030948822520475, 44.91064929128468], [-1.030949676165186, 44.91095853763527], [-1.030907869269367, 44.911266354358716], [-1.030823803766224, 44.911569776963105], [-1.030698288601924, 44.91186588322658], [-1.030532531970008, 44.91215182134361], [-1.030328129698362, 44.91242483739487], [-1.030087049899693, 44.91268230187585], [-1.029811614032642, 44.91292173502846], [-1.029504474555305, 44.91314083073158], [-1.029168589385996, 44.913337478719704], [-1.028807193416981, 44.913509784915874], [-1.028423767355537, 44.91365608968207], [-1.028022004192592, 44.91377498381164], [-1.02760577362228, 44.91386532210875], [-1.027179084755639, 44.91392623442427], [-1.026746047488266, 44.91395713404112], [-1.02631083289485, 44.913957723328636], [-1.025877633032954, 44.91392799661065], [-1.025450620544187, 44.91386824022035], [-1.025033908442856, 44.913779029740766], [-1.024631510480382, 44.91366122445795], [-1.024247302468156, 44.91351595908017], [-1.023884984932178, 44.91334463280315], [-1.023548047459867, 44.91314889582695], [-1.023239735083002, 44.912930633454664], [-1.022963017020916, 44.912691947926355], [-1.022720558085203, 44.91243513816349], [-1.022514693021294, 44.912162677619584], [-1.022347404033848, 44.9118771904504], [-1.022220301711951, 44.91158142623377], [-1.022134609537321, 44.911278233482705], [-1.022091152123912, 44.91097053220727], [-1.022090347301358, 44.91066128578945], [-1.022132202117528, 44.910353472442225], [-1.022216312797665, 44.91005005652777], [-1.022266271512896, 44.90993224002265], [-1.022256614439676, 44.90994255164903], [-1.021981158609468, 44.91018196519144], [-1.021674003555225, 44.9104010390675], [-1.021338107345413, 44.910597663222], [-1.020976704978751, 44.910769943807445], [-1.020593277224228, 44.91091622143254], [-1.020191517089156, 44.91103508715203], [-1.019775294238562, 44.91112539604368], [-1.019348617709158, 44.91118627824166], [-1.018915597277718, 44.911217147318965], [-1.018480403856753, 44.91121770593905], [-1.018047229299853, 44.91118794872121], [-1.017620246004836, 44.91112816229235], [-1.017203566704735, 44.91103892252488], [-1.016801204834947, 44.91092108898693], [-1.016417035859125, 44.9107757966589], [-1.016054759927169, 44.91060444499612], [-1.015717866225677, 44.91040868444313], [-1.015409599364736, 44.91019040053008], [-1.015132928125202, 44.90995169570452], [-1.014890516867615, 44.90969486907372], [-1.014684699878138, 44.909422394253596], [-1.014517458898366, 44.90913689553743], [-1.014390404054998, 44.90884112261416], [-1.014304758372485, 44.90853792408066], [-1.014261346017046, 44.90823022000262], [-1.014260584384423, 44.90792097378895], [-1.014302480106609, 44.9076131636506], [-1.014386629014995, 44.90730975391884], [-1.014512220059243, 44.90701366649884], [-1.014678043143135, 44.90672775273388], [-1.01488250080097, 44.90645476595085], [-1.015123623601192, 44.90619733495094], [-1.015399089128176, 44.90595793870103], [-1.015706244358775, 44.905738882468896], [-1.016042131217749, 44.905542275631745], [-1.016403515065725, 44.905370011371545], [-1.016786915845375, 44.90522374845226], [-1.017188641586017, 44.90510489525399], [-1.017604823944383, 44.90501459621776], [-1.018031455439856, 44.90495372083075], [-1.018464428026287, 44.9049228552581], [-1.018899572629827, 44.90492229670175], [-1.019332699272907, 44.90495205053996], [-1.019759637399015, 44.90501183027565], [-1.020176276010931, 44.905101060293696], [-1.020578603236882, 44.90521888140056], [-1.020962744944559, 44.9053641590936], [-1.021325002031962, 44.90553549447991], [-1.021661886036679, 44.90573123774045], [-1.021970152721262, 44.90594950400953], [-1.022246833311635, 44.90618819151777], [-1.02248926308791, 44.90644500182331], [-1.022695107052259, 44.90671746193762], [-1.022862382426461, 44.90700294813258], [-1.022989477762056, 44.90729871120038], [-1.0230751684785, 44.907601902922956], [-1.023118628678947, 44.90790960349632], [-1.023119439128996, 44.90821884964626], [-1.023077591320629, 44.90852666316424], [-1.022993487581152, 44.90883007958916], [-1.022943531374106, 44.90894789638151]]]}}, {"type": "Feature", "properties": {"nb_detections_cluster": 6, "frp_max": 17.6, "frp_moyen": 10.32, "derniere_detection": "2026-07-25T03:30:00", "fetch_timestamp": "2026-07-26T01:49:00"}, "geometry": {"type": "Polygon", "coordinates": [[[-1.02213, 44.91697], [-1.02999, 44.91972], [-1.02435, 44.91907], [-1.00876, 44.91352], [-1.00648, 44.91148], [-1.01432, 44.91423], [-1.02213, 44.91697]]]}}, {"type": "Feature", "properties": {"nb_detections_cluster": 18, "frp_max": 12.89, "frp_moyen": 8.8, "derniere_detection": "2026-07-26T01:49:00", "fetch_timestamp": "2026-07-26T01:49:00"}, "geometry": {"type": "Polygon", "coordinates": [[[-1.0012, 44.93271], [-0.9992, 44.94098], [-0.99139, 44.93821], [-0.97562, 44.93748], [-0.98353, 44.93542], [-0.98902, 44.93169], [-0.98789, 44.92925], [-0.98549, 44.92723], [-0.98006, 44.92647], [-0.99071, 44.9245], [-0.99769, 44.9238], [-1.00005, 44.92585], [-1.00556, 44.92655], [-1.0079, 44.92865], [-1.0012, 44.93271]]]}}, {"type": "Feature", "properties": {"nb_detections_cluster": 2, "frp_max": 4.87, "frp_moyen": 3.95, "derniere_detection": "2026-07-25T13:16:00", "fetch_timestamp": "2026-07-26T01:49:00"}, "geometry": {"type": "Polygon", "coordinates": [[[-0.981903663420831, 44.84311189758902], [-0.98177572410614, 44.84322311095937], [-0.981468778408401, 44.84344206904435], [-0.981133141884964, 44.84363856748819], [-0.980772047034005, 44.84381071365419], [-0.980388971662998, 44.84395684944566], [-0.979987605385277, 44.84407556728346], [-0.979571814072132, 44.844165723669775], [-0.979145602603346, 44.84422645020765], [-0.978713076275636, 44.84425716196947], [-0.978278401241518, 44.84425756313397], [-0.977845764360565, 44.844227649837066], [-0.977419332850699, 44.84416771020906], [-0.977003214129142, 44.84407832159799], [-0.97660141623082, 44.84396034500563], [-0.976217809186339, 44.8438149167902], [-0.975856087732367, 44.84364343771587], [-0.975519735714269, 44.84344755945427], [-0.975211992524396, 44.843229168669204], [-0.97493582189964, 44.84299036883739], [-0.974693883378971, 44.842733459981005], [-0.974488506695811, 44.84246091650773], [-0.974321669351696, 44.84217536337183], [-0.974194977586766, 44.84187955078617], [-0.97410965092982, 44.84157632772933], [-0.974066510475953, 44.8412686145029], [-0.974065971003851, 44.84095937460367], [-0.974108037007649, 44.840651586181565], [-0.974192302680617, 44.8403482133584], [-0.974317955849726, 44.840052177683674], [-0.974483785822258, 44.839766330002156], [-0.974688195067858, 44.83949342300413], [-0.974929214622734, 44.83923608472228], [-0.975204523066878, 44.83899679323054], [-0.975511468890967, 44.83877785278772], [-0.975847096037177, 44.838581371655984], [-0.976208172367694, 44.838409241806744], [-0.976591220786777, 44.838263120709634], [-0.976992552716835, 44.838144415379084], [-0.977408303606541, 44.838054268832266], [-0.977834470129564, 44.837993549088054], [-0.978266948716426, 44.83796284081295], [-0.978701575049264, 44.83796243969421], [-0.979134164140068, 44.83799234959421], [-0.979560550607466, 44.83805228251312], [-0.979976628765194, 44.83814166136079], [-0.980378392137168, 44.838259625510624], [-0.980506434977023, 44.83830816626031], [-0.980634365611843, 44.838196954531455], [-0.980941285905442, 44.83797799912887], [-0.981276889283468, 44.83778150162819], [-0.981637943836907, 44.837609354158495], [-0.982020972679647, 44.83746321435908], [-0.982422287422539, 44.8373444894245], [-0.982838023679692, 44.837254322560696], [-0.983264178265625, 44.83719358198213], [-0.983696647725767, 44.837162852555956], [-0.98413126783011, 44.83716243017309], [-0.984563853650609, 44.83719231890064], [-0.984990239837384, 44.837252230942674], [-0.985406320706893, 44.83734158941005], [-0.985808089756971, 44.837459533872426], [-0.986191678229216, 44.83760492863926], [-0.986553392348123, 44.83777637369031], [-0.98688974887914, 44.83797221815041], [-0.98719750866374, 44.838190576179336], [-0.987473707808946, 44.83842934512397], [-0.987715686231166, 44.8386862257581], [-0.987921113279434, 44.838958744415784], [-0.988088010191077, 44.83924427680494], [-0.988214769163192, 44.83954007327273], [-0.988300168855661, 44.839843285279194], [-0.98834338617568, 44.840150992824846], [-0.988344004229462, 44.84046023256805], [-0.988302016363559, 44.840768026361744], [-0.988217826255891, 44.84107140993459], [-0.988092244054558, 44.84136746144035], [-0.987926478600593, 44.841653329600675], [-0.987722125808626, 44.841926261169775], [-0.987481153316462, 44.84218362745657], [-0.987205881550699, 44.84242294964861], [-0.986898961390144, 44.84264192269333], [-0.986563348641732, 44.84283843750656], [-0.986202275574573, 44.843010601293905], [-0.985819219786255, 44.843156755788996], [-0.985417870701428, 44.84327549323253], [-0.985002094025723, 44.84336566993786], [-0.984575894497886, 44.8434264173123], [-0.984143377299578, 44.843457150227565], [-0.98370870849536, 44.843457572658615], [-0.983276074884785, 44.84342768053653], [-0.982849643654279, 44.84336776178767], [-0.982433522218389, 44.84327839355892], [-0.982031718638222, 44.843160436655765], [-0.981903663420831, 44.84311189758902]]]}}, {"type": "Feature", "properties": {"nb_detections_cluster": 2, "frp_max": 16.41, "frp_moyen": 14.68, "derniere_detection": "2026-07-25T03:30:00", "fetch_timestamp": "2026-07-26T01:49:00"}, "geometry": {"type": "Polygon", "coordinates": [[[-0.984330862786213, 44.90933799030952], [-0.984448418400679, 44.90929319125174], [-0.984850241739609, 44.909174454837355], [-0.985266506287843, 44.9090842768257], [-0.985693203773634, 44.909023525538615], [-0.986126225515631, 44.90899278594632], [-0.986561401966799, 44.90899235403762], [-0.986994542842966, 44.909022233971356], [-0.987421477450536, 44.90908213803626], [-0.98783809482605, 44.90917148942003], [-0.98824038330202, 44.90928942776053], [-0.988624469118989, 44.909434817426195], [-0.988986653712792, 44.90960625844591], [-0.989323449318677, 44.90980209998335], [-0.989631612549986, 44.910020456226526], [-0.989908175628374, 44.91025922453945], [-0.990150474965075, 44.91051610570209], [-0.990356176817895, 44.9107886260434], [-0.990523299776686, 44.911074161255165], [-0.990650233860354, 44.91136996165737], [-0.990735756040893, 44.911673178672196], [-0.990779042044231, 44.91198089225193], [-0.990779674313368, 44.912290138996866], [-0.990737646056161, 44.912597940692535], [-0.990653361337748, 44.91290133299149], [-0.990527631215705, 44.913197393963486], [-0.990361665954099, 44.91348327223896], [-0.990157063390512, 44.913756214474716], [-0.98991579356715, 44.91401359187698], [-0.989640179773341, 44.91425292552619], [-0.989332876181409, 44.914471910259415], [-0.988996842290894, 44.91466843687991], [-0.98863531442704, 44.91484061247951], [-0.988251774568014, 44.91498677867808], [-0.987849916801295, 44.91510552760359], [-0.987433611732634, 44.915195715458744], [-0.987006869190953, 44.915256473543465], [-0.986573799589081, 44.91528721662631], [-0.986138574313276, 44.915287648584275], [-0.985705385524015, 44.91525776525671], [-0.985278405756168, 44.915197854485235], [-0.984861747708678, 44.91510849333992], [-0.984459424612035, 44.914990542558016], [-0.984075311556146, 44.9148451382492], [-0.983713108151957, 44.914673680947345], [-0.983376302887088, 44.91447782211442], [-0.983068139519391, 44.91425944822718], [-0.982909036702637, 44.91412207390742], [-0.982791469741655, 44.914166871402664], [-0.98238960629188, 44.914285600553], [-0.981973298530988, 44.914375767930366], [-0.981546556313867, 44.91443650503191], [-0.981113490050235, 44.91446722682826], [-0.980678271094203, 44.9144676374015], [-0.980245091545365, 44.9144377327969], [-0.979818123849561, 44.914377801061086], [-0.979401480589418, 44.91428841946603], [-0.978999174852943, 44.91417044894597], [-0.978615081562775, 44.91402502580066], [-0.97825290013941, 44.91385355074542], [-0.977916118858685, 44.91365767541325], [-0.977607981247372, 44.91343928643972], [-0.977331454840908, 44.91320048728414], [-0.977089202604335, 44.91294357796223], [-0.976883557291703, 44.91267103288617], [-0.97671649899066, 44.91238547702566], [-0.976589636068074, 44.91208966061988], [-0.97650418969965, 44.9117864326842], [-0.976460982131769, 44.91147871356726], [-0.976460428787745, 44.911169466822564], [-0.976502534293554, 44.91086167066597], [-0.976586892460305, 44.910558289293796], [-0.976712690222568, 44.9102622443379], [-0.976878715493623, 44.90997638673241], [-0.977083368861012, 44.9097034692632], [-0.9773246790089, 44.90944612006376], [-0.977600321717996, 44.90920681731313], [-0.977907642259432, 44.90898786537856], [-0.978243680966609, 44.908791372632855], [-0.978605201738447, 44.90861923115922], [-0.978988723199621, 44.908473098539226], [-0.979390552217825, 44.908354381898256], [-0.979806819455707, 44.90826422436236], [-0.980233516615656, 44.9082034940562], [-0.980666535019476, 44.90817277574799], [-0.981101705152278, 44.90817236522159], [-0.981534836790723, 44.908202266429946], [-0.981961759330137, 44.908262191456956], [-0.982378361923229, 44.90835156328844], [-0.982780633044804, 44.90846952136538], [-0.983164699102453, 44.90861492986622], [-0.983526861722211, 44.90878638863837], [-0.983863633350854, 44.90898224667463], [-0.984171770832533, 44.90920061800408], [-0.984330862786213, 44.90933799030952]]]}}, {"type": "Feature", "properties": {"nb_detections_cluster": 1, "frp_max": 8.66, "frp_moyen": 8.66, "derniere_detection": "2026-07-25T03:30:00", "fetch_timestamp": "2026-07-26T01:49:00"}, "geometry": {"type": "Polygon", "coordinates": [[[-0.977550434184004, 44.9184587573381], [-0.977549874765988, 44.91814950994172], [-0.97759197953335, 44.917841712718065], [-0.977676342304138, 44.917538329873786], [-0.977802149968409, 44.91724228305491], [-0.977968190343929, 44.916956423213506], [-0.978172863872635, 44.91668350315695], [-0.978414199044418, 44.91642615104374], [-0.978689871398902, 44.9161868450809], [-0.978997225921668, 44.91596788966662], [-0.979333302618837, 44.915771393207216], [-0.979694865023481, 44.91559924782169], [-0.980078431359374, 44.91545311112924], [-0.980480308062127, 44.91533439029449], [-0.980896625335265, 44.91524422848388], [-0.981323374399446, 44.9151834938632], [-0.981756446076761, 44.91515277124222], [-0.982191670339439, 44.91515235644634], [-0.982624856443012, 44.915182253469595], [-0.983051833258454, 44.91524217443619], [-0.983468489415935, 44.915331542371064], [-0.983870812874561, 44.915449496752686], [-0.984254929538028, 44.91559490179508], [-0.984617140545122, 44.915766357379034], [-0.984953957876708, 44.91596221252798], [-0.985262137936848, 44.91618058129882], [-0.985538712785052, 44.916419360934974], [-0.985781018719095, 44.91667625210731], [-0.98598672193312, 44.9169487810484], [-0.986153841003716, 44.9172343233672], [-0.986280765987073, 44.91753012931522], [-0.986366273942653, 44.917833350261205], [-0.986409540733206, 44.91814106611955], [-0.986410148986595, 44.91845031346861], [-0.986368092141807, 44.91875811408806], [-0.98628377453916, 44.91906150364077], [-0.986158007552805, 44.91935756022291], [-0.985992001801751, 44.91964343250723], [-0.985787355513459, 44.919916367208145], [-0.985546039151206, 44.92017373560443], [-0.985270376452528, 44.92041305886328], [-0.984963022060776, 44.920632031921826], [-0.984626935964795, 44.92082854569569], [-0.984265354992705, 44.9210007074005], [-0.983881761634265, 44.921146858789925], [-0.98347985049233, 44.921265592134525], [-0.98306349268685, 44.92135576378712], [-0.982636698554803, 44.921416505203695], [-0.982203579006032, 44.92144723131334], [-0.98176830590798, 44.921447646156544], [-0.981335071881833, 44.9214177457375], [-0.980908049898251, 44.92135781806247], [-0.980491353062853, 44.92126844036433], [-0.980088994979762, 44.92115047353977], [-0.979704851075881, 44.921005053853015], [-0.979342621259257, 44.92083358198602], [-0.979005794271865, 44.92063770954105], [-0.978697614080711, 44.92041932312595], [-0.97842104863132, 44.92018052617532], [-0.978178761264724, 44.91992361868372], [-0.977973085073245, 44.91965107504565], [-0.977806000441831, 44.91936552021701], [-0.977679115990816, 44.919069704427], [-0.977593653103101, 44.91876647668511], [-0.977550434184004, 44.9184587573381]]]}}, {"type": "Feature", "properties": {"nb_detections_cluster": 1, "frp_max": 10.04, "frp_moyen": 10.04, "derniere_detection": "2026-07-25T03:30:00", "fetch_timestamp": "2026-07-26T01:49:00"}, "geometry": {"type": "Polygon", "coordinates": [[[-0.982578389940735, 44.944518959020336], [-0.982577802535369, 44.94420970923569], [-0.982619899272231, 44.94390190770417], [-0.98270427404605, 44.94359851867392], [-0.982830113630648, 44.94330246385053], [-0.982996205535785, 44.943016594263234], [-0.983200949706615, 44.942743662813264], [-0.983442373952265, 44.942486297768816], [-0.983718152954199, 44.942246977461494], [-0.984025630670706, 44.94202800642764], [-0.984361845921391, 44.941831493223965], [-0.984723560905018, 44.9416593301307], [-0.985107292376109, 44.94151317493755], [-0.985509345180219, 44.94139443498733], [-0.985925847825319, 44.94130425363049], [-0.986352789747325, 44.94124349922105], [-0.986786059911571, 44.941212756759334], [-0.987221486379371, 44.94121232226176], [-0.987654876459564, 44.941242199912125], [-0.988082057059377, 44.94130210202109], [-0.988498914847064, 44.94139145179523], [-0.988901435840517, 44.941509388887944], [-0.989285744041586, 44.9416547776796], [-0.989648138744889, 44.94182621820758], [-0.989985130162528, 44.94202205964032], [-0.990293473022239, 44.94224041616676], [-0.990570197815774, 44.942479185148294], [-0.990812639396816, 44.942736067358396], [-0.991018462652987, 44.94300858911599], [-0.991185685004519, 44.94329412609922], [-0.99131269551255, 44.943589928611026], [-0.991398270412402, 44.943893148053256], [-0.991441584921546, 44.94420086435486], [-0.991442221207669, 44.944510114089915], [-0.991400172439129, 44.94481791901516], [-0.991315842877808, 44.94512131475204], [-0.991190044012389, 44.94541737933722], [-0.991023986768297, 44.94570326136633], [-0.990819269868374, 44.945976207460006], [-0.990577864455486, 44.94623358878732], [-0.990302095124438, 44.94647292639089], [-0.989994617545296, 44.946691915069714], [-0.989658392893173, 44.946888445589], [-0.989296659330599, 44.94706062500306], [-0.988912900817026, 44.947206794895], [-0.988510813546135, 44.947325547357174], [-0.988094270334486, 44.94741573855827], [-0.987667283305117, 44.94747649976595], [-0.987233965226143, 44.947507245718676], [-0.986798489877587, 44.9475076802658], [-0.986365051829069, 44.94747779922174], [-0.985937826016758, 44.94741789040613], [-0.985520927509893, 44.94732853087018], [-0.985118371855397, 44.94721058133569], [-0.984734036383419, 44.947065177900306], [-0.984371622847354, 44.94689372108948], [-0.984034621758828, 44.94669786236049], [-0.983726278761755, 44.946479488189084], [-0.983449563369658, 44.94624070189194], [-0.983207140367564, 44.94598380336104], [-0.983001344153873, 44.945711266904645], [-0.982834156269125, 44.94542571740947], [-0.982707186327641, 44.94512990505341], [-0.982621656535152, 44.94482667881293], [-0.982578389940735, 44.944518959020336]]]}}, {"type": "Feature", "properties": {"nb_detections_cluster": 1, "frp_max": 14.91, "frp_moyen": 14.91, "derniere_detection": "2026-07-25T03:30:00", "fetch_timestamp": "2026-07-26T01:49:00"}, "geometry": {"type": "Polygon", "coordinates": [[[-0.998187997197178, 44.950049581445725], [-0.998187323643992, 44.949740331245216], [-0.998229338846369, 44.94943252330753], [-0.998313637484062, 44.949129121942555], [-0.998439407063899, 44.948833048974834], [-0.99860543576955, 44.948547155608395], [-0.998810124154522, 44.94827419497353], [-0.999051500564882, 44.94801679561956], [-0.999327240142461, 44.94777743620857], [-0.999634687224929, 44.94755842165349], [-0.999970880926632, 44.94736186093015], [-1.000332583653618, 44.94718964677642], [-1.000716312278244, 44.94704343747372], [-1.001118371673321, 44.94692464088587], [-1.001534890283245, 44.94683440090872], [-1.001961857390143, 44.94677358646077], [-1.002395161716826, 44.94674278312042], [-1.002830630995686, 44.946742287490316], [-1.003264072123405, 44.94677210434284], [-1.003691311515785, 44.94683194657415], [-1.004108235275109, 44.94692123796734], [-1.004510828784195, 44.94703911873791], [-1.004895215346826, 44.9471844538087], [-1.00525769350326, 44.94735584373431], [-1.00559477266221, 44.947551638170474], [-1.005903206706717, 44.94776995175876], [-1.006180025250651, 44.94800868227401], [-1.006422562245076, 44.94826553086024], [-1.006628481658934, 44.94853802416021], [-1.006795799986561, 44.948823538126156], [-1.006922905364894, 44.9491193232828], [-1.00700857311564, 44.94942253119918], [-1.007051977562046, 44.949730241915375], [-1.00705270000557, 44.950039492059304], [-1.007010732784695, 44.950347303383914], [-1.00692647937576, 44.95065071144911], [-1.006800750533824, 44.9509467941729], [-1.006634756509681, 44.951232699976316], [-1.006430095417036, 44.95150567525112], [-1.006188737860992, 44.951763090885386], [-1.005913007975153, 44.9520024675914], [-1.005605561049408, 44.95222149979158], [-1.005269357963382, 44.95241807783201], [-1.004907636671662, 44.952590308309325], [-1.004523881015327, 44.95273653231482], [-1.00412178716038, 44.95285534141964], [-1.003705227986692, 44.95294559124691], [-1.003278215770985, 44.95300641249962], [-1.00284486352395, 44.95303721933783], [-1.002409345354751, 44.95303771502448], [-1.001975856245531, 44.95300789478506], [-1.001548571624391, 44.9529480458535], [-1.001131607127166, 44.95285874470426], [-1.000728978936571, 44.95274085149671], [-1.000344565081613, 44.95259550178598], [-0.999982068070866, 44.95242409558007], [-0.999644979220174, 44.95222828384889], [-0.999336545018947, 44.952009952615526], [-0.999059735859335, 44.95177120478316], [-0.998817217429641, 44.95151433987333], [-0.998611325047494, 44.951241831870576], [-0.998444041179738, 44.95095630538766], [-0.998316976365169, 44.950660510380914], [-0.998231353723232, 44.950357295659764], [-0.998187997197178, 44.950049581445725]]]}}, {"type": "Feature", "properties": {"nb_detections_cluster": 1, "frp_max": 2.0, "frp_moyen": 2.0, "derniere_detection": "2026-07-26T01:49:00", "fetch_timestamp": "2026-07-26T01:49:00"}, "geometry": {"type": "Polygon", "coordinates": [[[-0.915233586835993, 44.74915626455537], [-0.915233371563288, 44.74884703413379], [-0.915275690490882, 44.74853927773031], [-0.915360135378697, 44.74823595915805], [-0.915485892330292, 44.747939999443695], [-0.91565174965595, 44.7476542487002], [-0.915856109564252, 44.74738145868402], [-0.916097003568698, 44.747124256301056], [-0.916372111460241, 44.746885118316364], [-0.916678783662464, 44.746666347510335], [-0.91701406675372, 44.7464700505115], [-0.917374731910209, 44.74629811751806], [-0.917757305996113, 44.74615220410399], [-0.918158105001527, 44.74603371528389], [-0.918573269506598, 44.74594379199012], [-0.918998801830876, 44.74588330009178], [-0.919430604510851, 44.74585282206149], [-0.919864519735964, 44.74585265136951], [-0.920296369364273, 44.74588278965943], [-0.920721995133383, 44.74594294673229], [-0.921137298680449, 44.74603254333956], [-0.921538280986827, 44.74615071675778], [-0.921921080868467, 44.74629632909173], [-0.922282012142213, 44.74646797822605], [-0.922617599110813, 44.74666401132027], [-0.922924610025481, 44.74688254071761], [-0.923200088204123, 44.747121462114485], [-0.923441380505769, 44.7473784748164], [-0.923646162886982, 44.7476511038853], [-0.923812462793894, 44.7479367239656], [-0.923938678173884, 44.748232584559574], [-0.924023592923173, 44.74853583650933], [-0.924066388620888, 44.748843559430334], [-0.924066652435696, 44.74915278983242], [-0.92402438112794, 44.749460549658146], [-0.92393998110769, 44.74976387496284], [-0.923814264547154, 44.750059844461106], [-0.923648441583842, 44.75034560766399], [-0.923444108688649, 44.75061841233624], [-0.923203233309975, 44.75087563100868], [-0.922928134941091, 44.75111478629036], [-0.92262146279246, 44.75133357473607], [-0.922286170283672, 44.75152988903948], [-0.921925486600437, 44.75170183833735], [-0.921542885590546, 44.7518477664291], [-0.921142052298576, 44.75196626773612], [-0.920726847461996, 44.7520562008462], [-0.920301270311169, 44.75211669951295], [-0.919869420032269, 44.75214718100367], [-0.919435456265051, 44.75214735171513], [-0.919003559016905, 44.75211721000297], [-0.91857788838023, 44.75205704619767], [-0.918162544442104, 44.751967439806506], [-0.917761527773379, 44.75184925392891], [-0.91737870087863, 44.7517036269389], [-0.917017750979112, 44.75153196151507], [-0.916682154487855, 44.751335911123874], [-0.916375143519594, 44.75111736408683], [-0.916099674758486, 44.7508784253854], [-0.915858400983585, 44.750621396379074], [-0.91565364552636, 44.75034875263246], [-0.915487379906003, 44.75006312006524], [-0.915361204857524, 44.74976724965499], [-0.915276334934781, 44.749463990936796], [-0.915233586835993, 44.74915626455537]]]}}, {"type": "Feature", "properties": {"nb_detections_cluster": 319, "frp_max": 60.72, "frp_moyen": 8.72, "derniere_detection": "2026-07-26T01:49:00", "fetch_timestamp": "2026-07-26T01:49:00"}, "geometry": {"type": "Polygon", "coordinates": [[[-0.937583153745265, 44.75546715568733], [-0.937582815612577, 44.75515792463384], [-0.937625017036229, 44.754850159022446], [-0.937709350907541, 44.754546822755074], [-0.937835004398923, 44.75425083702897], [-0.938000766816688, 44.75396505220769], [-0.938205041283042, 44.753692220375996], [-0.938445860133921, 44.753434968842576], [-0.938720903883621, 44.75319577484586], [-0.93902752357303, 44.75297694170572], [-0.93936276628583, 44.75278057665097], [-0.939723403586731, 44.75260857053521], [-0.940105962607873, 44.75246257963657], [-0.940506759484191, 44.752344009715806], [-0.940921934816167, 44.75225400248617], [-0.941347490818992, 44.75219342462501], [-0.94177932980111, 44.752162859432694], [-0.942213293602432, 44.75216260121874], [-0.942645203613353, 44.75219265246952], [-0.943070900990193, 44.752252723824114], [-0.94348628668078, 44.752342236859405], [-0.943887360875733, 44.752460329656635], [-0.944270261506457, 44.752605865096946], [-0.94463130141994, 44.75277744180537], [-0.944967003873099, 44.752973407638954], [-0.945274136005384, 44.75319187558859], [-0.945549739967707, 44.7534307419425], [-0.94579116140809, 44.753687706536326], [-0.945996075039724, 44.75396029489535], [-0.946162507044973, 44.75424588205614], [-0.946288854099204, 44.7545417178381], [-0.946373898830633, 44.75484495332243], [-0.946416821566597, 44.75515266828325], [-0.946417208252239, 44.75546189930728], [-0.946375054464431, 44.755769668331126], [-0.946290765481231, 44.75607301132176], [-0.946165152405206, 44.756369006823554], [-0.945999424376906, 44.75665480409727], [-0.945795176952551, 44.75692765057961], [-0.945554376757001, 44.757184918398856], [-0.945279342559045, 44.75742412969075], [-0.944972722950726, 44.75764298047075], [-0.944637470845246, 44.75783936283217], [-0.944276815038851, 44.75801138525631], [-0.943894229110557, 44.75815739083833], [-0.943493397959454, 44.758275973253184], [-0.943078182302223, 44.7583659903075], [-0.942652581473348, 44.75842657494636], [-0.942220694887026, 44.75845714360895], [-0.941786682532751, 44.758457401852354], [-0.941354724885984, 44.75842734718911], [-0.940928982621032, 44.75836726911124], [-0.940513556515088, 44.75827774630027], [-0.940112447930671, 44.758159641050604], [-0.939729520257947, 44.75801409095966], [-0.939368461689134, 44.757842497965385], [-0.939032749684233, 44.75764651483664], [-0.938725617470858, 44.75742802924713], [-0.938450022901216, 44.757189145586544], [-0.938208619966326, 44.75693216468435], [-0.938003733241844, 44.75665956164195], [-0.93783733551138, 44.75637396198706], [-0.937711028782405, 44.756078116380436], [-0.937626028877024, 44.75577487411841], [-0.937583153745265, 44.75546715568733]]]}}, {"type": "Feature", "properties": {"nb_detections_cluster": 2, "frp_max": 0.65, "frp_moyen": 0.65, "derniere_detection": "2026-07-26T01:49:00", "fetch_timestamp": "2026-07-26T01:49:00"}, "geometry": {"type": "Polygon", "coordinates": [[[-0.894526678394459, 44.76993647048204], [-0.894538445027237, 44.769952143247544], [-0.894704663051992, 44.77023780922667], [-0.8948307753599, 44.77053370526815], [-0.894915566839077, 44.77083698187252], [-0.894958220255097, 44.77114471841764], [-0.894958324146236, 44.77145395128201], [-0.89491587681243, 44.771761702384204], [-0.894831286358535, 44.772065007863446], [-0.894705366790424, 44.77236094662507], [-0.894539330200506, 44.772646668475964], [-0.894334775116987, 44.77291942157897], [-0.894093671128182, 44.77317657896149], [-0.893818339929266, 44.77341566382271], [-0.893511432973384, 44.77363437339556], [-0.89317590594196, 44.7738306011333], [-0.892814990279895, 44.774002457006375], [-0.892432162069757, 44.77414828571405], [-0.892031108544921, 44.77426668263488], [-0.891615692564573, 44.774356507362086], [-0.891189915393256, 44.77441689469326], [-0.89075787814416, 44.77444726296804], [-0.890323742258308, 44.774447319673726], [-0.889891689401244, 44.774417064264114], [-0.889465881164409, 44.77435678816478], [-0.88905041896036, 44.77426707196468], [-0.888649304499092, 44.7741487798209], [-0.888266401227001, 44.774003051131004], [-0.887905397100777, 44.77383128955314], [-0.88756976905542, 44.77363514947984], [-0.887262749509152, 44.77341652009635], [-0.886987295228225, 44.77317750717719], [-0.886746058851625, 44.772920412796594], [-0.886541363349971, 44.77264771314866], [-0.886375179664311, 44.772362034691376], [-0.88624910773982, 44.772066128844095], [-0.886164361136473, 44.771762845483074], [-0.886121755364143, 44.771455105490155], [-0.886121700053633, 44.77114587261933], [-0.886164195038079, 44.77083812495223], [-0.886248830381441, 44.77053482621767], [-0.886374790352766, 44.77023889725111], [-0.886540861306973, 44.76995318786924], [-0.886745443395258, 44.76968044943003], [-0.886986565991523, 44.769423308342546], [-0.887261906685523, 44.76918424078143], [-0.887403402668908, 44.76908341565822], [-0.887391638205919, 44.769067742140095], [-0.88722546077851, 44.76878206531232], [-0.88709939240476, 44.76848616079968], [-0.887014646610528, 44.76818287846559], [-0.886972038897981, 44.767875139182], [-0.886971978916701, 44.76756590669607], [-0.887014466544895, 44.767258159085756], [-0.88709909191745, 44.7669548600793], [-0.887225039399517, 44.766658930514794], [-0.887391095466356, 44.766373220214696], [-0.887595660412589, 44.766100480545816], [-0.887836763777245, 44.7658433379291], [-0.888112083335306, 44.76560426855389], [-0.888418967472293, 44.76538557453986], [-0.888754460726009, 44.76518936177592], [-0.889115332249259, 44.76501751964911], [-0.889498106919438, 44.76487170285838], [-0.88989909879558, 44.764753315487866], [-0.890314446601065, 44.76466349749301], [-0.890740150890823, 44.764603113729045], [-0.891172112545846, 44.764572745627305], [-0.891606172225111, 44.764572685599596], [-0.892038150395969, 44.76460293422389], [-0.89246388755845, 44.764663200238836], [-0.892879284277169, 44.76475290334693], [-0.893280340636295, 44.764871179799194], [-0.893663194738589, 44.765016890708246], [-0.894024159878561, 44.765188633009515], [-0.894359760032526, 44.765384752965396], [-0.894666763324314, 44.765603362082565], [-0.894942213144746, 44.76584235528972], [-0.895183456625376, 44.76609943120077], [-0.895388170192298, 44.76637211426888], [-0.89555438195369, 44.766657778618296], [-0.895680490705138, 44.766953673324856], [-0.895765281369088, 44.767256948902], [-0.895807936719055, 44.76756468473743], [-0.895808045274779, 44.767873917216505], [-0.895765605291365, 44.76818166826155], [-0.895681024802962, 44.76848497401231], [-0.895555117719549, 44.76878091337149], [-0.895389096013364, 44.769066636140266], [-0.895184558069327, 44.769339390472666], [-0.894943473310731, 44.76959654938421], [-0.894668163247571, 44.76983563605933], [-0.894526678394459, 44.76993647048204]]]}}, {"type": "Feature", "properties": {"nb_detections_cluster": 12, "frp_max": 27.07, "frp_moyen": 15.07, "derniere_detection": "2026-07-25T13:33:00", "fetch_timestamp": "2026-07-26T01:49:00"}, "geometry": {"type": "Polygon", "coordinates": [[[-0.940521494712487, 44.776697273994486], [-0.940521140296602, 44.776388040663306], [-0.940563341571271, 44.77608027165653], [-0.94064769142872, 44.775776930908826], [-0.940773376886897, 44.77548093966056], [-0.940939186943786, 44.7751951483285], [-0.941143524262395, 44.77492230906013], [-0.941384420573019, 44.77466504923574], [-0.941659555643725, 44.77442584617361], [-0.941966279635774, 44.77420700328094], [-0.942301638628305, 44.774010627880415], [-0.942662403066241, 44.77383861092529], [-0.943045098857474, 44.773692608798065], [-0.943446040820021, 44.77357402736758], [-0.943861368157437, 44.773484008457956], [-0.944287081621428, 44.773423418859004], [-0.944719082004469, 44.773392841984105], [-0.945153209592596, 44.773392572255254], [-0.94558528419938, 44.77342261226969], [-0.946011145396517, 44.773482672774726], [-0.946426692554666, 44.77357217545169], [-0.946827924309893, 44.77369025848158], [-0.947210977076619, 44.77383578483957], [-0.947572162237023, 44.774007353238204], [-0.947908001649458, 44.774203311614535], [-0.948215261134541, 44.77442177303126], [-0.948490981616759, 44.774660633839545], [-0.948732507621934, 44.77491759392842], [-0.948937512856086, 44.77519017886661], [-0.949104022619146, 44.77547576372362], [-0.949230432837299, 44.77577159834105], [-0.949315525530047, 44.776074833811364], [-0.949358480562367, 44.77638254990883], [-0.949358883567861, 44.77669178320922], [-0.949316729965705, 44.776999555627285], [-0.949232425031642, 44.777302903097265], [-0.949106780021347, 44.77759890412045], [-0.948941004382441, 44.77788470790442], [-0.948736694129256, 44.778157561823186], [-0.948495816491388, 44.77841483793343], [-0.948220690983185, 44.778654058291046], [-0.947913967075906, 44.778872918824156], [-0.947578598687153, 44.77906931153217], [-0.947217815733096, 44.7792413447967], [-0.946835093017405, 44.77938736160852], [-0.946434116756756, 44.779505955534425], [-0.946018749065651, 44.779595984270145], [-0.945592990743152, 44.77965658064822], [-0.945160942720675, 44.779687160994804], [-0.944726766542936, 44.77968743075443], [-0.94429464426364, 44.77965738732868], [-0.943868738143117, 44.77959732010138], [-0.943453150537087, 44.77950780764952], [-0.943051884363877, 44.77938971216772], [-0.942668804531724, 44.779244171159334], [-0.942307600698567, 44.77907258647482], [-0.941971751723628, 44.77887661080304], [-0.941664492153775, 44.778658131745864], [-0.94138878106778, 44.77841925363009], [-0.941147273578728, 44.778162277231814], [-0.940942295269034, 44.777889677609025], [-0.940775819804074, 44.777604080256594], [-0.940649449939611, 44.77730823581305], [-0.940564402105368, 44.777004993563594], [-0.940521494712487, 44.776697273994486]]]}}, {"type": "Feature", "properties": {"nb_detections_cluster": 3, "frp_max": 28.47, "frp_moyen": 17.72, "derniere_detection": "2026-07-26T01:49:00", "fetch_timestamp": "2026-07-26T01:49:00"}, "geometry": {"type": "Polygon", "coordinates": [[[-0.9593, 44.78315], [-0.95813, 44.78008], [-0.96027, 44.78167], [-0.9593, 44.78315]]]}}, {"type": "Feature", "properties": {"nb_detections_cluster": 55, "frp_max": 62.73, "frp_moyen": 15.99, "derniere_detection": "2026-07-25T13:33:00", "fetch_timestamp": "2026-07-26T01:49:00"}, "geometry": {"type": "Polygon", "coordinates": [[[-0.949547510536059, 44.82768763653206], [-0.949547106126778, 44.82737839790688], [-0.949589296259501, 44.827070620165024], [-0.949673673932479, 44.8267672673253], [-0.949799425894546, 44.826471260744654], [-0.949965340502073, 44.826185450987516], [-0.950169819410173, 44.82591259037881], [-0.950410892984717, 44.82565530650441], [-0.950686239285988, 44.825416076914195], [-0.950993206440574, 44.82519720527082], [-0.951328838185663, 44.825000799173864], [-0.951689902339512, 44.824828749872154], [-0.95207292192392, 44.82468271405967], [-0.952474208639167, 44.82456409792964], [-0.952889898369438, 44.824474043640244], [-0.953315988377361, 44.82441341832201], [-0.953748375830198, 44.82438280573222], [-0.954182897287507, 44.8243825006368], [-0.95461536877095, 44.8244125059735], [-0.955041626031363, 44.824472532823556], [-0.955457564626334, 44.82456200319236], [-0.955859179423325, 44.824680055572045], [-0.956242603148868, 44.82482555323289], [-0.956604143613444, 44.824997095163845], [-0.956940319254274, 44.82519302955679], [-0.957247892654315, 44.82541146970547], [-0.957523901715044, 44.82565031216586], [-0.957765688183028, 44.82590725700373], [-0.957970923255552, 44.82617982993472], [-0.958137630018508, 44.82646540614399], [-0.958264202500079, 44.82676123555656], [-0.95834942115612, 44.82706446931499], [-0.958392464637395, 44.82737218721013], [-0.958392917724487, 44.8276814258005], [-0.958350775352987, 44.827989206949965], [-0.958266442689202, 44.82829256650874], [-0.958140731254623, 44.82858858286173], [-0.95797485113543, 44.8288744050689], [-0.957770399351143, 44.82914728032691], [-0.957529344493535, 44.82940458048687], [-0.957254007783046, 44.829643827373154], [-0.956947040724517, 44.82986271665833], [-0.956611399577069, 44.830059140064925], [-0.956250316883773, 44.83023120567888], [-0.95586727033529, 44.830377256179325], [-0.955465949267553, 44.83049588480863], [-0.955050219116527, 44.830585948928245], [-0.954624084172928, 44.830646581029846], [-0.954191648996348, 44.83067719709553], [-0.953757078861227, 44.83067750222576], [-0.953324559616562, 44.83064749348147], [-0.952898257346956, 44.830587459912344], [-0.952482278224496, 44.830497979771216], [-0.952080628939172, 44.8303799149415], [-0.951697178089816, 44.83023440263136], [-0.951335618908303, 44.830062844414826], [-0.950999433676693, 44.82986689272583], [-0.950691860180594, 44.82964843493532], [-0.950415860522225, 44.82940957516532], [-0.950174092593688, 44.829152614015214], [-0.94996888448524, 44.82888002639624], [-0.949802212074773, 44.8285944376877], [-0.949675680013958, 44.828298598444924], [-0.949590506293592, 44.8279953579031], [-0.949547510536059, 44.82768763653206]]]}}, {"type": "Feature", "properties": {"nb_detections_cluster": 78, "frp_max": 10.52, "frp_moyen": 3.95, "derniere_detection": "2026-07-26T01:49:00", "fetch_timestamp": "2026-07-26T01:49:00"}, "geometry": {"type": "Polygon", "coordinates": [[[-0.936376787274399, 44.836407112050495], [-0.936376455294467, 44.83609787249475], [-0.936418724123114, 44.835790098882185], [-0.936503186000542, 44.83548675519178], [-0.936629026864533, 44.83519076269223], [-0.936795034215237, 44.83490497181233], [-0.936999608814608, 44.834632134695134], [-0.937240780107032, 44.834374878700224], [-0.937516225211847, 44.834135681108954], [-0.937823291304294, 44.83391684527577], [-0.938159021168972, 44.83372047845542], [-0.938520181679461, 44.833548471518455], [-0.938903294929893, 44.833402480750884], [-0.93930467171881, 44.83328391191216], [-0.939720447063255, 44.83319390670517], [-0.940146617401657, 44.83313333178771], [-0.940579079127941, 44.833102770431786], [-0.941013668086632, 44.83310251691004], [-0.941446199649535, 44.83313257366356], [-0.941872508989055, 44.83319265127855], [-0.942288491161341, 44.83328217127154], [-0.942690140614234, 44.833400271656835], [-0.943073589740501, 44.8335458152425], [-0.943435146105926, 44.83371740057522], [-0.943771327994464, 44.833913375428914], [-0.944078897928717, 44.834131852707706], [-0.944354893843307, 44.83437072860999], [-0.944596657611131, 44.83462770287946], [-0.944801860647794, 44.8349003009483], [-0.944968526347393, 44.83518589775952], [-0.945095049133256, 44.835481743039644], [-0.945180209939521, 44.83578498777841], [-0.94522318797379, 44.83609271166081], [-0.945223568646675, 44.83640195118762], [-0.945181347590936, 44.83670972821361], [-0.945096930730486, 44.8370130786286], [-0.944971130397564, 44.83730908090552], [-0.944805157534436, 44.837594884239785], [-0.944600610053807, 44.83786773600974], [-0.944359457469137, 44.83812500829272], [-0.944084021942155, 44.83836422318144], [-0.943776955929552, 44.83858307665667], [-0.94344121664366, 44.83877946078577], [-0.943080037572951, 44.83895148403293], [-0.942696897336551, 44.83909748948541], [-0.942295486172975, 44.83921607081941], [-0.941879670386178, 44.83930608585188], [-0.941453455091908, 44.839366667547395], [-0.941020945623868, 44.83939723237346], [-0.940586307972224, 44.83939748592415], [-0.940153728636414, 44.8393674257572], [-0.939727374279916, 44.83930734141762], [-0.93931135157656, 44.83921781164728], [-0.938909667636092, 44.8390996988076], [-0.938526191391082, 44.838954140569165], [-0.938164616317904, 44.83878253894841], [-0.937828424851534, 44.83858654679726], [-0.937520854837436, 44.83836805187639], [-0.937244868344061, 44.83812915866539], [-0.937003123136456, 44.83787216808571], [-0.936797947085761, 44.837599555331956], [-0.936631315760821, 44.83731394602543], [-0.936504833417311, 44.83701809091986], [-0.936419717566914, 44.83671483940306], [-0.936376787274399, 44.836407112050495]]]}}, {"type": "Feature", "properties": {"nb_detections_cluster": 1, "frp_max": 12.83, "frp_moyen": 12.83, "derniere_detection": "2026-07-25T13:33:00", "fetch_timestamp": "2026-07-26T01:49:00"}, "geometry": {"type": "Polygon", "coordinates": [[[-0.932546291560323, 44.84256695970259], [-0.932545980629483, 44.84225771951342], [-0.932588275078084, 44.84194994674063], [-0.932672766899455, 44.84164660535508], [-0.932798641742888, 44.841350616603265], [-0.9329646867812, 44.841064830877855], [-0.933169302413332, 44.840792000272245], [-0.933410517688475, 44.84053475208328], [-0.933686009302391, 44.840295563517124], [-0.933993123982451, 44.840076737841365], [-0.934328904045394, 44.839880382212826], [-0.934690115881462, 44.839708387394346], [-0.935073281090616, 44.839562409555214], [-0.935474709971145, 44.8394438543304], [-0.935890537038583, 44.839353863291635], [-0.9363167582334, 44.83929330296038], [-0.936749269459916, 44.839262756468145], [-0.937183906086104, 44.83926251794442], [-0.93761648302486, 44.839292589685925], [-0.938042835011732, 44.839352682134525], [-0.938458856692271, 44.83944221666395], [-0.938860542133916, 44.839560331148476], [-0.939244023382909, 44.83970588826041], [-0.939605607695702, 44.839877486416235], [-0.939941813087095, 44.840073473266386], [-0.940249401853315, 44.840291961599426], [-0.940525411747547, 44.8405308475073], [-0.940767184507964, 44.84078783063736], [-0.940972391463444, 44.84106043633642], [-0.941139055970203, 44.84134603947402], [-0.941265572462898, 44.841641889715746], [-0.941350721936112, 44.84194513800349], [-0.94139368370642, 44.84225286398808], [-0.941394043340899, 44.84256210415004], [-0.941351796674769, 44.842869880337965], [-0.941267349878448, 44.84317322844977], [-0.941141515572353, 44.843469226980446], [-0.940975505025846, 44.84375502516156], [-0.940770916514479, 44.844027870421044], [-0.940529719946831, 44.84428513489887], [-0.940254237908217, 44.84452434076296], [-0.939947123303293, 44.84474318408097], [-0.939611333812435, 44.844939557018066], [-0.939250103407708, 44.845111568146265], [-0.938866911202736, 44.84525756066949], [-0.938465447936661, 44.845376128388494], [-0.938049580415372, 44.84546612925139], [-0.937623314253012, 44.84552669635918], [-0.937190755273341, 44.84555724631994], [-0.936756069943513, 44.84555748487089], [-0.936323445222286, 44.84552740971423], [-0.935897048210364, 44.8454673105394], [-0.935480985992486, 44.84537776623112], [-0.935079266059036, 44.84525963929088], [-0.934695757689277, 44.84511406752507], [-0.934334154668991, 44.844942453080364], [-0.933997939702296, 44.844746448932284], [-0.933690350860941, 44.844527942957], [-0.933414350394625, 44.84428903974057], [-0.933172596202866, 44.84403204030081], [-0.932967416243204, 44.84375941991764], [-0.93280078612199, 44.84347380428584], [-0.932674310083147, 44.843177944219995], [-0.932589205577476, 44.84287468915571], [-0.932546291560323, 44.84256695970259]]]}}, {"type": "Feature", "properties": {"nb_detections_cluster": 2, "frp_max": 2.04, "frp_moyen": 2.03, "derniere_detection": "2026-07-25T02:11:00", "fetch_timestamp": "2026-07-26T01:49:00"}, "geometry": {"type": "Polygon", "coordinates": [[[-0.957996549350478, 44.85055976124663], [-0.958083220842627, 44.85053414838757], [-0.958499093772685, 44.85044407231821], [-0.958925374727089, 44.85038342494345], [-0.959357959034742, 44.85035279023301], [-0.959792681359998, 44.85035246316578], [-0.960225355790701, 44.850382446891075], [-0.960651816123847, 44.850442452698246], [-0.961067955961961, 44.85053190279531], [-0.961469768235017, 44.85064993586958], [-0.961853383768275, 44.85079541537725], [-0.962215108525446, 44.850966940482074], [-0.962551459169256, 44.85116285953801], [-0.962859196597513, 44.85138128598646], [-0.963135357132112, 44.85162011651539], [-0.963377281060816, 44.851877051305465], [-0.963582638256935, 44.85214961616914], [-0.963749450629968, 44.85243518636927], [-0.963876111190629, 44.85273101188878], [-0.963961399546037, 44.85303424390777], [-0.964004493675159, 44.8533419622339], [-0.964004977870192, 44.85365120342155], [-0.963962846766491, 44.85395898930959], [-0.963878505421195, 44.85426235570268], [-0.963752765438764, 44.85455838091988], [-0.963586837179714, 44.85484421393587], [-0.963382318126649, 44.85511710184319], [-0.963141177518736, 44.8553744163712], [-0.962865737401889, 44.85561367920582], [-0.962558650276589, 44.8558325858661], [-0.962222873558162, 44.85602902790717], [-0.961861641095331, 44.856201113235514], [-0.961478432021271, 44.8563471843404], [-0.961076937237404, 44.85646583426572], [-0.96066102385306, 44.856555920167786], [-0.96023469792408, 44.85661657432851], [-0.959802065849907, 44.85664721251746], [-0.959367294801826, 44.856647539622], [-0.958934572564387, 44.85661755249142], [-0.958508067177781, 44.856557539967234], [-0.958091886770858, 44.85646808009955], [-0.957690039972683, 44.85635003457654], [-0.957306397284776, 44.85620454042037], [-0.956944653786963, 44.856032999030255], [-0.956608293536714, 44.85583706267808], [-0.956373343970903, 44.85567028655033], [-0.956286663773125, 44.85569589811675], [-0.955870748407782, 44.85578596604978], [-0.955444423150917, 44.85584660179956], [-0.95501179439552, 44.85587722131296], [-0.954577029280913, 44.85587752965725], [-0.954144315534482, 44.8558475238624], [-0.953717821114607, 44.85578749294973], [-0.953301654044478, 44.85569801514644], [-0.952899822824652, 44.85557995231347], [-0.952516197806549, 44.85543444163973], [-0.952154473899744, 44.855262884683505], [-0.951818134972947, 44.855066933866595], [-0.951510420292077, 44.85484847655158], [-0.95123429331905, 44.85460961685586], [-0.950992413171974, 44.854352655378165], [-0.950787109021602, 44.85408006703288], [-0.95062035767043, 44.85379447720631], [-0.950493764529935, 44.853498636464586], [-0.950408548178631, 44.8531953940573], [-0.950365528648885, 44.852887670472306], [-0.950365119554444, 44.852578429305964], [-0.950407324133548, 44.852270648720236], [-0.950491735244704, 44.85196729276135], [-0.950617539314129, 44.85167128281621], [-0.950783524195843, 44.851385469481755], [-0.950988090867721, 44.85111260511728], [-0.95122926885006, 44.85085531734486], [-0.951504735197384, 44.850616083751866], [-0.951811836880032, 44.85039720803955], [-0.952147616339599, 44.850200797846625], [-0.952508839971878, 44.85002874446137], [-0.952892029263029, 44.84988270461709], [-0.953293494279301, 44.84976408454578], [-0.953709369188174, 44.84967402644366], [-0.954135649469422, 44.84961339747787], [-0.954568230458443, 44.84958278144086], [-0.955002946851551, 44.84958247313175], [-0.955435612793699, 44.849612475519216], [-0.955862062163597, 44.84967249971291], [-0.956278188669303, 44.84976196774378], [-0.956679985369128, 44.84988001812649], [-0.957063583238234, 44.85002551415058], [-0.95742528841037, 44.850197054820725], [-0.957761617736785, 44.85039298834099], [-0.957996549350478, 44.85055976124663]]]}}, {"type": "Feature", "properties": {"nb_detections_cluster": 1, "frp_max": 2.25, "frp_moyen": 2.25, "derniere_detection": "2026-07-26T01:49:00", "fetch_timestamp": "2026-07-26T01:49:00"}, "geometry": {"type": "Polygon", "coordinates": [[[-0.935554959332726, 44.859587080511375], [-0.935554631741009, 44.85927783862926], [-0.935596922519328, 44.85897006301619], [-0.935681423695933, 44.85866671767037], [-0.935807320829607, 44.85837072387645], [-0.935973400878112, 44.85808493207565], [-0.936178063902887, 44.85781209441995], [-0.936419338496422, 44.85755483827403], [-0.936694900783001, 44.8573156409207], [-0.937002096809241, 44.85709680571219], [-0.937337968108419, 44.85690043989711], [-0.937699280192151, 44.85672843433639], [-0.938082553695073, 44.856582445302756], [-0.938484097872735, 44.856463878538975], [-0.938900046130559, 44.856373875727904], [-0.93932639324221, 44.856313303504315], [-0.939759033899731, 44.85628274511427], [-0.94019380222501, 44.8562824948018], [-0.940626511863033, 44.856312554977144], [-0.941052996271811, 44.856372636193534], [-0.941469148822009, 44.85646215993282], [-0.941870962321108, 44.856580264173274], [-0.942254567582423, 44.856725811685806], [-0.942616270668379, 44.85689740097926], [-0.942952588450143, 44.85709337978954], [-0.943260282141691, 44.85731186098258], [-0.94353638848578, 44.85755074071909], [-0.943778248291686, 44.85780771870589], [-0.943983532049877, 44.85808032033932], [-0.944150262376727, 44.858365920528115], [-0.944276833072751, 44.85866176896625], [-0.944362024610194, 44.85896501661302], [-0.944405015900163, 44.85927274312546], [-0.944405392225038, 44.85958198497901], [-0.944363149258875, 44.85988976400599], [-0.94427869313603, 44.86019311607698], [-0.94415283656633, 44.86048911964892], [-0.943986791033161, 44.860774923904785], [-0.943782155148679, 44.861047776213994], [-0.943540899277407, 44.8613050486487], [-0.943265346575578, 44.861544263300146], [-0.942958150628236, 44.86176311615137], [-0.942622269899073, 44.86195949927572], [-0.942260939238859, 44.862131521147106], [-0.941877638726847, 44.862277524865966], [-0.941476060145426, 44.86239610412521], [-0.941060071411295, 44.862486116761794], [-0.940633679306271, 44.86254669576334], [-0.940200990867378, 44.862577257623315], [-0.93976617380894, 44.86257750796436], [-0.939333416358759, 44.8625474443751], [-0.938906886896222, 44.86248735643354], [-0.93849069378205, 44.862397822916236], [-0.938088845767615, 44.862279706220725], [-0.937705213366009, 44.86213414405471], [-0.937343491557787, 44.861962538472426], [-0.937007164191275, 44.86176654236403], [-0.936699470420829, 44.86154804352829], [-0.936423373506727, 44.8613091464825], [-0.936181532277302, 44.86105215218506], [-0.935976275528203, 44.86077953586639], [-0.935809579605108, 44.86049392318212], [-0.935683049385393, 44.860198064918485], [-0.935597902841322, 44.859894810493735], [-0.935554959332726, 44.859587080511375]]]}}, {"type": "Feature", "properties": {"nb_detections_cluster": 12, "frp_max": 4.1, "frp_moyen": 3.02, "derniere_detection": "2026-07-26T01:49:00", "fetch_timestamp": "2026-07-26T01:49:00"}, "geometry": {"type": "Polygon", "coordinates": [[[-0.91787, 44.87923], [-0.90953, 44.88622], [-0.91034, 44.88238], [-0.91115, 44.87853], [-0.91195, 44.87468], [-0.91276, 44.87083], [-0.91357, 44.86699], [-0.91439, 44.86314], [-0.92168, 44.86097], [-0.92049, 44.86183], [-0.91787, 44.87923]]]}}, {"type": "Feature", "properties": {"nb_detections_cluster": 22, "frp_max": 15.63, "frp_moyen": 7.12, "derniere_detection": "2026-07-26T01:49:00", "fetch_timestamp": "2026-07-26T01:49:00"}, "geometry": {"type": "Polygon", "coordinates": [[[-0.96934204858148, 44.869498651547836], [-0.969186795683103, 44.869633501609215], [-0.96887965652782, 44.86985242673569], [-0.968543818086827, 44.87004888877545], [-0.968182514803224, 44.870220995442374], [-0.967799226492262, 44.870367089020235], [-0.967397644818556, 44.87048576233644], [-0.966981637728401, 44.870575872322014], [-0.966555212180302, 44.870636551026905], [-0.966122475533371, 44.87066721398422], [-0.965687595966309, 44.870667565842815], [-0.965254762309109, 44.87063760321351], [-0.964828143675362, 44.87057761470181], [-0.96441184928492, 44.87048817812657], [-0.964009888864923, 44.870370154951566], [-0.963626134011458, 44.870224681983764], [-0.963264280884857, 44.87005316041827], [-0.962927814598614, 44.86985724233605], [-0.962619975645452, 44.869638814784395], [-0.962343728684295, 44.86939998159411], [-0.962101733988928, 44.86914304310865], [-0.961896321833309, 44.86887047402104], [-0.961729470060038, 44.86858489953213], [-0.961602785047594, 44.86828907006039], [-0.961517486259073, 44.867985834746996], [-0.961474394520489, 44.86767811401148], [-0.961473924140677, 44.86736887142288], [-0.961516078947719, 44.867061085156934], [-0.961600452279055, 44.866757719314585], [-0.961726230924325, 44.86646169537806], [-0.961892202981978, 44.86617586407899], [-0.962096769552995, 44.865902977949865], [-0.96233796015827, 44.8656456648223], [-0.962613451730438, 44.86540640252792], [-0.962920590996645, 44.86518749504435], [-0.963256420036335, 44.86499105031632], [-0.963617704767695, 44.86481895996467], [-0.964000966088428, 44.86467288107863], [-0.964402513371136, 44.86455422026623], [-0.964818479991152, 44.86446412011591], [-0.964838176317754, 44.86446131746166], [-0.964993425359084, 44.86432647370272], [-0.96530054944114, 44.86410755971124], [-0.965636363696997, 44.86391110785257], [-0.965997634187173, 44.863739009816285], [-0.966380881946471, 44.8635929227656], [-0.966782416478048, 44.863474253387174], [-0.967198371279987, 44.8633841443519], [-0.967624741062796, 44.86332346331746], [-0.968057420300152, 44.863292794577625], [-0.96849224274247, 44.863292433438986], [-0.968925021513732, 44.86332238337891], [-0.969351589406429, 44.863382356012075], [-0.969767838987583, 44.86347177386588], [-0.970169762130639, 44.863589775938195], [-0.970553488593457, 44.863735225983724], [-0.970915323271746, 44.86390672344991], [-0.971251781769893, 44.86410261695685], [-0.971559623947228, 44.864321020192044], [-0.971835885117012, 44.864559830066966], [-0.972077904597926, 44.86481674696125], [-0.972283351343077, 44.86508929685967], [-0.97245024639951, 44.86537485516933], [-0.972576981981532, 44.8656706719876], [-0.972662336973585, 44.865973898578524], [-0.972705488712649, 44.86628161480201], [-0.972706020935819, 44.86659085723281], [-0.97266392781559, 44.86689864769786], [-0.972579614042954, 44.867202021957745], [-0.972453890956471, 44.867498058255876], [-0.972287968753587, 44.86778390546023], [-0.972083444858241, 44.86805681052675], [-0.971842288555926, 44.86831414501957], [-0.971566822043434, 44.86855343043235], [-0.971259698075237, 44.868772362066714], [-0.970923874421321, 44.86896883123727], [-0.970562585382334, 44.86914094558921], [-0.970179310636292, 44.86928704733227], [-0.969777741717123, 44.869405729215245], [-0.96936174644824, 44.86949584808663], [-0.96934204858148, 44.869498651547836]]]}}, {"type": "Feature", "properties": {"nb_detections_cluster": 2, "frp_max": 6.48, "frp_moyen": 4.42, "derniere_detection": "2026-07-26T01:49:00", "fetch_timestamp": "2026-07-26T01:49:00"}, "geometry": {"type": "Polygon", "coordinates": [[[-0.954466983869448, 44.87166580778051], [-0.954296362774798, 44.871813943793576], [-0.953989153639861, 44.87203282788058], [-0.953653250062151, 44.87222924501714], [-0.953291887112344, 44.872401303349555], [-0.952908545180572, 44.87254734562713], [-0.952506916448098, 44.872665965171386], [-0.952090869314648, 44.87275601943122], [-0.951664411124555, 44.87281664099338], [-0.951231649551447, 44.87284724594137], [-0.95079675301418, 44.87284753948278], [-0.950363910506237, 44.872817518790164], [-0.949937291226447, 44.872757473028294], [-0.949521004400834, 44.87266798056746], [-0.949119059683584, 44.87254990340976], [-0.948735328519409, 44.87240437888209], [-0.948373506840311, 44.87223280867615], [-0.948037079456703, 44.87203684534139], [-0.947729286486406, 44.87181837636093], [-0.947453092145241, 44.87157950596455], [-0.947211156199961, 44.871322534853995], [-0.947005808358462, 44.87104993803646], [-0.946839025843717, 44.8707643409798], [-0.946712414366979, 44.87046849431977], [-0.946627192682962, 44.870165247362955], [-0.946584180874971, 44.869857520641006], [-0.946583792481959, 44.86954827778045], [-0.946626030542376, 44.86924049695956], [-0.946710487591883, 44.86893714222679], [-0.946836349613919, 44.86864113495726], [-0.947002403904072, 44.868355325722014], [-0.947207050771524, 44.86808246684093], [-0.947448318964065, 44.86782518588324], [-0.947723884667341, 44.86758596037067], [-0.948031093894825, 44.86736709392662], [-0.948366988052461, 44.86717069410057], [-0.948728332431584, 44.86699865208092], [-0.949111647355723, 44.86685262449156], [-0.9495132416815, 44.86673401744645], [-0.949929248331422, 44.86664397301636], [-0.950355661516915, 44.86658335823683], [-0.950788375293852, 44.86655275676365], [-0.951223223080157, 44.86655246325575], [-0.951656017755817, 44.86658248053924], [-0.952082591960174, 44.86664251958038], [-0.952323155209219, 44.86669423497719], [-0.95249376595328, 44.86654610223712], [-0.952800950900349, 44.866327222668986], [-0.953136822154775, 44.86613080847916], [-0.953498145228376, 44.865958750994395], [-0.953881440649776, 44.86581270698744], [-0.954283017463333, 44.86569408273042], [-0.954699008760131, 44.86560402045983], [-0.955125408899381, 44.86554338738295], [-0.955558112062549, 44.865512767331815], [-0.955992951769726, 44.865512455144184], [-0.956425740978685, 44.865542453826095], [-0.956852312381403, 44.86560247452288], [-0.957268558511069, 44.865691939299154], [-0.957670471274289, 44.86580998670093], [-0.95805418052877, 44.86595548004643], [-0.958415991335791, 44.866127018366164], [-0.958752419529452, 44.866322949886815], [-0.959060225260723, 44.866541387929786], [-0.959336444193638, 44.866780229071345], [-0.959578416053414, 44.86703717339], [-0.959783810251549, 44.8673097466064], [-0.959950648340929, 44.86759532390296], [-0.960077323084287, 44.86789115519428], [-0.960162613951808, 44.868194391604824], [-0.960205698897885, 44.86850211289994], [-0.96020616230277, 44.86881135560538], [-0.96016399900166, 44.86911914154543], [-0.960079614361414, 44.86942250652417], [-0.959953820403121, 44.86971852887425], [-0.959787828006837, 44.87000435759799], [-0.959583235272619, 44.870277239829186], [-0.959342012149069, 44.87053454735188], [-0.959066481476692, 44.870773801919434], [-0.958759296628056, 44.87099269913051], [-0.958423415959685, 44.87118913063124], [-0.958062074321533, 44.87136120442958], [-0.957678751898404, 44.871507263125885], [-0.957277140683596, 44.87162589988353], [-0.956861108908052, 44.87171597198565], [-0.956434663768133, 44.871776611847096], [-0.956001912811726, 44.871807235375144], [-0.955567024355402, 44.87180754759839], [-0.955134187314796, 44.871777545509445], [-0.954707570836072, 44.871717518093924], [-0.954466983869448, 44.87166580778051]]]}}, {"type": "Feature", "properties": {"nb_detections_cluster": 4, "frp_max": 4.38, "frp_moyen": 3.09, "derniere_detection": "2026-07-26T01:49:00", "fetch_timestamp": "2026-07-26T01:49:00"}, "geometry": {"type": "Polygon", "coordinates": [[[-0.894703192023845, 44.880565453304975], [-0.894703089336148, 44.88025620928275], [-0.894745619868742, 44.87994844722064], [-0.894830373340536, 44.87964513098613], [-0.89495653288037, 44.87934918158326], [-0.895122882918854, 44.87906344902553], [-0.895327820917419, 44.878790684894106], [-0.895569372820719, 44.87853351584554], [-0.895845212082862, 44.878294418323705], [-0.89615268208365, 44.87807569471928], [-0.896488821718559, 44.87787945120614], [-0.896850393915801, 44.877707577467376], [-0.897233916805846, 44.877561728506315], [-0.897635697243409, 44.87744330871687], [-0.898051866359479, 44.877353458366635], [-0.898478416801579, 44.877293042622306], [-0.898911241304331, 44.87726264322322], [-0.899346172219749, 44.877262552882506], [-0.899779021627512, 44.87729277247005], [-0.900205621639947, 44.87735301100405], [-0.900621864514599, 44.877442688451666], [-0.90102374218911, 44.877560941310996], [-0.901407384858606, 44.877706630921885], [-0.901769098224943, 44.87787835442488], [-0.902105399059812, 44.87807445826344], [-0.902413048739787, 44.878293054099494], [-0.902689084430756, 44.87853203698969], [-0.902930847621608, 44.87878910564735], [-0.903136009732396, 44.87906178459554], [-0.90330259455013, 44.87934744799825], [-0.903428997275771, 44.879643344940504], [-0.903513999998375, 44.87994662591428], [-0.90355678344667, 44.880254370255365], [-0.903556934904011, 44.8805636142673], [-0.903514452209525, 44.88087137976133], [-0.90342974380591, 44.88117470273811], [-0.903303624832388, 44.881470661934486], [-0.903137309299399, 44.88175640696065], [-0.902932398419489, 44.882029185756174], [-0.902690865205851, 44.88228637110107], [-0.902415035486143, 44.882525485925186], [-0.902107565513851, 44.88274422717288], [-0.901771416392406, 44.882940487992315], [-0.901409825558155, 44.883112378035314], [-0.901026275596842, 44.88325824167196], [-0.900624460694083, 44.88337667394439], [-0.900208251043367, 44.88346653410528], [-0.899781655554895, 44.883526956610915], [-0.899348783225154, 44.88355735946214], [-0.898913803540091, 44.88355744981317], [-0.898480906294219, 44.88352722679373], [-0.898054261213604, 44.88346698151743], [-0.897637977772643, 44.88337729427633], [-0.897236065592636, 44.883259028948586], [-0.896852395804483, 44.88311332467356], [-0.896490663748483, 44.882941584874224], [-0.89615435337118, 44.8827454637334], [-0.895846703662709, 44.88252685025406], [-0.895570677458279, 44.882287850057565], [-0.895328932904435, 44.8820307650957], [-0.895123797864915, 44.88175807147191], [-0.894957247512376, 44.88147239558623], [-0.894830885321382, 44.881176488833304], [-0.89474592764515, 44.88087320109821], [-0.894703192023845, 44.880565453304975]]]}}, {"type": "Feature", "properties": {"nb_detections_cluster": 3, "frp_max": 3.45, "frp_moyen": 2.54, "derniere_detection": "2026-07-26T01:49:00", "fetch_timestamp": "2026-07-26T01:49:00"}, "geometry": {"type": "Polygon", "coordinates": [[[-0.881412699490632, 44.88634492384815], [-0.881412670008788, 44.88603567925727], [-0.881455277784316, 44.88572792173084], [-0.881540111792136, 44.88542461509256], [-0.881666354385436, 44.88512868025398], [-0.881832789194992, 44.88484296708825], [-0.882037812865906, 44.88457022698973], [-0.882279450517874, 44.884313086383486], [-0.882555374779364, 44.88407402143941], [-0.882862928211789, 44.88385533423446], [-0.883199148907371, 44.88365913059192], [-0.883560799013924, 44.88348729981096], [-0.883944395911879, 44.88334149648118], [-0.884346245743494, 44.88322312455715], [-0.884762478971724, 44.88313332384548], [-0.885189087626908, 44.883072959034955], [-0.88562196388327, 44.88304261137445], [-0.886056939594594, 44.88304257307886], [-0.886489826409297, 44.883072844516995], [-0.886916456079549, 44.883133134207775], [-0.887332720577321, 44.88322286162573], [-0.887734611631999, 44.883341162787836], [-0.88811825930979, 44.88348689856881], [-0.888479969264197, 44.883658665664605], [-0.888816258299607, 44.88385481009886], [-0.889123887906029, 44.884073443142604], [-0.88939989544243, 44.88431245949414], [-0.889641622668585, 44.88456955754454], [-0.889846741350634, 44.88484226153375], [-0.890013275693551, 44.88512794538454], [-0.890139621384127, 44.885423857985], [-0.890224561060448, 44.8857271496762], [-0.890267276058185, 44.88603489969066], [-0.890267354319723, 44.88634414427716], [-0.890224794388959, 44.88665190524138], [-0.890140005452324, 44.886955218627484], [-0.890013803424571, 44.88725116326461], [-0.889847403116012, 44.88753688890306], [-0.88964240655569, 44.88780964366912], [-0.889400787582064, 44.88806680057412], [-0.889124872848871, 44.88830588282177], [-0.888817319428528, 44.88852458767018], [-0.88848108922835, 44.88872080861802], [-0.888119420465778, 44.88889265570108], [-0.887735796477323, 44.88903847370325], [-0.887333912161798, 44.8891568581062], [-0.886917638381446, 44.88924666862367], [-0.886490984664324, 44.88930704019008], [-0.886058060567913, 44.88933739129695], [-0.885623036076893, 44.889337429596885], [-0.885190101417427, 44.889307154720996], [-0.88476342667599, 44.889246858282384], [-0.884347121612671, 44.88915712106589], [-0.883945196056996, 44.88903880743108], [-0.883561521268614, 44.888893056982546], [-0.883199792635862, 44.88872127358799], [-0.882863494072157, 44.888525111850136], [-0.882555864453653, 44.88830646116295], [-0.88227986642185, 44.888067427506115], [-0.882038157851712, 44.88781031315364], [-0.881833066260164, 44.88753759449201], [-0.881666566401157, 44.88725189816231], [-0.881540261262701, 44.88695597575606], [-0.88145536664832, 44.886652677308945], [-0.881412699490632, 44.88634492384815]]]}}, {"type": "Feature", "properties": {"nb_detections_cluster": 1, "frp_max": 2.23, "frp_moyen": 2.23, "derniere_detection": "2026-07-26T01:32:00", "fetch_timestamp": "2026-07-26T01:49:00"}, "geometry": {"type": "Polygon", "coordinates": [[[-0.914672759287939, 44.88675624957837], [-0.914672546577119, 44.88644700498397], [-0.914714972315383, 44.88613923468663], [-0.914799627230647, 44.885835902633275], [-0.914925695400621, 44.8855399299804], [-0.915091962135535, 44.88525416696552], [-0.915296825698719, 44.88498136546323], [-0.915538312751294, 44.884724152490044], [-0.915814097371533, 44.884485004912875], [-0.916121523465089, 44.88426622560451], [-0.916457630349932, 44.88406992127528], [-0.91681918126936, 44.88389798219393], [-0.917202694558489, 44.883752063993015], [-0.917604477164285, 44.88363357173322], [-0.918020660196718, 44.88354364637994], [-0.918447236169217, 44.883483153822134], [-0.918880097570539, 44.883452676538724], [-0.919315076397427, 44.88345250799281], [-0.919747984268304, 44.88348264980726], [-0.920174652732681, 44.883542811749244], [-0.920590973389155, 44.883632414523305], [-0.920992937426612, 44.88375059534666], [-0.921376674208817, 44.883896216252836], [-0.921738488531651, 44.88406787504391], [-0.922074896194923, 44.884263918786516], [-0.922382657546773, 44.88448245972133], [-0.922658808677979, 44.88472139343373], [-0.922900689966001, 44.88497841911068], [-0.923105971693818, 44.88525106168923], [-0.923272676496673, 44.88553669568367], [-0.923399198420146, 44.88583257046238], [-0.923484318405421, 44.88613583673085], [-0.923527216051919, 44.886443573966645], [-0.923527477543117, 44.88675281854182], [-0.923485099658306, 44.88706059226235], [-0.923400489830586, 44.8873639310498], [-0.923274462249559, 44.88765991348887], [-0.923108230045183, 44.887945688965935], [-0.922903393627142, 44.888218505127526], [-0.922661925291137, 44.88847573439381], [-0.922386150239633, 44.88871489927164], [-0.922078724199255, 44.88893369622346], [-0.921742607849985, 44.88913001786089], [-0.921381038312242, 44.88930197325002], [-0.920997497966401, 44.889447906131615], [-0.920595680905268, 44.88956641088082], [-0.920179457342974, 44.88965634605227], [-0.919752836323631, 44.88971684537971], [-0.919319927089603, 44.889747326124024], [-0.918884899482335, 44.889747494689196], [-0.918451943758005, 44.88971734945153], [-0.918025230206085, 44.889657180775465], [-0.917608868960663, 44.88956756821521], [-0.917206870392667, 44.88944937492964], [-0.916823106465321, 44.88930373936417], [-0.916461273425917, 44.88913206428004], [-0.91612485619391, 44.88893600323674], [-0.915817094788885, 44.88871744465848], [-0.915540953122103, 44.888478493637884], [-0.915299090452397, 44.888221451653145], [-0.915093835781293, 44.88794879439392], [-0.914927165433774, 44.88766314791006], [-0.914800684040161, 44.8873672633132], [-0.914715609101731, 44.887063990275095], [-0.914672759287939, 44.88675624957837]]]}}, {"type": "Feature", "properties": {"nb_detections_cluster": 2, "frp_max": 6.83, "frp_moyen": 4.09, "derniere_detection": "2026-07-26T01:49:00", "fetch_timestamp": "2026-07-26T01:49:00"}, "geometry": {"type": "Polygon", "coordinates": [[[-0.941426130420051, 44.890266239250856], [-0.941462277421488, 44.890291892048204], [-0.941738538342818, 44.89053077874983], [-0.941980532025647, 44.89078776333502], [-0.942185927670794, 44.89106037113667], [-0.942352746816615, 44.89134597700404], [-0.942479382407643, 44.89164183057648], [-0.942564614290449, 44.89194508276384], [-0.942607620986817, 44.89225281317937], [-0.942607987629938, 44.89256205826092], [-0.942565709986286, 44.892869839809755], [-0.942481194523378, 44.89317319367213], [-0.942355254521764, 44.8934691982877], [-0.942189102267658, 44.89375500282937], [-0.941984337400436, 44.89402785466385], [-0.941742931526362, 44.89428512586777], [-0.941467209245989, 44.894524338544244], [-0.941159825777365, 44.89474318869533], [-0.940823741390146, 44.894939568420355], [-0.940462192896631, 44.895111586225944], [-0.94007866247427, 44.8952575852517], [-0.939676844120098, 44.89537615923569], [-0.939260608060562, 44.89546616606574], [-0.93883396346006, 44.89552673878532], [-0.938401019788063, 44.89555729394847], [-0.937965947217741, 44.89555753724226], [-0.937532936438443, 44.89552746632328], [-0.937106158270055, 44.89546737084005], [-0.936689723469223, 44.89537782964185], [-0.93628764311556, 44.89525970520015], [-0.935903789960276, 44.8951141352973], [-0.93554186111034, 44.89494252206204], [-0.935205342408284, 44.894746518458284], [-0.934897474851265, 44.89452801235696], [-0.934621223373189, 44.894289108345355], [-0.934379248290733, 44.89403210744898], [-0.934173879688278, 44.8937594849618], [-0.934007094988232, 44.893473866598875], [-0.93388049992233, 44.8931780032011], [-0.933795313086642, 44.89287474423619], [-0.933752354228252, 44.89256701035134], [-0.933752036375578, 44.89225776524202], [-0.93379436188716, 44.89194998710807], [-0.933878922455941, 44.89164663997196], [-0.934004903067978, 44.89135064513556], [-0.934171089876422, 44.89106485305016], [-0.934375881913993, 44.89079201587038], [-0.934617306530286, 44.890534760956385], [-0.934733852259558, 44.890433658721626], [-0.93469770824197, 44.890408003733704], [-0.934421477890928, 44.89016909953153], [-0.934179521483851, 44.889912098529535], [-0.933974168925305, 44.88963947602271], [-0.933807397483238, 44.88935385772627], [-0.933680812761776, 44.88905799448051], [-0.933595633257446, 44.88875473575163], [-0.933552678646824, 44.88844700218459], [-0.93355236191752, 44.88813775747179], [-0.933594685417357, 44.88782997980922], [-0.933679240858756, 44.887526633214854], [-0.933805213277248, 44.88723063898532], [-0.933971388904983, 44.88694484756607], [-0.93417616688243, 44.8866720111053], [-0.934417574694651, 44.88641475695625], [-0.934693287182716, 44.886175562382455], [-0.935000648946615, 44.885956730709346], [-0.935336699923513, 44.88576036915149], [-0.935698203894809, 44.88558836852882], [-0.93608167964746, 44.88544238506647], [-0.936483434489675, 44.885323824453586], [-0.936899599798592, 44.88523382831377], [-0.937326168258177, 44.88517326321755], [-0.93775903242945, 44.885142712342336], [-0.938194024282457, 44.88514246985984], [-0.938626955310207, 44.88517253810487], [-0.939053656839309, 44.88523262755297], [-0.939470020150096, 44.885322159606766], [-0.93987203602089, 44.8854402721644], [-0.94025583331654, 44.88558582791676], [-0.940617716250451, 44.885757425293356], [-0.940954199961996, 44.8859534119522], [-0.941262044067268, 44.886171900683706], [-0.94153828386042, 44.88641078757601], [-0.941780258865368, 44.88666777226696], [-0.941985638462842, 44.886940380088404], [-0.942152444345803, 44.88722598588942], [-0.942279069586581, 44.88752183931002], [-0.942364294131512, 44.88782509126145], [-0.942407296573137, 44.888132821359264], [-0.942407662085727, 44.88844206604439], [-0.942365386446745, 44.88874984712189], [-0.942280876104503, 44.88905320044259], [-0.942154944290336, 44.8893492044513], [-0.941988803211694, 44.88963500832682], [-0.941784052400402, 44.88990785944224], [-0.941542663327419, 44.89016512988114], [-0.941426130420051, 44.890266239250856]]]}}, {"type": "Feature", "properties": {"nb_detections_cluster": 3, "frp_max": 7.09, "frp_moyen": 4.56, "derniere_detection": "2026-07-25T01:49:00", "fetch_timestamp": "2026-07-26T01:49:00"}, "geometry": {"type": "Polygon", "coordinates": [[[-0.92054, 44.89917], [-0.91462, 44.89462], [-0.92135, 44.89533], [-0.92054, 44.89917]]]}}, {"type": "Feature", "properties": {"nb_detections_cluster": 8, "frp_max": 11.41, "frp_moyen": 4.57, "derniere_detection": "2026-07-26T01:49:00", "fetch_timestamp": "2026-07-26T01:49:00"}, "geometry": {"type": "Polygon", "coordinates": [[[-0.95984, 44.90236], [-0.95726, 44.9029], [-0.95478, 44.90107], [-0.95984, 44.90236]]]}}, {"type": "Feature", "properties": {"nb_detections_cluster": 17, "frp_max": 3.75, "frp_moyen": 2.56, "derniere_detection": "2026-07-26T01:49:00", "fetch_timestamp": "2026-07-26T01:49:00"}, "geometry": {"type": "Polygon", "coordinates": [[[-0.931201498148849, 44.90332690921838], [-0.931201194291974, 44.9030176630722], [-0.931243541908717, 44.90270988488519], [-0.931328132478882, 44.902406538680324], [-0.931454150699362, 44.902110545750496], [-0.931620382360921, 44.90182475652859], [-0.931825226064161, 44.901551923141646], [-0.932066708660992, 44.90129467291331], [-0.932342504272166, 44.90105548306931], [-0.932649956697117, 44.900836656889524], [-0.932986104999939, 44.90064030153564], [-0.933347712024838, 44.90046830776778], [-0.933731295566493, 44.90032233174512], [-0.934133161895286, 44.900203779085146], [-0.934549441314971, 44.90011379133486], [-0.934976125410899, 44.900053234984014], [-0.935409105630807, 44.90002269312583], [-0.9358442128275, 44.90002245984515], [-0.936277257383543, 44.900052537388206], [-0.936704069532558, 44.90011263614102], [-0.93712053948988, 44.900202177416595], [-0.937522657007049, 44.90032029902433], [-0.937906549970241, 44.90046586356789], [-0.938268521671702, 44.900637469392194], [-0.938605086396031, 44.90083346407391], [-0.938913002979154, 44.901051960326164], [-0.939189306017182, 44.90129085416468], [-0.939431334424836, 44.90154784516045], [-0.939636757068367, 44.90182045858455], [-0.939803595225939, 44.90210606923215], [-0.939930241658767, 44.90240192669649], [-0.940015476108761, 44.90270518184997], [-0.940058477072714, 44.90301291427726], [-0.940058829738753, 44.90332216039681], [-0.940016530007687, 44.903629941999874], [-0.939931984559492, 44.90393329493218], [-0.939806006963262, 44.90422929764228], [-0.939639809867067, 44.904515099321486], [-0.939434993341979, 44.90478794736399], [-0.939193529491643, 44.90504521388298], [-0.938917743474892, 44.90528442102666], [-0.938610291123585, 44.90550326485035], [-0.938274133370796, 44.90569963751431], [-0.937912507735475, 44.90587164759316], [-0.937528897138133, 44.906017638300966], [-0.937126996348122, 44.906136203455894], [-0.936710676386013, 44.906226201030734], [-0.93628394722448, 44.906286764158196], [-0.935850919147629, 44.906317309484656], [-0.935415763141771, 44.90631754279196], [-0.934982670700051, 44.90628746183285], [-0.934555813429065, 44.906227356352616], [-0.934139302847494, 44.90613780529675], [-0.933737150764959, 44.90601967123174], [-0.933353230623617, 44.90587409203258], [-0.93299124017566, 44.905702469917635], [-0.932654665856908, 44.90550645793624], [-0.932346749200142, 44.90528794404008], [-0.932070455612082, 44.905049032891505], [-0.93182844581485, 44.904792025584726], [-0.931623050227005, 44.90451939747547], [-0.931456246530652, 44.90423377433294], [-0.931329640640247, 44.90393790704403], [-0.931244451255859, 44.90363464511393], [-0.931201498148849, 44.90332690921838]]]}}, {"type": "Feature", "properties": {"nb_detections_cluster": 3, "frp_max": 14.66, "frp_moyen": 13.38, "derniere_detection": "2026-07-25T13:33:00", "fetch_timestamp": "2026-07-26T01:49:00"}, "geometry": {"type": "Polygon", "coordinates": [[[-0.943901233805353, 44.90712741559578], [-0.943900859940021, 44.90681816912715], [-0.943943140769401, 44.9065103857441], [-0.944027668416358, 44.9062070295197], [-0.944153628183595, 44.90591102184346], [-0.944319806424609, 44.90562521329031], [-0.944524602254243, 44.90535235617351], [-0.944766042985217, 44.90509507804531], [-0.945041803141227, 44.90485585640017], [-0.94534922686292, 44.9046369948242], [-0.94568535349059, 44.904440600819974], [-0.946046946076987, 44.90426856551988], [-0.946430522555666, 44.90412254548301], [-0.946832389264893, 44.904003946750635], [-0.947248676504668, 44.90391391131345], [-0.947675375784979, 44.90385330612038], [-0.948108378407334, 44.90382271473497], [-0.948543515008838, 44.90382243171891], [-0.948976595688965, 44.90385245979736], [-0.949403450333583, 44.90391250983263], [-0.94981996874894, 44.90400200360682], [-0.950222140220107, 44.90412007938671], [-0.950606092113879, 44.9042656002173], [-0.950968127155211, 44.904437164864405], [-0.951304759018947, 44.90463312130123], [-0.951612745894666, 44.904851582609226], [-0.951889121701747, 44.90509044514063], [-0.952131224654312, 44.90534740876794], [-0.952336722900874, 44.90561999902586], [-0.952503636991633, 44.90590559093272], [-0.952630358956621, 44.906201434262286], [-0.95271566781038, 44.90650468002316], [-0.95275874133315, 44.90681240789052], [-0.95275916401423, 44.90712165432686], [-0.952716931080051, 44.90742944112043], [-0.95263244856716, 44.90773280406703], [-0.952506529438378, 44.908028821518904], [-0.952340385778495, 44.90831464252541], [-0.952135617143735, 44.90858751429468], [-0.951894195176293, 44.90884480871145], [-0.951618444631402, 44.90908404765527], [-0.951311020999065, 44.909302926875235], [-0.950974884935553, 44.90949933819071], [-0.950613273750731, 44.90967138980409], [-0.950229670225772, 44.90981742452935], [-0.949827769061781, 44.90993603576074], [-0.949411441282838, 44.910026081027254], [-0.94898469693685, 44.910086693002214], [-0.94855164645416, 44.910117287861496], [-0.948116461036906, 44.91011757090984], [-0.947683332461578, 44.910087539420886], [-0.947256432682895, 44.910027482663395], [-0.946839873629083, 44.909937979113586], [-0.946437667576784, 44.90981989088035], [-0.946053688488138, 44.909674355397264], [-0.945691634683275, 44.90950277446159], [-0.94535499320842, 44.9093068007261], [-0.945047006243346, 44.90908832177412], [-0.944770639872106, 44.908849441931466], [-0.944528555517967, 44.90859246199087], [-0.944323084317686, 44.90831985704455], [-0.944156204681689, 44.908034252638686], [-0.944029523255869, 44.907738399479776], [-0.943944259467787, 44.907435146937004], [-0.943901233805353, 44.90712741559578]]]}}, {"type": "Feature", "properties": {"nb_detections_cluster": 2, "frp_max": 14.35, "frp_moyen": 14.29, "derniere_detection": "2026-07-25T03:30:00", "fetch_timestamp": "2026-07-26T01:49:00"}, "geometry": {"type": "Polygon", "coordinates": [[[-0.964247671021432, 44.90993112894706], [-0.964269420944856, 44.909922845469495], [-0.964671291480136, 44.909804182007264], [-0.965087593116509, 44.90971407957482], [-0.96551431722526, 44.90965340576625], [-0.965947354868798, 44.90962274480573], [-0.966382536347034, 44.90962239192495], [-0.966815671327401, 44.90965235052178], [-0.967242589173026, 44.909712332127526], [-0.967659179081756, 44.90980175918322], [-0.968061429650439, 44.90991977059809], [-0.968445467484441, 44.910065230036906], [-0.968807594481411, 44.910236736856675], [-0.969144323430962, 44.91043263958747], [-0.96945241158802, 44.91065105182793], [-0.969728891896891, 44.91088987040283], [-0.969971101565567, 44.91114679560805], [-0.970176707715069, 44.91141935334836], [-0.970343729856614, 44.91170491895526], [-0.970470558979769, 44.912000742455966], [-0.97055597306714, 44.91230397505011], [-0.970599148885501, 44.912611696539734], [-0.970599669938905, 44.91292094344892], [-0.970557530506262, 44.91322873756144], [-0.970473135723443, 44.91353211460277], [-0.970347297708125, 44.913828152789485], [-0.970181227763633, 44.91411400097135], [-0.969976524735946, 44.91438690609487], [-0.969735159635083, 44.91464423972363], [-0.969459456668269, 44.91488352335957], [-0.969152070866966, 44.915102452321406], [-0.968815962522792, 44.91529891794947], [-0.968454368678377, 44.91547102792307], [-0.968070771947659, 44.915617124494084], [-0.967668866966124, 44.91573580046107], [-0.967252524794497, 44.915825912729545], [-0.966825755619236, 44.91588659332746], [-0.966392670109816, 44.91591725776964], [-0.965957439805783, 44.9159176106907], [-0.965524256916054, 44.915887648691175], [-0.96509729391863, 44.91582766037051], [-0.964680663350822, 44.91573822354574], [-0.964278378178291, 44.91562019968307], [-0.963894313125473, 44.91547472559607], [-0.963532167340726, 44.91530320249065], [-0.96319542875644, 44.91510728246261], [-0.962887340487945, 44.91488885257803], [-0.962702220636705, 44.91472893273654], [-0.962680468618819, 44.91473721591947], [-0.962278558539805, 44.91485587236028], [-0.961862214241461, 44.914945964410016], [-0.961435445930765, 44.91500662429138], [-0.96100236426888, 44.91503726771882], [-0.960567140758295, 44.915037599529306], [-0.960133967542483, 44.91500761652672], [-0.959707017006236, 44.91494760751283], [-0.959290401566804, 44.91485815050398], [-0.95888813404408, 44.91474010716079], [-0.95850408899244, 44.91459461448444], [-0.958141965367526, 44.91442307385994], [-0.957805250888222, 44.91422713755176], [-0.957497188437614, 44.91400869278281], [-0.957220744826944, 44.91376984354969], [-0.95697858222353, 44.91351289035036], [-0.956773032517872, 44.91324030801955], [-0.956606074876562, 44.91295472188566], [-0.956479316696797, 44.9126588824793], [-0.95639397814534, 44.912355639037294], [-0.956350880430083, 44.91204791205744], [-0.956350437916316, 44.911738665168876], [-0.956392654162643, 44.911430876588696], [-0.956477121913737, 44.91112751044015], [-0.956603027048934, 44.910831488208345], [-0.956769156447641, 44.91054566060848], [-0.956973909694835, 44.910272780137326], [-0.957215314513075, 44.91001547457202], [-0.957491045771665, 44.90977622167134], [-0.957798447889307, 44.90955732532241], [-0.958134560414136, 44.909360893362674], [-0.958496146534522, 44.909188817290044], [-0.958879724246135, 44.909042754056216], [-0.959281599875252, 44.90892411011848], [-0.959697903635895, 44.90883402790276], [-0.960124626878932, 44.908773374808476], [-0.960557660675122, 44.90874273486036], [-0.960992835361426, 44.90874240308775], [-0.961425960670665, 44.90877238268527], [-0.961852866059066, 44.90883238498202], [-0.962269440844387, 44.908921832219804], [-0.96267167376905, 44.90903986311349], [-0.963055691608264, 44.909185341140336], [-0.963417796452142, 44.9093568654783], [-0.963754501303548, 44.90955278448877], [-0.964062563649388, 44.90977121161362], [-0.964247671021432, 44.90993112894706]]]}}, {"type": "Feature", "properties": {"nb_detections_cluster": 1, "frp_max": 13.9, "frp_moyen": 13.9, "derniere_detection": "2026-07-25T03:30:00", "fetch_timestamp": "2026-07-26T01:49:00"}, "geometry": {"type": "Polygon", "coordinates": [[[-0.947649879316297, 44.924417565865014], [-0.947649484670691, 44.92410831778281], [-0.947691757964518, 44.923800531354324], [-0.947776291392778, 44.923497170682005], [-0.94790227020207, 44.9232011571982], [-0.948068480562108, 44.9229153415338], [-0.948273321278055, 44.92264247607058], [-0.948514819230058, 44.92238518844113], [-0.948790648390513, 44.922145956231425], [-0.949098152235366, 44.921927083129354], [-0.949434369333214, 44.92173067674846], [-0.949796061865549, 44.92155862834032], [-0.950179746803494, 44.921412594590244], [-0.950581729440977, 44.92129398167156], [-0.950998138961803, 44.92120393171152], [-0.951424965698654, 44.92114331179896], [-0.951858099725931, 44.92111270563908], [-0.952293370415653, 44.9211124079359], [-0.952726586576382, 44.92114242155598], [-0.953153576789672, 44.921202457500826], [-0.953570229556599, 44.92129193768824], [-0.95397253286875, 44.92141000051581], [-0.954356612823576, 44.92155550915329], [-0.954718770913025, 44.9217270624839], [-0.955055519627156, 44.921923008589836], [-0.955363616030361, 44.92214146065201], [-0.955640092987281, 44.92238031511174], [-0.955882287737887, 44.92263727191925], [-0.956087867546525, 44.92290985667499], [-0.956254852177726, 44.92319544445022], [-0.956381632981917, 44.92349128505858], [-0.956466988406664, 44.92379452953485], [-0.956510095783331, 44.92410225756666], [-0.956510539274773, 44.924411505614906], [-0.956468313906571, 44.92471929545234], [-0.956383825641971, 44.92502266284549], [-0.956257887498759, 44.92531868610378], [-0.956091711744448, 44.92560451422069], [-0.955886898243993, 44.925877394335856], [-0.955645419071372, 44.92613469825366], [-0.955369599532511, 44.92637394776216], [-0.955062095781707, 44.9265928385087], [-0.954725869246752, 44.92678926220164], [-0.954364158108816, 44.926961326924136], [-0.953980446111781, 44.927107375363924], [-0.953578429001577, 44.92722600078315], [-0.953161978919173, 44.92731606057416], [-0.952735107090646, 44.92737668727034], [-0.95230192517444, 44.927407296905805], [-0.951866605638881, 44.92740759464295], [-0.951433341552526, 44.927377577613925], [-0.951006306175576, 44.927317534948244], [-0.95058961274257, 44.92722804498636], [-0.950187274824692, 44.92710996970629], [-0.949803167654375, 44.92696444641685], [-0.949440990785541, 44.92679287679787], [-0.949104232449817, 44.92659691339317], [-0.948796135952563, 44.926378443686524], [-0.948519668432751, 44.92613957191473], [-0.948277492287747, 44.92588259879286], [-0.9480719395382, 44.92560999934742], [-0.94790498937972, 44.92532439907167], [-0.947778249137105, 44.92502854863232], [-0.947692938804035, 44.92472529737241], [-0.947649879316297, 44.924417565865014]]]}}, {"type": "Feature", "properties": {"nb_detections_cluster": 1, "frp_max": 10.86, "frp_moyen": 10.86, "derniere_detection": "2026-07-25T03:30:00", "fetch_timestamp": "2026-07-26T01:49:00"}, "geometry": {"type": "Polygon", "coordinates": [[[-0.963419481392185, 44.93001819468392], [-0.963418999765906, 44.92970894614284], [-0.963461190750315, 44.929401153204005], [-0.963545647332904, 44.92909778003269], [-0.963671555500105, 44.92880174818168], [-0.963837702101676, 44.92851590845882], [-0.964042486556517, 44.92824301347766], [-0.964283936286284, 44.92798569115514], [-0.964559725727468, 44.92774641941136], [-0.964867198738231, 44.92752750231496], [-0.965203394183837, 44.927331047903216], [-0.965565074454051, 44.92715894789019], [-0.965948756637881, 44.92701285945816], [-0.966350746055628, 44.926894189307], [-0.966767171825692, 44.926804080115105], [-0.967194024124229, 44.92674339954161], [-0.967627192779489, 44.926712731875845], [-0.968062506830087, 44.92671237241408], [-0.968495774667136, 44.926742324617514], [-0.968922824374709, 44.92680230007903], [-0.969339543881156, 44.92689172129885], [-0.969741920535602, 44.927009727242364], [-0.970126079729465, 44.92715518162705], [-0.970488322191895, 44.92732668385861], [-0.9708251596007, 44.927522582511244], [-0.9711333481664, 44.927740991222926], [-0.971409919866341, 44.92797980685239], [-0.971652211028316, 44.928236729723906], [-0.971857887988387, 44.928509285764726], [-0.972024969575613, 44.92879485032275], [-0.972151846206786, 44.929090673435276], [-0.972237295406644, 44.929393906305684], [-0.972280493603425, 44.929701628733405], [-0.972281024085253, 44.93001087723346], [-0.972238881039805, 44.930318673574334], [-0.972154469637324, 44.93062205346004], [-0.972028602155132, 44.93091809507976], [-0.971862490179964, 44.93120394725024], [-0.971657732962253, 44.93147685687955], [-0.971416302033633, 44.93173419548786], [-0.971140522235094, 44.9319734845292], [-0.970833049337915, 44.93219241927019], [-0.970496844472464, 44.93238889099549], [-0.970135145610979, 44.932561007325695], [-0.969751436378901, 44.93270711045148], [-0.969349412495381, 44.93282579310825], [-0.968932946166515, 44.93291591213707], [-0.968506048774804, 44.932976599500755], [-0.968072832224899, 44.933007270649014], [-0.967637469318754, 44.93300763015182], [-0.967204153542743, 44.93297767454633], [-0.966777058655063, 44.9329176923704], [-0.966360298463607, 44.93282826138189], [-0.965957887182755, 44.93271024299077], [-0.965573700751763, 44.932564773957914], [-0.965211439488188, 44.932393255440594], [-0.964874592436737, 44.93219733949041], [-0.964566403757454, 44.93197891313413], [-0.964289841477356, 44.931740080191084], [-0.964047568906653, 44.9314831410024], [-0.963841918994831, 44.93121057026785], [-0.963674871873378, 44.930924993204194], [-0.963548035801007, 44.93062916025476], [-0.963462631694322, 44.93032592059417], [-0.963419481392185, 44.93001819468392]]]}}]}