{"type": "FeatureCollection", "name": "zone_brulee", "crs": {"type": "name", "properties": {"name": "urn:ogc:def:crs:OGC:1.3:CRS84"}}, "features": [{"type": "Feature", "properties": {"commune": "Porge", "firedate": "2026-07-22T11:55:00", "lastupdate": "2026-07-23T07:45:17.536000", "surface_ha": 37699.0, "fetch_timestamp": "2026-07-28T18:12:56.096616"}, "geometry": {"type": "Polygon", "coordinates": [[[-0.884048744700047, 44.879071394868674], [-0.884122080076331, 44.87864565005248], [-0.88588195242298, 44.87750269585806], [-0.889097060260302, 44.87698505526994], [-0.891560592418561, 44.87598596031224], [-0.893272526657684, 44.87450546375057], [-0.897059044863149, 44.87362526629711], [-0.902920176187095, 44.8733451422468], [-0.906293521803335, 44.87259121598978], [-0.907179089714524, 44.87136372827781], [-0.907465567548676, 44.87043263254037], [-0.907152987792356, 44.86979793362868], [-0.906382406445536, 44.86874401268145], [-0.905153869989389, 44.86727085766183], [-0.902120589260431, 44.86545281716592], [-0.897282806422194, 44.863289727272985], [-0.894787045090002, 44.861538153200286], [-0.894633019090507, 44.86019827064495], [-0.893924152802729, 44.85881897613819], [-0.892660489542521, 44.85740025735128], [-0.892196600621807, 44.8560944700242], [-0.892532425874068, 44.85490162638277], [-0.894045336779756, 44.85410650029725], [-0.896735315318389, 44.853709041501794], [-0.898845961920875, 44.85377598025841], [-0.900377325919001, 44.85430735071051], [-0.902156283053692, 44.85457595401686], [-0.904182811854784, 44.854581778078824], [-0.906974852690917, 44.85479870082725], [-0.910532448712267, 44.85522665971582], [-0.912750982977186, 44.85565895098799], [-0.91363042171607, 44.85609566090417], [-0.914921719044728, 44.855898341877754], [-0.916624828112793, 44.85506697929139], [-0.918668388276767, 44.855192748665566], [-0.921052508251347, 44.85627562747361], [-0.922455575835879, 44.85753598883483], [-0.922877538031558, 44.85897387302086], [-0.923345544435568, 44.85995726312035], [-0.923859583177965, 44.860486159688904], [-0.924304210773988, 44.8609598922726], [-0.924679423940745, 44.861378461882296], [-0.925320875597009, 44.86181070969498], [-0.926228572611136, 44.86225663063849], [-0.928692973192886, 44.86272640804291], [-0.932714124006342, 44.863219930433225], [-0.934912383518065, 44.86367589761112], [-0.935287698205761, 44.864094426126144], [-0.936006744943379, 44.86462254699778], [-0.937069538343017, 44.86526025268652], [-0.938002611549462, 44.86553688095376], [-0.938805943783961, 44.865452435921206], [-0.939213267571292, 44.864993277667104], [-0.939224585424026, 44.864159410426716], [-0.939094816333521, 44.86357931534084], [-0.938823961980908, 44.86325299215449], [-0.938363108398473, 44.86269774797863], [-0.937712267827853, 44.86191357977457], [-0.937673578785118, 44.860450508260186], [-0.938247001119151, 44.85830853287201], [-0.938888170918786, 44.856659033771976], [-0.939597093863551, 44.85550201128609], [-0.940212863485517, 44.854794054805886], [-0.940735496005063, 44.854535166312935], [-0.93953494716875, 44.85366802264499], [-0.936611341961296, 44.852192560540225], [-0.933203849324743, 44.84863523356201], [-0.929312991891763, 44.84299596800088], [-0.927795782340507, 44.8390263720228], [-0.928651532753237, 44.83672657736759], [-0.930764910121536, 44.83458538346307], [-0.934135788841669, 44.83260271702364], [-0.93840999891681, 44.830641229455146], [-0.943587454272891, 44.828700811351986], [-0.94695456283095, 44.827532250123184], [-0.948511564541457, 44.82713571835092], [-0.949998201870181, 44.82721182758173], [-0.951414512291342, 44.82776057998124], [-0.95201893829804, 44.82841169274751], [-0.95181145477911, 44.82916518040026], [-0.952929366605043, 44.82887884217023], [-0.955372594756026, 44.82755263636868], [-0.95737211303352, 44.82715192217651], [-0.958928026692667, 44.82767672376119], [-0.960296758181209, 44.82847951319777], [-0.961478321011117, 44.82956029712379], [-0.963931620097299, 44.83013393556777], [-0.967656629410451, 44.8302003397719], [-0.972186704578157, 44.83018392706471], [-0.977521828844049, 44.830084592695655], [-0.980127019059701, 44.8299490996449], [-0.980002282163344, 44.829777652703356], [-0.98030623783537, 44.829721622087625], [-0.9810388867703, 44.82978100404186], [-0.981477260861252, 44.82948352700691], [-0.981621356970328, 44.828829194543], [-0.981184262265715, 44.82797867659088], [-0.98016600919708, 44.826931964809766], [-0.978799082243452, 44.82595302965451], [-0.977083494818387, 44.825041857250774], [-0.975944728729442, 44.82419994598121], [-0.975382752628123, 44.82342731554541], [-0.972562408241489, 44.821165934894296], [-0.967484223069787, 44.81741560252334], [-0.964765873988152, 44.81452530574678], [-0.964406847167331, 44.81249524525839], [-0.964103930735983, 44.810782294156326], [-0.963857110830502, 44.809386454355135], [-0.964958665192406, 44.80804444180482], [-0.967408501287379, 44.80675621575578], [-0.970002680284357, 44.80539196523271], [-0.972741182182569, 44.80395167963433], [-0.974440132126006, 44.80245052819734], [-0.975099606760526, 44.800888560056045], [-0.974709799639356, 44.799322571127846], [-0.973270799290081, 44.797752547775886], [-0.971821615693814, 44.7965656774763], [-0.970362216816234, 44.795761961419345], [-0.969050330456436, 44.79503944370426], [-0.96788594461002, 44.794398130281344], [-0.966204711768019, 44.79382034185731], [-0.96400664291818, 44.79330605322813], [-0.96274458999342, 44.79222194747349], [-0.962418539906643, 44.7905680576256], [-0.962241192548405, 44.789668407508636], [-0.962212529134692, 44.78952299969704], [-0.962039594649009, 44.78803209355673], [-0.961722426196945, 44.785195683384686], [-0.960772017589468, 44.78356631964127], [-0.959435524717467, 44.78320990764698], [-0.959305809823797, 44.781799540330006], [-0.954807432316021, 44.77960204996667], [-0.947626292123873, 44.78124935309916], [-0.94619543042091, 44.781885980353074], [-0.942471963820875, 44.78204225649048], [-0.938265353896217, 44.78144870188238], [-0.934527499129075, 44.78006540268698], [-0.931809905765185, 44.7782292123115], [-0.930112541778033, 44.775940209617445], [-0.928414324576171, 44.77419003309342], [-0.927548509111261, 44.769781446323464], [-0.923707896521829, 44.76773625014246], [-0.918507226140734, 44.766724402535615], [-0.913520634967838, 44.76680299744499], [-0.911984284298078, 44.76756457238619], [-0.910101419080714, 44.768497858773785], [-0.904409407472385, 44.769763220438364], [-0.897976300405641, 44.77043808659035], [-0.893195478554174, 44.77316562201487], [-0.887623150279419, 44.776643693094606], [-0.887252891793298, 44.77677652950452], [-0.883781471920221, 44.778021867215074], [-0.883240774322994, 44.77821582217612], [-0.882140128704298, 44.778293242014584], [-0.878382004918387, 44.77855750113597], [-0.876763857318815, 44.77867124175939], [-0.876567709613541, 44.778634129078554], [-0.871464720218042, 44.77766845285172], [-0.869945877986904, 44.77738097511091], [-0.863868792740974, 44.77668069334252], [-0.861961831034122, 44.773318156467894], [-0.86583324780656, 44.769128946957444], [-0.866418228224076, 44.768755428672755], [-0.865495882672796, 44.76795193547568], [-0.863594343385467, 44.766131877285154], [-0.863756153662691, 44.76489376047014], [-0.864036426614953, 44.761525186581785], [-0.868639175119432, 44.75948549428718], [-0.876118056632371, 44.759370759864396], [-0.87887467308196, 44.759082166214974], [-0.877486913917098, 44.75677860691165], [-0.873734358560277, 44.755167811602284], [-0.870858224866947, 44.75324257552908], [-0.870049022366435, 44.74909743568751], [-0.866433186804371, 44.74658164343014], [-0.859798060071402, 44.74460405618409], [-0.856259514951002, 44.74408344848044], [-0.854389249072168, 44.74697658133685], [-0.854098786420445, 44.7474258736024], [-0.850806492862017, 44.74977334240134], [-0.846085197651633, 44.74959851116072], [-0.845405371855422, 44.74610766421063], [-0.845505737974468, 44.74513146277507], [-0.845729269634157, 44.74295725078958], [-0.843033600749422, 44.74034468499201], [-0.838067508067046, 44.73730115154107], [-0.834223471442356, 44.736811724803935], [-0.827972392346878, 44.73679571929003], [-0.825216646535611, 44.73708295046984], [-0.822493765083777, 44.739147539719035], [-0.821947116586352, 44.7427661984466], [-0.821936521429372, 44.74283633252479], [-0.821673776515491, 44.74457552359898], [-0.815633704226303, 44.74564974653314], [-0.810300433246211, 44.745537044161665], [-0.810272185476454, 44.74552719032762], [-0.80377452623301, 44.747328905429335], [-0.795610402019433, 44.74550640851054], [-0.79222637746218, 44.74382437834798], [-0.790424769885383, 44.742928798202854], [-0.787045246953092, 44.73838267424372], [-0.786776142987791, 44.7369927392833], [-0.786411568034444, 44.735109544113094], [-0.792112924899608, 44.732291370234975], [-0.796758171795354, 44.7304730199698], [-0.799028229973929, 44.73090482454793], [-0.799497032844107, 44.73127959653063], [-0.802724468552685, 44.73385947640517], [-0.806398705581872, 44.73347728108804], [-0.809728821086449, 44.731352838916074], [-0.810317859789086, 44.73230165523093], [-0.811046972197689, 44.7330444338372], [-0.81189899743026, 44.733553537936274], [-0.812332329222913, 44.73381781875111], [-0.812346955382395, 44.73383728190327], [-0.812373339825621, 44.73385304663678], [-0.812411482557264, 44.733865112942766], [-0.813059044744639, 44.734069963705345], [-0.814316040411173, 44.73446758716708], [-0.815148812123119, 44.73464512455459], [-0.815557345428542, 44.73460258643991], [-0.816872037832793, 44.73404531364049], [-0.819092829363665, 44.73297327240387], [-0.820204251411179, 44.73243672427957], [-0.820206364361651, 44.732435704215], [-0.82108941665953, 44.7320586677237], [-0.822853374592095, 44.73130559274993], [-0.824826775308469, 44.730468776351884], [-0.827009601526617, 44.729548206808055], [-0.828154999579367, 44.72899875332584], [-0.82826302000051, 44.72882044958926], [-0.828447088870041, 44.72851661398911], [-0.828707203981288, 44.72808724608602], [-0.828616246789698, 44.727450074674366], [-0.828174231141336, 44.726605098268806], [-0.827592743505858, 44.72577344059658], [-0.82687178968136, 44.724955099221724], [-0.826292625185128, 44.72429767738442], [-0.825855239289169, 44.72380117789797], [-0.824953944641548, 44.723024648152816], [-0.824444967461735, 44.72263073219963], [-0.825005016860263, 44.72152237188698], [-0.824332787336374, 44.71806079006983], [-0.825416631724657, 44.71808529586688], [-0.826334184739162, 44.7177564422721], [-0.833151962120993, 44.718446690719006], [-0.837470490310302, 44.71977699432569], [-0.845726075405855, 44.72047340310105], [-0.851932903420517, 44.72027019801102], [-0.854662621784262, 44.72006714442164], [-0.856022069115057, 44.72049365139495], [-0.858612917154758, 44.721278218795824], [-0.859075409672819, 44.721366889164884], [-0.859610385683536, 44.72175458056063], [-0.860217856023027, 44.72244129139564], [-0.861153047846801, 44.72361223807543], [-0.862416009840991, 44.72526740955367], [-0.865329226884717, 44.726945412355654], [-0.869892855954875, 44.728646104430624], [-0.8721207578733, 44.72935743509248], [-0.874470384104505, 44.72932666298236], [-0.885399802849185, 44.72910766210436], [-0.892031526303637, 44.732013448060904], [-0.89452485623729, 44.73442704392034], [-0.895521250291037, 44.73581898379546], [-0.898811333157135, 44.7367106911829], [-0.901164339598291, 44.73777194752863], [-0.901794697156486, 44.7387899683162], [-0.90557149116052, 44.740562783130365], [-0.91249519375584, 44.743090036500725], [-0.917307115440059, 44.74498770417761], [-0.920006861252396, 44.746256090069195], [-0.922414972957599, 44.74663978349921], [-0.922480372747326, 44.74662430307074], [-0.922960942220598, 44.74799995566296], [-0.926586053336708, 44.74895454839719], [-0.933843032150444, 44.74930417396739], [-0.933857490327656, 44.7493020466126], [-0.934185697868329, 44.74944849647033], [-0.93555288002568, 44.74976911619748], [-0.937172053585593, 44.75045030310204], [-0.939043260980298, 44.75149204401673], [-0.940565265776743, 44.75241568735927], [-0.941738039830493, 44.753221249276606], [-0.942734073358959, 44.75386476283034], [-0.943553350780584, 44.75434623364185], [-0.944584924619546, 44.75498598872321], [-0.945828811767671, 44.75578402119365], [-0.947806176967644, 44.756772749077555], [-0.950517081981282, 44.75795212885951], [-0.954137044078364, 44.75839137240243], [-0.958665942890965, 44.758090387962405], [-0.962583366597791, 44.7573135618068], [-0.965889240726497, 44.75606096379987], [-0.969081626730374, 44.755481125445236], [-0.972160639991424, 44.7555740556177], [-0.974328470681032, 44.75561692019272], [-0.975585108710555, 44.75560977636935], [-0.977859000374338, 44.755596810981295], [-0.981150146823392, 44.75557795727298], [-0.984464561699314, 44.75583149916491], [-0.987802294125861, 44.75635743326545], [-0.990351715826621, 44.75676966835928], [-0.992112791402256, 44.75706826326142], [-0.993352221377307, 44.7576341873547], [-0.994070007957945, 44.758467458926525], [-0.994695182833239, 44.75937711708191], [-0.995227744443999, 44.76036316337728], [-0.995558816511761, 44.76090620129309], [-0.99568838369344, 44.761006233579614], [-0.996294327247937, 44.761276727362564], [-0.997376660210209, 44.76171767394684], [-0.998570154461227, 44.76210853121811], [-0.999874809147061, 44.762449295408516], [-1.001653149459573, 44.76294101952981], [-1.003905203630459, 44.76358367853909], [-1.005413843713515, 44.763663325772626], [-1.006179019587847, 44.763179994720524], [-1.0067907392989, 44.762396843161916], [-1.007249000903348, 44.761313873350225], [-1.00762914590824, 44.7605839828683], [-1.007931182813458, 44.76020717293896], [-1.008605942109896, 44.75974297597078], [-1.008983866371488, 44.75954396578389], [-1.013173406223444, 44.76163128198732], [-1.015744740041114, 44.76514403705507], [-1.016828222036485, 44.76903719202634], [-1.022341195753448, 44.76845248217174], [-1.024449480135692, 44.76488872255241], [-1.028960474894035, 44.762405879875445], [-1.030412504824795, 44.758688930005626], [-1.033744777551764, 44.754994909273805], [-1.037818722172718, 44.75188995935693], [-1.038045355940689, 44.748303026478986], [-1.038047949301717, 44.748279460538775], [-1.038409972169498, 44.748378198234654], [-1.039062180910288, 44.748360419046755], [-1.039345402389511, 44.748046346523914], [-1.039804618569682, 44.74751429067756], [-1.040439819950112, 44.74676424912924], [-1.041120196947659, 44.74624207825441], [-1.041845755838478, 44.745947777286126], [-1.042564680917047, 44.746392616441966], [-1.043277002584948, 44.747576594530585], [-1.043921209478205, 44.74829920752411], [-1.044497280837212, 44.74856045782608], [-1.044988757690739, 44.749102963943066], [-1.045395645932672, 44.749926726629695], [-1.045650438889113, 44.7504425507841], [-1.045753127083611, 44.75065043805749], [-1.045343167574766, 44.75139289281945], [-1.044420531152114, 44.752669908778586], [-1.044022496274325, 44.75362743399794], [-1.044149094342505, 44.75426547449201], [-1.044315568988177, 44.754775179689126], [-1.044521919732396, 44.75515654954579], [-1.045286081719202, 44.755385535833135], [-1.046608055797519, 44.75546212630913], [-1.047421365596072, 44.75549972751843], [-1.047726007926172, 44.75549835146649], [-1.048052200898669, 44.755386098389174], [-1.048399942540669, 44.75516296809868], [-1.049515530263688, 44.754858160228004], [-1.05139894780535, 44.754471650350496], [-1.052751502723436, 44.75448285979376], [-1.053573222685015, 44.75489180868594], [-1.054674833920079, 44.75550364772532], [-1.056056358694559, 44.756318367289126], [-1.05696646850383, 44.756733397799614], [-1.057405131869444, 44.756748752642906], [-1.05777055017495, 44.75683395164583], [-1.058062724460513, 44.75698899554625], [-1.058446055266295, 44.75727394460293], [-1.058920546926293, 44.75768879763907], [-1.059385592466646, 44.75827528946926], [-1.059841196517703, 44.75903341991133], [-1.060344310497135, 44.759866464121544], [-1.060894938974701, 44.76077442118338], [-1.061119788879699, 44.76125170414528], [-1.061018845283301, 44.76129831586567], [-1.060950072898996, 44.76136069795966], [-1.060913471780117, 44.76143885048784], [-1.061217646032723, 44.76159210168696], [-1.061862599862208, 44.761820448454564], [-1.062787906458398, 44.76227883121266], [-1.063993585059427, 44.76296724185314], [-1.064656193564785, 44.76354640811493], [-1.064775710466453, 44.764016340961874], [-1.064572617745687, 44.76443709636433], [-1.064046908614869, 44.76480867261768], [-1.063491709811381, 44.7653597429882], [-1.062907015808138, 44.76609030691085], [-1.062840588689751, 44.76654291318148], [-1.063292441118785, 44.76671756279362], [-1.063830373488509, 44.76666955896967], [-1.064454379295346, 44.76639890048721], [-1.065189646531323, 44.766097823476954], [-1.066036172361085, 44.765766325619005], [-1.066488576578113, 44.76561603353555], [-1.066546866354629, 44.76564695227754], [-1.06688203388181, 44.76582473436947], [-1.06749408470018, 44.76614937696348], [-1.068138282082067, 44.76639869552299], [-1.068814623760498, 44.7665726895377], [-1.0691633425734, 44.76671269411452], [-1.069184435274952, 44.76681871262705], [-1.070063310621363, 44.76738534931151], [-1.071800018820876, 44.768412580820865], [-1.073504819838645, 44.76921804713888], [-1.075177690842482, 44.76980175068982], [-1.076220241861823, 44.76990709209451], [-1.076632441606585, 44.769534091069524], [-1.076840070034809, 44.76934466998642], [-1.076843130980089, 44.76933883006341], [-1.076948892876104, 44.769137048107595], [-1.077157353779675, 44.76873932376305], [-1.077396134564062, 44.768422202677336], [-1.077665235583595, 44.76818568468801], [-1.078352640245881, 44.76803445163037], [-1.079458348539402, 44.76796849523724], [-1.080400454040702, 44.76811914237091], [-1.081178966388223, 44.768486397206985], [-1.081727933860118, 44.76880019718015], [-1.08204735078303, 44.769060546079494], [-1.082193377878134, 44.76924413618408], [-1.08216601272207, 44.76935096830452], [-1.081966518498249, 44.769692646612164], [-1.081594890124454, 44.77026917005388], [-1.081478500197625, 44.77065626835232], [-1.081617354663137, 44.77085394239435], [-1.08192293124297, 44.77128895682593], [-1.08239523843463, 44.771961309782256], [-1.082567967874047, 44.772650627724865], [-1.082441108692284, 44.773356912349165], [-1.082675417606573, 44.77367829575243], [-1.08327089527851, 44.77361477574017], [-1.083987238782651, 44.77348640165498], [-1.084824444956212, 44.77329317104812], [-1.085362140162793, 44.77318384660529], [-1.08560032832597, 44.773158432908915], [-1.085731009989029, 44.77338695415948], [-1.085754185980864, 44.77386941062279], [-1.086187600079423, 44.7741522248413], [-1.087031253687896, 44.77423539177589], [-1.088155591960698, 44.77432323569673], [-1.089560616854054, 44.774415747459244], [-1.091018506768025, 44.77440734279473], [-1.09252925390182, 44.77429801964182], [-1.093528574821754, 44.77412183568836], [-1.094016470279478, 44.773878805635434], [-1.094609157552701, 44.77383077539541], [-1.095306642561644, 44.77397774307246], [-1.095886640226464, 44.77401806082021], [-1.096349146880461, 44.77395173069004], [-1.096617049062119, 44.773930348494595], [-1.096690347573293, 44.7739539157229], [-1.097253654239577, 44.773949165000694], [-1.09830696839336, 44.773916088379956], [-1.099088521855413, 44.77387231644909], [-1.099598314580147, 44.773817855334435], [-1.100284902183262, 44.77381069729945], [-1.10114828646807, 44.773850838805735], [-1.103082180054728, 44.773571374704126], [-1.106086536793052, 44.77297224605952], [-1.10796464610825, 44.7726015916644], [-1.108716550349158, 44.77245947182093], [-1.109200350261082, 44.77236802404321], [-1.109416048290406, 44.77232725203113], [-1.109837325957274, 44.77224687187689], [-1.110464181603671, 44.77212688111035], [-1.11108180977957, 44.77214688329558], [-1.111690215111892, 44.77230687849394], [-1.112094393343266, 44.77256152893391], [-1.112294343805498, 44.772910836959866], [-1.112556381536232, 44.773274611138355], [-1.112880507999443, 44.77365285095831], [-1.113429471968507, 44.77398433012943], [-1.114203276092623, 44.77426904506849], [-1.114908336869791, 44.77499506970915], [-1.115544670344301, 44.77616240443865], [-1.115978964656923, 44.777020377330395], [-1.11621120148955, 44.777568991858274], [-1.116551428800237, 44.77782555483346], [-1.116999642300073, 44.77779006544381], [-1.117818979951739, 44.77764006360562], [-1.119009434213419, 44.777375540670626], [-1.119760057494864, 44.777407408707994], [-1.120070860639771, 44.77773567699277], [-1.120647447294132, 44.777991864719276], [-1.121489818926737, 44.77817596747552], [-1.122428373478636, 44.77824541596783], [-1.123463105599236, 44.77820020772162], [-1.124053362125353, 44.7781744143334], [-1.124199143985428, 44.778168043351776], [-1.124369967530792, 44.7782167059622], [-1.124565833352118, 44.77832040202323], [-1.124671768348814, 44.778400550719944], [-1.124687771978639, 44.77845715234243], [-1.124922630108061, 44.77858308620971], [-1.125376345198255, 44.77877835076919], [-1.125425719438235, 44.77943600887878], [-1.125070741819059, 44.78055606070604], [-1.124679119579895, 44.78119687006499], [-1.124250859483217, 44.78135843704557], [-1.123994141966504, 44.78139747532674], [-1.12390896898968, 44.78131398614753], [-1.123191963527822, 44.78143111356816], [-1.121843114590898, 44.781748844703685], [-1.120703692647421, 44.78207881234145], [-1.119773700406882, 44.78242102329866], [-1.119295039533743, 44.78264559096447], [-1.119267718045581, 44.782752521457006], [-1.119350864767711, 44.783168318380156], [-1.119544484394004, 44.783892981100514], [-1.119918627150513, 44.784606992631566], [-1.120473299746151, 44.785310350900644], [-1.121017792973582, 44.78563343785182], [-1.121552094756648, 44.78557625415677], [-1.121862053555879, 44.785543079491795], [-1.121947670084315, 44.78553391584909], [-1.122147194455003, 44.78546055666507], [-1.122460625592251, 44.78532300129704], [-1.122734857200496, 44.78523297711322], [-1.122969890125532, 44.78519048441486], [-1.123676608806355, 44.78519283877978], [-1.124855015373172, 44.785240030549055], [-1.125760931100888, 44.78532505222747], [-1.126394356327981, 44.78544791092036], [-1.127039740089727, 44.785508814189775], [-1.127697080269307, 44.785507761865496], [-1.12804478006257, 44.78552748540833], [-1.128082839411058, 44.78556798792361], [-1.128253036815627, 44.78574910994326], [-1.128555375031842, 44.786070850707276], [-1.128839284168003, 44.78640818639123], [-1.129104764157451, 44.786761117136315], [-1.129498020290552, 44.78702235617401], [-1.13001905232141, 44.78719190211062], [-1.130434481036442, 44.78721546300862], [-1.130744302985231, 44.787093040212994], [-1.130974179204042, 44.78700220619527], [-1.131124110430302, 44.78694296147595], [-1.131240029351859, 44.78689715635474], [-1.13132193612691, 44.786864790943305], [-1.131305765639942, 44.78680917595151], [-1.131191518213293, 44.78673031132414], [-1.131034254215439, 44.78634645904198], [-1.130833977881366, 44.78565761857498], [-1.133631578794855, 44.78510607111232], [-1.139426997942014, 44.78469157617402], [-1.142673660376403, 44.785267110419404], [-1.14337165410149, 44.78683290945402], [-1.143694315038315, 44.78761360261933], [-1.143641609740789, 44.78760919539942], [-1.143347320782041, 44.7876787846084], [-1.142811446211425, 44.787822368226145], [-1.142439108848462, 44.7880775925519], [-1.14223030882317, 44.78844445927925], [-1.141880464949321, 44.7889125675971], [-1.141389572168927, 44.78948191608928], [-1.140949573334865, 44.78960085557361], [-1.14056047899498, 44.789269386586795], [-1.140264373608264, 44.789200658393234], [-1.14006125251843, 44.789394671922764], [-1.13974245713222, 44.789715910545475], [-1.139307983603727, 44.79016437319281], [-1.138771973086791, 44.79060936372792], [-1.138134423313883, 44.791050880632234], [-1.137573022205614, 44.79146987839524], [-1.137087772035183, 44.79186635822185], [-1.136940935078953, 44.79234139370831], [-1.137132519515241, 44.79289498603741], [-1.137259266665673, 44.79324536980839], [-1.137321173453544, 44.793392545472415], [-1.137436713555416, 44.793667225107], [-1.137605888787922, 44.794069408421755], [-1.137418540771106, 44.79444055835903], [-1.136874662732541, 44.79478067315913], [-1.136420268293016, 44.794912845913835], [-1.136055362914319, 44.794837077738656], [-1.135637412725312, 44.79478500528984], [-1.13516641736049, 44.79475662793829], [-1.134692307673279, 44.794768003932376], [-1.134215082657677, 44.79481913324963], [-1.133852490173703, 44.794917112021025], [-1.133604529897067, 44.795061941442285], [-1.133249677033327, 44.7951709152341], [-1.132787931656704, 44.79524403230927], [-1.132453284029069, 44.795204978765675], [-1.132245735875139, 44.79505375578438], [-1.131883239411982, 44.794930956133896], [-1.131365795146461, 44.79483657819117], [-1.130790991590495, 44.794815357793226], [-1.130158826585264, 44.79486729403781], [-1.129807791751447, 44.79507834255739], [-1.129737887387318, 44.795448506120955], [-1.129688156657694, 44.79575343478694], [-1.129658599932219, 44.795993128618306], [-1.129622074302122, 44.796225684402394], [-1.129578579683875, 44.796451102137134], [-1.129748136438092, 44.79666158863694], [-1.130130746849277, 44.79685714281881], [-1.130327476360628, 44.796954338546044], [-1.13033832286485, 44.796953176937365], [-1.130424295649993, 44.79699521751335], [-1.130585395103244, 44.79708046007583], [-1.130777449904318, 44.797237287935154], [-1.1310004611302, 44.797465700873715], [-1.131267659221344, 44.797638132983714], [-1.13157904373409, 44.79775458395436], [-1.131881939156274, 44.79780098461185], [-1.132176344306612, 44.797777335062015], [-1.132423534104767, 44.79765624605255], [-1.132623507632815, 44.79743771791445], [-1.132749076143234, 44.797290233946086], [-1.132800240620798, 44.797213794418106], [-1.132871539918379, 44.79715490881663], [-1.132962974034263, 44.79711357710246], [-1.133199289363971, 44.79704884096833], [-1.133580485157998, 44.79696069943954], [-1.13401870643121, 44.79690860743528], [-1.134513953885778, 44.796892564224194], [-1.134782761761609, 44.79691005147269], [-1.134825130264668, 44.796961070930344], [-1.134691086126086, 44.79721850678118], [-1.134380625813616, 44.79768235830595], [-1.13419910199466, 44.797917100394066], [-1.134146518131736, 44.797922733760714], [-1.133810841216822, 44.79795869454899], [-1.13319207027415, 44.798024980036985], [-1.132730303655571, 44.798203620720955], [-1.132425540137095, 44.79849461867494], [-1.132242020158971, 44.79888745256842], [-1.132179745511034, 44.7993821229214], [-1.132058275446455, 44.79978266274825], [-1.131877609065697, 44.80008907193964], [-1.131725176056631, 44.80033504501769], [-1.131600977180573, 44.8005205821217], [-1.131400559669723, 44.800829105323615], [-1.131123921214993, 44.80126061415183], [-1.131132181666341, 44.801704669500104], [-1.131425347841494, 44.802161271145835], [-1.131399791163063, 44.80253718368213], [-1.131055505135057, 44.80283240707403], [-1.131032760816962, 44.80322237085869], [-1.131331565043437, 44.80370707502603], [-1.131706684347592, 44.803867841820775], [-1.132158112567045, 44.80370467065612], [-1.132823019899123, 44.803544720009995], [-1.133701404786502, 44.80338798582349], [-1.13434502249999, 44.803476890424406], [-1.134753880361534, 44.803811437969735], [-1.134911872689736, 44.80401273842513], [-1.134818995431218, 44.80408079307464], [-1.134440664982137, 44.804120749530135], [-1.133776881414913, 44.80413260467862], [-1.133364900777026, 44.80420635894503], [-1.133204722611182, 44.80434201532033], [-1.133003783317154, 44.80448203727623], [-1.132762082555673, 44.804626424582345], [-1.132664517262889, 44.80471093641801], [-1.132711088354274, 44.80473557318002], [-1.132892993603403, 44.80486421389261], [-1.133210235071784, 44.805096857774735], [-1.133604684740339, 44.805195325334196], [-1.134076340128975, 44.805159615772794], [-1.134524728906297, 44.805059740455], [-1.134949849687248, 44.80489569969717], [-1.135333193522065, 44.804786425017966], [-1.135674761721388, 44.80473191686415], [-1.136175008046526, 44.80497422730656], [-1.136833943072778, 44.805513353683665], [-1.13718971055364, 44.80610249048276], [-1.137242301953731, 44.806741640930966], [-1.137107758026392, 44.80716456737945], [-1.136786075512173, 44.80737126936251], [-1.136309180096956, 44.80770942299805], [-1.135677065992612, 44.808179026180255], [-1.135758699532273, 44.80868698717136], [-1.136554100491397, 44.809233303835526], [-1.137439848827814, 44.80962640565252], [-1.138415938866334, 44.80986629056082], [-1.138965889394207, 44.80998138543803], [-1.139089693751609, 44.80997169721065], [-1.139420304146649, 44.81021671954406], [-1.139957728293651, 44.81071645017436], [-1.140702547449938, 44.81079678925153], [-1.141654745730837, 44.81045773272659], [-1.14246714359154, 44.810252152750024], [-1.143139748067361, 44.81018005250582], [-1.144099162168837, 44.81003276191579], [-1.145345380154295, 44.80981027314424], [-1.146050038949002, 44.809534745467815], [-1.146213144209676, 44.809206189738916], [-1.1462801679738, 44.80886571753889], [-1.14625111196998, 44.80851332900853], [-1.146012418385383, 44.808205639129866], [-1.145564090067268, 44.807942646429325], [-1.144687949159174, 44.80782205698835], [-1.14338399205058, 44.80784386011226], [-1.142711810068897, 44.807827921323806], [-1.142671403559476, 44.807774252858046], [-1.142532755065062, 44.80755917210998], [-1.142295867161411, 44.80718267856001], [-1.1419263782229, 44.80684910479986], [-1.141424289728557, 44.80655844941588], [-1.141071741685006, 44.806208704369084], [-1.140868732485484, 44.805799871169825], [-1.140668571596747, 44.80530461394261], [-1.140471260153343, 44.804722932590224], [-1.140317460604331, 44.804358262844154], [-1.140207169779635, 44.80421060512993], [-1.140069081680636, 44.80372304741114], [-1.139903200651681, 44.80289558913829], [-1.139902157158499, 44.802186020451025], [-1.140065944376724, 44.80159434167311], [-1.140463870955384, 44.80096321250245], [-1.141095928414061, 44.800292630378536], [-1.142201797883873, 44.79987266456121], [-1.143781483438361, 44.79970330007702], [-1.144574096671573, 44.799833609676654], [-1.144579644366429, 44.80026361112373], [-1.144716656638471, 44.80061603844365], [-1.144985135237369, 44.80089089113766], [-1.145162811335222, 44.80107278350487], [-1.145249683033111, 44.80116171608591], [-1.145764196740423, 44.80124178496327], [-1.146706354288753, 44.80131298375567], [-1.147448280704899, 44.80108987837917], [-1.147989966961335, 44.800572473169275], [-1.14826597555042, 44.800289321964776], [-1.148276313436479, 44.80024042687279], [-1.148338415901709, 44.799946699574235], [-1.148452281800344, 44.7994081398496], [-1.14865031212022, 44.798736185025255], [-1.148932503035213, 44.79793083451294], [-1.149476954008084, 44.79752794705595], [-1.150283670193921, 44.79752751876878], [-1.1511693560722, 44.79761908465921], [-1.15213401652611, 44.7978026425901], [-1.152980537795669, 44.798095761531606], [-1.153708923093132, 44.79849844423261], [-1.154230745582576, 44.798786923039344], [-1.154545998543724, 44.79896120127054], [-1.154872874112473, 44.798987114212466], [-1.155211369687639, 44.79886466181844], [-1.155862970431416, 44.79859377183388], [-1.15682766712376, 44.79817443848543], [-1.157797994430347, 44.797984146674544], [-1.15877396390625, 44.7980228960918], [-1.159583520369299, 44.79823739492569], [-1.16022666962423, 44.798627646859806], [-1.160415807901215, 44.79897389427648], [-1.160150926141747, 44.79927613987438], [-1.15988714002787, 44.79942185252569], [-1.159624451626193, 44.79941103224306], [-1.159244319300063, 44.799495633949014], [-1.158746740679967, 44.79967565638917], [-1.158466852973828, 44.79983230406455], [-1.158404658264232, 44.79996557869594], [-1.158323805160806, 44.800153605269045], [-1.158224293309006, 44.80039638372631], [-1.158186978531993, 44.80057973571018], [-1.158211861483774, 44.80070366129671], [-1.158655555479155, 44.800845920620446], [-1.159518064369644, 44.801006508236696], [-1.160401304020448, 44.80104881538782], [-1.161305268873422, 44.80097284167334], [-1.161931401162952, 44.80084230012158], [-1.162279700853141, 44.80065719573431], [-1.162385411236642, 44.80037154694044], [-1.162248535616373, 44.79998535434956], [-1.162103372156263, 44.79963170125292], [-1.161949920685051, 44.79931058764353], [-1.161857481900216, 44.799118407586796], [-1.161826054364721, 44.799055161327566], [-1.161929202204383, 44.79882622061824], [-1.162166923123471, 44.79843158502726], [-1.162621436319232, 44.79809774034209], [-1.163292739372457, 44.79782468381495], [-1.164062759475099, 44.79754101793877], [-1.164931494796804, 44.79724674055377], [-1.165546382029245, 44.7970945580061], [-1.165907427597044, 44.79708447470682], [-1.166544878055196, 44.79694421536053], [-1.167458727207204, 44.79667377497867], [-1.167976516005202, 44.79635983549966], [-1.168098249758768, 44.796002402696686], [-1.168250228626694, 44.7958542103044], [-1.168432453869701, 44.795915258228796], [-1.168596154886226, 44.796085680319706], [-1.168741332586456, 44.79636547660631], [-1.168791154662908, 44.79668717057449], [-1.168745619669881, 44.797050762363355], [-1.168830677661907, 44.797326469709326], [-1.169046330017132, 44.797514292313814], [-1.169531471571852, 44.79756765176809], [-1.170286099703556, 44.797486544372425], [-1.171042783335876, 44.797341910502276], [-1.171801519943008, 44.79713375014669], [-1.1724026566069, 44.796805376641956], [-1.172846192386047, 44.796356792656894], [-1.173005697095093, 44.79589654333167], [-1.172881177616134, 44.79542462981642], [-1.172628134391474, 44.794977083978765], [-1.172246570133647, 44.79455390484659], [-1.171869163527198, 44.79415137778182], [-1.171495914008151, 44.79376950285904], [-1.171410759789528, 44.79312455659935], [-1.171613693229334, 44.79221653951501], [-1.171412475883349, 44.79165792037429], [-1.170807114862225, 44.791448697092065], [-1.170396571131989, 44.79102862896381], [-1.170180845445512, 44.79039771809416], [-1.170143365174943, 44.789621046646964], [-1.170284123951232, 44.78869861471127], [-1.170659140715679, 44.78790924898971], [-1.171268407642704, 44.78725294733431], [-1.171722192728939, 44.78656060718457], [-1.172020500946267, 44.785832230418066], [-1.172110108887936, 44.78533257763131], [-1.171991022447459, 44.7850616494796], [-1.171936592386086, 44.78492181225142], [-1.171946817712106, 44.78491306610771], [-1.17227052113202, 44.784587358957744], [-1.172907692495565, 44.783944687871845], [-1.174043982773477, 44.783277043856835], [-1.175679373369228, 44.78258441091214], [-1.176979229937856, 44.78212880064318], [-1.177943575931214, 44.781910225361294], [-1.177974511853434, 44.781662877769875], [-1.177072050024087, 44.78138675842699], [-1.17637827999261, 44.78114559961281], [-1.175893197548984, 44.78093940560984], [-1.175675985240868, 44.78066133495498], [-1.175726639986045, 44.780311389349514], [-1.1757293461772, 44.779923539048156], [-1.175684104901629, 44.7794977840009], [-1.175427481698257, 44.77942490905587], [-1.174959472436311, 44.77970491278959], [-1.174457683871091, 44.78021821129713], [-1.173922109629294, 44.78096480397226], [-1.173451386081413, 44.78173312634198], [-1.173045515422643, 44.78252317920549], [-1.172698779020525, 44.78300543743592], [-1.172411183098406, 44.78317990180547], [-1.171613950076228, 44.783040670452884], [-1.17030709788073, 44.78258773118993], [-1.169519149908609, 44.78205058873013], [-1.169250094636984, 44.78142925501398], [-1.169156577669716, 44.78099076382398], [-1.169238593421206, 44.78073511591989], [-1.169457168126431, 44.780250867297205], [-1.169812296345747, 44.779538016976915], [-1.170099685637518, 44.77902347443684], [-1.170319340213478, 44.77870724036421], [-1.169365748406965, 44.77837084812369], [-1.167238933667808, 44.778014264935926], [-1.165515738152072, 44.777964281845136], [-1.16419613162844, 44.778220919581855], [-1.162628374899129, 44.77844678588864], [-1.160812467938477, 44.77864186955935], [-1.158940159260247, 44.778354952964854], [-1.157011499045822, 44.77758603171204], [-1.155347963881507, 44.776530247505406], [-1.153949565836838, 44.77518761217435], [-1.152680957153803, 44.77368749436287], [-1.15154213948813, 44.77202989828711], [-1.150454098209392, 44.7706252082047], [-1.149416812358958, 44.76947342689702], [-1.148729126288927, 44.76845636219178], [-1.148391014846606, 44.76757402184205], [-1.148396781246276, 44.76699926161815], [-1.148746413839693, 44.76673208208034], [-1.149665379792154, 44.76709276601227], [-1.151153723037342, 44.768081296917636], [-1.152275620998961, 44.76905173600601], [-1.153031052994066, 44.7700040956107], [-1.153820372689985, 44.770723155078414], [-1.154643570455381, 44.77120891419388], [-1.155748706211837, 44.771894051544216], [-1.157135803336771, 44.77277855736133], [-1.158297404172026, 44.77314182683747], [-1.159233470396293, 44.77298386873517], [-1.159919016366693, 44.772840507724545], [-1.160354044332125, 44.77271174871683], [-1.160569799595527, 44.772638607662266], [-1.160566283576155, 44.772621085904284], [-1.160624916472718, 44.7726037314739], [-1.16074569823216, 44.772586544267156], [-1.161059618511324, 44.77254187281373], [-1.161566676463758, 44.77246971537985], [-1.162118447393524, 44.77242197245756], [-1.162714931927052, 44.772398643324465], [-1.163386340893321, 44.77247353085973], [-1.164132678225353, 44.77264663351385], [-1.165357326146168, 44.77275650454755], [-1.167060283938799, 44.77280312709337], [-1.168684301935123, 44.77285820873325], [-1.170229380496902, 44.77292175315683], [-1.172095797172332, 44.77257751418085], [-1.174283506948996, 44.77182547515921], [-1.175732520139071, 44.77121027216799], [-1.176442869886462, 44.77073193556175], [-1.17733164667115, 44.77100713332356], [-1.178398890502061, 44.77203585959739], [-1.179366973542208, 44.77251175154982], [-1.180235862779499, 44.772434813201215], [-1.181137519697143, 44.77215740557624], [-1.182071934545403, 44.77167952791145], [-1.182576176464703, 44.77140515691262], [-1.182650256639094, 44.77133429871837], [-1.182948697212564, 44.771207846606465], [-1.183471495902803, 44.77102579867874], [-1.18422080535674, 44.77101849399766], [-1.185196632672277, 44.77118592751974], [-1.185989272545797, 44.77139403928893], [-1.186598724555426, 44.771642833485174], [-1.187292645414902, 44.77201877727331], [-1.188071041927313, 44.77252186871814], [-1.189047059775163, 44.77298270923622], [-1.190220701712206, 44.77340129324636], [-1.191462405201098, 44.7740116678486], [-1.192772186080266, 44.774813830024236], [-1.193820651013832, 44.775443674264736], [-1.194607780499396, 44.77590120911452], [-1.195576340430586, 44.77571132876566], [-1.196726296441527, 44.77487402861725], [-1.198127116263896, 44.77443205267566], [-1.199778822819742, 44.7743853906859], [-1.200956674145628, 44.77436577333488], [-1.201660671808642, 44.774373216690904], [-1.202668248932811, 44.77472327558561], [-1.203979430816453, 44.775415940407704], [-1.205774213648038, 44.77581165254682], [-1.208052579351164, 44.77591038759584], [-1.210019732012477, 44.7758149263641], [-1.211675652219448, 44.775525286883735], [-1.212675863258675, 44.775191735352955], [-1.213020373836155, 44.774814290475625], [-1.213793286140597, 44.77463592770967], [-1.214994604452919, 44.77465663748726], [-1.216336590081584, 44.77502559498832], [-1.217819271876347, 44.775742793885804], [-1.21874319782011, 44.77648271781084], [-1.219108346447689, 44.77724538207527], [-1.220315244965778, 44.77781687563246], [-1.222363907185601, 44.77819716911483], [-1.223686526770106, 44.77873106194914], [-1.224283093312373, 44.77941858188395], [-1.224749151525281, 44.78007006852163], [-1.225084695735505, 44.78068552378646], [-1.22625953980452, 44.781097495167835], [-1.228273689996991, 44.781305954267], [-1.229665151847473, 44.78165688045689], [-1.230433923624907, 44.78215029866176], [-1.2308491320355, 44.78265235552776], [-1.230910767636256, 44.78316305548042], [-1.231048787679148, 44.78347498311858], [-1.23126319156763, 44.78358813828113], [-1.231534321616328, 44.78375505081426], [-1.231862179189304, 44.78397572022659], [-1.2321654321883, 44.78420722256267], [-1.232444080492657, 44.78444955803498], [-1.232698123954719, 44.78470272683891], [-1.232927562399728, 44.78496672915271], [-1.233132395625878, 44.785241565137454], [-1.233312623404326, 44.78552723493718], [-1.233485360581458, 44.78581371441604], [-1.233650607050043, 44.78610100361318], [-1.233808362702254, 44.78638910256612], [-1.233958627429652, 44.786678011310755], [-1.234101401123283, 44.786967729881304], [-1.234236683673542, 44.78725825831056], [-1.234364474970255, 44.78754959662953], [-1.234484774902695, 44.787841744867706], [-1.234550026207126, 44.78800204710589], [-1.234560227805211, 44.7880305035149], [-1.234367558268097, 44.788292997208565], [-1.233972012789055, 44.78878952703238], [-1.233549260247566, 44.78952148314717], [-1.233099295419461, 44.79048886496997], [-1.232860086331142, 44.7910429071347], [-1.232831642931218, 44.791183611365526], [-1.232628994971592, 44.791280602107534], [-1.232252142033716, 44.79133387836039], [-1.231881401870633, 44.791551767496124], [-1.231516771525218, 44.79193426956743], [-1.23119158461126, 44.79241257401013], [-1.230905840763599, 44.79298668110558], [-1.230746265614604, 44.793389902008215], [-1.23071286286203, 44.793622237365035], [-1.230862568864143, 44.79426364218863], [-1.231195394974443, 44.795314114897096], [-1.231443360324302, 44.79609671616522], [-1.231606456374863, 44.796611447220776], [-1.231680930261828, 44.79687624288653], [-1.231666779281715, 44.796891103548994], [-1.23154528817442, 44.797014434167345], [-1.231316455630358, 44.797246234365254], [-1.231093229400435, 44.79746789194356], [-1.230875609655865, 44.79767940693951], [-1.2306635965625, 44.7978807793892], [-1.230457190280839, 44.79807200932787], [-1.23025639096603, 44.798253096789644], [-1.230061198767846, 44.79842404180768], [-1.229871613830704, 44.79858484441417], [-1.229687636293664, 44.79873550464019], [-1.229488223735911, 44.79888315166297], [-1.22927337606812, 44.79902778539665], [-1.229043093206269, 44.799169405748245], [-1.228797375071673, 44.79930801261779], [-1.228536221590923, 44.79944360589844], [-1.228259632695922, 44.799576185476184], [-1.227967608323931, 44.79970575123009], [-1.227660148417479, 44.799832303032254], [-1.227385335400689, 44.79994441026312], [-1.227143169660967, 44.8000420731767], [-1.226933651537844, 44.800125291996714], [-1.226756781322943, 44.80019406691673], [-1.226612559260023, 44.80024839810024], [-1.226500985544972, 44.800288285680494], [-1.226422060325764, 44.80031372976066], [-1.226375783702523, 44.8003247304136], [-1.226321022519403, 44.800372323573995], [-1.226257776659673, 44.80045650922721], [-1.226186045982475, 44.80057728735436], [-1.226105830322726, 44.80073465793201], [-1.226017129491151, 44.80092862093258], [-1.225919943274294, 44.801159176323914], [-1.225814271434478, 44.80142632406955], [-1.225700113709847, 44.80173006412875], [-1.225526703510754, 44.80205779397938], [-1.22529403963919, 44.802409513334155], [-1.225002120752747, 44.80278522180619], [-1.224650945364579, 44.803184918909295], [-1.224240511843433, 44.803608604057814], [-1.223770818413611, 44.804056276566726], [-1.223241863154968, 44.804527935651606], [-1.222653644002892, 44.805023580428546], [-1.222157274778353, 44.805404921031304], [-1.22175276005075, 44.80567195876932], [-1.221486921508095, 44.8063432370863], [-1.221359760156395, 44.8074187564551], [-1.220456633560912, 44.80899457181082], [-1.218777458122249, 44.81107066306233], [-1.216544551696801, 44.81260357069218], [-1.213757929602098, 44.81359326047735], [-1.210767651641201, 44.81417419432763], [-1.207573776032265, 44.814346353958136], [-1.205215203471216, 44.81465804566589], [-1.203691928333709, 44.81510932627732], [-1.202185631061981, 44.81564487904654], [-1.200696305616476, 44.81626470474419], [-1.19970155315034, 44.81658524289588], [-1.199201396901128, 44.81660650739569], [-1.198826543430764, 44.81677608821968], [-1.19857699101466, 44.817093986705586], [-1.197863180078236, 44.81768408398554], [-1.196685086989653, 44.81854637066807], [-1.195384622849643, 44.81939353501879], [-1.193961783252105, 44.82022557257046], [-1.19280297509978, 44.82098673401472], [-1.191908212850058, 44.821677027980215], [-1.19111332561472, 44.822073721946076], [-1.190418327149301, 44.822176818154894], [-1.188652932377853, 44.82229612102725], [-1.185817135075381, 44.82243157621875], [-1.183487309080409, 44.8225125259586], [-1.181663462024974, 44.82253900407621], [-1.179625589189194, 44.82268745746487], [-1.177373676167687, 44.82295787381744], [-1.176108736936991, 44.82319285342663], [-1.175830784856917, 44.823392432016234], [-1.175324940669714, 44.82384277180287], [-1.174591192965896, 44.82454386946748], [-1.173598780370424, 44.82504649485915], [-1.172347706093899, 44.82535064072011], [-1.1710549713683, 44.82584308596333], [-1.169720562732482, 44.82652382912576], [-1.168166489256564, 44.827298854924095], [-1.166392734840762, 44.82816815370487], [-1.16511654772963, 44.82854560675799], [-1.164337969659941, 44.82843123189724], [-1.163776257156773, 44.828208718781795], [-1.163431410912197, 44.82787807085788], [-1.163058791365456, 44.82770595827017], [-1.162658395437564, 44.8276923808422], [-1.162171845450089, 44.82794259412981], [-1.161599133858877, 44.82845659694524], [-1.160912399025071, 44.8288979876813], [-1.160111640798326, 44.82926676415143], [-1.159363722302668, 44.82979955688007], [-1.158668639011487, 44.83049636691874], [-1.158412878372439, 44.83110360243143], [-1.158596455417837, 44.83162126645458], [-1.158999725391613, 44.832242624043666], [-1.159622698377899, 44.83296767229874], [-1.159664497553063, 44.8336702454741], [-1.159125100854742, 44.8343503447664], [-1.158722498634001, 44.834773493139934], [-1.158456698749506, 44.83493969224425], [-1.158156384285432, 44.83512747066943], [-1.157821554585868, 44.83533682812209], [-1.157593004580298, 44.83592886429071], [-1.157470734435735, 44.83690357939818], [-1.157437421463354, 44.837529362476246], [-1.157493067811197, 44.83780621402155], [-1.158035398657459, 44.83812983345403], [-1.159064424199901, 44.838500212921396], [-1.16012563555914, 44.838736904511066], [-1.161219025368113, 44.838839907459864], [-1.161821286228614, 44.83916772708651], [-1.161932416926886, 44.839720371786484], [-1.162023089085921, 44.840082137599396], [-1.162093300919129, 44.84025302476054], [-1.162461776129871, 44.840391897053316], [-1.163128516399913, 44.84049875128457], [-1.163547140429597, 44.840708704166175], [-1.163717647767551, 44.84102175865556], [-1.163890685930467, 44.841436497734904], [-1.164066256199331, 44.84195292127656], [-1.163948536443653, 44.84234789520895], [-1.163537520939893, 44.84262141875759], [-1.163018700387095, 44.84280455596928], [-1.162392076193143, 44.84289730523724], [-1.161151350332895, 44.843055959023864], [-1.159296514129248, 44.84328049553358], [-1.158291426847622, 44.84371969515483], [-1.158136096593955, 44.844373582131595], [-1.158156216797565, 44.84491943354341], [-1.158351792086421, 44.845357249314574], [-1.159209125576468, 44.845698572335884], [-1.16072822535957, 44.845943386158154], [-1.162184644973153, 44.84605471689972], [-1.163578373421128, 44.84603256745337], [-1.164794148144546, 44.84610597054031], [-1.16583197447418, 44.846274932267995], [-1.166777129222573, 44.846695981515374], [-1.167629623679784, 44.84736912034755], [-1.168339252625073, 44.84804485073279], [-1.168906010879667, 44.84872317569775], [-1.169939863824708, 44.84958857566828], [-1.171440845123689, 44.850641035684674], [-1.172321140871082, 44.85153277060491], [-1.172580712236305, 44.852263797287826], [-1.172984015077205, 44.85271891446677], [-1.173531046162392, 44.852898120801534], [-1.17415440232557, 44.853251471006246], [-1.174854091297313, 44.85377896341924], [-1.175473828820574, 44.85443557530396], [-1.176013616881395, 44.85522130786944], [-1.176247966037628, 44.85564812597876], [-1.176176863685862, 44.855716032278735], [-1.176488261136447, 44.85610443812349], [-1.177182172672309, 44.856813339521516], [-1.177725036508988, 44.85771926894187], [-1.178116852143932, 44.8588222283855], [-1.178372311187424, 44.85987957388384], [-1.178491404921767, 44.860891306724305], [-1.178509030673301, 44.86152272439602], [-1.178425183041074, 44.86177382756453], [-1.178485932278205, 44.861981726516845], [-1.178691279806027, 44.86214642098874], [-1.178901389160954, 44.86246123250252], [-1.179116262431686, 44.862926160886914], [-1.179136408783716, 44.86362731818843], [-1.17896182225131, 44.86456470430028], [-1.178696725908184, 44.86525345226169], [-1.178341118829402, 44.86569356175784], [-1.177974180431705, 44.866077473117706], [-1.177595911448389, 44.86640518625104], [-1.177341911194702, 44.86674825290369], [-1.177212181747723, 44.86710667393031], [-1.176757659171462, 44.86745692891246], [-1.175978337710334, 44.867799013724515], [-1.175145161116703, 44.86811970404547], [-1.174258129424936, 44.86841899859648], [-1.173711278129538, 44.86881540660629], [-1.173504611662589, 44.869308933260285], [-1.173179134311099, 44.8695757270123], [-1.172734847973048, 44.869615786834544], [-1.172647588927813, 44.87004687241712], [-1.172917364691359, 44.87086898414863], [-1.173044868299255, 44.87178384706302], [-1.173030093949522, 44.872791461628026], [-1.17319606302947, 44.87335772887554], [-1.173542775465589, 44.873482648463416], [-1.174342785033446, 44.87377088301226], [-1.175596106474513, 44.8742224216693], [-1.17647070448159, 44.87457899357587], [-1.176966566754885, 44.87484060860141], [-1.177542233124619, 44.87534105583822], [-1.178197713960009, 44.87608033349661], [-1.178463672877907, 44.87677149145156], [-1.178340094408275, 44.87741453308103], [-1.178088143886199, 44.87804887373635], [-1.177707817059575, 44.87867451258677], [-1.175950968806694, 44.87953797374527], [-1.172817517028961, 44.88063918885637], [-1.170361121438012, 44.88148768889467], [-1.168581842860825, 44.88208352093177], [-1.167198636207376, 44.88213552527263], [-1.166211542141509, 44.88164371690179], [-1.165376556810351, 44.88144274826693], [-1.164693665009165, 44.88153262346606], [-1.164141459772359, 44.88157223733846], [-1.163719942772496, 44.881561591931536], [-1.163395072455868, 44.881553386164384], [-1.163166848701916, 44.88154762094376], [-1.162380422278522, 44.88161686114287], [-1.161035788475175, 44.88176109420701], [-1.159595082566432, 44.881829494939666], [-1.158058310182846, 44.88182205924768], [-1.157402058685242, 44.88201703718174], [-1.157626329771384, 44.882414445265596], [-1.157908928981057, 44.88291520078342], [-1.158249859812554, 44.88351930307964], [-1.158106779237217, 44.88396979833533], [-1.157479676349764, 44.88426668492847], [-1.156632175392253, 44.88437190364005], [-1.155564283912944, 44.884285448974865], [-1.154270402820381, 44.88428061884937], [-1.152750526831447, 44.88435740495434], [-1.151419930622839, 44.88447129632644], [-1.150278612446284, 44.88462230024643], [-1.149396601877156, 44.884617548214365], [-1.148773905969371, 44.884457046667514], [-1.148171607997015, 44.884453852581494], [-1.147589702854857, 44.88460796641797], [-1.147297363420489, 44.88468551527102], [-1.147294591965492, 44.88468650154332], [-1.1472810241116, 44.88464085329556], [-1.147256659933548, 44.88454857051755], [-1.147125819565824, 44.88411326540858], [-1.146888508914456, 44.88333493713327], [-1.146716180899137, 44.882678821704346], [-1.146608831555058, 44.88214491969404], [-1.146656855603598, 44.881680490221456], [-1.146860249145146, 44.88128553322051], [-1.146812225329273, 44.880946213472214], [-1.146512788478101, 44.88066253057757], [-1.145993014184053, 44.88048856463892], [-1.145252901445407, 44.88042431241861], [-1.144244435229225, 44.88023091668791], [-1.14296762577872, 44.879908369386705], [-1.14221057479132, 44.879860262995415], [-1.141973269247124, 44.88008660914605], [-1.141933677016637, 44.88059318847199], [-1.14209180381522, 44.88138000078376], [-1.142213218628295, 44.88208462849812], [-1.142297919141755, 44.88270707191234], [-1.142295049772642, 44.883295834061585], [-1.142204607627665, 44.883850915040455], [-1.141811899094897, 44.884208718419956], [-1.141116922191258, 44.884369240970045], [-1.14066773053548, 44.88444603590498], [-1.140464326991971, 44.88443910635759], [-1.140376743058844, 44.88450589260028], [-1.140404978826134, 44.88464639491309], [-1.14040777071979, 44.88496185112055], [-1.140385118702623, 44.88545226111075], [-1.140495252498164, 44.88589975098368], [-1.140738174930217, 44.88630432029897], [-1.140851147305709, 44.886665391112466], [-1.140834166721672, 44.886982963940326], [-1.140796519637973, 44.887198350417115], [-1.140738205876508, 44.887311550569954], [-1.140636479704471, 44.88750902294676], [-1.140491340317425, 44.887790767402585], [-1.140777568060031, 44.888008050034905], [-1.141495167017769, 44.888160867231925], [-1.141893514772076, 44.88833350756319], [-1.141972608668713, 44.888525974739196], [-1.141599661779539, 44.88868072277527], [-1.140774671255568, 44.8887977468885], [-1.140253278721268, 44.888798760584855], [-1.140035487260992, 44.88868376835823], [-1.139914011270458, 44.88858195178797], [-1.139888850115374, 44.88849331122707], [-1.139418596466642, 44.88828269349736], [-1.138503258840105, 44.88795009234021], [-1.137828034087144, 44.88790753989788], [-1.137392910883893, 44.88815504110143], [-1.136870222664154, 44.88826838678047], [-1.136259972608832, 44.888247575582156], [-1.135858785032982, 44.88826180012922], [-1.135666659251001, 44.88831106285008], [-1.135494291709454, 44.888458677645495], [-1.135341681747821, 44.8887046445972], [-1.135104258458725, 44.88923238059446], [-1.13478201686135, 44.890041884852614], [-1.134338296641642, 44.89074956479669], [-1.133773095191225, 44.89135541907897], [-1.133295507045058, 44.89179402160861], [-1.132905538018114, 44.89206537362142], [-1.132790377229542, 44.89250364626401], [-1.132950030563755, 44.89310884017268], [-1.132777047385033, 44.89367172306952], [-1.132271417941653, 44.89419229355098], [-1.132060822485203, 44.89462420137794], [-1.132145268533858, 44.89496744826182], [-1.132024204932989, 44.89525409635026], [-1.131697628808058, 44.89548414502057], [-1.131223408657068, 44.89606298918465], [-1.130601532434249, 44.896990626658805], [-1.130250974401046, 44.89765961054917], [-1.130171747911591, 44.89806994367458], [-1.129804141262948, 44.89905649541292], [-1.12914813170872, 44.900619262006806], [-1.128808562166039, 44.90188519345169], [-1.128785456934864, 44.90285429311395], [-1.128248013752708, 44.904175406684125], [-1.127196189376974, 44.9058485261418], [-1.125861759807143, 44.90816838921865], [-1.12424465388438, 44.91113498343226], [-1.122848515458677, 44.91272517083078], [-1.121673451705797, 44.91293896260036], [-1.120690768859288, 44.91385532985084], [-1.119900443373135, 44.915474277180486], [-1.118671025828407, 44.91785786747166], [-1.117002422219487, 44.92100608336999], [-1.116333679452588, 44.922884252193604], [-1.116664927440318, 44.923492395421505], [-1.117481462161909, 44.92415212007367], [-1.118783303751337, 44.92486341425588], [-1.118838199963778, 44.925872836896396], [-1.117646085972026, 44.92718039069271], [-1.115067814056654, 44.92847386625382], [-1.111103293704655, 44.92975316265261], [-1.108696208052915, 44.93064012989499], [-1.10784667556653, 44.93113487412166], [-1.10738394740474, 44.93178118049661], [-1.107308033683673, 44.93257905375735], [-1.107265978163336, 44.9332386772992], [-1.107257781749036, 44.93376005133298], [-1.107107347801384, 44.93469697925253], [-1.106814668408541, 44.93604945980155], [-1.106052813568017, 44.93703156701914], [-1.104821771663018, 44.93764329161413], [-1.103638248295141, 44.937929628164305], [-1.102502264212391, 44.93789057804953], [-1.101614993389077, 44.93754473915619], [-1.10097644628999, 44.93689211739696], [-1.100549664160307, 44.93647439498119], [-1.100334636104979, 44.93629157493868], [-1.099397650778523, 44.93632272041808], [-1.09773869699778, 44.936567812173436], [-1.0966381591016, 44.936759681609146], [-1.096096045241611, 44.93689834626028], [-1.095422143875513, 44.93737467372567], [-1.094616440565272, 44.938188661417364], [-1.093958274046166, 44.93888579289164], [-1.093447653331229, 44.93946607092386], [-1.091681456682453, 44.940180061089094], [-1.088659626329346, 44.941027700584165], [-1.086881423325649, 44.941682198893226], [-1.086346906576073, 44.9421436186825], [-1.08450490503135, 44.94276440876685], [-1.081355362623525, 44.94354450081332], [-1.078947559100252, 44.94390175793804], [-1.077281560438281, 44.94383623046997], [-1.07498582591265, 44.94375673056009], [-1.072060361558504, 44.943663216487856], [-1.070250900351043, 44.94359260179954], [-1.069557433561693, 44.94354494477637], [-1.069198463491356, 44.94374489822123], [-1.069173989151319, 44.94419246550685], [-1.068360260665497, 44.94468344836398], [-1.066757256159391, 44.94521782872485], [-1.065612588770658, 44.9457641709185], [-1.06492627068336, 44.946322489772946], [-1.064443201123552, 44.946899665919815], [-1.064163385870952, 44.947495702041515], [-1.063573012937253, 44.94782133709652], [-1.062672085089513, 44.947876565934955], [-1.061958002065248, 44.94829623015151], [-1.061430754952009, 44.94908033345324], [-1.060600469097347, 44.94991683315541], [-1.059467129102345, 44.950805722248354], [-1.058804645542659, 44.951341233348586], [-1.058613042964277, 44.95152337531223], [-1.057396937676659, 44.951713135728255], [-1.055156320125411, 44.95191047895149], [-1.05279570796081, 44.95236320553563], [-1.050315066922418, 44.953071307802524], [-1.049257554280784, 44.953769997335264], [-1.049623222320978, 44.95445931635773], [-1.050208505861042, 44.955143330636474], [-1.051013412931285, 44.95582203631562], [-1.051156881746881, 44.95620425227902], [-1.050638895570149, 44.95628998183624], [-1.049459727997197, 44.95755747315548], [-1.04761926978269, 44.96000670297844], [-1.046031133840477, 44.96118037656624], [-1.044695434707298, 44.961078506168974], [-1.0437158891062, 44.96116172333992], [-1.043092488593622, 44.96143003825567], [-1.042747043668731, 44.96152447834426], [-1.042679558758717, 44.96144504630972], [-1.041780927494921, 44.961242236154426], [-1.040051165902347, 44.96091602601411], [-1.038629324928434, 44.96074244080486], [-1.037515389364417, 44.96072149348722], [-1.036510921911715, 44.96075841664396], [-1.035615919553016, 44.96085321349543], [-1.034411834571166, 44.96144391593115], [-1.032898627377195, 44.96253051346002], [-1.03171181098466, 44.963617266961755], [-1.030851404032464, 44.96470418719305], [-1.030341034640781, 44.96541809671396], [-1.030180724535813, 44.96575900076319], [-1.027730046273758, 44.966319306255635], [-1.022988908947599, 44.96709885338675], [-1.020255511870576, 44.967315207483324], [-1.019529954317569, 44.96696852457942], [-1.01754733061923, 44.96746858029393], [-1.01430752220697, 44.96881530452059], [-1.012049996947914, 44.9699641667299], [-1.010774835621829, 44.97091522950128], [-1.010282391589049, 44.9715917280437], [-1.010572698960415, 44.97199367312172], [-1.010690216539033, 44.972301776615986], [-1.010634940654319, 44.97251603924554], [-1.010284230519494, 44.97313204314761], [-1.009638070507652, 44.9741497851547], [-1.009109412297679, 44.974691949001325], [-1.008698271076967, 44.97475853669228], [-1.008045253755225, 44.97475803901545], [-1.007150362871167, 44.974690451376745], [-1.006479289877597, 44.97459921938737], [-1.006032034377328, 44.97448434737003], [-1.00569010568602, 44.974242561648914], [-1.005453504930549, 44.97387386317323], [-1.005188949539386, 44.973430568872075], [-1.00489644146701, 44.972912678424514], [-1.004364297038661, 44.97259898486899], [-1.003592514171841, 44.97248948471326], [-1.003006454815202, 44.972229731968454], [-1.002606121247233, 44.97181972963715], [-1.001982788829034, 44.971460518059764], [-1.001136460200592, 44.9711520932224], [-0.999573646462188, 44.970906029108654], [-0.997294352994403, 44.97072229344012], [-0.995945606913477, 44.97061269378408], [-0.99552739590964, 44.97057726650152], [-0.99507625569418, 44.97071408907025], [-0.99459218201554, 44.971023161101925], [-0.994243904114898, 44.97124552668971], [-0.994031425062232, 44.971381187170174], [-0.993252322069894, 44.971824948466256], [-0.991906570083184, 44.97257679811666], [-0.990412233479279, 44.97314541546889], [-0.988769322003724, 44.97353079415338], [-0.987362289597772, 44.97369239826799], [-0.986191154647058, 44.97363023705336], [-0.985020523205432, 44.973382389461435], [-0.983850407262763, 44.97294885516821], [-0.982766939027624, 44.972386851131034], [-0.981770123739065, 44.97169637979287], [-0.981392621541281, 44.97092920908902], [-0.981634408559614, 44.97008534611124], [-0.981659280032442, 44.9696283975213], [-0.981467240641929, 44.969558363742514], [-0.981232559296956, 44.96944992539482], [-0.980955236769548, 44.969303082166], [-0.980470498532243, 44.96884063551615], [-0.979778359044848, 44.96806258195625], [-0.978840601042124, 44.96719302552851], [-0.97765724140547, 44.966231959098415], [-0.977056239360389, 44.9657043592878], [-0.977037562477201, 44.96561023729897], [-0.976754690516411, 44.96555972452245], [-0.976207623600433, 44.96555281881116], [-0.975545079662357, 44.96537820174757], [-0.97476706604052, 44.96503587092052], [-0.974050208408968, 44.964342375344415], [-0.973394519577178, 44.9632977155149], [-0.972899922356841, 44.96259406759909], [-0.972566399915928, 44.96223143472847], [-0.972047547644784, 44.9617822480976], [-0.971343372797467, 44.961246504711774], [-0.970921206167942, 44.960813650701866], [-0.970781038431067, 44.96048368977504], [-0.970745815551055, 44.96002335412139], [-0.97081553556661, 44.95943264376371], [-0.970710510348441, 44.95871448892679], [-0.970430747986257, 44.957868888727866], [-0.970685787594649, 44.95736473353601], [-0.971475618377733, 44.95720202000515], [-0.972236567239178, 44.95708211684643], [-0.972968636059223, 44.95700502466391], [-0.973527226287448, 44.956949156615345], [-0.973912338967894, 44.956914515468824], [-0.974067016871243, 44.95670620419211], [-0.97399126133243, 44.956324223708215], [-0.973943761363015, 44.95585923324599], [-0.973924516720475, 44.95531123276937], [-0.974339350998849, 44.95471708457732], [-0.975188249679398, 44.95407678373225], [-0.975921764378707, 44.953525193834224], [-0.976539901603343, 44.95306231728478], [-0.976995903810508, 44.952629776863795], [-0.977289775347093, 44.95222757463548], [-0.977410948484281, 44.95189660153714], [-0.977359426581516, 44.951636858150316], [-0.977025145161851, 44.95155275088881], [-0.976408102354635, 44.95164427710278], [-0.975998749098713, 44.95174062517459], [-0.97579708627298, 44.95184179753064], [-0.975207321123518, 44.95143724468754], [-0.974229479724759, 44.95052695910348], [-0.973526993586663, 44.94987297937826], [-0.973099842032493, 44.94947531184647], [-0.972594922529609, 44.94927674852138], [-0.972012230287051, 44.94927728845355], [-0.971305442223508, 44.94908504461185], [-0.970474567287326, 44.94870001421307], [-0.969508157315401, 44.94796698072566], [-0.968406237547829, 44.946885939336596], [-0.968089310949165, 44.94595850893151], [-0.968557334555167, 44.94518469784362], [-0.969449367497257, 44.944597698762266], [-0.970765405052066, 44.944197501130475], [-0.971422724577388, 44.94381500400593], [-0.971421339720328, 44.94345021957794], [-0.971592806906327, 44.9429650512793], [-0.971937120933989, 44.942359498243576], [-0.972373164626476, 44.941684356222986], [-0.972900933376561, 44.940939624064356], [-0.973032982415815, 44.94022159148188], [-0.972769327022513, 44.9395302597044], [-0.972183948957292, 44.93881289037132], [-0.971276861774296, 44.938069477747334], [-0.970777702696202, 44.937268358043326], [-0.970686455785674, 44.9364095373492], [-0.970637660435868, 44.935950255597845], [-0.970631313344799, 44.93589051329629], [-0.970426823527909, 44.93536389552501], [-0.970024203381467, 44.93437040035498], [-0.970933396945359, 44.932941720989994], [-0.973154287644074, 44.93107782422564], [-0.974267928296839, 44.93014564828893], [-0.974274423059574, 44.930145228313236], [-0.974915917558555, 44.93007776685613], [-0.976192407660684, 44.929943252272466], [-0.977136309403431, 44.92970298317162], [-0.977747621537153, 44.929356968559524], [-0.978577627972093, 44.92875659600986], [-0.979626311513342, 44.927901860337386], [-0.980281976817245, 44.92727962311879], [-0.98054464397928, 44.926889891654604], [-0.980684776678535, 44.92650771886521], [-0.980702377450016, 44.92613310519836], [-0.981109064667548, 44.92570855825176], [-0.981904828679455, 44.925234073626854], [-0.98280546459577, 44.92499345691961], [-0.983810982112012, 44.92498670532891], [-0.984963890861143, 44.92500084429607], [-0.986264192439161, 44.92503586889782], [-0.987203728473405, 44.924678473194255], [-0.987782486629926, 44.92392866690269], [-0.988105871660961, 44.923521476212585], [-0.988173894097374, 44.923456903572365], [-0.988689084479875, 44.92320165926596], [-0.989651431974122, 44.92275573678629], [-0.99065382697166, 44.92272298191643], [-0.991696291607277, 44.923103393072864], [-0.99228335691762, 44.9232906878884], [-0.992415011696256, 44.92328487436235], [-0.992708094284797, 44.92327193201324], [-0.993162604511747, 44.92325185948293], [-0.993653350451201, 44.9232492063253], [-0.994180332576661, 44.923263972018944], [-0.994582459521333, 44.923291916621274], [-0.994859731329364, 44.92333304157541], [-0.99508728624072, 44.92344478451147], [-0.995265124859615, 44.92362714572624], [-0.995495615217615, 44.92375366330768], [-0.995778756948051, 44.92382433692882], [-0.996124419370792, 44.923853209347705], [-0.996532601822525, 44.92384027995874], [-0.99674879262, 44.92375208191029], [-0.996772991796428, 44.92358861638229], [-0.996576294775166, 44.92341830552854], [-0.996158703705463, 44.92324114805195], [-0.995782825604357, 44.92302438574768], [-0.995448660824925, 44.92276801904186], [-0.995113336870699, 44.92257714353449], [-0.994776852492017, 44.92245175926599], [-0.994462948338757, 44.92240444502915], [-0.994171623004861, 44.92243520106445], [-0.993816892834851, 44.922467621368654], [-0.993398757711834, 44.92250170529677], [-0.993020378852928, 44.922486335074844], [-0.99268175721889, 44.922421511114344], [-0.992226384619084, 44.92230364018164], [-0.99165426319042, 44.92213272068978], [-0.99134673830211, 44.921953312897415], [-0.991303807464127, 44.9217654191943], [-0.991634951170179, 44.921446172418754], [-0.992340161081034, 44.920995569091026], [-0.992868375940054, 44.92063693574957], [-0.993219601446557, 44.92037027503561], [-0.994481279521782, 44.920007492969866], [-0.996653387408753, 44.91954855689195], [-0.997723205772236, 44.919033803006435], [-0.997690760767407, 44.91846326465134], [-0.997098048304706, 44.91812408521019], [-0.995945071077669, 44.91801625523319], [-0.994899691081175, 44.91783965598462], [-0.993961911111016, 44.91759429061857], [-0.99418374034911, 44.91708300240064], [-0.995565144959691, 44.916305784343756], [-0.996013288947876, 44.9157131957463], [-0.995528205279711, 44.915305248192034], [-0.994861958032708, 44.91500252264708], [-0.994014546311438, 44.914805015722045], [-0.992940270073421, 44.91488973600642], [-0.991639112428953, 44.91525667678432], [-0.991083877189104, 44.91571705686452], [-0.991274579836218, 44.916270887758515], [-0.99127906981126, 44.91670088380224], [-0.99109734243268, 44.91700704522667], [-0.99038429978899, 44.91728319003022], [-0.989139935513983, 44.917529307458175], [-0.987935144778807, 44.91777123340202], [-0.986769928309117, 44.9180089692212], [-0.985944236967458, 44.91812477929926], [-0.985458077870304, 44.91811867158708], [-0.984746694297514, 44.91779194771751], [-0.983810103317962, 44.91714460251105], [-0.983048013656349, 44.91676582196189], [-0.982460409953612, 44.916655610424115], [-0.981987342042393, 44.917039709384596], [-0.981628800911923, 44.917918120194685], [-0.98115471302628, 44.91832805123894], [-0.980565086570788, 44.918269501170364], [-0.980275170511423, 44.91817978897117], [-0.980284963811447, 44.91805891715744], [-0.979747846425812, 44.91804584246799], [-0.978663815944269, 44.918140556501434], [-0.977895605322737, 44.91809793570042], [-0.977443219275107, 44.917917986937965], [-0.977186333913056, 44.91759222716844], [-0.977124948083936, 44.917120657762446], [-0.977482329229643, 44.91682119997804], [-0.978258473745448, 44.91669384968925], [-0.978827844656474, 44.916736259266], [-0.979190446600542, 44.916948431986214], [-0.979621649959761, 44.917039056294826], [-0.98012145221326, 44.91700813141535], [-0.98038561562714, 44.91681663454346], [-0.980414140479826, 44.916464567401135], [-0.980699629468784, 44.91615417116855], [-0.981242078945148, 44.91588544383637], [-0.98187569642802, 44.91554067516864], [-0.982600477877498, 44.915119863531686], [-0.983556023624632, 44.91504777491547], [-0.984742350752113, 44.915324402673704], [-0.98532493672441, 44.91520554796733], [-0.9853037729405, 44.914691220998975], [-0.986181270970446, 44.91422557200009], [-0.987957411356836, 44.91380857872323], [-0.988535509956258, 44.91325970881381], [-0.987915597699173, 44.9125789814176], [-0.986752171302109, 44.91221388293067], [-0.98504522164398, 44.91216439557998], [-0.983745222042279, 44.91212934924595], [-0.982852170133261, 44.91210875920456], [-0.981806949438782, 44.911932024657055], [-0.980609570525014, 44.91159914075105], [-0.980033754972783, 44.91134418926594], [-0.980079491335336, 44.91116718077971], [-0.980313154752381, 44.91051119296895], [-0.980734734704691, 44.909376224134796], [-0.980657917778935, 44.90858079129177], [-0.980082722132501, 44.90812489352418], [-0.979235474599674, 44.90792726213359], [-0.978116166237429, 44.907987890775495], [-0.977614584408152, 44.90749552227343], [-0.977730729118174, 44.90645016498047], [-0.978049127603881, 44.90581394459583], [-0.978569778313678, 44.905586859837875], [-0.979548034049577, 44.905426306471114], [-0.980983894786185, 44.90533227163278], [-0.982385746819482, 44.90527050181023], [-0.983753592625685, 44.905240998328864], [-0.984354513272766, 44.90460364384635], [-0.984188517427541, 44.90335845064559], [-0.983475235080181, 44.90179792454151], [-0.982214727819807, 44.89992205200622], [-0.981201111227127, 44.898680176945895], [-0.980434328896943, 44.898072309360344], [-0.979877143812701, 44.89729884212546], [-0.979529552936101, 44.896359778399614], [-0.978530379397562, 44.896005992544644], [-0.976879603541444, 44.89623746665297], [-0.97570800062423, 44.89684885822567], [-0.975015563380402, 44.89784018309178], [-0.973829056089792, 44.89776437968936], [-0.972148549909916, 44.89662142951029], [-0.970923754598737, 44.896147867433406], [-0.970154611864566, 44.89634371138434], [-0.968553224072431, 44.897029002454694], [-0.966119522203224, 44.898203703001066], [-0.964932897115971, 44.899692933935], [-0.964993429911604, 44.901496735215254], [-0.964975176281048, 44.902412234060115], [-0.964878127893412, 44.902439432288034], [-0.96491591961178, 44.9026027805334], [-0.965088553046376, 44.902902278570316], [-0.965063173909732, 44.90310218718913], [-0.964839780087292, 44.90320250633005], [-0.964385929439438, 44.903259129428754], [-0.963701622429637, 44.9032720534701], [-0.963578580205198, 44.90385964194749], [-0.964016818813901, 44.9050218958177], [-0.964812984974063, 44.906111418911834], [-0.965967096311931, 44.90712820282941], [-0.967288674781646, 44.90789659422111], [-0.968777708659492, 44.90841658735465], [-0.970287654010582, 44.90904203886937], [-0.971818520556862, 44.90977294751997], [-0.973103456988384, 44.910683584572595], [-0.97414246440621, 44.91177395876097], [-0.97467327455749, 44.91259484573213], [-0.974695855605907, 44.9131462543642], [-0.974054398888751, 44.913844562591606], [-0.972748875584342, 44.91468975853542], [-0.971129345635063, 44.91515267943128], [-0.969195833886178, 44.915233310500135], [-0.967724167258899, 44.91491145706308], [-0.96671436967961, 44.91418713792068], [-0.965725817551214, 44.913460573648315], [-0.96475851015083, 44.91273176486146], [-0.962773841566658, 44.911787026637796], [-0.959771889997178, 44.91062629883515], [-0.95760204109157, 44.90983941000784], [-0.956264212200941, 44.90942641442712], [-0.955138656986504, 44.90873982844902], [-0.954225385123779, 44.90777965836157], [-0.952643313437961, 44.90732059239886], [-0.950392415506733, 44.90736260112553], [-0.948942041315874, 44.907713280812665], [-0.948292181326075, 44.90837266484985], [-0.947521978824386, 44.908979540196896], [-0.946631431954137, 44.90953390429054], [-0.945651906139251, 44.910116809902384], [-0.944583397297753, 44.91072825457343], [-0.943617551140409, 44.911175318549816], [-0.942754378067684, 44.911458004624656], [-0.941941816317711, 44.911860146391724], [-0.941179862039456, 44.91238174501415], [-0.940645566640544, 44.91268744619164], [-0.94033893948774, 44.91277725336968], [-0.939298521997125, 44.91291535330023], [-0.937524306913308, 44.91310172414635], [-0.936090871523089, 44.91316588876263], [-0.934998225818178, 44.91310786101906], [-0.93380522546608, 44.91308915469902], [-0.932511868175066, 44.913109766405405], [-0.931604596529296, 44.91303224166306], [-0.931083413366668, 44.9128565904791], [-0.930660737450479, 44.91263220302938], [-0.93033656872554, 44.91235908049061], [-0.930001786424091, 44.91189510263935], [-0.92965639482449, 44.9112402691019], [-0.929356324608605, 44.91066563757779], [-0.929101572769315, 44.91017120861571], [-0.928424085253006, 44.90996192879115], [-0.927323856361878, 44.910037790101995], [-0.925205560336055, 44.909941615485884], [-0.922069224486622, 44.90967334228195], [-0.91925158359658, 44.90817698164994], [-0.916752808859782, 44.90545255211604], [-0.915171150819217, 44.90335111573705], [-0.914506442953176, 44.90187272038609], [-0.914265511322571, 44.90080734232256], [-0.914448323363907, 44.9001549860658], [-0.914629624473201, 44.89967772520846], [-0.914809415847874, 44.899375559907405], [-0.914879684495713, 44.89912479813814], [-0.914840431992408, 44.89892544011666], [-0.914751863589863, 44.89847560644932], [-0.914613982409714, 44.897775296712425], [-0.914423271015979, 44.896806619092274], [-0.914179736609875, 44.895569572611265], [-0.914192393395044, 44.894911706111735], [-0.914461230236278, 44.89483302052005], [-0.916813804028058, 44.893640344445025], [-0.921249854777324, 44.89133353934147], [-0.923600293543752, 44.889899170919975], [-0.923865377380469, 44.88933737762731], [-0.924192403268318, 44.88864429570692], [-0.924581367215708, 44.88781992446824], [-0.925444855294703, 44.88701970621017], [-0.926782848572371, 44.88624362956451], [-0.927776248006296, 44.88524761345659], [-0.92842506134421, 44.884031667127104], [-0.928584041744648, 44.88237931720431], [-0.928253233535525, 44.880290563520106], [-0.927132851085074, 44.879317755434464], [-0.925222862408614, 44.87946087039024], [-0.923261427072335, 44.879752826783005], [-0.921248529000172, 44.88019362194674], [-0.920143786270529, 44.88138287398498], [-0.919947217170993, 44.88332060955882], [-0.918202658937136, 44.88449456370541], [-0.914910082677463, 44.88490466112859], [-0.911836045186475, 44.885182495092465], [-0.908980570553653, 44.88532808452387], [-0.906582587412641, 44.885265838829994], [-0.904642119852492, 44.884995789076555], [-0.903272134730151, 44.885312258595164], [-0.902472598964847, 44.88621527017848], [-0.901242940801531, 44.886753685366585], [-0.899583171173361, 44.88692748911714], [-0.897841150986014, 44.88705754308942], [-0.896016883874693, 44.88714384309606], [-0.894821949209996, 44.88705958004326], [-0.894256354350255, 44.88680477540103], [-0.893965950500348, 44.88667249694352], [-0.893950733604134, 44.88666274708812], [-0.893027555162625, 44.88690595534691], [-0.891196392115142, 44.88740209793142], [-0.88844748583123, 44.889076688608455], [-0.884780595581969, 44.891929655563715], [-0.880937877157221, 44.894367008540144], [-0.876919387406473, 44.896388729049725], [-0.874286892656681, 44.89731091570117], [-0.873040606287994, 44.897133671281075], [-0.872383737578705, 44.89708118929972], [-0.872316280002299, 44.89715348104859], [-0.870587328605674, 44.897684984701996], [-0.867196798100049, 44.89867561880311], [-0.864479772561185, 44.89832248240663], [-0.8624364362768, 44.89662562344737], [-0.862178376437081, 44.8946846080255], [-0.863705413005097, 44.892499452089645], [-0.865144021827302, 44.891160160401405], [-0.866494267075359, 44.890666737665995], [-0.867168979010574, 44.8901979084925], [-0.867168174946772, 44.88975368567255], [-0.867310539182831, 44.88952152761447], [-0.871920070901526, 44.889816462009435], [-0.876039380394624, 44.89005400523681], [-0.878845148424393, 44.88998344615205], [-0.882315055573314, 44.88850772922629], [-0.883950226679642, 44.88566545380036], [-0.88440754478881, 44.8816106376564], [-0.884048744700047, 44.879071394868674]], [[-1.10554116622326, 44.802457375617934], [-1.105541334557945, 44.802457715147966], [-1.105541561785844, 44.802458173465226], [-1.105542292127627, 44.80245964656003], [-1.105542873937185, 44.80246082006623], [-1.105543428356292, 44.802461938325976], [-1.105544267952583, 44.80246363178617], [-1.105544970471972, 44.80246504876303], [-1.105546127058864, 44.8024673815908], [-1.105546898116843, 44.802468936809326], [-1.105547283645854, 44.80246971441855], [-1.105548748267334, 44.802469557931126], [-1.105551677510256, 44.802469244956235], [-1.105556071374593, 44.80246877549367], [-1.105561929860276, 44.80246814954339], [-1.105569252967214, 44.80246736710499], [-1.105578040695292, 44.802466428178285], [-1.10558829304439, 44.80246533276283], [-1.105600010014346, 44.8024640808583], [-1.105610262362675, 44.80246298544072], [-1.105619050089522, 44.80246204651056], [-1.105626373195034, 44.80246126406821], [-1.105632231679303, 44.80246063811395], [-1.105636625542432, 44.80246016864803], [-1.105639554784485, 44.80245985567066], [-1.105641019405494, 44.80245969918196], [-1.105643563117228, 44.80245860859558], [-1.1056486505404, 44.80245642742265], [-1.105654956078465, 44.80245372399675], [-1.105662479731077, 44.8024504983176], [-1.105666434684524, 44.802448802676636], [-1.105666654669854, 44.802448708360444], [-1.105666820939424, 44.80244863707427], [-1.105666906544046, 44.80244860037224], [-1.105667054206239, 44.80244853706378], [-1.105667134484961, 44.80244850264522], [-1.105667183289214, 44.80244848172092], [-1.105667193471395, 44.802448477355426], [-1.105667231165534, 44.80244846119452], [-1.105667250736083, 44.80244845280386], [-1.105667251306804, 44.80244845255917], [-1.105667252183051, 44.802448452183505], [-1.105667253112344, 44.80244845178508], [-1.10566725354708, 44.80244845159867], [-1.105667253844016, 44.80244845147136], [-1.105667254828175, 44.802448451049415], [-1.105667255684766, 44.802448450682164], [-1.105667255976432, 44.80244845055713], [-1.105667256116835, 44.802448450496925], [-1.105667256344891, 44.802448450399126], [-1.1056672563956, 44.802448450377405], [-1.10566726769478, 44.80244844553301], [-1.105667290205192, 44.802448435881935], [-1.105667309062343, 44.80244842779714], [-1.105667312792749, 44.80244842619777], [-1.105667324266234, 44.80244842127863], [-1.105667353460616, 44.80244840876188], [-1.10566739664549, 44.80244839024686], [-1.105667470477982, 44.80244835859204], [-1.105667574958091, 44.80244831379738], [-1.105667653932915, 44.8024482799378], [-1.105667704226178, 44.802448258375165], [-1.105667707402451, 44.802448257013374], [-1.105667759438523, 44.80244823470349], [-1.105668686587936, 44.80244783719876], [-1.1056699177988, 44.802447309331136], [-1.105670591489357, 44.80244702049396], [-1.105672173316481, 44.80244634230353], [-1.105673432069355, 44.802445802627474], [-1.10567356161485, 44.802445747086345], [-1.10567440482311, 44.80244538557034], [-1.10567509157775, 44.80244509113204], [-1.10567564887008, 44.80244485219925], [-1.105676076700103, 44.80244466877197], [-1.105676357667407, 44.80244454831041], [-1.105676491771987, 44.80244449081455], [-1.105676585416495, 44.80244445066553], [-1.105676638600941, 44.8024444278633], [-1.105676660187327, 44.80244441860838], [-1.105676665385345, 44.80244441637979], [-1.105676665438646, 44.80244441635695], [-1.105676665769734, 44.802444416215], [-1.105676670322833, 44.8024444142629], [-1.105676674076798, 44.80244441265345], [-1.105676679840015, 44.80244441018251], [-1.105676690306539, 44.80244440569513], [-1.105676701020772, 44.80244440110151], [-1.105676705253563, 44.80244439928674], [-1.1056767062195, 44.80244439887262], [-1.105676707460429, 44.802444398340576], [-1.105676709141344, 44.8024443976199], [-1.10567670978632, 44.80244439734338], [-1.105676710148043, 44.8024443971883], [-1.105676710226514, 44.80244439715465], [-1.105676710285367, 44.80244439712943], [-1.105676710324596, 44.802444397112595], [-1.105676710384387, 44.80244439708696], [-1.105676710427434, 44.802444397068506], [-1.105676710471856, 44.80244439704947], [-1.105676710540916, 44.80244439701986], [-1.105676710690033, 44.802444396955934], [-1.105676710919202, 44.80244439685767], [-1.105676711060488, 44.8024443967971], [-1.105676711108142, 44.80244439677667], [-1.105676711153152, 44.80244439675738], [-1.105676711256843, 44.80244439671293], [-1.105676714515624, 44.802444395315746], [-1.105676719950676, 44.80244439298553], [-1.105676720884491, 44.802444392585166], [-1.105676722766271, 44.802444391778344], [-1.105676735554425, 44.8024443862956], [-1.105676758525401, 44.80244437644704], [-1.105676911451491, 44.80244431088172], [-1.105677194332685, 44.8024441895996], [-1.105680975235802, 44.802442568579835], [-1.105683408897227, 44.802441525174714], [-1.105688254160268, 44.802439447822096], [-1.105694133804748, 44.80243692698947], [-1.105696981041826, 44.802435706267815], [-1.105707155879911, 44.80243134391664], [-1.105716482813502, 44.80242734509381], [-1.105724961842941, 44.80242370979965], [-1.105731084878084, 44.802421084612426], [-1.105734356825948, 44.80241968179881], [-1.105734851919551, 44.80241946953254], [-1.105736515183429, 44.80241875642536], [-1.105736785198293, 44.802418640659276], [-1.105736884714465, 44.802418597992755], [-1.105736947451483, 44.80241857109488], [-1.105736973409361, 44.80241855996575], [-1.105736987625202, 44.80241855387083], [-1.105736990099007, 44.8024185528102], [-1.105736991347502, 44.80241855227492], [-1.105736991445212, 44.80241855223304], [-1.105736991521474, 44.80241855220034], [-1.105736991571007, 44.80241855217912], [-1.105736991673271, 44.80241855213527], [-1.105736991752001, 44.802418552101535], [-1.105736992049988, 44.80241855197376], [-1.105736992253836, 44.80241855188635], [-1.105736992567229, 44.802418551751984], [-1.10573699331045, 44.80241855143333], [-1.105736993907177, 44.802418551177496], [-1.105736994279632, 44.80241855101784], [-1.105737023596892, 44.80241853844835], [-1.105737070512824, 44.80241851833361], [-1.105737209975715, 44.80241845854035], [-1.105737222010049, 44.802418453380746], [-1.105737399286664, 44.80241837737524], [-1.105737466950401, 44.80241834836511], [-1.105737602342666, 44.80241829031706], [-1.10573780819279, 44.80241820206095], [-1.105737991732786, 44.80241812337007], [-1.105738016837024, 44.80241811260688], [-1.105738045084345, 44.802418100496155], [-1.105738560186331, 44.802417879651465], [-1.105739137567848, 44.80241763210509], [-1.105739438240726, 44.80241750319468], [-1.105740181484915, 44.80241718453638], [-1.10574039179931, 44.80241709436625], [-1.105740789918905, 44.80241692367654], [-1.105741416563281, 44.80241665500921], [-1.105741967789568, 44.8024164186766], [-1.105742061418054, 44.802416378534346], [-1.105742479834415, 44.8024161991426], [-1.105742671812377, 44.80241611683403], [-1.105742935929261, 44.80241600359661], [-1.105743088206976, 44.8024159383091], [-1.105743729018211, 44.80241566356784], [-1.105744036980278, 44.80241553153225], [-1.105744397096438, 44.80241537713611], [-1.105744532318666, 44.80241531916097], [-1.105745092441676, 44.80241507901393], [-1.105745580996598, 44.802414869551], [-1.105745784099535, 44.80241478247268], [-1.10574586276121, 44.8024147487473], [-1.105745942714837, 44.80241471446797], [-1.105746205355944, 44.802414601863305], [-1.105746575075514, 44.80241444334979], [-1.105746608780833, 44.802414428899], [-1.105746753271963, 44.80241436694988], [-1.105746950637914, 44.802414282331235], [-1.105747230927209, 44.80241416216005], [-1.105747394755584, 44.80241409192029], [-1.105747442123037, 44.80241407161198], [-1.105747493773094, 44.80241404946755], [-1.105747549705774, 44.802414025486975], [-1.105747550222539, 44.80241402526541], [-1.10574758240905, 44.80241401146579], [-1.105747591882929, 44.802414007403954], [-1.105747596116541, 44.80241400558886], [-1.105747596629524, 44.802414005368895], [-1.105747596676316, 44.80241400534882], [-1.105747596832672, 44.802414005281804], [-1.105747597038435, 44.8024140051936], [-1.10574759750567, 44.80241400499326], [-1.105747598234402, 44.80241400468084], [-1.105747599512209, 44.80241400413299], [-1.105747601339099, 44.80241400334974], [-1.105747602848663, 44.8024140027025], [-1.105747603704078, 44.802414002335766], [-1.105747604040902, 44.80241400219135], [-1.105747614135544, 44.80241399786336], [-1.10574762028549, 44.802413995226644], [-1.105747651582424, 44.80241398180839], [-1.105747699369712, 44.80241396132011], [-1.105747762941356, 44.80241393406439], [-1.105747763647347, 44.8024139337617], [-1.105747776012298, 44.802413928460375], [-1.105748645699518, 44.80241355559079], [-1.105750139965919, 44.80241291493922], [-1.105750345526205, 44.802412826807334], [-1.105751109551387, 44.80241249923925], [-1.10575201764807, 44.80241210990197], [-1.105752996467754, 44.80241169024288], [-1.105753662065134, 44.802411404874725], [-1.105753733972804, 44.802411374045036], [-1.105754503908836, 44.80241104394269], [-1.105754540019286, 44.802411028460696], [-1.105754543179199, 44.80241102710593], [-1.105754564047179, 44.802411018159006], [-1.105754564774973, 44.80241101784695], [-1.105754566512803, 44.80241101710188], [-1.105754567719408, 44.80241101658455], [-1.105754567903722, 44.802411016505545], [-1.105754567994512, 44.80241101646661], [-1.105754568219944, 44.80241101636996], [-1.105754568391973, 44.80241101629621], [-1.105754568456873, 44.80241101626837], [-1.105754568503186, 44.802411016248506], [-1.105754568565641, 44.80241101622174], [-1.105754570843651, 44.802411015245085], [-1.105754571904134, 44.80241101479041], [-1.105754575373463, 44.802411013302944], [-1.105754578263956, 44.80241101206368], [-1.105754579515103, 44.80241101152727], [-1.1057546146646, 44.80241099645726], [-1.105754658570889, 44.8024109776329], [-1.105754683712468, 44.80241096685369], [-1.105754755646986, 44.80241093601248], [-1.10575480216009, 44.80241091607046], [-1.105754970007493, 44.802410844107584], [-1.105755238676953, 44.802410728918254], [-1.1057554287259, 44.80241064743667], [-1.105755741890553, 44.80241051317045], [-1.105756178315316, 44.802410326057725], [-1.105756584452133, 44.80241015193062], [-1.10575664713635, 44.80241012505541], [-1.105756654572428, 44.80241012186727], [-1.105756678508696, 44.802410111604836], [-1.105756678569154, 44.8024101115789], [-1.105756678626051, 44.80241011155451], [-1.105756678679386, 44.80241011153164], [-1.105756678736981, 44.80241011150694], [-1.105756678782089, 44.802410111487625], [-1.105756678851701, 44.802410111457775], [-1.105756678934155, 44.802410111422425], [-1.105756679029469, 44.80241011138156], [-1.105756679174453, 44.80241011131939], [-1.105756679369113, 44.802410111235915], [-1.10575668125765, 44.80241011042625], [-1.105756684840066, 44.80241010889031], [-1.105756711521419, 44.802410097450945], [-1.105756761301715, 44.80241007610815], [-1.105756816004498, 44.8024100526549], [-1.105756875629779, 44.80241002709115], [-1.105756912752391, 44.802410011175176], [-1.105756930109977, 44.80241000373329], [-1.105756937962286, 44.80241000036671], [-1.105756979445127, 44.80240998258136], [-1.105757048908976, 44.80240995279943], [-1.105757138501527, 44.80240991438753], [-1.105757227779776, 44.80240987611034], [-1.105757289626418, 44.80240984959422], [-1.105757316743712, 44.80240983796795], [-1.105757358363762, 44.80240982012379], [-1.105757371406448, 44.80240981453185], [-1.10575739176797, 44.80240980580206], [-1.10575741664113, 44.80240979513793], [-1.10575744602593, 44.802409782539506], [-1.105757588888849, 44.80240972128844], [-1.105757845229911, 44.8024096113848], [-1.105758073768722, 44.80240951340105], [-1.105758274505299, 44.80240942733725], [-1.105758386589442, 44.8024093792823], [-1.105758410021129, 44.802409369236194], [-1.105758423273276, 44.80240936355448], [-1.105758426345845, 44.80240936223712], [-1.105758428045257, 44.80240936150853], [-1.105758428371519, 44.802409361368646], [-1.105758428545738, 44.80240936129395], [-1.105758449658344, 44.80240935224213], [-1.105758457461183, 44.802409348896745], [-1.105758515225557, 44.80240932413084], [-1.105758695366241, 44.80240924689731], [-1.105758997883225, 44.802409117196184], [-1.105759810528528, 44.8024087687826], [-1.105761133302148, 44.802408201656604], [-1.105762905452083, 44.80240744186493], [-1.105764044109877, 44.802406953676694], [-1.10576479642711, 44.8024066311281], [-1.105768542951531, 44.80240502484271], [-1.105771136073581, 44.80240391306707], [-1.105771581857573, 44.802403721941545], [-1.105771823476245, 44.8024036183499], [-1.105772174213342, 44.80240346797479], [-1.105772236041254, 44.80240344146668], [-1.105772373768638, 44.80240338241744], [-1.105772455120795, 44.80240334753847], [-1.105772480097735, 44.80240333682986], [-1.105772484107167, 44.802403335110846], [-1.105772502001829, 44.802403327438704], [-1.105772508842146, 44.802403324505974], [-1.105772520833063, 44.802403319365], [-1.105772538891328, 44.80240331162267], [-1.10577254289704, 44.80240330990528], [-1.105772548257274, 44.802403307607136], [-1.105772568193751, 44.80240329905955], [-1.105772582981266, 44.802403292719546], [-1.105772587259574, 44.80240329088526], [-1.105772591241659, 44.80240328917799], [-1.105772593614782, 44.80240328816054], [-1.105772594927528, 44.80240328759773], [-1.105772595886868, 44.802403287186415], [-1.105772597172132, 44.80240328663536], [-1.105772597683228, 44.802403286416215], [-1.105772597975471, 44.80240328629094], [-1.105772598647988, 44.8024032860026], [-1.105772599002481, 44.802403285850616], [-1.105772600253155, 44.80240328531441], [-1.105772601287973, 44.80240328487072], [-1.105772601900673, 44.80240328460805], [-1.105772602106949, 44.80240328451959], [-1.105772602975395, 44.80240328414726], [-1.105772603893312, 44.8024032837537], [-1.105772604399623, 44.802403283536655], [-1.105772604494318, 44.802403283496034], [-1.105772604583787, 44.80240328345767], [-1.105772604668045, 44.802403283421555], [-1.105772604730454, 44.8024032833948], [-1.105772604771009, 44.80240328337742], [-1.105772604999563, 44.80240328327942], [-1.105772605336258, 44.80240328313506], [-1.105772605416125, 44.80240328310082], [-1.105772606610177, 44.802403282588884], [-1.105772607096129, 44.80240328238055], [-1.105772608581738, 44.80240328174362], [-1.105772619036228, 44.80240327726135], [-1.105772637973641, 44.802403269142125], [-1.105772808654466, 44.80240319596438], [-1.105773093543815, 44.80240307382084], [-1.105773131078694, 44.80240305772814], [-1.105773861666113, 44.80240274449589], [-1.105774244740073, 44.802402580256675], [-1.105776149638561, 44.80240176354999], [-1.105777128822515, 44.80240134373437], [-1.105777182291958, 44.80240132080986], [-1.105777261266656, 44.80240128695022], [-1.10577736574661, 44.802401242155454], [-1.105777439578984, 44.802401210500534], [-1.105777482763778, 44.80240119198546], [-1.105777511958113, 44.80240117946868], [-1.10577752716199, 44.802401172950184], [-1.105777546019106, 44.80240116486539], [-1.105777556257328, 44.802401160475846], [-1.105777568529472, 44.802401155214255], [-1.105777579799315, 44.80240115038242], [-1.105777579855322, 44.80240115035843], [-1.105777580017966, 44.80240115028871], [-1.105777580107405, 44.80240115025034], [-1.105777580429319, 44.802401150112324], [-1.105777580539477, 44.80240115006509], [-1.105777580738015, 44.802401149979964], [-1.105777581396061, 44.802401149697836], [-1.105777582380217, 44.80240114927591], [-1.105777582677161, 44.80240114914859], [-1.105777583111891, 44.80240114896219], [-1.105777584041185, 44.80240114856376], [-1.105777584917431, 44.802401148188096], [-1.105777585488148, 44.80240114794343], [-1.105777591278026, 44.80240114546103], [-1.10577760505867, 44.802401139552735], [-1.10577764275275, 44.80240112339176], [-1.105777701739084, 44.802401098101925], [-1.105777776394199, 44.8024010660943], [-1.105777782017682, 44.802401063683284], [-1.105778015284116, 44.80240096367253], [-1.105778401538389, 44.802400798069776], [-1.10578128682562, 44.80239956103072], [-1.105782356485178, 44.80239910242449], [-1.105789880123869, 44.80239587673629], [-1.105795224077913, 44.802393585566506], [-1.105796185648998, 44.80239317330198], [-1.105801273060908, 44.8023909921217], [-1.105803816766714, 44.80238990153152], [-1.105808695910243, 44.80238667816195], [-1.105814225605593, 44.80238302500953], [-1.105818454195703, 44.802380231422184], [-1.105833091619917, 44.802370561310816], [-1.105840553834353, 44.80236563144932], [-1.105852608178143, 44.80235766782586], [-1.10586747996026, 44.802347842875264], [-1.105875510250949, 44.80234253771135], [-1.105877706970897, 44.80234108646106], [-1.105883289213225, 44.80233739858456], [-1.105883388750507, 44.80233733282582], [-1.105884226688973, 44.80233677924649], [-1.105885353277476, 44.802336034972114], [-1.10588563121662, 44.802335851353156], [-1.105886668978727, 44.802335165761434], [-1.105887029926051, 44.80233492730359], [-1.105887352978321, 44.802334713880875], [-1.10588740527628, 44.80233467933051], [-1.105887432662488, 44.802334661237985], [-1.105887435136932, 44.80233465960326], [-1.10588743648018, 44.80233465871585], [-1.105887436527203, 44.80233465868477], [-1.105887436692242, 44.80233465857574], [-1.105887436816155, 44.80233465849387], [-1.105887436851918, 44.802334658470244], [-1.105887436991334, 44.80233465837816], [-1.10588743713296, 44.802334658284565], [-1.105887437234407, 44.80233465821756], [-1.10588743731144, 44.802334658166686], [-1.105887437372835, 44.80233465812613], [-1.10588743743484, 44.802334658085144], [-1.105887437477523, 44.802334658056964], [-1.105887437538398, 44.80233465801677], [-1.105887437597717, 44.80233465797755], [-1.10588743778601, 44.80233465785316], [-1.105887438120687, 44.80233465763204], [-1.105887438473583, 44.802334657398916], [-1.105887438601761, 44.80233465731422], [-1.105887440147224, 44.80233465629323], [-1.105887440921924, 44.80233465578143], [-1.10588744508116, 44.80233465303363], [-1.105887450871032, 44.8023346492086], [-1.105887458291531, 44.80233464430629], [-1.105887465160795, 44.80233463976816], [-1.105887471478837, 44.802334635594164], [-1.105887476854366, 44.80233463204287], [-1.10588748006063, 44.80233462992466], [-1.105887481287387, 44.80233462911421], [-1.105887621099735, 44.802334536747935], [-1.105888408804542, 44.80233401635513], [-1.10589025940578, 44.80233279376559], [-1.105892576715555, 44.80233126284751], [-1.105895360733793, 44.80232942360088], [-1.105898611460414, 44.80232727602561], [-1.105902328895306, 44.80232482012168], [-1.105903950730162, 44.80232374866486], [-1.105904248643033, 44.80232355185024], [-1.105904269874585, 44.80232353782374], [-1.10590437070381, 44.80232347121143], [-1.105904397691584, 44.802323453382094], [-1.10590443194217, 44.8023234307546], [-1.105904432071398, 44.802323430669226], [-1.105904432358091, 44.80232343047984], [-1.105904432752823, 44.80232343021906], [-1.105904433126348, 44.80232342997229], [-1.105904433361042, 44.80232342981724], [-1.105904433456911, 44.802323429753926], [-1.105904433522549, 44.80232342971056], [-1.105904433557959, 44.80232342968717], [-1.105904433602648, 44.80232342965763], [-1.105904433637219, 44.8023234296348], [-1.105904434623588, 44.80232342898314], [-1.105904435181108, 44.80232342861482], [-1.105904436567207, 44.802323427699115], [-1.105904438251836, 44.80232342658616], [-1.105904442400014, 44.80232342384571], [-1.105904445266752, 44.80232342195179], [-1.105904447625646, 44.80232342039343], [-1.105904457687534, 44.80232341374608], [-1.105904461556118, 44.802323411190315], [-1.105904484191424, 44.802323396236424], [-1.105904528396202, 44.802323367032756], [-1.105904594170468, 44.80232332357934], [-1.105904821056703, 44.802323173688094], [-1.105905209054904, 44.80232291735909], [-1.105906718792098, 44.802321919958914], [-1.105909350268164, 44.80232018148754], [-1.10591322852112, 44.80231761933898], [-1.10591835355064, 44.80231423351313], [-1.105924958190329, 44.80230987018906], [-1.105928991611915, 44.80230720552761], [-1.10593304243954, 44.80230452936653], [-1.105937204730141, 44.80230177956755], [-1.105937298980499, 44.80230171730145], [-1.105937445063226, 44.80230162079254], [-1.105937500606326, 44.80230158409822], [-1.105937582222297, 44.802301530179], [-1.105937597392594, 44.802301520156796], [-1.105937616207355, 44.80230150772688], [-1.105937633430788, 44.80230149634833], [-1.105937633711174, 44.80230149616308], [-1.105937633892588, 44.80230149604325], [-1.105937633958411, 44.80230149599975], [-1.105937634332394, 44.80230149575267], [-1.105937634750199, 44.80230149547667], [-1.105937636045689, 44.802301494620814], [-1.105937637768713, 44.8023014934825], [-1.105937638218857, 44.802301493185105], [-1.105937638984376, 44.802301492679355], [-1.105937639327564, 44.80230149245263], [-1.105937639371789, 44.80230149242341], [-1.105937639498805, 44.8023014923395], [-1.105937639538491, 44.80230149231329], [-1.105937639827667, 44.80230149212226], [-1.105937640703152, 44.80230149154386], [-1.105937642164935, 44.80230149057814], [-1.105937643299749, 44.802301489828416], [-1.105937644107575, 44.80230148929475], [-1.105939967906316, 44.802299954087104], [-1.10594250947768, 44.80229827500877], [-1.105944614695621, 44.80229688420539], [-1.105950703866102, 44.802292861419815], [-1.105955069969778, 44.802289976970684], [-1.105969133334724, 44.802280686061266], [-1.105971333724762, 44.80227923238141], [-1.105989223848447, 44.80226741333028], [-1.105991175497872, 44.802266123979045], [-1.106008740338889, 44.802254519816515], [-1.10602423872233, 44.802244280847134], [-1.10602825682087, 44.802241626299164], [-1.106032810665444, 44.802238617811255], [-1.106047773294371, 44.8022287327782], [-1.106067289759405, 44.80221583925364], [-1.106086806215967, 44.802202945725476], [-1.106097712467422, 44.80219574051697], [-1.106101443552835, 44.80219327557699], [-1.106105672115931, 44.80219048197815], [-1.10611120177476, 44.802186828810186], [-1.106116080884934, 44.80218360542646], [-1.106123295412977, 44.80217824925627], [-1.106137724465181, 44.802167536914396], [-1.106159200254213, 44.80215159296], [-1.106163066860656, 44.80214872233088], [-1.106187722768751, 44.80213041738888], [-1.10620204291079, 44.80211978587774], [-1.106202160695516, 44.80211969843239], [-1.106202226955626, 44.80211964923975], [-1.106202241691135, 44.80211963829987], [-1.106202244007625, 44.80211963658007], [-1.106202250079675, 44.80211963207208], [-1.106202250726197, 44.80211963159209], [-1.106202252121242, 44.80211963055637], [-1.106202253863413, 44.80211962926299], [-1.106202255306176, 44.80211962819182], [-1.106202256624308, 44.80211962721323], [-1.106202257817814, 44.80211962632716], [-1.106202258577334, 44.802119625763275], [-1.106202258902881, 44.802119625521584], [-1.106202259166844, 44.802119625325616], [-1.106202259369225, 44.80211962517535], [-1.106202259689941, 44.80211962493726], [-1.106202260347714, 44.80211962444892], [-1.106202262102298, 44.80211962314628], [-1.106202268991065, 44.80211961803196], [-1.106202281014015, 44.80211960910594], [-1.106202291596543, 44.802119601249245], [-1.106202300738661, 44.80211959446198], [-1.106202389262384, 44.8021195287405], [-1.106202557167717, 44.80211940408477], [-1.106202644624268, 44.80211933915555], [-1.106202650318161, 44.802119334928314], [-1.106202651632048, 44.802119333952845], [-1.106202652480916, 44.802119333322636], [-1.106202655254022, 44.80211933126384], [-1.106202655326343, 44.80211933121015], [-1.106202655490178, 44.80211933108852], [-1.106202657379621, 44.80211932968574], [-1.10620265888213, 44.8021193285703], [-1.106202660922343, 44.80211932705561], [-1.106202812157686, 44.80211921477592], [-1.106202873740812, 44.802119169055565], [-1.106203111085641, 44.80211899284677], [-1.106224752729544, 44.802102925719595], [-1.106267737054878, 44.802071013381266], [-1.106313053813152, 44.80203736934669], [-1.106360702996467, 44.802001993612876], [-1.106388486275669, 44.80198136670563], [-1.106396403691988, 44.80197548864061], [-1.106400362443862, 44.80197254957495], [-1.106400362532455, 44.80197254950921], [-1.106400362619316, 44.8019725494447], [-1.106400362673355, 44.80197254940457], [-1.10640036270444, 44.80197254938153], [-1.106400362840081, 44.801972549280826], [-1.106400363122283, 44.8019725490713], [-1.106400363692577, 44.8019725486479], [-1.106400363872853, 44.80197254851405], [-1.106400364363414, 44.801972548149834], [-1.106400364447611, 44.801972548087335], [-1.106400364593965, 44.801972547978664], [-1.106400364760359, 44.80197254785516], [-1.106400364802852, 44.801972547823624], [-1.106400364862577, 44.801972547779265], [-1.10640036541446, 44.80197254736954], [-1.10640036641599, 44.801972546625976], [-1.106400408945508, 44.80197251505111], [-1.106400493003013, 44.801972452644954], [-1.106401566522796, 44.80197165563984], [-1.10640297779723, 44.80197060787811], [-1.106403629504775, 44.8019701240358], [-1.106404429342926, 44.801969530218], [-1.10640479361365, 44.80196925977524], [-1.106405058849493, 44.80196906285819], [-1.106405261995678, 44.8019689120379], [-1.106405403052216, 44.80196880731436], [-1.106405503920075, 44.801968732427774], [-1.106405511170951, 44.801968727044546], [-1.106405514535118, 44.80196872454694], [-1.106405586351891, 44.80196867122855], [-1.106405636341558, 44.80196863411508], [-1.10640566001726, 44.80196861653772], [-1.106405661139947, 44.80196861570421], [-1.106405676845888, 44.80196860404377], [-1.106405681314862, 44.80196860072591], [-1.106405683459372, 44.80196859913378], [-1.106405688840077, 44.80196859513902], [-1.106405692987997, 44.801968592059495], [-1.106405696362785, 44.801968589554], [-1.106405698964443, 44.80196858762247], [-1.106405699070964, 44.80196858754337], [-1.106405701310045, 44.80196858588103], [-1.106405703399589, 44.8019685843297], [-1.106405704990485, 44.801968583148586], [-1.106405705672471, 44.80196858264225], [-1.106405706082701, 44.801968582337715], [-1.106405706677215, 44.801968581896325], [-1.106405706774005, 44.80196858182444], [-1.106405706873107, 44.801968581750906], [-1.106405706974508, 44.801968581675595], [-1.1064057070783, 44.80196858159857], [-1.106405707184468, 44.80196858151971], [-1.106405707264699, 44.801968581460144], [-1.106405707318999, 44.801968581419835], [-1.106405707355183, 44.80196858139299], [-1.106405707401669, 44.80196858135844], [-1.106405707440405, 44.801968581329724], [-1.106405707474972, 44.80196858130405], [-1.106405707765042, 44.80196858108869], [-1.106405707895738, 44.80196858099168], [-1.106405708095507, 44.80196858084335], [-1.10640570864609, 44.8019685804346], [-1.106405714430011, 44.80196857614048], [-1.106405725247502, 44.80196856810932], [-1.106405747028785, 44.8019685519384], [-1.106405768274362, 44.80196853616522], [-1.106405779773867, 44.80196852762772], [-1.106405969415456, 44.801968386833536], [-1.106406091003539, 44.80196829656381], [-1.106406315953555, 44.801968129555846], [-1.106407263990351, 44.801967425711965], [-1.106408598563815, 44.801966434894545], [-1.106408813525802, 44.8019662753019], [-1.106409245897215, 44.80196595429959], [-1.106410385117856, 44.80196510851644], [-1.106411978766515, 44.80196392535559], [-1.106415287521089, 44.80196146886102], [-1.10641707073363, 44.80196014496342], [-1.10642031138116, 44.801957739032616], [-1.106439926150276, 44.801943176573424], [-1.106441552640546, 44.80194196902885], [-1.106474131807067, 44.8019177814753], [-1.106505663544524, 44.8018943715299], [-1.106534521368946, 44.80187294673961], [-1.10655616472365, 44.80185687814172], [-1.106570593620305, 44.80184616574067], [-1.106577808066694, 44.80184080953939], [-1.10658301062167, 44.80183575020056], [-1.106589423071962, 44.80182951427093], [-1.106593415729018, 44.80182563152207], [-1.106598726690555, 44.8018204667575], [-1.10659879748219, 44.80182039791455], [-1.106598943508896, 44.80182025590758], [-1.106599065894166, 44.801820136891244], [-1.106599075357874, 44.80182012768804], [-1.106599093846346, 44.80182010970849], [-1.106599108776638, 44.80182009518921], [-1.106599113411638, 44.801820090681794], [-1.106599124590039, 44.80182007981111], [-1.106599129041478, 44.801820075482176], [-1.106599130194076, 44.80182007436133], [-1.106599130223749, 44.801820074332475], [-1.106599130515, 44.801820074049246], [-1.106599131067831, 44.801820073511635], [-1.106599131962571, 44.80182007264151], [-1.10659913319923, 44.80182007143891], [-1.10659914333022, 44.801820061586795], [-1.106599154518561, 44.80182005070642], [-1.10659916235554, 44.80182004308519], [-1.10659930632156, 44.80181990308215], [-1.106599575228273, 44.8018196415777], [-1.106599981531551, 44.80181924645885], [-1.106600036078349, 44.80181919341356], [-1.106600688871781, 44.801818558589716], [-1.106602546436952, 44.80181675215807], [-1.10660560877365, 44.80181377411853], [-1.10661066447305, 44.80180885758687], [-1.106617713534158, 44.801802002562845], [-1.1066242540339, 44.80179564209935], [-1.106628225924636, 44.80179177953956], [-1.106630285972582, 44.80178977619654], [-1.106635036123473, 44.80178515679783], [-1.106635883049528, 44.801784333184095], [-1.106638504487164, 44.801781783903394], [-1.106642342721722, 44.80177805131847], [-1.106643772061307, 44.8017766613221], [-1.106645245443502, 44.80177522849541], [-1.106650838845004, 44.8017697890538], [-1.106653511547323, 44.80176718991785], [-1.106656072938337, 44.801764699029114], [-1.106657136981397, 44.80176366427374], [-1.106659474342243, 44.80176139124841], [-1.106661349266489, 44.801759567931], [-1.106661674147841, 44.80175925199192], [-1.106661697711345, 44.80175922907701], [-1.106661889317814, 44.80175904274442], [-1.106661891678238, 44.80175904044897], [-1.106661924085891, 44.801759008933345], [-1.106661942279543, 44.80175899124047], [-1.106661943250267, 44.80175899029647], [-1.106661943898778, 44.80175898966579], [-1.106661944405671, 44.801758989172846], [-1.106661944858915, 44.8017589887321], [-1.106661945032582, 44.80175898856318], [-1.106661945159928, 44.80175898843936], [-1.106661945325704, 44.80175898827815], [-1.106661945356251, 44.80175898824844], [-1.106661945391508, 44.80175898821417], [-1.106661945420083, 44.80175898818634], [-1.106661945454417, 44.80175898815296], [-1.106661945508479, 44.801758988100396], [-1.106661945664763, 44.80175898794843], [-1.10666194573253, 44.80175898788251], [-1.106661945923274, 44.80175898769702], [-1.106661946622684, 44.80175898701685], [-1.106661947496424, 44.801758986167165], [-1.106661947762984, 44.801758985907945], [-1.106661950237205, 44.801758983501834], [-1.106661951223359, 44.80175898254282], [-1.106661952390287, 44.80175898140802], [-1.106661957003831, 44.80175897692146], [-1.106661958314918, 44.80175897564646], [-1.106661960494706, 44.801758973526674], [-1.106661961501447, 44.80175897254763], [-1.106661961695994, 44.80175897235845], [-1.106662058584259, 44.80175887813701], [-1.106662419024127, 44.801758527618134], [-1.106663332479074, 44.801757639305706], [-1.106663935163629, 44.80175705320982], [-1.106664227077818, 44.801756769330446], [-1.106664292323179, 44.80175670588098], [-1.10666438295786, 44.801756617740956], [-1.106664390243075, 44.80175661065627], [-1.106664402803764, 44.801756598441315], [-1.106664413109892, 44.80175658841884], [-1.106664413738701, 44.80175658780735], [-1.106664413876233, 44.8017565876736], [-1.106664414458421, 44.801756587107455], [-1.106664415277112, 44.80175658631128], [-1.106664416146387, 44.80175658546594], [-1.106664417312524, 44.8017565843319], [-1.106664418814655, 44.801756582871114], [-1.10666441978352, 44.8017565819289], [-1.106664420302706, 44.80175658142403], [-1.106664420372219, 44.80175658135641], [-1.106664420475141, 44.80175658125634], [-1.106664420611475, 44.80175658112376], [-1.106664420932308, 44.801756580811734], [-1.106664421077318, 44.80175658067073], [-1.106664421437652, 44.8017565803203], [-1.106664439103811, 44.8017565631404], [-1.106664473930792, 44.80175652927203], [-1.106664508728819, 44.80175649543179], [-1.106664511332172, 44.80175649290012], [-1.106664551307942, 44.801756454024634], [-1.106664607086887, 44.801756399781], [-1.106664631568794, 44.80175637597294], [-1.10666467866902, 44.80175633016914], [-1.106664943825392, 44.80175607231107], [-1.106665378471355, 44.801755649628554], [-1.106665402555999, 44.80175562620683], [-1.106665469244164, 44.801755561354234], [-1.106665914462719, 44.80175512839013], [-1.106666479545559, 44.80175457886094], [-1.106666855087413, 44.80175421365567], [-1.106667041088311, 44.80175403277435], [-1.106667055549672, 44.80175401871102], [-1.106667134098487, 44.80175394232422], [-1.106667134231146, 44.80175394219523], [-1.106667134438075, 44.801753941994], [-1.106667135306279, 44.80175394114968], [-1.106667136835737, 44.801753939662326], [-1.106667138668092, 44.80175393788039], [-1.106667140544344, 44.80175393605579], [-1.106667140803365, 44.801753935803916], [-1.10666715016658, 44.80175392669839], [-1.10666715348899, 44.80175392346743], [-1.106667166757752, 44.80175391056388], [-1.106667190372236, 44.80175388759939], [-1.106667215646719, 44.80175386302055], [-1.106667221010024, 44.80175385780489], [-1.106667389979317, 44.801753693486376], [-1.106667469565774, 44.801753616090515], [-1.106667697280115, 44.80175339464387], [-1.106668205773571, 44.801752900146425], [-1.106668896731143, 44.80175222820708], [-1.106668915459685, 44.801752209994014], [-1.106669354862293, 44.801751782685706], [-1.106669383863662, 44.80175175448258], [-1.106669523981408, 44.8017516182215], [-1.106669926640129, 44.80175122664571], [-1.106670279071506, 44.80175088391476], [-1.106670562838441, 44.80175060795834], [-1.106671244630496, 44.801749944932155], [-1.10667129052168, 44.801749900304095], [-1.106671972016294, 44.801749237567144], [-1.106672345304823, 44.80174887455313], [-1.106672364496085, 44.80174885589008], [-1.106672374127, 44.801748846524234], [-1.106672374197576, 44.80174884645561], [-1.106672374276142, 44.801748846379226], [-1.106672374362694, 44.801748846295055], [-1.106672374947577, 44.80174884572626], [-1.106672376030791, 44.801748844672865], [-1.106672380722045, 44.80174884011073], [-1.106672389021336, 44.801748832039884], [-1.106672435689365, 44.80174878665634], [-1.106672520726133, 44.801748703960165], [-1.106672646025209, 44.80174858210985], [-1.106672811586607, 44.801748421105394], [-1.106673034181967, 44.801748204636816], [-1.10667327619833, 44.80174796928176], [-1.106673313811288, 44.801747932704075], [-1.106674316270006, 44.80174695783723], [-1.106674323047292, 44.801746951246486], [-1.10667604155805, 44.8017452800363], [-1.106678886121509, 44.80174251376678], [-1.106682849960084, 44.801738659028594], [-1.1066845560635, 44.80173699988365], [-1.10668929119668, 44.80173239507875], [-1.106694859198479, 44.80172698032767], [-1.106698209829775, 44.80172372191675], [-1.106709605857211, 44.80171263954197], [-1.106723479276264, 44.80169914795361], [-1.10673908686528, 44.80168396991444], [-1.106756428621642, 44.80166710542381], [-1.106768221010429, 44.8016556375685], [-1.106772559718377, 44.8016514182629], [-1.106774464037965, 44.80164956635045], [-1.106778247690407, 44.80164588682417], [-1.106778592593143, 44.80164555141313], [-1.106779571968657, 44.80164459898994], [-1.106780877766282, 44.80164332912768], [-1.10678208502134, 44.80164215509605], [-1.106782165083267, 44.80164207723742], [-1.106782228228871, 44.80164201582955], [-1.106782947495997, 44.80164131635648], [-1.106783114051415, 44.801641154384605], [-1.106783225004486, 44.80164104648495], [-1.10678368155653, 44.80164060249708], [-1.106784145536118, 44.80164015128608], [-1.106784317152105, 44.80163998439293], [-1.106784815758176, 44.80163949950834], [-1.106785177374759, 44.80163914784332], [-1.106785523290545, 44.80163881144701], [-1.106785853505523, 44.80163849031942], [-1.106785972746852, 44.801638374359555], [-1.106786098926127, 44.8016382516527], [-1.106786121704399, 44.80163822950128], [-1.106786259552361, 44.80163809544685], [-1.106786357766872, 44.801637999935146], [-1.106786393569673, 44.80163796511763], [-1.106786415825006, 44.80163794347477], [-1.106786424532856, 44.80163793500654], [-1.106786430818296, 44.80163792889409], [-1.106786434681314, 44.80163792513735], [-1.106786437618473, 44.80163792228104], [-1.106786439629775, 44.8016379203251], [-1.106786440676511, 44.80163791930717], [-1.106786440758683, 44.80163791922725], [-1.106786440808122, 44.801637919179164], [-1.106786440841994, 44.80163791914622], [-1.106786440887773, 44.80163791910171], [-1.106786440926369, 44.80163791906416], [-1.106786441014541, 44.801637918978436], [-1.10678644115227, 44.80163791884449], [-1.106786441266675, 44.80163791873322], [-1.106786441324188, 44.8016379186773], [-1.106786441357763, 44.801637918644666], [-1.106786442517975, 44.80163791751636], [-1.106786443058162, 44.80163791699105], [-1.106786446367877, 44.8016379137724], [-1.106786452216845, 44.80163790808438], [-1.106786459098098, 44.80163790139252], [-1.106786460605094, 44.801637899927], [-1.106786530016119, 44.80163783242616], [-1.10678656158479, 44.80163780172622], [-1.106786660449922, 44.80163770558184], [-1.106791724166396, 44.80163278121624], [-1.106801721163098, 44.80162305932867], [-1.106817124692532, 44.80160807968373], [-1.106830612692168, 44.801594962847815], [-1.106837934746653, 44.80158784227902], [-1.106845665852578, 44.80158032391251], [-1.106850073938429, 44.80157603712435], [-1.106852695357956, 44.80157348783825], [-1.106853542278067, 44.80157266422274], [-1.106858292394766, 44.801568044813834], [-1.106860352427433, 44.80156604146631], [-1.106864324287933, 44.80156217889748], [-1.10687086473567, 44.80155581841852], [-1.106877913737643, 44.80154896337689], [-1.10688296939265, 44.801544046832035], [-1.10688603170166, 44.80154106878425], [-1.106887357717895, 44.801539779254], [-1.106887889249749, 44.80153926234751], [-1.106888063762732, 44.801539092636325], [-1.106888542037109, 44.801538627521886], [-1.106889002882891, 44.80153817935645], [-1.106889228890078, 44.80153795956793], [-1.106889271787098, 44.801537917851235], [-1.106889415751776, 44.80153777784781], [-1.106889423588679, 44.80153777022655], [-1.106889434776918, 44.80153775934617], [-1.106889444907807, 44.801537749493995], [-1.106889446144456, 44.8015377482914], [-1.106889447039193, 44.80153774742127], [-1.106889447592014, 44.80153774688366], [-1.106889447883261, 44.80153774660045], [-1.106889447912933, 44.801537746571576], [-1.106889448301752, 44.80153774619346], [-1.106889453516926, 44.80153774112178], [-1.106889460536524, 44.80153773429532], [-1.106889464695214, 44.80153773025108], [-1.106889484260328, 44.80153771122429], [-1.106889502748625, 44.80153769324472], [-1.106889512212247, 44.801537684041485], [-1.106889621803847, 44.801537577465346], [-1.106889634596364, 44.80153756502482], [-1.106889647043168, 44.80153755292049], [-1.106889851412681, 44.80153735417428], [-1.106895162323453, 44.80153218939458], [-1.106902842206675, 44.80152472082329], [-1.106905567326069, 44.801522070684946], [-1.106910769826073, 44.80151701132974], [-1.106913960447997, 44.80151224884339], [-1.106919778639668, 44.80150356430919], [-1.106920341690386, 44.80150272387037], [-1.106924595850898, 44.80149637388815], [-1.106925999008681, 44.801494279461174], [-1.106926722930814, 44.80149319889694], [-1.106928683350419, 44.801490272671394], [-1.106929100496735, 44.801489650016784], [-1.106931728548561, 44.80148572724761], [-1.106933048818395, 44.80148375654281], [-1.106933061306494, 44.801483737902416], [-1.106933064704879, 44.80148373282979], [-1.106933069087989, 44.80148372628734], [-1.106933069665228, 44.80148372542573], [-1.106933072162896, 44.801483721697586], [-1.106933074435311, 44.80148371830566], [-1.106933075905243, 44.80148371611154], [-1.106933076516477, 44.801483715199176], [-1.106933076755975, 44.80148371484169], [-1.106933076788574, 44.801483714793044], [-1.106933076987531, 44.80148371449607], [-1.106933077114994, 44.80148371430581], [-1.106933077138365, 44.80148371427091], [-1.106933077169796, 44.80148371422401], [-1.106933077201814, 44.80148371417619], [-1.106933077249659, 44.8014837141048], [-1.106933077301701, 44.8014837140271], [-1.106933077484528, 44.80148371375423], [-1.106933077566425, 44.801483713631974], [-1.106933077629989, 44.801483713537095], [-1.106933077738077, 44.80148371337576], [-1.106933078029518, 44.80148371294072], [-1.10693307819292, 44.80148371269685], [-1.106933078480889, 44.801483712267], [-1.106933078994507, 44.80148371150034], [-1.10693307995308, 44.80148371006952], [-1.106933080667873, 44.801483709002596], [-1.10693308106866, 44.80148370840436], [-1.106933084726347, 44.80148370294469], [-1.10693308615897, 44.80148370080631], [-1.106933095224007, 44.80148368727531], [-1.106933150824975, 44.80148360428236], [-1.106933252961857, 44.80148345182743], [-1.106933386744607, 44.801483252136194], [-1.106933552173243, 44.80148300520861], [-1.106933817417886, 44.80148260929035], [-1.106934182478525, 44.801482064381425], [-1.106935464992653, 44.801480150032546], [-1.106937664960094, 44.80147686624365], [-1.106941338022517, 44.801471383633654], [-1.106945606245916, 44.80146501265312], [-1.106946484179133, 44.80146370220242], [-1.106948701984906, 44.80146039178508], [-1.106955438488599, 44.80145033651138], [-1.106967491920825, 44.80143234489026], [-1.106968200946027, 44.80143128655957], [-1.106969112549831, 44.80142992584865], [-1.106980963395641, 44.80141223660607], [-1.106993725837444, 44.80139318665094], [-1.107004892967607, 44.801376517938834], [-1.107014464788708, 44.80136223047029], [-1.107020460813256, 44.80135328044422], [-1.107021508201417, 44.80135171704948], [-1.107021703529597, 44.801351425490864], [-1.107026023208311, 44.8013449776769], [-1.107028616191711, 44.80134110723219], [-1.107028992860743, 44.80134054499301], [-1.107029287152324, 44.80134010571546], [-1.107029666647669, 44.80133953925756], [-1.107029681142675, 44.80133951762143], [-1.107029754677755, 44.801339407858485], [-1.107029813264233, 44.801339320408715], [-1.107029842407092, 44.80133927690834], [-1.107029860210785, 44.80133925033345], [-1.107029866675293, 44.80133924068412], [-1.10702987125258, 44.80133923385179], [-1.107029873942639, 44.80133922983647], [-1.107029875377751, 44.80133922769429], [-1.107029875557926, 44.80133922742536], [-1.107029875660018, 44.80133922727298], [-1.10702987568403, 44.801339227237136], [-1.107029875714029, 44.80133922719235], [-1.107029875741628, 44.80133922715117], [-1.107029875784837, 44.801339227086665], [-1.107029875832355, 44.80133922701576], [-1.107029875884193, 44.80133922693837], [-1.107029875941211, 44.80133922685327], [-1.107029875967132, 44.80133922681457], [-1.107029876003415, 44.801339226760405], [-1.107029876071832, 44.80133922665827], [-1.107029876121578, 44.801339226584034], [-1.107029876146462, 44.80133922654688], [-1.107029876173834, 44.80133922650602], [-1.107029876228556, 44.80133922642436], [-1.107029876258395, 44.80133922637979], [-1.107029876318096, 44.8013392262907], [-1.107029878509996, 44.80133922301893], [-1.107029878783855, 44.801339222610174], [-1.107029883625802, 44.80133921538276], [-1.107030063545936, 44.801338946822966], [-1.107030417814093, 44.801338418020705], [-1.107030763188733, 44.801337902493415], [-1.107031481348686, 44.801336830523965], [-1.10703214623386, 44.801335838075694], [-1.107032412469654, 44.80133544067584], [-1.107032693853945, 44.80133502066442], [-1.107032990386739, 44.80133457804139], [-1.107033189868006, 44.80133428028343], [-1.107033292297768, 44.801334127390476], [-1.10703334978744, 44.80133404157786], [-1.107033362337028, 44.80133402284559], [-1.107033369687914, 44.8013340118732], [-1.107033371840104, 44.801334008660724], [-1.107033373686821, 44.801334005904195], [-1.107033375228074, 44.80133400360362], [-1.107033375534207, 44.801334003146664], [-1.107033376101702, 44.80133400229958], [-1.107033376235523, 44.80133400209983], [-1.107033376307715, 44.801334001992075], [-1.107033376437595, 44.80133400179823], [-1.107033376493038, 44.80133400171547], [-1.107033376525871, 44.801334001666476], [-1.10703337665768, 44.80133400146971], [-1.107033376847253, 44.801334001186746], [-1.107033377018967, 44.8013340009304], [-1.107033377061748, 44.80133400086657], [-1.107033377099334, 44.80133400081047], [-1.107033377187395, 44.80133400067903], [-1.107033377224174, 44.801334000624124], [-1.107033377253569, 44.80133400058023], [-1.107033377275575, 44.801334000547406], [-1.107033377302959, 44.80133400050651], [-1.107033377335727, 44.80133400045759], [-1.107033377526598, 44.8013340001727], [-1.107033377875579, 44.80133399965179], [-1.107033378369769, 44.80133399891411], [-1.107033379009181, 44.80133399795971], [-1.107033383150265, 44.80133399177846], [-1.107033390793009, 44.80133398037044], [-1.10703476725696, 44.80133192577588], [-1.107037512541843, 44.80132782799471], [-1.107039006336373, 44.80132559826479], [-1.107039126330455, 44.80132541915424], [-1.107039248640831, 44.801325236586194], [-1.10703934605737, 44.80132509117624], [-1.107039376934999, 44.8013250450864], [-1.107039391218881, 44.80132502376537], [-1.107039397253969, 44.80132501475703], [-1.107039403782718, 44.801325005011826], [-1.107039405661624, 44.80132500220724], [-1.107039414626494, 44.80132498882573], [-1.107039428516401, 44.8013249680928], [-1.107039445452449, 44.801324942813004], [-1.107039447495288, 44.801324939763745], [-1.107039453975464, 44.80132493009102], [-1.107039454085441, 44.801324929926864], [-1.107039454147295, 44.80132492983456], [-1.107039454189659, 44.801324929771326], [-1.107039454233194, 44.80132492970632], [-1.107039454286092, 44.80132492962737], [-1.107039454309748, 44.801324929592056], [-1.107039454348321, 44.801324929534466], [-1.107039454504126, 44.80132492930193], [-1.107039454596345, 44.80132492916426], [-1.107039454753502, 44.801324928929674], [-1.1070394554967, 44.801324927820346], [-1.107039455637986, 44.80132492760944], [-1.10703945715759, 44.801324925341206], [-1.107039457599847, 44.801324924681055], [-1.10703945900352, 44.801324922585856], [-1.10703945982945, 44.80132492135302], [-1.107039461175765, 44.801324919343394], [-1.107039465951844, 44.80132491221435], [-1.107039468882206, 44.80132490784031], [-1.107039482122824, 44.801324888076564], [-1.107039583284349, 44.80132473707661], [-1.107039749986777, 44.80132448824626], [-1.107039772366769, 44.801324454840476], [-1.10703987061864, 44.801324308183666], [-1.107040189500272, 44.801323832201234], [-1.107040834684813, 44.801322869158824], [-1.107041186458368, 44.801322344079836], [-1.107041218868825, 44.80132229570197], [-1.107041244820953, 44.80132225696423], [-1.107041282520438, 44.801322200691644], [-1.107041290072255, 44.801322189419345], [-1.107041299556822, 44.80132217526205], [-1.107041305119835, 44.80132216695838], [-1.107041309543936, 44.8013221603547], [-1.107041309869224, 44.80132215986916], [-1.107041312481793, 44.80132215596947], [-1.107041314043776, 44.801322153637955], [-1.107041314209285, 44.80132215339089], [-1.10704131422989, 44.80132215336014], [-1.107041314255061, 44.80132215332259], [-1.107041314343562, 44.80132215319048], [-1.107041314384763, 44.80132215312898], [-1.107041314411223, 44.80132215308948], [-1.10704131443406, 44.801322153055395], [-1.107041314462793, 44.8013221530125], [-1.10704131453077, 44.80132215291104], [-1.107041314608406, 44.80132215279516], [-1.107041314647067, 44.80132215273743], [-1.10704131469571, 44.801322152664845], [-1.107041314751269, 44.80132215258189], [-1.107041314795421, 44.801322152516015], [-1.107041314907549, 44.80132215234863], [-1.10704131496426, 44.80132215226398], [-1.107041315035624, 44.80132215215746], [-1.10704131517963, 44.80132215194252], [-1.107041315307693, 44.80132215175135], [-1.107041315344106, 44.801322151697], [-1.10704131552906, 44.8013221514209], [-1.107041315668295, 44.80132215121309], [-1.107041316157979, 44.80132215048217], [-1.107041317230854, 44.80132214888072], [-1.107041320877913, 44.801322143436884], [-1.107041323300107, 44.801322139821366], [-1.107041327099141, 44.801322134150716], [-1.107041343223924, 44.80132211008186], [-1.107041369252238, 44.80132207123039], [-1.107041398199036, 44.80132202802259], [-1.107041430064318, 44.80132198045849], [-1.107041466368539, 44.80132192626856], [-1.107041488977853, 44.80132189252052], [-1.107041507111736, 44.80132186545278], [-1.107041629152393, 44.80132168328729], [-1.107041644106527, 44.801321660965826], [-1.107041877352945, 44.80132131280777], [-1.107041957639089, 44.80132119296769], [-1.107042063978537, 44.801321034238846], [-1.107042090691787, 44.80132099436501], [-1.107042203983289, 44.80132082525905], [-1.107042315152855, 44.80132065932047], [-1.107042397487239, 44.80132053642304], [-1.107042448264197, 44.8013204606302], [-1.107042467483723, 44.80132043194197], [-1.107042498948036, 44.80132038497635], [-1.107042542657139, 44.80132031973345], [-1.107042571266904, 44.80132027702873], [-1.107042584777325, 44.80132025686223], [-1.107042596088595, 44.80132023997836], [-1.107042605200701, 44.80132022637705], [-1.107042609865202, 44.80132021941453], [-1.107042610082103, 44.80132021909076], [-1.107042610241223, 44.80132021885324], [-1.107042610305204, 44.80132021875775], [-1.107042610342608, 44.801320218701925], [-1.107042610398213, 44.801320218618926], [-1.107042610419883, 44.801320218586596], [-1.107042610485298, 44.80132021848895], [-1.107042610574855, 44.80132021835526], [-1.107042610663725, 44.80132021822261], [-1.107042610751908, 44.80132021809097], [-1.107042611158625, 44.801320217483884], [-1.107042611883888, 44.801320216401315], [-1.107042613470337, 44.80132021403328], [-1.107042614606712, 44.80132021233705], [-1.107042619327105, 44.801320205291105], [-1.107042657434703, 44.80132014840933], [-1.107042728929511, 44.80132004169173], [-1.107042902199955, 44.80131978305751], [-1.107043177246028, 44.80131937250666], [-1.107043802673884, 44.80131843895419], [-1.10704407370459, 44.80131803439691], [-1.107044778483508, 44.80131698240004], [-1.107046738973591, 44.80131405605036], [-1.107049684143867, 44.80130965990504], [-1.107053221235072, 44.80130438022061], [-1.107057350246902, 44.80129821699697], [-1.107059363965339, 44.80129521119326], [-1.10705942569622, 44.8012951190498], [-1.107059426338315, 44.80129511809136], [-1.10705944758366, 44.80129508637925], [-1.107059466843289, 44.8012950576311], [-1.107059483475124, 44.80129503280535], [-1.107059493712589, 44.801295017524275], [-1.107059497555698, 44.80129501178777], [-1.107059499870887, 44.801295008331984], [-1.107059499975636, 44.801295008175636], [-1.107059500004396, 44.80129500813269], [-1.107059500972397, 44.80129500668779], [-1.107059501564652, 44.80129500580377], [-1.107059501752386, 44.801295005523535], [-1.107059501899551, 44.8012950053039], [-1.107059502006159, 44.80129500514474], [-1.107059502066112, 44.80129500505526], [-1.107059502173419, 44.80129500489507], [-1.107059502294923, 44.80129500471371], [-1.10705950234812, 44.80129500463432], [-1.107059502553003, 44.8012950043285], [-1.107059502572404, 44.80129500429953], [-1.107059502846289, 44.80129500389072], [-1.107059503197926, 44.80129500336583], [-1.107059503627317, 44.8012950027249], [-1.107059505552654, 44.801294999851024], [-1.107059508973927, 44.80129499474423], [-1.107059539201244, 44.801294949624996], [-1.107059596234612, 44.80129486449338], [-1.107059629573287, 44.801294814729935], [-1.107059639217276, 44.801294800334716], [-1.107059649278361, 44.80129478531693], [-1.107059659756517, 44.80129476967654], [-1.10705993087888, 44.801294364982105], [-1.107059971994847, 44.8012943036098], [-1.107060462645427, 44.80129357123358], [-1.107060918445322, 44.801292890877725], [-1.107061010698615, 44.801292753174586], [-1.107061298278542, 44.801292323914474], [-1.10706369863374, 44.8012887409914], [-1.107068001661515, 44.80128231801687], [-1.107068119510203, 44.801282142108356], [-1.107070385635847, 44.801278759543635], [-1.107070390341957, 44.801278752519], [-1.107070497011371, 44.801278593297376], [-1.107070562191875, 44.80127849600475], [-1.10707058117737, 44.801278467665796], [-1.107070590589038, 44.801278453617336], [-1.107070591247016, 44.80127845263518], [-1.107070592400808, 44.80127845091295], [-1.107070593058796, 44.80127844993081], [-1.107070593220975, 44.801278449688716], [-1.107070593307729, 44.80127844955921], [-1.107070599468486, 44.80127844036326], [-1.107070603028051, 44.801278435050065], [-1.107070611755972, 44.801278422022214], [-1.107070627766609, 44.80127839812368], [-1.10707064750041, 44.80127836866773], [-1.107070659216289, 44.80127835117988], [-1.107070661844398, 44.80127834725697], [-1.107070662914232, 44.801278345660066], [-1.107070668361041, 44.80127833752981], [-1.107070681744147, 44.80127831755335], [-1.107070705890403, 44.80127828151109], [-1.107070715706005, 44.80127826685969], [-1.10707076001179, 44.80127820072601], [-1.107070771840221, 44.80127818307012], [-1.107070814661504, 44.80127811915234], [-1.107070862069245, 44.80127804838849], [-1.107070864801671, 44.80127804430991], [-1.107070902235029, 44.80127798843446], [-1.107072243096478, 44.80127598697826], [-1.107072362118264, 44.80127580931865], [-1.107072607155088, 44.801275443560876], [-1.107075241718636, 44.80127151104104], [-1.107079254580437, 44.80126552118305], [-1.107080132508021, 44.80126421073119], [-1.107084400703006, 44.8012578397446], [-1.107088073739567, 44.80125235712913], [-1.107090273690907, 44.80124907333684], [-1.10709155619543, 44.8012471589859], [-1.107091921253303, 44.80124661407639], [-1.107092186495932, 44.801246218157736], [-1.107092351923303, 44.801245971229896], [-1.107092466048055, 44.80124580087972], [-1.107092485705036, 44.80124577153841], [-1.107092500689122, 44.801245749172175], [-1.107092587841138, 44.80124561908333], [-1.107092643441677, 44.80124553609028], [-1.107092649249578, 44.801245527420996], [-1.107092652506656, 44.801245522559306], [-1.107092657596915, 44.80124551496122], [-1.107092658076199, 44.8012455142458], [-1.107092658712494, 44.80124551329607], [-1.107092659671062, 44.80124551186523], [-1.107092660184668, 44.801245511098585], [-1.107092660472639, 44.801245510668736], [-1.10709266063604, 44.80124551042484], [-1.107092660927482, 44.8012455099898], [-1.107092661035569, 44.80124550982848], [-1.107092661099128, 44.80124550973359], [-1.107092661181022, 44.80124550961134], [-1.107092661363849, 44.80124550933846], [-1.107092661415885, 44.801245509260774], [-1.107092661463733, 44.801245509189364], [-1.107092661495751, 44.801245509141566], [-1.107092661527188, 44.80124550909464], [-1.107092661550555, 44.80124550905977], [-1.107092661678014, 44.8012455088695], [-1.107092661876975, 44.801245508572535], [-1.107092661909566, 44.80124550852388], [-1.107092662149066, 44.80124550816639], [-1.107092662760298, 44.80124550725402], [-1.107092664230215, 44.80124550505991], [-1.107092666502616, 44.80124550166799], [-1.107092669000265, 44.80124549793983], [-1.107092669577497, 44.80124549707821], [-1.107092673960578, 44.801245490535756], [-1.107092677358938, 44.80124548546311], [-1.107092689846939, 44.80124546682273], [-1.107094010106579, 44.80124349611576], [-1.107096638137608, 44.80123957334217], [-1.107097055280565, 44.80123895068685], [-1.107099015684147, 44.80123602445789], [-1.107099739600274, 44.801234943892396], [-1.107101142746268, 44.80123284946293], [-1.10710539686988, 44.801226499472875], [-1.107108780831222, 44.80122144834429], [-1.107111778053669, 44.801216974487446], [-1.10711496864483, 44.801212211994574], [-1.107117418678396, 44.801207774280286], [-1.107119795774229, 44.80120346867651], [-1.107122318744495, 44.80119889885148], [-1.107125064934791, 44.80119392470997], [-1.107125468433869, 44.80119319385689], [-1.107125657250296, 44.801192851855916], [-1.107127478473795, 44.801189553095035], [-1.107127987588562, 44.801188630941326], [-1.107132055948921, 44.80118126196613], [-1.107134359580219, 44.80117708942391], [-1.107134739747188, 44.801176400831565], [-1.107135010750631, 44.801175909965956], [-1.107136038983993, 44.8011740475378], [-1.10713684011096, 44.80117259646498], [-1.107137143128159, 44.801172047613115], [-1.107137294661168, 44.80117177314296], [-1.10713729471, 44.80117177305452], [-1.107137294908289, 44.80117177269536], [-1.107137295256044, 44.80117177206548], [-1.107137296915361, 44.80117176905996], [-1.107137299886247, 44.801171763678816], [-1.107137313982608, 44.80117173814624], [-1.107137339204448, 44.8011716924622], [-1.107137442900597, 44.80117150463846], [-1.107137625071063, 44.801171174674984], [-1.107139379373713, 44.801167997124686], [-1.107142705808094, 44.80116197198744], [-1.107149269083625, 44.8011500839886], [-1.107159069196671, 44.80113233312743], [-1.107167137234347, 44.80111771955137], [-1.107173473199033, 44.801106243260904], [-1.107177104587533, 44.80109966574915], [-1.107178031401517, 44.801097987016426], [-1.10717857813738, 44.80109699671689], [-1.107178744795183, 44.80109669485061], [-1.107178865016942, 44.8010964770936], [-1.107178938802655, 44.801096343445955], [-1.107178981243959, 44.80109626657224], [-1.107178992340847, 44.80109624647255], [-1.10717900336565, 44.801096226503375], [-1.107179014318363, 44.80109620666479], [-1.10717901666699, 44.80109620241071], [-1.107179020774244, 44.80109619497128], [-1.107179021480022, 44.80109619369289], [-1.107179022733305, 44.80109619142286], [-1.10717902391128, 44.80109618928921], [-1.107179024141641, 44.801096188871945], [-1.107179024308166, 44.801096188570305], [-1.107179024516495, 44.80109618819297], [-1.107179024536264, 44.80109618815717], [-1.107179024559405, 44.80109618811526], [-1.107179024585919, 44.801096188067234], [-1.107179024606944, 44.80109618802914], [-1.107179024635501, 44.80109618797742], [-1.107179024800459, 44.80109618767865], [-1.107179025098798, 44.80109618713826], [-1.107179025516659, 44.801096186381386], [-1.107179025818471, 44.80109618583469], [-1.107179026201282, 44.80109618514132], [-1.107179026959465, 44.801096183768024], [-1.107179028353906, 44.80109618124229], [-1.107179028684882, 44.801096180642794], [-1.107179029167053, 44.80109617976943], [-1.107179030994705, 44.80109617645902], [-1.107179035401628, 44.80109616847677], [-1.107179040967544, 44.80109615839527], [-1.107179041905666, 44.801096156696055], [-1.107179059275106, 44.80109612523489], [-1.107179072875936, 44.80109610059979], [-1.107179128312439, 44.80109600018796], [-1.107179246760108, 44.80109578564438], [-1.107179428218929, 44.801095456969044], [-1.107180531575173, 44.80109345846605], [-1.107182556828663, 44.80108979013534], [-1.107188469502941, 44.80107908053773], [-1.107198269594082, 44.80106132967243], [-1.107207071523128, 44.801045386764756], [-1.107214875291577, 44.80103125181501], [-1.107219112126171, 44.801023577642304], [-1.107219782029489, 44.80102236424716], [-1.107220140845053, 44.80102171432492], [-1.107220188572871, 44.80102162787557], [-1.1072202162494, 44.80102157774507], [-1.107220223874627, 44.801021563933524], [-1.107220229453625, 44.80102155382828], [-1.107220232986404, 44.80102154742936], [-1.107220234888238, 44.80102154398457], [-1.107220235096282, 44.80102154360776], [-1.10722023515913, 44.80102154349393], [-1.107220235301872, 44.801021543235365], [-1.107220235984084, 44.801021541999695], [-1.107220236509756, 44.801021541047525], [-1.107220237229966, 44.80102153974303], [-1.107220238881734, 44.80102153675118], [-1.107220242505015, 44.80102153018833], [-1.107220246001166, 44.801021523855724], [-1.10722024737961, 44.801021521358976], [-1.107220249298481, 44.801021517883335], [-1.107220251207414, 44.801021514425656], [-1.107220253860563, 44.80102150962005], [-1.107220253988426, 44.80102150938843], [-1.107220275885835, 44.80102146972568], [-1.107220281494268, 44.801021459567124], [-1.107220316899638, 44.80102139543741], [-1.107220380581279, 44.80102128009093], [-1.107220454482848, 44.8010211462331], [-1.107220466930755, 44.80102112368622], [-1.107220586985355, 44.80102090623145], [-1.107220648826296, 44.80102079421898], [-1.107220740745083, 44.80102062772657], [-1.107220921111595, 44.80102030102888], [-1.10722102762256, 44.801020108105675], [-1.107221423733663, 44.801019390629975], [-1.107221447617789, 44.80101934736868], [-1.107221935661061, 44.801018463376316], [-1.107222491752357, 44.80101745612858], [-1.107227669834671, 44.80100807707039], [-1.107237469903908, 44.80099032620099], [-1.107245636624083, 44.80097553380905], [-1.107247269967662, 44.80097257533056], [-1.107257070025945, 44.800954824459104], [-1.107264420066069, 44.80094151130484], [-1.107269320091104, 44.800932635868335], [-1.107271770103111, 44.80092819814999], [-1.107273479562076, 44.80092408521134], [-1.107275677437578, 44.8009187971473], [-1.107276898479367, 44.80091585933393], [-1.107277848178464, 44.80091357436796], [-1.107282026853711, 44.80090352051754], [-1.107287399434301, 44.800890594138146], [-1.107288864683195, 44.80088706876188], [-1.10729000432111, 44.80088432680257], [-1.107295702509278, 44.80087061700566], [-1.107302540331966, 44.80085416524887], [-1.107308808333107, 44.80083908447129], [-1.107314506513483, 44.80082537467312], [-1.107317473010965, 44.800818237290116], [-1.107317639127747, 44.800817837613664], [-1.107317707827324, 44.800817672322694], [-1.107317777323634, 44.800817505114765], [-1.107317871794202, 44.80081727781887], [-1.107317961289468, 44.80081706249356], [-1.107317964911604, 44.800817053778694], [-1.107318017434743, 44.80081692740819], [-1.107318019609304, 44.80081692217618], [-1.107318029363617, 44.80081689870734], [-1.107318034591483, 44.80081688612911], [-1.107318035420139, 44.80081688413536], [-1.107318035437575, 44.80081688409341], [-1.107318035604287, 44.8008168836923], [-1.107318035702016, 44.800816883457166], [-1.107318035828706, 44.80081688315235], [-1.107318035877219, 44.80081688303564], [-1.107318036048164, 44.80081688262437], [-1.107318036528442, 44.8008168814688], [-1.107318037269531, 44.800816879685726], [-1.107318038672455, 44.80081687631032], [-1.107318040737206, 44.800816871342526], [-1.107318042082015, 44.80081686810693], [-1.107318042706867, 44.800816866603505], [-1.107318044121968, 44.80081686319879], [-1.107318045561012, 44.80081685973647], [-1.107318047483366, 44.80081685511128], [-1.107318050644437, 44.80081684750575], [-1.107318089277074, 44.80081675455574], [-1.107318092074844, 44.80081674782429], [-1.107318098082806, 44.800816733369174], [-1.107318169852245, 44.80081656069211], [-1.107318420405257, 44.800815957862326], [-1.107318765032896, 44.800815128689194], [-1.107318843733861, 44.80081493933491], [-1.107318928424889, 44.80081473556854], [-1.107319086303528, 44.80081435571298], [-1.107319148114265, 44.800814206996506], [-1.10731929298318, 44.800813858442304], [-1.107319418837111, 44.80081355563808], [-1.10731952091026, 44.80081331005034], [-1.107321344326823, 44.80080892291475], [-1.10732256536456, 44.80080598510068], [-1.107324763232219, 44.800800697035335], [-1.107326472684594, 44.80079658409559], [-1.10732818213676, 44.80079247115582], [-1.107330380003523, 44.80078718309031], [-1.107331601040455, 44.80078424527613], [-1.107332550735778, 44.80078196030954], [-1.107333880309112, 44.80077876135626], [-1.107335019943298, 44.800776019396324], [-1.107335626219934, 44.80077456069458], [-1.107336097289702, 44.80077342730057], [-1.107337112348338, 44.80077098506898], [-1.107337725166546, 44.80076951062799], [-1.107337935744384, 44.80076900397755], [-1.107338042589756, 44.8007687469075], [-1.107338131544774, 44.80076853288167], [-1.107338312567705, 44.80076809734034], [-1.107338417226969, 44.80076784553007], [-1.107338445522566, 44.800767777450844], [-1.107338466831624, 44.80076772618121], [-1.107338471230438, 44.800767715597686], [-1.107338472359727, 44.80076771288059], [-1.107338494350587, 44.80076765997056], [-1.107338510541072, 44.80076762101624], [-1.107338516713283, 44.8007676061659], [-1.107338519801901, 44.80076759873471], [-1.107338525043305, 44.80076758612389], [-1.107338529046797, 44.800767576491474], [-1.107338538275768, 44.800767554286544], [-1.107338543548199, 44.80076754160109], [-1.107338544938143, 44.80076753825689], [-1.107338545532541, 44.80076753682675], [-1.107338549033894, 44.8007675284025], [-1.107338554590078, 44.80076751503429], [-1.10733856160669, 44.80076749815232], [-1.107338565402839, 44.80076748901878], [-1.107338565786582, 44.80076748809551], [-1.107338565978545, 44.80076748763364], [-1.107338566312191, 44.80076748683089], [-1.107338566337106, 44.800767486770944], [-1.107338566403771, 44.80076748661053], [-1.107338566467035, 44.800767486458334], [-1.107338566501968, 44.80076748637428], [-1.107338566524901, 44.80076748631912], [-1.107338566555085, 44.800767486246464], [-1.10733856658267, 44.80076748618013], [-1.107338571293994, 44.8007674748447], [-1.107338580689071, 44.80076745224011], [-1.107338616635373, 44.80076736575328], [-1.107338679132903, 44.80076721538416], [-1.107339196486236, 44.80076597063159], [-1.10734012587407, 44.800763734523436], [-1.107340168695322, 44.80076363149548], [-1.10734043268956, 44.80076299632502], [-1.107342237624295, 44.80075865364953], [-1.107345403272663, 44.80075103709377], [-1.107350404995588, 44.800739002935394], [-1.107357242791079, 44.800722551174026], [-1.107362940951391, 44.8007088413725], [-1.107364080583169, 44.80070609941213], [-1.10736554582389, 44.80070257403451], [-1.107370918371869, 44.80068964764965], [-1.107375097018837, 44.80067959379453], [-1.107376046711154, 44.80067730882744], [-1.107377267744035, 44.80067437101257], [-1.107379465602953, 44.80066908294577], [-1.107381175048536, 44.800664970004874], [-1.107382562538105, 44.80066097335041], [-1.107385337516766, 44.80065298004139], [-1.107389499983549, 44.80064099007766], [-1.107395049936988, 44.80062500345897], [-1.107399963008362, 44.80061085136995], [-1.107404239198464, 44.80059853381073], [-1.107406779468391, 44.80059121656476], [-1.107407583819255, 44.80058889963224], [-1.107407870555427, 44.80058807368875], [-1.107408090633542, 44.80058743975373], [-1.107408228818641, 44.80058704171152], [-1.10740829991127, 44.80058683692921], [-1.107408494869884, 44.800586275350874], [-1.10740855781032, 44.800586094050985], [-1.107408675509399, 44.80058575501876], [-1.107408756862337, 44.800585520681594], [-1.107408784688856, 44.80058544052728], [-1.107408822408278, 44.80058533187648], [-1.107408842164382, 44.80058527496902], [-1.107408845961815, 44.8005852640305], [-1.107408846806644, 44.800585261596986], [-1.107408855349467, 44.80058523698938], [-1.107408860507936, 44.80058522213041], [-1.107408861437224, 44.80058521945357], [-1.107408861811906, 44.800585218374344], [-1.107408861944217, 44.80058521799323], [-1.10740886195526, 44.800585217961384], [-1.10740886202889, 44.800585217749294], [-1.107408862065583, 44.80058521764361], [-1.107408862076843, 44.80058521761118], [-1.107408862088054, 44.80058521757889], [-1.107408870564952, 44.80058519316116], [-1.107408878715119, 44.80058516968461], [-1.107408887507547, 44.80058514435805], [-1.107408906259362, 44.80058509034344], [-1.107408926820394, 44.80058503111736], [-1.107409083745001, 44.80058457909598], [-1.107409377033173, 44.80058373427932], [-1.107410027639232, 44.80058186020828], [-1.107411016496517, 44.8005790118042], [-1.107411035563106, 44.80057895688285], [-1.107411750181755, 44.800576898423195], [-1.107411809527785, 44.8005767274769], [-1.107412171495232, 44.80057568482931], [-1.107413322772214, 44.80057236857454], [-1.107414973384775, 44.800567613982444], [-1.107415204012504, 44.80056694965882], [-1.10741614556976, 44.800564237501284], [-1.107416147444208, 44.80056423210192], [-1.107416148261856, 44.800564229746655], [-1.107416148443531, 44.80056422922339], [-1.107416148461595, 44.80056422917134], [-1.107416148567728, 44.80056422886561], [-1.107416151475102, 44.800564220490905], [-1.107416157165664, 44.80056420409922], [-1.107416166917733, 44.80056417600839], [-1.10741618054443, 44.800564136756634], [-1.107416180731304, 44.800564136218384], [-1.107416243009179, 44.80056395682684], [-1.107416249257936, 44.80056393882724], [-1.10741635375135, 44.80056363783374], [-1.107416601065167, 44.80056292544576], [-1.107416984950626, 44.80056181966282], [-1.107417298854221, 44.800560915462775], [-1.107417542775946, 44.80056021284566], [-1.107417708543109, 44.80055973535292], [-1.107417763882884, 44.800559575946565], [-1.107417796155717, 44.800559482984596], [-1.107417842177407, 44.800559350418986], [-1.107417843486529, 44.800559346648065], [-1.107417846608177, 44.80055933765617], [-1.107417852856365, 44.800559319658255], [-1.107417860921951, 44.80055929642528], [-1.107417864814642, 44.80055928521237], [-1.107417866101879, 44.800559281504505], [-1.10741786839614, 44.80055927489589], [-1.107417869562898, 44.80055927153502], [-1.107417869669918, 44.80055927122673], [-1.107417869923237, 44.80055927049707], [-1.107417870067981, 44.80055927008012], [-1.107417870104153, 44.800559269975935], [-1.107417870192912, 44.80055926972027], [-1.107417870334245, 44.800559269313155], [-1.10741787077896, 44.80055926803217], [-1.107417871483138, 44.80055926600377], [-1.107417871527031, 44.800559265877325], [-1.107417871614706, 44.800559265624806], [-1.107417872722463, 44.800559262433914], [-1.107417874155198, 44.800559258306876], [-1.107417874365222, 44.8005592577019], [-1.107417913910416, 44.80055914379187], [-1.107417991358037, 44.80055892070381], [-1.1074181948843, 44.80055833444587], [-1.107418199226703, 44.80055832193757], [-1.107418537516399, 44.8005573474932], [-1.107418802400377, 44.80055658449416], [-1.107418847597426, 44.80055645430393], [-1.107418869154404, 44.80055639220901], [-1.107419129469794, 44.8005556423698], [-1.107419717271425, 44.800553949205465], [-1.107420611002281, 44.80055137481092], [-1.10742181066229, 44.80054791918621], [-1.107423316251363, 44.80054358233123], [-1.107424217706475, 44.800540985686126], [-1.107424515027758, 44.80054012925092], [-1.10742470486449, 44.800539582425394], [-1.107424733983386, 44.80053949854829], [-1.107424773018373, 44.800539386107836], [-1.107424874573373, 44.80053909357824], [-1.107425043961179, 44.80053860565591], [-1.107425242146807, 44.800538034781304], [-1.107425457697591, 44.800537413886346], [-1.107425690613519, 44.80053674297099], [-1.107425834227021, 44.8005363292916], [-1.107425888538114, 44.800536172848275], [-1.107425915355706, 44.80053609560006], [-1.10742591699087, 44.80053609088998], [-1.10742591706767, 44.80053609066876], [-1.107425919585296, 44.800536083416716], [-1.107425920889502, 44.800536079659935], [-1.107425921621625, 44.80053607755104], [-1.107425923099868, 44.80053607329296], [-1.107425924167166, 44.8005360702186], [-1.107425924426655, 44.80053606947116], [-1.107425924823529, 44.80053606832795], [-1.107425925172606, 44.80053606732244], [-1.107425925199676, 44.80053606724445], [-1.107425925214395, 44.800536067202046], [-1.107425925249441, 44.80053606710112], [-1.107425925261152, 44.80053606706737], [-1.107425925275149, 44.80053606702706], [-1.107425925343207, 44.800536066831], [-1.107425925430397, 44.80053606657986], [-1.107425925465342, 44.8005360664792], [-1.107425925712645, 44.80053606576684], [-1.107425925826685, 44.800536065438365], [-1.107425926085118, 44.800536064693915], [-1.107425926642009, 44.8005360630898], [-1.107425927259165, 44.80053606131208], [-1.107425927383306, 44.800536060954514], [-1.107425928151008, 44.800536058743155], [-1.107425930745136, 44.80053605127072], [-1.107425935822857, 44.80053603664434], [-1.107425936727515, 44.80053603403847], [-1.107427235932044, 44.80053229167362], [-1.107427762935465, 44.80053077363761], [-1.107429828358291, 44.80052482417612], [-1.107431275272019, 44.80052065633273], [-1.107431357263126, 44.80052042015685], [-1.10743157667363, 44.80051978814362], [-1.107431702948134, 44.80051942440911], [-1.107431776657321, 44.80051921208934], [-1.107431850921816, 44.80051899817001], [-1.107431875223114, 44.800518928169986], [-1.107431938151522, 44.80051874690433], [-1.107431950225938, 44.800518712123875], [-1.107431965442532, 44.80051866829241], [-1.107431982954628, 44.80051861784871], [-1.107431990687798, 44.80051859557327], [-1.107432003999339, 44.80051855722927], [-1.10743202288926, 44.80051850281673], [-1.107432032769587, 44.800518474356394], [-1.107432033584486, 44.80051847200908], [-1.107432033640315, 44.800518471848264], [-1.107432033736423, 44.80051847157144], [-1.107432034113679, 44.80051847048472], [-1.107432034189695, 44.800518470265764], [-1.107432034246438, 44.800518470102325], [-1.107432034283913, 44.800518469994365], [-1.107432034318221, 44.800518469895565], [-1.107432034349347, 44.80051846980589], [-1.107432034448937, 44.80051846951903], [-1.107432034616981, 44.800518469035005], [-1.107432035017845, 44.800518467880266], [-1.107432035651539, 44.800518466054946], [-1.107432036113178, 44.80051846472517], [-1.107432036402767, 44.80051846389102], [-1.107432037448159, 44.80051846087975], [-1.107432039249355, 44.80051845569142], [-1.107432041095678, 44.800518450373055], [-1.107432042987131, 44.800518444924684], [-1.107432045067442, 44.80051843893235], [-1.107432047336604, 44.80051843239605], [-1.107432052294903, 44.8005184181136], [-1.107432059942361, 44.800518396085074], [-1.107432209667868, 44.80051796479982], [-1.107432501471406, 44.800517124257894], [-1.107433064354937, 44.800515502868286], [-1.107433898318426, 44.80051310063102], [-1.107436292584766, 44.80050620393016], [-1.107440247153019, 44.8004948127656], [-1.107444999401396, 44.800481123871975], [-1.107450549328928, 44.80046513724906], [-1.107452805510228, 44.800458638293584], [-1.107454074660933, 44.800454982490166], [-1.107454295417669, 44.8004543465978], [-1.107455575399199, 44.80045065959561], [-1.107456325794786, 44.80044849807187], [-1.107456325847843, 44.800448497919085], [-1.107456329004641, 44.80044848882585], [-1.107456334727229, 44.80044847234188], [-1.107456335265192, 44.80044847079226], [-1.107456335617338, 44.80044846977789], [-1.107456339122271, 44.800448459681895], [-1.107456340575859, 44.80044845549482], [-1.10745634151038, 44.80044845280294], [-1.107456341869032, 44.80044845176982], [-1.107456341925818, 44.800448451606236], [-1.107456342211251, 44.800448450784046], [-1.107456342352177, 44.80044845037809], [-1.10745634236668, 44.80044845033632], [-1.107456342383336, 44.80044845028837], [-1.107456342464028, 44.80044845005593], [-1.107456342503289, 44.800448449942806], [-1.107456342526668, 44.80044844987551], [-1.107456342560906, 44.800448449776866], [-1.107456342575395, 44.800448449735114], [-1.107456342606914, 44.80044844964432], [-1.10745634269859, 44.80044844938024], [-1.107456342835918, 44.80044844898467], [-1.107456343400853, 44.80044844735737], [-1.107456344393384, 44.800448444498365], [-1.107456344913674, 44.80044844299966], [-1.107456345904156, 44.800448440146575], [-1.107456346422731, 44.80044843865282], [-1.10745634793316, 44.800448434302], [-1.107456635189959, 44.80044760685521], [-1.107457207674525, 44.80044595780625], [-1.107457591526876, 44.80044485211471], [-1.10745768309475, 44.80044458835227], [-1.107457812961052, 44.80044421427074], [-1.107458061450642, 44.80044349849331], [-1.107459794005841, 44.80043850784541], [-1.107461764366722, 44.80043283219426], [-1.107462880759778, 44.80042961640852], [-1.107465811616304, 44.800421174033985], [-1.107468586575542, 44.8004131807218], [-1.107469974054912, 44.800409184065664], [-1.107471039579913, 44.800405303696245], [-1.107472635268349, 44.80039949260633], [-1.107473170629561, 44.800397542957285], [-1.107473528118299, 44.80039624107434], [-1.107476367203186, 44.800385901848706], [-1.10747911672625, 44.80037588878148], [-1.107480629299746, 44.80037038037037], [-1.107483088817047, 44.80036142342691], [-1.107483275043708, 44.80036074523615], [-1.107483745756426, 44.800359031018516], [-1.107484228171419, 44.80035727418405], [-1.107484411703407, 44.80035660580653], [-1.107484536062041, 44.800356152923506], [-1.10748474840487, 44.80035537962413], [-1.107484764293955, 44.80035532176006], [-1.107484778875173, 44.80035526865888], [-1.10748491286714, 44.80035478069368], [-1.107484979821301, 44.800354536863416], [-1.107485029999546, 44.8003543541268], [-1.107485115691161, 44.800354042059375], [-1.10748513070615, 44.800353987378536], [-1.107485159523846, 44.800353882431665], [-1.10748516012319, 44.80035388024904], [-1.107485161497619, 44.80035387524372], [-1.107485162532954, 44.8003538714733], [-1.10748516262985, 44.80035387112044], [-1.107485164508614, 44.80035386427845], [-1.107485167545553, 44.80035385321866], [-1.107485168169236, 44.80035385094736], [-1.107485168419987, 44.80035385003416], [-1.10748517024692, 44.800353843380975], [-1.107485170545215, 44.80035384229465], [-1.107485170741647, 44.800353841579266], [-1.107485171123318, 44.800353840189324], [-1.107485171194573, 44.80035383992985], [-1.107485171391924, 44.80035383921115], [-1.107485171709243, 44.80035383805555], [-1.107485172075298, 44.80035383672249], [-1.107485172299397, 44.80035383590634], [-1.107485172381554, 44.80035383560713], [-1.10748517242542, 44.80035383544741], [-1.107485172437254, 44.80035383540434], [-1.107485172450266, 44.80035383535694], [-1.107485172467742, 44.800353835293265], [-1.107485172487366, 44.80035383522178], [-1.107485172512648, 44.800353835129705], [-1.107485172543589, 44.80035383501703], [-1.107485172642665, 44.800353834656235], [-1.107485172770628, 44.80035383419026], [-1.10748517280987, 44.800353834047336], [-1.107485174462506, 44.80035382802885], [-1.107485176518239, 44.80035382054237], [-1.107485177600573, 44.80035381660077], [-1.107485186160523, 44.80035378542756], [-1.107485186284656, 44.800353784975506], [-1.107485200514756, 44.80035373315308], [-1.107485239862939, 44.80035358985684], [-1.107485270518453, 44.80035347821709], [-1.107485304329213, 44.800353355086784], [-1.107485387982998, 44.80035305044063], [-1.107485489739703, 44.800352679868155], [-1.107485490824297, 44.800352675918354], [-1.107485493508033, 44.80035266614484], [-1.107486267468465, 44.80034984757441], [-1.107487258199755, 44.80034623957838], [-1.107487717915355, 44.80034456540876], [-1.107487917446698, 44.800343838765336], [-1.107488540447504, 44.80034156995157], [-1.107488735065067, 44.80034086120283], [-1.107488876289754, 44.80034034689766], [-1.107488964121564, 44.80034002703607], [-1.107489018874829, 44.800339827638325], [-1.107489030029301, 44.800339787016505], [-1.107489035506979, 44.800339767068145], [-1.10748907401295, 44.800339626838976], [-1.107489101855416, 44.800339525443654], [-1.10748910955062, 44.800339497419614], [-1.107489113556702, 44.80033948283047], [-1.107489119566073, 44.80033946094587], [-1.107489119700656, 44.80033946045571], [-1.107489119883522, 44.80033945978975], [-1.107489120075935, 44.80033945908903], [-1.107489120119541, 44.80033945893022], [-1.107489120143315, 44.80033945884366], [-1.107489123173159, 44.80033944780974], [-1.10748912491508, 44.800339441466086], [-1.107489129240507, 44.80033942571395], [-1.107489134391243, 44.80033940695622], [-1.107489151623721, 44.80033934419988], [-1.107489176612505, 44.800339253196924], [-1.107489187047362, 44.80033921519577], [-1.107489194208065, 44.80033918911826], [-1.107489204410404, 44.8003391519639], [-1.107489211950057, 44.80033912450632], [-1.107489215718122, 44.80033911078399], [-1.107489228131222, 44.80033906557858], [-1.107489240067014, 44.80033902211136], [-1.107489274289734, 44.80033889748073], [-1.107489354193667, 44.80033860649048], [-1.107489392116515, 44.80033846838489], [-1.107489866742564, 44.80033673991481], [-1.10749081193634, 44.800333297753696], [-1.107491687841178, 44.80033010792544], [-1.107492494457085, 44.80032717043], [-1.107492979398083, 44.80032540439481], [-1.107493142664217, 44.80032480981991], [-1.107493165436586, 44.8003247268886], [-1.107493224301166, 44.80032451251831], [-1.107493224315772, 44.800324512465124], [-1.107493224438276, 44.80032451201899], [-1.10749322466554, 44.80032451119135], [-1.107493227417819, 44.80032450116823], [-1.107493232695114, 44.800324481949616], [-1.10749324720901, 44.800324429093614], [-1.107493248361894, 44.80032442489511], [-1.107493270959508, 44.80032434260019], [-1.107493296896135, 44.8003242481454], [-1.107493309029179, 44.80032420395987], [-1.107493325018886, 44.80032414572926], [-1.107493345207246, 44.800324072208234], [-1.107493357461218, 44.80032402758232], [-1.107493366018041, 44.800323996420445], [-1.107493370877736, 44.80032397872267], [-1.107493373438094, 44.80032396939845], [-1.107493373618811, 44.80032396874036], [-1.107493373699137, 44.80032396844783], [-1.107493373854934, 44.80032396788046], [-1.107493373863761, 44.800323967848314], [-1.107493373905486, 44.80032396769633], [-1.10749337394376, 44.80032396755695], [-1.107493373969759, 44.800323967462305], [-1.107493373989031, 44.80032396739214], [-1.107493374001594, 44.80032396734637], [-1.107493374018874, 44.80032396728344], [-1.107493374040868, 44.800323967203354], [-1.107493374108216, 44.800323966958096], [-1.107493374220908, 44.800323966547666], [-1.10749337433501, 44.80032396613216], [-1.107493374402045, 44.80032396588801], [-1.107493374450497, 44.80032396571156], [-1.107493435406215, 44.80032374372587], [-1.107493547010587, 44.80032333729035], [-1.107493557202158, 44.80032330017516], [-1.107493667996416, 44.800322896689835], [-1.10749367621026, 44.80032286677706], [-1.107493767788988, 44.80032253326994], [-1.1074939888431, 44.80032172824543], [-1.107494108221666, 44.800321293498186], [-1.107494331158752, 44.80032048161633], [-1.107494679977082, 44.800319211306004], [-1.107495035298122, 44.80031791731439], [-1.107495260423731, 44.80031709746242], [-1.107495320550049, 44.80031687849713], [-1.107495355353901, 44.800316751750074], [-1.10749539841062, 44.800316594948114], [-1.107495408978958, 44.800316556460835], [-1.107495421298888, 44.80031651159467], [-1.107495424959421, 44.800316498263925], [-1.107495427675048, 44.80031648837428], [-1.107495427748757, 44.800316488105864], [-1.107495428107439, 44.80031648679963], [-1.107495430071169, 44.800316479648174], [-1.107495431895487, 44.80031647300448], [-1.107495433514777, 44.800316467107415], [-1.107495439039208, 44.800316446988816], [-1.107495447065114, 44.80031641776043], [-1.107495447631208, 44.80031641569885], [-1.107495455973203, 44.80031638531934], [-1.107495461175956, 44.800316366372236], [-1.107495462673357, 44.800316360919034], [-1.107495463424632, 44.80031635818309], [-1.107495463520983, 44.800316357832216], [-1.107495463698271, 44.80031635718658], [-1.107495466153765, 44.8003163482443], [-1.107495470822132, 44.80031633124325], [-1.107495484892557, 44.80031628000221], [-1.107495504848139, 44.8003162073289], [-1.107495523519727, 44.80031613933154], [-1.107495586703643, 44.80031590923127], [-1.107496001515353, 44.800314398589165], [-1.107496767954805, 44.800311607405156], [-1.10749830444548, 44.80030601188334], [-1.107500610987005, 44.800297612023655], [-1.107503406414341, 44.800287431758825], [-1.107506690727073, 44.80027547108872], [-1.107509334574252, 44.8002658428358], [-1.10751046392471, 44.80026173001338], [-1.107510739548366, 44.8002607262583], [-1.1075147260067, 44.80024620853256], [-1.107518988086874, 44.80023068705147], [-1.107523250165223, 44.800215165570066], [-1.107524833562583, 44.80020939920958], [-1.107527512241756, 44.800199644088345], [-1.107529024807913, 44.80019413567601], [-1.107531774316456, 44.800184122606346], [-1.107534613384758, 44.800173783377936], [-1.107534970871295, 44.80017248149463], [-1.107535506229156, 44.80017053184502], [-1.10753710190728, 44.8001647207534], [-1.107538167425105, 44.800160840382766], [-1.107538491897268, 44.8001578580107], [-1.107539140841562, 44.80015189326661], [-1.10754011425789, 44.80014294615037], [-1.107541412146122, 44.80013101666198], [-1.107542453670037, 44.800121443534366], [-1.107543238829759, 44.80011422676759], [-1.107543767625367, 44.80010936636169], [-1.107544040056914, 44.800106862316696], [-1.107544218917511, 44.80010521832575], [-1.107544304207161, 44.80010443438889], [-1.107544367341304, 44.80010385409364], [-1.107544408319929, 44.80010347744], [-1.107544429128558, 44.80010328617819], [-1.10754442950675, 44.80010328270208], [-1.107544429767195, 44.80010328030823], [-1.107544430203599, 44.80010327629703], [-1.107544430299102, 44.80010327541923], [-1.107544430437771, 44.80010327414461], [-1.107544430557394, 44.80010327304505], [-1.107544430562476, 44.80010327299845], [-1.107544430567102, 44.80010327295594], [-1.107544430571287, 44.80010327291745], [-1.107544430583273, 44.8001032728073], [-1.107544430603057, 44.800103272625414], [-1.107544430619219, 44.80010327247684], [-1.107544430631765, 44.80010327236158], [-1.107544432799408, 44.80010325243779], [-1.107544437122135, 44.80010321270555], [-1.107544455423158, 44.80010304449234], [-1.107544487702463, 44.800102747798206], [-1.107544548191238, 44.80010219181773], [-1.107544636889477, 44.80010137655093], [-1.107544797505771, 44.800099900251716], [-1.107545007763249, 44.800097967677225], [-1.107545030040116, 44.80009776292009], [-1.107545045780849, 44.8000976182397], [-1.107545147723999, 44.8000966812327], [-1.107545149771715, 44.80009666241113], [-1.107545150557404, 44.800096655189535], [-1.107545158926525, 44.800096578265006], [-1.107545161775078, 44.80009655208263], [-1.107545172831376, 44.80009645045914], [-1.107545181211107, 44.800096373437064], [-1.107545184065738, 44.800096347198796], [-1.107545186372109, 44.800096325999895], [-1.107545187499729, 44.80009631563535], [-1.107545188130202, 44.800096309840356], [-1.107545189018162, 44.80009630167874], [-1.107545189024085, 44.80009630162434], [-1.107545189035975, 44.80009630151504], [-1.10754518906833, 44.80009630121765], [-1.107545189097394, 44.800096300950464], [-1.107545189115232, 44.800096300786514], [-1.107545189140458, 44.80009630055461], [-1.10754518914402, 44.80009630052193], [-1.107545189149271, 44.80009630047361], [-1.107545189156237, 44.800096300409656], [-1.107545189201114, 44.80009629999718], [-1.107545189283898, 44.80009629923624], [-1.107545189947252, 44.80009629313905], [-1.107545191191174, 44.800096281705585], [-1.107545193072949, 44.800096264409284], [-1.107545195592587, 44.80009624125013], [-1.107545258875863, 44.80009565958398], [-1.107545331920351, 44.80009498819805], [-1.107545382922793, 44.80009451941085], [-1.107545454023523, 44.80009386589081], [-1.107545458291827, 44.80009382665883], [-1.107545472178068, 44.8000936990239], [-1.107545481276842, 44.80009361539279], [-1.107545481319852, 44.80009361499748], [-1.107545481357799, 44.800093614648695], [-1.10754548138179, 44.80009361442819], [-1.107545481390689, 44.80009361434644], [-1.107545481408991, 44.80009361417814], [-1.107545481412728, 44.80009361414382], [-1.107545481417173, 44.8000936141029], [-1.107545481422341, 44.800093614055484], [-1.107545481426233, 44.80009361401965], [-1.107545481449104, 44.80009361380949], [-1.107545481477837, 44.80009361354545], [-1.107545481573121, 44.800093612669684], [-1.107545481687774, 44.80009361161575], [-1.107545481695717, 44.80009361154275], [-1.107545481845648, 44.800093610164645], [-1.107545482147192, 44.80009360739305], [-1.107545482258971, 44.8000936063656], [-1.107545482935693, 44.80009360014559], [-1.107545483527281, 44.80009359470796], [-1.107545483994534, 44.800093590413226], [-1.107545485435508, 44.80009357716859], [-1.107545485968638, 44.800093572268345], [-1.107545487905312, 44.800093554467495], [-1.10754549140395, 44.8000935223099], [-1.107545495596031, 44.800093483778475], [-1.10754549984946, 44.800093444683185], [-1.107545500481555, 44.80009343887333], [-1.107545504086363, 44.80009340573988], [-1.107545504587339, 44.80009340113514], [-1.107545506410448, 44.800093384378165], [-1.107545524968237, 44.800093213804836], [-1.107545556958345, 44.80009291976883], [-1.107545559759731, 44.80009289401991], [-1.107545605889323, 44.80009247002132], [-1.107545775385867, 44.800090912099435], [-1.107546171846612, 44.80008726804335], [-1.107546615951193, 44.80008318607025], [-1.107547107699598, 44.80007866618007], [-1.107547356468729, 44.800076379626255], [-1.107547360386198, 44.80007634361893], [-1.107547362258595, 44.80007632640884], [-1.107547367291984, 44.800076280144616], [-1.107547372164117, 44.800076235362575], [-1.107547386185274, 44.800076106487495], [-1.107547388650369, 44.80007608382964], [-1.107547394720631, 44.800076028034994], [-1.10754739777019, 44.800076000005106], [-1.107547398016082, 44.800075997745004], [-1.107547400426105, 44.80007597559337], [-1.107547402688378, 44.80007595479978], [-1.10754740393629, 44.800075943329595], [-1.10754740416986, 44.8000759411828], [-1.107547404332607, 44.800075939686856], [-1.107547404424546, 44.80007593884183], [-1.107547404475787, 44.800075938370824], [-1.107547404479694, 44.80007593833492], [-1.107547404486334, 44.80007593827385], [-1.107547404533777, 44.800075937837775], [-1.107547404618105, 44.80007593706268], [-1.107547404828388, 44.80007593512985], [-1.107547405145945, 44.800075932211115], [-1.10754740516464, 44.800075932039256], [-1.10754740546512, 44.80007592927738], [-1.107547405484748, 44.80007592909695], [-1.107547405729843, 44.80007592684417], [-1.107547510324281, 44.80007496546759], [-1.107547719248416, 44.80007304514765], [-1.107548329886376, 44.800067432487005], [-1.10754934223804, 44.800058127485485], [-1.107550018375151, 44.80005191278975], [-1.107550290736871, 44.800049409384286], [-1.107550358297812, 44.800048788399685], [-1.107550457722046, 44.800047874544475], [-1.107550550100121, 44.8000470254538], [-1.107550593782095, 44.80004662395204], [-1.107550608460359, 44.800046489037264], [-1.107550624350342, 44.800046342984885], [-1.107550627841284, 44.800046310897955], [-1.107550641804832, 44.80004618255231], [-1.107550651465268, 44.80004609375868], [-1.107550653331635, 44.80004607660404], [-1.10755065454142, 44.800046065484345], [-1.107550655094615, 44.80004606039965], [-1.107550655379684, 44.80004605777944], [-1.107550655396629, 44.80004605762371], [-1.107550655411197, 44.80004605748978], [-1.107550655423406, 44.800046057377635], [-1.107550655431062, 44.80004605730716], [-1.107550655441417, 44.80004605721202], [-1.107550655452723, 44.80004605710807], [-1.107550655460753, 44.80004605703427], [-1.107550655465511, 44.80004605699061], [-1.107550655473996, 44.8000460569126], [-1.107550655486226, 44.80004605680019], [-1.107550655527013, 44.80004605642531], [-1.107550655596351, 44.800046055787966], [-1.107550655658949, 44.8000460552126], [-1.107550655707382, 44.80004605476744], [-1.107550655714801, 44.80004605469923], [-1.107550655849071, 44.80004605346508], [-1.107550655908568, 44.80004605291827], [-1.107550656061762, 44.80004605151018], [-1.107550656681098, 44.800046045817574], [-1.107550657707086, 44.80004603638722], [-1.107550659918244, 44.800046016063405], [-1.107550660256875, 44.80004601295087], [-1.107550660459736, 44.80004601108627], [-1.107550664330477, 44.800045975508496], [-1.107550668233471, 44.80004593963421], [-1.107550671965869, 44.80004590532797], [-1.107550713329166, 44.80004552513834], [-1.107550792323347, 44.80004479906533], [-1.107550851184203, 44.80004425804733], [-1.107550889911727, 44.800043902084255], [-1.107551293003269, 44.800040197078594], [-1.107552060458767, 44.80003314303035], [-1.107553093129503, 44.800023651261476], [-1.107554391015351, 44.800011721771995], [-1.107555484971122, 44.80000166669963], [-1.107556374996895, 44.79999348604449], [-1.10755682343617, 44.79998936422296], [-1.107556830289029, 44.79998930123504], [-1.107556833987319, 44.79998926724222], [-1.107556834083229, 44.79998926636069], [-1.10755683409562, 44.79998926624676], [-1.107556834818781, 44.79998925959993], [-1.10755683526013, 44.799989255543174], [-1.107556835407302, 44.7999892541905], [-1.107556835484799, 44.7999892534782], [-1.107556835492623, 44.79998925340624], [-1.107556835541473, 44.799989252957225], [-1.10755683560441, 44.79998925237872], [-1.107556835631347, 44.799989252131226], [-1.107556835940689, 44.799989249287925], [-1.107556836330615, 44.79998924570388], [-1.107556836469493, 44.79998924442739], [-1.107556836636694, 44.79998924289057], [-1.107556836946978, 44.79998924003858], [-1.107556837362386, 44.79998923622037], [-1.107556837373137, 44.799989236121505], [-1.107556842207842, 44.799989191683444], [-1.107556851451083, 44.79998910672433], [-1.107556856303982, 44.79998906211898], [-1.107556856766535, 44.79998905786741], [-1.107557051680609, 44.799987266318176], [-1.107557441046174, 44.79998368747123], [-1.107557960200217, 44.79997891567528], [-1.107558609142729, 44.79997295093034], [-1.107558933613972, 44.79996996855787], [-1.107558517042099, 44.79996788418419], [-1.107557683898478, 44.799963715436874], [-1.107556434183352, 44.7999574623158], [-1.107554767897087, 44.799949124821026], [-1.107552685040171, 44.799938702952375], [-1.107550185613209, 44.799926196709855], [-1.107547269616939, 44.799911606093296], [-1.107543937052214, 44.79989493110262], [-1.107541021060211, 44.7998803404855], [-1.107538521640084, 44.799867834242036], [-1.107536438791091, 44.79985741237231], [-1.10753477251263, 44.79984907487643], [-1.107533522804212, 44.799842821754474], [-1.107532689665469, 44.79983865300647], [-1.10753227309616, 44.79983656863246], [-1.107530906191504, 44.79983548650446], [-1.107528172382368, 44.799833322248425], [-1.107524071669082, 44.7998300758642], [-1.107520426591026, 44.79982719018919], [-1.107518604052142, 44.799825747351626], [-1.107513136436106, 44.799821418838725], [-1.107507668820981, 44.79981709032551], [-1.107502201206735, 44.799812761812], [-1.107496733593396, 44.79980843329813], [-1.107491265980955, 44.799804104783966], [-1.107487360544036, 44.79980101298793], [-1.107485798369396, 44.79979977626947], [-1.107482153295528, 44.79979689059299], [-1.107480330758747, 44.799795447754654], [-1.107478811978174, 44.79979424538941], [-1.107477596953759, 44.799793283497166], [-1.107475774417225, 44.799791840658784], [-1.107473344368668, 44.799789916874154], [-1.10746939554013, 44.79978679072412], [-1.107463927932173, 44.799782462208334], [-1.10745846032511, 44.79977813369226], [-1.107452992718941, 44.799773805175846], [-1.107448892014909, 44.799770558788346], [-1.107446158212499, 44.799768394529885], [-1.107444791311379, 44.79976731240064], [-1.107442474074382, 44.79976723251664], [-1.107438248524601, 44.799767086845684], [-1.10743783960043, 44.79976707274849], [-1.107437672759372, 44.799767066996836], [-1.107430887889553, 44.799766833095866], [-1.107423992696734, 44.7997665953912], [-1.107421618941847, 44.79976651355832], [-1.107410032757392, 44.79976611413521], [-1.107407715520529, 44.799766034250446], [-1.10739612933634, 44.79976563482581], [-1.107379908678845, 44.79976507562909], [-1.107361370785073, 44.79976443654407], [-1.107343524858529, 44.79976380538794], [-1.107326370899162, 44.7997631821611], [-1.107309908906916, 44.79976256686381], [-1.10729413888176, 44.799761959496486], [-1.107280686093415, 44.79976143201443], [-1.107269550541721, 44.79976098441854], [-1.107260732226542, 44.79976061670957], [-1.107254231147783, 44.79976032888806], [-1.107250678209762, 44.79976017158912], [-1.107250103876134, 44.79976014616167], [-1.107250073412425, 44.799760144812915], [-1.107250028800182, 44.79976014283783], [-1.107249509057207, 44.799760119827255], [-1.107248985144116, 44.799760096632085], [-1.107248955088262, 44.79976009530143], [-1.107248722057641, 44.799760084984484], [-1.107248721390845, 44.799760084954954], [-1.107248719797796, 44.799760084884426], [-1.107248716917634, 44.79976008475691], [-1.107248715031158, 44.799760084673395], [-1.107248709993693, 44.79976008445038], [-1.107248707757725, 44.79976008435136], [-1.107248703372727, 44.799760084157235], [-1.107248701876171, 44.79976008409097], [-1.107248701078161, 44.799760084055656], [-1.107248701023866, 44.79976008405325], [-1.107248700978708, 44.79976008405124], [-1.107248700405319, 44.79976008402585], [-1.107248700221023, 44.79976008401772], [-1.107248700048821, 44.79976008401007], [-1.107248698805115, 44.79976008395501], [-1.107248698055236, 44.79976008392183], [-1.10724869773799, 44.79976008390777], [-1.10724869701965, 44.79976008387595], [-1.107248695638172, 44.799760083814796], [-1.107248695265167, 44.799760083798276], [-1.107248693593554, 44.79976008372427], [-1.107248684934887, 44.79976008334094], [-1.107248683002613, 44.79976008325537], [-1.107248680209306, 44.79976008313174], [-1.107248663865357, 44.799760082408135], [-1.107248478533231, 44.79976007420293], [-1.107248446809303, 44.79976007279841], [-1.10724839623958, 44.79976007055954], [-1.107248031834452, 44.79976005442623], [-1.107246338034857, 44.79975997943666], [-1.107243365410516, 44.79975984782969], [-1.107240578882639, 44.79975972446165], [-1.10723797845122, 44.799759609332604], [-1.107236921436309, 44.799759562535314], [-1.107235819602515, 44.79975951375371], [-1.10723534566205, 44.799759492770924], [-1.107234102336504, 44.79975943772502], [-1.107232826653184, 44.79975938124655], [-1.107231992552547, 44.79975934431831], [-1.107231142097008, 44.79975930666599], [-1.107230275286549, 44.799759268289556], [-1.107229793847955, 44.79975924697477], [-1.107229490205919, 44.79975923353159], [-1.107229297986259, 44.79975922502141], [-1.107228786855122, 44.79975920239204], [-1.107228347845157, 44.79975918295567], [-1.10722817317603, 44.79975917522248], [-1.107228083420627, 44.79975917124875], [-1.107228078578946, 44.799759171034374], [-1.107228075726317, 44.79975917090809], [-1.107228074862754, 44.79975917086985], [-1.107228074124679, 44.79975917083719], [-1.107228073858673, 44.799759170825396], [-1.107228073512089, 44.799759170810084], [-1.107228073152143, 44.79975917079414], [-1.107228073044841, 44.7997591707894], [-1.107228072975426, 44.7997591707863], [-1.107228072907626, 44.799759170783304], [-1.107228072823654, 44.79975917077959], [-1.107228072778773, 44.7997591707776], [-1.107228072594675, 44.799759170769455], [-1.107228072498875, 44.79975917076522], [-1.10722807198396, 44.79975917074241], [-1.107228071656384, 44.79975917072792], [-1.107228071516151, 44.79975917072171], [-1.107228071015663, 44.799759170699545], [-1.107228070641908, 44.79975917068298], [-1.107228070154915, 44.79975917066145], [-1.107228066539778, 44.79975917050139], [-1.107228060170237, 44.79975917021937], [-1.107228053449294, 44.79975916992184], [-1.107228048447399, 44.799759169700366], [-1.107228046376937, 44.799759169608706], [-1.107227446605127, 44.799759143054914], [-1.107227276204158, 44.79975913551071], [-1.107225742930955, 44.79975906762785], [-1.107225562709905, 44.799759059648885], [-1.107223892781288, 44.799758985715805], [-1.107222190117926, 44.799758910333416], [-1.107221725755189, 44.79975888977458], [-1.107217541913027, 44.799758681839734], [-1.107211341254888, 44.79975836191103], [-1.107203123780834, 44.799757929988104], [-1.107192889490981, 44.79975738607039], [-1.107184747122286, 44.799756946119885], [-1.107178696674632, 44.79975661013697], [-1.107175148205126, 44.79975640625144], [-1.107174101713704, 44.799756334463545], [-1.107173758803546, 44.79975631094038], [-1.107173554407429, 44.79975629691907], [-1.107173545593574, 44.79975629631444], [-1.107173506286289, 44.799756293618], [-1.107173478887342, 44.79975629173849], [-1.107173473425435, 44.7997562913638], [-1.107173472210589, 44.79975629128046], [-1.107173467422735, 44.799756290952025], [-1.107173467071298, 44.799756290927924], [-1.107173464523803, 44.79975629075316], [-1.107173462704754, 44.79975629062838], [-1.107173461965591, 44.79975629057768], [-1.107173461555112, 44.79975629054951], [-1.107173461473302, 44.79975629054392], [-1.107173461398331, 44.799756290538774], [-1.10717346133017, 44.799756290534084], [-1.10717346127944, 44.7997562905306], [-1.107173461210543, 44.79975629052588], [-1.107173461153133, 44.79975629052194], [-1.107173461000457, 44.79975629051147], [-1.107173460784155, 44.79975629049662], [-1.107173460504238, 44.79975629047744], [-1.107173460213816, 44.79975629045751], [-1.107173459976738, 44.79975629044122], [-1.10717345991288, 44.79975629043687], [-1.107173454884298, 44.79975629009192], [-1.10717345281342, 44.79975628994983], [-1.107173445128102, 44.79975628942263], [-1.107173436580915, 44.79975628883632], [-1.107173434275308, 44.799756288678154], [-1.107173430466233, 44.79975628841689], [-1.107173422325929, 44.79975628785844], [-1.107173408323607, 44.799756286897896], [-1.107173381194742, 44.799756285036885], [-1.107173310881742, 44.79975628021353], [-1.107173261207299, 44.79975627680592], [-1.107173233651898, 44.79975627491565], [-1.107173149505204, 44.79975626914331], [-1.107173028888776, 44.799756260869195], [-1.107172970684186, 44.79975625687642], [-1.107172880986767, 44.79975625072328], [-1.107172697188833, 44.79975623811501], [-1.107172502606401, 44.79975622476691], [-1.107172404890668, 44.799756218063706], [-1.10717229983301, 44.79975621085692], [-1.1071720937897, 44.79975619672261], [-1.107171901817638, 44.7997561835536], [-1.107171800988791, 44.79975617663684], [-1.107171737467232, 44.799756172279345], [-1.107171526487935, 44.79975615780646], [-1.107171179327727, 44.79975613399175], [-1.107170835539802, 44.7997561104083], [-1.10717075950818, 44.799756105192664], [-1.107170549345392, 44.79975609077575], [-1.107170473184675, 44.79975608555124], [-1.107170320357207, 44.79975607506748], [-1.107170243567552, 44.7997560697998], [-1.107170242815702, 44.799756069748234], [-1.107170242706933, 44.799756069740766], [-1.107170242390368, 44.79975606971902], [-1.107170242291538, 44.799756069712274], [-1.1071702422134, 44.799756069706916], [-1.107170242155946, 44.799756069702966], [-1.107170242087311, 44.799756069698255], [-1.107170242007497, 44.799756069692776], [-1.107170241897623, 44.79975606968525], [-1.10717024175768, 44.79975606967566], [-1.107170241426539, 44.79975606965292], [-1.107170240904189, 44.79975606961708], [-1.107170240019008, 44.799756069556366], [-1.107170238850743, 44.79975606947625], [-1.107170238771, 44.79975606947075], [-1.107170238500708, 44.799756069452215], [-1.107170236655955, 44.79975606932567], [-1.10717023367388, 44.79975606912111], [-1.107170224893746, 44.7997560685188], [-1.107170223609923, 44.799756068430746], [-1.107170222152296, 44.799756068330744], [-1.10717020646408, 44.79975606725456], [-1.107170167691988, 44.79975606459483], [-1.107170164117723, 44.799756064349644], [-1.107170096570853, 44.79975605971603], [-1.107169817384752, 44.79975604056423], [-1.107169598354966, 44.79975602553906], [-1.107168669470081, 44.79975596181875], [-1.107167637077032, 44.79975589099789], [-1.107166501175831, 44.79975581307652], [-1.107165781326954, 44.799755763695806], [-1.10716547753039, 44.799755742855744], [-1.107165208653704, 44.79975572441111], [-1.1071649746969, 44.799755708361985], [-1.107164841604433, 44.799755699232016], [-1.107164809376297, 44.7997556970212], [-1.107164792735913, 44.7997556958797], [-1.107164791683276, 44.79975569580747], [-1.107164791115392, 44.799755695768525], [-1.107164791032262, 44.799755695762826], [-1.107164790945853, 44.799755695756915], [-1.107164790856167, 44.79975569575075], [-1.107164790176037, 44.79975569570411], [-1.107164788905464, 44.79975569561693], [-1.107164778601206, 44.79975569491006], [-1.107164763748341, 44.79975569389118], [-1.10716475926327, 44.7997556935835], [-1.1071647478019, 44.79975569279727], [-1.107164734568929, 44.79975569188951], [-1.107164704518204, 44.79975568982808], [-1.107164684016837, 44.799755688421705], [-1.107164666183746, 44.79975568719836], [-1.10716465532922, 44.79975568645378], [-1.107164619565558, 44.799755684000424], [-1.107164565146374, 44.79975568026734], [-1.107164502926183, 44.79975567599911], [-1.107164433176161, 44.799755671214335], [-1.107164393379477, 44.79975566848434], [-1.107164355896309, 44.79975566591303], [-1.107164283688215, 44.799755660959654], [-1.107164251970965, 44.79975565878387], [-1.107164216551893, 44.79975565635418], [-1.107164153560639, 44.79975565203306], [-1.1071641226426, 44.79975564991213], [-1.107164094714453, 44.79975564799628], [-1.107164041965276, 44.79975564437776], [-1.107164039299416, 44.79975564419488], [-1.107163987315513, 44.799755640628845], [-1.10716398691432, 44.79975564060133], [-1.107163961299766, 44.7997556388442], [-1.107163961252178, 44.799755638840935], [-1.107163960728089, 44.79975563880499], [-1.107163959727505, 44.79975563873636], [-1.107163943985117, 44.79975563765644], [-1.107163936631583, 44.799755637152], [-1.107163891440325, 44.799755634051955], [-1.107163345535461, 44.79975559660353], [-1.107162298917001, 44.79975552480679], [-1.107161630818646, 44.79975547897606], [-1.107161341240398, 44.79975545911136], [-1.107161163009012, 44.79975544688488], [-1.107161096124487, 44.79975544229668], [-1.107161058659769, 44.79975543972666], [-1.107161053157138, 44.7997554393492], [-1.107161050614855, 44.799755439174774], [-1.107161048616317, 44.799755439037675], [-1.107161046398003, 44.79975543888551], [-1.107161046193456, 44.79975543887147], [-1.107161046009203, 44.799755438858845], [-1.107161038562823, 44.799755438348036], [-1.107161024058873, 44.799755437353085], [-1.107161015744976, 44.799755436782746], [-1.107161006496392, 44.799755436148295], [-1.107161001064239, 44.79975543577565], [-1.107160985875388, 44.79975543473372], [-1.107160948709152, 44.79975543218418], [-1.107160935386968, 44.7997554312703], [-1.107160914160534, 44.799755429814184], [-1.107160855031127, 44.79975542575797], [-1.107160640240567, 44.79975541102361], [-1.107160291015302, 44.79975538706719], [-1.107159743081526, 44.799755349479575], [-1.107158996439233, 44.799755298260784], [-1.107158606190269, 44.799755271490184], [-1.107158572334637, 44.79975526916773], [-1.107158551521127, 44.799755267739926], [-1.107158548163282, 44.7997552675096], [-1.107158543749742, 44.79975526720685], [-1.107158539599592, 44.79975526692215], [-1.107158539070684, 44.79975526688585], [-1.107158538786911, 44.79975526686638], [-1.107158536187326, 44.799755266688074], [-1.107158531104087, 44.79975526633935], [-1.107158510925131, 44.799755264955124], [-1.107158475650479, 44.79975526253531], [-1.107158441583348, 44.799755260198346], [-1.107158408723754, 44.79975525794421], [-1.107158369262271, 44.79975525523718], [-1.107158323198897, 44.79975525207731], [-1.107158291510699, 44.79975524990351], [-1.107158267821082, 44.79975524827845], [-1.107158254004313, 44.79975524733063], [-1.107158203128825, 44.79975524384063], [-1.10715812523703, 44.79975523849735], [-1.107158034145695, 44.79975523224859], [-1.107157979982395, 44.79975522853305], [-1.107157962747121, 44.799755227350744], [-1.107157886170639, 44.79975522209768], [-1.107157788251576, 44.799755215380564], [-1.107157750252947, 44.79975521277391], [-1.107157613170879, 44.79975520337023], [-1.107157585659078, 44.799755201482924], [-1.107157392389039, 44.79975518822484], [-1.10715717858353, 44.79975517355805], [-1.107156944242558, 44.79975515748253], [-1.107156755951647, 44.799755144565985], [-1.107156613710766, 44.79975513480842], [-1.107156564429549, 44.7997551314278], [-1.107156531730134, 44.79975512918466], [-1.10715652308161, 44.79975512859138], [-1.107156510009736, 44.79975512769466], [-1.107156498944157, 44.79975512693557], [-1.107156498533393, 44.79975512690741], [-1.10715649806535, 44.79975512687527], [-1.107156497540033, 44.799755126839244], [-1.107156497183709, 44.79975512681482], [-1.107156496996361, 44.79975512680196], [-1.107156496868892, 44.7997551267932], [-1.107156496801295, 44.79975512678855], [-1.107156496721503, 44.799755126783104], [-1.1071564966295, 44.7997551267768], [-1.107156496496659, 44.79975512676768], [-1.107156496295498, 44.79975512675386], [-1.107156496122036, 44.79975512674198], [-1.10715649571947, 44.79975512671437], [-1.107156494352124, 44.79975512662056], [-1.107156492193473, 44.7997551264725], [-1.107156483310309, 44.7997551258631], [-1.107156468771587, 44.79975512486578], [-1.10715646770263, 44.79975512479243], [-1.107156448454835, 44.79975512347206], [-1.107156374333848, 44.799755118387466], [-1.107156203203958, 44.799755106648135], [-1.107155686265542, 44.799755071186766], [-1.107154823518592, 44.79975501200332], [-1.107153272181703, 44.79975490558339], [-1.107151032254865, 44.79975475192691], [-1.107150233949792, 44.79975469716406], [-1.10714952200118, 44.79975464832515], [-1.10714923952343, 44.79975462894748], [-1.107148741420621, 44.7997545947782], [-1.107148082676715, 44.79975454958909], [-1.107147746775251, 44.79975452654661], [-1.107147545769454, 44.79975451275781], [-1.107147196484025, 44.79975448879723], [-1.107147084950679, 44.799754481146124], [-1.107146700220397, 44.79975445475407], [-1.107146203830222, 44.79975442070224], [-1.10714559578016, 44.79975437899064], [-1.107145222268107, 44.7997543533681], [-1.107145083294057, 44.799754343834636], [-1.107144972879419, 44.799754336260285], [-1.107144891024185, 44.799754330645094], [-1.107144882678014, 44.79975433007258], [-1.107144849969957, 44.79975432782882], [-1.107144849869011, 44.7997543278219], [-1.10714484971673, 44.79975432781148], [-1.107144849489168, 44.79975432779588], [-1.107144849367758, 44.799754327787525], [-1.107144849287281, 44.799754327782004], [-1.107144849214963, 44.79975432777705], [-1.10714484910586, 44.799754327769556], [-1.107144849009078, 44.79975432776291], [-1.107144848944923, 44.799754327758535], [-1.107144848800281, 44.79975432774859], [-1.107144848671961, 44.79975432773979], [-1.107144848587067, 44.79975432773396], [-1.10714484851252, 44.79975432772885], [-1.107144848457449, 44.799754327725076], [-1.107144848202023, 44.79975432770757], [-1.107144847854058, 44.79975432768369], [-1.107144847799683, 44.79975432767996], [-1.107144847346806, 44.7997543276489], [-1.107144846682602, 44.799754327603345], [-1.107144844850773, 44.799754327477665], [-1.107144841674536, 44.79975432725978], [-1.107144838069529, 44.79975432701249], [-1.107144837153877, 44.79975432694968], [-1.107144829309539, 44.799754326411566], [-1.107144827049523, 44.799754326256526], [-1.107144818141525, 44.79975432564544], [-1.107144775511139, 44.79975432272104], [-1.107144701418395, 44.79975431763836], [-1.107144626868572, 44.79975431252432], [-1.107144561758761, 44.79975430805784], [-1.107144551861682, 44.79975430737892], [-1.107144516115779, 44.79975430492681], [-1.107144370557011, 44.7997542949416], [-1.107144082954553, 44.79975427521238], [-1.107143300577702, 44.79975422154214], [-1.107142157676515, 44.799754143140305], [-1.10714202342647, 44.79975413393089], [-1.107141381033441, 44.79975408986338], [-1.107141373398604, 44.79975408933962], [-1.107141371188026, 44.799754089187985], [-1.107141368253813, 44.79975408898672], [-1.107141365599064, 44.799754088804576], [-1.107141364112366, 44.79975408870261], [-1.107141363793723, 44.79975408868076], [-1.107141363588399, 44.79975408866667], [-1.107141363496386, 44.79975408866036], [-1.107141363431704, 44.79975408865591], [-1.107141361518724, 44.79975408852471], [-1.107141361196013, 44.79975408850255], [-1.107141356836716, 44.79975408820351], [-1.107141356080843, 44.799754088151666], [-1.107141351596876, 44.799754087844065], [-1.107141345476466, 44.79975408742418], [-1.107141339182583, 44.79975408699246], [-1.107141338124032, 44.79975408691982], [-1.107141329539548, 44.799754086330935], [-1.107141319235305, 44.79975408562406], [-1.107141307211333, 44.79975408479925], [-1.107141292794853, 44.799754083810306], [-1.107141275985855, 44.79975408265722], [-1.107141214829306, 44.79975407846194], [-1.107141109325192, 44.79975407122445], [-1.107140911151574, 44.79975405762996], [-1.107140620308479, 44.79975403767843], [-1.10713947434789, 44.79975395906666], [-1.107137473269811, 44.79975382179469], [-1.107135539427981, 44.79975368913501], [-1.107133672822375, 44.79975356108765], [-1.107132739519582, 44.79975349706393], [-1.107130629543398, 44.79975560579556], [-1.10712936355761, 44.79975687103454], [-1.107126409590578, 44.79975982325869], [-1.107123596288372, 44.799762634900695], [-1.107122189637172, 44.799764040721676], [-1.107121321187404, 44.799764908658815], [-1.10712092365103, 44.79976530596056], [-1.10711979832998, 44.79976643061727], [-1.107119002461447, 44.799767226015966], [-1.107118917627769, 44.79976731079957], [-1.107118536045462, 44.79976769215658], [-1.107118290282049, 44.7997679377749], [-1.107118265171209, 44.79976796287091], [-1.107118236301182, 44.799767991723876], [-1.107118220954007, 44.79976800706199], [-1.107118211626893, 44.799768016383595], [-1.107118157630438, 44.799768070348165], [-1.107118122361634, 44.79976810559616], [-1.107118120022476, 44.79976810793392], [-1.107118118854425, 44.7997681091013], [-1.107118108130136, 44.79976811981926], [-1.107118101279877, 44.799768126665484], [-1.107118099471704, 44.79976812847258], [-1.107118098115376, 44.79976812982812], [-1.10711809721091, 44.799768130732026], [-1.107118096678293, 44.799768131264344], [-1.107118096614822, 44.79976813132777], [-1.107118096517524, 44.79976813142502], [-1.107118096392321, 44.79976813155015], [-1.107118096342475, 44.799768131599954], [-1.107118096153134, 44.79976813178919], [-1.107118048095955, 44.79976817981801], [-1.10711801650014, 44.79976821139516], [-1.107117952170916, 44.79976827568637], [-1.107117393082807, 44.7997688344444], [-1.107116370831581, 44.79976985609199], [-1.107113749728592, 44.79977247564708], [-1.107109529773418, 44.79977669310955], [-1.107105309817657, 44.79978091057183], [-1.10710235584827, 44.79978386279535], [-1.107101089861304, 44.79978512803395], [-1.107098979882907, 44.79978723676496], [-1.107094759925673, 44.79979145422681], [-1.107092227951051, 44.799793984703854], [-1.107086320009434, 44.79979988915002], [-1.107077880090837, 44.79980832407254], [-1.107076473437506, 44.799809729892885], [-1.107069440169888, 44.79981675899435], [-1.107061000246578, 44.79982519391548], [-1.107052560320915, 44.79983362883595], [-1.107044120392894, 44.79984206375575], [-1.107038212441868, 44.79984796819916], [-1.107035680462515, 44.79985049867483], [-1.10703146049644, 44.79985471613412], [-1.107029350513181, 44.799856824863696], [-1.10702808452316, 44.79985809010142], [-1.107025130546228, 44.79986104232269], [-1.107023787829342, 44.799862384241486], [-1.107022317234596, 44.799863853961995], [-1.107021072885136, 44.79986509757164], [-1.107020910578678, 44.79986525978159], [-1.107020766418287, 44.79986540385627], [-1.107019644588297, 44.799866525019205], [-1.107018519263473, 44.79986764967487], [-1.107017723392274, 44.79986844507276], [-1.107017638558314, 44.79986852985629], [-1.107017256974727, 44.799868911212954], [-1.107017011210486, 44.79986915683101], [-1.107016986099568, 44.79986918192698], [-1.107016941882215, 44.79986922611804], [-1.107016878558435, 44.79986928940415], [-1.107016849720435, 44.799869318225], [-1.10701684095035, 44.799869326989885], [-1.107016839782294, 44.79986932815724], [-1.107016829057972, 44.79986933887518], [-1.107016822207684, 44.799869345721426], [-1.107016820399506, 44.79986934752851], [-1.107016819043175, 44.79986934888404], [-1.107016818138703, 44.799869349787954], [-1.107016817606086, 44.799869350320265], [-1.107016817542611, 44.799869350383695], [-1.107016817445317, 44.799869350480925], [-1.107016817320117, 44.79986935060605], [-1.107016817270269, 44.79986935065589], [-1.107016817080925, 44.7998693508451], [-1.107016769023585, 44.79986939887385], [-1.107016737427665, 44.799869430451004], [-1.107016673098226, 44.79986949474217], [-1.107016114008246, 44.79987005349964], [-1.107015091753594, 44.79987107514624], [-1.107012470641821, 44.79987369469878], [-1.107008250672509, 44.79987791215716], [-1.107004030702606, 44.79988212961533], [-1.107001076723322, 44.79988508183594], [-1.106999810732115, 44.79988634707332], [-1.106997700746644, 44.79988845580226], [-1.106994414080195, 44.7998927372849], [-1.106987840745929, 44.799901300249886], [-1.106981763311647, 44.79990921721229], [-1.106976181777755, 44.79991648817225], [-1.106973185874791, 44.79992039087822], [-1.106972775603734, 44.79992092533049], [-1.106972554377104, 44.7999212135182], [-1.106972532619684, 44.7999212418612], [-1.106972522194903, 44.79992125544135], [-1.106972512845028, 44.799921267621244], [-1.106972504877596, 44.79992127800028], [-1.106972502425197, 44.79992128119496], [-1.106972501446777, 44.799921282469555], [-1.106972501138477, 44.79992128287117], [-1.106972501017427, 44.799921283028844], [-1.10697250095148, 44.79992128311474], [-1.106972500908693, 44.799921283170484], [-1.10697250087661, 44.799921283212306], [-1.106972500830106, 44.79992128327287], [-1.1069725007457, 44.79992128338283], [-1.106972500623395, 44.79992128354213], [-1.106972500573533, 44.79992128360709], [-1.106972500512073, 44.799921283687134], [-1.106972500472517, 44.7999212837387], [-1.106972500411759, 44.79992128381784], [-1.106972500020305, 44.79992128432778], [-1.106972499337728, 44.79992128521697], [-1.106972497554801, 44.799921287539554], [-1.106972494671533, 44.79992129129552], [-1.106972493979595, 44.79992129219691], [-1.10697249178447, 44.79992129505646], [-1.106972491344883, 44.79992129562907], [-1.10697248889361, 44.79992129882231], [-1.106972487043117, 44.79992130123292], [-1.10697248651819, 44.79992130191673], [-1.106972486232982, 44.79992130228827], [-1.106972479155088, 44.799921311508506], [-1.106972473282545, 44.79992131915855], [-1.106972465809423, 44.799921328893646], [-1.106968909533008, 44.799925961586574], [-1.106961810324245, 44.79993520958694], [-1.106954801064379, 44.79994434040942], [-1.106947881753492, 44.79995335405404], [-1.106944076131635, 44.79995831155835], [-1.106943384200324, 44.79995921292275], [-1.106942553604463, 44.7999602949225], [-1.106941584344051, 44.79996155755763], [-1.106940476419054, 44.79996300082808], [-1.106939340802758, 44.79996448017132], [-1.106939229829446, 44.7999646247339], [-1.106939107189016, 44.79996478449497], [-1.106938122182602, 44.799966067641854], [-1.106937153478513, 44.79996732955197], [-1.106936576770275, 44.79996808081744], [-1.106936392057901, 44.799968321438286], [-1.106936265477263, 44.799968486332155], [-1.10693622932536, 44.799968533426465], [-1.106936197028342, 44.799968575499086], [-1.106936142766191, 44.799968646185235], [-1.106936139442591, 44.79996865051482], [-1.106936102690802, 44.79996869839059], [-1.106936080108381, 44.799968727808235], [-1.106936075545762, 44.799968733751854], [-1.106936075018927, 44.79996873443815], [-1.106936074383043, 44.79996873526651], [-1.106936071947399, 44.799968738439375], [-1.106936070893787, 44.79996873981188], [-1.106936070579681, 44.79996874022105], [-1.106936070357758, 44.79996874051016], [-1.106936070292079, 44.7999687405957], [-1.106936070216088, 44.7999687406947], [-1.106936070187793, 44.79996874073156], [-1.106936070144722, 44.799968740787676], [-1.106936070078005, 44.799968740874576], [-1.106936069987709, 44.799968740992206], [-1.106936069873837, 44.799968741140546], [-1.106936068766686, 44.799968742582806], [-1.106936066095193, 44.799968746062916], [-1.106936060832993, 44.79996875291786], [-1.106936058651782, 44.799968755759274], [-1.106936041712533, 44.79996877782568], [-1.106936029758057, 44.79996879339851], [-1.10693597941403, 44.7999688589806], [-1.10693578755387, 44.7999691089127], [-1.106935454177575, 44.79996954319483], [-1.106932485444701, 44.799973410499], [-1.106926881354248, 44.799980710824975], [-1.106918820625584, 44.79999121135618], [-1.106908303256193, 44.80000491209203], [-1.106897128546076, 44.8000194691227], [-1.10689057953051, 44.80002800036668], [-1.106885296494323, 44.80003488244794], [-1.10687280709991, 44.80005115206749], [-1.10686862404767, 44.80005660122202], [-1.1068596603618, 44.80006827798115], [-1.106848339553686, 44.800083025294335], [-1.106839796756593, 44.80009415376153], [-1.106838844678177, 44.80009539400761], [-1.106837213904154, 44.8000975183715], [-1.106832643098008, 44.800103472632436], [-1.10682973481578, 44.800107261169394], [-1.106828024248068, 44.80010948947731], [-1.106827511395131, 44.80011015755618], [-1.106827211927965, 44.8001105476635], [-1.10682712584659, 44.80011065979925], [-1.106827078552884, 44.800110721407414], [-1.106827070046862, 44.80011073248799], [-1.10682706765038, 44.800110735609785], [-1.106827063700372, 44.80011074075537], [-1.106827063179145, 44.800110741434345], [-1.106827059513408, 44.8001107462096], [-1.106827056624716, 44.80011074997262], [-1.106827055034283, 44.80011075204443], [-1.106827054127506, 44.800110753225674], [-1.106827053717711, 44.800110753759505], [-1.106827053501334, 44.80011075404136], [-1.106827052674983, 44.80011075511781], [-1.106827052245848, 44.80011075567684], [-1.106827052133477, 44.800110755823226], [-1.106827052093532, 44.80011075587528], [-1.106827052053104, 44.80011075592793], [-1.106827051994413, 44.800110756004386], [-1.106827051909542, 44.80011075611494], [-1.106827051887317, 44.8001107561439], [-1.106827051731824, 44.80011075634647], [-1.106827051584669, 44.800110756538125], [-1.106827050786343, 44.800110757578075], [-1.10682705020021, 44.80011075834164], [-1.106827049050895, 44.80011075983884], [-1.106827047030236, 44.80011076247109], [-1.106827044724361, 44.80011076547487], [-1.106827043912493, 44.80011076653246], [-1.106827042116451, 44.800110768872116], [-1.106827041114437, 44.80011077017741], [-1.106827039206491, 44.80011077266284], [-1.106827000685293, 44.800110822843294], [-1.106826926552856, 44.80011091941352], [-1.106826865486121, 44.8001109989634], [-1.10682681748506, 44.80011106149302], [-1.106824445848689, 44.80011415095576], [-1.1068197505763, 44.80012026735144], [-1.106815896267048, 44.800125288247656], [-1.106813067103794, 44.8001289737155], [-1.106812882921328, 44.80012921364456], [-1.106812754200943, 44.80012938132481], [-1.106810751029165, 44.800131990797446], [-1.106809500590774, 44.80013361970642], [-1.106808814041653, 44.800134514053575], [-1.106808691381832, 44.80013467383889], [-1.10680862591599, 44.80013475911928], [-1.106808617644108, 44.80013476989483], [-1.106808614744122, 44.80013477367254], [-1.106808613498077, 44.800134775295724], [-1.106808613452595, 44.800134775354984], [-1.106808613422186, 44.80013477539456], [-1.106808613368871, 44.80013477546405], [-1.106808613292642, 44.800134775563315], [-1.106808613079521, 44.800134775840974], [-1.106808612785362, 44.80013477622415], [-1.106808612729507, 44.80013477629692], [-1.106808612494093, 44.800134776603585], [-1.106808612469991, 44.80013477663498], [-1.106808612373285, 44.80013477676095], [-1.106808609291851, 44.80013478077505], [-1.106808607561704, 44.800134783028874], [-1.106808598059335, 44.800134795407324], [-1.106808537814992, 44.80013487388583], [-1.106808515651398, 44.800134902757684], [-1.106808426828666, 44.8001350184644], [-1.106808317341843, 44.80013516108963], [-1.106808209354506, 44.800135301761514], [-1.106808142655744, 44.800135388647995], [-1.106808117245565, 44.80013542174909], [-1.106808090974189, 44.80013545597203], [-1.106808076071403, 44.80013547538543], [-1.10680806384163, 44.8001354913168], [-1.106807962209751, 44.800135623709636], [-1.10680789163852, 44.800135715640685], [-1.10680778607854, 44.8001358531505], [-1.106807572850291, 44.800136130916584], [-1.106807322524983, 44.80013645700789], [-1.106805523009362, 44.80013880118305], [-1.106802887825356, 44.80014223395808], [-1.106802174303077, 44.800143163442], [-1.106797213255851, 44.80014962604765], [-1.106794675428598, 44.80015293199761], [-1.106790639866655, 44.800158188999795], [-1.106787353171379, 44.800162470475684], [-1.106785644204935, 44.80016601019176], [-1.106783683702077, 44.80017007090493], [-1.106782226271491, 44.80017308962381], [-1.106780025836814, 44.80017764729731], [-1.10677709936991, 44.80018370877161], [-1.106770416540452, 44.80019755064545], [-1.106770263498525, 44.80019786763493], [-1.106763427624144, 44.80021202649768], [-1.106758600226517, 44.80022202528189], [-1.106756591746765, 44.800226185359925], [-1.106751209766577, 44.80023733282199], [-1.106747281685079, 44.80024546888417], [-1.106746837536085, 44.800246388830246], [-1.10674530870714, 44.80024955542561], [-1.106745290833481, 44.800249592446505], [-1.10674528773221, 44.800249598870025], [-1.106745250497032, 44.800249675993584], [-1.106745187697785, 44.80024980606685], [-1.106745140483895, 44.80024990385889], [-1.106745112861898, 44.80024996107109], [-1.106745108855381, 44.800249969369624], [-1.106745093197635, 44.80025000180081], [-1.106745092608366, 44.80025000302132], [-1.106745091742868, 44.80025000481402], [-1.106745091299284, 44.80025000573278], [-1.106745091277626, 44.80025000577762], [-1.106745091228316, 44.80025000587974], [-1.106745091151343, 44.80025000603919], [-1.106745091100077, 44.800250006145376], [-1.106745091074511, 44.80025000619835], [-1.106745091054756, 44.80025000623924], [-1.106745090980234, 44.800250006393625], [-1.10674509087298, 44.80025000661578], [-1.106745090729384, 44.800250006913195], [-1.10674509054944, 44.80025000728592], [-1.10674509029712, 44.800250007808536], [-1.10674508997242, 44.80025000848105], [-1.10674508953833, 44.80025000938015], [-1.106745088994848, 44.80025001050585], [-1.106745087693358, 44.800250013201584], [-1.106745085633863, 44.80025001746731], [-1.106745082893931, 44.80025002314241], [-1.106745079473574, 44.80025003022685], [-1.106745068279134, 44.8002500534134], [-1.106745049310634, 44.800250092702015], [-1.106744992996744, 44.80025020934243], [-1.106744899337462, 44.80025040333473], [-1.106743514891101, 44.800253270876496], [-1.106740839657303, 44.80025881196765], [-1.106736653753994, 44.800267482038436], [-1.106730957179952, 44.80027928108866], [-1.106725830261535, 44.800289900233494], [-1.106721272999306, 44.80029933947311], [-1.106717540339873, 44.800307070750115], [-1.106714632283832, 44.800313094064606], [-1.106712764114933, 44.800316963510994], [-1.106711935833562, 44.80031867908929], [-1.106711521434982, 44.8003195374126], [-1.106711521095924, 44.80031953811485], [-1.106711520919191, 44.80031953848089], [-1.106711520638384, 44.80031953906255], [-1.10671152060699, 44.800319539127564], [-1.106711520586821, 44.80031953916933], [-1.106711520498353, 44.80031953935255], [-1.106711520428266, 44.80031953949774], [-1.106711520396733, 44.80031953956305], [-1.106711520341292, 44.80031953967787], [-1.106711520296962, 44.80031953976969], [-1.106711520261968, 44.80031953984219], [-1.106711520214645, 44.80031953994019], [-1.106711520199338, 44.80031953997188], [-1.106711520002089, 44.80031954038045], [-1.106711519752784, 44.80031954089683], [-1.106711519622906, 44.80031954116583], [-1.106711519305303, 44.800319541823704], [-1.106711519049282, 44.80031954235394], [-1.106711518600763, 44.80031954328294], [-1.106711518157202, 44.80031954420167], [-1.106711517645132, 44.80031954526229], [-1.106711516629042, 44.80031954736688], [-1.106711513365025, 44.800319554127476], [-1.106711508365156, 44.80031956448345], [-1.10671149977135, 44.800319582283386], [-1.106711487583609, 44.80031960752724], [-1.106711473063713, 44.800319637601596], [-1.106711456211635, 44.80031967250645], [-1.106711409693824, 44.8003197688565], [-1.10671133351028, 44.80031992665169], [-1.106711243494793, 44.80032011309631], [-1.106711139647378, 44.80032032819035], [-1.106711105972388, 44.800320397939686], [-1.106711042895705, 44.80032052858729], [-1.106711021175226, 44.80032057357582], [-1.106710953239773, 44.80032071428716], [-1.106710846448743, 44.80032093547812], [-1.106710776570198, 44.800321080214104], [-1.106710722522627, 44.80032119216016], [-1.106710639957747, 44.80032136317273], [-1.106710610749427, 44.80032142367047], [-1.106710598754117, 44.80032144851573], [-1.106710539489615, 44.80032157126736], [-1.106710538125477, 44.80032157409282], [-1.10671046216424, 44.800321731427566], [-1.106710423511393, 44.80032181148729], [-1.106710422879009, 44.800321812797115], [-1.10671042163393, 44.80032181537597], [-1.106710419911469, 44.80032181894363], [-1.106710417711617, 44.800321823500084], [-1.10671041654256, 44.800321825921465], [-1.106710416455929, 44.80032182610091], [-1.106710416404303, 44.80032182620785], [-1.10671041632364, 44.800321826374955], [-1.106710416300559, 44.800321826422724], [-1.106710416123613, 44.800321826789244], [-1.106710415792786, 44.80032182747444], [-1.106710415435461, 44.80032182821459], [-1.106710415051635, 44.80032182900956], [-1.106710413268787, 44.80032183270228], [-1.106710410697455, 44.800321838028154], [-1.106710410086918, 44.800321839292735], [-1.106710405501037, 44.80032184879123], [-1.106710386173461, 44.80032188882351], [-1.106710341528415, 44.800321981294566], [-1.106709945858431, 44.80032280082613], [-1.106709199163488, 44.80032434741821], [-1.106708657624937, 44.80032546908], [-1.106708321242803, 44.80032616581153], [-1.106708098773356, 44.8003266266014], [-1.106707990216606, 44.800326851449555], [-1.106707913006939, 44.80032701137008], [-1.106707867144361, 44.80032710636294], [-1.10670782236699, 44.80032719910807], [-1.106707778674804, 44.800327289605505], [-1.106707755772161, 44.800327337042624], [-1.106707753659046, 44.80032734141942], [-1.106707752092856, 44.80032734466338], [-1.106707751073598, 44.800327346774495], [-1.106707750297988, 44.800327348381], [-1.106707749766025, 44.80032734948282], [-1.106707749426996, 44.80032735018505], [-1.106707749403478, 44.80032735023373], [-1.106707749210363, 44.80032735063373], [-1.106707749103646, 44.80032735085476], [-1.106707749083341, 44.80032735089682], [-1.106707749041271, 44.80032735098396], [-1.106707748977442, 44.80032735111617], [-1.106707747536387, 44.80032735410096], [-1.106707747084276, 44.8003273550374], [-1.106707744718103, 44.80032735993831], [-1.106707739482438, 44.8003273707827], [-1.106707731829376, 44.80032738663409], [-1.106707726762015, 44.80032739712987], [-1.106707725183967, 44.800327400398395], [-1.106707724280375, 44.80032740226997], [-1.106707713749681, 44.80032742408167], [-1.10670771078595, 44.80032743022031], [-1.106707686278755, 44.80032748098082], [-1.106707419078892, 44.80032803441853], [-1.106706909186336, 44.80032909053341], [-1.106706432295232, 44.80033007829403], [-1.106705988405555, 44.800330997700414], [-1.106705608903401, 44.800331783744106], [-1.106705293788777, 44.80033243642517], [-1.106704154381907, 44.800334796421126], [-1.106702190682609, 44.80033886373195], [-1.106701649918209, 44.80033998378972], [-1.106701112085428, 44.80034109777538], [-1.106700918590545, 44.800341498551475], [-1.106700799112848, 44.80034174601952], [-1.106700753652351, 44.800341840179534], [-1.106700690920157, 44.800341970113536], [-1.106700662071479, 44.8003420298663], [-1.106700610916271, 44.800342135821474], [-1.106700566135966, 44.80034222857262], [-1.106700556579236, 44.80034224836699], [-1.106700538265889, 44.800342286298495], [-1.106700511195928, 44.80034234236714], [-1.106700497518071, 44.80034237069738], [-1.106700497232322, 44.80034237128923], [-1.106700496980376, 44.800342371811084], [-1.106700496959296, 44.80034237185477], [-1.106700496698993, 44.800342372393914], [-1.106700496538426, 44.8003423727265], [-1.106700496477582, 44.80034237285252], [-1.106700496461755, 44.80034237288529], [-1.106700496443563, 44.80034237292296], [-1.106700496418282, 44.80034237297532], [-1.106700496389281, 44.800342373035384], [-1.106700496328307, 44.800342373161726], [-1.106700496235359, 44.80034237335419], [-1.106700495988131, 44.800342373866265], [-1.106700495586619, 44.8003423746979], [-1.106700493390696, 44.8003423792462], [-1.106700489400364, 44.80034238751118], [-1.106700485014473, 44.80034239659546], [-1.106700480233009, 44.800342406499055], [-1.106700479160287, 44.80034240872094], [-1.106700468260237, 44.80034243129763], [-1.106700461338194, 44.80034244563492], [-1.106700449096155, 44.80034247099123], [-1.106700407888822, 44.80034255634189], [-1.106700344638261, 44.800342687349534], [-1.106700135075892, 44.80034312140536], [-1.106699779201701, 44.80034385850936], [-1.106699322615515, 44.800344804212955], [-1.10669882341929, 44.80034583817251], [-1.106698765317317, 44.800345958516125], [-1.106698563271274, 44.80034637700373], [-1.106697961980474, 44.80034762242643], [-1.106696912604962, 44.80034979594389], [-1.10669666317608, 44.80035031257308], [-1.106696230537012, 44.800351208676], [-1.106696125823912, 44.800351425562845], [-1.106695915776681, 44.80035186062279], [-1.106695758265295, 44.80035218686798], [-1.106695758002875, 44.80035218741154], [-1.106695757735087, 44.80035218796619], [-1.106695757461917, 44.800352188531996], [-1.106695757294097, 44.80035218887958], [-1.106695757231621, 44.800352189009004], [-1.10669575719275, 44.800352189089516], [-1.106695757177496, 44.80035218912108], [-1.106695757130621, 44.80035218921821], [-1.106695757052121, 44.80035218938079], [-1.106695756658743, 44.80035219019558], [-1.106695756500559, 44.80035219052321], [-1.106695755942229, 44.80035219167964], [-1.106695755475922, 44.80035219264547], [-1.106695754358032, 44.80035219496087], [-1.106695753553892, 44.800352196626484], [-1.106695753146905, 44.80035219746945], [-1.106695749239244, 44.80035220556319], [-1.106695747308058, 44.80035220956316], [-1.106695742635062, 44.80035221924207], [-1.106695728590018, 44.80035224833284], [-1.106695707104098, 44.80035229283553], [-1.106695659088812, 44.80035239228712], [-1.10669558454415, 44.80035254668762], [-1.106695421477397, 44.80035288443933], [-1.106695233122225, 44.80035327456962], [-1.106695169888572, 44.80035340554222], [-1.106694687990094, 44.80035440367355], [-1.106694495581727, 44.80035480219902], [-1.106693398556808, 44.80035707440966], [-1.106690841247031, 44.80036237123169], [-1.106686823651659, 44.80037069266506], [-1.106683105875908, 44.80037839309575], [-1.106679687920006, 44.80038547252387], [-1.106677978941778, 44.800389012237886], [-1.106677847699999, 44.80039181019371], [-1.106677585216462, 44.80039740610537], [-1.106677191491189, 44.80040579997282], [-1.106676666524205, 44.800416991795984], [-1.106676141557297, 44.8004281836191], [-1.106675616590461, 44.80043937544209], [-1.106675179118146, 44.8004487019612], [-1.10667509162369, 44.80045056726501], [-1.106675055075372, 44.800451346442536], [-1.106674566656976, 44.80046175908782], [-1.106674041690333, 44.800472950910546], [-1.106673516723762, 44.80048414273319], [-1.106673162487505, 44.800491694737346], [-1.106672978981525, 44.80049560692308], [-1.106672851939337, 44.80049831535056], [-1.106672791220972, 44.80049960981278], [-1.106672781360951, 44.80049982001974], [-1.10667277294837, 44.80049999936848], [-1.106672736285534, 44.80050078098791], [-1.106672718941611, 44.80050115074507], [-1.106672716713093, 44.80050119825514], [-1.106672706543666, 44.80050141505853], [-1.106672705777229, 44.8005014313981], [-1.106672705245737, 44.800501442729086], [-1.106672704949186, 44.80050144905145], [-1.10667270422939, 44.800501464396646], [-1.106672703925348, 44.800501470878636], [-1.106672703086369, 44.80050148876473], [-1.106672702353447, 44.80050150439022], [-1.106672702275028, 44.80050150606194], [-1.106672702208062, 44.80050150748958], [-1.106672701795348, 44.80050151628828], [-1.106672701492486, 44.80050152274499], [-1.106672701366447, 44.80050152543206], [-1.106672701315838, 44.80050152651104], [-1.106672701293187, 44.800501526994], [-1.106672701272697, 44.80050152743081], [-1.106672701261445, 44.800501527670725], [-1.10667270125942, 44.80050152771379], [-1.106672701255933, 44.80050152778808], [-1.106672701250988, 44.80050152789365], [-1.10667270124785, 44.80050152796057], [-1.106672701244592, 44.80050152802997], [-1.106672701242054, 44.800501528084055], [-1.106672701236703, 44.80050152819828], [-1.106672701228526, 44.800501528372614], [-1.106672701200254, 44.8005015289753], [-1.10667270115189, 44.80050153000637], [-1.106672701099972, 44.80050153111313], [-1.106672701044517, 44.80050153229556], [-1.106672700935586, 44.80050153461782], [-1.106672700825005, 44.800501536975254], [-1.106672700773184, 44.80050153807991], [-1.106672700273467, 44.80050154873347], [-1.106672700044556, 44.80050155361368], [-1.10667269943643, 44.800501566578454], [-1.106672691918968, 44.80050172684417], [-1.106672679767227, 44.80050198590848], [-1.106672677721082, 44.80050202953059], [-1.106672672904811, 44.80050213220918], [-1.106672653081636, 44.80050255482195], [-1.106672618000622, 44.80050330271827], [-1.10667250142199, 44.80050578807218], [-1.106672303345745, 44.800510010883656], [-1.106667965176134, 44.80051969886745], [-1.106659486910098, 44.80053485202301], [-1.106647031988825, 44.800551985843896], [-1.106630600407636, 44.80057110032875], [-1.106610323405426, 44.80058939752028], [-1.106586200979285, 44.80060687741631], [-1.106558233126713, 44.80062354001428], [-1.106526419845508, 44.80063938531115], [-1.106490761133856, 44.80065441330347], [-1.106451256990303, 44.80066862398735], [-1.106407907413731, 44.80068201735843], [-1.106360712403419, 44.80069459341195], [-1.106323670188795, 44.80070427023394], [-1.106296780780269, 44.80071104783514], [-1.106280044185254, 44.80071492622323], [-1.106273460408185, 44.80071590540307], [-1.106268263643591, 44.800716678297555], [-1.10626445389158, 44.80071724490692], [-1.106262031152221, 44.800717605231284], [-1.106260995425561, 44.80071775927077], [-1.106259871747847, 44.800717926390845], [-1.106259419053312, 44.80071799371826], [-1.106258660119062, 44.80071810659152], [-1.106258149089857, 44.80071818259483], [-1.106257971606359, 44.80071820899124], [-1.106257806209739, 44.80071823359001], [-1.10625775937965, 44.80071824055484], [-1.106257723440118, 44.800718245899986], [-1.106257723297503, 44.80071824592122], [-1.106257723189692, 44.80071824593723], [-1.106257723116687, 44.80071824594811], [-1.106257723065066, 44.80071824595576], [-1.106257722943559, 44.800718245973854], [-1.106257722791279, 44.80071824599651], [-1.106257722016434, 44.800718246111735], [-1.106257720619046, 44.800718246319555], [-1.106257719854138, 44.80071824643334], [-1.106257719721695, 44.80071824645303], [-1.106257718637411, 44.80071824661429], [-1.106257716272086, 44.80071824696606], [-1.106257714394082, 44.80071824724538], [-1.106257709505307, 44.80071824797247], [-1.106257703933388, 44.80071824880116], [-1.106257700855748, 44.800718249258885], [-1.106257699556351, 44.800718249452125], [-1.106257686135229, 44.80071825144818], [-1.106257673019566, 44.80071825339885], [-1.106257624323038, 44.80071826064129], [-1.10625756447666, 44.800718269541974], [-1.106257493480438, 44.80071828010097], [-1.106256466055695, 44.8007184329057], [-1.10625448220244, 44.800718727956124], [-1.106250160220575, 44.800719370746776], [-1.106243590655927, 44.800720347810866], [-1.106243500109953, 44.800720361277385], [-1.106238184602195, 44.80072115183048], [-1.106237073317119, 44.80072131710719], [-1.106234213697403, 44.80072174240622], [-1.106231832406616, 44.80072209656537], [-1.106231322405522, 44.800722172415625], [-1.106231040729884, 44.80072221430805], [-1.106230885570311, 44.80072223738424], [-1.10623062668242, 44.80072227588752], [-1.106230590264196, 44.80072228130385], [-1.106230416221783, 44.80072230718843], [-1.106230104555178, 44.80072235354127], [-1.106229922286553, 44.80072238064926], [-1.106229873723458, 44.80072238787185], [-1.106229869415925, 44.800722388512504], [-1.106229842555357, 44.800722392507346], [-1.106229842345004, 44.800722392538624], [-1.10622984170485, 44.80072239263386], [-1.106229841042884, 44.80072239273233], [-1.106229840569454, 44.80072239280271], [-1.106229840301397, 44.80072239284256], [-1.106229840238708, 44.80072239285188], [-1.106229840190994, 44.80072239285901], [-1.106229840124002, 44.80072239286894], [-1.10622984003298, 44.80072239288249], [-1.10622983995825, 44.800722392893626], [-1.106229839882431, 44.80072239290489], [-1.106229839805527, 44.8007223929163], [-1.106229839705023, 44.80072239293127], [-1.106229839580909, 44.80072239294972], [-1.106229839323102, 44.80072239298808], [-1.106229838931603, 44.80072239304629], [-1.106229838508452, 44.80072239310924], [-1.106229838053636, 44.80072239317688], [-1.106229835810948, 44.80072239351042], [-1.106229831780395, 44.80072239410988], [-1.106229827678758, 44.80072239471989], [-1.10622982350603, 44.800722395340486], [-1.106228711824675, 44.80072256067604], [-1.106226492634675, 44.80072289072651], [-1.106224437025106, 44.800723196448324], [-1.106222544995969, 44.800723477841515], [-1.106222437834399, 44.800723493779174], [-1.106221442831455, 44.800723641761586], [-1.106221325030513, 44.800723659281616], [-1.106221130531566, 44.80072368820856], [-1.106218718606476, 44.80072404692352], [-1.106215107113853, 44.8007245840447], [-1.106214207056089, 44.800724717906256], [-1.106213487967483, 44.80072482485308], [-1.106211215137323, 44.80072516288086], [-1.106210033656454, 44.80072533859716], [-1.106209742850251, 44.80072538184747], [-1.106209448788522, 44.80072542558195], [-1.106207869633152, 44.800725660442524], [-1.106205595486011, 44.80072599866608], [-1.106203970594609, 44.80072624032871], [-1.10620299495896, 44.80072638543052], [-1.106202151952719, 44.80072651080697], [-1.106201441575907, 44.80072661645801], [-1.10620106729048, 44.80072667212376], [-1.106201029096446, 44.80072667780418], [-1.10620100216406, 44.80072668180974], [-1.106200988352022, 44.800726683863935], [-1.106200986493311, 44.80072668414037], [-1.106200977160201, 44.80072668552842], [-1.106200976489386, 44.80072668562821], [-1.106200974164718, 44.80072668597393], [-1.106200972570754, 44.800726686211], [-1.106200972378297, 44.80072668623963], [-1.106200972211382, 44.80072668626444], [-1.106200972070015, 44.80072668628546], [-1.10620097186841, 44.80072668631545], [-1.10620097071857, 44.800726686486456], [-1.106200968772683, 44.800726686775846], [-1.106200968157064, 44.800726686867435], [-1.106200965101972, 44.80072668732178], [-1.106200962000965, 44.800726687782976], [-1.106200961553271, 44.800726687849576], [-1.10620095933031, 44.8007266881802], [-1.106200958616663, 44.800726688286325], [-1.106200958486308, 44.800726688305716], [-1.106200956292144, 44.800726688632025], [-1.106200943868254, 44.80072669047977], [-1.106200921344984, 44.80072669382956], [-1.106200889571137, 44.80072669855513], [-1.106200848546695, 44.80072670465652], [-1.106200728574898, 44.80072672249936], [-1.10620052965575, 44.80072675208369], [-1.106198383839263, 44.80072707122102], [-1.106196935498997, 44.80072728662593], [-1.106196010072851, 44.800727424260245], [-1.10618994610447, 44.8007283261257], [-1.106173208062169, 44.80073081549406], [-1.106146721369699, 44.80073475472626], [-1.106117833832785, 44.80073905101576], [-1.10609149547398, 44.80074296817213], [-1.106086545450392, 44.800743704360606], [-1.10605525706322, 44.80074835769607], [-1.10604741922705, 44.80074952336921], [-1.106023968671272, 44.80075301102221], [-1.105992680274532, 44.80075766433909], [-1.105973565804406, 44.80076050710319], [-1.105961391873008, 44.8007623176466], [-1.105937925568732, 44.800765807621126], [-1.105931079262152, 44.800766825821945], [-1.10592228136439, 44.80076813426786], [-1.105914459261768, 44.80076929759038], [-1.105909034533959, 44.800770941671985], [-1.105898185077441, 44.80077422983439], [-1.10588647602666, 44.80077777851376], [-1.105873907381298, 44.800781587709814], [-1.105867494887639, 44.800783531151986], [-1.105867257381077, 44.8007836031334], [-1.105867238546898, 44.800783608841485], [-1.105867221022257, 44.80078361415272], [-1.105867067925395, 44.80078366055195], [-1.105867020267218, 44.80078367499578], [-1.105866983023132, 44.80078368628339], [-1.105866958846692, 44.800783693610576], [-1.105866938227418, 44.80078369985968], [-1.105866934719414, 44.80078370092282], [-1.105866933538248, 44.80078370128085], [-1.105866928680314, 44.800783702753115], [-1.105866927046005, 44.80078370324844], [-1.105866923653603, 44.80078370427657], [-1.105866917086871, 44.80078370626676], [-1.105866916290371, 44.80078370650818], [-1.1058669065906, 44.80078370944787], [-1.105866889530471, 44.8007837146183], [-1.105866866346932, 44.80078372164458], [-1.105866865109996, 44.80078372201946], [-1.105866855777334, 44.800783724847925], [-1.105866822609298, 44.80078373490019], [-1.105866762028368, 44.80078375326054], [-1.105866553116785, 44.80078381657561], [-1.105866195874543, 44.800783924845426], [-1.105865671636906, 44.80078408372674], [-1.10586505013192, 44.80078427208694], [-1.105864980403886, 44.80078429321951], [-1.105864781968668, 44.800784353359504], [-1.105863657300971, 44.80078469421381], [-1.105861702328147, 44.80078528670959], [-1.105857884258457, 44.80078644385606], [-1.105852203091706, 44.80078816565302], [-1.105847975165318, 44.80078944701468], [-1.105845200479499, 44.800790287941254], [-1.105843086417824, 44.80079092865175], [-1.105841632980347, 44.80079136914632], [-1.105840698465762, 44.800791652370414], [-1.105840349853447, 44.80079175802462], [-1.1058402828741, 44.80079177832414], [-1.105839948304978, 44.800791879722276], [-1.105839886102742, 44.80079189857397], [-1.105839694758373, 44.800791956564844], [-1.105839481955327, 44.80079202105924], [-1.105839347607694, 44.80079206177609], [-1.105839309895814, 44.800792073205464], [-1.105839215997037, 44.80079210166345], [-1.105839205530743, 44.80079210483545], [-1.105839200258988, 44.80079210643319], [-1.105839187719901, 44.8007921102334], [-1.105839178379764, 44.80079211306415], [-1.105839173800043, 44.800792114452115], [-1.105839173293995, 44.80079211460549], [-1.105839173226039, 44.80079211462609], [-1.105839172462581, 44.80079211485747], [-1.105839172114844, 44.80079211496286], [-1.105839172016274, 44.80079211499273], [-1.105839171955062, 44.80079211501128], [-1.105839171490007, 44.80079211515223], [-1.105839170621109, 44.80079211541557], [-1.105839169525875, 44.800792115747484], [-1.105839168204297, 44.80079211614803], [-1.105839166812943, 44.80079211656971], [-1.105839165351824, 44.80079211701254], [-1.105839163125836, 44.800792117687166], [-1.105839160134959, 44.80079211859359], [-1.105839146590766, 44.80079212269844], [-1.105839122493256, 44.80079213000171], [-1.105839030708672, 44.80079215781893], [-1.105838871237033, 44.80079220615011], [-1.105838555824334, 44.80079230174252], [-1.105838084470571, 44.80079244459609], [-1.105835848687811, 44.80079312219654], [-1.105831848475946, 44.800794334543696], [-1.105823877440105, 44.8007967503309], [-1.105811935579319, 44.80080036955718], [-1.105795115180417, 44.800805467321624], [-1.105773416240872, 44.80081204362193], [-1.105754840629701, 44.800817673329995], [-1.105739388348682, 44.8008223564475], [-1.10572998319409, 44.80082520686301], [-1.105726625167674, 44.80082622457812], [-1.105724639356041, 44.80082682641684], [-1.10572431663101, 44.80082692422491], [-1.105724025759261, 44.80082701237924], [-1.10572390316681, 44.80082704953325], [-1.105723713236389, 44.80082710709533], [-1.105723701787432, 44.80082711056519], [-1.105723692637962, 44.80082711333809], [-1.105723685787974, 44.80082711541411], [-1.105723680019109, 44.80082711716248], [-1.105723675331352, 44.80082711858317], [-1.105723665226554, 44.800827121645646], [-1.105723658693133, 44.800827123625716], [-1.105723630104458, 44.80082713229007], [-1.105723612675989, 44.80082713757211], [-1.105723606407715, 44.80082713947183], [-1.105723204580397, 44.80082726125336], [-1.105722407194015, 44.80082750291675], [-1.105721127712332, 44.80082789068843], [-1.105719366135326, 44.80082842456837], [-1.10571832756539, 44.80082873932705], [-1.10571828724481, 44.80082875154697], [-1.105718273838989, 44.800828755609864], [-1.105717891040785, 44.800828871624226], [-1.105717313621665, 44.800829046622226], [-1.105716865405497, 44.800829182462785], [-1.105716554987449, 44.800829276540966], [-1.105716072968115, 44.80082942262622], [-1.105715444496301, 44.800829613096695], [-1.105714399839565, 44.80082992970004], [-1.105713982148213, 44.800830056289435], [-1.105713604902327, 44.80083017062106], [-1.105712220402852, 44.800830590220244], [-1.105710413488761, 44.80083113784026], [-1.105710159260212, 44.8008312148891], [-1.105709891197032, 44.80083129613079], [-1.105708838200588, 44.80083161526156], [-1.105708257224038, 44.80083179133766], [-1.105707960142901, 44.80083188137379], [-1.105707905192651, 44.80083189802753], [-1.105707782106443, 44.800831935331146], [-1.105707741112915, 44.800831947755015], [-1.105707719680666, 44.80083195425046], [-1.105707717915329, 44.800831954785494], [-1.105707716982462, 44.80083195506822], [-1.105707716882051, 44.80083195509865], [-1.10570770531305, 44.80083195860486], [-1.105707694700867, 44.80083196182107], [-1.105707682275435, 44.80083196558685], [-1.105707375314777, 44.800832058617125], [-1.105707290640983, 44.800832084279165], [-1.105706530409704, 44.80083231468179], [-1.105705490894762, 44.80083262972672], [-1.10570488566875, 44.800832813152034], [-1.105702356418079, 44.80083357968979], [-1.105699615010887, 44.800834410525546], [-1.105696661447154, 44.80083530565927], [-1.105693292712841, 44.80083632661822], [-1.10568950880791, 44.800837473402346], [-1.105687247282335, 44.80083815880044], [-1.105686508136218, 44.80083838281264], [-1.105686138311756, 44.80083849489494], [-1.105686138049713, 44.80083849497436], [-1.105686137808951, 44.800838495047316], [-1.105686137647339, 44.8008384950963], [-1.105686137458928, 44.800838495153386], [-1.105686137261696, 44.80083849521319], [-1.105686137198967, 44.80083849523219], [-1.105686137131588, 44.80083849525262], [-1.10568613706862, 44.80083849527169], [-1.105686136975006, 44.80083849530004], [-1.105686136850754, 44.8008384953377], [-1.105686136650286, 44.80083849539847], [-1.105686136373596, 44.80083849548233], [-1.10568613502095, 44.800838495892265], [-1.105686133099687, 44.80083849647454], [-1.105686132592338, 44.80083849662832], [-1.10568612882455, 44.8008384977702], [-1.105686127828293, 44.80083849807214], [-1.105686120728812, 44.80083850022377], [-1.105686112508621, 44.80083850271507], [-1.105686103167705, 44.80083850554599], [-1.105686069882034, 44.800838515633856], [-1.1056860126516, 44.80083853297861], [-1.105685929112467, 44.80083855829673], [-1.105685832397016, 44.80083858760816], [-1.105685819264649, 44.80083859158819], [-1.105685794378211, 44.80083859913051], [-1.105685611206215, 44.800838654644245], [-1.105685304937157, 44.80083874746484], [-1.105684936806817, 44.80083885903368], [-1.105684506815162, 44.80083898935077], [-1.105683857343959, 44.80083918618529], [-1.105682988393198, 44.80083944953718], [-1.105682415222312, 44.80083962324743], [-1.105682137831303, 44.80083970731601], [-1.105681573503259, 44.80083987834626], [-1.10568072223817, 44.80084013633816], [-1.105679819544898, 44.80084040991635], [-1.105678865423441, 44.8008406990808], [-1.10567600341817, 44.800841566465245], [-1.10567123352892, 44.80084301206956], [-1.105666385818192, 44.80084448125881], [-1.105661460285965, 44.800845974032995], [-1.1056545901561, 44.80084805615321], [-1.105645775428194, 44.80085072761905], [-1.105640328989851, 44.80085237826215], [-1.105638250841621, 44.800853008083], [-1.105637397897672, 44.80085326658327], [-1.10563720445266, 44.800853325210284], [-1.10563720326764, 44.800853325569456], [-1.105637189822968, 44.80085332964409], [-1.105637180031943, 44.800853332611446], [-1.105637175079567, 44.800853334112354], [-1.105637172250126, 44.800853334969844], [-1.105637171946874, 44.80085333506178], [-1.105637170633869, 44.80085333545969], [-1.105637169398605, 44.80085333583406], [-1.105637168241073, 44.800853336184865], [-1.105637167608755, 44.80085333637652], [-1.105637167501661, 44.80085333640898], [-1.105637167410465, 44.80085333643661], [-1.105637167335175, 44.80085333645942], [-1.105637167283587, 44.80085333647505], [-1.105637167213817, 44.8008533364962], [-1.10563716715794, 44.800853336513136], [-1.105637166923445, 44.800853336584225], [-1.105637166510346, 44.8008533367094], [-1.105637165256588, 44.8008533370894], [-1.10563716316216, 44.80085333772417], [-1.105637146436226, 44.80085334279326], [-1.105637115078761, 44.800853352296684], [-1.105637019351963, 44.80085338130844], [-1.105636859255827, 44.8008534298285], [-1.105636703134363, 44.800853477143974], [-1.105636550987555, 44.80085352325482], [-1.105636525975048, 44.80085353083534], [-1.105636386378264, 44.80085357314269], [-1.105636209306466, 44.800853626807516], [-1.105635411114506, 44.800853868714164], [-1.105635183832009, 44.8008539375963], [-1.10563330995486, 44.80085450550895], [-1.105632359047438, 44.80085479369874], [-1.105629977843174, 44.80085551536605], [-1.105628872974166, 44.80085585021668], [-1.105625187496809, 44.80085696716748], [-1.105621628115883, 44.80085804590234], [-1.105619299700557, 44.80085875157064], [-1.105617895425366, 44.80085917716158], [-1.105617415290359, 44.80085932267514], [-1.105617115699726, 44.800859413471485], [-1.10561702257859, 44.80085944169353], [-1.105616996653449, 44.8008594495506], [-1.105616965290099, 44.800859459055836], [-1.105616927944671, 44.80085947037402], [-1.105616909573397, 44.80085947594179], [-1.105616895515958, 44.80085948020214], [-1.105616885772371, 44.800859483155115], [-1.105616880734648, 44.80085948468189], [-1.105616880402819, 44.80085948478244], [-1.10561688020362, 44.8008594848428], [-1.105616880137052, 44.80085948486299], [-1.105616880092026, 44.80085948487663], [-1.105616879916808, 44.800859484929745], [-1.1056168796368, 44.800859485014605], [-1.105616879458916, 44.800859485068514], [-1.105616879383149, 44.80085948509147], [-1.105616877946053, 44.80085948552702], [-1.105616876433872, 44.80085948598531], [-1.105616875147618, 44.80085948637514], [-1.105609899077064, 44.80086160059872], [-1.105595949732869, 44.800865828196414], [-1.105583550314147, 44.800869586059484], [-1.105572700821472, 44.800872874188464], [-1.105567276074684, 44.80087451825254], [-1.105564248704078, 44.80087664308391], [-1.105558193962207, 44.800880892746406], [-1.105549111847785, 44.80088726723944], [-1.10553700235886, 44.80089576656232], [-1.105530881800642, 44.80090006241522], [-1.105530750175725, 44.80090015479913], [-1.105530666295385, 44.80090021367245], [-1.105530630159617, 44.800900239035165], [-1.105530612007909, 44.80090025177534], [-1.105530611840263, 44.80090025189302], [-1.105530608632806, 44.80090025414424], [-1.105530605037697, 44.80090025666755], [-1.105530602385548, 44.800900258529026], [-1.10553060164815, 44.80090025904658], [-1.105530599159422, 44.800900260793355], [-1.105530599051227, 44.800900260869284], [-1.105530598954432, 44.80090026093723], [-1.105530575433049, 44.80090027744623], [-1.105530570107564, 44.800900281184056], [-1.105530512618825, 44.800900321533845], [-1.105530466737771, 44.80090035373645], [-1.105530432464394, 44.800900377792004], [-1.105530276275629, 44.80090048741664], [-1.105530113249799, 44.800900601840006], [-1.105529998171476, 44.80090068261033], [-1.105529640048296, 44.800900933967185], [-1.105529418919714, 44.80090108917128], [-1.105528640327829, 44.8009016356436], [-1.105528538520361, 44.80090170709946], [-1.105528201000781, 44.80090194399519], [-1.10552679239492, 44.80090293265701], [-1.105524180543283, 44.80090476584386], [-1.105518838118984, 44.800908515544045], [-1.105510765120985, 44.80091418175712], [-1.105500673871329, 44.800921264522636], [-1.105488564368569, 44.80092976383997], [-1.105478135853226, 44.80093708331672], [-1.105469388326533, 44.80094322295341], [-1.105464195694139, 44.80094686751141], [-1.105462557957361, 44.8009480169912], [-1.105461253164474, 44.80094893278729], [-1.105460281315533, 44.80094961489971], [-1.105459750911471, 44.80094998717482], [-1.105459661952301, 44.80095004961265], [-1.105459419645603, 44.80095021968065], [-1.105459023991354, 44.800950497378814], [-1.105458787644346, 44.80095066326387], [-1.105458710604571, 44.80095071733582], [-1.105458669633635, 44.80095074609212], [-1.105458667419273, 44.80095074764631], [-1.105458664731538, 44.80095074953279], [-1.105458662255145, 44.80095075127089], [-1.105458662204461, 44.800950751306445], [-1.105458659574452, 44.80095075315239], [-1.105458657983573, 44.800950754268975], [-1.105458650755548, 44.80095075934212], [-1.10545864959247, 44.80095076015846], [-1.105458648648652, 44.80095076082089], [-1.105458640839281, 44.80095076630206], [-1.105458631724013, 44.80095077269981], [-1.105458598426467, 44.800950796070374], [-1.105458555211927, 44.800950826401376], [-1.10545854094664, 44.80095083641379], [-1.105458478274516, 44.8009508804015], [-1.10545847084626, 44.80095088561519], [-1.105458410410084, 44.800950928033586], [-1.105458280434726, 44.8009510192595], [-1.105458231675215, 44.80095105348234], [-1.105458183265061, 44.80095108745999], [-1.105457942069908, 44.80095125674786], [-1.105456908817864, 44.80095198195721], [-1.105455878078841, 44.80095270540276], [-1.105455131919032, 44.80095322911044], [-1.105452603639504, 44.80095500363561], [-1.105451633476924, 44.8009556845642], [-1.105449323979127, 44.80095730553273], [-1.105447158840626, 44.80095882517955], [-1.105446108224172, 44.80095956257621], [-1.1054455559376, 44.8009599502098], [-1.105445502412921, 44.80095998777722], [-1.105445501980926, 44.8009599880804], [-1.105445501762248, 44.80095998823389], [-1.105445474693569, 44.80096000723258], [-1.105445474075519, 44.80096000766642], [-1.105445473987219, 44.80096000772835], [-1.105445473757196, 44.8009600078898], [-1.105445439447537, 44.800960031970746], [-1.105445402962928, 44.800960057578216], [-1.10544537088399, 44.800960080093475], [-1.105444712278987, 44.800960542348825], [-1.105443871851427, 44.800961132220046], [-1.105440942349691, 44.80096318835046], [-1.105438791990179, 44.80096469762386], [-1.105437420773017, 44.80096566004037], [-1.105436431003912, 44.80096635472982], [-1.105435822682887, 44.8009667816922], [-1.105435500569802, 44.8009670077738], [-1.105435492783728, 44.8009670132386], [-1.105435489769347, 44.80096701535431], [-1.105435441306444, 44.80096704936896], [-1.105435430899139, 44.800967056673535], [-1.105435413741034, 44.80096706871631], [-1.105435412604513, 44.80096706951398], [-1.105435410087498, 44.80096707128062], [-1.105435407428777, 44.80096707314669], [-1.105435405857232, 44.8009670742497], [-1.105435405764871, 44.800967074314535], [-1.105435405626057, 44.800967074411965], [-1.105435404639574, 44.80096707510435], [-1.105435404052896, 44.80096707551611], [-1.105435403461657, 44.80096707593109], [-1.105435402865845, 44.80096707634925], [-1.105435402435561, 44.80096707665128], [-1.105435402170802, 44.800967076837104], [-1.105435401986322, 44.800967076966586], [-1.105435401882107, 44.80096707703973], [-1.105435401797476, 44.80096707709912], [-1.105435401732414, 44.8009670771448], [-1.105435401678651, 44.800967077182534], [-1.105435401636178, 44.80096707721231], [-1.10543539924601, 44.80096707888995], [-1.105435394508144, 44.80096708221529], [-1.105435383622341, 44.800967089855725], [-1.105435366588603, 44.80096710181119], [-1.105435342421148, 44.8009671187736], [-1.105435340280499, 44.800967120276084], [-1.105435333905859, 44.80096712475024], [-1.105435304698034, 44.800967145250354], [-1.105433991964398, 44.80096806661887], [-1.105431402079483, 44.800969884381644], [-1.10542871958764, 44.80097176714226], [-1.105425944488854, 44.80097371490069], [-1.105424124456433, 44.80097499232666], [-1.105423259490499, 44.80097559942018], [-1.105420500773287, 44.80097753568051], [-1.105416216227268, 44.8009805428736], [-1.105415848304424, 44.800980801107514], [-1.105415689879262, 44.80098091230133], [-1.105413401360812, 44.800982518542895], [-1.105413254881132, 44.800982621352524], [-1.105413159942825, 44.80098268798683], [-1.105413093919008, 44.800982734326944], [-1.105412853006263, 44.80098290341627], [-1.105412480551108, 44.80098316483119], [-1.105412240975028, 44.800983332982355], [-1.105412132624381, 44.800983409030366], [-1.105412071896124, 44.80098345165371], [-1.105411809226097, 44.80098363601382], [-1.105411622913566, 44.80098376678089], [-1.105411595522837, 44.8009837860056], [-1.105411573686792, 44.80098380133164], [-1.105411548274715, 44.800983819167634], [-1.105411543541917, 44.80098382248943], [-1.105411534860442, 44.80098382858269], [-1.10541153247893, 44.80098383025421], [-1.10541152351814, 44.800983836543516], [-1.105411522099078, 44.80098383753948], [-1.105411516659555, 44.80098384135734], [-1.105411511813886, 44.80098384475834], [-1.105411511227974, 44.80098384516958], [-1.105411510843952, 44.80098384543913], [-1.105411507223404, 44.8009838479803], [-1.105411505002123, 44.80098384953935], [-1.105411504717974, 44.800983849738785], [-1.105411504564136, 44.800983849846745], [-1.105411504335756, 44.800983850007036], [-1.105411503698107, 44.80098385045459], [-1.105411502479082, 44.800983851310164], [-1.105411500837304, 44.80098385246247], [-1.10541149877276, 44.800983853911525], [-1.105411495995072, 44.8009838558611], [-1.105411493416385, 44.800983857671014], [-1.105411492504263, 44.80098385831121], [-1.105411454949052, 44.80098388467006], [-1.105411427221896, 44.800983904130895], [-1.105411383329435, 44.800983934937676], [-1.10541103103417, 44.80098418220301], [-1.105410973768815, 44.80098422239579], [-1.105410801150925, 44.80098434355104], [-1.105410226267167, 44.80098474704442], [-1.105408907076369, 44.8009856729442], [-1.105407430610871, 44.80098670923023], [-1.105405665109605, 44.80098794838158], [-1.105402586799526, 44.80099010895305], [-1.105400037038254, 44.80099189855217], [-1.105399781327449, 44.80099207802772], [-1.105399578468388, 44.80099222040822], [-1.105399439149754, 44.800992318191696], [-1.105399428461089, 44.800992325693755], [-1.105399350515638, 44.80099238040127], [-1.105399350255333, 44.800992380583956], [-1.10539934463204, 44.80099238453077], [-1.105399340718431, 44.80099238727761], [-1.105399338774817, 44.80099238864177], [-1.10539933720789, 44.80099238974156], [-1.105399336017652, 44.80099239057696], [-1.105399335977172, 44.80099239060536], [-1.1053993354022, 44.80099239100891], [-1.105399335361543, 44.80099239103747], [-1.10539933524451, 44.8009923911196], [-1.105399335051094, 44.80099239125535], [-1.105399334128166, 44.80099239190312], [-1.105399332475729, 44.80099239306291], [-1.10539933178982, 44.80099239354435], [-1.105399330802073, 44.800992394237596], [-1.105399329107199, 44.80099239542719], [-1.10539932107792, 44.80099240106268], [-1.105399306714245, 44.800992411144115], [-1.105399238945675, 44.80099245870878], [-1.105399117772214, 44.80099254375671], [-1.105398968072919, 44.800992648826025], [-1.105398789847807, 44.80099277391675], [-1.105398443428276, 44.800993017057955], [-1.105398319928546, 44.8009931037386], [-1.105398160972496, 44.80099321530496], [-1.105397558315136, 44.80099363829161], [-1.105395894227554, 44.800994806263354], [-1.10539382938084, 44.80099625551548], [-1.105393327665685, 44.800996607653815], [-1.105390441652481, 44.800998633257095], [-1.105389875417733, 44.800999030679684], [-1.105387236187878, 44.80100088307318], [-1.105382606071901, 44.80100413280736], [-1.10537655130409, 44.801008382459436], [-1.10537352391986, 44.801010507285326], [-1.105371929606006, 44.8010117420726], [-1.105369863432355, 44.80101334231259], [-1.105368740978111, 44.80101421164712], [-1.105368141326271, 44.80101467607406], [-1.10536592312068, 44.80101639406169], [-1.105364440345403, 44.801017542462624], [-1.105363476033789, 44.80101828931639], [-1.105362032017744, 44.80101940769839], [-1.105361759120262, 44.801019619055936], [-1.105361391096754, 44.80101990408798], [-1.105360772380196, 44.801020383280346], [-1.105360683575856, 44.8010204520588], [-1.105360203777336, 44.8010208236599], [-1.105360053311685, 44.801020940194654], [-1.105359956291114, 44.80102101533653], [-1.105359912715595, 44.80102104908552], [-1.10535988864588, 44.80102106772736], [-1.105359884081979, 44.80102107126208], [-1.105359881572914, 44.80102107320532], [-1.105359881118693, 44.80102107355713], [-1.105359880690636, 44.801021073888656], [-1.105359880444129, 44.80102107407958], [-1.105359880288739, 44.80102107419992], [-1.105359879909346, 44.801021074493775], [-1.105359879699962, 44.801021074655914], [-1.105359878924288, 44.80102107525667], [-1.105359877943388, 44.80102107601638], [-1.105359876757268, 44.80102107693503], [-1.105359875992841, 44.80102107752709], [-1.105359875650129, 44.80102107779251], [-1.105359875379835, 44.80102107800184], [-1.105359875238678, 44.80102107811116], [-1.105359875181966, 44.80102107815508], [-1.105359875002468, 44.801021078294106], [-1.10535987484134, 44.8010210784189], [-1.105359874632202, 44.801021078580874], [-1.10535987454948, 44.80102107864494], [-1.105359874429693, 44.8010210787377], [-1.10535987412687, 44.801021078972255], [-1.105359872884172, 44.80102107993472], [-1.105359870821385, 44.80102108153231], [-1.105359862103924, 44.80102108828394], [-1.105359858419756, 44.80102109113732], [-1.105359853111541, 44.80102109524851], [-1.105359835679278, 44.8010211087497], [-1.105359784131065, 44.80102114867347], [-1.105359754014465, 44.801021171998606], [-1.105359715684642, 44.80102120168484], [-1.105359613425309, 44.801021280884065], [-1.105359508892627, 44.80102136184403], [-1.105359465546121, 44.80102139541563], [-1.105359440416449, 44.80102141487842], [-1.105359304607057, 44.80102152006199], [-1.105359295076892, 44.80102152744302], [-1.105359072873971, 44.80102169953788], [-1.105358923472098, 44.801021815248745], [-1.105358759104359, 44.80102194255059], [-1.105358648225893, 44.80102202842532], [-1.10535835376803, 44.80102225648116], [-1.105357825170961, 44.801022665876445], [-1.105357173313151, 44.80102317073644], [-1.105356233575515, 44.801023898557595], [-1.105355005958049, 44.80102484933996], [-1.10535330670767, 44.80102616539906], [-1.10535179412397, 44.80102733688588], [-1.105351135824296, 44.80102784673492], [-1.105350160150726, 44.801028602388094], [-1.105349548040673, 44.80102907646353], [-1.105348543356846, 44.80102985458488], [-1.105347989137992, 44.80103028382394], [-1.105347885384137, 44.80103036418066], [-1.105347795546158, 44.8010304337596], [-1.105347752856233, 44.801030466822695], [-1.105347719624071, 44.801030492560805], [-1.105347672559287, 44.80103052901218], [-1.105347661173294, 44.801030537830535], [-1.105347654351796, 44.801030543113775], [-1.105347644450334, 44.801030550782365], [-1.105347643780004, 44.80103055130157], [-1.105347640843894, 44.80103055357555], [-1.105347639333983, 44.80103055474495], [-1.10534763929728, 44.80103055477339], [-1.105347639250264, 44.801030554809806], [-1.105347639170673, 44.80103055487143], [-1.105347639095211, 44.8010305549299], [-1.10534763885371, 44.801030555116945], [-1.10534763844617, 44.80103055543259], [-1.105347638207208, 44.80103055561764], [-1.10534763813683, 44.801030555672156], [-1.105347637995363, 44.80103055578171], [-1.105347637782813, 44.801030555946326], [-1.105347636848148, 44.80103055667025], [-1.105347634651781, 44.8010305583713], [-1.10534762860224, 44.801030563056614], [-1.105347491525302, 44.801030669221866], [-1.105347223420951, 44.801030876867], [-1.105345535116435, 44.80103218444821], [-1.105342426611581, 44.80103459196542], [-1.105339469361679, 44.80103688233637], [-1.105337157044142, 44.8010386732112], [-1.105336663366772, 44.80103905556109], [-1.105335188411428, 44.801040197904236], [-1.105332071738312, 44.80104261174677], [-1.105329487268837, 44.80104461340093], [-1.105325694475657, 44.801047550893244], [-1.105324166451123, 44.80104873433764], [-1.105321131618738, 44.801051084794096], [-1.1053191987955, 44.80105258175203], [-1.105318383168187, 44.801053213449556], [-1.1053169907715, 44.80105429185084], [-1.105316979660451, 44.80105430045628], [-1.105316954428832, 44.80105431999799], [-1.105316668898506, 44.80105454113917], [-1.105316134180523, 44.801054955274445], [-1.105315803232028, 44.80105521159163], [-1.105315717505916, 44.801055277985895], [-1.10531567605304, 44.801055310090845], [-1.105315635188909, 44.80105534173982], [-1.105315606382396, 44.80105536405028], [-1.105315599197294, 44.801055369615085], [-1.105315594220092, 44.801055373469886], [-1.105315588117662, 44.80105537819617], [-1.1053155880751, 44.801055378229144], [-1.105315588034508, 44.801055378260564], [-1.105315587995904, 44.80105537829048], [-1.105315587950494, 44.80105537832565], [-1.105315587895307, 44.801055378368396], [-1.105315587865054, 44.80105537839183], [-1.105315587802336, 44.80105537844038], [-1.105315587722267, 44.80105537850241], [-1.10531558765511, 44.801055378554416], [-1.105315587416023, 44.80105537873958], [-1.105315587004994, 44.80105537905791], [-1.105315586506471, 44.801055379444044], [-1.105315585920446, 44.801055379897896], [-1.105315581626371, 44.80105538322364], [-1.105315577114008, 44.80105538671841], [-1.10531557362427, 44.801055389421194], [-1.105315027290516, 44.80105581255276], [-1.105314930742784, 44.80105588732827], [-1.105314627744971, 44.801056121997895], [-1.1053136529819, 44.80105687694481], [-1.105312436775184, 44.801057818888054], [-1.105312198404704, 44.801058003504245], [-1.105310567011192, 44.801059267006565], [-1.105309163465877, 44.80106035404204], [-1.105307987768794, 44.80106126461074], [-1.10530739757372, 44.801061721712436], [-1.105307392880692, 44.80106172534715], [-1.105307392430106, 44.801061725696115], [-1.105307390500501, 44.801061727190586], [-1.10530739043314, 44.80106172724274], [-1.105307390325177, 44.801061727326356], [-1.105307390176605, 44.80106172744143], [-1.105307390080176, 44.801061727516135], [-1.105307390035896, 44.80106172755044], [-1.105307389959977, 44.80106172760923], [-1.105307389852421, 44.801061727692506], [-1.105307389695379, 44.80106172781412], [-1.105307389488853, 44.80106172797408], [-1.10530738926468, 44.80106172814771], [-1.105307389022872, 44.801061728334986], [-1.10530738723486, 44.80106172971977], [-1.10530738357243, 44.80106173255632], [-1.105307372913365, 44.80106174081168], [-1.10530731871347, 44.80106178278909], [-1.105307272761476, 44.80106181837857], [-1.105307220972759, 44.801061858488545], [-1.105306893921261, 44.80106211178749], [-1.105306337558957, 44.80106254268593], [-1.105302199411984, 44.80106574764955], [-1.10529447947919, 44.801071726677925], [-1.105287984693089, 44.80107675683828], [-1.105282715054311, 44.801080838130815], [-1.10527981353859, 44.801083085330866], [-1.105279290343486, 44.80108349054114], [-1.105279280146461, 44.80108349843863], [-1.105278874794614, 44.801083812380284], [-1.105278850384479, 44.801083831285766], [-1.105278597483065, 44.80108402715581], [-1.105278413343274, 44.80108416977053], [-1.105278322375247, 44.80108424022453], [-1.105278271119794, 44.80108427992144], [-1.105278260582703, 44.8010842880823], [-1.105278259576919, 44.801084288861276], [-1.105278253043978, 44.801084293921015], [-1.105278251520961, 44.80108429510058], [-1.105278250299107, 44.80108429604688], [-1.105278250018823, 44.801084296263966], [-1.105278249378407, 44.80108429675996], [-1.105278249012927, 44.80108429704303], [-1.105278248905516, 44.8010842971262], [-1.105278248605957, 44.801084297358194], [-1.105278248563586, 44.80108429739104], [-1.105278248457985, 44.801084297472826], [-1.105278247954915, 44.80108429786244], [-1.105278247585513, 44.801084298148545], [-1.105278247150403, 44.801084298485534], [-1.105278246846077, 44.80108429872122], [-1.10527824615004, 44.8010842992603], [-1.105278245533186, 44.80108429973804], [-1.105278245406227, 44.801084299836404], [-1.10527824529986, 44.80108429991877], [-1.105278242382977, 44.80108430217786], [-1.105278240018097, 44.80108430400943], [-1.105278236782555, 44.801084306515335], [-1.105278225354579, 44.8010843153662], [-1.10527820809904, 44.801084328730454], [-1.105278192636787, 44.80108434070586], [-1.105278178967815, 44.80108435129237], [-1.105278151075927, 44.801084372894415], [-1.1052781501593, 44.80108437360433], [-1.105278108961114, 44.80108440551199], [-1.105278088469903, 44.80108442138227], [-1.105278032170811, 44.801084464985436], [-1.105277920705018, 44.80108455131476], [-1.105276270654309, 44.80108582926523], [-1.105274131129282, 44.801087486309434], [-1.105273082018511, 44.801088298836845], [-1.105271487700497, 44.80108953362263], [-1.10527132645641, 44.80108987837119], [-1.105271003968237, 44.801090567868314], [-1.105270520235941, 44.801091602113985], [-1.105270455738306, 44.801091740013376], [-1.105269875259537, 44.801092981108205], [-1.105269441140788, 44.801093909277384], [-1.10526921787971, 44.80109438662155], [-1.105269055858921, 44.80109473303068], [-1.105269005907117, 44.80109483983032], [-1.105268805222998, 44.801095268903715], [-1.105268622969052, 44.801095658572414], [-1.105268459145279, 44.80109600883641], [-1.105268315465479, 44.801096316031526], [-1.105268234223932, 44.80109648973026], [-1.105268191929641, 44.801096580157726], [-1.105268125413174, 44.80109672237349], [-1.105268122213238, 44.80109672921512], [-1.105268115916062, 44.80109674267883], [-1.105268107960512, 44.80109675968823], [-1.105268101546532, 44.80109677340166], [-1.10526809906142, 44.801096778714964], [-1.105268093978471, 44.801096789582566], [-1.105268092027768, 44.8010967937533], [-1.10526808525634, 44.80109680823095], [-1.105268080655626, 44.80109681806753], [-1.105268080176362, 44.801096819092216], [-1.105268079930946, 44.80109681961693], [-1.1052680799058, 44.8010968196707], [-1.1052680798902, 44.801096819704036], [-1.105268079870621, 44.8010968197459], [-1.105268079831184, 44.80109681983023], [-1.105268079760173, 44.80109681998205], [-1.105268079617145, 44.80109682028786], [-1.10526807940211, 44.801096820747624], [-1.105268078969082, 44.80109682167343], [-1.105268078318057, 44.80109682306536], [-1.105268076521934, 44.80109682690558], [-1.105268075537573, 44.8010968290102], [-1.105268073580704, 44.801096833194094], [-1.105268042774712, 44.80109689905897], [-1.105267984103966, 44.801097024500116], [-1.105267945117983, 44.80109710785426], [-1.105267870536921, 44.801097267312535], [-1.105267702073579, 44.80109762749617], [-1.105267270838513, 44.80109854949976], [-1.105266972865382, 44.8010991865822], [-1.105266671876324, 44.80109983011282], [-1.105265682912233, 44.80110194457059], [-1.105264554203153, 44.80110435781045], [-1.105263586738152, 44.801106426301715], [-1.105262922791552, 44.80110784585457], [-1.105262562363378, 44.801108616468944], [-1.105262366285964, 44.80110903569277], [-1.105262334559294, 44.801109103526066], [-1.105262250123159, 44.80110928405495], [-1.105262112977555, 44.80110957727946], [-1.105262013377707, 44.80110979022916], [-1.105261951323605, 44.80110992290409], [-1.105261912642117, 44.801110005607136], [-1.105261897333236, 44.80111003833834], [-1.10526188964636, 44.80111005477328], [-1.105261889581468, 44.801110054912044], [-1.105261889117388, 44.80111005590427], [-1.105261888254117, 44.80111005774999], [-1.105261881632638, 44.80111007190706], [-1.105261869252959, 44.80111009837547], [-1.105261850560379, 44.80111013834118], [-1.105261825554907, 44.8011101918042], [-1.105261651807983, 44.80111056328426], [-1.105261329319593, 44.80111125278132], [-1.105261168075391, 44.80111159752986], [-1.105261696709809, 44.80111424309252], [-1.105262753978836, 44.801119534217825], [-1.105264339882865, 44.80112747090565], [-1.105266454422494, 44.801138053156], [-1.105269097598497, 44.801151280968746], [-1.105272269411864, 44.80116715434372], [-1.105275969863772, 44.801185673280756], [-1.105280198955595, 44.80120683777978], [-1.105283899414378, 44.801225356715904], [-1.105287071238743, 44.80124123008935], [-1.105289714427515, 44.80125445790034], [-1.105291828979714, 44.801265040148984], [-1.105293414894546, 44.80127297683537], [-1.105294472171433, 44.801278267959574], [-1.105295000809973, 44.80128091352165], [-1.105296219331607, 44.80128585989725], [-1.10529865637568, 44.80129575264834], [-1.105300430422675, 44.801302954076775], [-1.105300533086531, 44.801303370822374], [-1.105301849463602, 44.80130871441941], [-1.105302574863069, 44.801311659048125], [-1.105302709284692, 44.8013122047085], [-1.1053027803315, 44.8013124931102], [-1.105302782445499, 44.80131250169157], [-1.10530278800349, 44.80131252425325], [-1.10530280173344, 44.801312579987496], [-1.105302821521362, 44.80131266031302], [-1.105302832040978, 44.80131270301551], [-1.105302832824136, 44.801312706194594], [-1.10530283329227, 44.80131270809491], [-1.105302834296342, 44.80131271217075], [-1.105302834490519, 44.80131271295899], [-1.105302835053198, 44.80131271524304], [-1.105302835590271, 44.801312717423215], [-1.105302835907587, 44.801312718711266], [-1.105302836125392, 44.801312719595416], [-1.105302836243702, 44.80131272007571], [-1.105302836313253, 44.80131272035803], [-1.105302836334045, 44.801312720442425], [-1.105302836343202, 44.8013127204796], [-1.105302836350882, 44.80131272051077], [-1.105302836363779, 44.801312720563125], [-1.1053028372914, 44.80131272432864], [-1.105302837743676, 44.80131272616458], [-1.105302840490578, 44.80131273731514], [-1.105302849578494, 44.80131277420591], [-1.10530285016319, 44.80131277657935], [-1.105302850570652, 44.80131277823338], [-1.105302866761496, 44.80131284395722], [-1.105302956836602, 44.801313209600835], [-1.105303120388488, 44.80131387351021], [-1.105303608684309, 44.801315855658906], [-1.105304421724165, 44.801319156046866], [-1.105306026954544, 44.80132567218728], [-1.105308424376148, 44.80133540408005], [-1.105310185318337, 44.80134255229873], [-1.105311260121913, 44.80134691526361], [-1.105311309780521, 44.80134711684348], [-1.105311352927238, 44.80134729198947], [-1.105311994152136, 44.801349894922055], [-1.105312238433019, 44.80135088653456], [-1.105312416528519, 44.80135160947982], [-1.105312528438616, 44.80135206375785], [-1.105312599247229, 44.80135235119212], [-1.105312628954343, 44.80135247178263], [-1.105312653240401, 44.80135257036729], [-1.105312672105387, 44.801352646946164], [-1.10531268176473, 44.80135268615644], [-1.10531268221843, 44.801352687998154], [-1.105312682502668, 44.80135268915197], [-1.105312682617454, 44.80135268961792], [-1.105312682692311, 44.801352689921806], [-1.105312682719352, 44.80135269003153], [-1.105312682727254, 44.80135269006362], [-1.10531268274668, 44.80135269014252], [-1.105312683022152, 44.80135269126072], [-1.105312683363559, 44.80135269264656], [-1.105312684069875, 44.80135269551375], [-1.105312684585491, 44.801352697606795], [-1.105312685313256, 44.801352700561026], [-1.105312685811926, 44.801352702585255], [-1.105312686753993, 44.8013527064094], [-1.105312687042845, 44.80135270758195], [-1.105312694317357, 44.80135273711147], [-1.105312706300187, 44.80135278575349], [-1.105312707635469, 44.80135279117382], [-1.105312758599569, 44.801352998053005], [-1.105312844156517, 44.801353345355395], [-1.105312847209654, 44.80135335774902], [-1.105312886085886, 44.80135351555979], [-1.105313144683653, 44.80135456528878], [-1.105313651021606, 44.801356620672316], [-1.105313941723167, 44.801357800720496], [-1.105314013447219, 44.80135809187075], [-1.105314231960483, 44.80135897888408], [-1.10531559873586, 44.80136452704975], [-1.10531653558892, 44.80136833002639], [-1.105318113774223, 44.80137473636763], [-1.1053200997834, 44.80138279818923], [-1.10532155676284, 44.801388712514616], [-1.105322369674304, 44.80139201237031], [-1.105322538517503, 44.80139269775637], [-1.105322684006246, 44.80139328833945], [-1.105322806140501, 44.80139378411962], [-1.105322877716977, 44.801394074670334], [-1.105322898735657, 44.80139415999154], [-1.105322900905872, 44.80139416880108], [-1.105322909246969, 44.80139420266014], [-1.105322909259257, 44.80139420271004], [-1.105322909271992, 44.80139420276176], [-1.105322909309244, 44.801394202912974], [-1.105322909371005, 44.80139420316368], [-1.10532290949176, 44.80139420365383], [-1.1053229096715, 44.80139420438345], [-1.105322909875068, 44.801394205209796], [-1.105322910102466, 44.801394206132855], [-1.105322910258762, 44.801394206767334], [-1.105322910315873, 44.801394206999156], [-1.105322910515283, 44.801394207808634], [-1.105322912849427, 44.80139421728361], [-1.1053229173183, 44.80139423542414], [-1.105322931534568, 44.80139429313232], [-1.105322955498247, 44.80139439040817], [-1.105323012922044, 44.801394623508834], [-1.105323103805961, 44.801394992434304], [-1.105323296475706, 44.80139577453942], [-1.105323442476219, 44.8013963671999], [-1.105323500343522, 44.80139660210089], [-1.105324028932858, 44.80139874780556], [-1.105325521499902, 44.801404806587435], [-1.105327920178082, 44.80141454354542], [-1.105331556576199, 44.80142930477342], [-1.1053364306967, 44.80144909027113], [-1.105341304821521, 44.80146887576825], [-1.105343819871619, 44.80147908508454], [-1.105346178950659, 44.801488661264806], [-1.105352046295492, 44.80151341720914], [-1.105358906859712, 44.80154314360076], [-1.105366760647737, 44.80157784043909], [-1.10537560766463, 44.80161750772345], [-1.105384229374345, 44.801657199080154], [-1.105392625776402, 44.801696914509364], [-1.105400796870349, 44.80173665401108], [-1.105408742655724, 44.80177641758535], [-1.105416463132056, 44.80181620523233], [-1.105423958298889, 44.80185601695191], [-1.105431228155733, 44.80189585274432], [-1.105438272702148, 44.8019357126095], [-1.105445091937648, 44.80197559654755], [-1.105451685861786, 44.802015504558504], [-1.105458054474078, 44.80205543664244], [-1.105461027434983, 44.80207477285516], [-1.105464197774052, 44.80209539279939], [-1.105468622039748, 44.80212416826923], [-1.105469573171626, 44.802130354435306], [-1.105470240442195, 44.80213469436493], [-1.105474180662752, 44.80216032155076], [-1.105477270395977, 44.80218041714524], [-1.105478842366703, 44.80219064121945], [-1.105479630193571, 44.80219576523166], [-1.105479632193874, 44.8021957782416], [-1.105479633875977, 44.80219578918195], [-1.105479635122879, 44.80219579729177], [-1.105479635724936, 44.80219580120753], [-1.105479635740448, 44.80219580130847], [-1.105479635833065, 44.80219580191085], [-1.105479635892606, 44.80219580229803], [-1.105479636002788, 44.80219580301466], [-1.10547963676908, 44.802195807998636], [-1.105479638131949, 44.8021958168627], [-1.105479648220798, 44.80219588248039], [-1.105479663121526, 44.80219597939448], [-1.105479667035621, 44.80219600485167], [-1.105479694892213, 44.80219618603039], [-1.105479743748638, 44.802196503791684], [-1.105479878359836, 44.80219737930041], [-1.10548061618581, 44.802202178106086], [-1.105481957226996, 44.80221090020859], [-1.105483395665781, 44.802220255778664], [-1.105484931502306, 44.80223024481626], [-1.105485699420855, 44.80223523933505], [-1.105486276143286, 44.802238125399235], [-1.105487429588383, 44.8022438975276], [-1.105489159756612, 44.80225255572008], [-1.105491466648675, 44.80226409997657], [-1.105494350265509, 44.80227853029694], [-1.105497810608278, 44.80229584668103], [-1.105501847678393, 44.80231604912864], [-1.105506461477483, 44.80233913763957], [-1.105510498555779, 44.80235934008605], [-1.105513958911641, 44.80237665646837], [-1.10551684254367, 44.80239108678667], [-1.105519149450698, 44.80240263104109], [-1.105520879631783, 44.80241128923181], [-1.105522033086231, 44.80241706135892], [-1.105522609813572, 44.80241994742244], [-1.105522995341828, 44.80242072503184], [-1.105523766398363, 44.80242228025056], [-1.105524555386487, 44.8024238716372], [-1.105525362306218, 44.802425499191685], [-1.105525702753119, 44.80242618587196], [-1.105525907946151, 44.80242659974562], [-1.105525946399555, 44.80242667730598], [-1.105526192306248, 44.802427173298966], [-1.105526308244779, 44.802427407146574], [-1.105526374147721, 44.80242754007257], [-1.105526393450123, 44.80242757900547], [-1.105526453470571, 44.80242770006647], [-1.105526585377282, 44.80242796612184], [-1.105526769867862, 44.802428338238705], [-1.105526864494895, 44.80242852910106], [-1.105526869258367, 44.80242853870899], [-1.105526873181517, 44.80242854662198], [-1.105526873635286, 44.802428547537225], [-1.105526877625659, 44.80242855558579], [-1.10552688002281, 44.80242856042084], [-1.105526880826734, 44.80242856204236], [-1.105526881533955, 44.80242856346884], [-1.105526882144487, 44.80242856470024], [-1.105526882454231, 44.80242856532498], [-1.105526882513306, 44.802428565444174], [-1.105526882533661, 44.802428565485236], [-1.105526882640406, 44.80242856570053], [-1.105526882736154, 44.802428565893635], [-1.105526882755718, 44.80242856593312], [-1.105526882800532, 44.8024285660235], [-1.105526882836536, 44.80242856609611], [-1.105526882852091, 44.80242856612751], [-1.105526882889568, 44.802428566203076], [-1.105526882924908, 44.80242856627437], [-1.105526882939776, 44.80242856630434], [-1.105526882957121, 44.802428566339344], [-1.105526883010071, 44.80242856644614], [-1.10552688307816, 44.80242856658348], [-1.105526883100466, 44.80242856662846], [-1.105526883324241, 44.802428567079815], [-1.10552688338143, 44.80242856719517], [-1.105526883681391, 44.802428567800185], [-1.105526883983736, 44.80242856841002], [-1.105526884191637, 44.80242856882936], [-1.105526884231267, 44.80242856890927], [-1.105526884844042, 44.80242857014523], [-1.105526885000588, 44.802428570461], [-1.105526885822067, 44.802428572117925], [-1.105526893610798, 44.802428587827755], [-1.105526895091234, 44.80242859081379], [-1.105526896772682, 44.80242859420527], [-1.105526912651518, 44.802428626232825], [-1.105527000112085, 44.8024288026405], [-1.10552715747293, 44.80242912003674], [-1.105527587412553, 44.80242998722339], [-1.105528234409978, 44.80243129221475], [-1.105528289930992, 44.80243140420043], [-1.105528661279411, 44.80243215320877], [-1.105528663930194, 44.80243215855539], [-1.105528701457782, 44.80243223424841], [-1.105528755219982, 44.80243234268654], [-1.105528822566002, 44.80243247852319], [-1.105528857492817, 44.802432548970444], [-1.105528860000427, 44.80243255402831], [-1.105528861863762, 44.80243255778664], [-1.105528863009773, 44.802432560098126], [-1.105528863082827, 44.80243256024546], [-1.10552886379643, 44.802432561684796], [-1.105528863813055, 44.80243256171831], [-1.105528864004576, 44.802432562104634], [-1.105528864152467, 44.802432562402934], [-1.105528864240096, 44.802432562579675], [-1.105528864308442, 44.80243256271752], [-1.105528864357511, 44.8024325628165], [-1.105528864395777, 44.80243256289367], [-1.105528864423245, 44.8024325629491], [-1.105528864446624, 44.80243256299624], [-1.105528864465922, 44.802432563035154], [-1.105528864483395, 44.8024325630704], [-1.105528864499048, 44.80243256310196], [-1.105528864576971, 44.80243256325912], [-1.105528864695829, 44.80243256349889], [-1.105528864717152, 44.8024325635419], [-1.105528866291823, 44.802432566718], [-1.10552886717492, 44.802432568499185], [-1.10552886930099, 44.802432572787474], [-1.105528871299215, 44.80243257681788], [-1.105528871996666, 44.80243257822463], [-1.105528872286501, 44.802432578809245], [-1.105528878035281, 44.80243259040449], [-1.10552888112268, 44.80243259663177], [-1.10552888854555, 44.802432611603656], [-1.105528895056701, 44.80243262473666], [-1.105528895254133, 44.80243262513486], [-1.105528897568758, 44.80243262980346], [-1.105528900244635, 44.80243263520071], [-1.105528901581074, 44.80243263789627], [-1.105528903084348, 44.80243264092835], [-1.105528919778214, 44.80243267459983], [-1.105528941315459, 44.80243271804037], [-1.105528950326231, 44.80243273621508], [-1.105529304295382, 44.802433450169424], [-1.105529478888785, 44.802433802323634], [-1.105529981685688, 44.8024348164629], [-1.105530759704007, 44.802436385722615], [-1.105531638350387, 44.80243815794855], [-1.105532166746043, 44.80243922372023], [-1.105532344890939, 44.802439583037675], [-1.105532397662185, 44.80243968947704], [-1.10553254035667, 44.802439977291186], [-1.105532753143244, 44.802440406480706], [-1.10553289303494, 44.802440688641596], [-1.105532911899513, 44.802440726691366], [-1.105532960031778, 44.80244082377389], [-1.10553301418734, 44.80244093300545], [-1.105533055501648, 44.802441016336196], [-1.105533076891074, 44.80244105947858], [-1.105533078222431, 44.80244106216392], [-1.105533078355616, 44.80244106243256], [-1.10553307850018, 44.802441062724135], [-1.105533079415288, 44.8024410645699], [-1.105533080070084, 44.802441065890605], [-1.105533080547039, 44.80244106685261], [-1.105533080825721, 44.802441067414726], [-1.105533080846145, 44.80244106745593], [-1.105533081006587, 44.80244106777953], [-1.105533081028371, 44.80244106782347], [-1.105533081043351, 44.802441067853714], [-1.105533081083839, 44.80244106793537], [-1.105533081132442, 44.80244106803342], [-1.105533081258172, 44.80244106828701], [-1.10553308128609, 44.802441068343306], [-1.105533081646691, 44.802441069070646], [-1.105533081782264, 44.802441069344106], [-1.105533082620968, 44.80244107103574], [-1.105533084341362, 44.80244107450578], [-1.105533086943444, 44.80244107975418], [-1.105533089384996, 44.802441084678776], [-1.10553309166602, 44.802441089279576], [-1.105533105856643, 44.80244111790199], [-1.105533131956852, 44.80244117054601], [-1.10553316284693, 44.802441232851145], [-1.105533198526859, 44.8024413048174], [-1.105533263427393, 44.80244143572146], [-1.105533357548532, 44.80244162556337], [-1.105534047156749, 44.80244301649985], [-1.105535332252155, 44.802445608530896], [-1.10553592776725, 44.80244680968177], [-1.105536067782213, 44.80244709209122], [-1.10553608124818, 44.80244711925202], [-1.105536253746816, 44.8024474671809], [-1.105536380941785, 44.802447723732435], [-1.105536449367112, 44.80244786174596], [-1.105536500444088, 44.802447964767964], [-1.10553653417273, 44.80244803279846], [-1.10553655361022, 44.80244807200378], [-1.105536557439034, 44.802448079726474], [-1.105536558756597, 44.80244808238396], [-1.105536560046132, 44.80244808498496], [-1.105536561555265, 44.802448088028854], [-1.105536562006258, 44.80244808893854], [-1.105536562141557, 44.8024480892114], [-1.105536562257143, 44.80244808944457], [-1.105536562307917, 44.80244808954698], [-1.105536562361544, 44.80244808965514], [-1.105536562418035, 44.802448089769065], [-1.105536562581218, 44.80244809009824], [-1.105536562672789, 44.80244809028293], [-1.105536562851106, 44.80244809064257], [-1.105536563032643, 44.80244809100874], [-1.105536563094218, 44.80244809113294], [-1.105536563125842, 44.802448091196716], [-1.105536590189034, 44.802448145783046], [-1.105536644222212, 44.8024482547677], [-1.105536687747074, 44.80244834255711], [-1.105537011167331, 44.80244899489399], [-1.105537691024404, 44.80245036616202], [-1.105538390779769, 44.80245177756472], [-1.105539110433433, 44.80245322910203], [-1.105539618228512, 44.80245425332179], [-1.105539914164983, 44.80245485022392], [-1.105540054868651, 44.80245513402238], [-1.105540063935807, 44.802455152310785], [-1.105540064045943, 44.802455152532936], [-1.105540067540988, 44.802455159582394], [-1.105540070018128, 44.802455164578774], [-1.105540071367239, 44.80245516729993], [-1.105540072294325, 44.80245516916985], [-1.10554007279938, 44.80245517018855], [-1.105540073064644, 44.802455170723576], [-1.1055400730901, 44.80245517077498], [-1.105540073119141, 44.80245517083353], [-1.105540073151769, 44.80245517089934], [-1.105540073205292, 44.80245517100728], [-1.105540073221601, 44.80245517104021], [-1.105540073279709, 44.8024551711574], [-1.105540073401816, 44.802455171403686], [-1.105540073518508, 44.802455171639025], [-1.10554007357161, 44.80245517174614], [-1.105540073845885, 44.802455172299354], [-1.105540074001531, 44.80245517261331], [-1.105540074224635, 44.80245517306329], [-1.105540128990929, 44.802455283526584], [-1.105540238144757, 44.80245550368922], [-1.10554040695243, 44.802455844173295], [-1.105540635413943, 44.8024563049788], [-1.105540772490859, 44.80245658146208], [-1.105540777263728, 44.802456591088955], [-1.105540818183162, 44.802456673623205], [-1.10554083982928, 44.80245671728328], [-1.105540866731231, 44.802456771544364], [-1.105540918135076, 44.80245687522561], [-1.105540920591304, 44.802456880179776], [-1.105540972394694, 44.802456984666904], [-1.105540999604756, 44.802457039549445], [-1.105541029510063, 44.80245709986826], [-1.105541059101677, 44.8024571595544], [-1.105541060355204, 44.80245716208272], [-1.105541061169546, 44.80245716372523], [-1.105541062738585, 44.802457166889994], [-1.105541063446504, 44.802457168317865], [-1.105541065932583, 44.80245717333227], [-1.105541067740586, 44.80245717697902], [-1.10554106887052, 44.80245717925806], [-1.10554106926737, 44.802457180058504], [-1.105541069577781, 44.802457180684584], [-1.105541069744313, 44.80245718102051], [-1.105541069862366, 44.80245718125862], [-1.105541069936263, 44.80245718140767], [-1.105541070040496, 44.80245718161791], [-1.105541070112164, 44.80245718176245], [-1.105541070160054, 44.80245718185904], [-1.105541070184184, 44.802457181907734], [-1.105541071409212, 44.80245718437858], [-1.105541073835147, 44.802457189271685], [-1.105541081779106, 44.802457205294616], [-1.105541105439832, 44.802457253018154], [-1.10554116622326, 44.802457375617934]], [[-0.989310449317436, 44.88660343588189], [-0.990245991081783, 44.88745170318191], [-0.992019064033981, 44.88783844095206], [-0.993679595362214, 44.8880648463279], [-0.995227568966693, 44.8881309250985], [-0.996319133616509, 44.8877286247309], [-0.996954272414855, 44.88685795952665], [-0.997729844309231, 44.88628813578392], [-0.998645856520717, 44.886019150573816], [-1.000777086359891, 44.88556432543575], [-1.004123486336747, 44.88492358660387], [-1.007333397937572, 44.88461285974096], [-1.010406879130463, 44.88463215647295], [-1.013401247702671, 44.884659734578534], [-1.01631650461246, 44.8846956008584], [-1.019178652353489, 44.8832446252406], [-1.021987480762983, 44.880306811967216], [-1.023494582336277, 44.878339089568705], [-1.023700158195215, 44.87734151434169], [-1.024109965176758, 44.87594920227911], [-1.024723983061509, 44.874162150245375], [-1.024895042501528, 44.872229621483044], [-1.024623189848267, 44.87015161662813], [-1.024642611887963, 44.869030253521174], [-1.024953285038218, 44.86886553472228], [-1.026111111500506, 44.867528940374115], [-1.028115969184303, 44.865020441494565], [-1.030314966208406, 44.86409853035863], [-1.032708270927266, 44.864763194220494], [-1.034425021481941, 44.86486814669666], [-1.035465160855038, 44.86441342254777], [-1.03668144100383, 44.86342338865515], [-1.038073821393604, 44.86189803858439], [-1.039617913752915, 44.86072967606773], [-1.041313735647594, 44.859918294860776], [-1.04243956105761, 44.85888037231575], [-1.042995408867696, 44.85761592603467], [-1.041952950306903, 44.85643502764342], [-1.039312283109633, 44.8553376273229], [-1.037089449738117, 44.8543106422931], [-1.035284417278554, 44.85335410014086], [-1.034178241757829, 44.85306962632709], [-1.033770870538907, 44.85345724461284], [-1.032675032676649, 44.85363087049867], [-1.030890734929675, 44.853590482187826], [-1.028621704697122, 44.85314224493087], [-1.025868005667619, 44.85228612534102], [-1.023043963395555, 44.853234734592824], [-1.020149312535667, 44.855988068885694], [-1.017891763317711, 44.85713956674222], [-1.016271535222065, 44.856689268903374], [-1.014274878080503, 44.85627964743053], [-1.011901796530341, 44.85591068061102], [-1.007819928436834, 44.85572248224942], [-1.002029259010851, 44.85571485179479], [-0.997258783852407, 44.85585276875166], [-0.993508467972839, 44.85613637399617], [-0.990184216364559, 44.856769481049675], [-0.98728598106702, 44.85775213124156], [-0.98424984982347, 44.85843917390012], [-0.981075864803281, 44.85883059652255], [-0.977903050078054, 44.85882715650837], [-0.974731472821929, 44.85842885257799], [-0.971532650201601, 44.857892388049045], [-0.968306607272395, 44.85721775973853], [-0.966121278358112, 44.85719442646206], [-0.964976583222258, 44.85782245541459], [-0.964628556155819, 44.85907121417071], [-0.965077243690876, 44.86094070814069], [-0.966009116508218, 44.862646526855286], [-0.967424209299365, 44.864188657212985], [-0.969125655763658, 44.865543913882604], [-0.971113458543646, 44.86671228330695], [-0.971569361631672, 44.86797743682032], [-0.970493263474724, 44.86933939637613], [-0.970732558476889, 44.870684562852986], [-0.972287341534057, 44.872012925275506], [-0.974644564567116, 44.87242974117112], [-0.977804129858788, 44.8719349588775], [-0.98076023858867, 44.8725223862211], [-0.983513059470731, 44.8741920357126], [-0.984624948803354, 44.87538946743627], [-0.984095767279812, 44.87611473798859], [-0.982908496467608, 44.8771200160228], [-0.981063085749979, 44.878405279497315], [-0.980484037217472, 44.87935601536518], [-0.981171422961008, 44.87997224391697], [-0.982508455388411, 44.88060601229015], [-0.984495158883376, 44.88125729494718], [-0.986505338389016, 44.88161908247422], [-0.988538962502876, 44.8816913743798], [-0.989457689094013, 44.88245532297141], [-0.989261508893342, 44.883910956835166], [-0.989212425489011, 44.88529366107121], [-0.989310449317436, 44.88660343588189]], [[-1.083779656800542, 44.882914817099], [-1.084772142137556, 44.88402824479825], [-1.086692367679372, 44.88474218175103], [-1.08774889231562, 44.884773137240316], [-1.087941674730266, 44.88412113844777], [-1.087614633764677, 44.88349582021106], [-1.086767786472925, 44.882897177314376], [-1.086310869528375, 44.88222828734132], [-1.086243870769913, 44.88148915557789], [-1.086143160137664, 44.88058139899535], [-1.086008741202575, 44.87950501710312], [-1.085851635492973, 44.87851715986067], [-1.085671842889703, 44.877617827349766], [-1.08593981239623, 44.877046470852584], [-1.086655533894904, 44.876803087514354], [-1.087067554374776, 44.87673311283039], [-1.087175878589103, 44.87683655033071], [-1.087532936806581, 44.87710241492562], [-1.088138736072098, 44.877530703820746], [-1.088578348425786, 44.87787109044647], [-1.088851768479508, 44.8781235770813], [-1.089177271950385, 44.878264904386576], [-1.089554857206881, 44.878295071940755], [-1.089890892915735, 44.87830326403437], [-1.090185378645674, 44.8782894810789], [-1.09066003986929, 44.87824769365971], [-1.09131487557277, 44.878177899332506], [-1.092184540136857, 44.87806759984119], [-1.093269030638731, 44.87791678985674], [-1.093943116813031, 44.877633707553436], [-1.094206800048264, 44.877218360791574], [-1.094267898727593, 44.87671900267982], [-1.094126418267316, 44.87613563337445], [-1.094052947139736, 44.87584080935608], [-1.094047482562275, 44.87583453100362], [-1.094098810647215, 44.87570471712982], [-1.094206930768435, 44.875451367630426], [-1.09473012970337, 44.87504504734622], [-1.095668394765201, 44.87448575015778], [-1.096245099341373, 44.8739362973335], [-1.096460254125017, 44.87339669466687], [-1.097019888785169, 44.872963869111935], [-1.097923998438219, 44.87263781531431], [-1.098438445958654, 44.87218109669034], [-1.098563237458851, 44.87159371876186], [-1.09866217548979, 44.87127266916681], [-1.098735261340352, 44.87121794812997], [-1.098744039012274, 44.87105184194237], [-1.098688509148171, 44.87077435056838], [-1.098719698587555, 44.87055890921968], [-1.098837606346448, 44.87040551786682], [-1.099251787901017, 44.87012371170624], [-1.099962236297004, 44.869713487273266], [-1.100333516113287, 44.86950258086248], [-1.100365634736734, 44.86949099603436], [-1.100135472689272, 44.86908594579167], [-1.099643041651227, 44.8682874278201], [-1.098933749707939, 44.86779405166717], [-1.098007590163047, 44.86760581335557], [-1.096680022655196, 44.86783352373254], [-1.094951013887062, 44.868477167945436], [-1.093143276470619, 44.86872732974893], [-1.091256847008589, 44.86858400448695], [-1.090291367961004, 44.868198969200456], [-1.090246832447094, 44.86757224944943], [-1.090609166015193, 44.86675864391435], [-1.091378348451151, 44.865758148453516], [-1.090921540912614, 44.865089268467415], [-1.089238778412713, 44.86475198755701], [-1.087471118979468, 44.864595946585005], [-1.085618546120771, 44.86462114163076], [-1.084754033753794, 44.864942876430106], [-1.08487758485531, 44.865561175326924], [-1.085001139537835, 44.86617947373701], [-1.085124697801515, 44.8667977716604], [-1.084688815464514, 44.86764788990152], [-1.083693463175065, 44.868729821637345], [-1.082695941906028, 44.86984223421165], [-1.081696250123008, 44.87098512752396], [-1.080802808405286, 44.87155197563026], [-1.080015645322983, 44.87154278135033], [-1.079493698373853, 44.87170146101405], [-1.079236965136828, 44.87202801860329], [-1.079160164100384, 44.8725114287801], [-1.079263299770835, 44.873151691690836], [-1.079290315873001, 44.873720854059115], [-1.079241209709448, 44.874218916084544], [-1.079190306381761, 44.874769972791036], [-1.079137605885503, 44.875374024115274], [-1.079221888079782, 44.87585788334816], [-1.079443155604959, 44.87622155022333], [-1.079562175005849, 44.87663130601937], [-1.079578944440405, 44.87708715108576], [-1.079604546737725, 44.87740124623318], [-1.079638981557451, 44.87757359155481], [-1.079786308728837, 44.87770101928156], [-1.080046528649332, 44.87778352893817], [-1.080191975210372, 44.87782964624], [-1.080222647814232, 44.87783937168375], [-1.080362474184866, 44.87803339241484], [-1.080611457094939, 44.87841170786167], [-1.080754266251885, 44.87887033436452], [-1.08079089988539, 44.87940927232031], [-1.081142837017794, 44.87980281193721], [-1.081810081306371, 44.88005095006245], [-1.082267288892626, 44.880209257496205], [-1.082514455587357, 44.88027773712078], [-1.082617672339443, 44.88024055704129], [-1.082576938860319, 44.88009771768355], [-1.082740201488484, 44.88001554228328], [-1.083107459860067, 44.87999402989935], [-1.08345204646813, 44.8801069402939], [-1.083773963752503, 44.880354273609505], [-1.083871816268817, 44.88051982448332], [-1.083745601483148, 44.88060359362773], [-1.083714879431104, 44.88140192491344], [-1.083779656800542, 44.882914817099]], [[-1.128024190948453, 44.80986629367163], [-1.128650281956969, 44.809665956908], [-1.129232846523265, 44.80914440586906], [-1.129671155435533, 44.80889010516929], [-1.129965216407676, 44.808903056612216], [-1.130367043839833, 44.808830406467756], [-1.130876635560992, 44.808672153519964], [-1.131207192415728, 44.808451602140074], [-1.131358715440484, 44.80816875398372], [-1.131449047570311, 44.8079961447244], [-1.131478189771306, 44.80793377454108], [-1.131331229618861, 44.807771764114435], [-1.131008169560901, 44.80751011261321], [-1.130508896468648, 44.807408046596535], [-1.12983340702966, 44.80746556363158], [-1.129441803732195, 44.80748527480066], [-1.129334087538681, 44.807467183290335], [-1.129107012412376, 44.807424840354834], [-1.128760578955994, 44.80735824519801], [-1.128233618431447, 44.807325788316824], [-1.127526130288766, 44.80732746698243], [-1.127119900842407, 44.807482045462294], [-1.127014929279577, 44.807789527252176], [-1.126921599638933, 44.80810316870976], [-1.126839912096801, 44.8084229698586], [-1.126750963750508, 44.808706517437614], [-1.126654754594937, 44.80895381144996], [-1.126709931587527, 44.809229337624714], [-1.126916497106141, 44.80953309565489], [-1.127354583402406, 44.80974541530161], [-1.128024190948453, 44.80986629367163]], [[-1.076570967598232, 44.880815455734144], [-1.076791277898469, 44.88140232780599], [-1.077464541680462, 44.88098888296532], [-1.078104154558445, 44.88057901512254], [-1.078854234596853, 44.880206207927095], [-1.079330607466241, 44.87966723167598], [-1.079335797110752, 44.87934931031072], [-1.07921639171604, 44.8787516983509], [-1.078659041927047, 44.87871338460029], [-1.077928293137113, 44.8790108955613], [-1.077245503892718, 44.879376534274215], [-1.076783224971556, 44.88015812826006], [-1.076570967598232, 44.880815455734144]]]}}]}