{"type": "FeatureCollection", "name": "zone_brulee", "crs": {"type": "name", "properties": {"name": "urn:ogc:def:crs:OGC:1.3:CRS84"}}, "features": [{"type": "Feature", "properties": {"commune": "Porge", "firedate": "2026-07-22T11:55:00", "lastupdate": "2026-07-23T07:45:17.536000", "surface_ha": 38120.0, "fetch_timestamp": "2026-07-30T06:39:17.232533"}, "geometry": {"type": "Polygon", "coordinates": [[[-0.898242182867332, 44.86617921627287], [-0.889648276476418, 44.86625195483262], [-0.883752776969876, 44.86703408581441], [-0.873785205719349, 44.868406802445556], [-0.86324609599539, 44.86686143833918], [-0.857259621385366, 44.86004434231839], [-0.857474016882149, 44.856383738555444], [-0.860550337907887, 44.85308593555013], [-0.8666725875596, 44.852281329895256], [-0.874834515865342, 44.85357848620001], [-0.883516249556187, 44.85515142699379], [-0.892296033147823, 44.855741292292464], [-0.892532425874068, 44.85490162638277], [-0.894045336779756, 44.854106500297235], [-0.896735315318389, 44.853709041501794], [-0.898845961920878, 44.85377598025841], [-0.900377325919001, 44.85430735071051], [-0.902156283053692, 44.85457595401686], [-0.904182811854784, 44.854581778078824], [-0.906974852690917, 44.854798700827246], [-0.910532448712267, 44.85522665971582], [-0.912750982977185, 44.85565895098797], [-0.913630421716071, 44.85609566090417], [-0.914921719044728, 44.855898341877754], [-0.916624828112794, 44.85506697929136], [-0.918668388276765, 44.855192748665566], [-0.921052508251348, 44.856275627473615], [-0.922455575835879, 44.85753598883483], [-0.922877538031558, 44.85897387302086], [-0.923345544435568, 44.85995726312035], [-0.923859583177965, 44.860486159688904], [-0.924304210773989, 44.8609598922726], [-0.924679423940742, 44.861378461882296], [-0.925320875597008, 44.86181070969498], [-0.926228572611137, 44.86225663063847], [-0.928692973192886, 44.86272640804291], [-0.932714124006342, 44.86321993043323], [-0.934912383518066, 44.86367589761112], [-0.935287698205763, 44.86409442612615], [-0.936006744943378, 44.86462254699777], [-0.937069538343017, 44.86526025268652], [-0.938002611549465, 44.86553688095377], [-0.938805943783958, 44.86545243592123], [-0.939213267571291, 44.864993277667104], [-0.939224585424027, 44.864159410426716], [-0.939094816333523, 44.86357931534084], [-0.938823961980908, 44.8632529921545], [-0.938363108398473, 44.86269774797863], [-0.937712267827853, 44.86191357977457], [-0.937673578785119, 44.860450508260215], [-0.938247001119149, 44.85830853287201], [-0.938888170918786, 44.856659033771976], [-0.93959709386355, 44.85550201128608], [-0.940212863485517, 44.854794054805886], [-0.940735496005063, 44.85453516631292], [-0.939534947168751, 44.853668022644975], [-0.936611341961296, 44.852192560540225], [-0.933203849324743, 44.84863523356201], [-0.929312991891763, 44.84299596800088], [-0.927795782340507, 44.8390263720228], [-0.928651532753238, 44.83672657736759], [-0.930764910121536, 44.83458538346307], [-0.934135788841669, 44.83260271702364], [-0.93840999891681, 44.830641229455146], [-0.943587454272891, 44.828700811351986], [-0.946954562830949, 44.827532250123184], [-0.948511564541457, 44.82713571835093], [-0.949998201870178, 44.82721182758171], [-0.951414512291341, 44.827760579981245], [-0.95201893829804, 44.82841169274751], [-0.951811454779111, 44.82916518040027], [-0.952929366605043, 44.828878842170205], [-0.955372594756025, 44.82755263636867], [-0.95737211303352, 44.82715192217651], [-0.958928026692668, 44.82767672376119], [-0.960296758181209, 44.82847951319777], [-0.961478321011117, 44.82956029712379], [-0.963931620097299, 44.83013393556777], [-0.967656629410451, 44.83020033977191], [-0.972186704578157, 44.83018392706469], [-0.977521828844049, 44.830084592695655], [-0.980127019059701, 44.829949099644885], [-0.980002282163344, 44.82977765270334], [-0.980306237835372, 44.829721622087604], [-0.981038886770301, 44.82978100404186], [-0.981477260861253, 44.82948352700691], [-0.981621356970326, 44.828829194543005], [-0.981184262265715, 44.82797867659088], [-0.98016600919708, 44.826931964809766], [-0.978799082243453, 44.82595302965451], [-0.977083494818384, 44.82504185725077], [-0.975944728729442, 44.82419994598121], [-0.975382752628122, 44.82342731554541], [-0.972562408241489, 44.82116593489428], [-0.967484223069788, 44.817415602523354], [-0.964765873988151, 44.81452530574678], [-0.964406847167333, 44.81249524525839], [-0.964103930735983, 44.810782294156326], [-0.963857110830501, 44.809386454355135], [-0.964958665192406, 44.80804444180483], [-0.96740850128738, 44.806756215755776], [-0.970002680284358, 44.80539196523274], [-0.972741182182565, 44.80395167963432], [-0.974440132126007, 44.80245052819737], [-0.975099606760526, 44.800888560056045], [-0.974709799639358, 44.799322571127846], [-0.973270799290082, 44.79775254777591], [-0.971821615693817, 44.7965656774763], [-0.970362216816233, 44.795761961419345], [-0.969050330456436, 44.79503944370426], [-0.96788594461002, 44.794398130281344], [-0.966204711768019, 44.79382034185731], [-0.964006642918179, 44.79330605322809], [-0.962744589993419, 44.79222194747349], [-0.962418539906642, 44.7905680576256], [-0.962241192548405, 44.789668407508636], [-0.962212529134691, 44.78952299969704], [-0.962039594649005, 44.78803209355673], [-0.961722426196945, 44.785195683384664], [-0.960772017589468, 44.78356631964127], [-0.959435524717469, 44.783209907646985], [-0.959305809823797, 44.78179954033001], [-0.954807432316021, 44.77960204996667], [-0.947626292123873, 44.78124935309914], [-0.94619543042091, 44.781885980353074], [-0.942471963820875, 44.78204225649048], [-0.938265353896217, 44.78144870188238], [-0.934527499129075, 44.78006540268697], [-0.931809905765183, 44.7782292123115], [-0.930112541778032, 44.775940209617445], [-0.928414324576171, 44.77419003309342], [-0.92754850911126, 44.769781446323464], [-0.923707896521829, 44.76773625014246], [-0.918507226140733, 44.7667244025356], [-0.913520634967839, 44.766802997445005], [-0.911984284298078, 44.76756457238619], [-0.910101419080714, 44.76849785877378], [-0.904409407472383, 44.769763220438364], [-0.897976300405641, 44.77043808659035], [-0.893195478554174, 44.77316562201487], [-0.887623150279419, 44.776643693094606], [-0.887252891793297, 44.77677652950452], [-0.883781471920222, 44.778021867215074], [-0.883240774322993, 44.778215822176136], [-0.882140128704297, 44.77829324201458], [-0.878382004918387, 44.77855750113597], [-0.876763857318815, 44.77867124175937], [-0.876567709613541, 44.778634129078554], [-0.871464720218044, 44.77766845285172], [-0.869945877986904, 44.777380975110916], [-0.863868792740974, 44.77668069334251], [-0.861961831034122, 44.773318156467894], [-0.865833247806561, 44.76912894695742], [-0.866418228224076, 44.768755428672755], [-0.865495882672796, 44.76795193547568], [-0.863594343385465, 44.76613187728513], [-0.863756153662692, 44.76489376047016], [-0.864036426614951, 44.7615251865818], [-0.868639175119432, 44.75948549428718], [-0.876118056632372, 44.75937075986439], [-0.878874673081961, 44.759082166214974], [-0.8774869139171, 44.75677860691165], [-0.873734358560277, 44.755167811602284], [-0.870858224866946, 44.75324257552908], [-0.870049022366436, 44.74909743568751], [-0.866433186804368, 44.746581643430154], [-0.859798060071402, 44.74460405618409], [-0.856259514951001, 44.74408344848045], [-0.854389249072169, 44.74697658133687], [-0.854098786420445, 44.7474258736024], [-0.850806492862017, 44.74977334240136], [-0.846085197651633, 44.74959851116073], [-0.845405371855421, 44.74610766421063], [-0.845505737974469, 44.74513146277507], [-0.845729269634156, 44.74295725078958], [-0.843033600749422, 44.740344684992], [-0.838067508067046, 44.73730115154108], [-0.834223471442359, 44.736811724803935], [-0.827972392346877, 44.73679571929003], [-0.825216646535613, 44.73708295046984], [-0.822493765083777, 44.739147539719035], [-0.82194711658635, 44.742766198446596], [-0.821936521429372, 44.74283633252479], [-0.821673776515491, 44.74457552359898], [-0.815633704226303, 44.74564974653314], [-0.810300433246211, 44.745537044161644], [-0.810272185476457, 44.745527190327635], [-0.80377452623301, 44.74732890542932], [-0.795610402019433, 44.74550640851055], [-0.79222637746218, 44.74382437834798], [-0.790424769885383, 44.74292879820285], [-0.787045246953092, 44.73838267424372], [-0.786776142987791, 44.7369927392833], [-0.786411568034447, 44.735109544113094], [-0.792112924899608, 44.732291370234975], [-0.796758171795354, 44.7304730199698], [-0.799028229973929, 44.73090482454793], [-0.799497032844107, 44.73127959653063], [-0.802724468552686, 44.73385947640517], [-0.806398705581872, 44.73347728108804], [-0.80972882108645, 44.73135283891609], [-0.810317859789086, 44.73230165523092], [-0.811046972197689, 44.733044433837215], [-0.81189899743026, 44.73355353793627], [-0.812332329222913, 44.73381781875111], [-0.812346955382395, 44.73383728190327], [-0.812373339825621, 44.73385304663679], [-0.812411482557265, 44.733865112942766], [-0.813059044744638, 44.73406996370534], [-0.814316040411176, 44.734467587167096], [-0.81514881212312, 44.7346451245546], [-0.815557345428542, 44.73460258643991], [-0.816872037832793, 44.73404531364049], [-0.819092829363664, 44.73297327240387], [-0.820204251411178, 44.732436724279566], [-0.820206364361651, 44.732435704214986], [-0.821089416659529, 44.7320586677237], [-0.822853374592096, 44.73130559274995], [-0.824826775308469, 44.730468776351884], [-0.827009601526617, 44.729548206808055], [-0.828154999579367, 44.72899875332584], [-0.828263020000511, 44.72882044958926], [-0.828447088870043, 44.72851661398911], [-0.828707203981289, 44.728087246086034], [-0.828616246789699, 44.72745007467437], [-0.828174231141336, 44.726605098268806], [-0.827592743505858, 44.7257734405966], [-0.82687178968136, 44.724955099221724], [-0.82629262518513, 44.7242976773844], [-0.825855239289171, 44.723801177897954], [-0.824953944641548, 44.723024648152816], [-0.824444967461736, 44.72263073219963], [-0.825005016860263, 44.721522371886984], [-0.824332787336374, 44.71806079006982], [-0.825416631724657, 44.71808529586688], [-0.826334184739162, 44.7177564422721], [-0.833151962120993, 44.718446690719], [-0.837470490310302, 44.719776994325684], [-0.845726075405855, 44.72047340310105], [-0.851932903420517, 44.72027019801101], [-0.854662621784262, 44.72006714442164], [-0.856022069115057, 44.72049365139495], [-0.85861291715476, 44.721278218795824], [-0.859075409672821, 44.72136688916488], [-0.859610385683536, 44.72175458056063], [-0.860217856023027, 44.72244129139562], [-0.861153047846801, 44.72361223807544], [-0.862416009840991, 44.725267409553666], [-0.865329226884717, 44.726945412355654], [-0.869892855954875, 44.72864610443061], [-0.8721207578733, 44.72935743509248], [-0.874470384104505, 44.72932666298236], [-0.885399802849183, 44.72910766210435], [-0.892031526303637, 44.732013448060904], [-0.89452485623729, 44.73442704392034], [-0.895521250291037, 44.735818983795475], [-0.898811333157135, 44.7367106911829], [-0.901164339598292, 44.737771947528614], [-0.901794697156486, 44.7387899683162], [-0.905571491160519, 44.740562783130365], [-0.91249519375584, 44.743090036500725], [-0.917307115440058, 44.74498770417762], [-0.920006861252396, 44.746256090069195], [-0.922414972957598, 44.74663978349921], [-0.922480372747326, 44.74662430307074], [-0.922960942220598, 44.747999955662976], [-0.926586053336708, 44.74895454839719], [-0.933843032150443, 44.74930417396738], [-0.933857490327656, 44.7493020466126], [-0.934185697868329, 44.74944849647033], [-0.93555288002568, 44.74976911619748], [-0.937172053585593, 44.75045030310204], [-0.939043260980296, 44.75149204401673], [-0.940565265776743, 44.75241568735927], [-0.941738039830493, 44.75322124927659], [-0.942734073358959, 44.75386476283033], [-0.943553350780584, 44.75434623364185], [-0.944584924619546, 44.75498598872321], [-0.945828811767673, 44.75578402119365], [-0.947806176967643, 44.756772749077555], [-0.950517081981282, 44.75795212885951], [-0.954137044078364, 44.75839137240242], [-0.958665942890966, 44.758090387962405], [-0.962583366597793, 44.7573135618068], [-0.965889240726497, 44.756060963799875], [-0.969081626730374, 44.75548112544523], [-0.972160639991424, 44.7555740556177], [-0.974328470681032, 44.75561692019272], [-0.975585108710555, 44.75560977636935], [-0.977859000374338, 44.755596810981295], [-0.981150146823392, 44.75557795727298], [-0.984464561699313, 44.755831499164906], [-0.987802294125862, 44.75635743326545], [-0.990351715826621, 44.75676966835928], [-0.992112791402255, 44.75706826326142], [-0.993352221377307, 44.75763418735471], [-0.994070007957945, 44.758467458926525], [-0.99469518283324, 44.759377117081925], [-0.995227744443994, 44.760363163377264], [-0.995558816511762, 44.76090620129309], [-0.99568838369344, 44.761006233579636], [-0.996294327247938, 44.761276727362585], [-0.997376660210208, 44.76171767394684], [-0.998570154461227, 44.76210853121813], [-0.999874809147061, 44.762449295408516], [-1.001653149459574, 44.76294101952981], [-1.003905203630457, 44.76358367853909], [-1.005413843713515, 44.76366332577265], [-1.006179019587846, 44.76317999472051], [-1.0067907392989, 44.762396843161916], [-1.007249000903348, 44.761313873350225], [-1.007629145908241, 44.760583982868305], [-1.007931182813458, 44.76020717293896], [-1.008605942109896, 44.75974297597078], [-1.008983866371488, 44.75954396578389], [-1.013173406223444, 44.761631281987334], [-1.015744740041114, 44.76514403705507], [-1.016828222036485, 44.76903719202634], [-1.022341195753448, 44.76845248217173], [-1.024449480135693, 44.76488872255243], [-1.028960474894036, 44.76240587987545], [-1.030412504824793, 44.758688930005626], [-1.033744777551764, 44.75499490927381], [-1.037818722172718, 44.75188995935693], [-1.038045355940689, 44.748303026478986], [-1.038047949301718, 44.748279460538775], [-1.038409972169495, 44.748378198234654], [-1.039062180910288, 44.748360419046755], [-1.039345402389511, 44.748046346523914], [-1.039804618569683, 44.747514290677564], [-1.040439819950112, 44.746764249129235], [-1.041120196947659, 44.746242078254426], [-1.041845755838478, 44.745947777286126], [-1.042564680917046, 44.746392616441966], [-1.043277002584945, 44.747576594530585], [-1.043921209478206, 44.74829920752411], [-1.044497280837213, 44.748560457826066], [-1.044988757690738, 44.74910296394305], [-1.045395645932672, 44.749926726629695], [-1.045650438889112, 44.7504425507841], [-1.045753127083611, 44.75065043805749], [-1.045343167574768, 44.75139289281945], [-1.044420531152114, 44.75266990877859], [-1.044022496274325, 44.75362743399794], [-1.044149094342505, 44.75426547449201], [-1.044315568988178, 44.75477517968914], [-1.044521919732396, 44.75515654954577], [-1.045286081719202, 44.755385535833135], [-1.046608055797519, 44.75546212630912], [-1.047421365596072, 44.75549972751845], [-1.047726007926172, 44.75549835146649], [-1.04805220089867, 44.75538609838919], [-1.04839994254067, 44.75516296809868], [-1.049515530263688, 44.75485816022801], [-1.05139894780535, 44.754471650350496], [-1.052751502723436, 44.75448285979376], [-1.053573222685015, 44.754891808685954], [-1.054674833920079, 44.75550364772532], [-1.05605635869456, 44.75631836728913], [-1.056966468503831, 44.75673339779961], [-1.057405131869444, 44.756748752642906], [-1.057770550174949, 44.75683395164583], [-1.058062724460513, 44.75698899554627], [-1.058446055266295, 44.75727394460294], [-1.058920546926294, 44.75768879763907], [-1.059385592466645, 44.75827528946926], [-1.059841196517704, 44.75903341991133], [-1.060344310497135, 44.759866464121544], [-1.0608949389747, 44.7607744211834], [-1.061119788879699, 44.76125170414528], [-1.061018845283301, 44.761298315865695], [-1.060950072898996, 44.76136069795966], [-1.060913471780117, 44.76143885048784], [-1.061217646032723, 44.76159210168697], [-1.061862599862208, 44.76182044845457], [-1.062787906458397, 44.76227883121265], [-1.063993585059427, 44.76296724185314], [-1.064656193564786, 44.76354640811493], [-1.064775710466454, 44.764016340961874], [-1.064572617745687, 44.76443709636433], [-1.064046908614871, 44.76480867261768], [-1.063491709811381, 44.7653597429882], [-1.062907015808138, 44.76609030691084], [-1.062840588689751, 44.76654291318148], [-1.063292441118785, 44.76671756279364], [-1.06383037348851, 44.76666955896965], [-1.064454379295347, 44.76639890048721], [-1.065189646531323, 44.76609782347697], [-1.066036172361085, 44.765766325619005], [-1.066488576578117, 44.76561603353555], [-1.06654686635463, 44.76564695227754], [-1.066882033881811, 44.76582473436946], [-1.06749408470018, 44.76614937696348], [-1.068138282082066, 44.76639869552299], [-1.068814623760494, 44.766572689537696], [-1.069163342573399, 44.7667126941145], [-1.069184435274953, 44.766818712627064], [-1.070063310621363, 44.76738534931151], [-1.071800018820874, 44.768412580820865], [-1.073504819838645, 44.769218047138864], [-1.07517769084248, 44.76980175068982], [-1.076220241861824, 44.76990709209452], [-1.076632441606586, 44.769534091069524], [-1.076840070034809, 44.76934466998642], [-1.076843130980089, 44.76933883006341], [-1.076948892876103, 44.769137048107595], [-1.077157353779675, 44.76873932376305], [-1.077396134564061, 44.76842220267733], [-1.077665235583595, 44.76818568468801], [-1.078352640245881, 44.768034451630356], [-1.079458348539402, 44.76796849523724], [-1.080400454040703, 44.76811914237092], [-1.081178966388223, 44.768486397206985], [-1.081727933860118, 44.76880019718015], [-1.082047350783031, 44.76906054607951], [-1.082193377878135, 44.76924413618409], [-1.082166012722072, 44.769350968304515], [-1.081966518498249, 44.769692646612164], [-1.081594890124455, 44.770269170053886], [-1.081478500197623, 44.77065626835232], [-1.081617354663135, 44.77085394239437], [-1.081922931242969, 44.771288956825906], [-1.082395238434632, 44.77196130978226], [-1.082567967874048, 44.772650627724865], [-1.082441108692285, 44.773356912349165], [-1.082675417606573, 44.77367829575243], [-1.08327089527851, 44.77361477574018], [-1.08398723878265, 44.77348640165499], [-1.084824444956213, 44.773293171048124], [-1.085362140162793, 44.7731838466053], [-1.08560032832597, 44.773158432908915], [-1.085731009989027, 44.77338695415949], [-1.085754185980864, 44.77386941062279], [-1.086187600079425, 44.77415222484129], [-1.087031253687898, 44.77423539177589], [-1.088155591960698, 44.77432323569673], [-1.089560616854056, 44.774415747459244], [-1.091018506768027, 44.77440734279472], [-1.09252925390182, 44.77429801964184], [-1.093528574821756, 44.774121835688376], [-1.094016470279479, 44.773878805635434], [-1.094609157552701, 44.77383077539541], [-1.095306642561646, 44.77397774307248], [-1.095886640226464, 44.77401806082021], [-1.096349146880461, 44.77395173069004], [-1.096617049062119, 44.77393034849458], [-1.096690347573293, 44.7739539157229], [-1.097253654239577, 44.773949165000694], [-1.098306968393358, 44.77391608837996], [-1.099088521855416, 44.77387231644909], [-1.099598314580147, 44.773817855334435], [-1.100284902183262, 44.77381069729945], [-1.10114828646807, 44.773850838805735], [-1.103082180054728, 44.77357137470409], [-1.106086536793051, 44.77297224605952], [-1.10796464610825, 44.7726015916644], [-1.108716550349157, 44.772459471820916], [-1.109200350261082, 44.77236802404321], [-1.109416048290406, 44.77232725203113], [-1.109837325957274, 44.77224687187691], [-1.110464181603671, 44.77212688111035], [-1.11108180977957, 44.77214688329558], [-1.111690215111893, 44.772306878493936], [-1.112094393343266, 44.77256152893391], [-1.112294343805498, 44.77291083695985], [-1.112556381536234, 44.773274611138355], [-1.112880507999442, 44.77365285095831], [-1.113429471968503, 44.77398433012943], [-1.114203276092622, 44.77426904506849], [-1.11490833686979, 44.77499506970914], [-1.115544670344301, 44.776162404438644], [-1.11597896465692, 44.77702037733037], [-1.11621120148955, 44.777568991858274], [-1.116551428800236, 44.777825554833456], [-1.116999642300073, 44.777790065443796], [-1.117818979951742, 44.77764006360563], [-1.119009434213419, 44.77737554067062], [-1.119760057494867, 44.777407408708], [-1.120070860639771, 44.777735676992755], [-1.12064744729413, 44.77799186471929], [-1.121489818926736, 44.77817596747552], [-1.122428373478636, 44.77824541596783], [-1.123463105599237, 44.77820020772166], [-1.124053362125351, 44.7781744143334], [-1.124199143985427, 44.778168043351776], [-1.124369967530792, 44.7782167059622], [-1.124565833352118, 44.77832040202323], [-1.124671768348814, 44.778400550719944], [-1.124687771978639, 44.77845715234243], [-1.124922630108061, 44.77858308620971], [-1.125376345198255, 44.778778350769166], [-1.125425719438235, 44.7794360088788], [-1.125070741819056, 44.78055606070604], [-1.124679119579895, 44.781196870064974], [-1.124250859483217, 44.78135843704557], [-1.123994141966504, 44.78139747532674], [-1.12390896898968, 44.78131398614754], [-1.123191963527822, 44.78143111356816], [-1.121843114590895, 44.781748844703706], [-1.120703692647419, 44.78207881234145], [-1.119773700406882, 44.78242102329866], [-1.119295039533745, 44.78264559096449], [-1.119267718045582, 44.782752521457], [-1.11935086476771, 44.78316831838014], [-1.119544484394004, 44.783892981100514], [-1.119918627150513, 44.78460699263156], [-1.120473299746151, 44.785310350900644], [-1.121017792973581, 44.78563343785182], [-1.121552094756648, 44.78557625415676], [-1.121862053555879, 44.785543079491795], [-1.121947670084315, 44.78553391584909], [-1.122147194455, 44.78546055666508], [-1.122460625592251, 44.78532300129704], [-1.122734857200496, 44.78523297711322], [-1.122969890125532, 44.785190484414876], [-1.123676608806352, 44.78519283877978], [-1.124855015373172, 44.78524003054906], [-1.125760931100888, 44.78532505222747], [-1.126394356327982, 44.78544791092036], [-1.127039740089727, 44.785508814189775], [-1.127697080269308, 44.785507761865496], [-1.12804478006257, 44.78552748540832], [-1.128082839411058, 44.78556798792361], [-1.128253036815629, 44.78574910994326], [-1.12855537503184, 44.786070850707276], [-1.128839284168003, 44.78640818639123], [-1.129104764157451, 44.786761117136315], [-1.129498020290553, 44.787022356174006], [-1.13001905232141, 44.78719190211062], [-1.130434481036442, 44.78721546300862], [-1.130744302985231, 44.787093040212994], [-1.130974179204041, 44.78700220619525], [-1.131124110430302, 44.78694296147595], [-1.131240029351859, 44.786897156354726], [-1.13132193612691, 44.786864790943305], [-1.131305765639942, 44.78680917595151], [-1.131191518213293, 44.78673031132414], [-1.131034254215439, 44.78634645904198], [-1.130833977881367, 44.78565761857498], [-1.133631578794856, 44.78510607111232], [-1.139426997942015, 44.78469157617401], [-1.142673660376403, 44.785267110419404], [-1.143371654101491, 44.78683290945402], [-1.143694315038312, 44.78761360261933], [-1.143641609740789, 44.78760919539942], [-1.143347320782041, 44.7876787846084], [-1.142811446211428, 44.787822368226124], [-1.142439108848462, 44.788077592551915], [-1.14223030882317, 44.78844445927925], [-1.141880464949317, 44.788912567597116], [-1.141389572168927, 44.789481916089265], [-1.140949573334865, 44.78960085557361], [-1.14056047899498, 44.7892693865868], [-1.140264373608264, 44.78920065839322], [-1.14006125251843, 44.78939467192275], [-1.139742457132219, 44.78971591054547], [-1.139307983603727, 44.790164373192795], [-1.138771973086791, 44.79060936372791], [-1.138134423313881, 44.791050880632255], [-1.137573022205614, 44.79146987839522], [-1.137087772035183, 44.79186635822185], [-1.136940935078953, 44.79234139370831], [-1.137132519515241, 44.79289498603741], [-1.137259266665673, 44.7932453698084], [-1.137321173453544, 44.793392545472415], [-1.137436713555417, 44.793667225107015], [-1.137605888787919, 44.794069408421755], [-1.137418540771106, 44.794440558359], [-1.136874662732541, 44.79478067315913], [-1.136420268293016, 44.79491284591385], [-1.13605536291432, 44.794837077738656], [-1.135637412725314, 44.79478500528983], [-1.135166417360488, 44.79475662793832], [-1.134692307673279, 44.794768003932376], [-1.134215082657676, 44.794819133249646], [-1.133852490173699, 44.794917112021025], [-1.133604529897068, 44.795061941442285], [-1.133249677033327, 44.79517091523409], [-1.132787931656704, 44.79524403230928], [-1.132453284029069, 44.79520497876568], [-1.132245735875139, 44.79505375578438], [-1.131883239411981, 44.79493095613389], [-1.131365795146461, 44.79483657819117], [-1.130790991590495, 44.794815357793226], [-1.130158826585262, 44.79486729403781], [-1.129807791751447, 44.79507834255739], [-1.129737887387318, 44.79544850612094], [-1.129688156657695, 44.79575343478695], [-1.12965859993222, 44.79599312861833], [-1.129622074302122, 44.79622568440239], [-1.129578579683875, 44.796451102137134], [-1.129748136438093, 44.79666158863691], [-1.130130746849276, 44.79685714281882], [-1.130327476360628, 44.79695433854603], [-1.130338322864847, 44.796953176937365], [-1.130424295649993, 44.79699521751335], [-1.130585395103244, 44.79708046007582], [-1.130777449904318, 44.797237287935154], [-1.1310004611302, 44.797465700873715], [-1.131267659221344, 44.79763813298371], [-1.131579043734091, 44.79775458395436], [-1.131881939156273, 44.79780098461183], [-1.132176344306612, 44.797777335062015], [-1.132423534104771, 44.79765624605255], [-1.132623507632814, 44.79743771791445], [-1.132749076143234, 44.797290233946086], [-1.132800240620799, 44.797213794418106], [-1.132871539918379, 44.79715490881663], [-1.132962974034263, 44.79711357710246], [-1.133199289363971, 44.79704884096833], [-1.133580485157998, 44.79696069943952], [-1.13401870643121, 44.79690860743528], [-1.134513953885778, 44.79689256422417], [-1.134782761761608, 44.796910051472665], [-1.134825130264668, 44.79696107093032], [-1.134691086126086, 44.79721850678116], [-1.134380625813616, 44.79768235830593], [-1.13419910199466, 44.797917100394066], [-1.134146518131737, 44.797922733760714], [-1.133810841216822, 44.79795869454899], [-1.133192070274151, 44.798024980037], [-1.132730303655571, 44.798203620720955], [-1.132425540137094, 44.79849461867495], [-1.13224202015897, 44.7988874525684], [-1.132179745511034, 44.7993821229214], [-1.132058275446452, 44.79978266274825], [-1.131877609065697, 44.80008907193963], [-1.131725176056632, 44.80033504501769], [-1.131600977180573, 44.8005205821217], [-1.131400559669721, 44.80082910532363], [-1.131123921214993, 44.80126061415183], [-1.131132181666342, 44.80170466950012], [-1.131425347841494, 44.802161271145835], [-1.131399791163063, 44.80253718368211], [-1.131055505135056, 44.80283240707402], [-1.131032760816962, 44.80322237085869], [-1.131331565043437, 44.80370707502603], [-1.131706684347593, 44.803867841820775], [-1.132158112567045, 44.80370467065612], [-1.132823019899123, 44.803544720009995], [-1.133701404786502, 44.80338798582349], [-1.13434502249999, 44.803476890424406], [-1.134753880361534, 44.803811437969735], [-1.134911872689736, 44.80401273842513], [-1.13481899543122, 44.80408079307466], [-1.134440664982137, 44.80412074953013], [-1.133776881414916, 44.804132604678635], [-1.133364900777025, 44.80420635894502], [-1.133204722611183, 44.804342015320344], [-1.133003783317154, 44.80448203727624], [-1.132762082555675, 44.804626424582345], [-1.132664517262889, 44.80471093641801], [-1.132711088354273, 44.804735573180004], [-1.132892993603403, 44.804864213892614], [-1.133210235071788, 44.80509685777473], [-1.133604684740334, 44.805195325334196], [-1.134076340128975, 44.805159615772794], [-1.1345247289063, 44.805059740455], [-1.134949849687248, 44.80489569969717], [-1.135333193522065, 44.80478642501795], [-1.135674761721388, 44.804731916864135], [-1.136175008046527, 44.80497422730656], [-1.136833943072777, 44.805513353683665], [-1.137189710553639, 44.80610249048273], [-1.137242301953731, 44.806741640930966], [-1.137107758026394, 44.807164567379445], [-1.136786075512172, 44.80737126936251], [-1.136309180096957, 44.80770942299805], [-1.135677065992612, 44.808179026180255], [-1.135758699532273, 44.80868698717136], [-1.136554100491397, 44.809233303835526], [-1.137439848827815, 44.80962640565252], [-1.138415938866333, 44.80986629056082], [-1.13896588939421, 44.80998138543803], [-1.139089693751609, 44.80997169721065], [-1.139420304146649, 44.8102167195441], [-1.139957728293651, 44.810716450174354], [-1.140702547449938, 44.81079678925153], [-1.141654745730837, 44.81045773272659], [-1.14246714359154, 44.810252152750024], [-1.143139748067361, 44.81018005250583], [-1.144099162168836, 44.81003276191577], [-1.145345380154295, 44.80981027314424], [-1.146050038949002, 44.809534745467815], [-1.146213144209676, 44.809206189738916], [-1.1462801679738, 44.80886571753889], [-1.14625111196998, 44.80851332900853], [-1.146012418385382, 44.80820563912988], [-1.145564090067269, 44.80794264642931], [-1.144687949159174, 44.807822056988336], [-1.143383992050582, 44.807843860112264], [-1.142711810068897, 44.807827921323806], [-1.142671403559477, 44.80777425285806], [-1.142532755065061, 44.80755917210997], [-1.142295867161412, 44.80718267855999], [-1.141926378222897, 44.80684910479984], [-1.141424289728558, 44.806558449415874], [-1.141071741685006, 44.80620870436908], [-1.140868732485486, 44.80579987116984], [-1.140668571596747, 44.80530461394261], [-1.140471260153343, 44.80472293259023], [-1.140317460604332, 44.80435826284417], [-1.140207169779635, 44.80421060512993], [-1.140069081680636, 44.80372304741115], [-1.139903200651681, 44.802895589138274], [-1.139902157158499, 44.802186020451025], [-1.140065944376724, 44.80159434167311], [-1.140463870955383, 44.80096321250244], [-1.141095928414061, 44.800292630378536], [-1.142201797883873, 44.79987266456121], [-1.143781483438361, 44.799703300077034], [-1.144574096671575, 44.799833609676654], [-1.144579644366429, 44.80026361112373], [-1.144716656638472, 44.80061603844366], [-1.144985135237369, 44.80089089113764], [-1.145162811335223, 44.80107278350487], [-1.145249683033111, 44.80116171608591], [-1.145764196740423, 44.80124178496327], [-1.146706354288752, 44.801312983755686], [-1.147448280704899, 44.801089878379194], [-1.147989966961334, 44.80057247316926], [-1.14826597555042, 44.800289321964776], [-1.148276313436479, 44.800240426872804], [-1.148338415901713, 44.799946699574235], [-1.148452281800343, 44.79940813984959], [-1.148650312120217, 44.798736185025255], [-1.148932503035213, 44.79793083451294], [-1.149476954008084, 44.79752794705595], [-1.150283670193922, 44.79752751876878], [-1.151169356072199, 44.797619084659225], [-1.15213401652611, 44.7978026425901], [-1.152980537795669, 44.798095761531606], [-1.153708923093132, 44.79849844423261], [-1.154230745582576, 44.798786923039344], [-1.154545998543724, 44.79896120127054], [-1.154872874112473, 44.798987114212466], [-1.155211369687639, 44.79886466181842], [-1.155862970431416, 44.79859377183388], [-1.156827667123758, 44.79817443848543], [-1.157797994430347, 44.797984146674544], [-1.15877396390625, 44.7980228960918], [-1.159583520369299, 44.79823739492569], [-1.16022666962423, 44.79862764685979], [-1.160415807901215, 44.79897389427648], [-1.160150926141747, 44.79927613987438], [-1.15988714002787, 44.79942185252569], [-1.159624451626193, 44.79941103224306], [-1.159244319300063, 44.799495633949036], [-1.158746740679968, 44.799675656389184], [-1.158466852973827, 44.79983230406455], [-1.158404658264232, 44.79996557869594], [-1.158323805160806, 44.800153605269045], [-1.158224293309006, 44.80039638372629], [-1.158186978531993, 44.80057973571018], [-1.158211861483774, 44.800703661296716], [-1.158655555479157, 44.80084592062046], [-1.159518064369644, 44.801006508236696], [-1.160401304020449, 44.80104881538783], [-1.161305268873422, 44.800972841673335], [-1.161931401162953, 44.80084230012158], [-1.162279700853141, 44.80065719573431], [-1.162385411236642, 44.80037154694044], [-1.162248535616373, 44.79998535434956], [-1.162103372156263, 44.79963170125293], [-1.161949920685051, 44.79931058764353], [-1.161857481900216, 44.799118407586796], [-1.161826054364717, 44.799055161327566], [-1.16192920220438, 44.79882622061824], [-1.16216692312347, 44.79843158502725], [-1.162621436319232, 44.79809774034209], [-1.163292739372457, 44.79782468381495], [-1.164062759475099, 44.79754101793877], [-1.164931494796805, 44.79724674055377], [-1.165546382029243, 44.797094558006094], [-1.165907427597044, 44.79708447470682], [-1.166544878055196, 44.79694421536053], [-1.167458727207204, 44.79667377497867], [-1.167976516005203, 44.796359835499665], [-1.168098249758766, 44.79600240269667], [-1.168250228626694, 44.795854210304384], [-1.168432453869701, 44.795915258228796], [-1.168596154886224, 44.79608568031969], [-1.168741332586456, 44.79636547660631], [-1.168791154662908, 44.79668717057447], [-1.168745619669882, 44.797050762363355], [-1.168830677661904, 44.797326469709304], [-1.169046330017132, 44.797514292313814], [-1.169531471571852, 44.79756765176809], [-1.170286099703557, 44.797486544372425], [-1.171042783335876, 44.797341910502276], [-1.171801519943007, 44.79713375014669], [-1.172402656606901, 44.79680537664194], [-1.172846192386047, 44.79635679265689], [-1.173005697095093, 44.795896543331665], [-1.172881177616135, 44.7954246298164], [-1.172628134391472, 44.794977083978765], [-1.172246570133647, 44.79455390484659], [-1.171869163527198, 44.79415137778184], [-1.171495914008149, 44.79376950285902], [-1.171410759789528, 44.793124556599345], [-1.171613693229334, 44.792216539515], [-1.171412475883352, 44.79165792037429], [-1.170807114862225, 44.791448697092044], [-1.170396571131989, 44.7910286289638], [-1.170180845445512, 44.79039771809416], [-1.170143365174943, 44.789621046646964], [-1.170284123951232, 44.78869861471127], [-1.170659140715679, 44.78790924898971], [-1.171268407642702, 44.78725294733431], [-1.171722192728939, 44.78656060718457], [-1.172020500946267, 44.785832230418066], [-1.172110108887936, 44.78533257763131], [-1.171991022447457, 44.7850616494796], [-1.171936592386089, 44.784921812251426], [-1.171946817712106, 44.78491306610771], [-1.17227052113202, 44.784587358957744], [-1.172907692495566, 44.78394468787186], [-1.174043982773477, 44.78327704385686], [-1.175679373369228, 44.78258441091214], [-1.176979229937857, 44.78212880064318], [-1.177943575931214, 44.781910225361294], [-1.177974511853434, 44.781662877769875], [-1.177072050024087, 44.781386758427004], [-1.176378279992609, 44.781145599612806], [-1.175893197548985, 44.78093940560984], [-1.175675985240868, 44.78066133495499], [-1.175726639986046, 44.78031138934952], [-1.1757293461772, 44.77992353904814], [-1.175684104901629, 44.779497784000895], [-1.17542748169826, 44.77942490905587], [-1.174959472436311, 44.77970491278961], [-1.174457683871089, 44.78021821129714], [-1.173922109629298, 44.78096480397226], [-1.173451386081413, 44.781733126342004], [-1.173045515422646, 44.782523179205484], [-1.172698779020526, 44.783005437435925], [-1.172411183098406, 44.78317990180547], [-1.171613950076228, 44.783040670452884], [-1.17030709788073, 44.78258773118993], [-1.169519149908609, 44.78205058873013], [-1.169250094636984, 44.781429255014], [-1.169156577669719, 44.780990763823986], [-1.169238593421206, 44.780735115919896], [-1.169457168126431, 44.780250867297205], [-1.169812296345747, 44.779538016976915], [-1.170099685637518, 44.77902347443684], [-1.170319340213478, 44.77870724036422], [-1.169365748406967, 44.77837084812367], [-1.167238933667806, 44.778014264935926], [-1.165515738152071, 44.777964281845136], [-1.16419613162844, 44.778220919581855], [-1.162628374899129, 44.77844678588864], [-1.160812467938476, 44.778641869559344], [-1.158940159260247, 44.778354952964825], [-1.157011499045821, 44.777586031712026], [-1.155347963881507, 44.776530247505406], [-1.153949565836838, 44.77518761217437], [-1.152680957153803, 44.773687494362854], [-1.15154213948813, 44.77202989828711], [-1.150454098209392, 44.77062520820467], [-1.149416812358957, 44.76947342689701], [-1.148729126288927, 44.768456362191785], [-1.148391014846602, 44.767574021842044], [-1.148396781246276, 44.76699926161814], [-1.148746413839693, 44.76673208208034], [-1.149665379792155, 44.767092766012254], [-1.151153723037343, 44.768081296917636], [-1.152275620998961, 44.76905173600603], [-1.153031052994064, 44.7700040956107], [-1.153820372689984, 44.770723155078414], [-1.15464357045538, 44.77120891419388], [-1.155748706211837, 44.771894051544216], [-1.157135803336771, 44.772778557361335], [-1.158297404172026, 44.77314182683746], [-1.159233470396295, 44.77298386873517], [-1.159919016366693, 44.77284050772457], [-1.160354044332125, 44.77271174871683], [-1.160569799595528, 44.772638607662266], [-1.160566283576154, 44.77262108590426], [-1.160624916472718, 44.772603731473914], [-1.16074569823216, 44.77258654426717], [-1.161059618511324, 44.77254187281373], [-1.161566676463758, 44.77246971537985], [-1.162118447393523, 44.77242197245756], [-1.162714931927049, 44.77239864332445], [-1.163386340893324, 44.77247353085974], [-1.164132678225353, 44.77264663351385], [-1.165357326146168, 44.77275650454755], [-1.167060283938799, 44.77280312709337], [-1.168684301935123, 44.77285820873325], [-1.170229380496902, 44.77292175315683], [-1.17209579717233, 44.77257751418086], [-1.174283506948995, 44.77182547515919], [-1.175732520139069, 44.77121027216799], [-1.176442869886463, 44.77073193556176], [-1.177331646671151, 44.77100713332356], [-1.178398890502061, 44.77203585959737], [-1.179366973542208, 44.77251175154982], [-1.180235862779499, 44.772434813201215], [-1.181137519697145, 44.77215740557625], [-1.182071934545403, 44.77167952791145], [-1.182576176464702, 44.77140515691262], [-1.182650256639093, 44.77133429871836], [-1.182948697212564, 44.771207846606465], [-1.183471495902803, 44.77102579867873], [-1.184220805356741, 44.77101849399768], [-1.185196632672276, 44.77118592751974], [-1.185989272545797, 44.771394039288936], [-1.186598724555426, 44.771642833485174], [-1.187292645414905, 44.77201877727331], [-1.188071041927313, 44.77252186871814], [-1.189047059775162, 44.77298270923622], [-1.190220701712206, 44.77340129324635], [-1.191462405201098, 44.7740116678486], [-1.192772186080267, 44.77481383002424], [-1.193820651013832, 44.775443674264736], [-1.194607780499395, 44.77590120911452], [-1.195576340430586, 44.77571132876563], [-1.196726296441527, 44.77487402861725], [-1.198127116263896, 44.77443205267566], [-1.199778822819742, 44.77438539068589], [-1.200956674145627, 44.77436577333488], [-1.201660671808642, 44.774373216690904], [-1.202668248932811, 44.774723275585586], [-1.203979430816454, 44.775415940407704], [-1.205774213648038, 44.77581165254682], [-1.208052579351168, 44.77591038759584], [-1.210019732012477, 44.77581492636411], [-1.211675652219451, 44.77552528688375], [-1.212675863258676, 44.77519173535297], [-1.213020373836155, 44.774814290475625], [-1.213793286140593, 44.774635927709674], [-1.21499460445292, 44.77465663748727], [-1.216336590081585, 44.77502559498833], [-1.217819271876347, 44.775742793885804], [-1.21874319782011, 44.77648271781084], [-1.219108346447689, 44.77724538207526], [-1.220315244965778, 44.77781687563246], [-1.222363907185601, 44.77819716911483], [-1.223686526770106, 44.77873106194914], [-1.224283093312373, 44.77941858188395], [-1.224749151525283, 44.780070068521674], [-1.225084695735505, 44.780685523786445], [-1.22625953980452, 44.781097495167835], [-1.228273689996991, 44.781305954267], [-1.229665151847473, 44.781656880456886], [-1.230433923624907, 44.782150298661755], [-1.2308491320355, 44.78265235552776], [-1.230910767636256, 44.78316305548042], [-1.231048787679148, 44.78347498311858], [-1.231263191567628, 44.783588138281125], [-1.23153432161633, 44.78375505081426], [-1.231862179189304, 44.78397572022659], [-1.232165432188299, 44.78420722256267], [-1.232444080492661, 44.78444955803498], [-1.232698123954719, 44.7847027268389], [-1.232927562399728, 44.78496672915271], [-1.23313239562588, 44.785241565137454], [-1.233312623404326, 44.78552723493718], [-1.233485360581461, 44.78581371441604], [-1.233650607050042, 44.786101003613176], [-1.233808362702252, 44.78638910256612], [-1.233958627429652, 44.786678011310734], [-1.234101401123282, 44.7869677298813], [-1.234236683673542, 44.78725825831056], [-1.234364474970254, 44.787549596629546], [-1.234484774902691, 44.787841744867706], [-1.234550026207126, 44.78800204710588], [-1.234560227805212, 44.7880305035149], [-1.234367558268096, 44.78829299720856], [-1.233972012789055, 44.78878952703238], [-1.233549260247566, 44.789521483147126], [-1.23309929541946, 44.79048886496997], [-1.232860086331142, 44.79104290713472], [-1.232831642931216, 44.791183611365526], [-1.232628994971592, 44.791280602107534], [-1.232252142033716, 44.79133387836039], [-1.231881401870632, 44.791551767496095], [-1.231516771525218, 44.79193426956743], [-1.231191584611258, 44.79241257401013], [-1.230905840763599, 44.792986681105596], [-1.230746265614603, 44.79338990200822], [-1.23071286286203, 44.793622237365035], [-1.230862568864143, 44.794263642188625], [-1.231195394974443, 44.7953141148971], [-1.231443360324303, 44.79609671616522], [-1.231606456374862, 44.796611447220776], [-1.231680930261827, 44.79687624288652], [-1.231666779281714, 44.79689110354899], [-1.231545288174421, 44.797014434167345], [-1.231316455630358, 44.797246234365254], [-1.231093229400434, 44.79746789194355], [-1.230875609655865, 44.79767940693951], [-1.2306635965625, 44.79788077938922], [-1.230457190280839, 44.79807200932787], [-1.230256390966029, 44.798253096789644], [-1.230061198767846, 44.79842404180769], [-1.229871613830703, 44.798584844414144], [-1.229687636293661, 44.79873550464018], [-1.229488223735909, 44.79888315166297], [-1.229273376068119, 44.79902778539665], [-1.229043093206268, 44.799169405748245], [-1.228797375071673, 44.79930801261779], [-1.228536221590922, 44.79944360589844], [-1.228259632695922, 44.799576185476184], [-1.227967608323931, 44.79970575123009], [-1.227660148417479, 44.799832303032254], [-1.227385335400689, 44.79994441026312], [-1.227143169660967, 44.8000420731767], [-1.226933651537844, 44.800125291996714], [-1.226756781322943, 44.80019406691673], [-1.226612559260022, 44.80024839810024], [-1.226500985544974, 44.800288285680516], [-1.226422060325761, 44.80031372976066], [-1.226375783702524, 44.80032473041361], [-1.226321022519403, 44.800372323573995], [-1.226257776659675, 44.80045650922721], [-1.226186045982475, 44.80057728735434], [-1.226105830322726, 44.80073465793201], [-1.226017129491151, 44.80092862093259], [-1.225919943274294, 44.801159176323885], [-1.225814271434479, 44.80142632406957], [-1.225700113709847, 44.80173006412872], [-1.225526703510753, 44.80205779397938], [-1.225294039639189, 44.802409513334155], [-1.225002120752747, 44.80278522180617], [-1.224650945364578, 44.803184918909295], [-1.224240511843434, 44.803608604057814], [-1.223770818413612, 44.804056276566726], [-1.223241863154969, 44.804527935651606], [-1.222653644002892, 44.80502358042854], [-1.222157274778352, 44.805404921031304], [-1.22175276005075, 44.80567195876932], [-1.221486921508093, 44.8063432370863], [-1.221359760156395, 44.8074187564551], [-1.220456633560912, 44.80899457181081], [-1.218777458122249, 44.81107066306233], [-1.216544551696801, 44.81260357069218], [-1.213757929602098, 44.81359326047735], [-1.210767651641201, 44.81417419432761], [-1.207573776032265, 44.814346353958136], [-1.205215203471218, 44.8146580456659], [-1.20369192833371, 44.815109326277344], [-1.202185631061981, 44.81564487904653], [-1.200696305616476, 44.81626470474419], [-1.199701553150339, 44.81658524289587], [-1.199201396901128, 44.81660650739568], [-1.198826543430768, 44.81677608821968], [-1.19857699101466, 44.817093986705586], [-1.197863180078237, 44.81768408398555], [-1.196685086989652, 44.81854637066807], [-1.195384622849643, 44.819393535018804], [-1.193961783252106, 44.820225572570465], [-1.192802975099779, 44.8209867340147], [-1.191908212850058, 44.821677027980215], [-1.19111332561472, 44.822073721946076], [-1.190418327149302, 44.822176818154894], [-1.188652932377851, 44.82229612102725], [-1.185817135075381, 44.82243157621874], [-1.183487309080409, 44.82251252595861], [-1.181663462024974, 44.82253900407621], [-1.179625589189194, 44.82268745746486], [-1.177373676167687, 44.82295787381744], [-1.176108736936991, 44.82319285342663], [-1.175830784856917, 44.823392432016234], [-1.175324940669714, 44.82384277180287], [-1.174591192965895, 44.82454386946748], [-1.173598780370424, 44.82504649485915], [-1.1723477060939, 44.82535064072012], [-1.171054971368303, 44.82584308596333], [-1.169720562732482, 44.82652382912577], [-1.168166489256564, 44.827298854924095], [-1.166392734840763, 44.82816815370488], [-1.16511654772963, 44.82854560675798], [-1.164337969659941, 44.82843123189726], [-1.163776257156773, 44.82820871878183], [-1.163431410912197, 44.827878070857864], [-1.163058791365456, 44.82770595827017], [-1.162658395437562, 44.82769238084221], [-1.162171845450087, 44.8279425941298], [-1.161599133858877, 44.82845659694524], [-1.160912399025071, 44.8288979876813], [-1.160111640798325, 44.82926676415141], [-1.159363722302669, 44.82979955688008], [-1.158668639011487, 44.83049636691874], [-1.15841287837244, 44.83110360243144], [-1.158596455417838, 44.83162126645458], [-1.158999725391612, 44.832242624043666], [-1.159622698377897, 44.83296767229874], [-1.159664497553065, 44.8336702454741], [-1.159125100854743, 44.8343503447664], [-1.158722498633999, 44.83477349313993], [-1.158456698749506, 44.83493969224425], [-1.158156384285432, 44.83512747066944], [-1.157821554585868, 44.83533682812209], [-1.157593004580298, 44.83592886429069], [-1.157470734435735, 44.83690357939819], [-1.157437421463352, 44.83752936247623], [-1.157493067811196, 44.83780621402155], [-1.158035398657459, 44.83812983345403], [-1.159064424199901, 44.838500212921396], [-1.160125635559142, 44.838736904511066], [-1.161219025368113, 44.83883990745988], [-1.161821286228614, 44.83916772708652], [-1.161932416926884, 44.839720371786484], [-1.162023089085921, 44.840082137599396], [-1.162093300919129, 44.84025302476054], [-1.162461776129873, 44.840391897053316], [-1.163128516399913, 44.84049875128457], [-1.163547140429596, 44.84070870416619], [-1.163717647767551, 44.84102175865554], [-1.163890685930468, 44.84143649773491], [-1.164066256199329, 44.841952921276565], [-1.163948536443653, 44.842347895208945], [-1.163537520939892, 44.84262141875761], [-1.163018700387095, 44.84280455596928], [-1.162392076193146, 44.84289730523725], [-1.161151350332895, 44.843055959023864], [-1.159296514129248, 44.84328049553356], [-1.158291426847622, 44.84371969515482], [-1.158136096593954, 44.844373582131595], [-1.158156216797565, 44.84491943354341], [-1.158351792086421, 44.84535724931458], [-1.159209125576468, 44.845698572335884], [-1.160728225359571, 44.845943386158154], [-1.162184644973153, 44.84605471689973], [-1.163578373421128, 44.84603256745337], [-1.164794148144548, 44.84610597054031], [-1.16583197447418, 44.846274932267995], [-1.166777129222574, 44.84669598151538], [-1.167629623679781, 44.84736912034754], [-1.168339252625073, 44.84804485073279], [-1.168906010879667, 44.84872317569775], [-1.169939863824708, 44.84958857566826], [-1.171440845123689, 44.850641035684674], [-1.17232114087108, 44.85153277060491], [-1.172580712236304, 44.852263797287826], [-1.172984015077206, 44.85271891446677], [-1.173531046162392, 44.852898120801534], [-1.17415440232557, 44.853251471006246], [-1.174854091297314, 44.85377896341925], [-1.175473828820574, 44.85443557530394], [-1.176013616881395, 44.85522130786944], [-1.176247966037627, 44.85564812597876], [-1.176176863685862, 44.85571603227873], [-1.176488261136447, 44.856104438123474], [-1.177182172672309, 44.856813339521516], [-1.177725036508988, 44.857719268941885], [-1.178116852143934, 44.8588222283855], [-1.178372311187424, 44.85987957388384], [-1.178491404921767, 44.8608913067243], [-1.178509030673301, 44.86152272439602], [-1.178425183041076, 44.86177382756453], [-1.178485932278203, 44.86198172651686], [-1.178691279806027, 44.86214642098874], [-1.178901389160954, 44.86246123250252], [-1.179116262431685, 44.862926160886914], [-1.179136408783716, 44.86362731818843], [-1.17896182225131, 44.86456470430028], [-1.178696725908186, 44.86525345226168], [-1.178341118829402, 44.86569356175784], [-1.177974180431705, 44.86607747311769], [-1.177595911448389, 44.86640518625105], [-1.177341911194704, 44.86674825290368], [-1.177212181747723, 44.86710667393031], [-1.176757659171461, 44.86745692891246], [-1.175978337710334, 44.867799013724515], [-1.175145161116703, 44.86811970404547], [-1.174258129424936, 44.8684189985965], [-1.173711278129538, 44.86881540660629], [-1.173504611662589, 44.869308933260285], [-1.1731791343111, 44.8695757270123], [-1.172734847973048, 44.86961578683454], [-1.172647588927814, 44.87004687241712], [-1.172917364691359, 44.87086898414863], [-1.173044868299255, 44.87178384706302], [-1.173030093949522, 44.872791461628026], [-1.173196063029468, 44.873357728875554], [-1.173542775465589, 44.873482648463416], [-1.174342785033446, 44.87377088301226], [-1.175596106474512, 44.8742224216693], [-1.17647070448159, 44.87457899357587], [-1.176966566754885, 44.87484060860141], [-1.17754223312462, 44.87534105583823], [-1.17819771396001, 44.8760803334966], [-1.178463672877906, 44.87677149145154], [-1.178340094408275, 44.87741453308103], [-1.178088143886199, 44.87804887373635], [-1.177707817059573, 44.87867451258674], [-1.175950968806694, 44.87953797374527], [-1.172817517028961, 44.88063918885637], [-1.170361121438012, 44.88148768889467], [-1.168581842860824, 44.88208352093177], [-1.167198636207376, 44.88213552527263], [-1.166211542141508, 44.88164371690179], [-1.165376556810352, 44.881442748266906], [-1.164693665009162, 44.88153262346606], [-1.164141459772359, 44.88157223733847], [-1.163719942772497, 44.881561591931536], [-1.163395072455868, 44.88155338616438], [-1.163166848701915, 44.881547620943756], [-1.162380422278521, 44.88161686114286], [-1.161035788475175, 44.88176109420698], [-1.159595082566433, 44.881829494939666], [-1.158058310182846, 44.88182205924768], [-1.157402058685241, 44.88201703718174], [-1.157626329771382, 44.882414445265596], [-1.157908928981057, 44.88291520078342], [-1.158249859812555, 44.88351930307964], [-1.158106779237217, 44.883969798335336], [-1.157479676349762, 44.88426668492848], [-1.156632175392253, 44.88437190364005], [-1.155564283912944, 44.884285448974865], [-1.154270402820381, 44.88428061884937], [-1.152750526831446, 44.88435740495436], [-1.15141993062284, 44.88447129632644], [-1.150278612446284, 44.88462230024643], [-1.149396601877156, 44.88461754821436], [-1.148773905969372, 44.88445704666753], [-1.148171607997014, 44.8844538525815], [-1.147589702854857, 44.88460796641797], [-1.147297363420489, 44.88468551527102], [-1.147294591965492, 44.88468650154332], [-1.1472810241116, 44.88464085329557], [-1.147256659933548, 44.88454857051755], [-1.147125819565824, 44.884113265408565], [-1.146888508914456, 44.88333493713327], [-1.146716180899135, 44.88267882170436], [-1.146608831555058, 44.88214491969404], [-1.146656855603598, 44.881680490221456], [-1.146860249145146, 44.88128553322051], [-1.146812225329272, 44.88094621347218], [-1.146512788478101, 44.88066253057757], [-1.145993014184052, 44.8804885646389], [-1.145252901445407, 44.88042431241861], [-1.144244435229225, 44.88023091668791], [-1.14296762577872, 44.879908369386705], [-1.142210574791321, 44.87986026299541], [-1.141973269247124, 44.88008660914605], [-1.141933677016637, 44.88059318847199], [-1.14209180381522, 44.88138000078376], [-1.142213218628295, 44.88208462849812], [-1.142297919141754, 44.88270707191234], [-1.142295049772645, 44.88329583406159], [-1.142204607627665, 44.88385091504044], [-1.141811899094897, 44.884208718419956], [-1.141116922191259, 44.884369240970045], [-1.14066773053548, 44.884446035904986], [-1.140464326991971, 44.88443910635759], [-1.140376743058844, 44.88450589260028], [-1.140404978826133, 44.884646394913084], [-1.14040777071979, 44.88496185112055], [-1.140385118702623, 44.88545226111075], [-1.140495252498162, 44.88589975098367], [-1.140738174930217, 44.886304320298954], [-1.14085114730571, 44.886665391112466], [-1.140834166721672, 44.886982963940326], [-1.140796519637973, 44.887198350417115], [-1.140738205876508, 44.887311550569954], [-1.140636479704471, 44.887509022946766], [-1.140491340317425, 44.887790767402585], [-1.140777568060031, 44.888008050034905], [-1.141495167017768, 44.888160867231925], [-1.141893514772076, 44.88833350756319], [-1.141972608668712, 44.888525974739174], [-1.141599661779538, 44.88868072277527], [-1.140774671255569, 44.888797746888514], [-1.140253278721269, 44.88879876058484], [-1.140035487260993, 44.88868376835823], [-1.139914011270458, 44.88858195178797], [-1.139888850115375, 44.88849331122707], [-1.139418596466642, 44.88828269349735], [-1.138503258840105, 44.88795009234021], [-1.137828034087145, 44.88790753989787], [-1.137392910883894, 44.88815504110142], [-1.136870222664153, 44.88826838678045], [-1.136259972608832, 44.88824757558218], [-1.135858785032982, 44.88826180012922], [-1.135666659251001, 44.88831106285008], [-1.135494291709455, 44.888458677645495], [-1.13534168174782, 44.8887046445972], [-1.135104258458725, 44.88923238059445], [-1.13478201686135, 44.890041884852586], [-1.13433829664164, 44.89074956479669], [-1.133773095191225, 44.89135541907897], [-1.133295507045057, 44.891794021608604], [-1.132905538018115, 44.89206537362142], [-1.132790377229543, 44.89250364626401], [-1.132950030563755, 44.89310884017268], [-1.132777047385033, 44.893671723069524], [-1.132271417941652, 44.89419229355098], [-1.132060822485203, 44.894624201377916], [-1.132145268533859, 44.89496744826182], [-1.132024204932988, 44.89525409635025], [-1.131697628808057, 44.89548414502057], [-1.131223408657068, 44.89606298918465], [-1.130601532434248, 44.8969906266588], [-1.130250974401046, 44.89765961054917], [-1.130171747911591, 44.89806994367458], [-1.129804141262949, 44.89905649541292], [-1.12914813170872, 44.90061926200682], [-1.12880856216604, 44.9018851934517], [-1.128785456934863, 44.90285429311395], [-1.128248013752704, 44.90417540668414], [-1.127196189376975, 44.9058485261418], [-1.125861759807144, 44.908168389218666], [-1.124244653884381, 44.911134983432284], [-1.122848515458677, 44.91272517083079], [-1.121673451705797, 44.91293896260034], [-1.120690768859288, 44.91385532985085], [-1.119900443373138, 44.9154742771805], [-1.118671025828407, 44.91785786747166], [-1.117002422219487, 44.92100608336999], [-1.116333679452588, 44.922884252193604], [-1.116664927440318, 44.923492395421505], [-1.117481462161909, 44.92415212007364], [-1.118783303751336, 44.92486341425587], [-1.118838199963778, 44.925872836896396], [-1.117646085972026, 44.92718039069272], [-1.115067814056654, 44.92847386625382], [-1.111103293704655, 44.92975316265261], [-1.108696208052915, 44.93064012989499], [-1.107846675566531, 44.93113487412166], [-1.107383947404744, 44.931781180496614], [-1.107308033683673, 44.93257905375734], [-1.107265978163336, 44.9332386772992], [-1.107257781749036, 44.93376005133298], [-1.107107347801385, 44.93469697925253], [-1.106814668408543, 44.93604945980155], [-1.106052813568016, 44.93703156701913], [-1.104821771663016, 44.93764329161413], [-1.103638248295141, 44.93792962816431], [-1.102502264212391, 44.93789057804953], [-1.101614993389079, 44.93754473915619], [-1.10097644628999, 44.936892117396965], [-1.100549664160306, 44.936474394981175], [-1.10033463610498, 44.93629157493868], [-1.099397650778523, 44.93632272041809], [-1.09773869699778, 44.936567812173436], [-1.096638159101598, 44.936759681609175], [-1.09609604524161, 44.93689834626027], [-1.095422143875515, 44.93737467372568], [-1.094616440565271, 44.938188661417364], [-1.093958274046167, 44.93888579289165], [-1.09344765333123, 44.93946607092386], [-1.091681456682453, 44.940180061089094], [-1.088659626329348, 44.941027700584165], [-1.08688142332565, 44.94168219889325], [-1.086346906576073, 44.94214361868252], [-1.08450490503135, 44.94276440876685], [-1.081355362623525, 44.94354450081332], [-1.078947559100252, 44.94390175793802], [-1.077281560438284, 44.94383623046997], [-1.074985825912651, 44.94375673056008], [-1.072060361558503, 44.94366321648784], [-1.070250900351043, 44.94359260179953], [-1.069557433561692, 44.94354494477637], [-1.069198463491356, 44.94374489822123], [-1.069173989151319, 44.94419246550685], [-1.068360260665497, 44.94468344836398], [-1.066757256159391, 44.94521782872485], [-1.065612588770657, 44.94576417091848], [-1.06492627068336, 44.94632248977296], [-1.064443201123552, 44.94689966591982], [-1.064163385870952, 44.947495702041515], [-1.063573012937253, 44.94782133709652], [-1.062672085089511, 44.94787656593495], [-1.061958002065249, 44.94829623015151], [-1.061430754952011, 44.94908033345324], [-1.060600469097347, 44.94991683315541], [-1.059467129102343, 44.95080572224836], [-1.058804645542657, 44.9513412333486], [-1.058613042964277, 44.95152337531223], [-1.057396937676659, 44.951713135728255], [-1.055156320125411, 44.9519104789515], [-1.05279570796081, 44.95236320553563], [-1.050315066922417, 44.95307130780251], [-1.049257554280784, 44.95376999733528], [-1.049623222320981, 44.95445931635773], [-1.050208505861042, 44.955143330636474], [-1.051013412931286, 44.95582203631562], [-1.051156881746879, 44.95620425227902], [-1.05063889557015, 44.95628998183625], [-1.049459727997199, 44.957557473155475], [-1.047619269782689, 44.96000670297846], [-1.046031133840477, 44.96118037656624], [-1.044695434707299, 44.961078506168974], [-1.0437158891062, 44.96116172333991], [-1.043092488593622, 44.96143003825567], [-1.042747043668731, 44.96152447834426], [-1.042679558758717, 44.96144504630972], [-1.041780927494921, 44.961242236154426], [-1.040051165902346, 44.96091602601411], [-1.038629324928434, 44.96074244080486], [-1.037515389364417, 44.96072149348722], [-1.036510921911714, 44.960758416643955], [-1.035615919553016, 44.96085321349545], [-1.034411834571165, 44.96144391593114], [-1.032898627377195, 44.96253051346002], [-1.031711810984659, 44.96361726696174], [-1.030851404032465, 44.96470418719307], [-1.030341034640781, 44.96541809671396], [-1.030180724535812, 44.96575900076323], [-1.027730046273758, 44.966319306255635], [-1.022988908947599, 44.96709885338675], [-1.020255511870577, 44.96731520748333], [-1.019529954317568, 44.966968524579435], [-1.01754733061923, 44.967468580293925], [-1.01430752220697, 44.96881530452059], [-1.012049996947915, 44.9699641667299], [-1.01077483562183, 44.97091522950128], [-1.010282391589051, 44.97159172804372], [-1.010572698960416, 44.97199367312174], [-1.010690216539033, 44.97230177661601], [-1.010634940654318, 44.97251603924554], [-1.010284230519495, 44.97313204314763], [-1.009638070507652, 44.9741497851547], [-1.009109412297679, 44.97469194900134], [-1.008698271076967, 44.97475853669228], [-1.008045253755225, 44.97475803901545], [-1.007150362871164, 44.97469045137673], [-1.006479289877597, 44.97459921938737], [-1.006032034377328, 44.97448434737003], [-1.005690105686021, 44.97424256164892], [-1.005453504930549, 44.97387386317322], [-1.005188949539386, 44.9734305688721], [-1.004896441467011, 44.97291267842453], [-1.004364297038661, 44.97259898486899], [-1.00359251417184, 44.97248948471326], [-1.003006454815204, 44.97222973196847], [-1.002606121247234, 44.97181972963715], [-1.001982788829032, 44.971460518059764], [-1.001136460200593, 44.97115209322241], [-0.999573646462188, 44.970906029108654], [-0.997294352994403, 44.970722293440105], [-0.995945606913477, 44.9706126937841], [-0.99552739590964, 44.970577266501536], [-0.995076255694178, 44.97071408907025], [-0.994592182015542, 44.97102316110192], [-0.994243904114898, 44.97124552668967], [-0.994031425062232, 44.971381187170174], [-0.993252322069894, 44.97182494846626], [-0.991906570083183, 44.972576798116656], [-0.990412233479279, 44.973145415468885], [-0.988769322003723, 44.973530794153405], [-0.98736228959777, 44.97369239826799], [-0.986191154647058, 44.97363023705336], [-0.985020523205432, 44.973382389461435], [-0.983850407262762, 44.972948855168205], [-0.982766939027624, 44.972386851131034], [-0.981770123739067, 44.97169637979287], [-0.981392621541281, 44.97092920908901], [-0.981634408559614, 44.97008534611122], [-0.981659280032444, 44.96962839752131], [-0.981467240641929, 44.969558363742514], [-0.981232559296957, 44.96944992539485], [-0.980955236769548, 44.96930308216601], [-0.980470498532244, 44.96884063551615], [-0.979778359044848, 44.96806258195625], [-0.978840601042124, 44.967193025528495], [-0.977657241405469, 44.9662319590984], [-0.977056239360389, 44.9657043592878], [-0.977037562477201, 44.96561023729897], [-0.976754690516413, 44.96555972452245], [-0.976207623600432, 44.96555281881115], [-0.975545079662357, 44.96537820174757], [-0.97476706604052, 44.96503587092052], [-0.974050208408968, 44.964342375344415], [-0.973394519577176, 44.9632977155149], [-0.972899922356841, 44.96259406759909], [-0.972566399915929, 44.96223143472847], [-0.972047547644783, 44.96178224809759], [-0.971343372797468, 44.961246504711774], [-0.970921206167942, 44.960813650701866], [-0.970781038431068, 44.960483689775046], [-0.970745815551055, 44.960023354121404], [-0.97081553556661, 44.95943264376371], [-0.970710510348443, 44.95871448892679], [-0.970430747986257, 44.957868888727866], [-0.97068578759465, 44.95736473353601], [-0.971475618377733, 44.95720202000514], [-0.972236567239178, 44.95708211684644], [-0.972968636059223, 44.95700502466391], [-0.973527226287449, 44.956949156615345], [-0.973912338967894, 44.95691451546883], [-0.974067016871244, 44.9567062041921], [-0.97399126133243, 44.9563242237082], [-0.973943761363015, 44.955859233246], [-0.973924516720476, 44.95531123276937], [-0.974339350998849, 44.95471708457734], [-0.975188249679396, 44.95407678373224], [-0.975921764378707, 44.953525193834224], [-0.976539901603342, 44.95306231728478], [-0.976995903810507, 44.95262977686378], [-0.977289775347093, 44.95222757463548], [-0.977410948484281, 44.95189660153715], [-0.977359426581517, 44.95163685815031], [-0.977025145161851, 44.9515527508888], [-0.976408102354635, 44.95164427710278], [-0.975998749098713, 44.95174062517459], [-0.97579708627298, 44.95184179753064], [-0.975207321123519, 44.951437244687554], [-0.974229479724758, 44.95052695910348], [-0.973526993586663, 44.94987297937826], [-0.973099842032493, 44.94947531184647], [-0.972594922529608, 44.949276748521356], [-0.972012230287051, 44.94927728845356], [-0.971305442223508, 44.94908504461185], [-0.970474567287325, 44.94870001421307], [-0.969508157315401, 44.94796698072566], [-0.968406237547829, 44.946885939336596], [-0.968089310949165, 44.945958508931525], [-0.968557334555167, 44.94518469784362], [-0.969449367497258, 44.94459769876227], [-0.970765405052066, 44.944197501130475], [-0.971422724577388, 44.94381500400591], [-0.971421339720328, 44.943450219577926], [-0.971592806906327, 44.942965051279295], [-0.971937120933991, 44.942359498243576], [-0.972373164626476, 44.941684356222986], [-0.972900933376561, 44.94093962406434], [-0.973032982415816, 44.940221591481844], [-0.972769327022513, 44.9395302597044], [-0.972183948957292, 44.93881289037131], [-0.971276861774298, 44.93806947774734], [-0.970777702696202, 44.93726835804332], [-0.970686455785674, 44.9364095373492], [-0.970637660435868, 44.93595025559786], [-0.970631313344799, 44.93589051329629], [-0.970426823527909, 44.935363895525], [-0.970024203381465, 44.93437040035496], [-0.970933396945359, 44.932941720989994], [-0.973154287644074, 44.93107782422564], [-0.974267928296839, 44.93014564828893], [-0.974274423059573, 44.930145228313236], [-0.974915917558555, 44.93007776685613], [-0.976192407660684, 44.929943252272466], [-0.977136309403431, 44.92970298317162], [-0.977747621537154, 44.92935696855954], [-0.978577627972093, 44.92875659600986], [-0.979626311513343, 44.927901860337386], [-0.980281976817247, 44.92727962311879], [-0.98054464397928, 44.926889891654604], [-0.980684776678535, 44.92650771886521], [-0.980702377450016, 44.92613310519836], [-0.981109064667548, 44.92570855825176], [-0.981904828679455, 44.92523407362685], [-0.98280546459577, 44.92499345691961], [-0.983810982112013, 44.924986705328905], [-0.984963890861143, 44.92500084429607], [-0.986264192439161, 44.92503586889784], [-0.987203728473403, 44.92467847319427], [-0.987782486629927, 44.92392866690269], [-0.988105871660962, 44.9235214762126], [-0.988173894097374, 44.92345690357239], [-0.988689084479875, 44.92320165926598], [-0.989651431974122, 44.92275573678629], [-0.990653826971658, 44.92272298191643], [-0.991696291607277, 44.923103393072864], [-0.99228335691762, 44.9232906878884], [-0.992415011696256, 44.92328487436235], [-0.992708094284798, 44.92327193201324], [-0.993162604511747, 44.92325185948293], [-0.993653350451201, 44.9232492063253], [-0.994180332576659, 44.923263972018944], [-0.994582459521333, 44.923291916621274], [-0.994859731329364, 44.923333041575404], [-0.995087286240721, 44.923444784511496], [-0.995265124859615, 44.92362714572624], [-0.995495615217615, 44.92375366330768], [-0.995778756948051, 44.92382433692881], [-0.996124419370791, 44.92385320934772], [-0.996532601822524, 44.92384027995875], [-0.99674879262, 44.92375208191029], [-0.996772991796428, 44.92358861638229], [-0.996576294775166, 44.92341830552854], [-0.996158703705463, 44.92324114805195], [-0.995782825604357, 44.92302438574772], [-0.995448660824925, 44.92276801904186], [-0.995113336870699, 44.922577143534475], [-0.994776852492017, 44.92245175926599], [-0.99446294833876, 44.92240444502915], [-0.994171623004861, 44.92243520106445], [-0.993816892834851, 44.92246762136864], [-0.993398757711833, 44.92250170529677], [-0.993020378852927, 44.922486335074844], [-0.992681757218889, 44.92242151111436], [-0.992226384619085, 44.92230364018164], [-0.991654263190421, 44.922132720689774], [-0.991346738302107, 44.92195331289741], [-0.991303807464127, 44.92176541919429], [-0.991634951170179, 44.921446172418754], [-0.992340161081034, 44.920995569091026], [-0.992868375940054, 44.92063693574957], [-0.993219601446557, 44.92037027503563], [-0.994481279521782, 44.920007492969866], [-0.996653387408753, 44.91954855689195], [-0.997723205772234, 44.919033803006435], [-0.997690760767405, 44.91846326465134], [-0.997098048304704, 44.91812408521019], [-0.995945071077669, 44.91801625523322], [-0.994899691081176, 44.91783965598462], [-0.993961911111016, 44.91759429061855], [-0.99418374034911, 44.91708300240064], [-0.99556514495969, 44.91630578434376], [-0.996013288947876, 44.915713195746285], [-0.99552820527971, 44.915305248192034], [-0.99486195803271, 44.91500252264708], [-0.994014546311438, 44.91480501572204], [-0.992940270073423, 44.91488973600642], [-0.991639112428953, 44.915256676784324], [-0.991083877189104, 44.91571705686452], [-0.991274579836218, 44.91627088775853], [-0.991279069811261, 44.91670088380225], [-0.99109734243268, 44.91700704522667], [-0.99038429978899, 44.91728319003022], [-0.989139935513983, 44.91752930745817], [-0.98793514477881, 44.91777123340201], [-0.986769928309117, 44.918008969221184], [-0.985944236967459, 44.918124779299276], [-0.985458077870305, 44.91811867158708], [-0.984746694297514, 44.91779194771751], [-0.983810103317961, 44.91714460251105], [-0.983048013656349, 44.91676582196189], [-0.982460409953612, 44.916655610424115], [-0.981987342042393, 44.917039709384596], [-0.981628800911923, 44.9179181201947], [-0.98115471302628, 44.91832805123895], [-0.980565086570788, 44.918269501170364], [-0.980275170511425, 44.918179788971166], [-0.980284963811447, 44.91805891715744], [-0.979747846425813, 44.91804584246799], [-0.978663815944269, 44.918140556501434], [-0.977895605322737, 44.91809793570042], [-0.977443219275107, 44.917917986937965], [-0.977186333913054, 44.91759222716844], [-0.977124948083938, 44.91712065776242], [-0.977482329229642, 44.91682119997803], [-0.978258473745445, 44.91669384968924], [-0.978827844656475, 44.91673625926602], [-0.979190446600542, 44.916948431986214], [-0.979621649959761, 44.917039056294826], [-0.98012145221326, 44.91700813141535], [-0.98038561562714, 44.91681663454346], [-0.980414140479826, 44.916464567401135], [-0.980699629468785, 44.91615417116853], [-0.981242078945148, 44.91588544383637], [-0.98187569642802, 44.91554067516865], [-0.982600477877497, 44.9151198635317], [-0.983556023624632, 44.91504777491544], [-0.984742350752116, 44.91532440267368], [-0.985324936724409, 44.915205547967325], [-0.985303772940501, 44.91469122099899], [-0.986181270970445, 44.914225572000085], [-0.987957411356836, 44.91380857872321], [-0.98853550995626, 44.91325970881381], [-0.987915597699171, 44.9125789814176], [-0.986752171302109, 44.91221388293067], [-0.98504522164398, 44.91216439557998], [-0.983745222042277, 44.91212934924595], [-0.982852170133261, 44.912108759204536], [-0.981806949438782, 44.911932024657055], [-0.980609570525014, 44.91159914075105], [-0.980033754972783, 44.91134418926594], [-0.980079491335336, 44.91116718077971], [-0.98031315475238, 44.91051119296895], [-0.980734734704692, 44.909376224134796], [-0.980657917778935, 44.90858079129177], [-0.980082722132504, 44.90812489352418], [-0.979235474599675, 44.9079272621336], [-0.978116166237429, 44.907987890775495], [-0.977614584408152, 44.90749552227343], [-0.977730729118174, 44.906450164980484], [-0.978049127603881, 44.90581394459583], [-0.978569778313676, 44.905586859837875], [-0.979548034049577, 44.905426306471114], [-0.980983894786186, 44.905332271632766], [-0.982385746819483, 44.90527050181023], [-0.983753592625685, 44.905240998328864], [-0.984354513272766, 44.90460364384632], [-0.98418851742754, 44.90335845064559], [-0.983475235080179, 44.90179792454151], [-0.982214727819807, 44.89992205200622], [-0.981201111227128, 44.89868017694591], [-0.980434328896943, 44.898072309360344], [-0.979877143812701, 44.897298842125444], [-0.9795295529361, 44.896359778399635], [-0.978530379397562, 44.896005992544644], [-0.976879603541444, 44.89623746665295], [-0.975708000624229, 44.89684885822567], [-0.975015563380404, 44.89784018309178], [-0.973829056089792, 44.89776437968936], [-0.972148549909916, 44.89662142951029], [-0.970923754598737, 44.89614786743339], [-0.970154611864568, 44.896343711384354], [-0.968553224072431, 44.897029002454694], [-0.966119522203226, 44.898203703001066], [-0.964932897115971, 44.899692933935], [-0.964993429911604, 44.90149673521525], [-0.964975176281047, 44.902412234060115], [-0.964878127893414, 44.90243943228803], [-0.96491591961178, 44.90260278053343], [-0.965088553046378, 44.902902278570316], [-0.965063173909732, 44.90310218718913], [-0.964839780087292, 44.90320250633005], [-0.964385929439437, 44.903259129428754], [-0.963701622429637, 44.90327205347007], [-0.963578580205198, 44.90385964194748], [-0.964016818813901, 44.905021895817704], [-0.964812984974061, 44.90611141891183], [-0.96596709631193, 44.907128202829405], [-0.967288674781647, 44.90789659422109], [-0.968777708659492, 44.90841658735465], [-0.970287654010582, 44.90904203886937], [-0.971818520556861, 44.90977294751996], [-0.973103456988385, 44.910683584572595], [-0.974142464406211, 44.91177395876098], [-0.974673274557492, 44.91259484573212], [-0.974695855605907, 44.9131462543642], [-0.974054398888751, 44.913844562591606], [-0.972748875584342, 44.91468975853541], [-0.971129345635061, 44.91515267943128], [-0.969195833886178, 44.915233310500135], [-0.967724167258898, 44.91491145706308], [-0.96671436967961, 44.91418713792068], [-0.965725817551214, 44.913460573648315], [-0.96475851015083, 44.91273176486147], [-0.962773841566659, 44.911787026637796], [-0.959771889997178, 44.91062629883515], [-0.95760204109157, 44.909839410007855], [-0.956264212200941, 44.90942641442712], [-0.955138656986504, 44.90873982844903], [-0.954225385123779, 44.90777965836157], [-0.952643313437961, 44.90732059239886], [-0.950392415506734, 44.90736260112554], [-0.948942041315875, 44.90771328081266], [-0.948292181326076, 44.90837266484984], [-0.947521978824386, 44.908979540196896], [-0.946631431954138, 44.90953390429054], [-0.945651906139251, 44.910116809902384], [-0.944583397297754, 44.91072825457343], [-0.94361755114041, 44.91117531854983], [-0.942754378067684, 44.911458004624656], [-0.941941816317711, 44.911860146391724], [-0.941179862039456, 44.91238174501415], [-0.940645566640544, 44.912687446191654], [-0.940338939487739, 44.91277725336968], [-0.939298521997125, 44.91291535330023], [-0.937524306913307, 44.913101724146344], [-0.936090871523089, 44.91316588876263], [-0.934998225818179, 44.91310786101906], [-0.933805225466079, 44.913089154699016], [-0.932511868175066, 44.913109766405405], [-0.931604596529299, 44.91303224166306], [-0.931083413366668, 44.91285659047909], [-0.93066073745048, 44.912632203029375], [-0.930336568725536, 44.91235908049061], [-0.930001786424091, 44.91189510263935], [-0.929656394824491, 44.91124026910189], [-0.929356324608605, 44.91066563757779], [-0.929101572769316, 44.910171208615694], [-0.928424085253005, 44.909961928791155], [-0.927323856361878, 44.910037790101995], [-0.925205560336055, 44.909941615485884], [-0.922069224486623, 44.90967334228194], [-0.919251583596581, 44.90817698164992], [-0.916752808859782, 44.90545255211604], [-0.915171150819217, 44.90335111573705], [-0.914506442953175, 44.90187272038609], [-0.91426551132257, 44.90080734232257], [-0.914448323363907, 44.900154986065814], [-0.914629624473201, 44.899677725208456], [-0.914809415847874, 44.89937555990739], [-0.914879684495713, 44.899124798138125], [-0.914840431992408, 44.89892544011666], [-0.914751863589863, 44.89847560644932], [-0.914613982409714, 44.897775296712425], [-0.914423271015979, 44.896806619092274], [-0.914179736609875, 44.895569572611265], [-0.914192393395044, 44.89491170611172], [-0.914461230236277, 44.894833020520046], [-0.916813804028058, 44.893640344445025], [-0.921249854777325, 44.89133353934147], [-0.923600293543752, 44.88989917091997], [-0.923865377380469, 44.88933737762729], [-0.924192403268319, 44.888644295706925], [-0.924581367215708, 44.88781992446825], [-0.925444855294703, 44.88701970621017], [-0.926782848572369, 44.88624362956451], [-0.927776248006296, 44.88524761345659], [-0.92842506134421, 44.88403166712712], [-0.928584041744648, 44.882379317204325], [-0.928253233535526, 44.880290563520106], [-0.927132851085073, 44.879317755434464], [-0.925222862408613, 44.87946087039022], [-0.923261427072335, 44.879752826783005], [-0.921248529000172, 44.88019362194674], [-0.920143786270529, 44.88138287398498], [-0.919947217170993, 44.883320609558815], [-0.918202658937139, 44.884494563705424], [-0.914910082677462, 44.884904661128594], [-0.911836045186475, 44.88518249509246], [-0.908980570553653, 44.885328084523856], [-0.906582587412641, 44.885265838829994], [-0.904642119852492, 44.884995789076555], [-0.90327213473015, 44.88531225859515], [-0.902472598964846, 44.88621527017847], [-0.901242940801531, 44.886753685366585], [-0.899583171173361, 44.88692748911717], [-0.897841150986014, 44.88705754308941], [-0.896016883874693, 44.88714384309607], [-0.894821949209997, 44.887059580043264], [-0.894256354350256, 44.88680477540103], [-0.893965950500349, 44.88667249694348], [-0.893950733604134, 44.88666274708812], [-0.893027555162625, 44.88690595534692], [-0.891196392115141, 44.887402097931414], [-0.88844748583123, 44.88907668860847], [-0.884780595581969, 44.89192965556372], [-0.880937877157221, 44.89436700854013], [-0.876919387406473, 44.89638872904972], [-0.874286892656681, 44.89731091570117], [-0.873040606287993, 44.89713367128106], [-0.872383737578704, 44.89708118929972], [-0.872316280002299, 44.89715348104859], [-0.870587328605676, 44.89768498470201], [-0.867196798100049, 44.89867561880311], [-0.864479772561185, 44.89832248240663], [-0.8624364362768, 44.89662562344738], [-0.862178376437081, 44.8946846080255], [-0.863705413005096, 44.892499452089645], [-0.865144021827299, 44.891160160401405], [-0.866494267075359, 44.890666737665995], [-0.867168979010574, 44.89019790849248], [-0.867168174946771, 44.88975368567256], [-0.867310539182831, 44.88952152761449], [-0.871920070901526, 44.889816462009435], [-0.876039380394625, 44.89005400523683], [-0.878845148424395, 44.88998344615205], [-0.882315055573314, 44.88850772922629], [-0.883950226679643, 44.88566545380036], [-0.88440754478881, 44.8816106376564], [-0.884048744700046, 44.879071394868674], [-0.884122080076331, 44.87864565005248], [-0.885881952422982, 44.87750269585806], [-0.889097060260302, 44.87698505526994], [-0.89156059241856, 44.87598596031224], [-0.893272526657684, 44.87450546375057], [-0.897059044863149, 44.87362526629711], [-0.902920176187095, 44.8733451422468], [-0.906293521803336, 44.87259121598978], [-0.907179089714524, 44.87136372827781], [-0.907465567548676, 44.87043263254038], [-0.907152987792356, 44.86979793362868], [-0.906382406445535, 44.86874401268145], [-0.905153869989389, 44.86727085766183], [-0.903493948680015, 44.866275987093125], [-0.898242182867332, 44.86617921627287]], [[-1.105541219360903, 44.80245748279625], [-1.105541334557945, 44.802457715147966], [-1.105541561785844, 44.80245817346525], [-1.105542292127627, 44.80245964656003], [-1.105542743613381, 44.80246055720395], [-1.105542873937185, 44.80246082006623], [-1.105543428356292, 44.802461938325976], [-1.105544267952582, 44.80246363178616], [-1.105544661644647, 44.802464425860414], [-1.105544970471973, 44.80246504876303], [-1.105546127058867, 44.8024673815908], [-1.105546898116843, 44.802468936809326], [-1.105547283645852, 44.802469714418564], [-1.10554874826733, 44.802469557931154], [-1.105551677510256, 44.80246924495622], [-1.105556071374593, 44.80246877549369], [-1.105561929860275, 44.80246814954337], [-1.105569252967215, 44.80246736710502], [-1.105578040695292, 44.802466428178285], [-1.10558829304439, 44.80246533276287], [-1.105600010014347, 44.8024640808583], [-1.105610262362675, 44.802462985440705], [-1.105619050089522, 44.802462046510556], [-1.105626373195034, 44.80246126406821], [-1.105632231679303, 44.802460638113935], [-1.105636625542432, 44.80246016864803], [-1.105639554784486, 44.80245985567068], [-1.105641019405495, 44.80245969918196], [-1.105643563117228, 44.80245860859558], [-1.1056486505404, 44.80245642742266], [-1.105654956078465, 44.80245372399675], [-1.105662479731076, 44.80245049831761], [-1.105666434684524, 44.80244880267665], [-1.105666559781337, 44.80244874904282], [-1.105666654669854, 44.802448708360444], [-1.105666820939424, 44.80244863707427], [-1.105666906544048, 44.802448600372244], [-1.105666988708147, 44.80244856514533], [-1.10566705420624, 44.80244853706378], [-1.105667134484962, 44.80244850264522], [-1.105667183289211, 44.80244848172092], [-1.105667190308434, 44.802448478711526], [-1.105667193471394, 44.80244847735542], [-1.105667231165533, 44.8024484611945], [-1.105667250736084, 44.802448452803844], [-1.105667251306801, 44.80244845255917], [-1.105667251586082, 44.802448452439414], [-1.10566725218305, 44.8024484521835], [-1.105667253112344, 44.80244845178507], [-1.105667253408522, 44.80244845165809], [-1.105667253547078, 44.80244845159867], [-1.105667253844016, 44.80244845147136], [-1.105667254273751, 44.80244845128712], [-1.105667254828175, 44.80244845104943], [-1.105667255684768, 44.80244845068218], [-1.105667255976432, 44.80244845055712], [-1.105667256025582, 44.80244845053604], [-1.105667256116835, 44.802448450496925], [-1.105667256344891, 44.802448450399126], [-1.1056672563956, 44.80244845037739], [-1.105667267694779, 44.802448445533], [-1.105667290205191, 44.80244843588193], [-1.105667309062343, 44.80244842779715], [-1.105667312792749, 44.80244842619777], [-1.10566731344333, 44.80244842591883], [-1.105667324266234, 44.80244842127864], [-1.105667353460616, 44.80244840876191], [-1.105667396645488, 44.80244839024686], [-1.105667470477982, 44.80244835859202], [-1.105667574958091, 44.80244831379738], [-1.105667653932917, 44.80244827993782], [-1.105667683048627, 44.80244826745479], [-1.105667704226178, 44.80244825837516], [-1.105667707402451, 44.80244825701339], [-1.105667759438523, 44.802448234703505], [-1.1056678089915, 44.80244821345822], [-1.105668686587936, 44.80244783719876], [-1.105669378709134, 44.80244754045969], [-1.105669917798799, 44.802447309331114], [-1.105670591489357, 44.80244702049395], [-1.105672173316481, 44.80244634230353], [-1.105673432069356, 44.80244580262749], [-1.105673561614854, 44.802445747086345], [-1.105673674787528, 44.80244569856484], [-1.105674404823108, 44.80244538557035], [-1.105675091577749, 44.80244509113203], [-1.105675648870078, 44.80244485219925], [-1.105676076700103, 44.802444668771955], [-1.105676357667407, 44.8024445483104], [-1.105676491771987, 44.80244449081456], [-1.105676585416495, 44.80244445066553], [-1.105676638600938, 44.80244442786329], [-1.105676660187327, 44.802444418608395], [-1.105676664664608, 44.802444416688814], [-1.105676665385344, 44.80244441637978], [-1.105676665438646, 44.80244441635692], [-1.105676665769734, 44.802444416215], [-1.105676668514887, 44.802444415038046], [-1.105676670322834, 44.802444414262894], [-1.105676674076797, 44.80244441265343], [-1.105676676681384, 44.80244441153674], [-1.105676679840015, 44.8024444101825], [-1.105676690306541, 44.80244440569513], [-1.105676701020771, 44.80244440110149], [-1.105676704084192, 44.8024443997881], [-1.105676705253564, 44.802444399286756], [-1.1056767062195, 44.802444398872616], [-1.105676707460429, 44.802444398340576], [-1.105676708389232, 44.802444397942374], [-1.105676709141345, 44.8024443976199], [-1.10567670978632, 44.80244439734338], [-1.105676710148044, 44.802444397188296], [-1.105676710226514, 44.80244439715464], [-1.105676710285367, 44.80244439712943], [-1.105676710324596, 44.802444397112595], [-1.105676710384387, 44.80244439708697], [-1.105676710427434, 44.80244439706849], [-1.105676710471856, 44.80244439704947], [-1.105676710540916, 44.80244439701985], [-1.105676710690033, 44.802444396955934], [-1.105676710919204, 44.80244439685766], [-1.105676711060489, 44.802444396797085], [-1.105676711108141, 44.80244439677667], [-1.10567671115315, 44.802444396757366], [-1.105676711256838, 44.802444396712914], [-1.105676714515623, 44.802444395315746], [-1.105676719950681, 44.80244439298554], [-1.105676720565029, 44.80244439272213], [-1.10567672088449, 44.80244439258515], [-1.105676721367297, 44.80244439237816], [-1.105676722766274, 44.80244439177836], [-1.105676735554426, 44.8024443862956], [-1.105676758525402, 44.80244437644703], [-1.10567691145149, 44.80244431088172], [-1.105677194332685, 44.8024441895996], [-1.105680975235801, 44.802442568579814], [-1.105681968103775, 44.80244214289882], [-1.105683408897228, 44.802441525174714], [-1.105688254160268, 44.802439447822096], [-1.105694133804748, 44.80243692698947], [-1.105696019127449, 44.80243611867806], [-1.105696981041826, 44.802435706267815], [-1.105707155879911, 44.802431343916616], [-1.105716482813505, 44.80242734509381], [-1.10572496184294, 44.80242370979966], [-1.105731084878084, 44.802421084612426], [-1.105733562581798, 44.80242002232274], [-1.105734356825948, 44.80241968179881], [-1.105734851919552, 44.80241946953255], [-1.1057352770298, 44.80241928727091], [-1.10573651518343, 44.80241875642536], [-1.105736785198293, 44.802418640659276], [-1.105736884714465, 44.802418597992755], [-1.105736947451479, 44.80241857109488], [-1.10573697340936, 44.80241855996574], [-1.1057369876252, 44.80241855387084], [-1.105736990099004, 44.8024185528102], [-1.105736991347503, 44.80241855227493], [-1.105736991445213, 44.80241855223304], [-1.105736991521474, 44.80241855220035], [-1.105736991571007, 44.80241855217912], [-1.10573699167327, 44.80241855213527], [-1.105736991752001, 44.802418552101535], [-1.105736992049986, 44.80241855197376], [-1.105736992253836, 44.80241855188635], [-1.105736992333529, 44.80241855185219], [-1.10573699256723, 44.802418551751956], [-1.10573699331045, 44.80241855143333], [-1.105736993625373, 44.80241855129834], [-1.105736993907177, 44.8024185511775], [-1.105736994279632, 44.80241855101784], [-1.105737023596892, 44.80241853844835], [-1.10573705608319, 44.80241852452017], [-1.105737070512824, 44.80241851833363], [-1.105737209975716, 44.80241845854035], [-1.105737220733052, 44.802418453928254], [-1.105737222010049, 44.802418453380746], [-1.105737399286664, 44.80241837737524], [-1.1057374669504, 44.802418348365094], [-1.10573748499749, 44.8024183406276], [-1.105737602342668, 44.80241829031706], [-1.10573780819279, 44.80241820206095], [-1.105737862157644, 44.80241817892408], [-1.105737991732786, 44.80241812337007], [-1.105738016837023, 44.80241811260688], [-1.105738020250608, 44.80241811114335], [-1.105738045084343, 44.80241810049613], [-1.10573856018633, 44.802417879651465], [-1.105739102728474, 44.80241764704212], [-1.105739137567848, 44.80241763210509], [-1.105739438240726, 44.80241750319468], [-1.105740181484915, 44.80241718453638], [-1.105740391799311, 44.80241709436625], [-1.105740482232024, 44.80241705559415], [-1.105740789918905, 44.80241692367654], [-1.105741416563281, 44.80241665500921], [-1.10574160614216, 44.802416573729204], [-1.105741967789568, 44.8024164186766], [-1.105742061418054, 44.80241637853436], [-1.105742479834415, 44.8024161991426], [-1.105742671812377, 44.80241611683403], [-1.105742935929261, 44.80241600359661], [-1.105743080425214, 44.80241594164545], [-1.105743088206973, 44.80241593830911], [-1.105743729018209, 44.80241566356786], [-1.105743818209025, 44.80241562532817], [-1.105744036980278, 44.80241553153222], [-1.105744397096438, 44.80241537713611], [-1.105744532318666, 44.80241531916097], [-1.105744671611893, 44.80241525944041], [-1.105745092441676, 44.80241507901393], [-1.105745580996599, 44.80241486955101], [-1.105745784099535, 44.80241478247269], [-1.105745826130107, 44.802414764452514], [-1.105745862761212, 44.8024147487473], [-1.105745942714837, 44.80241471446797], [-1.105745963770357, 44.80241470544066], [-1.105746205355944, 44.80241460186328], [-1.105746575075514, 44.80241444334979], [-1.105746603138357, 44.802414431318134], [-1.105746608780833, 44.80241442889899], [-1.105746626084662, 44.80241442148013], [-1.105746753271963, 44.802414366949876], [-1.105746950637916, 44.80241428233121], [-1.105747230927209, 44.80241416216005], [-1.105747394755584, 44.80241409192029], [-1.105747442123035, 44.80241407161198], [-1.105747493773094, 44.802414049467544], [-1.105747549705771, 44.80241402548699], [-1.105747550222538, 44.80241402526541], [-1.105747550731001, 44.80241402504739], [-1.10574758240905, 44.80241401146578], [-1.105747591882929, 44.802414007403954], [-1.105747596116544, 44.802414005588844], [-1.105747596629526, 44.802414005368895], [-1.105747596676316, 44.802414005348844], [-1.105747596832672, 44.802414005281804], [-1.105747597038435, 44.8024140051936], [-1.105747597505671, 44.80241400499327], [-1.105747598234402, 44.80241400468082], [-1.10574759951221, 44.80241400413299], [-1.105747601339099, 44.802414003349746], [-1.105747602848663, 44.8024140027025], [-1.105747603367986, 44.80241400247987], [-1.105747603704078, 44.802414002335766], [-1.105747604040903, 44.80241400219135], [-1.105747608522039, 44.802414000270105], [-1.105747614135544, 44.80241399786336], [-1.105747620285489, 44.802413995226644], [-1.105747651582425, 44.802413981808414], [-1.105747699369711, 44.802413961320084], [-1.105747755953317, 44.802413937060436], [-1.105747762941356, 44.802413934064404], [-1.105747763647347, 44.80241393376169], [-1.105747763952749, 44.80241393363077], [-1.105747776012298, 44.80241392846035], [-1.105748645699521, 44.80241355559079], [-1.105750139965919, 44.8024129149392], [-1.105750279766614, 44.802412855001066], [-1.105750345526205, 44.802412826807306], [-1.10575052623475, 44.80241274933034], [-1.105751109551387, 44.80241249923925], [-1.105752017648071, 44.80241210990197], [-1.105752996467754, 44.80241169024288], [-1.105753400082484, 44.80241151719715], [-1.105753662065134, 44.80241140487471], [-1.105753733972804, 44.80241137404503], [-1.105753799428774, 44.80241134598144], [-1.105754503908837, 44.802411043942705], [-1.105754528810568, 44.80241103326633], [-1.105754540019285, 44.80241102846071], [-1.105754543179199, 44.80241102710593], [-1.105754564047179, 44.802411018159006], [-1.105754564538218, 44.80241101794845], [-1.105754564774971, 44.802411017846964], [-1.105754566512802, 44.80241101710188], [-1.105754567719409, 44.80241101658455], [-1.105754567797885, 44.80241101655091], [-1.105754567903718, 44.80241101650554], [-1.105754567994512, 44.80241101646661], [-1.10575456808219, 44.802411016429026], [-1.105754568219944, 44.80241101636996], [-1.105754568391973, 44.80241101629621], [-1.105754568456873, 44.80241101626837], [-1.105754568503186, 44.802411016248506], [-1.105754568565641, 44.80241101622173], [-1.105754570843652, 44.80241101524507], [-1.105754571538806, 44.80241101494702], [-1.105754571904134, 44.80241101479041], [-1.105754575373463, 44.802411013302944], [-1.105754578263953, 44.80241101206368], [-1.105754579515103, 44.80241101152727], [-1.105754614664598, 44.80241099645729], [-1.105754644055095, 44.802410983856404], [-1.10575465857089, 44.8024109776329], [-1.105754683712467, 44.80241096685369], [-1.105754755646986, 44.8024109360125], [-1.105754774768446, 44.80241092781435], [-1.10575480216009, 44.80241091607045], [-1.105754970007493, 44.802410844107605], [-1.105755084658063, 44.8024107949523], [-1.10575523867695, 44.802410728918254], [-1.1057554287259, 44.802410647436666], [-1.105755741890556, 44.802410513170464], [-1.105755888426637, 44.80241045034459], [-1.105756178315316, 44.802410326057725], [-1.105756584452132, 44.80241015193064], [-1.10575664713635, 44.80241012505539], [-1.105756649560116, 44.80241012401625], [-1.105756654572431, 44.80241012186728], [-1.105756678508696, 44.802410111604836], [-1.105756678569151, 44.8024101115789], [-1.10575667862605, 44.80241011155451], [-1.105756678679386, 44.80241011153164], [-1.105756678736979, 44.80241011150694], [-1.105756678782089, 44.802410111487625], [-1.105756678851701, 44.80241011145777], [-1.105756678934155, 44.80241011142241], [-1.105756679029468, 44.80241011138155], [-1.105756679174453, 44.802410111319375], [-1.105756679369113, 44.802410111235915], [-1.105756681257652, 44.80241011042624], [-1.105756684840066, 44.80241010889031], [-1.105756711521419, 44.80241009745096], [-1.105756761301714, 44.80241007610815], [-1.105756816004498, 44.802410052654906], [-1.105756875629779, 44.802410027091135], [-1.105756889677414, 44.80241002106836], [-1.105756912752392, 44.802410011175176], [-1.105756930109981, 44.80241000373329], [-1.105756932193384, 44.80241000284007], [-1.105756937962282, 44.80241000036673], [-1.105756979445126, 44.80240998258137], [-1.105757048908976, 44.802409952799415], [-1.105757138501528, 44.8024099143875], [-1.105757227779778, 44.80240987611037], [-1.105757289626418, 44.80240984959422], [-1.105757296081114, 44.80240984682683], [-1.105757316743712, 44.80240983796795], [-1.105757354772628, 44.80240982166343], [-1.105757358363762, 44.80240982012379], [-1.105757371406447, 44.80240981453186], [-1.10575739176797, 44.802409805802064], [-1.10575741664113, 44.80240979513793], [-1.10575744602593, 44.802409782539506], [-1.105757588888849, 44.802409721288434], [-1.10575784522991, 44.80240961138478], [-1.105758073768723, 44.80240951340106], [-1.105758274505299, 44.80240942733725], [-1.105758386589442, 44.80240937928232], [-1.105758410021129, 44.802409369236194], [-1.105758423273277, 44.80240936355448], [-1.105758426345846, 44.80240936223715], [-1.105758428045257, 44.80240936150853], [-1.105758428371519, 44.802409361368646], [-1.105758428545738, 44.80240936129395], [-1.105758442859436, 44.802409355157096], [-1.105758449658344, 44.80240935224213], [-1.105758457461183, 44.802409348896745], [-1.105758515225557, 44.802409324130856], [-1.105758695366242, 44.80240924689733], [-1.105758997883225, 44.802409117196184], [-1.10575981052853, 44.80240876878261], [-1.105761133302148, 44.802408201656604], [-1.105762905452083, 44.80240744186493], [-1.105763592508087, 44.802407147296485], [-1.105764044109877, 44.802406953676694], [-1.105764756456319, 44.80240664826519], [-1.10576479642711, 44.8024066311281], [-1.105768542951532, 44.80240502484271], [-1.105771136073583, 44.80240391306707], [-1.105771384215581, 44.80240380667863], [-1.105771581857574, 44.80240372194155], [-1.105771823476245, 44.8024036183499], [-1.105772174213342, 44.80240346797479], [-1.105772220651385, 44.80240344806495], [-1.105772236041254, 44.80240344146666], [-1.105772373768638, 44.80240338241744], [-1.105772455120795, 44.80240334753847], [-1.105772480097736, 44.80240333682986], [-1.105772484107167, 44.80240333511086], [-1.105772492254396, 44.802403331617825], [-1.105772502001829, 44.802403327438704], [-1.10577250884215, 44.802403324505974], [-1.10577251101646, 44.80240332357376], [-1.105772520833064, 44.80240331936497], [-1.105772533766021, 44.80240331382011], [-1.105772538891328, 44.802403311622705], [-1.105772542897042, 44.802403309905266], [-1.105772545168348, 44.80240330893147], [-1.105772548257274, 44.802403307607136], [-1.105772568193751, 44.80240329905955], [-1.105772582981262, 44.802403292719546], [-1.105772587259576, 44.80240329088526], [-1.105772591241658, 44.80240328917799], [-1.105772593075175, 44.80240328839188], [-1.105772593614782, 44.80240328816055], [-1.105772594927528, 44.80240328759773], [-1.105772595747576, 44.802403287246136], [-1.105772595886869, 44.802403287186394], [-1.105772597172131, 44.80240328663536], [-1.105772597683227, 44.80240328641622], [-1.105772597838776, 44.80240328634953], [-1.105772597975471, 44.80240328629094], [-1.105772598647988, 44.8024032860026], [-1.105772598900516, 44.802403285894336], [-1.105772599002481, 44.8024032858506], [-1.105772600253154, 44.80240328531441], [-1.105772601287973, 44.80240328487072], [-1.105772601900673, 44.80240328460805], [-1.105772602106949, 44.80240328451959], [-1.105772602975395, 44.802403284147275], [-1.105772603893314, 44.80240328375371], [-1.105772604399623, 44.80240328353664], [-1.105772604494314, 44.802403283496034], [-1.105772604583786, 44.802403283457664], [-1.105772604668044, 44.802403283421555], [-1.105772604730454, 44.8024032833948], [-1.105772604771009, 44.80240328337742], [-1.105772604999563, 44.80240328327941], [-1.105772605244493, 44.802403283174385], [-1.10577260533626, 44.80240328313506], [-1.105772605416122, 44.80240328310082], [-1.105772606610176, 44.802403282588884], [-1.105772607096129, 44.80240328238053], [-1.105772607978959, 44.80240328200203], [-1.105772608581737, 44.80240328174361], [-1.105772619036228, 44.80240327726135], [-1.105772637973642, 44.80240326914211], [-1.105772808654467, 44.80240319596437], [-1.105773093543815, 44.80240307382084], [-1.10577312454036, 44.80240306053139], [-1.105773131078696, 44.80240305772812], [-1.105773861666111, 44.802402744495886], [-1.10577420995393, 44.80240259517089], [-1.105774244740073, 44.802402580256675], [-1.105776149638561, 44.80240176354999], [-1.105777128822515, 44.80240134373437], [-1.105777182291958, 44.80240132080986], [-1.105777261266657, 44.802401286950236], [-1.10577736574661, 44.80240124215544], [-1.105777439578984, 44.802401210500534], [-1.105777482763779, 44.802401191985474], [-1.105777511958113, 44.80240117946868], [-1.105777527161989, 44.802401172950184], [-1.105777546019106, 44.80240116486539], [-1.105777556257327, 44.802401160475846], [-1.105777557378776, 44.80240115999503], [-1.105777568529472, 44.802401155214255], [-1.105777579799315, 44.80240115038242], [-1.105777579855322, 44.80240115035842], [-1.105777579960259, 44.80240115031344], [-1.105777580017964, 44.802401150288695], [-1.105777580107405, 44.80240115025034], [-1.105777580429317, 44.802401150112324], [-1.105777580483301, 44.80240115008917], [-1.105777580539477, 44.80240115006509], [-1.105777580738015, 44.802401149979964], [-1.105777580890539, 44.802401149914594], [-1.105777581396061, 44.80240114969785], [-1.105777581950493, 44.80240114946014], [-1.105777582380212, 44.8024011492759], [-1.10577758267716, 44.80240114914859], [-1.105777582815712, 44.80240114908919], [-1.105777583111894, 44.80240114896219], [-1.105777584041186, 44.802401148563774], [-1.105777584638154, 44.80240114830782], [-1.105777584917431, 44.802401148188096], [-1.105777585488145, 44.802401147943414], [-1.105777591278027, 44.802401145461054], [-1.105777595355244, 44.80240114371298], [-1.105777605058668, 44.802401139552735], [-1.105777642752747, 44.80240112339176], [-1.105777701739084, 44.80240109810193], [-1.105777752239458, 44.8024010764504], [-1.1057777763942, 44.802401066094305], [-1.105777782017684, 44.802401063683284], [-1.105778015284116, 44.80240096367256], [-1.105778401538389, 44.802400798069776], [-1.105781286825619, 44.80239956103072], [-1.105781782770316, 44.80239934839919], [-1.105782356485178, 44.80239910242449], [-1.105789880123868, 44.802395876736284], [-1.10579294437007, 44.802394562969766], [-1.105795224077913, 44.80239358556652], [-1.105796185649, 44.80239317330198], [-1.105801273060909, 44.80239099212175], [-1.105803816766715, 44.80238990153152], [-1.105808695910242, 44.80238667816197], [-1.105814225605593, 44.80238302500953], [-1.105816897058273, 44.80238126013375], [-1.105818454195703, 44.802380231422184], [-1.105833091619918, 44.802370561310816], [-1.105840553834353, 44.80236563144932], [-1.105843735187254, 44.802363529709666], [-1.105852608178143, 44.80235766782584], [-1.105867479960263, 44.80234784287527], [-1.105871453447939, 44.8023452178144], [-1.105875510250949, 44.80234253771136], [-1.105877706970897, 44.80234108646106], [-1.105883289213227, 44.80233739858456], [-1.105883388750507, 44.80233733282582], [-1.105883409656685, 44.80233731901426], [-1.105884226688973, 44.80233677924648], [-1.105885353277475, 44.802336034972114], [-1.105885631216619, 44.80233585135316], [-1.1058857332656, 44.80233578393507], [-1.105886668978729, 44.802335165761434], [-1.105886922873036, 44.802334998027554], [-1.105887029926051, 44.80233492730359], [-1.105887352978322, 44.802334713880875], [-1.10588740527628, 44.802334679330535], [-1.10588743266249, 44.802334661237985], [-1.105887435136932, 44.80233465960326], [-1.10588743648018, 44.80233465871585], [-1.105887436527204, 44.80233465868478], [-1.105887436692243, 44.80233465857574], [-1.105887436816157, 44.80233465849387], [-1.105887436851918, 44.802334658470244], [-1.105887436991334, 44.80233465837815], [-1.105887437132961, 44.80233465828459], [-1.105887437234407, 44.80233465821756], [-1.105887437311444, 44.802334658166686], [-1.105887437372835, 44.802334658126114], [-1.105887437434839, 44.80233465808514], [-1.105887437477523, 44.802334658056964], [-1.105887437538398, 44.802334658016754], [-1.105887437597717, 44.80233465797755], [-1.10588743778601, 44.80233465785316], [-1.105887438120689, 44.80233465763205], [-1.105887438473583, 44.802334657398916], [-1.105887438530615, 44.80233465736123], [-1.105887438601761, 44.80233465731422], [-1.10588743920731, 44.802334656914184], [-1.105887440147224, 44.80233465629323], [-1.105887440921922, 44.802334655781415], [-1.10588744508116, 44.80233465303363], [-1.105887450871032, 44.8023346492086], [-1.105887458291531, 44.80233464430629], [-1.105887465160795, 44.802334639768155], [-1.105887471478837, 44.802334635594164], [-1.105887476854366, 44.80233463204285], [-1.10588748006063, 44.80233462992466], [-1.105887481083696, 44.802334629248776], [-1.105887481287384, 44.80233462911421], [-1.105887621099735, 44.802334536747935], [-1.105887842540249, 44.80233439045448], [-1.105888408804542, 44.80233401635513], [-1.105890259405778, 44.80233279376559], [-1.105892576715556, 44.80233126284752], [-1.105895360733794, 44.80232942360086], [-1.105898611460414, 44.80232727602561], [-1.105902328895306, 44.80232482012168], [-1.105903012618426, 44.802324368423534], [-1.105903950730162, 44.80232374866486], [-1.105904248643034, 44.802323551850264], [-1.105904269874586, 44.80232353782374], [-1.105904331502316, 44.80232349710968], [-1.105904370703812, 44.80232347121143], [-1.105904397691584, 44.802323453382094], [-1.105904407997215, 44.80232344657372], [-1.105904431942173, 44.80232343075462], [-1.105904432071399, 44.802323430669254], [-1.105904432358091, 44.80232343047984], [-1.105904432752824, 44.80232343021906], [-1.105904433126348, 44.80232342997229], [-1.105904433361043, 44.80232342981726], [-1.105904433456911, 44.802323429753926], [-1.105904433522549, 44.80232342971055], [-1.105904433557959, 44.802323429687156], [-1.105904433602648, 44.80232342965763], [-1.10590443363722, 44.802323429634804], [-1.105904433968894, 44.80232342941568], [-1.105904434623588, 44.80232342898314], [-1.105904435181108, 44.802323428614834], [-1.105904436432449, 44.80232342778814], [-1.105904436567206, 44.8023234276991], [-1.105904438251835, 44.80232342658616], [-1.105904442400015, 44.80232342384573], [-1.105904445266751, 44.80232342195179], [-1.105904446915754, 44.8023234208624], [-1.105904447625646, 44.80232342039343], [-1.105904456710156, 44.80232341439177], [-1.105904457687533, 44.80232341374606], [-1.105904461556118, 44.802323411190315], [-1.105904484191424, 44.802323396236424], [-1.105904528396202, 44.802323367032756], [-1.105904594170468, 44.80232332357934], [-1.105904821056701, 44.802323173688094], [-1.105905209054904, 44.802322917359085], [-1.105906718792098, 44.80232191995891], [-1.105909350268163, 44.802320181487524], [-1.10591322852112, 44.80231761933896], [-1.105918353550643, 44.80231423351313], [-1.10592495819033, 44.80230987018906], [-1.105928983199118, 44.8023072110855], [-1.105928991611915, 44.80230720552762], [-1.105933042439539, 44.80230452936654], [-1.105937204730141, 44.80230177956754], [-1.105937298980497, 44.80230171730145], [-1.105937343599148, 44.80230168782433], [-1.105937445063225, 44.80230162079254], [-1.105937500606324, 44.80230158409822], [-1.105937509372969, 44.80230157830658], [-1.105937582222295, 44.802301530179], [-1.105937597392594, 44.802301520156796], [-1.105937607435978, 44.80230151352168], [-1.105937616207356, 44.8023015077269], [-1.105937633430785, 44.80230149634834], [-1.105937633711175, 44.80230149616308], [-1.105937633750062, 44.80230149613739], [-1.105937633892588, 44.80230149604325], [-1.10593763395841, 44.802301495999764], [-1.105937634332395, 44.80230149575269], [-1.105937634750196, 44.80230149547667], [-1.105937636045688, 44.8023014946208], [-1.105937637768713, 44.8023014934825], [-1.105937637908054, 44.802301493390424], [-1.105937638218859, 44.802301493185105], [-1.105937638747418, 44.802301492835916], [-1.105937638984376, 44.80230149267936], [-1.105937639327564, 44.80230149245263], [-1.10593763937179, 44.8023014924234], [-1.105937639498805, 44.8023014923395], [-1.105937639538488, 44.80230149231329], [-1.105937639827665, 44.80230149212226], [-1.105937640703156, 44.80230149154387], [-1.105937642164938, 44.80230149057813], [-1.10593764329975, 44.80230148982844], [-1.105937644107576, 44.802301489294756], [-1.105939967906316, 44.802299954087104], [-1.10594250947768, 44.80229827500877], [-1.105942844224689, 44.802298053859566], [-1.105944614695621, 44.80229688420538], [-1.105948797796635, 44.80229412065688], [-1.105950703866102, 44.802292861419815], [-1.105955069969777, 44.8022899769707], [-1.105969133334724, 44.802280686061266], [-1.105969857991495, 44.80228020731936], [-1.105971333724762, 44.80227923238141], [-1.105989223848447, 44.80226741333028], [-1.105991175497875, 44.80226612397907], [-1.10599288393256, 44.80226499530686], [-1.106008740338889, 44.802254519816515], [-1.106024238722329, 44.802244280847134], [-1.106026862786723, 44.80224254726477], [-1.10602825682087, 44.802241626299164], [-1.106029806067015, 44.80224060279298], [-1.106032810665446, 44.802238617811255], [-1.106047773294371, 44.80222873277818], [-1.106067289759405, 44.80221583925364], [-1.106086806215967, 44.80220294572546], [-1.10609590884979, 44.8021969320761], [-1.106097712467423, 44.80219574051697], [-1.106101443552837, 44.80219327557698], [-1.106103000680404, 44.80219224686122], [-1.10610567211593, 44.802190481978165], [-1.10611120177476, 44.80218682881017], [-1.106116080884932, 44.80218360542646], [-1.106123295412978, 44.80217824925629], [-1.106137724465181, 44.802167536914396], [-1.106159200254215, 44.80215159296002], [-1.106161148978038, 44.802150146197], [-1.106163066860656, 44.80214872233086], [-1.106187722768752, 44.80213041738889], [-1.10620204291079, 44.802119785877736], [-1.106202160695519, 44.802119698432364], [-1.106202226955627, 44.80211964923975], [-1.106202241691133, 44.80211963829987], [-1.106202242810596, 44.802119637468785], [-1.106202244007625, 44.80211963658007], [-1.106202250079675, 44.80211963207208], [-1.106202250377479, 44.80211963185098], [-1.106202250726193, 44.80211963159209], [-1.106202252121242, 44.80211963055639], [-1.106202253863413, 44.80211962926299], [-1.106202255306176, 44.80211962819182], [-1.106202256624307, 44.80211962721324], [-1.106202257817812, 44.80211962632716], [-1.106202258577335, 44.80211962576329], [-1.106202258902881, 44.802119625521584], [-1.106202259166843, 44.8021196253256], [-1.106202259369225, 44.80211962517538], [-1.10620225968994, 44.80211962493726], [-1.106202259905534, 44.802119624777205], [-1.106202260347714, 44.80211962444892], [-1.1062022621023, 44.80211962314628], [-1.106202268991067, 44.802119618031966], [-1.106202281014015, 44.80211960910594], [-1.106202291596543, 44.80211960124924], [-1.10620230073866, 44.802119594462], [-1.106202389262387, 44.8021195287405], [-1.106202557167716, 44.80211940408477], [-1.106202644624268, 44.80211933915555], [-1.106202650318161, 44.802119334928314], [-1.106202651324115, 44.80211933418147], [-1.106202651632048, 44.802119333952845], [-1.106202652480916, 44.802119333322636], [-1.106202654040787, 44.80211933216458], [-1.106202655254022, 44.80211933126384], [-1.106202655326346, 44.802119331210164], [-1.106202655376513, 44.80211933117288], [-1.10620265549018, 44.80211933108852], [-1.106202657379621, 44.80211932968574], [-1.106202658123052, 44.802119329133824], [-1.106202658882129, 44.802119328570285], [-1.106202660922347, 44.80211932705559], [-1.106202812157685, 44.80211921477592], [-1.106202873740813, 44.80211916905557], [-1.106202901690282, 44.80211914830541], [-1.106203111085641, 44.802118992846786], [-1.106224752729544, 44.802102925719595], [-1.106267737054877, 44.80207101338129], [-1.106313053813152, 44.802037369346706], [-1.106360702996468, 44.80200199361287], [-1.106388486275669, 44.80198136670563], [-1.106396403691988, 44.80197548864057], [-1.106400362443863, 44.80197254957497], [-1.106400362532453, 44.80197254950921], [-1.106400362619314, 44.801972549444706], [-1.106400362673355, 44.80197254940457], [-1.10640036270444, 44.80197254938153], [-1.106400362761055, 44.80197254933946], [-1.10640036284008, 44.801972549280805], [-1.106400363122284, 44.80197254907129], [-1.106400363411157, 44.801972548856845], [-1.106400363692577, 44.8019725486479], [-1.106400363872853, 44.801972548514065], [-1.106400364363414, 44.801972548149834], [-1.106400364447611, 44.80197254808734], [-1.106400364593965, 44.80197254797868], [-1.10640036476036, 44.80197254785517], [-1.106400364802852, 44.801972547823596], [-1.106400364862577, 44.801972547779265], [-1.10640036541446, 44.80197254736954], [-1.10640036641599, 44.801972546625976], [-1.106400408945507, 44.80197251505111], [-1.106400493003014, 44.80197245264494], [-1.106401566522797, 44.80197165563985], [-1.106402532491238, 44.80197093848326], [-1.10640297779723, 44.8019706078781], [-1.106403629504775, 44.80197012403579], [-1.106404288726375, 44.80196963461486], [-1.106404429342926, 44.80196953021799], [-1.10640479361365, 44.80196925977524], [-1.106405058849493, 44.801969062858184], [-1.106405261995678, 44.80196891203789], [-1.106405403052216, 44.80196880731436], [-1.106405450118541, 44.80196877237125], [-1.106405503920075, 44.801968732427774], [-1.106405511170951, 44.80196872704457], [-1.10640551132145, 44.8019687269328], [-1.106405514535119, 44.80196872454694], [-1.10640558635189, 44.801968671228536], [-1.106405636341558, 44.80196863411508], [-1.106405658945489, 44.80196861733343], [-1.10640566001726, 44.80196861653772], [-1.106405661139947, 44.8019686157042], [-1.106405676845886, 44.80196860404375], [-1.106405680963866, 44.80196860098649], [-1.106405681314862, 44.80196860072589], [-1.106405683459374, 44.801968599133765], [-1.106405688840075, 44.801968595139016], [-1.106405692987998, 44.80196859205952], [-1.106405696362785, 44.801968589553994], [-1.10640569896444, 44.80196858762247], [-1.106405699070964, 44.80196858754337], [-1.106405701310046, 44.80196858588103], [-1.106405703399589, 44.8019685843297], [-1.106405704990485, 44.801968583148586], [-1.106405705568405, 44.80196858271951], [-1.106405705672471, 44.801968582642246], [-1.106405706082701, 44.801968582337715], [-1.106405706677214, 44.80196858189631], [-1.106405706774005, 44.80196858182444], [-1.106405706873106, 44.8019685817509], [-1.106405706974508, 44.801968581675595], [-1.106405707078301, 44.80196858159859], [-1.106405707184468, 44.80196858151971], [-1.106405707264699, 44.801968581460144], [-1.106405707318998, 44.801968581419835], [-1.106405707355186, 44.80196858139299], [-1.106405707401666, 44.801968581358445], [-1.106405707440405, 44.80196858132971], [-1.106405707474971, 44.80196858130405], [-1.106405707765042, 44.80196858108869], [-1.106405707895739, 44.801968580991684], [-1.106405707988815, 44.801968580922576], [-1.106405708095507, 44.801968580843344], [-1.10640570864609, 44.801968580434576], [-1.106405714430013, 44.80196857614048], [-1.106405725247499, 44.80196856810932], [-1.106405747028788, 44.8019685519384], [-1.106405768274362, 44.80196853616522], [-1.106405770889392, 44.80196853422376], [-1.106405779773866, 44.80196852762772], [-1.106405969415456, 44.80196838683355], [-1.106406091003538, 44.80196829656381], [-1.106406137468499, 44.80196826206717], [-1.106406315953554, 44.80196812955585], [-1.106407263990351, 44.801967425711965], [-1.106408598563816, 44.801966434894545], [-1.106408768893466, 44.80196630843795], [-1.106408813525802, 44.801966275301915], [-1.106409245897215, 44.801965954299575], [-1.106409558032427, 44.801965722563374], [-1.106410385117856, 44.80196510851645], [-1.106411978766514, 44.801963925355565], [-1.10641528752109, 44.80196146886102], [-1.106417070733633, 44.80196014496342], [-1.106417176268128, 44.801960066612196], [-1.10642031138116, 44.801957739032616], [-1.106439926150276, 44.801943176573424], [-1.106440085996954, 44.80194305789951], [-1.106441552640545, 44.80194196902884], [-1.106474131807067, 44.8019177814753], [-1.106505663544523, 44.8018943715299], [-1.106534521368946, 44.80187294673962], [-1.10655616472365, 44.80185687814172], [-1.106570593620305, 44.80184616574067], [-1.106577808066694, 44.80184080953939], [-1.10658301062167, 44.80183575020056], [-1.106589423071962, 44.80182951427093], [-1.106590233371346, 44.801828726277186], [-1.106593415729019, 44.80182563152207], [-1.106598726690555, 44.8018204667575], [-1.10659879748219, 44.80182039791456], [-1.106598830899344, 44.8018203654173], [-1.106598943508895, 44.80182025590757], [-1.106599065894166, 44.801820136891244], [-1.106599071043465, 44.801820131883694], [-1.106599075357871, 44.80182012768804], [-1.106599093846346, 44.80182010970849], [-1.106599102733328, 44.801820101066156], [-1.106599108776637, 44.8018200951892], [-1.106599113411638, 44.801820090681794], [-1.10659912459004, 44.80182007981113], [-1.106599129041478, 44.801820075482176], [-1.106599130009701, 44.801820074540636], [-1.106599130194075, 44.80182007436133], [-1.106599130223749, 44.801820074332475], [-1.106599130515, 44.801820074049246], [-1.106599131067829, 44.80182007351163], [-1.10659913196257, 44.8018200726415], [-1.10659913319923, 44.80182007143891], [-1.10659914333022, 44.801820061586795], [-1.106599148406015, 44.80182005665072], [-1.106599154518561, 44.80182005070642], [-1.106599162355538, 44.80182004308518], [-1.10659930632156, 44.80181990308215], [-1.106599575228273, 44.801819641577715], [-1.106599971806069, 44.80181925591659], [-1.106599981531551, 44.80181924645885], [-1.10660003607835, 44.80181919341356], [-1.106600688871781, 44.801818558589716], [-1.106602546436952, 44.80181675215807], [-1.106605608773651, 44.80181377411853], [-1.106610664473048, 44.801808857586884], [-1.106617713534159, 44.80180200256286], [-1.1066242540339, 44.80179564209937], [-1.106628225924637, 44.80179177953956], [-1.106629205044553, 44.80179082737093], [-1.106630285972583, 44.80178977619654], [-1.106635036123476, 44.801785156797834], [-1.106635232750186, 44.80178496558344], [-1.106635883049528, 44.801784333184095], [-1.106638504487164, 44.801781783903394], [-1.10664234272172, 44.801778051318486], [-1.106643361675253, 44.80177706041212], [-1.106643772061308, 44.80177666132213], [-1.106644065253358, 44.8017763762003], [-1.106645245443502, 44.80177522849541], [-1.106650838845004, 44.80176978905378], [-1.106653511547323, 44.80176718991786], [-1.106654903823809, 44.8017658359638], [-1.106656072938335, 44.801764699029114], [-1.106656610993147, 44.80176417578423], [-1.106657136981397, 44.80176366427374], [-1.106659474342244, 44.80176139124843], [-1.106661349266489, 44.801759567931], [-1.106661581887249, 44.80175934171305], [-1.106661674147841, 44.80175925199192], [-1.106661697711347, 44.801759229077014], [-1.106661889317814, 44.80175904274442], [-1.106661891678238, 44.80175904044897], [-1.106661898617074, 44.801759033701124], [-1.106661924085891, 44.80175900893337], [-1.106661942279542, 44.801758991240476], [-1.106661943250266, 44.801758990296456], [-1.106661943551136, 44.8017589900039], [-1.106661943898777, 44.80175898966579], [-1.10666194440567, 44.80175898917283], [-1.106661944564727, 44.80175898901818], [-1.106661944858915, 44.8017589887321], [-1.106661944931054, 44.80175898866192], [-1.106661945032583, 44.80175898856319], [-1.106661945159928, 44.80175898843936], [-1.106661945325705, 44.80175898827816], [-1.106661945356251, 44.80175898824844], [-1.106661945391508, 44.80175898821417], [-1.106661945420081, 44.80175898818638], [-1.106661945454418, 44.801758988152976], [-1.106661945508479, 44.801758988100396], [-1.106661945664763, 44.80175898794843], [-1.10666194573253, 44.80175898788251], [-1.106661945771272, 44.801758987844835], [-1.106661945923274, 44.801758987697006], [-1.106661946622684, 44.801758987016846], [-1.106661947496424, 44.80175898616717], [-1.106661947696858, 44.801758985972235], [-1.106661947762983, 44.801758985907945], [-1.106661949767974, 44.80175898395816], [-1.106661950237202, 44.801758983501834], [-1.106661951223359, 44.80175898254282], [-1.106661952390289, 44.80175898140803], [-1.10666195360491, 44.80175898022683], [-1.106661957003832, 44.80175897692148], [-1.106661957415519, 44.80175897652109], [-1.106661958314918, 44.80175897564645], [-1.106661960494707, 44.801758973526695], [-1.106661961501443, 44.801758972547645], [-1.106661961596227, 44.80175897245547], [-1.106661961695997, 44.80175897235845], [-1.10666205858426, 44.80175887813701], [-1.10666227434975, 44.8017586683104], [-1.106662419024127, 44.801758527618134], [-1.106663332479075, 44.801757639305706], [-1.10666393516363, 44.80175705320983], [-1.106664227077818, 44.80175676933047], [-1.106664272274487, 44.801756725377814], [-1.106664292323179, 44.80175670588098], [-1.106664382957862, 44.801756617740956], [-1.106664387684617, 44.801756613144306], [-1.106664390243074, 44.80175661065627], [-1.106664402803763, 44.801756598441294], [-1.106664413109892, 44.80175658841884], [-1.106664413738701, 44.80175658780735], [-1.106664413798667, 44.80175658774905], [-1.106664413876233, 44.801756587673616], [-1.106664413988358, 44.801756587564576], [-1.106664414458421, 44.801756587107455], [-1.106664415277112, 44.80175658631128], [-1.106664415663206, 44.80175658593584], [-1.106664416146387, 44.801756585465945], [-1.106664417312524, 44.8017565843319], [-1.106664418814653, 44.801756582871114], [-1.106664419783519, 44.8017565819289], [-1.106664420302705, 44.80175658142402], [-1.106664420372219, 44.801756581356415], [-1.106664420475143, 44.80175658125634], [-1.106664420611478, 44.80175658112376], [-1.106664420932307, 44.80175658081174], [-1.106664420992573, 44.80175658075313], [-1.106664421077319, 44.80175658067074], [-1.106664421437649, 44.8017565803203], [-1.106664439103807, 44.8017565631404], [-1.106664473930791, 44.801756529272026], [-1.106664508728818, 44.801756495431796], [-1.106664511109099, 44.80175649311705], [-1.106664511332171, 44.80175649290008], [-1.106664551307942, 44.80175645402463], [-1.106664607086888, 44.801756399780984], [-1.106664621401328, 44.80175638586054], [-1.106664631568794, 44.80175637597294], [-1.106664678669023, 44.80175633016913], [-1.106664943825391, 44.80175607231109], [-1.106665378471356, 44.80175564962857], [-1.106665398466758, 44.80175563018349], [-1.106665402555996, 44.80175562620683], [-1.106665451745628, 44.80175557837113], [-1.106665469244164, 44.801755561354234], [-1.106665914462719, 44.80175512839011], [-1.106666479545558, 44.80175457886094], [-1.106666855087413, 44.80175421365567], [-1.106667041088311, 44.801754032774355], [-1.106667055549672, 44.80175401871102], [-1.106667066378693, 44.801754008180076], [-1.106667134098486, 44.801753942324225], [-1.106667134231146, 44.801753942195226], [-1.106667134438075, 44.801753941993965], [-1.106667135306281, 44.80175394114968], [-1.106667136835736, 44.80175393966231], [-1.106667138668093, 44.8017539378804], [-1.106667140091923, 44.80175393649578], [-1.106667140544344, 44.80175393605579], [-1.106667140803365, 44.80175393580389], [-1.106667150166581, 44.80175392669839], [-1.10666715348899, 44.80175392346743], [-1.106667162149895, 44.80175391504493], [-1.106667166757753, 44.80175391056388], [-1.106667190372237, 44.801753887599375], [-1.10666721564672, 44.80175386302057], [-1.106667220175539, 44.8017538586164], [-1.106667221010024, 44.80175385780489], [-1.10666738997932, 44.801753693486376], [-1.10666743547713, 44.80175364924088], [-1.106667469565774, 44.80175361609052], [-1.106667697280115, 44.80175339464386], [-1.106668205773572, 44.801752900146425], [-1.106668811120888, 44.80175231146096], [-1.106668896731143, 44.80175222820707], [-1.106668915459682, 44.801752209994014], [-1.106669354862293, 44.80175178268569], [-1.106669383863659, 44.8017517544826], [-1.106669442133632, 44.80175169781647], [-1.106669523981407, 44.801751618221495], [-1.106669926640128, 44.801751226645706], [-1.106670210096352, 44.80175095099143], [-1.106670279071506, 44.80175088391477], [-1.106670562838443, 44.80175060795834], [-1.106671244630495, 44.801749944932155], [-1.106671290521681, 44.801749900304095], [-1.106671292055173, 44.801749898812815], [-1.106671972016294, 44.80174923756714], [-1.106672345304823, 44.80174887455313], [-1.106672364496085, 44.80174885589006], [-1.106672374127001, 44.80174884652425], [-1.106672374197577, 44.80174884645561], [-1.106672374276142, 44.801748846379226], [-1.106672374362693, 44.80174884629503], [-1.106672374947577, 44.80174884572626], [-1.106672376030791, 44.801748844672865], [-1.106672380722044, 44.80174884011073], [-1.106672389021336, 44.80174883203987], [-1.106672435689365, 44.80174878665635], [-1.106672520726129, 44.801748703960165], [-1.106672646025209, 44.80174858210985], [-1.106672811586607, 44.801748421105394], [-1.106673034181967, 44.801748204636816], [-1.106673173881627, 44.80174806878228], [-1.10667327619833, 44.801747969281784], [-1.106673313811288, 44.80174793270409], [-1.106674316270006, 44.80174695783723], [-1.106674316760289, 44.80174695736044], [-1.106674323047292, 44.801746951246486], [-1.10667604155805, 44.80174528003631], [-1.106678886121508, 44.80174251376678], [-1.106682849960081, 44.801738659028594], [-1.106683630546095, 44.80173789992732], [-1.106684556063499, 44.80173699988365], [-1.10668929119668, 44.80173239507875], [-1.106694859198479, 44.80172698032767], [-1.106695568892478, 44.80172629016681], [-1.106698209829775, 44.80172372191675], [-1.106709605857212, 44.80171263954197], [-1.106723479276263, 44.80169914795358], [-1.106739086865276, 44.80168396991446], [-1.106756428621642, 44.80166710542381], [-1.106768221010428, 44.8016556375685], [-1.106770859714816, 44.801653071482036], [-1.106772559718377, 44.8016514182629], [-1.106774464037964, 44.801649566350434], [-1.106778247690405, 44.80164588682417], [-1.106778592593143, 44.80164555141313], [-1.106779012418632, 44.8016451431412], [-1.106779571968658, 44.80164459898994], [-1.106780877766281, 44.80164332912768], [-1.106782085021339, 44.80164215509605], [-1.106782156128675, 44.80164208594557], [-1.106782165083266, 44.80164207723741], [-1.106782228228874, 44.80164201582954], [-1.106782399326829, 44.80164184944016], [-1.106782947495997, 44.80164131635648], [-1.106783114051412, 44.80164115438464], [-1.106783142613622, 44.801641126608445], [-1.106783225004486, 44.80164104648496], [-1.10678368155653, 44.80164060249708], [-1.106784145536118, 44.801640151286094], [-1.106784222748032, 44.80164007619904], [-1.106784317152105, 44.801639984392935], [-1.106784815758177, 44.80163949950833], [-1.10678517737476, 44.801639147843325], [-1.106785523290545, 44.80163881144701], [-1.106785853505521, 44.801638490319455], [-1.106785884812578, 44.80163845987392], [-1.106785972746851, 44.80163837435955], [-1.106786098926126, 44.80163825165268], [-1.106786106462314, 44.801638244323904], [-1.1067861217044, 44.80163822950128], [-1.106786259552361, 44.80163809544685], [-1.106786357766871, 44.801637999935146], [-1.106786393569673, 44.801637965117614], [-1.106786415825007, 44.80163794347477], [-1.106786424532855, 44.80163793500654], [-1.106786430818296, 44.80163792889409], [-1.106786434681314, 44.801637925137356], [-1.106786437618475, 44.801637922281046], [-1.106786439629774, 44.8016379203251], [-1.106786440676511, 44.80163791930717], [-1.106786440758684, 44.80163791922725], [-1.106786440808122, 44.801637919179164], [-1.106786440841993, 44.80163791914621], [-1.106786440887775, 44.80163791910171], [-1.106786440926369, 44.80163791906415], [-1.106786441014541, 44.80163791897843], [-1.10678644115227, 44.801637918844484], [-1.106786441266673, 44.80163791873322], [-1.106786441324188, 44.8016379186773], [-1.106786441357763, 44.801637918644666], [-1.10678644205978, 44.801637917961955], [-1.106786442517975, 44.80163791751636], [-1.106786443058162, 44.80163791699105], [-1.106786446367876, 44.80163791377242], [-1.106786452216845, 44.80163790808438], [-1.106786458380922, 44.801637902089965], [-1.106786459098098, 44.80163790139252], [-1.106786460605094, 44.801637899927016], [-1.106786530016119, 44.80163783242614], [-1.106786556605761, 44.80163780656822], [-1.106786561584789, 44.80163780172622], [-1.106786660449922, 44.80163770558183], [-1.106791724166396, 44.80163278121624], [-1.106801721163098, 44.80162305932867], [-1.106817124692532, 44.80160807968374], [-1.106828459742015, 44.80159705655344], [-1.106830612692168, 44.801594962847815], [-1.106837934746653, 44.80158784227903], [-1.106845665852578, 44.80158032391251], [-1.106846420094425, 44.80157959042528], [-1.106850073938429, 44.80157603712435], [-1.106852695357957, 44.801573487838255], [-1.10685334565274, 44.80157285543756], [-1.106853542278067, 44.80157266422274], [-1.106858292394766, 44.80156804481384], [-1.106859373314812, 44.801566993637074], [-1.106860352427433, 44.80156604146631], [-1.106864324287933, 44.8015621788975], [-1.10687086473567, 44.801555818418535], [-1.106877913737643, 44.80154896337689], [-1.10688296939265, 44.801544046832035], [-1.10688603170166, 44.80154106878425], [-1.106887277005123, 44.80153985774592], [-1.106887357717894, 44.801539779254], [-1.106887889249748, 44.801539262347504], [-1.106887962468066, 44.801539191143824], [-1.106888063762733, 44.80153909263633], [-1.106888542037112, 44.801538627521865], [-1.106889002882891, 44.80153817935645], [-1.106889228890078, 44.80153795956793], [-1.10688926276024, 44.80153792662973], [-1.106889271787098, 44.801537917851235], [-1.106889415751776, 44.80153777784781], [-1.106889423588679, 44.80153777022656], [-1.106889429701171, 44.80153776428225], [-1.106889434776917, 44.80153775934615], [-1.106889444907808, 44.801537749493995], [-1.106889446144454, 44.8015377482914], [-1.106889447039191, 44.80153774742127], [-1.106889447592014, 44.801537746883675], [-1.106889447883261, 44.80153774660044], [-1.106889447912933, 44.801537746571576], [-1.106889448014715, 44.80153774647258], [-1.106889448301752, 44.80153774619346], [-1.106889453516926, 44.80153774112178], [-1.106889458537249, 44.801537736239595], [-1.106889460536524, 44.80153773429531], [-1.106889464695213, 44.80153773025106], [-1.106889484260325, 44.8015377112243], [-1.106889502748624, 44.80153769324472], [-1.106889507062995, 44.80153768904906], [-1.106889512212247, 44.801537684041485], [-1.106889549304509, 44.80153764796983], [-1.106889621803849, 44.80153757746533], [-1.10688963459636, 44.80153756502482], [-1.106889635703147, 44.801537563948486], [-1.106889647043168, 44.8015375529205], [-1.106889851412678, 44.80153735417428], [-1.106895162323453, 44.80153218939458], [-1.106902842206676, 44.80152472082329], [-1.106903985589069, 44.80152360890084], [-1.106905567326068, 44.80152207068494], [-1.106910769826072, 44.801517011329736], [-1.106913960447995, 44.801512248843395], [-1.106917580503694, 44.801506845361125], [-1.106919778639666, 44.80150356430921], [-1.106920341690387, 44.801502723870385], [-1.106924595850898, 44.80149637388815], [-1.106925518823725, 44.80149499621045], [-1.106925999008681, 44.801494279461174], [-1.106926722930811, 44.80149319889693], [-1.106928345872749, 44.80149077640834], [-1.106928683350421, 44.80149027267139], [-1.106929100496735, 44.801489650016784], [-1.106931728548561, 44.80148572724763], [-1.106933048818394, 44.80148375654281], [-1.106933061306493, 44.80148373790241], [-1.10693306204849, 44.801483736794864], [-1.10693306470488, 44.80148373282979], [-1.106933069087989, 44.80148372628733], [-1.106933069665228, 44.80148372542571], [-1.106933070134095, 44.801483724725855], [-1.106933072162896, 44.801483721697565], [-1.106933074435311, 44.80148371830566], [-1.106933075905243, 44.80148371611153], [-1.106933076198011, 44.80148371567453], [-1.106933076516477, 44.80148371519916], [-1.106933076755979, 44.80148371484169], [-1.106933076788573, 44.80148371479303], [-1.106933076816575, 44.80148371475124], [-1.106933076987532, 44.80148371449608], [-1.106933077114995, 44.80148371430581], [-1.106933077138364, 44.80148371427092], [-1.106933077169793, 44.80148371422401], [-1.106933077201815, 44.801483714176214], [-1.106933077249658, 44.80148371410478], [-1.106933077301701, 44.8014837140271], [-1.106933077484524, 44.80148371375422], [-1.106933077530639, 44.80148371368539], [-1.106933077566421, 44.80148371363198], [-1.106933077629989, 44.801483713537095], [-1.106933077738077, 44.80148371337576], [-1.106933078029518, 44.80148371294072], [-1.106933078114649, 44.801483712813656], [-1.10693307819292, 44.80148371269685], [-1.106933078480888, 44.801483712267], [-1.106933078555703, 44.801483712155324], [-1.106933078994505, 44.80148371150034], [-1.10693307995308, 44.80148371006951], [-1.106933080667875, 44.80148370900259], [-1.10693308087668, 44.80148370869091], [-1.10693308106866, 44.80148370840436], [-1.106933084726348, 44.80148370294467], [-1.106933085352594, 44.80148370200993], [-1.106933086158968, 44.80148370080628], [-1.106933095224006, 44.80148368727531], [-1.106933150824975, 44.80148360428235], [-1.106933252961857, 44.80148345182743], [-1.106933386744607, 44.801483252136194], [-1.106933552173246, 44.80148300520861], [-1.106933817417886, 44.80148260929035], [-1.106934182478525, 44.801482064381425], [-1.106935464992652, 44.801480150032546], [-1.106937664960093, 44.80147686624365], [-1.106941338022517, 44.801471383633654], [-1.106944892996407, 44.8014660772879], [-1.106945606245916, 44.80146501265312], [-1.106946484179133, 44.80146370220241], [-1.106947277189784, 44.801462518511684], [-1.106948701984905, 44.80146039178508], [-1.106955438488599, 44.80145033651138], [-1.106963353404107, 44.80143852227107], [-1.106967491920825, 44.80143234489026], [-1.106968200946027, 44.80143128655956], [-1.106968316968327, 44.80143111337817], [-1.10696911254983, 44.801429925848645], [-1.106980963395641, 44.80141223660608], [-1.106993725837445, 44.801393186650955], [-1.10700489296761, 44.801376517938834], [-1.107014464788708, 44.801362230470296], [-1.107017208011182, 44.801358135772176], [-1.107020460813256, 44.80135328044423], [-1.107021508201417, 44.80135171704948], [-1.107021703529595, 44.801351425490864], [-1.107021894446189, 44.80135114051722], [-1.107026023208311, 44.8013449776769], [-1.107028616191708, 44.80134110723219], [-1.107028992860743, 44.80134054499301], [-1.107029157755558, 44.801340298860985], [-1.107029287152324, 44.80134010571546], [-1.107029666647669, 44.80133953925756], [-1.107029669032689, 44.80133953569754], [-1.107029681142675, 44.80133951762144], [-1.107029754677755, 44.801339407858485], [-1.107029813264233, 44.801339320408715], [-1.107029842407092, 44.80133927690834], [-1.107029860210782, 44.80133925033345], [-1.107029866675293, 44.80133924068412], [-1.10702987125258, 44.80133923385179], [-1.107029873942639, 44.80133922983646], [-1.107029875377751, 44.80133922769429], [-1.107029875557926, 44.80133922742536], [-1.107029875660018, 44.80133922727298], [-1.10702987568403, 44.801339227237136], [-1.107029875714028, 44.80133922719235], [-1.107029875741629, 44.80133922715117], [-1.107029875784836, 44.80133922708668], [-1.107029875832355, 44.80133922701575], [-1.107029875884194, 44.80133922693837], [-1.10702987594121, 44.80133922685327], [-1.107029875967136, 44.801339226814555], [-1.107029876003415, 44.801339226760405], [-1.107029876071832, 44.80133922665827], [-1.107029876121578, 44.801339226584034], [-1.107029876146462, 44.80133922654687], [-1.107029876173834, 44.80133922650603], [-1.107029876228556, 44.80133922642437], [-1.107029876258396, 44.8013392263798], [-1.107029876318097, 44.801339226290686], [-1.107029878509996, 44.80133922301892], [-1.107029878692605, 44.80133922274633], [-1.107029878783854, 44.80133922261017], [-1.107029883625803, 44.80133921538275], [-1.107030063545938, 44.801338946822995], [-1.107030301165104, 44.80133859213813], [-1.107030417814093, 44.801338418020705], [-1.107030763188734, 44.801337902493415], [-1.107030994776654, 44.801337556811134], [-1.107031481348686, 44.801336830523965], [-1.107032146233861, 44.80133583807567], [-1.107032412469654, 44.80133544067584], [-1.107032693853945, 44.80133502066441], [-1.107032990386738, 44.80133457804139], [-1.107033189868007, 44.80133428028343], [-1.107033292297769, 44.80133412739048], [-1.107033349787441, 44.801334041577896], [-1.107033362337028, 44.80133402284559], [-1.107033369687915, 44.8013340118732], [-1.107033371840102, 44.801334008660724], [-1.107033373686821, 44.801334005904195], [-1.107033375228074, 44.80133400360363], [-1.107033375442626, 44.80133400328338], [-1.107033375534207, 44.801334003146664], [-1.107033376101702, 44.80133400229958], [-1.107033376235522, 44.80133400209982], [-1.107033376257118, 44.80133400206761], [-1.107033376307716, 44.80133400199206], [-1.107033376398744, 44.80133400185622], [-1.107033376437595, 44.80133400179822], [-1.107033376493038, 44.80133400171547], [-1.107033376525871, 44.801334001666476], [-1.10703337665768, 44.80133400146971], [-1.107033376847253, 44.801334001186746], [-1.107033376950354, 44.80133400103284], [-1.10703337701897, 44.80133400093042], [-1.107033377061748, 44.80133400086659], [-1.107033377099333, 44.80133400081047], [-1.107033377187394, 44.80133400067903], [-1.107033377224174, 44.801334000624124], [-1.107033377253571, 44.80133400058023], [-1.107033377275574, 44.801334000547406], [-1.107033377302959, 44.80133400050651], [-1.107033377335728, 44.8013340004576], [-1.107033377526598, 44.8013340001727], [-1.107033377875578, 44.8013339996518], [-1.10703337836977, 44.801333998914124], [-1.107033379009182, 44.80133399795971], [-1.107033383150264, 44.80133399177846], [-1.107033390793009, 44.80133398037044], [-1.107034767256963, 44.80133192577589], [-1.107037512541839, 44.80132782799471], [-1.107039006336373, 44.80132559826481], [-1.107039095507855, 44.80132546516195], [-1.107039126330454, 44.80132541915421], [-1.107039248640833, 44.80132523658621], [-1.107039346057369, 44.80132509117624], [-1.107039362081535, 44.80132506725759], [-1.107039376934998, 44.80132504508641], [-1.107039391218881, 44.80132502376537], [-1.107039392668639, 44.80132502160137], [-1.107039397253969, 44.80132501475703], [-1.107039403782716, 44.801325005011826], [-1.107039405661622, 44.80132500220726], [-1.107039407215055, 44.80132499988852], [-1.107039414626494, 44.80132498882573], [-1.107039428516401, 44.8013249680928], [-1.107039445452449, 44.801324942813004], [-1.107039447495288, 44.801324939763745], [-1.107039449048387, 44.801324937445486], [-1.107039453975467, 44.80132493009102], [-1.10703945408544, 44.80132492992688], [-1.107039454147295, 44.801324929834536], [-1.107039454189658, 44.801324929771326], [-1.107039454233194, 44.80132492970632], [-1.107039454286091, 44.801324929627384], [-1.107039454309748, 44.80132492959205], [-1.107039454348321, 44.80132492953447], [-1.107039454504124, 44.80132492930191], [-1.107039454596346, 44.80132492916425], [-1.107039454654462, 44.8013249290775], [-1.107039454753503, 44.801324928929674], [-1.107039455221865, 44.80132492823057], [-1.1070394554967, 44.801324927820346], [-1.107039455637985, 44.80132492760945], [-1.107039457157589, 44.80132492534119], [-1.107039457599847, 44.801324924681055], [-1.107039457936143, 44.80132492417906], [-1.10703945900352, 44.801324922585856], [-1.107039459829448, 44.80132492135301], [-1.107039460063204, 44.80132492100408], [-1.107039461175766, 44.801324919343394], [-1.107039465951848, 44.80132491221435], [-1.107039466653661, 44.801324911166766], [-1.107039468882203, 44.80132490784032], [-1.107039482122824, 44.801324888076564], [-1.107039583284349, 44.80132473707661], [-1.107039749986777, 44.801324488246244], [-1.107039761776259, 44.80132447064853], [-1.107039772366769, 44.80132445484046], [-1.107039795581287, 44.80132442018908], [-1.107039870618639, 44.80132430818367], [-1.107040189500272, 44.801323832201234], [-1.107040834684815, 44.801322869158824], [-1.107041186458368, 44.801322344079836], [-1.107041195450176, 44.80132233065812], [-1.107041218868825, 44.80132229570197], [-1.107041244820953, 44.80132225696422], [-1.107041282520438, 44.80132220069165], [-1.107041284194641, 44.801322198192615], [-1.107041290072255, 44.801322189419324], [-1.107041299556822, 44.801322175262065], [-1.107041305119835, 44.80132216695838], [-1.107041307584356, 44.80132216327968], [-1.107041309543934, 44.8013221603547], [-1.107041309688007, 44.80132216013965], [-1.107041309869224, 44.801322159869144], [-1.107041312481793, 44.80132215596948], [-1.107041314043776, 44.80132215363797], [-1.107041314209287, 44.801322153390885], [-1.10704131422989, 44.80132215336014], [-1.107041314255059, 44.80132215332259], [-1.107041314343561, 44.80132215319048], [-1.107041314384763, 44.80132215312898], [-1.107041314411227, 44.80132215308948], [-1.107041314434061, 44.80132215305541], [-1.107041314462793, 44.8013221530125], [-1.107041314530769, 44.80132215291104], [-1.107041314608406, 44.801322152795166], [-1.107041314647067, 44.80132215273744], [-1.10704131469571, 44.801322152664845], [-1.107041314751269, 44.80132215258189], [-1.107041314795421, 44.801322152516015], [-1.107041314907549, 44.80132215234863], [-1.107041314932663, 44.80132215231116], [-1.107041314964259, 44.80132215226397], [-1.107041315035623, 44.80132215215746], [-1.107041315179628, 44.80132215194251], [-1.107041315279339, 44.801322151793684], [-1.107041315307691, 44.80132215175135], [-1.107041315344106, 44.801322151697], [-1.10704131552906, 44.80132215142091], [-1.107041315668293, 44.8013221512131], [-1.107041315903797, 44.801322150861566], [-1.107041316157979, 44.80132215048216], [-1.107041317230853, 44.80132214888072], [-1.107041320877912, 44.801322143436884], [-1.107041323300108, 44.8013221398214], [-1.107041324005952, 44.801322138767794], [-1.107041327099141, 44.801322134150716], [-1.107041343223924, 44.80132211008186], [-1.10704136925224, 44.80132207123039], [-1.107041398199036, 44.80132202802259], [-1.107041430064318, 44.80132198045849], [-1.107041466368539, 44.80132192626856], [-1.107041488977854, 44.80132189252049], [-1.107041490969589, 44.80132188954752], [-1.107041507111736, 44.80132186545276], [-1.107041615822657, 44.80132170318408], [-1.107041629152394, 44.801321683287284], [-1.107041644106527, 44.801321660965826], [-1.107041877352945, 44.80132131280778], [-1.107041911963794, 44.80132126114545], [-1.107041957639087, 44.80132119296769], [-1.107042063978537, 44.80132103423884], [-1.107042079263413, 44.80132101142366], [-1.107042090691786, 44.80132099436499], [-1.107042203983287, 44.801320825259054], [-1.107042315152855, 44.80132065932045], [-1.107042397487239, 44.80132053642303], [-1.107042448264198, 44.801320460630215], [-1.107042467483722, 44.80132043194195], [-1.107042498948036, 44.80132038497635], [-1.10704254265714, 44.80132031973346], [-1.107042571266903, 44.80132027702874], [-1.107042584777324, 44.80132025686223], [-1.107042596088595, 44.80132023997836], [-1.107042605200701, 44.80132022637702], [-1.107042609865202, 44.80132021941453], [-1.107042610082102, 44.80132021909076], [-1.107042610241224, 44.80132021885324], [-1.107042610305204, 44.80132021875775], [-1.107042610342604, 44.801320218701925], [-1.107042610398213, 44.80132021861892], [-1.107042610419883, 44.801320218586596], [-1.107042610485299, 44.80132021848895], [-1.107042610574854, 44.80132021835526], [-1.107042610663724, 44.80132021822259], [-1.107042610751908, 44.80132021809097], [-1.107042611158626, 44.801320217483884], [-1.107042611883888, 44.801320216401315], [-1.10704261280821, 44.8013202150216], [-1.107042613470334, 44.80132021403329], [-1.107042614606715, 44.80132021233705], [-1.107042619327107, 44.801320205291105], [-1.107042657434703, 44.80132014840933], [-1.107042728929511, 44.80132004169173], [-1.107042902199955, 44.80131978305751], [-1.107043177246029, 44.80131937250666], [-1.107043802673884, 44.80131843895419], [-1.10704407370459, 44.80131803439691], [-1.107044141964314, 44.80131793250818], [-1.107044778483509, 44.80131698240003], [-1.10704673897359, 44.801314056050344], [-1.107049684143867, 44.80130965990504], [-1.10705322123507, 44.801304380220614], [-1.107057350246902, 44.80129821699697], [-1.107058810153188, 44.80129603784839], [-1.107059363965341, 44.801295211193235], [-1.107059425696221, 44.80129511904981], [-1.107059426338316, 44.801295118091375], [-1.107059432116492, 44.8012951094665], [-1.10705944758366, 44.80129508637922], [-1.107059466843289, 44.80129505763108], [-1.107059483475124, 44.80129503280535], [-1.107059493712589, 44.801295017524275], [-1.107059497555698, 44.80129501178777], [-1.107059499032334, 44.80129500958366], [-1.107059499870886, 44.80129500833198], [-1.107059499975632, 44.801295008175636], [-1.107059500004396, 44.80129500813272], [-1.107059500032326, 44.80129500809102], [-1.107059500972398, 44.8012950066878], [-1.107059501564653, 44.80129500580377], [-1.107059501752385, 44.801295005523535], [-1.107059501899553, 44.80129500530388], [-1.107059502006159, 44.801295005144745], [-1.107059502066112, 44.801295005055266], [-1.10705950217342, 44.80129500489507], [-1.107059502294921, 44.8012950047137], [-1.107059502323821, 44.80129500467057], [-1.10705950234812, 44.80129500463432], [-1.107059502553003, 44.8012950043285], [-1.107059502572404, 44.801295004299526], [-1.107059502846289, 44.80129500389072], [-1.107059503197927, 44.80129500336584], [-1.107059503627318, 44.8012950027249], [-1.107059505552653, 44.80129499985104], [-1.107059508973924, 44.80129499474421], [-1.107059539201244, 44.80129494962501], [-1.107059596234613, 44.801294864493386], [-1.107059629573287, 44.80129481472996], [-1.107059639217276, 44.801294800334716], [-1.107059649278359, 44.80129478531691], [-1.107059659756517, 44.80129476967654], [-1.10705993087888, 44.80129436498211], [-1.10705997199485, 44.801294303609815], [-1.107060235024567, 44.80129391099494], [-1.107060462645428, 44.801293571233586], [-1.107060918445322, 44.801292890877725], [-1.107061010698614, 44.80129275317457], [-1.107061080594795, 44.80129264884312], [-1.107061298278542, 44.801292323914474], [-1.10706369863374, 44.8012887409914], [-1.107068001661516, 44.801282318016874], [-1.10706811466747, 44.801282149336934], [-1.107068119510203, 44.801282142108356], [-1.107070385635847, 44.801278759543635], [-1.10707039034196, 44.801278752519], [-1.107070435733049, 44.801278684765315], [-1.107070497011371, 44.80127859329737], [-1.107070562191873, 44.80127849600475], [-1.107070581177369, 44.80127846766579], [-1.107070589974108, 44.80127845453521], [-1.107070590589038, 44.80127845361732], [-1.107070591247016, 44.80127845263518], [-1.107070592400808, 44.80127845091295], [-1.107070593058796, 44.80127844993081], [-1.107070593220974, 44.8012784496887], [-1.107070593307729, 44.80127844955921], [-1.107070599468486, 44.80127844036326], [-1.107070601015312, 44.80127843805439], [-1.107070603028051, 44.801278435050044], [-1.107070611755972, 44.801278422022214], [-1.107070627766609, 44.801278398123685], [-1.10707064750041, 44.80127836866773], [-1.107070659216289, 44.80127835117988], [-1.107070661844397, 44.80127834725699], [-1.107070662449974, 44.80127834635307], [-1.107070662914234, 44.801278345660066], [-1.107070665277742, 44.80127834213215], [-1.107070668361041, 44.80127833752982], [-1.107070681744147, 44.80127831755335], [-1.107070705890403, 44.8012782815111], [-1.107070711451203, 44.80127827321067], [-1.107070715706006, 44.8012782668597], [-1.107070760011791, 44.80127820072598], [-1.107070771840218, 44.801278183070124], [-1.107070781106559, 44.80127816923862], [-1.107070814661501, 44.80127811915234], [-1.107070862069243, 44.801278048388504], [-1.107070862440886, 44.80127804783375], [-1.107070864801671, 44.80127804430991], [-1.107070902235029, 44.80127798843446], [-1.107071727775689, 44.80127675617928], [-1.107072243096477, 44.80127598697825], [-1.107072362118264, 44.801275809318646], [-1.107072607155088, 44.801275443560876], [-1.107072837278848, 44.801275100063314], [-1.10707524171864, 44.80127151104104], [-1.107079254580437, 44.80126552118305], [-1.107080132508021, 44.801264210731205], [-1.107080845752905, 44.80126314609543], [-1.107084400703005, 44.80125783974462], [-1.107088073739566, 44.80125235712913], [-1.107090273690907, 44.80124907333684], [-1.107091556195428, 44.801247158985916], [-1.107091921253304, 44.80124661407641], [-1.107092186495933, 44.801246218157736], [-1.107092351923303, 44.801245971229896], [-1.107092424917341, 44.801245862274165], [-1.107092466048055, 44.80124580087972], [-1.107092485705036, 44.80124577153841], [-1.107092489004157, 44.801245766613945], [-1.107092500689121, 44.801245749172196], [-1.10709258784114, 44.80124561908333], [-1.107092643441678, 44.801245536090285], [-1.107092647162726, 44.80124553053597], [-1.107092649249578, 44.80124552742102], [-1.107092652506652, 44.80124552255929], [-1.107092657596916, 44.80124551496122], [-1.107092658076199, 44.801245514245814], [-1.107092658131815, 44.80124551416281], [-1.107092658712493, 44.80124551329606], [-1.107092659671062, 44.80124551186523], [-1.107092660109856, 44.80124551121026], [-1.10709266018467, 44.801245511098585], [-1.107092660472638, 44.801245510668736], [-1.107092660550907, 44.8012455105519], [-1.10709266063604, 44.80124551042484], [-1.107092660927482, 44.80124550998982], [-1.10709266103557, 44.80124550982847], [-1.107092661099128, 44.80124550973359], [-1.107092661134916, 44.80124550968017], [-1.107092661181021, 44.80124550961134], [-1.107092661363849, 44.80124550933846], [-1.107092661415885, 44.801245509260774], [-1.107092661463733, 44.801245509189364], [-1.107092661495751, 44.801245509141566], [-1.107092661527188, 44.80124550909464], [-1.107092661550555, 44.80124550905977], [-1.107092661678014, 44.80124550886952], [-1.10709266184897, 44.80124550861434], [-1.107092661876975, 44.80124550857253], [-1.107092661909565, 44.80124550852388], [-1.107092662149066, 44.80124550816639], [-1.10709266246753, 44.801245507691036], [-1.107092662760299, 44.80124550725402], [-1.107092664230215, 44.80124550505991], [-1.107092666502616, 44.80124550166798], [-1.107092668531403, 44.80124549863969], [-1.107092669000265, 44.80124549793983], [-1.107092669577498, 44.80124549707821], [-1.107092673960578, 44.801245490535756], [-1.107092676616945, 44.801245486570664], [-1.107092677358938, 44.80124548546311], [-1.10709268984694, 44.80124546682273], [-1.107094010106579, 44.80124349611576], [-1.107096638137608, 44.80123957334217], [-1.107097055280567, 44.80123895068685], [-1.107097392755507, 44.801238446949306], [-1.107099015684147, 44.80123602445789], [-1.107099739600276, 44.80123494389239], [-1.107100219781218, 44.80123422714225], [-1.107101142746268, 44.80123284946293], [-1.107105396869877, 44.801226499472875], [-1.107108780831224, 44.80122144834429], [-1.107108957300634, 44.80122118493415], [-1.107111778053669, 44.801216974487446], [-1.10711496864483, 44.801212211994574], [-1.107117418678397, 44.8012077742803], [-1.10711949995264, 44.80120400449446], [-1.107119795774232, 44.80120346867649], [-1.107122318744495, 44.80119889885148], [-1.10712506493479, 44.801193924709985], [-1.107125324352715, 44.80119345482938], [-1.107125468433869, 44.8011931938569], [-1.107125657250295, 44.801192851855916], [-1.107126985103763, 44.80119044673047], [-1.107127478473794, 44.801189553095035], [-1.107127987588562, 44.801188630941326], [-1.107132055948918, 44.80118126196612], [-1.107134359580219, 44.80117708942391], [-1.107134609752622, 44.80117663628934], [-1.107134739747188, 44.80117640083158], [-1.107135010750631, 44.801175909965956], [-1.107135631317566, 44.80117478593969], [-1.107136038983995, 44.8011740475378], [-1.107136840110959, 44.80117259646497], [-1.10713714312816, 44.80117204761311], [-1.107137294661169, 44.80117177314296], [-1.10713729471, 44.80117177305451], [-1.107137294908291, 44.80117177269536], [-1.107137295256045, 44.80117177206549], [-1.107137296915364, 44.80117176905996], [-1.107137299886247, 44.80117176367881], [-1.10713731398261, 44.80117173814626], [-1.107137339204448, 44.801171692462205], [-1.107137442900597, 44.80117150463845], [-1.107137625071062, 44.801171174674984], [-1.107139379373713, 44.8011679971247], [-1.107142705808094, 44.80116197198745], [-1.107149269083625, 44.80115008398858], [-1.10715906919667, 44.801132333127406], [-1.107167137234346, 44.80111771955138], [-1.107173473199033, 44.801106243260904], [-1.107177104587531, 44.80109966574916], [-1.107178031401517, 44.801097987016426], [-1.10717857813738, 44.80109699671689], [-1.107178744795183, 44.80109669485061], [-1.107178865016942, 44.8010964770936], [-1.107178938802656, 44.80109634344597], [-1.107178981243959, 44.80109626657226], [-1.107178992340847, 44.80109624647255], [-1.107179003365649, 44.80109622650337], [-1.107179014318363, 44.80109620666479], [-1.10717901666699, 44.80109620241074], [-1.107179017454956, 44.80109620098348], [-1.107179020774245, 44.801096194971265], [-1.107179021480022, 44.80109619369289], [-1.107179021911737, 44.801096192910954], [-1.107179022733306, 44.801096191422864], [-1.107179023911279, 44.801096189289225], [-1.107179024141643, 44.801096188871945], [-1.107179024181298, 44.80109618880011], [-1.107179024308166, 44.80109618857031], [-1.107179024516495, 44.80109618819297], [-1.107179024536264, 44.80109618815717], [-1.107179024559404, 44.80109618811526], [-1.107179024585919, 44.80109618806724], [-1.107179024606944, 44.801096188029135], [-1.107179024635503, 44.80109618797743], [-1.107179024800459, 44.80109618767865], [-1.107179025098798, 44.801096187138235], [-1.107179025284633, 44.80109618680164], [-1.107179025516656, 44.80109618638138], [-1.107179025818471, 44.8010961858347], [-1.107179026201282, 44.80109618514131], [-1.107179026514928, 44.80109618457322], [-1.107179026959465, 44.80109618376801], [-1.107179028353906, 44.8010961812423], [-1.107179028615784, 44.801096180767956], [-1.107179028684882, 44.801096180642794], [-1.107179028782659, 44.80109618046569], [-1.107179029167053, 44.80109617976943], [-1.107179030994704, 44.80109617645902], [-1.107179035401628, 44.80109616847677], [-1.107179040967545, 44.80109615839528], [-1.107179041348505, 44.801096157705246], [-1.107179041905666, 44.801096156696055], [-1.107179050256107, 44.80109614157095], [-1.107179059275106, 44.80109612523489], [-1.107179072875937, 44.801096100599814], [-1.107179128312439, 44.80109600018796], [-1.107179246760108, 44.801095785644385], [-1.107179428218929, 44.801095456969044], [-1.107180531575171, 44.80109345846605], [-1.107182556828663, 44.801089790135336], [-1.107188469502937, 44.801079080537725], [-1.107198269594081, 44.80106132967245], [-1.107207071523128, 44.80104538676476], [-1.107214875291577, 44.80103125181501], [-1.107219112126173, 44.80102357764232], [-1.107219782029489, 44.80102236424717], [-1.107220140845052, 44.80102171432492], [-1.107220188572873, 44.80102162787557], [-1.1072202162494, 44.80102157774508], [-1.107220223874627, 44.801021563933524], [-1.107220229453626, 44.80102155382827], [-1.107220232986404, 44.80102154742936], [-1.107220234888238, 44.80102154398457], [-1.107220235096281, 44.801021543607746], [-1.107220235128143, 44.80102154355005], [-1.10722023515913, 44.80102154349391], [-1.107220235301872, 44.801021543235365], [-1.107220235984084, 44.80102154199968], [-1.107220236295286, 44.801021541436015], [-1.107220236509757, 44.801021541047525], [-1.107220237229965, 44.80102153974302], [-1.107220237872338, 44.801021538579505], [-1.107220238881734, 44.80102153675118], [-1.107220242505014, 44.80102153018832], [-1.107220245221481, 44.80102152526798], [-1.107220246001169, 44.801021523855724], [-1.10722024737961, 44.801021521358976], [-1.107220249298479, 44.80102151788332], [-1.107220250010626, 44.8010215165934], [-1.107220251207415, 44.80102151442568], [-1.107220253860563, 44.80102150962005], [-1.107220253961387, 44.80102150943742], [-1.107220253988426, 44.80102150938842], [-1.107220275885835, 44.801021469725676], [-1.107220281494268, 44.801021459567124], [-1.107220294726565, 44.801021435599495], [-1.107220316899637, 44.80102139543741], [-1.107220380581279, 44.80102128009093], [-1.107220454482848, 44.801021146233076], [-1.107220462743363, 44.80102113127082], [-1.107220466930755, 44.80102112368622], [-1.107220586985355, 44.80102090623145], [-1.107220648826296, 44.80102079421898], [-1.107220685801805, 44.801020727245294], [-1.107220740745083, 44.80102062772657], [-1.107220860468972, 44.80102041087082], [-1.107220921111595, 44.80102030102886], [-1.107221027622559, 44.80102010810566], [-1.107221141810964, 44.80101990127631], [-1.107221423733663, 44.801019390629975], [-1.10722144761779, 44.80101934736868], [-1.107221935661061, 44.801018463376316], [-1.107222491752357, 44.80101745612858], [-1.107227669834671, 44.801008077070406], [-1.107237469903908, 44.80099032620099], [-1.107245636624083, 44.80097553380905], [-1.107247269967663, 44.80097257533056], [-1.107257070025946, 44.80095482445912], [-1.107264420066066, 44.80094151130483], [-1.107269320091101, 44.800932635868335], [-1.107271770103114, 44.80092819815001], [-1.107273479562077, 44.80092408521135], [-1.107274342523997, 44.800922008934656], [-1.107275677437578, 44.8009187971473], [-1.107276898479367, 44.800915859333934], [-1.107277848178464, 44.80091357436796], [-1.107280383452869, 44.800907474523754], [-1.10728202685371, 44.80090352051754], [-1.107287399434304, 44.80089059413816], [-1.107288525871905, 44.80088788393899], [-1.107288864683195, 44.80088706876187], [-1.107290004321108, 44.80088432680255], [-1.107295702509279, 44.80087061700566], [-1.107302540331966, 44.800854165248865], [-1.107308808333107, 44.80083908447129], [-1.107314506513482, 44.80082537467311], [-1.107317473010965, 44.800818237290116], [-1.107317594709974, 44.8008179444827], [-1.107317639127747, 44.800817837613664], [-1.107317707827328, 44.80081767232271], [-1.107317744654563, 44.80081758371647], [-1.107317777323636, 44.80081750511478], [-1.107317871794203, 44.80081727781889], [-1.107317961289467, 44.80081706249355], [-1.107317964348217, 44.80081705513422], [-1.107317964911602, 44.800817053778694], [-1.107318017434744, 44.80081692740819], [-1.107318019609307, 44.80081692217618], [-1.107318022774546, 44.800816914560635], [-1.107318029363617, 44.800816898707346], [-1.107318034440276, 44.80081688649293], [-1.107318034591484, 44.80081688612913], [-1.107318035420139, 44.80081688413537], [-1.107318035437575, 44.80081688409341], [-1.107318035604287, 44.8008168836923], [-1.107318035702016, 44.800816883457166], [-1.107318035828705, 44.80081688315236], [-1.107318035877219, 44.80081688303564], [-1.107318035941637, 44.800816882880625], [-1.107318036048164, 44.80081688262437], [-1.107318036528442, 44.800816881468805], [-1.107318037269532, 44.800816879685726], [-1.107318038672456, 44.800816876310336], [-1.107318040737206, 44.800816871342526], [-1.107318042082015, 44.80081686810693], [-1.107318042706867, 44.800816866603505], [-1.107318044121968, 44.80081686319879], [-1.107318045016836, 44.80081686104575], [-1.10731804556101, 44.80081685973647], [-1.107318046287963, 44.80081685798741], [-1.107318047483367, 44.80081685511128], [-1.107318050644436, 44.80081684750575], [-1.107318089277074, 44.80081675455574], [-1.107318091822874, 44.800816748430556], [-1.107318092074844, 44.80081674782429], [-1.107318098082804, 44.80081673336918], [-1.10731814088909, 44.800816630377376], [-1.107318169852246, 44.80081656069213], [-1.107318420405256, 44.80081595786231], [-1.107318765032897, 44.80081512868922], [-1.107318788853683, 44.800815071376434], [-1.107318843733861, 44.80081493933491], [-1.107318928424889, 44.80081473556854], [-1.107319004130924, 44.800814553420025], [-1.10731908630353, 44.80081435571298], [-1.107319148114265, 44.800814206996506], [-1.107319292983181, 44.80081385844231], [-1.107319418837112, 44.800813555638086], [-1.107319450248965, 44.80081348006124], [-1.107319520910261, 44.80081331005036], [-1.107321344326822, 44.800808922914726], [-1.107322565364558, 44.80080598510068], [-1.107323900273455, 44.80080277331257], [-1.107324763232218, 44.800800697035335], [-1.107326472684595, 44.80079658409559], [-1.10732818213676, 44.80079247115582], [-1.107329045095251, 44.800790394878554], [-1.107330380003523, 44.800787183090314], [-1.107331601040456, 44.80078424527612], [-1.107332550735778, 44.80078196030954], [-1.107333652972743, 44.80077930832755], [-1.107333880309112, 44.80077876135626], [-1.107335019943299, 44.80077601939633], [-1.10733547400934, 44.800774926913334], [-1.107335626219934, 44.800774560694585], [-1.107336097289702, 44.800773427300584], [-1.107337112348338, 44.80077098506898], [-1.107337725166546, 44.80076951062799], [-1.107337935744384, 44.80076900397755], [-1.107337987605905, 44.8007688791987], [-1.107338042589755, 44.800768746907515], [-1.107338131544772, 44.80076853288167], [-1.107338312567704, 44.80076809734034], [-1.107338417226971, 44.80076784553007], [-1.107338445522566, 44.800767777450844], [-1.107338466831625, 44.80076772618123], [-1.107338471015533, 44.80076771611473], [-1.107338471230438, 44.800767715597665], [-1.107338471294802, 44.80076771544283], [-1.107338472359727, 44.80076771288058], [-1.107338494350586, 44.800767659970546], [-1.107338510541068, 44.80076762101624], [-1.107338516713283, 44.80076760616592], [-1.107338517612952, 44.800767604001294], [-1.107338519801901, 44.8007675987347], [-1.107338523516452, 44.8007675897975], [-1.107338525043305, 44.80076758612389], [-1.107338529046796, 44.800767576491474], [-1.107338538275769, 44.80076755428655], [-1.1073385435482, 44.800767541601076], [-1.107338544474187, 44.80076753937317], [-1.107338544938144, 44.80076753825689], [-1.10733854553254, 44.80076753682675], [-1.107338546386045, 44.80076753477323], [-1.107338549033893, 44.80076752840249], [-1.107338554590077, 44.80076751503429], [-1.10733856160669, 44.80076749815232], [-1.107338565402839, 44.800767489018796], [-1.107338565786582, 44.80076748809551], [-1.107338565883926, 44.8007674878613], [-1.107338565978545, 44.80076748763364], [-1.107338566312189, 44.800767486830914], [-1.107338566337106, 44.800767486770944], [-1.107338566403772, 44.80076748661053], [-1.107338566467035, 44.800767486458334], [-1.107338566501967, 44.80076748637429], [-1.107338566524902, 44.80076748631911], [-1.107338566555084, 44.80076748624646], [-1.10733856658267, 44.80076748618013], [-1.107338571293993, 44.8007674748447], [-1.107338580689071, 44.800767452240116], [-1.107338616635373, 44.80076736575326], [-1.107338679132903, 44.80076721538418], [-1.107339196486239, 44.80076597063157], [-1.107340085061254, 44.80076383271913], [-1.10734012587407, 44.800763734523436], [-1.107340168695319, 44.80076363149548], [-1.107340201823765, 44.80076355178841], [-1.10734043268956, 44.800762996325034], [-1.107342237624295, 44.80075865364955], [-1.107345403272662, 44.80075103709376], [-1.107350404995586, 44.80073900293537], [-1.107357242791079, 44.800722551174026], [-1.107362940951391, 44.8007088413725], [-1.107364080583168, 44.80070609941213], [-1.1073644193926, 44.80070528423473], [-1.107365545823892, 44.80070257403451], [-1.107370918371869, 44.80068964764964], [-1.107372561761886, 44.80068569364166], [-1.107375097018838, 44.800679593794534], [-1.107376046711154, 44.800677308827446], [-1.107377267744035, 44.80067437101257], [-1.107379105443073, 44.8006699494935], [-1.107379465602953, 44.80066908294577], [-1.107381175048537, 44.80066497000488], [-1.107382562538109, 44.80066097335041], [-1.107385337516766, 44.80065298004139], [-1.107389499983547, 44.80064099007765], [-1.107395049936988, 44.80062500345898], [-1.107399963008363, 44.80061085136996], [-1.107404239198463, 44.800598533810714], [-1.107406779468391, 44.800591216564776], [-1.107407583819258, 44.800588899632245], [-1.107407870555425, 44.80058807368875], [-1.107407933867114, 44.80058789131941], [-1.107408090633542, 44.80058743975371], [-1.107408189161139, 44.800587155944946], [-1.107408228818641, 44.80058704171152], [-1.10740829991127, 44.8005868369292], [-1.107408494869884, 44.800586275350874], [-1.10740854885536, 44.800586119845704], [-1.10740855781032, 44.800586094050985], [-1.107408675509399, 44.80058575501876], [-1.107408740787514, 44.80058556698513], [-1.107408756862337, 44.800585520681594], [-1.107408784688857, 44.80058544052728], [-1.107408822408278, 44.80058533187647], [-1.10740883410571, 44.80058529818203], [-1.107408842164385, 44.80058527496902], [-1.107408845961815, 44.80058526403051], [-1.107408846806643, 44.80058526159697], [-1.107408847575454, 44.80058525938243], [-1.107408855349465, 44.80058523698938], [-1.107408860507936, 44.80058522213041], [-1.107408861437224, 44.80058521945358], [-1.107408861569656, 44.80058521907214], [-1.107408861811905, 44.800585218374344], [-1.107408861944217, 44.80058521799321], [-1.10740886195526, 44.80058521796139], [-1.10740886202889, 44.800585217749294], [-1.107408862065583, 44.80058521764361], [-1.107408862076844, 44.80058521761118], [-1.107408862088053, 44.80058521757889], [-1.107408870564951, 44.800585193161176], [-1.107408877778889, 44.80058517238144], [-1.107408878715119, 44.80058516968461], [-1.107408887507546, 44.800585144358045], [-1.107408906259362, 44.80058509034344], [-1.107408926820393, 44.80058503111736], [-1.107409083745001, 44.80058457909598], [-1.107409377033173, 44.80058373427932], [-1.107410027639232, 44.80058186020827], [-1.107411016496517, 44.8005790118042], [-1.107411034748679, 44.800578959228815], [-1.107411035563106, 44.80057895688285], [-1.107411750181755, 44.800576898423195], [-1.107411809527785, 44.8005767274769], [-1.107411962109421, 44.800576287965356], [-1.107412171495232, 44.80057568482931], [-1.107413322772215, 44.80057236857452], [-1.107414973384775, 44.800567613982444], [-1.107415072585021, 44.80056732823592], [-1.107415204012504, 44.80056694965882], [-1.107416145569759, 44.80056423750127], [-1.107416147444208, 44.80056423210192], [-1.107416148261858, 44.800564229746655], [-1.107416148393992, 44.80056422936606], [-1.10741614844353, 44.80056422922339], [-1.107416148461595, 44.800564229171336], [-1.107416148482699, 44.800564229110535], [-1.107416148567727, 44.8005642288656], [-1.107416151475103, 44.80056422049089], [-1.107416157165664, 44.80056420409922], [-1.107416166917732, 44.80056417600838], [-1.10741618054443, 44.800564136756634], [-1.107416180731303, 44.800564136218384], [-1.107416243009179, 44.80056395682683], [-1.107416243831772, 44.80056395445734], [-1.107416249257936, 44.80056393882726], [-1.107416353751352, 44.80056363783374], [-1.107416601065166, 44.80056292544574], [-1.107416984950626, 44.80056181966281], [-1.107417298854217, 44.80056091546279], [-1.107417542775945, 44.80056021284566], [-1.107417708543109, 44.80055973535292], [-1.107417763882884, 44.800559575946565], [-1.107417780069924, 44.80055952931975], [-1.107417796155717, 44.80055948298462], [-1.107417842177407, 44.80055935041898], [-1.107417842906366, 44.80055934831925], [-1.107417843486529, 44.80055934664808], [-1.107417846608177, 44.80055933765615], [-1.107417852856365, 44.800559319658255], [-1.107417860921951, 44.80055929642528], [-1.107417862969716, 44.8005592905267], [-1.107417864814644, 44.80055928521237], [-1.107417866101877, 44.80055928150448], [-1.107417868396136, 44.800559274895875], [-1.107417869562896, 44.800559271535015], [-1.10741786965405, 44.800559271272455], [-1.107417869669918, 44.80055927122673], [-1.107417869923236, 44.80055927049709], [-1.107417870067982, 44.80055927008012], [-1.107417870104154, 44.800559269975956], [-1.107417870192912, 44.80055926972027], [-1.107417870334246, 44.80055926931316], [-1.10741787077896, 44.80055926803217], [-1.107417871339122, 44.80055926641862], [-1.107417871483138, 44.80055926600377], [-1.107417871527031, 44.800559265877325], [-1.107417871614706, 44.8005592656248], [-1.1074178717169, 44.8005592653304], [-1.107417872722464, 44.80055926243393], [-1.107417874155198, 44.80055925830688], [-1.107417874308162, 44.80055925786629], [-1.107417874365223, 44.80055925770191], [-1.107417913910416, 44.80055914379187], [-1.107417991358037, 44.80055892070381], [-1.1074181948843, 44.80055833444587], [-1.107418199139563, 44.800558322188564], [-1.107418199226702, 44.80055832193757], [-1.107418537516399, 44.800557347493196], [-1.10741864513227, 44.800557037505385], [-1.107418802400377, 44.80055658449416], [-1.107418847597428, 44.80055645430394], [-1.107418850447535, 44.8005564460942], [-1.107418869154404, 44.80055639220901], [-1.107419129469794, 44.800555642369815], [-1.107419717271426, 44.80055394920546], [-1.107420611002282, 44.800551374810965], [-1.107421810662292, 44.800547919186194], [-1.107423316251363, 44.80054358233123], [-1.107424217706476, 44.80054098568614], [-1.107424515027758, 44.80054012925092], [-1.107424704864492, 44.800539582425394], [-1.107424725080565, 44.80053952419289], [-1.107424733983386, 44.80053949854829], [-1.107424773018373, 44.800539386107836], [-1.107424827084525, 44.800539230370035], [-1.107424874573372, 44.80053909357823], [-1.107425043961179, 44.80053860565591], [-1.107425242146807, 44.800538034781304], [-1.107425457697591, 44.800537413886346], [-1.107425690613518, 44.800536742970976], [-1.107425834227022, 44.80053632929158], [-1.107425888538114, 44.80053617284826], [-1.107425907220034, 44.80053611903491], [-1.107425915355707, 44.80053609560006], [-1.10742591699087, 44.800536090889985], [-1.107425917067669, 44.80053609066873], [-1.107425919585295, 44.8005360834167], [-1.107425920629422, 44.8005360804091], [-1.107425920889502, 44.800536079659935], [-1.107425921621626, 44.80053607755104], [-1.107425923099868, 44.80053607329296], [-1.107425924167167, 44.80053607021861], [-1.107425924426655, 44.80053606947116], [-1.107425924520407, 44.80053606920111], [-1.10742592482353, 44.800536068327965], [-1.107425925172606, 44.80053606732244], [-1.107425925199678, 44.80053606724445], [-1.107425925214398, 44.800536067202046], [-1.107425925249443, 44.80053606710112], [-1.107425925261152, 44.80053606706737], [-1.107425925275149, 44.80053606702704], [-1.107425925343208, 44.800536066831], [-1.107425925430397, 44.80053606657986], [-1.107425925442845, 44.80053606654399], [-1.107425925465342, 44.8005360664792], [-1.107425925712645, 44.80053606576684], [-1.107425925826685, 44.800536065438365], [-1.107425925867382, 44.80053606532112], [-1.107425926085118, 44.800536064693915], [-1.10742592664201, 44.80053606308982], [-1.107425927259164, 44.80053606131207], [-1.107425927358356, 44.80053606102635], [-1.107425927383307, 44.80053606095449], [-1.107425927811848, 44.8005360597201], [-1.107425928151007, 44.800536058743134], [-1.107425930745137, 44.80053605127072], [-1.107425935822857, 44.80053603664434], [-1.107425936453908, 44.80053603482661], [-1.107425936727512, 44.80053603403847], [-1.107427235932044, 44.80053229167362], [-1.107427762935466, 44.80053077363761], [-1.107428616379244, 44.80052831528837], [-1.107429828358292, 44.80052482417612], [-1.107431275272019, 44.80052065633274], [-1.107431357263126, 44.80052042015684], [-1.107431428333718, 44.80052021543761], [-1.107431576673629, 44.8005197881436], [-1.10743168539557, 44.80051947496937], [-1.107431702948134, 44.80051942440912], [-1.107431776657321, 44.80051921208934], [-1.107431830183692, 44.80051905790629], [-1.107431850921816, 44.80051899817001], [-1.107431875223114, 44.800518928169986], [-1.107431938151522, 44.80051874690433], [-1.107431948188162, 44.800518717993704], [-1.107431950225938, 44.8005187121239], [-1.107431965442532, 44.8005186682924], [-1.107431982954628, 44.80051861784871], [-1.107431990687796, 44.80051859557326], [-1.10743200399934, 44.800518557229275], [-1.10743202288926, 44.80051850281673], [-1.107432032769587, 44.800518474356394], [-1.107432033361029, 44.80051847265274], [-1.107432033584486, 44.80051847200908], [-1.107432033640316, 44.80051847184827], [-1.107432033736425, 44.80051847157144], [-1.107432033873152, 44.80051847117757], [-1.107432034113679, 44.80051847048474], [-1.107432034189694, 44.800518470265764], [-1.107432034246437, 44.800518470102325], [-1.107432034283914, 44.80051846999437], [-1.107432034318219, 44.80051846989558], [-1.107432034349347, 44.80051846980589], [-1.107432034448937, 44.80051846951903], [-1.10743203461698, 44.800518469035005], [-1.107432035017845, 44.800518467880266], [-1.107432035651541, 44.800518466054925], [-1.107432036113174, 44.80051846472519], [-1.107432036402767, 44.80051846389102], [-1.107432037448158, 44.80051846087974], [-1.107432039249355, 44.80051845569142], [-1.107432041095678, 44.80051845037304], [-1.107432042987131, 44.80051844492469], [-1.107432045067443, 44.80051843893235], [-1.107432047336604, 44.80051843239604], [-1.107432052294903, 44.800518418113604], [-1.107432059942361, 44.80051839608507], [-1.107432209667868, 44.80051796479982], [-1.107432501471405, 44.8005171242579], [-1.107433064354938, 44.80051550286829], [-1.107433898318426, 44.80051310063102], [-1.107436292584766, 44.80050620393016], [-1.107440247153019, 44.8004948127656], [-1.107444999401396, 44.80048112387194], [-1.107450549328928, 44.80046513724906], [-1.107452805510227, 44.80045863829356], [-1.107453171306124, 44.80045758461428], [-1.107454074660934, 44.80045498249018], [-1.107454107334361, 44.80045488837397], [-1.107454295417666, 44.80045434659779], [-1.107455575399199, 44.800450659595604], [-1.107456325794786, 44.80044849807187], [-1.107456325847843, 44.800448497919085], [-1.107456329004641, 44.80044848882585], [-1.107456334727228, 44.800448472341856], [-1.107456335202324, 44.80044847097334], [-1.107456335265192, 44.80044847079227], [-1.107456335296367, 44.800448470702456], [-1.107456335617339, 44.80044846977791], [-1.107456339122271, 44.80044845968191], [-1.107456340575859, 44.80044845549482], [-1.10745634151038, 44.800448452802925], [-1.107456341869031, 44.80044845176982], [-1.10745634190719, 44.80044845165989], [-1.107456341925818, 44.800448451606236], [-1.107456342211252, 44.800448450784046], [-1.107456342352176, 44.80044845037809], [-1.107456342366681, 44.800448450336305], [-1.107456342383336, 44.800448450288364], [-1.107456342464025, 44.80044845005592], [-1.10745634250329, 44.8004484499428], [-1.107456342526669, 44.800448449875496], [-1.107456342560904, 44.80044844977687], [-1.107456342575395, 44.800448449735114], [-1.107456342606914, 44.80044844964431], [-1.107456342698591, 44.80044844938024], [-1.107456342835919, 44.80044844898466], [-1.107456343400854, 44.80044844735738], [-1.107456344393384, 44.80044844449837], [-1.10745634465096, 44.80044844375644], [-1.107456344913674, 44.80044844299966], [-1.107456345904157, 44.80044844014658], [-1.107456346422731, 44.800448438652836], [-1.107456346491002, 44.80044843845615], [-1.10745634793316, 44.800448434302], [-1.10745663518996, 44.800447606855215], [-1.107457207674525, 44.80044595780625], [-1.107457591526878, 44.80044485211471], [-1.107457653371294, 44.80044467397108], [-1.107457683094748, 44.80044458835227], [-1.107457749911314, 44.80044439588631], [-1.107457812961052, 44.80044421427075], [-1.107458061450642, 44.80044349849331], [-1.107459794005841, 44.80043850784541], [-1.107461764366722, 44.80043283219425], [-1.107461850824383, 44.80043258315175], [-1.107462880759778, 44.80042961640852], [-1.107465811616301, 44.80042117403398], [-1.107468586575538, 44.80041318072178], [-1.107469974054913, 44.800409184065664], [-1.107471039579913, 44.800405303696216], [-1.107472087514861, 44.80040148738478], [-1.107472635268349, 44.80039949260633], [-1.107473170629561, 44.800397542957285], [-1.107473528118299, 44.80039624107434], [-1.107474162479332, 44.80039393089295], [-1.107476367203183, 44.800385901848706], [-1.107477927410355, 44.800380219969355], [-1.107479116726248, 44.80037588878148], [-1.107480629299744, 44.80037038037037], [-1.107483088817047, 44.80036142342691], [-1.107483209147579, 44.800360985213324], [-1.107483275043707, 44.80036074523615], [-1.107483745756426, 44.800359031018516], [-1.107484228171417, 44.80035727418406], [-1.107484411703408, 44.80035660580653], [-1.107484463463442, 44.8003564173094], [-1.107484536062042, 44.80035615292349], [-1.107484660319555, 44.80035570040877], [-1.10748474840487, 44.80035537962411], [-1.107484764293955, 44.80035532176006], [-1.107484778875173, 44.800355268658876], [-1.107484801276878, 44.800355187077514], [-1.10748491286714, 44.80035478069369], [-1.107484944463293, 44.800354665628404], [-1.107484979821302, 44.800354536863416], [-1.107485029999546, 44.8003543541268], [-1.107485115691161, 44.800354042059375], [-1.107485130706149, 44.80035398737852], [-1.107485131104386, 44.80035398592825], [-1.107485159523847, 44.80035388243167], [-1.107485159819581, 44.800353881354695], [-1.107485160123191, 44.80035388024904], [-1.107485161497618, 44.80035387524371], [-1.107485162532956, 44.80035387147332], [-1.10748516262985, 44.80035387112044], [-1.107485164508614, 44.80035386427845], [-1.107485167545551, 44.80035385321866], [-1.107485167807944, 44.80035385226309], [-1.107485168169235, 44.80035385094735], [-1.107485168419987, 44.80035385003414], [-1.107485168961778, 44.80035384806112], [-1.107485170246924, 44.800353843380975], [-1.107485170545211, 44.80035384229465], [-1.10748517055966, 44.80035384224202], [-1.107485170741647, 44.800353841579266], [-1.107485171123319, 44.800353840189324], [-1.107485171167994, 44.80035384002665], [-1.107485171194573, 44.80035383992985], [-1.107485171391925, 44.80035383921115], [-1.107485171709243, 44.80035383805555], [-1.107485172075298, 44.800353836722486], [-1.107485172299397, 44.80035383590634], [-1.107485172381555, 44.80035383560713], [-1.10748517242542, 44.800353835447424], [-1.107485172437251, 44.80035383540434], [-1.107485172450266, 44.80035383535694], [-1.107485172467742, 44.800353835293265], [-1.107485172487366, 44.800353835221784], [-1.107485172512648, 44.80035383512972], [-1.107485172543589, 44.80035383501703], [-1.107485172642664, 44.80035383465623], [-1.107485172724796, 44.80035383435714], [-1.107485172770625, 44.80035383419025], [-1.107485172809869, 44.80035383404732], [-1.107485174462506, 44.80035382802885], [-1.107485176518238, 44.80035382054238], [-1.107485176921832, 44.8003538190726], [-1.107485177600573, 44.80035381660078], [-1.107485186160524, 44.80035378542759], [-1.107485186284656, 44.800353784975506], [-1.107485200514756, 44.80035373315307], [-1.107485239862938, 44.800353589856826], [-1.107485251669062, 44.800353546861864], [-1.107485270518453, 44.80035347821709], [-1.107485304329213, 44.800353355086784], [-1.107485387982995, 44.80035305044063], [-1.10748545499303, 44.80035280640687], [-1.107485489739703, 44.800352679868155], [-1.107485490824297, 44.80035267591835], [-1.107485490832963, 44.80035267588682], [-1.107485493508032, 44.800352666144846], [-1.107486267468464, 44.80034984757441], [-1.107486905062655, 44.800347525615564], [-1.107487258199754, 44.80034623957837], [-1.107487717915355, 44.80034456540876], [-1.107487917446698, 44.800343838765336], [-1.107488067798981, 44.80034329121977], [-1.107488540447503, 44.800341569951556], [-1.107488735065067, 44.80034086120283], [-1.107488876289756, 44.80034034689766], [-1.107488964121564, 44.80034002703607], [-1.107489013102516, 44.800339848659625], [-1.107489018874828, 44.800339827638325], [-1.1074890300293, 44.8003397870165], [-1.107489035506982, 44.800339767068145], [-1.107489040300619, 44.80033974961091], [-1.107489074012949, 44.800339626838955], [-1.107489101855416, 44.800339525443654], [-1.10748910955062, 44.80033949741962], [-1.107489110741501, 44.80033949308273], [-1.107489113556702, 44.80033948283047], [-1.107489119566073, 44.80033946094585], [-1.107489119690565, 44.80033946049247], [-1.107489119700656, 44.800339460455696], [-1.107489119883522, 44.80033945978975], [-1.107489120075936, 44.80033945908903], [-1.107489120119541, 44.80033945893023], [-1.107489120134431, 44.80033945887601], [-1.107489120143315, 44.80033945884366], [-1.107489123173158, 44.800339447809726], [-1.107489124279155, 44.80033944378192], [-1.10748912491508, 44.800339441466086], [-1.107489129240506, 44.80033942571395], [-1.107489132525068, 44.80033941375238], [-1.107489134391247, 44.80033940695623], [-1.107489151623721, 44.80033934419988], [-1.107489176612505, 44.80033925319694], [-1.107489184569568, 44.800339224219265], [-1.107489187047361, 44.800339215195756], [-1.107489194208066, 44.800339189118276], [-1.107489204410403, 44.80033915196388], [-1.107489211950057, 44.800339124506344], [-1.107489215042188, 44.80033911324558], [-1.107489215718124, 44.80033911078399], [-1.107489228131222, 44.80033906557858], [-1.107489230911053, 44.800339055455105], [-1.107489240067014, 44.80033902211136], [-1.107489274289735, 44.80033889748074], [-1.107489354193667, 44.80033860649048], [-1.10748936223352, 44.800338577211335], [-1.107489392116517, 44.80033846838489], [-1.107489866742564, 44.80033673991482], [-1.107490811936339, 44.800333297753696], [-1.107491687841178, 44.80033010792543], [-1.107492494457086, 44.80032717043001], [-1.107492979398082, 44.80032540439483], [-1.10749314266422, 44.80032480981991], [-1.107493165436586, 44.80032472688858], [-1.107493191640245, 44.80032463146132], [-1.107493224301167, 44.80032451251831], [-1.107493224315772, 44.800324512465124], [-1.107493224438279, 44.800324512019024], [-1.10749322466554, 44.80032451119135], [-1.107493227417819, 44.80032450116823], [-1.107493232695113, 44.800324481949616], [-1.107493247209009, 44.800324429093614], [-1.107493248361893, 44.800324424895095], [-1.107493254836311, 44.80032440131688], [-1.107493270959508, 44.80032434260019], [-1.107493296896134, 44.800324248145415], [-1.107493306682761, 44.80032421250491], [-1.107493309029179, 44.80032420395985], [-1.107493325018885, 44.80032414572926], [-1.107493345207246, 44.800324072208234], [-1.107493357461218, 44.80032402758232], [-1.107493366018044, 44.80032399642046], [-1.107493370877736, 44.80032397872267], [-1.107493373438092, 44.80032396939845], [-1.107493373618811, 44.800323968740344], [-1.107493373651248, 44.80032396862223], [-1.107493373699138, 44.80032396844783], [-1.107493373854934, 44.80032396788046], [-1.107493373863761, 44.800323967848314], [-1.107493373905486, 44.800323967696315], [-1.10749337394376, 44.800323967556935], [-1.107493373969759, 44.800323967462305], [-1.107493373989029, 44.80032396739213], [-1.107493374001593, 44.80032396734636], [-1.107493374018874, 44.80032396728344], [-1.107493374040867, 44.80032396720337], [-1.107493374108216, 44.800323966958096], [-1.107493374220908, 44.800323966547666], [-1.107493374335011, 44.80032396613216], [-1.107493374402045, 44.800323965888], [-1.107493374413228, 44.80032396584731], [-1.107493374450498, 44.80032396571157], [-1.107493435406215, 44.80032374372588], [-1.107493515410932, 44.800323452368495], [-1.107493547010587, 44.80032333729035], [-1.107493557202158, 44.80032330017516], [-1.107493667996417, 44.800322896689856], [-1.107493676210259, 44.80032286677708], [-1.107493688160253, 44.80032282325812], [-1.10749376778899, 44.80032253326993], [-1.1074939888431, 44.80032172824542], [-1.107494066113799, 44.80032144684461], [-1.107494108221663, 44.80032129349817], [-1.107494331158754, 44.80032048161632], [-1.107494679977082, 44.800319211306004], [-1.107495035298122, 44.80031791731439], [-1.10749526042373, 44.800317097462404], [-1.107495304859257, 44.800316935639124], [-1.107495320550049, 44.80031687849713], [-1.107495355353901, 44.80031675175006], [-1.107495380489882, 44.80031666021103], [-1.10749539841062, 44.80031659494813], [-1.107495408978958, 44.80031655646082], [-1.107495421298888, 44.80031651159467], [-1.107495424959421, 44.800316498263946], [-1.107495426903653, 44.80031649118352], [-1.107495427675049, 44.80031648837428], [-1.107495427706459, 44.800316488259874], [-1.107495427748754, 44.80031648810584], [-1.107495428107439, 44.80031648679963], [-1.107495428786147, 44.8003164843279], [-1.107495430071169, 44.800316479648174], [-1.107495431895487, 44.800316473004465], [-1.107495432462718, 44.80031647093875], [-1.107495433514777, 44.800316467107415], [-1.10749543903921, 44.800316446988816], [-1.107495447065113, 44.80031641776045], [-1.107495447631208, 44.800316415698845], [-1.107495447701801, 44.80031641544176], [-1.107495455973203, 44.80031638531934], [-1.107495461175956, 44.80031636637222], [-1.107495462673355, 44.800316360919055], [-1.107495463424631, 44.80031635818309], [-1.107495463520983, 44.800316357832216], [-1.107495463698269, 44.80031635718658], [-1.107495465753719, 44.80031634970113], [-1.107495466153764, 44.80031634824429], [-1.107495470822131, 44.800316331243245], [-1.107495484892557, 44.800316280002185], [-1.107495494061085, 44.80031624661267], [-1.107495504848139, 44.8003162073289], [-1.107495523519727, 44.80031613933154], [-1.107495586703643, 44.800315909231294], [-1.107496001515352, 44.800314398589165], [-1.107496767954805, 44.800311607405156], [-1.10749830444548, 44.80030601188334], [-1.107500610987008, 44.800297612023655], [-1.107503406414342, 44.80028743175881], [-1.107506690727073, 44.80027547108871], [-1.107509334574252, 44.8002658428358], [-1.107509944308, 44.80026362233238], [-1.107510463924711, 44.80026173001336], [-1.107510739548365, 44.8002607262583], [-1.107512470996095, 44.80025442074144], [-1.1075147260067, 44.80024620853256], [-1.107518988086874, 44.80023068705147], [-1.107523250165223, 44.80021516557005], [-1.107524833562584, 44.80020939920958], [-1.1075258729444, 44.80020561402511], [-1.107527512241756, 44.800199644088345], [-1.107529024807913, 44.80019413567601], [-1.107530214117713, 44.80018980448709], [-1.107531774316456, 44.800184122606346], [-1.107533979027571, 44.80017609355999], [-1.107534613384758, 44.80017378337792], [-1.107534970871295, 44.80017248149463], [-1.107535506229157, 44.80017053184502], [-1.107536053979163, 44.800168537065986], [-1.107537101907281, 44.8001647207534], [-1.107538167425105, 44.80016084038275], [-1.107538491897267, 44.8001578580107], [-1.107539140841562, 44.80015189326661], [-1.10754011425789, 44.80014294615038], [-1.107541412146122, 44.80013101666198], [-1.107542453670037, 44.80012144353438], [-1.107543238829759, 44.8001142267676], [-1.107543767625365, 44.800109366361696], [-1.107544040056915, 44.80010686231668], [-1.107544218917511, 44.80010521832575], [-1.107544304207162, 44.80010443438888], [-1.107544367341303, 44.800103854093635], [-1.107544408319929, 44.80010347744], [-1.107544429128559, 44.80010328617819], [-1.10754442950675, 44.80010328270206], [-1.107544429569948, 44.80010328212123], [-1.107544429767195, 44.80010328030823], [-1.107544430203599, 44.80010327629702], [-1.107544430299102, 44.80010327541923], [-1.107544430319155, 44.800103275234896], [-1.107544430437771, 44.80010327414461], [-1.107544430557395, 44.80010327304506], [-1.107544430562477, 44.80010327299845], [-1.107544430567101, 44.80010327295594], [-1.107544430571285, 44.80010327291747], [-1.107544430583273, 44.800103272807284], [-1.10754443060306, 44.800103272625414], [-1.107544430619219, 44.800103272476825], [-1.107544430631765, 44.80010327236158], [-1.107544432799408, 44.80010325243779], [-1.107544437122138, 44.80010321270555], [-1.107544455423157, 44.800103044492346], [-1.107544487702464, 44.80010274779822], [-1.107544548191238, 44.80010219181773], [-1.107544636889477, 44.80010137655093], [-1.107544797505771, 44.800099900251716], [-1.107545007763248, 44.800097967677225], [-1.107545027056472, 44.80009779034417], [-1.107545030040116, 44.80009776292009], [-1.107545032147576, 44.80009774354948], [-1.107545045780852, 44.80009761823971], [-1.107545147723999, 44.800096681232695], [-1.107545148992469, 44.80009666957355], [-1.107545149771713, 44.80009666241113], [-1.107545150557404, 44.800096655189535], [-1.107545158926525, 44.800096578265006], [-1.107545161775077, 44.80009655208262], [-1.107545164039981, 44.800096531264856], [-1.107545172831374, 44.80009645045914], [-1.107545181211107, 44.800096373437064], [-1.107545184065737, 44.800096347198796], [-1.107545186372107, 44.80009632599988], [-1.107545187095351, 44.800096319352214], [-1.10754518749973, 44.80009631563535], [-1.107545188130202, 44.800096309840356], [-1.107545189018162, 44.80009630167874], [-1.107545189024085, 44.80009630162433], [-1.107545189035975, 44.80009630151504], [-1.107545189068331, 44.80009630121765], [-1.107545189084093, 44.80009630107275], [-1.107545189097394, 44.800096300950464], [-1.107545189115232, 44.80009630078653], [-1.107545189140459, 44.80009630055462], [-1.107545189144021, 44.800096300521936], [-1.107545189149274, 44.80009630047362], [-1.107545189156236, 44.80009630040965], [-1.107545189201113, 44.80009629999718], [-1.107545189283897, 44.80009629923624], [-1.107545189947253, 44.80009629313905], [-1.107545191191174, 44.80009628170558], [-1.107545193072951, 44.80009626440927], [-1.107545195592587, 44.800096241250124], [-1.107545258875863, 44.80009565958398], [-1.107545328771627, 44.80009501713949], [-1.107545331920351, 44.800094988198055], [-1.107545382922793, 44.80009451941085], [-1.107545454023524, 44.80009386589079], [-1.107545458291823, 44.800093826658824], [-1.107545458901301, 44.8000938210569], [-1.107545472178067, 44.800093699023876], [-1.107545481276841, 44.80009361539278], [-1.107545481319852, 44.800093614997486], [-1.107545481357799, 44.800093614648695], [-1.107545481381791, 44.80009361442819], [-1.107545481386675, 44.800093614383286], [-1.107545481390686, 44.80009361434642], [-1.107545481408991, 44.80009361417814], [-1.107545481412728, 44.80009361414382], [-1.107545481417172, 44.8000936141029], [-1.107545481422341, 44.800093614055484], [-1.107545481426233, 44.80009361401965], [-1.107545481441439, 44.80009361387994], [-1.107545481449104, 44.80009361380949], [-1.107545481477837, 44.800093613545435], [-1.107545481573121, 44.800093612669684], [-1.107545481687778, 44.80009361161575], [-1.107545481695715, 44.80009361154275], [-1.107545481845648, 44.800093610164645], [-1.107545482002787, 44.800093608720324], [-1.107545482147191, 44.80009360739303], [-1.107545482258972, 44.80009360636561], [-1.107545482935694, 44.80009360014559], [-1.107545483183591, 44.80009359786702], [-1.10754548352728, 44.80009359470796], [-1.107545483994533, 44.80009359041323], [-1.107545485435507, 44.80009357716859], [-1.10754548578075, 44.80009357399529], [-1.107545485968637, 44.80009357226838], [-1.107545487905314, 44.80009355446747], [-1.107545491403946, 44.8000935223099], [-1.10754549559603, 44.800093483778475], [-1.10754549868192, 44.80009345541462], [-1.107545499849461, 44.8000934446832], [-1.107545500481556, 44.800093438873326], [-1.107545504086362, 44.80009340573988], [-1.107545504194356, 44.80009340474726], [-1.107545504587338, 44.800093401135165], [-1.107545506410444, 44.800093384378165], [-1.107545524968237, 44.800093213804836], [-1.107545556958345, 44.80009291976884], [-1.107545559158322, 44.800092899547764], [-1.107545559759732, 44.80009289401991], [-1.107545574597462, 44.800092757639405], [-1.107545605889323, 44.80009247002132], [-1.107545775385865, 44.800090912099435], [-1.107546171846612, 44.80008726804337], [-1.107546615951192, 44.80008318607024], [-1.107547107699598, 44.80007866618007], [-1.107547356468729, 44.800076379626255], [-1.107547360386197, 44.800076343618926], [-1.107547360926465, 44.80007633865306], [-1.107547362258595, 44.80007632640884], [-1.107547364816347, 44.80007630289935], [-1.107547367291984, 44.80007628014462], [-1.107547372164114, 44.80007623536259], [-1.107547386185273, 44.800076106487516], [-1.107547387075163, 44.800076098308175], [-1.107547388650369, 44.80007608382964], [-1.107547394720632, 44.800076028034994], [-1.10754739777019, 44.800076000005106], [-1.107547398016082, 44.800075997745004], [-1.107547398551615, 44.800075992822656], [-1.107547400426105, 44.80007597559337], [-1.107547402688377, 44.80007595479978], [-1.10754740393629, 44.80007594332957], [-1.10754740416986, 44.80007594118278], [-1.107547404332607, 44.800075939686856], [-1.107547404424545, 44.800075938841836], [-1.107547404475788, 44.80007593837082], [-1.107547404479693, 44.8000759383349], [-1.107547404486334, 44.80007593827385], [-1.107547404533777, 44.800075937837775], [-1.107547404618105, 44.80007593706267], [-1.107547404828391, 44.80007593512985], [-1.1075474050465, 44.800075933125164], [-1.107547405145945, 44.8000759322111], [-1.10754740516464, 44.800075932039256], [-1.10754740546512, 44.80007592927738], [-1.107547405473853, 44.80007592919711], [-1.107547405484747, 44.80007592909695], [-1.107547405729843, 44.80007592684417], [-1.107547510324278, 44.80007496546757], [-1.107547719248417, 44.80007304514767], [-1.107548329886372, 44.800067432487005], [-1.10754934223804, 44.800058127485485], [-1.107550018375151, 44.80005191278975], [-1.107550254828909, 44.80004973943136], [-1.107550290736872, 44.800049409384265], [-1.107550358297812, 44.800048788399685], [-1.107550457722045, 44.800047874544475], [-1.107550494525788, 44.80004753626384], [-1.107550550100122, 44.80004702545379], [-1.107550593782095, 44.80004662395204], [-1.107550600831382, 44.80004655915875], [-1.107550608460356, 44.80004648903725], [-1.107550624350342, 44.800046342984885], [-1.107550626619433, 44.80004632212859], [-1.107550627841285, 44.80004631089797], [-1.107550641804832, 44.80004618255231], [-1.107550651465267, 44.800046093758695], [-1.107550653331635, 44.80004607660404], [-1.10755065454142, 44.800046065484345], [-1.107550655094617, 44.80004606039963], [-1.107550655379684, 44.80004605777944], [-1.107550655396629, 44.80004605762371], [-1.107550655411197, 44.80004605748979], [-1.107550655423406, 44.80004605737762], [-1.107550655431062, 44.80004605730716], [-1.107550655441416, 44.80004605721202], [-1.10755065545272, 44.80004605710807], [-1.107550655460753, 44.80004605703427], [-1.107550655465511, 44.80004605699061], [-1.107550655473999, 44.8000460569126], [-1.107550655486226, 44.80004605680019], [-1.107550655527013, 44.80004605642529], [-1.107550655596351, 44.800046055787966], [-1.10755065565895, 44.80004605521261], [-1.107550655690448, 44.8000460549231], [-1.107550655707382, 44.80004605476744], [-1.107550655714801, 44.80004605469923], [-1.107550655849074, 44.800046053465095], [-1.107550655865711, 44.80004605331212], [-1.107550655908568, 44.80004605291825], [-1.107550656061762, 44.80004605151019], [-1.107550656681098, 44.800046045817574], [-1.107550657707088, 44.80004603638722], [-1.107550659624577, 44.80004601876264], [-1.107550659918244, 44.800046016063405], [-1.107550660256875, 44.80004601295087], [-1.107550660283814, 44.800046012703255], [-1.107550660459739, 44.80004601108627], [-1.107550664330476, 44.800045975508496], [-1.107550668233471, 44.800045939634224], [-1.107550671965869, 44.80004590532797], [-1.107550713329166, 44.80004552513834], [-1.107550792323347, 44.80004479906535], [-1.107550851184202, 44.80004425804733], [-1.107550889911727, 44.80004390208425], [-1.107551293003272, 44.800040197078594], [-1.107552060458771, 44.80003314303035], [-1.107553093129502, 44.800023651261476], [-1.10755439101535, 44.800011721771995], [-1.107555484971121, 44.80000166669963], [-1.107556374996895, 44.79999348604449], [-1.10755682343617, 44.79998936422296], [-1.107556830289029, 44.79998930123502], [-1.107556832692197, 44.799989279146345], [-1.107556833987319, 44.79998926724222], [-1.107556834083227, 44.79998926636068], [-1.10755683409562, 44.799989266246754], [-1.107556834107807, 44.79998926613479], [-1.107556834818781, 44.79998925959991], [-1.107556835260131, 44.7999892555432], [-1.107556835407303, 44.79998925419051], [-1.107556835484798, 44.7999892534782], [-1.107556835492623, 44.79998925340624], [-1.107556835541473, 44.799989252957246], [-1.107556835574534, 44.799989252653376], [-1.107556835604411, 44.79998925237872], [-1.107556835631346, 44.79998925213121], [-1.107556835940689, 44.799989249287925], [-1.107556836330614, 44.79998924570388], [-1.107556836396547, 44.79998924509785], [-1.107556836469493, 44.79998924442739], [-1.107556836539749, 44.79998924378162], [-1.107556836636694, 44.79998924289057], [-1.107556836946979, 44.79998924003857], [-1.107556837362388, 44.79998923622037], [-1.107556837373137, 44.799989236121505], [-1.107556842207842, 44.799989191683444], [-1.107556851451083, 44.79998910672433], [-1.107556856303982, 44.799989062118996], [-1.107556856766536, 44.79998905786742], [-1.107557051680606, 44.799987266318155], [-1.107557441046174, 44.79998368747123], [-1.107557960200217, 44.79997891567528], [-1.107558609142729, 44.79997295093034], [-1.107558933613972, 44.79996996855785], [-1.107558517042098, 44.79996788418419], [-1.107557683898478, 44.799963715436874], [-1.107556434183352, 44.7999574623158], [-1.10755476789709, 44.799949124821026], [-1.107552685040171, 44.79993870295239], [-1.107550185613209, 44.799926196709855], [-1.107547269616938, 44.799911606093296], [-1.107543937052215, 44.79989493110262], [-1.107541021060211, 44.799880340485494], [-1.107538521640083, 44.79986783424203], [-1.107536438791091, 44.799857412372305], [-1.107534772512631, 44.79984907487645], [-1.107533522804213, 44.79984282175448], [-1.107532689665469, 44.79983865300647], [-1.10753227309616, 44.79983656863246], [-1.107530906191504, 44.79983548650446], [-1.107528172382368, 44.79983332224841], [-1.107524071669082, 44.7998300758642], [-1.107520426591026, 44.79982719018919], [-1.107519515321569, 44.79982646877041], [-1.107518604052143, 44.799825747351626], [-1.107513136436106, 44.799821418838725], [-1.10750766882098, 44.79981709032549], [-1.107502201206735, 44.799812761812], [-1.107496733593396, 44.79980843329813], [-1.107491265980955, 44.799804104783966], [-1.107487360544037, 44.79980101298794], [-1.107485798369393, 44.79979977626947], [-1.107482153295531, 44.79979689059299], [-1.107480330758747, 44.79979544775467], [-1.107478811978177, 44.79979424538939], [-1.10747759695376, 44.79979328349717], [-1.107475774417225, 44.79979184065877], [-1.107473344368667, 44.7997899168742], [-1.10746939554013, 44.79978679072412], [-1.107463927932173, 44.799782462208334], [-1.10745846032511, 44.79977813369227], [-1.107452992718942, 44.799773805175846], [-1.107448892014909, 44.79977055878833], [-1.107446158212499, 44.799768394529906], [-1.107444791311379, 44.799767312400625], [-1.107442474074384, 44.79976723251663], [-1.107438248524601, 44.79976708684567], [-1.107437858716048, 44.799767073407466], [-1.10743783960043, 44.79976707274849], [-1.107437672759373, 44.79976706699684], [-1.107436157792002, 44.79976701477003], [-1.107430887889553, 44.79976683309588], [-1.107426573434389, 44.79976668435952], [-1.107423992696734, 44.7997665953912], [-1.107421618941845, 44.79976651355832], [-1.107410032757392, 44.79976611413521], [-1.107408911513743, 44.79976607548131], [-1.107407715520526, 44.799766034250446], [-1.107396129336341, 44.7997656348258], [-1.107379908678845, 44.79976507562911], [-1.107361370785074, 44.79976443654406], [-1.107343524858527, 44.79976380538794], [-1.107326370899163, 44.7997631821611], [-1.107309908906916, 44.79976256686381], [-1.10729413888176, 44.79976195949648], [-1.107280686093415, 44.79976143201443], [-1.107269550541721, 44.79976098441852], [-1.107260732226541, 44.799760616709555], [-1.107254231147783, 44.79976032888806], [-1.107250678209764, 44.79976017158912], [-1.107250103876135, 44.799760146161674], [-1.107250090287516, 44.79976014556006], [-1.107250073412425, 44.79976014481296], [-1.107250028800181, 44.79976014283783], [-1.10724988142806, 44.799760136313225], [-1.107249509057207, 44.799760119827276], [-1.107248985144116, 44.799760096632085], [-1.107248982398746, 44.79976009651053], [-1.107248955088262, 44.79976009530142], [-1.107248722057639, 44.799760084984484], [-1.10724872139084, 44.79976008495495], [-1.107248720834407, 44.79976008493032], [-1.107248719797793, 44.79976008488441], [-1.107248717767457, 44.79976008479452], [-1.107248716917634, 44.79976008475691], [-1.107248715031158, 44.799760084673395], [-1.107248709993693, 44.79976008445038], [-1.107248708674224, 44.79976008439195], [-1.107248707757725, 44.79976008435136], [-1.107248703372727, 44.799760084157235], [-1.107248701876171, 44.799760084090984], [-1.107248701078158, 44.799760084055656], [-1.107248701023867, 44.799760084053254], [-1.107248700978708, 44.79976008405126], [-1.107248700405319, 44.79976008402585], [-1.107248700310674, 44.79976008402167], [-1.107248700221019, 44.79976008401772], [-1.107248700048821, 44.79976008401007], [-1.107248699533412, 44.79976008398725], [-1.107248698805115, 44.79976008395501], [-1.107248698055238, 44.79976008392183], [-1.107248697973783, 44.79976008391821], [-1.10724869773799, 44.79976008390777], [-1.10724869701965, 44.799760083875974], [-1.107248695638172, 44.79976008381482], [-1.107248695265167, 44.79976008379829], [-1.107248695155443, 44.799760083793444], [-1.107248693593554, 44.79976008372427], [-1.107248687930388, 44.79976008347356], [-1.107248684934886, 44.79976008334093], [-1.107248683002613, 44.799760083255364], [-1.107248682492975, 44.799760083232826], [-1.107248680209306, 44.79976008313174], [-1.107248663865357, 44.79976008240812], [-1.10724851999971, 44.799760076038766], [-1.107248478533231, 44.799760074202915], [-1.1072484468093, 44.79976007279841], [-1.107248434487333, 44.79976007225288], [-1.10724839623958, 44.79976007055954], [-1.107248031834452, 44.79976005442624], [-1.107246338034858, 44.79975997943671], [-1.107243365410517, 44.79975984782969], [-1.107240578882639, 44.79975972446165], [-1.10723797845122, 44.799759609332604], [-1.10723737389367, 44.79975958256697], [-1.107236921436309, 44.79975956253529], [-1.107235819602515, 44.79975951375373], [-1.10723534566205, 44.79975949277091], [-1.107234937875117, 44.79975947471694], [-1.107234102336504, 44.79975943772502], [-1.107232826653184, 44.79975938124655], [-1.107231992552547, 44.79975934431832], [-1.107231142097008, 44.79975930666599], [-1.10723027528655, 44.79975926828956], [-1.107229793847958, 44.79975924697477], [-1.107229607689447, 44.799759238732946], [-1.107229490205919, 44.79975923353159], [-1.107229390997978, 44.79975922913933], [-1.107229297986259, 44.79975922502141], [-1.107228786855125, 44.79975920239204], [-1.107228347845157, 44.79975918295567], [-1.107228173176031, 44.79975917522252], [-1.10722808342063, 44.79975917124876], [-1.107228078578947, 44.799759171034395], [-1.107228075726317, 44.79975917090809], [-1.107228074862754, 44.79975917086985], [-1.107228074124679, 44.79975917083719], [-1.107228073858674, 44.799759170825396], [-1.107228073729965, 44.79975917081971], [-1.107228073512092, 44.79975917081008], [-1.107228073152146, 44.79975917079413], [-1.107228073044839, 44.79975917078938], [-1.107228072975428, 44.7997591707863], [-1.107228072907626, 44.799759170783304], [-1.107228072823654, 44.799759170779595], [-1.107228072778773, 44.7997591707776], [-1.107228072657684, 44.79975917077223], [-1.107228072594675, 44.799759170769455], [-1.107228072498875, 44.79975917076522], [-1.10722807198396, 44.79975917074241], [-1.107228071656384, 44.79975917072791], [-1.107228071516151, 44.79975917072169], [-1.107228071015662, 44.799759170699545], [-1.107228070853371, 44.79975917069237], [-1.107228070641905, 44.79975917068298], [-1.107228070154915, 44.799759170661446], [-1.107228066539778, 44.799759170501396], [-1.107228060170236, 44.79975917021937], [-1.107228053449294, 44.79975916992183], [-1.107228049406363, 44.79975916974283], [-1.1072280484474, 44.79975916970038], [-1.107228046376938, 44.799759169608706], [-1.107227446605127, 44.799759143054914], [-1.107227304538293, 44.799759136765154], [-1.107227276204157, 44.79975913551071], [-1.107225742930955, 44.79975906762786], [-1.107225681590972, 44.799759064912124], [-1.107225562709905, 44.79975905964888], [-1.107223892781288, 44.799758985715805], [-1.107222190117926, 44.799758910333416], [-1.107221839700153, 44.79975889481928], [-1.107221725755189, 44.79975888977458], [-1.107217541913027, 44.799758681839734], [-1.107211341254888, 44.79975836191103], [-1.107203123780833, 44.79975792998809], [-1.107192889490981, 44.79975738607039], [-1.107184747122286, 44.799756946119885], [-1.107178696674632, 44.79975661013697], [-1.107175148205126, 44.79975640625144], [-1.107174101713702, 44.79975633446352], [-1.107173758803546, 44.79975631094038], [-1.107173592003369, 44.79975629949808], [-1.107173554407429, 44.79975629691907], [-1.107173545593575, 44.79975629631444], [-1.107173538398795, 44.79975629582087], [-1.107173506286289, 44.799756293618], [-1.107173478887342, 44.7997562917385], [-1.107173473425435, 44.7997562913638], [-1.107173472431611, 44.79975629129563], [-1.107173472210586, 44.799756291280445], [-1.107173467422735, 44.799756290952025], [-1.1071734670713, 44.799756290927924], [-1.107173466762479, 44.799756290906736], [-1.107173464523803, 44.79975629075316], [-1.107173462704754, 44.79975629062838], [-1.10717346196559, 44.79975629057767], [-1.107173461555112, 44.79975629054952], [-1.107173461473301, 44.7997562905439], [-1.10717346139833, 44.79975629053876], [-1.10717346133017, 44.799756290534084], [-1.10717346127944, 44.7997562905306], [-1.107173461210544, 44.79975629052588], [-1.107173461153133, 44.79975629052194], [-1.107173461000455, 44.79975629051147], [-1.107173460784155, 44.79975629049662], [-1.107173460504238, 44.79975629047744], [-1.107173460213817, 44.79975629045751], [-1.107173459976738, 44.79975629044122], [-1.107173459912881, 44.799756290436854], [-1.107173454884298, 44.79975629009192], [-1.10717345281342, 44.79975628994983], [-1.107173451181978, 44.79975628983794], [-1.107173445128102, 44.79975628942265], [-1.107173440079301, 44.79975628907633], [-1.107173436580914, 44.799756288836306], [-1.107173434275307, 44.799756288678154], [-1.107173433061262, 44.79975628859489], [-1.107173430466233, 44.79975628841687], [-1.107173422325927, 44.79975628785846], [-1.107173412791239, 44.79975628720437], [-1.107173408323602, 44.79975628689789], [-1.107173381194741, 44.799756285036906], [-1.107173310881738, 44.79975628021353], [-1.107173278960532, 44.799756278023786], [-1.107173261207299, 44.79975627680592], [-1.107173233651898, 44.79975627491565], [-1.107173149505204, 44.79975626914331], [-1.107173068069189, 44.79975626355691], [-1.107173028888776, 44.799756260869195], [-1.107172970684185, 44.79975625687642], [-1.107172880986768, 44.799756250723284], [-1.107172820521073, 44.799756246575434], [-1.107172697188831, 44.79975623811501], [-1.107172502606401, 44.79975622476691], [-1.10717243766343, 44.7997562203119], [-1.107172404890667, 44.79975621806371], [-1.107172334055881, 44.799756213204546], [-1.107172299833008, 44.79975621085692], [-1.107172093789698, 44.79975619672263], [-1.107171901817638, 44.799756183553626], [-1.107171824223705, 44.79975617823075], [-1.107171800988791, 44.79975617663686], [-1.107171737467232, 44.799756172279345], [-1.107171688529806, 44.79975616892232], [-1.107171526487936, 44.79975615780646], [-1.107171179327726, 44.79975613399174], [-1.107170835539805, 44.799756110408325], [-1.107170814640362, 44.79975610897464], [-1.10717075950818, 44.799756105192664], [-1.107170549345392, 44.79975609077575], [-1.107170493300153, 44.79975608693112], [-1.107170473184675, 44.799756085551245], [-1.107170320357207, 44.79975607506748], [-1.107170243567551, 44.799756069799805], [-1.107170242815702, 44.79975606974823], [-1.107170242706933, 44.79975606974075], [-1.10717024262598, 44.79975606973518], [-1.107170242390368, 44.79975606971905], [-1.107170242291538, 44.799756069712274], [-1.107170242213401, 44.79975606970692], [-1.107170242155946, 44.79975606970298], [-1.10717024208731, 44.79975606969825], [-1.107170242007497, 44.799756069692776], [-1.107170241897623, 44.79975606968526], [-1.10717024175768, 44.79975606967566], [-1.107170241426539, 44.79975606965292], [-1.107170240904191, 44.79975606961708], [-1.107170240019008, 44.799756069556366], [-1.107170238925398, 44.799756069481376], [-1.107170238850743, 44.79975606947625], [-1.107170238770997, 44.79975606947076], [-1.107170238500708, 44.799756069452215], [-1.107170238264971, 44.79975606943605], [-1.107170236655952, 44.79975606932569], [-1.107170233673877, 44.799756069121116], [-1.107170226013952, 44.799756068595634], [-1.107170224893746, 44.7997560685188], [-1.107170223609923, 44.79975606843073], [-1.107170222152296, 44.799756068330744], [-1.107170217230612, 44.79975606799313], [-1.10717020646408, 44.79975606725455], [-1.107170179843393, 44.7997560654284], [-1.107170167691988, 44.79975606459484], [-1.107170164117725, 44.79975606434964], [-1.107170096570852, 44.79975605971602], [-1.107169817384752, 44.799756040564226], [-1.107169791034956, 44.799756038756655], [-1.107169598354966, 44.79975602553906], [-1.10716866947008, 44.799755961818754], [-1.107167637077032, 44.79975589099789], [-1.107166501175833, 44.79975581307652], [-1.107165781326953, 44.7997557636958], [-1.107165477530391, 44.79975574285576], [-1.107165208653705, 44.79975572441113], [-1.107164974696899, 44.79975570836199], [-1.107164841604433, 44.79975569923202], [-1.107164809376298, 44.7997556970212], [-1.107164792735914, 44.79975569587968], [-1.107164791683274, 44.79975569580748], [-1.107164791115391, 44.799755695768525], [-1.107164791032262, 44.79975569576282], [-1.107164790945853, 44.799755695756915], [-1.107164790856167, 44.79975569575077], [-1.107164790176037, 44.79975569570411], [-1.107164788905466, 44.79975569561693], [-1.107164778601207, 44.799755694910075], [-1.107164763748341, 44.79975569389118], [-1.107164763424233, 44.79975569386894], [-1.107164759263267, 44.7997556935835], [-1.107164753944885, 44.799755693218685], [-1.107164747801901, 44.79975569279727], [-1.107164734568929, 44.79975569188951], [-1.107164704518203, 44.79975568982808], [-1.107164684016837, 44.79975568842171], [-1.107164682776305, 44.799755688336575], [-1.107164666183746, 44.79975568719836], [-1.107164656074596, 44.799755686504895], [-1.10716465532922, 44.79975568645378], [-1.107164619565558, 44.79975568400041], [-1.107164565146375, 44.79975568026734], [-1.107164502926183, 44.799755675999094], [-1.107164433176161, 44.799755671214335], [-1.107164393379477, 44.79975566848434], [-1.107164392258049, 44.79975566840741], [-1.107164355896309, 44.79975566591303], [-1.107164283688214, 44.79975566095964], [-1.107164251970966, 44.79975565878389], [-1.107164235227988, 44.799755657635345], [-1.107164216551891, 44.799755656354165], [-1.107164153560638, 44.79975565203305], [-1.1071641226426, 44.79975564991213], [-1.10716410355679, 44.79975564860286], [-1.107164094714454, 44.799755647996285], [-1.107164069633106, 44.79975564627575], [-1.107164041965276, 44.79975564437776], [-1.107164039299416, 44.79975564419488], [-1.107163987315513, 44.799755640628845], [-1.10716398691432, 44.79975564060133], [-1.107163980215855, 44.79975564014182], [-1.107163961299766, 44.7997556388442], [-1.107163961252177, 44.799755638840935], [-1.10716396072809, 44.79975563880499], [-1.107163959727504, 44.799755638736336], [-1.107163951678883, 44.79975563818421], [-1.107163943985117, 44.79975563765644], [-1.107163936631584, 44.799755637152], [-1.107163891440324, 44.79975563405194], [-1.107163345535461, 44.79975559660352], [-1.107162298917001, 44.79975552480679], [-1.107161630818646, 44.79975547897605], [-1.107161341240396, 44.79975545911135], [-1.107161163009011, 44.79975544688487], [-1.107161096124487, 44.79975544229669], [-1.107161058659764, 44.79975543972666], [-1.107161054896129, 44.799755439468456], [-1.107161053157137, 44.79975543934919], [-1.107161050614854, 44.799755439174774], [-1.107161048616317, 44.799755439037675], [-1.10716104756501, 44.79975543896555], [-1.107161046398003, 44.79975543888551], [-1.107161046193456, 44.79975543887147], [-1.107161046009203, 44.799755438858845], [-1.107161038562822, 44.79975543834803], [-1.107161024058872, 44.79975543735306], [-1.107161020122551, 44.799755437083064], [-1.107161015744975, 44.79975543678274], [-1.107161006496392, 44.799755436148295], [-1.107161004588634, 44.79975543601743], [-1.10716100106424, 44.79975543577567], [-1.107160985875388, 44.79975543473373], [-1.10716094939601, 44.799755432231294], [-1.107160948709152, 44.79975543218418], [-1.107160935386968, 44.799755431270285], [-1.107160924176372, 44.799755430501264], [-1.107160914160535, 44.799755429814184], [-1.107160855031126, 44.79975542575796], [-1.107160640240567, 44.79975541102361], [-1.107160291015302, 44.79975538706717], [-1.107159743081526, 44.799755349479575], [-1.107158996439231, 44.7997552982608], [-1.107158606190267, 44.79975527149017], [-1.107158572334636, 44.79975526916775], [-1.107158551521126, 44.799755267739926], [-1.107158550070168, 44.799755267640414], [-1.107158548163282, 44.79975526750961], [-1.107158543749741, 44.79975526720685], [-1.107158539599593, 44.799755266922155], [-1.107158539070684, 44.79975526688585], [-1.107158538786911, 44.79975526686638], [-1.107158536187326, 44.799755266688074], [-1.107158531104086, 44.799755266339346], [-1.107158510925134, 44.79975526495512], [-1.107158475650479, 44.7997552625353], [-1.10715844158335, 44.79975526019833], [-1.107158408723754, 44.79975525794421], [-1.107158369262271, 44.79975525523718], [-1.107158323198897, 44.79975525207731], [-1.107158291510699, 44.79975524990351], [-1.107158277949691, 44.79975524897327], [-1.107158267821082, 44.79975524827845], [-1.10715826388497, 44.799755248008424], [-1.107158254004313, 44.79975524733065], [-1.107158203128825, 44.79975524384063], [-1.10715812523703, 44.79975523849735], [-1.107158034145695, 44.79975523224859], [-1.107157979982394, 44.79975522853306], [-1.107157962747122, 44.799755227350744], [-1.107157886170638, 44.799755222097666], [-1.107157788251577, 44.79975521538055], [-1.107157782115064, 44.79975521495959], [-1.107157750252947, 44.799755212773896], [-1.107157692985349, 44.79975520884538], [-1.10715761317088, 44.79975520337023], [-1.107157585659079, 44.79975520148293], [-1.10715739238904, 44.79975518822485], [-1.107157178583532, 44.79975517355805], [-1.107156944242559, 44.79975515748252], [-1.107156755951648, 44.799755144565985], [-1.107156613710766, 44.79975513480842], [-1.10715656442955, 44.79975513142781], [-1.107156557808357, 44.799755130973594], [-1.107156531730134, 44.79975512918466], [-1.107156523081611, 44.79975512859138], [-1.107156517877855, 44.799755128234416], [-1.107156510009736, 44.79975512769466], [-1.107156498944157, 44.79975512693557], [-1.107156498533394, 44.79975512690738], [-1.10715649806535, 44.79975512687527], [-1.107156497540035, 44.799755126839244], [-1.107156497183707, 44.799755126814816], [-1.107156496996361, 44.79975512680195], [-1.107156496868897, 44.7997551267932], [-1.107156496801296, 44.79975512678858], [-1.107156496721504, 44.7997551267831], [-1.1071564966295, 44.79975512677678], [-1.107156496576666, 44.799755126773185], [-1.107156496496661, 44.79975512676768], [-1.107156496295499, 44.79975512675386], [-1.107156496122036, 44.79975512674198], [-1.107156496000806, 44.799755126733636], [-1.107156495719471, 44.799755126714366], [-1.107156494352125, 44.79975512662056], [-1.107156492193472, 44.799755126472476], [-1.107156483310309, 44.7997551258631], [-1.107156473152548, 44.7997551251663], [-1.107156468771588, 44.7997551248658], [-1.107156467702631, 44.79975512479241], [-1.107156463744589, 44.79975512452095], [-1.107156448454836, 44.79975512347206], [-1.107156374333848, 44.799755118387466], [-1.107156203203957, 44.799755106648135], [-1.107155686265542, 44.799755071186766], [-1.107154823518592, 44.799755012003324], [-1.107153272181702, 44.79975490558338], [-1.107151032254865, 44.79975475192691], [-1.107150712574381, 44.79975472999718], [-1.107150233949792, 44.79975469716406], [-1.10714952200118, 44.79975464832515], [-1.107149239523429, 44.79975462894749], [-1.10714916480331, 44.79975462382179], [-1.107148741420621, 44.7997545947782], [-1.107148082676716, 44.799754549589075], [-1.107147746775251, 44.79975452654661], [-1.107147696442774, 44.79975452309385], [-1.107147545769454, 44.79975451275781], [-1.107147281519883, 44.79975449463059], [-1.107147196484027, 44.79975448879723], [-1.107147084950679, 44.799754481146145], [-1.107146700220396, 44.79975445475407], [-1.107146203830224, 44.799754420702236], [-1.107145595780162, 44.79975437899064], [-1.107145222268107, 44.7997543533681], [-1.107145083294058, 44.79975434383463], [-1.107144972879419, 44.799754336260285], [-1.107144891024187, 44.799754330645094], [-1.107144882678017, 44.79975433007258], [-1.107144876032234, 44.7997543296167], [-1.107144849969957, 44.79975432782882], [-1.107144849869014, 44.7997543278219], [-1.107144849716728, 44.79975432781148], [-1.107144849489167, 44.79975432779587], [-1.107144849367758, 44.799754327787525], [-1.10714484928728, 44.79975432778199], [-1.107144849214963, 44.79975432777705], [-1.107144849105857, 44.799754327769556], [-1.107144849009078, 44.79975432776291], [-1.107144848944923, 44.799754327758535], [-1.107144848800279, 44.79975432774859], [-1.10714484867196, 44.79975432773979], [-1.107144848587064, 44.79975432773396], [-1.10714484851252, 44.79975432772885], [-1.107144848457445, 44.79975432772508], [-1.107144848202023, 44.79975432770757], [-1.107144847854056, 44.79975432768369], [-1.107144847799684, 44.79975432767996], [-1.107144847346806, 44.7997543276489], [-1.107144846880069, 44.799754327616874], [-1.107144846682602, 44.799754327603345], [-1.107144844850772, 44.799754327477665], [-1.107144841674536, 44.79975432725978], [-1.107144839758065, 44.79975432712831], [-1.107144838069529, 44.79975432701249], [-1.107144837153877, 44.79975432694968], [-1.107144829309539, 44.79975432641157], [-1.107144828394744, 44.79975432634879], [-1.107144827049523, 44.799754326256526], [-1.107144818141525, 44.79975432564544], [-1.107144775511139, 44.79975432272104], [-1.107144701418392, 44.79975431763837], [-1.107144626868572, 44.79975431252432], [-1.107144561758761, 44.79975430805785], [-1.107144553819231, 44.79975430751321], [-1.107144551861684, 44.79975430737892], [-1.107144537740529, 44.79975430641023], [-1.107144516115778, 44.79975430492681], [-1.107144370557011, 44.7997542949416], [-1.107144082954554, 44.79975427521239], [-1.107143300577703, 44.79975422154214], [-1.107142537135685, 44.79975416917081], [-1.107142157676515, 44.799754143140305], [-1.10714202342647, 44.7997541339309], [-1.107141381033441, 44.79975408986338], [-1.107141373398606, 44.79975408933962], [-1.107141371188026, 44.799754089187985], [-1.10714137076403, 44.79975408915891], [-1.107141368253813, 44.79975408898672], [-1.107141365599064, 44.799754088804576], [-1.107141364112366, 44.79975408870261], [-1.107141363793722, 44.79975408868076], [-1.107141363588399, 44.79975408866667], [-1.107141363496386, 44.79975408866036], [-1.107141363431704, 44.79975408865591], [-1.107141362613296, 44.79975408859977], [-1.107141361518724, 44.79975408852469], [-1.107141361196016, 44.79975408850255], [-1.107141356836716, 44.799754088203514], [-1.107141356618623, 44.799754088188536], [-1.107141356080843, 44.799754088151666], [-1.107141351596878, 44.79975408784405], [-1.107141345476469, 44.7997540874242], [-1.107141341884831, 44.799754087177824], [-1.107141339182584, 44.79975408699246], [-1.107141338124033, 44.79975408691985], [-1.107141329539547, 44.79975408633092], [-1.107141319235305, 44.79975408562406], [-1.107141307211337, 44.79975408479925], [-1.107141292794853, 44.799754083810306], [-1.107141275985856, 44.79975408265724], [-1.107141214829306, 44.79975407846194], [-1.107141109325191, 44.79975407122445], [-1.107140911151574, 44.79975405762996], [-1.107140620308479, 44.79975403767842], [-1.107139474347892, 44.79975395906666], [-1.107137473269811, 44.79975382179469], [-1.107135539427982, 44.799753689135024], [-1.107133672822377, 44.79975356108765], [-1.107132739519583, 44.79975349706394], [-1.107130629543395, 44.79975560579558], [-1.107130151539616, 44.79975608351736], [-1.10712936355761, 44.79975687103454], [-1.107126409590578, 44.79975982325869], [-1.107123596288373, 44.79976263490071], [-1.107122189637172, 44.799764040721676], [-1.107121321187404, 44.799764908658815], [-1.107121226972149, 44.79976500281846], [-1.107120923651034, 44.79976530596056], [-1.10711979832998, 44.79976643061729], [-1.107119002461447, 44.799767226015966], [-1.107118917627768, 44.79976731079956], [-1.107118819642758, 44.79976740872672], [-1.10711853604546, 44.79976769215658], [-1.107118290282047, 44.799767937774895], [-1.10711826517121, 44.79976796287091], [-1.107118241179998, 44.79976798684794], [-1.107118236301182, 44.799767991723876], [-1.107118220954007, 44.799768007062], [-1.107118218120734, 44.79976800989359], [-1.107118211626893, 44.79976801638361], [-1.107118157630439, 44.79976807034819], [-1.107118122361635, 44.79976810559617], [-1.107118120295294, 44.79976810766127], [-1.107118120022478, 44.79976810793392], [-1.107118119866784, 44.79976810808954], [-1.107118118854425, 44.7997681091013], [-1.107118108130136, 44.79976811981927], [-1.107118101279876, 44.799768126665484], [-1.107118099471702, 44.799768128472586], [-1.107118098115376, 44.7997681298281], [-1.10711809721091, 44.799768130732026], [-1.107118096678292, 44.79976813126434], [-1.107118096614822, 44.79976813132777], [-1.107118096560054, 44.79976813138251], [-1.107118096517525, 44.79976813142501], [-1.107118096392321, 44.79976813155015], [-1.107118096342475, 44.799768131599954], [-1.107118096153134, 44.79976813178918], [-1.107118048095955, 44.799768179818], [-1.107118024566343, 44.79976820333371], [-1.10711801650014, 44.79976821139516], [-1.107117952170916, 44.799768275686404], [-1.107117393082807, 44.7997688344444], [-1.107116370831581, 44.79976985609199], [-1.107113749728592, 44.79977247564708], [-1.107109529773418, 44.79977669310955], [-1.107105309817656, 44.79978091057182], [-1.10710235584827, 44.79978386279535], [-1.107101567865543, 44.7997846503123], [-1.107101089861304, 44.79978512803395], [-1.107098979882907, 44.79978723676498], [-1.107094759925673, 44.79979145422679], [-1.107093803916972, 44.799792409670076], [-1.107092227951047, 44.799793984703854], [-1.107086320009435, 44.79979988915003], [-1.107077880090837, 44.79980832407254], [-1.107077496458117, 44.79980870747807], [-1.107076473437506, 44.799809729892885], [-1.107069440169888, 44.79981675899435], [-1.107061000246581, 44.7998251939155], [-1.107052560320914, 44.799833628835955], [-1.10704412039289, 44.79984206375575], [-1.10703821244187, 44.79984796819915], [-1.107036636473049, 44.79984954323208], [-1.107035680462515, 44.799850498674836], [-1.10703146049644, 44.79985471613412], [-1.107029350513181, 44.799856824863696], [-1.107028872507804, 44.799857302585025], [-1.10702808452316, 44.79985809010142], [-1.107025130546227, 44.79986104232272], [-1.107024273514434, 44.79986189884511], [-1.107023787829342, 44.799862384241486], [-1.107022317234596, 44.799863853961995], [-1.107021624149867, 44.79986454663466], [-1.107021072885136, 44.79986509757164], [-1.107020910578678, 44.79986525978159], [-1.107020844692729, 44.79986532562836], [-1.107020766418288, 44.79986540385629], [-1.107019644588296, 44.7998665250192], [-1.107018519263474, 44.79986764967487], [-1.107017723392274, 44.79986844507276], [-1.107017638558314, 44.799868529856276], [-1.107017540572977, 44.799868627783326], [-1.107017256974724, 44.79986891121294], [-1.107017011210487, 44.79986915683101], [-1.107016986099568, 44.79986918192698], [-1.107016941882215, 44.79986922611804], [-1.107016878558432, 44.799869289404164], [-1.107016849720436, 44.79986931822501], [-1.107016843677747, 44.7998693242641], [-1.10701684095035, 44.799869326989885], [-1.107016840794655, 44.79986932714547], [-1.107016839782294, 44.79986932815724], [-1.107016829057974, 44.79986933887518], [-1.107016822207685, 44.799869345721405], [-1.107016820399505, 44.79986934752851], [-1.107016819043176, 44.79986934888403], [-1.107016818138703, 44.799869349787954], [-1.107016817606086, 44.799869350320265], [-1.107016817542611, 44.799869350383695], [-1.107016817487849, 44.79986935043843], [-1.107016817445317, 44.799869350480925], [-1.107016817320117, 44.79986935060605], [-1.107016817270269, 44.799869350655875], [-1.107016817080926, 44.7998693508451], [-1.107016769023585, 44.79986939887387], [-1.107016745493897, 44.79986942238956], [-1.107016737427664, 44.79986943045099], [-1.107016673098226, 44.79986949474217], [-1.107016114008246, 44.79987005349964], [-1.107015091753594, 44.79987107514624], [-1.107012470641821, 44.79987369469879], [-1.107008250672508, 44.79987791215716], [-1.107004030702605, 44.79988212961533], [-1.107001076723323, 44.79988508183594], [-1.107000288737956, 44.79988586935211], [-1.106999810732115, 44.79988634707332], [-1.106997700746645, 44.79988845580226], [-1.106994414080194, 44.7998927372849], [-1.106987840745927, 44.79990130024987], [-1.106981763311647, 44.79990921721229], [-1.106976181777755, 44.79991648817224], [-1.106973185874793, 44.79992039087822], [-1.106972775603734, 44.79992092533049], [-1.106972554377105, 44.7999212135182], [-1.106972532619684, 44.79992124186119], [-1.106972530637204, 44.799921244443716], [-1.106972522194903, 44.79992125544135], [-1.106972514622736, 44.79992126530547], [-1.106972512845029, 44.799921267621244], [-1.106972504877596, 44.79992127800028], [-1.106972502425197, 44.79992128119496], [-1.106972502177196, 44.799921281518046], [-1.106972501446777, 44.799921282469555], [-1.106972501138477, 44.79992128287117], [-1.106972501017427, 44.799921283028844], [-1.106972500951481, 44.799921283114756], [-1.106972500908693, 44.799921283170484], [-1.10697250087661, 44.7999212832123], [-1.106972500830106, 44.79992128327287], [-1.1069725007457, 44.79992128338283], [-1.106972500623395, 44.79992128354213], [-1.106972500573534, 44.799921283607105], [-1.106972500512073, 44.79992128368714], [-1.106972500472517, 44.7999212837387], [-1.10697250041176, 44.79992128381785], [-1.106972500020305, 44.799921284327795], [-1.106972499337728, 44.79992128521697], [-1.106972497554802, 44.79992128753957], [-1.106972494671534, 44.799921291295526], [-1.106972493979599, 44.79992129219691], [-1.106972492618968, 44.799921293969376], [-1.106972491784469, 44.79992129505645], [-1.10697249161736, 44.79992129527413], [-1.106972491344882, 44.79992129562908], [-1.10697248889361, 44.79992129882231], [-1.106972487043117, 44.79992130123292], [-1.106972486617957, 44.79992130178677], [-1.106972486518189, 44.79992130191673], [-1.106972486232981, 44.79992130228823], [-1.106972479155089, 44.79992131150849], [-1.106972473282546, 44.79992131915855], [-1.106972471389064, 44.799921321625135], [-1.106972465809423, 44.79992132889363], [-1.106968909533006, 44.799925961586574], [-1.106961810324245, 44.79993520958694], [-1.106954801064379, 44.79994434040942], [-1.10694788175349, 44.799953354054026], [-1.106944076131635, 44.79995831155834], [-1.106943384200324, 44.79995921292275], [-1.106942553604463, 44.7999602949225], [-1.106941584344046, 44.79996155755763], [-1.106940476419054, 44.799963000828086], [-1.106939442115845, 44.79996434819292], [-1.106939340802758, 44.79996448017131], [-1.106939229829447, 44.7999646247339], [-1.10693921168357, 44.799964648372146], [-1.106939107189019, 44.79996478449497], [-1.1069381221826, 44.799966067641854], [-1.106937153478513, 44.79996732955197], [-1.106936576770275, 44.79996808081744], [-1.106936392057901, 44.799968321438286], [-1.106936265477263, 44.799968486332155], [-1.106936236837634, 44.799968523640395], [-1.10693622932536, 44.799968533426465], [-1.106936197028342, 44.799968575499086], [-1.106936142766191, 44.799968646185235], [-1.106936139442591, 44.79996865051482], [-1.106936136394844, 44.79996865448506], [-1.106936102690801, 44.79996869839059], [-1.106936080108381, 44.799968727808235], [-1.106936075545762, 44.799968733751854], [-1.106936075237067, 44.799968734154], [-1.106936075018927, 44.79996873443815], [-1.106936074383043, 44.79996873526651], [-1.106936073235011, 44.799968736762], [-1.1069360719474, 44.79996873843935], [-1.106936070893787, 44.79996873981189], [-1.10693607057968, 44.79996874022105], [-1.106936070403697, 44.799968740450296], [-1.106936070357758, 44.79996874051016], [-1.106936070292081, 44.79996874059571], [-1.106936070216088, 44.7999687406947], [-1.106936070187793, 44.79996874073156], [-1.106936070144722, 44.799968740787676], [-1.106936070078005, 44.799968740874576], [-1.106936069987709, 44.799968740992206], [-1.106936069873837, 44.799968741140546], [-1.106936069549443, 44.79996874156313], [-1.106936068766689, 44.799968742582806], [-1.106936066095193, 44.79996874606291], [-1.106936062374986, 44.79996875090912], [-1.106936060832993, 44.79996875291787], [-1.106936058651782, 44.79996875575925], [-1.106936048722099, 44.79996876869445], [-1.106936041712532, 44.79996877782566], [-1.106936029758057, 44.79996879339851], [-1.106935979414032, 44.799968858980606], [-1.10693578755387, 44.7999691089127], [-1.106935454177576, 44.79996954319483], [-1.106932485444698, 44.79997341049901], [-1.106926881354248, 44.799980710824975], [-1.106918820625584, 44.799991211356186], [-1.106908303256189, 44.800004912092035], [-1.106897128546076, 44.8000194691227], [-1.106890603487767, 44.80002796915813], [-1.10689057953051, 44.80002800036668], [-1.106885296494323, 44.800034882447925], [-1.10687280709991, 44.80005115206749], [-1.106869715976921, 44.80005517879399], [-1.106868624047671, 44.80005660122202], [-1.1068596603618, 44.80006827798115], [-1.106848339553686, 44.800083025294335], [-1.106842814405191, 44.80009022275409], [-1.106839796756593, 44.80009415376153], [-1.106838844678177, 44.80009539400761], [-1.106837213904152, 44.8000975183715], [-1.106835985262088, 44.80009911888918], [-1.106832643098007, 44.800103472632436], [-1.10682973481578, 44.80010726116938], [-1.106828024248067, 44.80010948947729], [-1.106827511395131, 44.80011015755618], [-1.106827211927965, 44.800110547663515], [-1.106827125846588, 44.800110659799245], [-1.106827078552884, 44.800110721407414], [-1.106827070046862, 44.800110732487965], [-1.10682706765038, 44.800110735609785], [-1.106827064519901, 44.800110739687796], [-1.106827063700372, 44.800110740755365], [-1.106827063179145, 44.800110741434345], [-1.106827062187902, 44.80011074272562], [-1.106827059513408, 44.80011074620958], [-1.106827056624716, 44.80011074997262], [-1.106827055034283, 44.80011075204443], [-1.106827054127506, 44.80011075322567], [-1.106827053972813, 44.80011075342717], [-1.10682705371771, 44.80011075375948], [-1.106827053501334, 44.80011075404136], [-1.106827053166142, 44.80011075447798], [-1.106827052674983, 44.80011075511782], [-1.106827052245848, 44.80011075567684], [-1.106827052203432, 44.800110755732106], [-1.106827052133477, 44.800110755823226], [-1.106827052093532, 44.80011075587527], [-1.106827052053105, 44.80011075592793], [-1.106827051994414, 44.8001107560044], [-1.106827051943972, 44.80011075607009], [-1.106827051909542, 44.80011075611494], [-1.106827051887316, 44.80011075614388], [-1.106827051731821, 44.80011075634647], [-1.106827051686016, 44.80011075640613], [-1.106827051584669, 44.80011075653814], [-1.106827050786342, 44.80011075757806], [-1.106827050390414, 44.800110758093865], [-1.10682705020021, 44.800110758341624], [-1.106827049050896, 44.800110759838844], [-1.106827047030235, 44.80011076247108], [-1.106827044724363, 44.80011076547487], [-1.106827044555871, 44.80011076569436], [-1.106827043912493, 44.80011076653246], [-1.106827042116448, 44.800110768872116], [-1.106827041114436, 44.800110770177405], [-1.106827040207265, 44.80011077135917], [-1.106827039206488, 44.80011077266285], [-1.10682700068529, 44.8001108228433], [-1.106826926552856, 44.80011091941352], [-1.106826865486121, 44.8001109989634], [-1.10682681748506, 44.80011106149302], [-1.106824445848687, 44.80011415095575], [-1.1068197505763, 44.80012026735144], [-1.106815896267049, 44.80012528824767], [-1.106813067103794, 44.80012897371547], [-1.106812905294938, 44.80012918449913], [-1.106812882921328, 44.80012921364456], [-1.106812867308236, 44.80012923398327], [-1.106812754200945, 44.80012938132482], [-1.106810751029165, 44.80013199079746], [-1.106809500590775, 44.80013361970644], [-1.106808814041653, 44.800134514053575], [-1.106808691381832, 44.800134673838876], [-1.106808625915985, 44.80013475911928], [-1.106808617644108, 44.80013476989484], [-1.106808614744122, 44.80013477367254], [-1.106808613997385, 44.80013477464529], [-1.106808613498076, 44.80013477529571], [-1.106808613452594, 44.80013477535497], [-1.106808613422189, 44.80013477539456], [-1.106808613368871, 44.800134775464045], [-1.106808613292642, 44.800134775563315], [-1.106808613079521, 44.80013477584098], [-1.106808612832302, 44.80013477616303], [-1.106808612785362, 44.80013477622415], [-1.106808612729508, 44.80013477629693], [-1.106808612494093, 44.800134776603585], [-1.106808612469992, 44.80013477663496], [-1.106808612373288, 44.800134776760956], [-1.106808609291851, 44.80013478077505], [-1.106808609117019, 44.800134781002804], [-1.106808607561704, 44.80013478302886], [-1.106808598059335, 44.800134795407324], [-1.106808537814993, 44.800134873885824], [-1.106808515651398, 44.800134902757684], [-1.106808497910056, 44.8001349258688], [-1.106808426828666, 44.8001350184644], [-1.106808317341841, 44.80013516108962], [-1.106808209354507, 44.80013530176152], [-1.106808142655744, 44.80013538864798], [-1.106808117245563, 44.800135421749104], [-1.106808090974188, 44.800135455972026], [-1.106808080060026, 44.80013547018959], [-1.106808076071405, 44.80013547538545], [-1.10680806384163, 44.80013549131679], [-1.10680796220975, 44.800135623709636], [-1.10680789163852, 44.800135715640685], [-1.106807859882182, 44.80013575700871], [-1.106807786078539, 44.80013585315047], [-1.106807572850291, 44.800136130916584], [-1.106807322524983, 44.80013645700789], [-1.106805523009361, 44.80013880118305], [-1.106802887825355, 44.80014223395807], [-1.106802479753384, 44.8001427655411], [-1.10680217430308, 44.80014316344201], [-1.106797213255851, 44.80014962604766], [-1.106794675428598, 44.800152931997594], [-1.106792691788387, 44.8001555160247], [-1.106790639866655, 44.800158188999795], [-1.106787353171381, 44.800162470475684], [-1.106785644204935, 44.80016601019176], [-1.106784880219511, 44.80016759260508], [-1.106783683702077, 44.80017007090493], [-1.106782226271491, 44.80017308962379], [-1.106780025836816, 44.80017764729731], [-1.106779588661469, 44.800178552801285], [-1.106777099369911, 44.80018370877162], [-1.106771815594441, 44.80019465284216], [-1.106770416540454, 44.80019755064545], [-1.106770263498523, 44.80019786763492], [-1.106763427624144, 44.80021202649768], [-1.106758600226517, 44.800222025281876], [-1.106757094116596, 44.80022514482289], [-1.106756591746765, 44.80022618535992], [-1.106751209766577, 44.80023733282199], [-1.106747281685078, 44.80024546888416], [-1.10674708722225, 44.80024587166638], [-1.106746837536085, 44.800246388830246], [-1.106745308707136, 44.80024955542561], [-1.106745290833481, 44.800249592446505], [-1.106745290634976, 44.80024959285765], [-1.106745287732208, 44.80024959887001], [-1.106745250497032, 44.800249675993584], [-1.106745187697785, 44.80024980606685], [-1.106745140483896, 44.800249903858884], [-1.106745118125085, 44.80024995016969], [-1.106745112861898, 44.80024996107109], [-1.106745108855381, 44.800249969369624], [-1.106745104666307, 44.800249978046274], [-1.106745093197636, 44.80025000180082], [-1.106745092608366, 44.80025000302132], [-1.106745091742868, 44.80025000481402], [-1.106745091299284, 44.80025000573278], [-1.106745091277626, 44.80025000577762], [-1.106745091228317, 44.80025000587974], [-1.106745091151347, 44.80025000603919], [-1.106745091100077, 44.800250006145376], [-1.106745091074511, 44.800250006198354], [-1.106745091054756, 44.80025000623924], [-1.106745090980233, 44.800250006393604], [-1.106745090872982, 44.80025000661576], [-1.106745090729386, 44.800250006913195], [-1.10674509054944, 44.800250007285925], [-1.106745090297118, 44.800250007808536], [-1.10674508997242, 44.800250008481065], [-1.10674508953833, 44.80025000938015], [-1.106745088994848, 44.80025001050585], [-1.106745087693357, 44.800250013201584], [-1.106745085633862, 44.80025001746731], [-1.106745082893931, 44.80025002314241], [-1.106745079473574, 44.80025003022685], [-1.106745068279134, 44.8002500534134], [-1.106745049310633, 44.80025009270201], [-1.106744992996744, 44.80025020934242], [-1.106744899337464, 44.800250403334715], [-1.106743514891101, 44.800253270876475], [-1.106740839657304, 44.80025881196766], [-1.106736653753992, 44.80026748203845], [-1.106730957179949, 44.800279281088656], [-1.106725830261535, 44.800289900233494], [-1.106721272999306, 44.800299339473106], [-1.106717540339874, 44.800307070750115], [-1.106714632283831, 44.800313094064606], [-1.106712764114933, 44.800316963511], [-1.106711935833563, 44.80031867908929], [-1.106711521434981, 44.8003195374126], [-1.106711521095925, 44.800319538114834], [-1.106711521012246, 44.80031953828815], [-1.106711520919193, 44.80031953848089], [-1.106711520763765, 44.80031953880283], [-1.106711520638382, 44.80031953906254], [-1.10671152060699, 44.800319539127564], [-1.106711520586821, 44.80031953916933], [-1.106711520498353, 44.80031953935255], [-1.106711520428266, 44.80031953949772], [-1.106711520396731, 44.80031953956305], [-1.106711520341291, 44.800319539677865], [-1.106711520296962, 44.80031953976969], [-1.106711520261969, 44.80031953984219], [-1.106711520214645, 44.80031953994019], [-1.106711520199338, 44.80031953997188], [-1.106711520002091, 44.80031954038045], [-1.106711519752783, 44.80031954089683], [-1.106711519622906, 44.80031954116584], [-1.106711519305303, 44.800319541823704], [-1.106711519049282, 44.80031954235394], [-1.106711518638069, 44.80031954320567], [-1.106711518600763, 44.80031954328296], [-1.106711518157201, 44.80031954420167], [-1.106711517798429, 44.800319544944806], [-1.106711517645132, 44.80031954526229], [-1.106711516629039, 44.800319547366875], [-1.106711513365024, 44.80031955412746], [-1.106711508365154, 44.80031956448348], [-1.10671149977135, 44.800319582283386], [-1.106711487583609, 44.80031960752724], [-1.106711473063715, 44.800319637601596], [-1.106711456211636, 44.800319672506454], [-1.106711409693824, 44.800319768856475], [-1.106711333510279, 44.80031992665169], [-1.106711243494792, 44.80032011309631], [-1.106711139647373, 44.80032032819034], [-1.106711126604527, 44.80032035520535], [-1.106711105972388, 44.8003203979397], [-1.106711042895705, 44.80032052858729], [-1.10671103454261, 44.80032054588863], [-1.106711021175225, 44.80032057357584], [-1.106710953239772, 44.800320714287174], [-1.106710846448743, 44.80032093547812], [-1.106710790546214, 44.80032105126627], [-1.106710776570195, 44.800321080214104], [-1.106710722522628, 44.800321192160176], [-1.106710639957746, 44.80032136317271], [-1.106710610749427, 44.80032142367047], [-1.106710604674697, 44.80032143625272], [-1.106710598754118, 44.80032144851573], [-1.106710539489615, 44.80032157126736], [-1.106710538125477, 44.80032157409282], [-1.106710514692301, 44.80032162262879], [-1.106710462164239, 44.800321731427566], [-1.10671043808297, 44.8003217813059], [-1.106710423511393, 44.800321811487294], [-1.106710422879009, 44.800321812797115], [-1.10671042163393, 44.80032181537597], [-1.106710419911469, 44.80032181894363], [-1.106710417711617, 44.800321823500084], [-1.106710416542561, 44.800321825921465], [-1.10671041645593, 44.80032182610094], [-1.106710416429516, 44.80032182615564], [-1.106710416404304, 44.80032182620784], [-1.106710416323641, 44.80032182637494], [-1.106710416300559, 44.800321826422724], [-1.106710416123612, 44.80032182678922], [-1.106710415792786, 44.80032182747444], [-1.10671041543546, 44.800321828214585], [-1.106710415051635, 44.800321829009555], [-1.106710413268788, 44.80032183270228], [-1.106710410697455, 44.800321838028154], [-1.106710410187324, 44.80032183908476], [-1.106710410086918, 44.80032183929272], [-1.106710405501037, 44.80032184879123], [-1.106710392870463, 44.80032187495232], [-1.106710386173463, 44.800321888823504], [-1.106710341528415, 44.800321981294566], [-1.106709945858431, 44.80032280082614], [-1.106709199163488, 44.80032434741823], [-1.106708657624935, 44.80032546908001], [-1.106708321242802, 44.80032616581152], [-1.106708098773356, 44.8003266266014], [-1.106707990216603, 44.800326851449555], [-1.106707913006939, 44.80032701137008], [-1.10670786714436, 44.800327106362936], [-1.10670782236699, 44.80032719910807], [-1.106707778674805, 44.80032728960552], [-1.106707755772161, 44.8003273370426], [-1.106707753659044, 44.80032734141942], [-1.106707752092857, 44.80032734466336], [-1.106707751073599, 44.80032734677451], [-1.106707750297991, 44.800327348381], [-1.106707749766025, 44.80032734948282], [-1.106707749426996, 44.80032735018505], [-1.10670774940348, 44.80032735023374], [-1.106707749210363, 44.80032735063373], [-1.106707749103645, 44.80032735085476], [-1.106707749083341, 44.80032735089682], [-1.106707749041268, 44.800327350983956], [-1.106707748977441, 44.80032735111618], [-1.106707747536387, 44.80032735410096], [-1.106707747435289, 44.800327354310355], [-1.106707747084278, 44.80032735503738], [-1.106707744718101, 44.800327359938315], [-1.106707739482438, 44.8003273707827], [-1.106707731829376, 44.80032738663409], [-1.106707726762014, 44.800327397129855], [-1.106707725256817, 44.80032740024753], [-1.106707725183967, 44.80032740039842], [-1.106707724280375, 44.80032740226997], [-1.10670771374968, 44.800327424081686], [-1.106707711311613, 44.80032742913153], [-1.10670771078595, 44.80032743022031], [-1.106707686278752, 44.80032748098081], [-1.106707419078891, 44.80032803441852], [-1.106706909186336, 44.80032909053342], [-1.106706432295228, 44.80033007829404], [-1.106705988405555, 44.800330997700414], [-1.106705608903401, 44.80033178374411], [-1.106705293788777, 44.80033243642519], [-1.106704154381907, 44.800334796421126], [-1.106702190682609, 44.80033886373195], [-1.10670164991821, 44.80033998378973], [-1.106701358757302, 44.800340586856514], [-1.106701112085428, 44.80034109777538], [-1.106700918590545, 44.800341498551475], [-1.106700799112849, 44.80034174601952], [-1.10670075365235, 44.800341840179534], [-1.106700690920157, 44.80034197011353], [-1.106700662071479, 44.8003420298663], [-1.106700661796998, 44.800342030434834], [-1.106700610916271, 44.800342135821445], [-1.106700566135967, 44.80034222857264], [-1.106700556579236, 44.80034224836699], [-1.106700538265889, 44.800342286298495], [-1.106700511195929, 44.800342342367145], [-1.106700497518071, 44.80034237069738], [-1.106700497232322, 44.80034237128923], [-1.106700497083528, 44.800342371597445], [-1.106700496980376, 44.800342371811084], [-1.106700496959296, 44.800342371854754], [-1.106700496698993, 44.800342372393914], [-1.106700496538426, 44.8003423727265], [-1.106700496477582, 44.80034237285252], [-1.106700496461755, 44.800342372885304], [-1.106700496443564, 44.80034237292296], [-1.106700496418285, 44.80034237297531], [-1.106700496389281, 44.800342373035384], [-1.106700496328307, 44.80034237316168], [-1.106700496235359, 44.80034237335419], [-1.10670049598813, 44.80034237386626], [-1.106700495586618, 44.800342374697905], [-1.106700493390695, 44.800342379246224], [-1.106700489400363, 44.80034238751118], [-1.106700485014473, 44.80034239659546], [-1.10670048023301, 44.800342406499055], [-1.106700479832571, 44.800342407328465], [-1.106700479160287, 44.800342408720915], [-1.106700468260237, 44.80034243129765], [-1.106700464418285, 44.80034243925529], [-1.106700461338193, 44.80034244563492], [-1.106700449096156, 44.80034247099125], [-1.106700407888822, 44.800342556341874], [-1.106700344638261, 44.80034268734952], [-1.106700135075894, 44.80034312140536], [-1.106699779201701, 44.80034385850936], [-1.106699322615516, 44.800344804212955], [-1.10669882341929, 44.80034583817249], [-1.106698774513162, 44.80034593946924], [-1.106698765317317, 44.800345958516125], [-1.106698563271274, 44.80034637700373], [-1.106698256878335, 44.80034701161968], [-1.106697961980475, 44.80034762242643], [-1.106696912604962, 44.80034979594389], [-1.106696663176079, 44.80035031257305], [-1.106696654561781, 44.800350330415405], [-1.106696230537012, 44.800351208676005], [-1.106696164902687, 44.80035134462101], [-1.106696125823912, 44.80035142556283], [-1.106695915776682, 44.800351860622825], [-1.106695758265295, 44.80035218686799], [-1.106695758002874, 44.80035218741154], [-1.106695757735085, 44.800352187966205], [-1.106695757461917, 44.800352188531996], [-1.106695757294097, 44.80035218887959], [-1.106695757231618, 44.800352189009004], [-1.106695757192749, 44.80035218908948], [-1.106695757177496, 44.80035218912111], [-1.106695757130621, 44.800352189218195], [-1.106695757052121, 44.80035218938078], [-1.106695756911838, 44.80035218967134], [-1.106695756658743, 44.80035219019558], [-1.106695756500559, 44.80035219052321], [-1.106695756223981, 44.80035219109606], [-1.106695755942229, 44.80035219167964], [-1.106695755475922, 44.80035219264547], [-1.106695754358032, 44.80035219496088], [-1.106695753553892, 44.800352196626484], [-1.106695753514458, 44.80035219670818], [-1.106695753146905, 44.80035219746945], [-1.106695749239243, 44.80035220556319], [-1.106695747308057, 44.800352209563144], [-1.106695746344789, 44.80035221155832], [-1.106695742635062, 44.80035221924207], [-1.106695728590018, 44.80035224833287], [-1.106695707104098, 44.80035229283553], [-1.106695659088812, 44.80035239228712], [-1.106695584544149, 44.80035254668761], [-1.106695421477397, 44.80035288443933], [-1.106695235455885, 44.80035326973603], [-1.106695233122226, 44.80035327456964], [-1.106695169888573, 44.80035340554222], [-1.106694841292041, 44.80035408614718], [-1.10669468799009, 44.80035440367353], [-1.106694495581727, 44.80035480219902], [-1.106693398556809, 44.80035707440964], [-1.106690841247027, 44.800362371231714], [-1.106686823651659, 44.80037069266506], [-1.106683105875907, 44.80037839309574], [-1.106679687920006, 44.80038547252387], [-1.106677978941776, 44.800389012237865], [-1.106677847700001, 44.80039181019372], [-1.106677585216459, 44.80039740610537], [-1.106677191491189, 44.80040579997282], [-1.106676666524205, 44.800416991795984], [-1.106676141557298, 44.8004281836191], [-1.10667561659046, 44.800439375442075], [-1.106675467759667, 44.8004425483816], [-1.106675179118146, 44.8004487019612], [-1.106675091623688, 44.80045056726501], [-1.106675055075373, 44.80045134644255], [-1.106674889866426, 44.800454868549934], [-1.106674566656977, 44.80046175908782], [-1.106674041690334, 44.800472950910546], [-1.106673516723762, 44.80048414273319], [-1.106673162487503, 44.800491694737346], [-1.106672978981525, 44.80049560692308], [-1.106672851939337, 44.80049831535056], [-1.106672792240203, 44.80049958808362], [-1.106672791220971, 44.800499609812775], [-1.106672781360952, 44.80049982001972], [-1.106672779007365, 44.80049987019608], [-1.106672772948371, 44.8004999993685], [-1.106672736285534, 44.80050078098791], [-1.106672719379294, 44.800501141414024], [-1.106672718941611, 44.80050115074507], [-1.106672716713094, 44.800501198255134], [-1.106672706543666, 44.80050141505853], [-1.106672705777233, 44.8005014313981], [-1.106672705245737, 44.800501442729086], [-1.106672704949186, 44.80050144905145], [-1.10667270422939, 44.80050146439666], [-1.106672703925348, 44.80050147087862], [-1.106672703665958, 44.80050147640869], [-1.106672703086371, 44.800501488764745], [-1.106672702580068, 44.80050149955886], [-1.106672702353447, 44.80050150439022], [-1.106672702275028, 44.80050150606194], [-1.106672702208066, 44.800501507489585], [-1.106672702114936, 44.80050150947497], [-1.106672701795348, 44.80050151628828], [-1.106672701492486, 44.80050152274499], [-1.106672701366447, 44.80050152543206], [-1.106672701315842, 44.80050152651104], [-1.106672701304009, 44.800501526763206], [-1.106672701293188, 44.800501526994], [-1.106672701272697, 44.80050152743082], [-1.106672701261445, 44.80050152767073], [-1.106672701259421, 44.80050152771379], [-1.106672701255933, 44.80050152778809], [-1.106672701250989, 44.80050152789365], [-1.106672701247851, 44.80050152796058], [-1.106672701244593, 44.80050152802997], [-1.106672701242054, 44.800501528084055], [-1.106672701236701, 44.800501528198254], [-1.106672701228525, 44.8005015283726], [-1.106672701200255, 44.800501528975325], [-1.10667270115189, 44.800501530006365], [-1.106672701099971, 44.80050153111313], [-1.106672701044513, 44.80050153229554], [-1.106672700935585, 44.80050153461781], [-1.106672700825005, 44.800501536975254], [-1.106672700800242, 44.800501537503166], [-1.106672700773184, 44.8005015380799], [-1.106672700273468, 44.80050154873347], [-1.106672700044556, 44.80050155361368], [-1.106672699951885, 44.80050155558939], [-1.10667269943643, 44.80050156657847], [-1.10667269191897, 44.80050172684417], [-1.106672683327713, 44.800501910001955], [-1.106672679767227, 44.80050198590848], [-1.106672677721082, 44.80050202953057], [-1.106672676256194, 44.800502060760564], [-1.106672672904811, 44.80050213220921], [-1.106672653081636, 44.80050255482194], [-1.106672618000619, 44.800503302718255], [-1.106672501421989, 44.80050578807218], [-1.106672303345745, 44.800510010883656], [-1.106667965176132, 44.80051969886745], [-1.106659486910097, 44.80053485202299], [-1.106647031988824, 44.800551985843896], [-1.106630600407636, 44.80057110032875], [-1.106610323405426, 44.80058939752026], [-1.106586200979285, 44.80060687741631], [-1.106558233126713, 44.80062354001428], [-1.106526419845508, 44.80063938531115], [-1.106490761133856, 44.80065441330348], [-1.106451256990303, 44.80066862398735], [-1.106407907413731, 44.80068201735844], [-1.106360712403419, 44.80069459341195], [-1.106323670188796, 44.80070427023395], [-1.106296780780266, 44.80071104783512], [-1.106280044185254, 44.8007149262232], [-1.106273460408185, 44.800715905403045], [-1.106268263643592, 44.80071667829757], [-1.10626445389158, 44.80071724490692], [-1.106262031152222, 44.800717605231284], [-1.106260995425561, 44.80071775927077], [-1.106259871747847, 44.80071792639083], [-1.106259419053313, 44.80071799371827], [-1.10625915478421, 44.80071803302196], [-1.106258660119059, 44.80071810659152], [-1.106258149089857, 44.80071818259483], [-1.106258115367314, 44.80071818761026], [-1.106257971606359, 44.80071820899124], [-1.106257806209739, 44.800718233590004], [-1.10625775937965, 44.80071824055484], [-1.106257732111613, 44.800718244610316], [-1.106257723440118, 44.8007182459], [-1.106257723297505, 44.8007182459212], [-1.106257723189692, 44.80071824593723], [-1.106257723116687, 44.8007182459481], [-1.106257723065067, 44.80071824595577], [-1.10625772294356, 44.800718245973854], [-1.106257722791278, 44.80071824599651], [-1.106257722016438, 44.800718246111735], [-1.106257720619046, 44.80071824631959], [-1.106257719854137, 44.800718246433334], [-1.106257719721695, 44.80071824645303], [-1.106257719307846, 44.80071824651457], [-1.106257718637408, 44.80071824661428], [-1.106257716272087, 44.80071824696606], [-1.106257714588184, 44.800718247216494], [-1.106257714394082, 44.80071824724538], [-1.106257709505304, 44.80071824797245], [-1.106257703933389, 44.80071824880116], [-1.106257701721312, 44.80071824913013], [-1.106257700855749, 44.8007182492589], [-1.106257699556351, 44.800718249452125], [-1.106257686465571, 44.800718251399076], [-1.106257686135229, 44.80071825144819], [-1.106257673019566, 44.80071825339885], [-1.106257624323038, 44.80071826064129], [-1.106257564476659, 44.80071826954199], [-1.106257493480438, 44.80071828010097], [-1.106256466055695, 44.800718432905704], [-1.10625448220244, 44.800718727956124], [-1.106250160220575, 44.80071937074679], [-1.106244558397184, 44.800720203882776], [-1.106243590655927, 44.80072034781087], [-1.106243500109953, 44.800720361277385], [-1.106238184602196, 44.80072115183048], [-1.106237188963254, 44.80072129990763], [-1.106237073317117, 44.80072131710719], [-1.106234213697403, 44.8007217424062], [-1.106231832406615, 44.800722096565366], [-1.106231322405522, 44.800722172415625], [-1.106231152644002, 44.800722197663525], [-1.106231040729885, 44.80072221430804], [-1.106230885570311, 44.800722237384235], [-1.106230759174152, 44.800722256182596], [-1.10623062668242, 44.80072227588752], [-1.106230590264196, 44.80072228130385], [-1.106230416221782, 44.80072230718844], [-1.106230104555178, 44.80072235354127], [-1.106229922286553, 44.800722380649255], [-1.106229893014529, 44.8007223850028], [-1.106229873723458, 44.80072238787185], [-1.106229869415925, 44.800722388512504], [-1.106229842555355, 44.80072239250734], [-1.106229842490322, 44.800722392517024], [-1.106229842345004, 44.800722392538646], [-1.10622984170485, 44.80072239263386], [-1.106229841042882, 44.80072239273231], [-1.106229840569453, 44.80072239280269], [-1.106229840301397, 44.80072239284255], [-1.106229840238707, 44.800722392851874], [-1.106229840190994, 44.800722392859], [-1.106229840124002, 44.80072239286894], [-1.106229840032984, 44.800722392882506], [-1.10622983995825, 44.80072239289362], [-1.106229839882435, 44.800722392904866], [-1.106229839805528, 44.800722392916306], [-1.106229839705019, 44.800722392931256], [-1.106229839580909, 44.80072239294972], [-1.106229839323102, 44.80072239298808], [-1.106229838931603, 44.80072239304629], [-1.10622983850845, 44.80072239310924], [-1.106229838053636, 44.800722393176876], [-1.106229835810949, 44.8007223935104], [-1.106229831780395, 44.80072239410988], [-1.106229827678759, 44.800722394719884], [-1.106229823506032, 44.800722395340486], [-1.106228711824675, 44.80072256067604], [-1.106226492634675, 44.80072289072652], [-1.106224437025105, 44.800723196448324], [-1.106222544995969, 44.80072347784152], [-1.106222535781646, 44.80072347921191], [-1.106222437834397, 44.80072349377921], [-1.106221442831455, 44.800723641761586], [-1.106221358645799, 44.80072365428216], [-1.106221325030512, 44.8007236592816], [-1.106221130531567, 44.8007236882086], [-1.106218718606475, 44.80072404692352], [-1.10621667707003, 44.800724350552144], [-1.106215107113856, 44.8007245840447], [-1.106214207056089, 44.800724717906256], [-1.106213487967482, 44.80072482485309], [-1.106212274038322, 44.80072500539531], [-1.106211215137323, 44.80072516288087], [-1.106210033656454, 44.80072533859716], [-1.106209915403963, 44.80072535618434], [-1.106209742850251, 44.80072538184746], [-1.106209448788522, 44.80072542558194], [-1.106208880168083, 44.80072551015027], [-1.106207869633151, 44.80072566044255], [-1.106205595486011, 44.80072599866608], [-1.106203970594609, 44.80072624032872], [-1.106202994958964, 44.80072638543052], [-1.106202151952719, 44.80072651080697], [-1.106201441575907, 44.80072661645801], [-1.10620106729048, 44.800726672123744], [-1.106201029096446, 44.80072667780418], [-1.106201002164062, 44.800726681809735], [-1.106200988352021, 44.800726683863914], [-1.106200986890145, 44.80072668408134], [-1.106200986493311, 44.80072668414037], [-1.106200977160201, 44.80072668552844], [-1.106200976489383, 44.8007266856282], [-1.106200975427567, 44.80072668578612], [-1.106200974164718, 44.80072668597393], [-1.106200972570754, 44.800726686210986], [-1.106200972378297, 44.80072668623963], [-1.106200972211382, 44.80072668626444], [-1.106200972070015, 44.80072668628547], [-1.106200971868408, 44.80072668631545], [-1.106200971561939, 44.80072668636103], [-1.106200970718571, 44.800726686486456], [-1.106200968772684, 44.800726686775846], [-1.106200968375104, 44.800726686834984], [-1.106200968157066, 44.800726686867435], [-1.106200965101972, 44.80072668732179], [-1.106200963359961, 44.80072668758088], [-1.106200962000963, 44.800726687782976], [-1.10620096155327, 44.800726687849576], [-1.10620095933031, 44.8007266881802], [-1.1062009588768, 44.80072668824763], [-1.106200958616663, 44.800726688286325], [-1.106200958486307, 44.8007266883057], [-1.106200956292144, 44.800726688632025], [-1.106200943868253, 44.800726690479785], [-1.106200921344984, 44.80072669382956], [-1.106200889571137, 44.80072669855513], [-1.106200848546695, 44.80072670465652], [-1.106200728574898, 44.800726722499384], [-1.106200529655751, 44.80072675208369], [-1.106198383839265, 44.80072707122102], [-1.106197516089365, 44.800727200277436], [-1.106196935498996, 44.80072728662595], [-1.106196199466109, 44.800727396092675], [-1.10619601007285, 44.800727424260245], [-1.106189946104471, 44.800728326125714], [-1.106173208062167, 44.80073081549408], [-1.106146721369699, 44.80073475472626], [-1.106117833832785, 44.80073905101576], [-1.10609149547398, 44.80074296817213], [-1.106090779510668, 44.80074307465325], [-1.106086545450394, 44.800743704360606], [-1.10605525706322, 44.80074835769607], [-1.10604741922705, 44.80074952336921], [-1.106041139145947, 44.80075045736655], [-1.106023968671271, 44.800753011022216], [-1.105992680274532, 44.80075766433909], [-1.105973565804405, 44.80076050710319], [-1.10596943056939, 44.80076112210785], [-1.105961391873009, 44.8007623176466], [-1.105937925568732, 44.80076580762112], [-1.105931079262152, 44.80076682582195], [-1.105926263181557, 44.80076754208191], [-1.10592228136439, 44.80076813426786], [-1.105914459261768, 44.800769297590385], [-1.105909034533959, 44.800770941671985], [-1.105898185077441, 44.80077422983439], [-1.10588647602666, 44.80077777851376], [-1.105873907381298, 44.80078158770981], [-1.105867494887639, 44.80078353115201], [-1.105867257381077, 44.8007836031334], [-1.105867240306887, 44.80078360830811], [-1.105867238546899, 44.8007836088415], [-1.105867221022258, 44.80078361415271], [-1.105867142207873, 44.80078363803908], [-1.105867067925395, 44.800783660551964], [-1.105867020267219, 44.800783674995785], [-1.105867013775581, 44.80078367696321], [-1.105866983023133, 44.80078368628339], [-1.105866958846692, 44.800783693610576], [-1.105866948510032, 44.8007836967433], [-1.105866938227418, 44.80078369985968], [-1.105866936672263, 44.80078370033101], [-1.105866934719416, 44.80078370092286], [-1.105866933538247, 44.80078370128085], [-1.105866928680314, 44.800783702753115], [-1.10586692782552, 44.80078370301219], [-1.105866927046005, 44.80078370324844], [-1.105866923653603, 44.8007837042766], [-1.105866917086869, 44.800783706266785], [-1.105866916441147, 44.8007837064625], [-1.105866916290372, 44.800783706508184], [-1.105866906590599, 44.80078370944787], [-1.105866889530472, 44.800783714618305], [-1.105866875458694, 44.800783718883075], [-1.105866866346932, 44.8007837216446], [-1.105866865109996, 44.80078372201946], [-1.105866855777335, 44.800783724847925], [-1.105866845902805, 44.800783727840596], [-1.105866822609298, 44.80078373490019], [-1.105866762028367, 44.80078375326054], [-1.105866553116785, 44.80078381657561], [-1.105866195874543, 44.800783924845426], [-1.105865671636906, 44.80078408372674], [-1.105865190236714, 44.800784229625215], [-1.105865050131921, 44.800784272086965], [-1.105864980403883, 44.80078429321951], [-1.105864935945057, 44.800784306693686], [-1.105864781968668, 44.80078435335952], [-1.105863657300971, 44.80078469421381], [-1.105861702328145, 44.80078528670959], [-1.105857884258457, 44.80078644385606], [-1.105852203091706, 44.80078816565302], [-1.10584797516532, 44.800789447014694], [-1.105845200479499, 44.800790287941254], [-1.105843086417827, 44.80079092865175], [-1.105841632980348, 44.80079136914632], [-1.105840698465762, 44.80079165237041], [-1.105840349853447, 44.80079175802462], [-1.105840295645393, 44.80079177445351], [-1.105840282874099, 44.80079177832412], [-1.105839948304978, 44.800791879722276], [-1.105839886102744, 44.80079189857395], [-1.105839872952268, 44.80079190255949], [-1.105839694758373, 44.80079195656483], [-1.105839481955327, 44.80079202105924], [-1.105839347607694, 44.80079206177609], [-1.105839340755731, 44.80079206385273], [-1.105839309895815, 44.80079207320548], [-1.105839215997034, 44.80079210166345], [-1.105839205530742, 44.800792104835466], [-1.105839203459572, 44.800792105463195], [-1.105839200258988, 44.80079210643319], [-1.1058391877199, 44.80079211023342], [-1.105839178379765, 44.800792113064155], [-1.105839173800044, 44.800792114452115], [-1.10583917342268, 44.800792114566484], [-1.105839173293995, 44.80079211460549], [-1.105839173226038, 44.80079211462608], [-1.105839172889315, 44.80079211472815], [-1.105839172462581, 44.80079211485747], [-1.105839172114847, 44.80079211496287], [-1.10583917206759, 44.80079211497717], [-1.105839172016274, 44.80079211499273], [-1.105839171955062, 44.800792115011284], [-1.10583917149001, 44.80079211515223], [-1.10583917062111, 44.80079211541557], [-1.105839169525875, 44.800792115747484], [-1.105839168204298, 44.80079211614803], [-1.105839166812942, 44.800792116569696], [-1.105839165351823, 44.800792117012534], [-1.105839163125834, 44.800792117687145], [-1.10583916013496, 44.80079211859359], [-1.105839146590766, 44.80079212269846], [-1.105839122493256, 44.80079213000171], [-1.105839030708671, 44.80079215781895], [-1.105838871237033, 44.80079220615011], [-1.105838555824333, 44.80079230174251], [-1.105838084470571, 44.80079244459609], [-1.105835848687814, 44.80079312219651], [-1.105831848475948, 44.800794334543696], [-1.105823877440104, 44.8007967503309], [-1.10581193557932, 44.800800369557194], [-1.105795115180416, 44.80080546732161], [-1.105773416240872, 44.80081204362193], [-1.105754840629702, 44.800817673329995], [-1.105739388348682, 44.8008223564475], [-1.105729983194091, 44.80082520686301], [-1.105726625167673, 44.80082622457812], [-1.105724639356041, 44.80082682641684], [-1.105724316631011, 44.80082692422492], [-1.105724134682557, 44.80082697936792], [-1.105724025759261, 44.80082701237924], [-1.105723980930971, 44.80082702596531], [-1.10572390316681, 44.80082704953325], [-1.10572371323639, 44.80082710709533], [-1.105723701787431, 44.80082711056518], [-1.105723692637962, 44.80082711333809], [-1.105723685787972, 44.80082711541411], [-1.105723680019107, 44.80082711716246], [-1.105723675331352, 44.80082711858319], [-1.105723665226554, 44.800827121645646], [-1.105723662762527, 44.8008271223924], [-1.105723658693134, 44.800827123625716], [-1.105723630104458, 44.80082713229007], [-1.105723612675989, 44.80082713757211], [-1.105723606407716, 44.80082713947183], [-1.105723204580398, 44.80082726125336], [-1.105722407194015, 44.80082750291675], [-1.105721127712331, 44.80082789068841], [-1.105719366135326, 44.80082842456837], [-1.105718463628402, 44.80082869809053], [-1.10571832756539, 44.80082873932705], [-1.10571828724481, 44.80082875154697], [-1.105718273838991, 44.800828755609835], [-1.105718227978979, 44.8008287695086], [-1.105717891040786, 44.80082887162424], [-1.105717313621664, 44.800829046622226], [-1.105716908997826, 44.800829169251294], [-1.105716865405495, 44.80082918246279], [-1.105716554987449, 44.800829276540966], [-1.105716072968115, 44.80082942262621], [-1.105715814129243, 44.800829501072315], [-1.105715444496301, 44.800829613096695], [-1.10571456986944, 44.800829878169196], [-1.105714399839564, 44.80082992970004], [-1.105713982148213, 44.800830056289435], [-1.105713604902327, 44.80083017062106], [-1.10571325145446, 44.80083027774023], [-1.105712220402852, 44.80083059022023], [-1.105710532661708, 44.80083110172264], [-1.105710413488757, 44.80083113784026], [-1.105710159260211, 44.8008312148891], [-1.105710091454399, 44.80083123543896], [-1.105709891197031, 44.80083129613077], [-1.105708838200588, 44.80083161526159], [-1.105708257224036, 44.80083179133766], [-1.105707960142903, 44.800831881373796], [-1.105707908635452, 44.8008318969841], [-1.105707905192655, 44.800831898027496], [-1.105707782106444, 44.80083193533116], [-1.105707758179311, 44.8008319425827], [-1.105707741112915, 44.80083194775503], [-1.105707719680666, 44.80083195425046], [-1.105707717915328, 44.800831954785494], [-1.105707716982462, 44.80083195506822], [-1.105707716882053, 44.800831955098644], [-1.105707705313051, 44.80083195860487], [-1.10570769902778, 44.800831960509726], [-1.105707694700867, 44.80083196182107], [-1.105707682275435, 44.80083196558685], [-1.1057073839479, 44.80083205600072], [-1.105707375314778, 44.80083205861714], [-1.105707290640983, 44.80083208427917], [-1.105706530409703, 44.80083231468179], [-1.105705988505421, 44.80083247891628], [-1.105705490894765, 44.80083262972673], [-1.10570488566875, 44.800832813152034], [-1.105702356418079, 44.80083357968979], [-1.105699615010887, 44.800834410525525], [-1.105696661447154, 44.800835305659255], [-1.105693292712841, 44.80083632661822], [-1.105689508807908, 44.800837473402346], [-1.105687247282335, 44.800838158800445], [-1.105686508136215, 44.80083838281263], [-1.105686138311756, 44.80083849489494], [-1.105686138049713, 44.80083849497436], [-1.105686137957168, 44.800838495002395], [-1.10568613780895, 44.800838495047316], [-1.105686137745633, 44.80083849506649], [-1.105686137647339, 44.80083849509631], [-1.10568613745893, 44.8008384951534], [-1.105686137261695, 44.800838495213185], [-1.105686137198968, 44.800838495232206], [-1.105686137131588, 44.80083849525262], [-1.10568613706862, 44.80083849527169], [-1.105686136975006, 44.80083849530004], [-1.105686136850757, 44.800838495337715], [-1.105686136650286, 44.80083849539847], [-1.105686136373597, 44.800838495482346], [-1.10568613502095, 44.80083849589226], [-1.105686133678367, 44.80083849629918], [-1.10568613309969, 44.80083849647455], [-1.105686132592338, 44.80083849662832], [-1.105686131246617, 44.80083849703617], [-1.10568612882455, 44.8008384977702], [-1.105686127828293, 44.80083849807215], [-1.105686120728812, 44.80083850022377], [-1.105686112508622, 44.800838502715095], [-1.105686103167705, 44.80083850554599], [-1.105686069882034, 44.800838515633856], [-1.105686012651601, 44.80083853297861], [-1.105685929112467, 44.80083855829673], [-1.105685832397015, 44.80083858760815], [-1.105685824603154, 44.800838589970255], [-1.105685819264653, 44.80083859158819], [-1.105685807588799, 44.80083859512676], [-1.105685794378211, 44.80083859913051], [-1.105685611206215, 44.800838654644245], [-1.105685304937159, 44.80083874746484], [-1.105684936806817, 44.80083885903368], [-1.105684506815163, 44.80083898935079], [-1.105683857343959, 44.80083918618529], [-1.1056829883932, 44.80083944953719], [-1.105682415222313, 44.80083962324743], [-1.1056821378313, 44.80083970731599], [-1.105681573503259, 44.80083987834626], [-1.105680722238169, 44.80084013633815], [-1.105679819544898, 44.80084040991635], [-1.105678865423438, 44.80084069908081], [-1.10567600341817, 44.800841566465245], [-1.105671233528923, 44.80084301206955], [-1.105666385818192, 44.80084448125881], [-1.105661460285965, 44.800845974033024], [-1.1056545901561, 44.80084805615321], [-1.105645775428194, 44.80085072761905], [-1.10564032898985, 44.80085237826214], [-1.105638250841621, 44.800853008083], [-1.105637627903564, 44.80085319687578], [-1.105637397897671, 44.80085326658326], [-1.105637204452659, 44.80085332521028], [-1.10563720326764, 44.80085332556943], [-1.105637200531125, 44.80085332639877], [-1.105637189822968, 44.80085332964409], [-1.105637180031942, 44.800853332611425], [-1.105637175079567, 44.80085333411233], [-1.105637172250129, 44.80085333496985], [-1.105637171946874, 44.80085333506179], [-1.105637170633869, 44.800853335459685], [-1.105637169398605, 44.80085333583406], [-1.105637168241073, 44.800853336184865], [-1.105637167608756, 44.800853336376505], [-1.105637167501659, 44.80085333640897], [-1.105637167410465, 44.8008533364366], [-1.105637167335174, 44.80085333645942], [-1.105637167283587, 44.80085333647505], [-1.105637167213817, 44.8008533364962], [-1.10563716715794, 44.800853336513136], [-1.105637166923445, 44.800853336584225], [-1.105637166510344, 44.8008533367094], [-1.105637165256588, 44.8008533370894], [-1.105637163162164, 44.800853337724156], [-1.105637146436224, 44.80085334279325], [-1.105637115078762, 44.80085335229669], [-1.105637019351964, 44.80085338130844], [-1.105636859255826, 44.800853429828514], [-1.10563670313436, 44.800853477143974], [-1.105636550987555, 44.80085352325482], [-1.105636525975048, 44.80085353083533], [-1.105636413400169, 44.800853564953215], [-1.105636386378263, 44.800853573142675], [-1.105636209306466, 44.800853626807516], [-1.105635697287075, 44.80085378198436], [-1.105635411114506, 44.80085386871418], [-1.105635183832007, 44.80085393759629], [-1.10563330995486, 44.80085450550895], [-1.105632531487009, 44.8008547414378], [-1.105632359047438, 44.80085479369874], [-1.105629977843174, 44.800855515366045], [-1.105628872974167, 44.80085585021669], [-1.10562829155681, 44.80085602642577], [-1.10562518749681, 44.80085696716748], [-1.105621628115883, 44.800858045902324], [-1.105619299700557, 44.80085875157064], [-1.105617895425366, 44.80085917716158], [-1.105617415290359, 44.80085932267514], [-1.105617115699727, 44.80085941347149], [-1.105617040547701, 44.80085943624765], [-1.10561702257859, 44.80085944169352], [-1.105616996653449, 44.8008594495506], [-1.105616976479062, 44.800859455664806], [-1.105616965290098, 44.800859459055836], [-1.105616927944671, 44.80085947037402], [-1.105616909573398, 44.80085947594179], [-1.105616895515958, 44.80085948020214], [-1.105616885772371, 44.800859483155115], [-1.105616880734648, 44.80085948468189], [-1.105616880402819, 44.80085948478244], [-1.10561688020362, 44.8008594848428], [-1.105616880137052, 44.800859484863], [-1.105616880092029, 44.80085948487664], [-1.105616879916808, 44.800859484929745], [-1.1056168796368, 44.80085948501462], [-1.105616879458916, 44.80085948506851], [-1.105616879383148, 44.800859485091465], [-1.105616877946053, 44.800859485527], [-1.105616876433873, 44.80085948598531], [-1.105616875795129, 44.800859486178894], [-1.10561687514762, 44.80085948637514], [-1.105609899077064, 44.80086160059872], [-1.10559594973287, 44.800865828196414], [-1.105583550314148, 44.800869586059456], [-1.105572700821471, 44.80087287418845], [-1.105567276074683, 44.80087451825254], [-1.105564248704078, 44.80087664308388], [-1.105558193962207, 44.800880892746406], [-1.105549111847785, 44.80088726723946], [-1.105537002358859, 44.80089576656232], [-1.105530881800642, 44.8009000624152], [-1.105530750175725, 44.80090015479913], [-1.105530666295385, 44.80090021367245], [-1.105530630159617, 44.800900239035165], [-1.105530612007911, 44.80090025177534], [-1.105530611840263, 44.80090025189302], [-1.105530608632806, 44.80090025414423], [-1.105530607316308, 44.800900255068235], [-1.105530605037696, 44.80090025666754], [-1.105530602385548, 44.800900258529026], [-1.10553060164815, 44.80090025904658], [-1.105530600473032, 44.800900259871355], [-1.105530599159422, 44.80090026079334], [-1.105530599051225, 44.80090026086928], [-1.105530598954432, 44.8009002609372], [-1.105530582724916, 44.80090027232827], [-1.105530575433049, 44.80090027744625], [-1.105530570107566, 44.800900281184056], [-1.105530512618825, 44.800900321533824], [-1.105530466737768, 44.80090035373645], [-1.105530432464394, 44.80090037779202], [-1.105530276275628, 44.80090048741664], [-1.105530155590133, 44.8009005721225], [-1.105530113249797, 44.800900601840006], [-1.105529998171475, 44.80090068261032], [-1.105529776509111, 44.800900838189094], [-1.105529640048296, 44.800900933967185], [-1.105529418919714, 44.80090108917128], [-1.105528885124033, 44.80090146382784], [-1.105528640327829, 44.80090163564359], [-1.10552853852036, 44.80090170709946], [-1.105528471394949, 44.80090175421296], [-1.105528201000781, 44.80090194399519], [-1.10552679239492, 44.80090293265701], [-1.105524180543283, 44.80090476584386], [-1.105518838118984, 44.800908515544045], [-1.105510765120985, 44.800914181757136], [-1.105500673871329, 44.800921264522636], [-1.105488564368569, 44.80092976383997], [-1.105478135853226, 44.80093708331672], [-1.105469388326533, 44.80094322295342], [-1.105464195694142, 44.80094686751142], [-1.105462557957361, 44.800948016991164], [-1.105461253164474, 44.80094893278729], [-1.105460281315532, 44.80094961489969], [-1.105459750911471, 44.80094998717482], [-1.105459661952301, 44.80095004961265], [-1.105459419645603, 44.80095021968066], [-1.105459023991354, 44.800950497378814], [-1.105458787644345, 44.80095066326383], [-1.105458710604567, 44.80095071733582], [-1.105458669633634, 44.80095074609213], [-1.105458667419273, 44.80095074764633], [-1.105458664731536, 44.80095074953279], [-1.105458662255145, 44.80095075127089], [-1.105458662204461, 44.800950751306445], [-1.105458660824482, 44.800950752275035], [-1.10545865957445, 44.80095075315238], [-1.105458657983577, 44.800950754268975], [-1.105458654351471, 44.80095075681827], [-1.105458650755548, 44.800950759342115], [-1.105458649592471, 44.800950760158436], [-1.105458649509211, 44.80095076021689], [-1.105458648648651, 44.800950760820875], [-1.105458640839282, 44.80095076630206], [-1.105458631724013, 44.8009507726998], [-1.105458598426467, 44.800950796070374], [-1.105458555211928, 44.8009508264014], [-1.105458547017183, 44.80095083215303], [-1.105458540946639, 44.80095083641379], [-1.105458478274516, 44.8009508804015], [-1.105458470846262, 44.80095088561517], [-1.105458464227413, 44.80095089026076], [-1.105458410410083, 44.800950928033586], [-1.105458280434726, 44.80095101925948], [-1.105458256078137, 44.80095103635465], [-1.105458231675218, 44.80095105348234], [-1.105458183265061, 44.800951087460014], [-1.10545818312235, 44.80095108756017], [-1.105457942069908, 44.80095125674786], [-1.105456908817863, 44.8009519819572], [-1.105455878078841, 44.80095270540276], [-1.105455447898992, 44.80095300733337], [-1.105455131919032, 44.800953229110455], [-1.105452603639504, 44.80095500363561], [-1.105451633476923, 44.800955684564194], [-1.10545061204886, 44.80095640147452], [-1.105449323979127, 44.80095730553271], [-1.105447158840626, 44.80095882517954], [-1.105446108224172, 44.80095956257621], [-1.105445555937604, 44.8009599502098], [-1.105445502412921, 44.80095998777722], [-1.105445501980925, 44.80095998808039], [-1.105445501762248, 44.80095998823389], [-1.105445501545251, 44.80095998838621], [-1.105445474693569, 44.80096000723258], [-1.105445474075519, 44.8009600076664], [-1.105445473987219, 44.80096000772834], [-1.105445473757196, 44.8009600078898], [-1.105445439447538, 44.80096003197074], [-1.105445433913863, 44.80096003585466], [-1.105445402962928, 44.80096005757824], [-1.10544537088399, 44.80096008009346], [-1.105445294585143, 44.80096013364536], [-1.105444712278984, 44.80096054234886], [-1.105443871851427, 44.80096113222006], [-1.105440942349691, 44.80096318835046], [-1.105438791990182, 44.800964697623876], [-1.105437420773018, 44.800965660040376], [-1.105436431003912, 44.80096635472982], [-1.105435822682886, 44.80096678169222], [-1.105435560857855, 44.8009669654594], [-1.105435500569802, 44.80096700777379], [-1.105435492783727, 44.8009670132386], [-1.105435489769345, 44.8009670153543], [-1.105435486937148, 44.80096701734211], [-1.105435441306443, 44.80096704936897], [-1.10543543089914, 44.800967056673535], [-1.105435421367731, 44.80096706336336], [-1.105435413741034, 44.8009670687163], [-1.105435413419624, 44.8009670689419], [-1.105435412604513, 44.800967069513995], [-1.105435410087498, 44.80096707128062], [-1.105435407428774, 44.80096707314667], [-1.105435405857232, 44.8009670742497], [-1.105435405764873, 44.800967074314535], [-1.105435405626057, 44.800967074411965], [-1.105435404639574, 44.80096707510435], [-1.105435404052896, 44.80096707551611], [-1.105435403461654, 44.80096707593109], [-1.105435402865843, 44.80096707634927], [-1.105435402435561, 44.80096707665128], [-1.105435402170803, 44.800967076837104], [-1.105435401986318, 44.800967076966586], [-1.105435401882107, 44.800967077039715], [-1.105435401797476, 44.80096707709912], [-1.105435401732415, 44.80096707714481], [-1.105435401678652, 44.80096707718254], [-1.105435401636178, 44.80096707721234], [-1.10543539924601, 44.80096707888995], [-1.105435394508145, 44.8009670822153], [-1.10543538362234, 44.80096708985574], [-1.105435366588604, 44.80096710181121], [-1.105435347802328, 44.80096711499672], [-1.105435342421148, 44.8009671187736], [-1.1054353402805, 44.80096712027609], [-1.105435339804917, 44.800967120609855], [-1.105435333905858, 44.80096712475023], [-1.10543530469803, 44.80096714525034], [-1.105433991964398, 44.80096806661886], [-1.105431402079485, 44.800969884381644], [-1.10542871958764, 44.80097176714226], [-1.105425944488854, 44.80097371490069], [-1.105424124456433, 44.800974992326665], [-1.105423259490498, 44.80097559942018], [-1.105420500773287, 44.8009775356805], [-1.105417075306194, 44.80097993991218], [-1.105416216227268, 44.8009805428736], [-1.105415848304424, 44.800980801107514], [-1.105415836856729, 44.80098080914229], [-1.105415689879262, 44.80098091230133], [-1.105413401360811, 44.800982518542895], [-1.105413294661335, 44.800982593432], [-1.105413254881136, 44.8009826213525], [-1.105413159942825, 44.80098268798683], [-1.105413125245554, 44.80098271233978], [-1.105413093919009, 44.80098273432694], [-1.105412853006263, 44.80098290341627], [-1.105412480551108, 44.80098316483119], [-1.105412397894746, 44.8009832228452], [-1.105412240975027, 44.80098333298236], [-1.105412132624381, 44.800983409030366], [-1.105412071896125, 44.80098345165371], [-1.105411961501655, 44.800983529136225], [-1.105411809226097, 44.800983636013825], [-1.105411622913568, 44.80098376678089], [-1.105411599747272, 44.8009837830406], [-1.105411595522835, 44.80098378600561], [-1.105411573686792, 44.80098380133164], [-1.10541155328507, 44.800983815651], [-1.105411548274714, 44.80098381916761], [-1.105411543541919, 44.80098382248943], [-1.105411534860441, 44.8009838285827], [-1.105411532991684, 44.800983829894314], [-1.10541153247893, 44.80098383025421], [-1.105411523518141, 44.800983836543516], [-1.105411522099078, 44.80098383753948], [-1.105411520973568, 44.800983838329486], [-1.105411516659556, 44.80098384135734], [-1.10541151377752, 44.80098384338015], [-1.105411511813888, 44.80098384475837], [-1.105411511227974, 44.800983845169576], [-1.105411511062265, 44.80098384528591], [-1.105411510843952, 44.80098384543913], [-1.1054115072234, 44.800983847980284], [-1.105411505002123, 44.80098384953935], [-1.105411504717976, 44.8009838497388], [-1.10541150460985, 44.80098384981466], [-1.105411504564136, 44.800983849846745], [-1.105411504335754, 44.800983850007036], [-1.105411503698108, 44.8009838504546], [-1.105411502479083, 44.800983851310164], [-1.105411500837304, 44.80098385246247], [-1.10541149877276, 44.800983853911525], [-1.105411495995072, 44.8009838558611], [-1.105411493416384, 44.800983857671], [-1.105411492764255, 44.8009838581287], [-1.105411492504263, 44.80098385831119], [-1.105411454949052, 44.80098388467006], [-1.105411440858172, 44.80098389456], [-1.105411427221895, 44.80098390413091], [-1.105411383329435, 44.800983934937676], [-1.105411099356635, 44.800984134249546], [-1.10541103103417, 44.80098418220301], [-1.105410973768815, 44.80098422239579], [-1.105410913708354, 44.80098426455042], [-1.105410801150925, 44.80098434355104], [-1.105410226267167, 44.80098474704442], [-1.105408907076369, 44.8009856729442], [-1.105408727787584, 44.800985798781525], [-1.105407430610871, 44.80098670923023], [-1.105405665109605, 44.80098794838158], [-1.105405523828658, 44.80098804754234], [-1.105402586799526, 44.800990108953066], [-1.105400037038253, 44.80099189855217], [-1.105399781327449, 44.800992078027704], [-1.105399578468389, 44.80099222040823], [-1.105399440451691, 44.8009923172779], [-1.105399439149754, 44.80099231819171], [-1.10539942846109, 44.80099232569377], [-1.105399350515637, 44.80099238040126], [-1.105399350255332, 44.80099238058395], [-1.10539934463204, 44.80099238453077], [-1.105399340718433, 44.800992387277624], [-1.105399338774817, 44.800992388641774], [-1.105399337207889, 44.80099238974156], [-1.10539933601765, 44.800992390576965], [-1.105399335977176, 44.80099239060536], [-1.1053993354022, 44.80099239100891], [-1.105399335361543, 44.800992391037454], [-1.10539933524451, 44.8009923911196], [-1.105399335051093, 44.80099239125534], [-1.105399334128166, 44.80099239190312], [-1.105399332475728, 44.80099239306291], [-1.105399331789819, 44.80099239354432], [-1.105399331312144, 44.800992393879596], [-1.105399330802073, 44.800992394237596], [-1.105399329107199, 44.80099239542719], [-1.10539932107792, 44.80099240106268], [-1.105399306714245, 44.80099241114411], [-1.105399238945674, 44.80099245870878], [-1.105399117772213, 44.80099254375671], [-1.105398968072922, 44.800992648826046], [-1.105398789847809, 44.80099277391675], [-1.105398443428276, 44.800993017057955], [-1.105398380865229, 44.80099306096902], [-1.105398319928549, 44.800993103738605], [-1.105398162348684, 44.80099321433907], [-1.105398160972495, 44.800993215304956], [-1.105397558315136, 44.80099363829161], [-1.105395894227554, 44.800994806263354], [-1.10539382938084, 44.80099625551548], [-1.105393480551528, 44.80099650034796], [-1.105393327665685, 44.800996607653815], [-1.105390441652481, 44.800998633257095], [-1.105389875417733, 44.800999030679705], [-1.105389144182526, 44.80099954391103], [-1.105387236187879, 44.80100088307318], [-1.105382606071901, 44.80100413280736], [-1.105376551304091, 44.80100838245944], [-1.105373523919861, 44.80101050728534], [-1.105371929606005, 44.80101174207262], [-1.105370760388343, 44.8010126476252], [-1.105369863432355, 44.80101334231259], [-1.105368740978111, 44.80101421164712], [-1.105368141326271, 44.80101467607408], [-1.10536774942837, 44.80101497959678], [-1.105365923120678, 44.80101639406169], [-1.105364504589609, 44.80101749270585], [-1.105364440345403, 44.801017542462624], [-1.105363476033789, 44.801018289316374], [-1.105362032017744, 44.8010194076984], [-1.105361846014626, 44.80101955175677], [-1.105361759120262, 44.801019619055936], [-1.105361656413467, 44.801019698601756], [-1.105361391096754, 44.80101990408798], [-1.105360772380196, 44.801020383280346], [-1.105360683575856, 44.80102045205878], [-1.105360626267173, 44.80102049644402], [-1.105360203777338, 44.80102082365992], [-1.105360053311686, 44.80102094019467], [-1.105359956291114, 44.80102101533653], [-1.105359912715595, 44.80102104908552], [-1.10535988864588, 44.801021067727376], [-1.10535988408198, 44.801021071262085], [-1.105359881572914, 44.80102107320533], [-1.105359881118693, 44.80102107355713], [-1.105359880690636, 44.801021073888656], [-1.105359880444131, 44.80102107407958], [-1.105359880351979, 44.801021074150945], [-1.105359880288739, 44.80102107419993], [-1.105359880093161, 44.80102107435138], [-1.105359879909346, 44.801021074493775], [-1.105359879699963, 44.80102107465592], [-1.105359878924288, 44.80102107525667], [-1.105359877943388, 44.80102107601638], [-1.105359876757268, 44.80102107693503], [-1.105359875992842, 44.80102107752707], [-1.105359875650129, 44.80102107779251], [-1.105359875379835, 44.80102107800184], [-1.105359875238678, 44.80102107811116], [-1.105359875181966, 44.80102107815508], [-1.105359875002469, 44.80102107829411], [-1.10535987484134, 44.801021078418884], [-1.105359874632203, 44.801021078580874], [-1.10535987454948, 44.80102107864494], [-1.105359874429692, 44.80102107873771], [-1.105359874284684, 44.801021078850034], [-1.10535987412687, 44.80102107897227], [-1.105359872884172, 44.801021079934735], [-1.105359870821385, 44.80102108153231], [-1.105359862103924, 44.80102108828394], [-1.105359859423028, 44.801021090360294], [-1.105359858419756, 44.80102109113732], [-1.105359857335598, 44.801021091977], [-1.105359853111541, 44.80102109524851], [-1.105359835679276, 44.801021108749694], [-1.105359798801773, 44.80102113731109], [-1.105359784131065, 44.80102114867347], [-1.105359754014465, 44.801021171998606], [-1.105359715684642, 44.80102120168484], [-1.105359698960223, 44.8010212146378], [-1.105359613425307, 44.801021280884065], [-1.105359508892627, 44.80102136184403], [-1.105359472306987, 44.801021390179365], [-1.105359465546121, 44.80102139541563], [-1.105359440416448, 44.80102141487841], [-1.105359304607057, 44.80102152006199], [-1.105359296222302, 44.801021526555935], [-1.105359295076892, 44.801021527443034], [-1.10535907287397, 44.80102169953789], [-1.105358923472098, 44.801021815248745], [-1.105358828007899, 44.80102188918522], [-1.10535875910436, 44.8010219425506], [-1.105358648225893, 44.80102202842532], [-1.10535855874345, 44.80102209772892], [-1.10535835376803, 44.80102225648116], [-1.105357825170966, 44.801022665876445], [-1.105357173313151, 44.80102317073644], [-1.105356233575516, 44.801023898557595], [-1.105355005958049, 44.80102484933995], [-1.105353306707668, 44.80102616539906], [-1.105352656183417, 44.801026669226125], [-1.105351794123971, 44.80102733688588], [-1.105351135824297, 44.80102784673493], [-1.105350160150726, 44.801028602388094], [-1.105349682064622, 44.80102897266281], [-1.105349548040671, 44.80102907646353], [-1.105348543356845, 44.80102985458488], [-1.105347989137992, 44.80103028382391], [-1.105347885384137, 44.80103036418066], [-1.105347795546158, 44.8010304337596], [-1.105347752856233, 44.80103046682268], [-1.105347746478884, 44.80103047176192], [-1.105347719624071, 44.80103049256079], [-1.105347672559289, 44.80103052901218], [-1.105347665439142, 44.80103053452671], [-1.105347661173295, 44.80103053783055], [-1.105347654351796, 44.80103054311376], [-1.105347648644886, 44.80103054753372], [-1.105347644450335, 44.80103055078238], [-1.105347643780004, 44.801030551301565], [-1.105347640843893, 44.80103055357554], [-1.105347639333983, 44.80103055474495], [-1.10534763929728, 44.8010305547734], [-1.105347639250266, 44.801030554809806], [-1.105347639170673, 44.80103055487143], [-1.10534763909521, 44.80103055492991], [-1.105347638853712, 44.801030555116945], [-1.10534763844617, 44.80103055543259], [-1.105347638207209, 44.80103055561765], [-1.10534763813683, 44.801030555672156], [-1.105347637995363, 44.80103055578171], [-1.105347637782813, 44.80103055594634], [-1.105347637550303, 44.8010305561264], [-1.105347636848148, 44.80103055667023], [-1.105347634651781, 44.8010305583713], [-1.105347628602241, 44.801030563056614], [-1.105347491525302, 44.80103066922187], [-1.105347223420952, 44.80103087686702], [-1.105345535116436, 44.801032184448225], [-1.10534242661158, 44.80103459196542], [-1.10533946936168, 44.80103688233639], [-1.105337819934691, 44.80103815980684], [-1.105337157044142, 44.8010386732112], [-1.105336663366773, 44.80103905556108], [-1.105335188411428, 44.80104019790426], [-1.105333727056869, 44.801041329713655], [-1.105332071738316, 44.80104261174677], [-1.105330935801655, 44.80104349152207], [-1.105329487268839, 44.801044613400926], [-1.105325694475657, 44.801047550893244], [-1.105324166451122, 44.80104873433763], [-1.105323626969507, 44.8010491521624], [-1.105321131618739, 44.801051084794096], [-1.105319433122776, 44.80105240026721], [-1.105319198795501, 44.80105258175203], [-1.105318383168187, 44.80105321344956], [-1.1053169907715, 44.80105429185084], [-1.105316985336201, 44.80105429606045], [-1.105316979660451, 44.80105430045628], [-1.105316954428835, 44.80105431999799], [-1.105316668898506, 44.80105454113916], [-1.105316134180524, 44.801054955274445], [-1.105315803232028, 44.80105521159165], [-1.105315745450204, 44.801055256343254], [-1.105315717505916, 44.8010552779859], [-1.10531567605304, 44.801055310090845], [-1.10531563518891, 44.80105534173982], [-1.105315623398414, 44.801055350871486], [-1.105315606382397, 44.80105536405029], [-1.10531560440157, 44.801055365584396], [-1.105315599197294, 44.80105536961507], [-1.105315594220092, 44.801055373469886], [-1.105315588117662, 44.80105537819617], [-1.1053155880751, 44.801055378229144], [-1.105315588034505, 44.801055378260564], [-1.105315587995904, 44.80105537829048], [-1.105315587950495, 44.80105537832565], [-1.105315587895308, 44.80105537836838], [-1.105315587865053, 44.801055378391816], [-1.105315587802333, 44.801055378440374], [-1.105315587722267, 44.80105537850239], [-1.10531558765511, 44.801055378554416], [-1.105315587416022, 44.8010553787396], [-1.105315587004994, 44.80105537905791], [-1.105315586506471, 44.801055379444044], [-1.105315585920447, 44.801055379897896], [-1.10531558162637, 44.80105538322364], [-1.105315577114008, 44.801055386718424], [-1.105315576936614, 44.8010553868558], [-1.105315573624271, 44.8010553894212], [-1.105315246991963, 44.80105564239557], [-1.105315027290513, 44.80105581255276], [-1.105314930742786, 44.80105588732828], [-1.105314627744971, 44.801056121997895], [-1.105314339819552, 44.80105634499404], [-1.105313652981901, 44.80105687694482], [-1.105312721389454, 44.801057598456374], [-1.105312436775182, 44.80105781888806], [-1.105312198404703, 44.80105800350424], [-1.105310567011192, 44.801059267006565], [-1.105309163465877, 44.80106035404204], [-1.105307987768794, 44.80106126461074], [-1.105307397573718, 44.80106172171243], [-1.105307392880691, 44.801061725347125], [-1.105307392803925, 44.80106172540659], [-1.105307392430107, 44.80106172569613], [-1.105307390500501, 44.801061727190586], [-1.105307390433139, 44.80106172724271], [-1.105307390325177, 44.801061727326356], [-1.105307390176605, 44.80106172744144], [-1.105307390080173, 44.80106172751613], [-1.105307390035896, 44.80106172755041], [-1.105307389959977, 44.80106172760923], [-1.105307389852421, 44.801061727692506], [-1.10530738969538, 44.80106172781414], [-1.105307389488853, 44.80106172797408], [-1.105307389264678, 44.80106172814772], [-1.10530738902287, 44.801061728334986], [-1.105307387234861, 44.801061729719784], [-1.105307387017799, 44.80106172988792], [-1.105307383572429, 44.80106173255632], [-1.105307372913367, 44.80106174081168], [-1.10530731871347, 44.801061782789084], [-1.10530730209301, 44.801061795661525], [-1.105307272761477, 44.80106181837858], [-1.105307220972759, 44.801061858488545], [-1.10530689392126, 44.80106211178749], [-1.105306337558958, 44.80106254268595], [-1.105302199411983, 44.80106574764955], [-1.105294479479186, 44.801071726677925], [-1.105287984693089, 44.80107675683828], [-1.105282715054309, 44.801080838130815], [-1.10527981353859, 44.801083085330866], [-1.105279440447237, 44.80108337428702], [-1.105279290343487, 44.80108349054114], [-1.105279280146461, 44.80108349843864], [-1.105278874794615, 44.80108381238031], [-1.105278850384479, 44.801083831285766], [-1.105278847344282, 44.80108383364037], [-1.105278597483064, 44.801084027155795], [-1.105278413343275, 44.80108416977053], [-1.105278322375247, 44.80108424022451], [-1.105278271119794, 44.80108427992143], [-1.105278264867529, 44.80108428476376], [-1.105278260582703, 44.80108428808229], [-1.105278259576919, 44.801084288861276], [-1.105278253043977, 44.801084293920994], [-1.105278251520961, 44.801084295100566], [-1.105278250299107, 44.80108429604689], [-1.105278250102205, 44.80108429619938], [-1.105278250018823, 44.801084296263944], [-1.105278249378407, 44.80108429675996], [-1.105278249060629, 44.80108429700608], [-1.105278249012926, 44.80108429704302], [-1.105278248905516, 44.801084297126216], [-1.105278248643081, 44.801084297329474], [-1.105278248605957, 44.80108429735821], [-1.105278248563586, 44.801084297391036], [-1.105278248457985, 44.801084297472826], [-1.105278248370705, 44.80108429754042], [-1.105278247954913, 44.80108429786244], [-1.105278247585515, 44.80108429814856], [-1.105278247503386, 44.801084298212146], [-1.105278247150399, 44.80108429848554], [-1.105278246846076, 44.80108429872122], [-1.10527824660584, 44.80108429890728], [-1.105278246150041, 44.8010842992603], [-1.105278245533186, 44.80108429973804], [-1.105278245406226, 44.80108429983637], [-1.105278245299859, 44.80108429991876], [-1.105278242382981, 44.80108430217786], [-1.105278240018094, 44.80108430400943], [-1.105278239802149, 44.8010843041767], [-1.105278236782552, 44.80108430651534], [-1.105278225354579, 44.8010843153662], [-1.10527820809904, 44.801084328730475], [-1.105278192636787, 44.80108434070586], [-1.105278178967817, 44.80108435129235], [-1.105278151075928, 44.801084372894415], [-1.105278150159297, 44.801084373604326], [-1.105278133143391, 44.801084386783], [-1.105278108961114, 44.80108440551199], [-1.105278095595205, 44.80108441586377], [-1.105278088469902, 44.80108442138227], [-1.105278032170811, 44.80108446498542], [-1.105277920705017, 44.80108455131476], [-1.105276270654308, 44.80108582926527], [-1.105274832614794, 44.8010869430148], [-1.105274131129286, 44.80108748630942], [-1.105273082018511, 44.801088298836845], [-1.105271487700497, 44.801089533622616], [-1.10527132645641, 44.80108987837119], [-1.105271003968237, 44.801090567868314], [-1.105270520235941, 44.80109160211397], [-1.105270455738307, 44.80109174001339], [-1.105270127235851, 44.8010924423693], [-1.105269875259537, 44.801092981108205], [-1.105269441140788, 44.801093909277384], [-1.10526921787971, 44.80109438662155], [-1.105269055858921, 44.80109473303068], [-1.105269017862288, 44.80109481426952], [-1.105269005907117, 44.80109483983033], [-1.105268805222998, 44.801095268903715], [-1.105268622969052, 44.801095658572414], [-1.10526845914528, 44.80109600883641], [-1.105268315465479, 44.80109631603151], [-1.105268262148076, 44.80109643002695], [-1.105268234223932, 44.80109648973028], [-1.105268191929641, 44.80109658015772], [-1.105268125413174, 44.80109672237349], [-1.105268122213238, 44.80109672921512], [-1.105268120092128, 44.801096733750164], [-1.105268115916061, 44.80109674267885], [-1.105268107960513, 44.80109675968822], [-1.105268101546532, 44.80109677340166], [-1.105268100730901, 44.801096775145496], [-1.10526809906142, 44.801096778714964], [-1.105268093978472, 44.801096789582566], [-1.105268092669526, 44.80109679238116], [-1.105268092027767, 44.8010967937533], [-1.105268085256339, 44.801096808230966], [-1.105268080655626, 44.80109681806753], [-1.105268080176362, 44.801096819092216], [-1.105268079930945, 44.80109681961692], [-1.1052680799058, 44.80109681967069], [-1.1052680798902, 44.80109681970405], [-1.105268079870622, 44.80109681974591], [-1.105268079831184, 44.80109681983022], [-1.105268079760173, 44.80109681998205], [-1.105268079617146, 44.80109682028784], [-1.10526807940211, 44.80109682074762], [-1.105268078969082, 44.80109682167343], [-1.105268078318057, 44.80109682306536], [-1.105268076521934, 44.80109682690558], [-1.105268075863017, 44.80109682831438], [-1.105268075537573, 44.8010968290102], [-1.105268073580704, 44.801096833194094], [-1.105268042774712, 44.80109689905897], [-1.105267984103966, 44.801097024500116], [-1.105267945117984, 44.80109710785424], [-1.105267919328964, 44.80109716299255], [-1.105267870536921, 44.801097267312535], [-1.10526770207358, 44.80109762749617], [-1.105267439983968, 44.80109818785773], [-1.105267270838512, 44.801098549499734], [-1.105266972865382, 44.801099186582185], [-1.105266671876324, 44.80109983011282], [-1.105266429504383, 44.80110034831691], [-1.105265682912233, 44.80110194457058], [-1.105264554203153, 44.80110435781046], [-1.105263586738151, 44.801106426301715], [-1.105262922791551, 44.80110784585456], [-1.10526256236338, 44.801108616468944], [-1.105262366285964, 44.801109035692775], [-1.105262334559294, 44.801109103526066], [-1.105262250123159, 44.80110928405494], [-1.105262112977554, 44.801109577279455], [-1.105262013377708, 44.80110979022916], [-1.105261951323605, 44.80110992290409], [-1.105261912642117, 44.801110005607136], [-1.105261897333235, 44.80111003833834], [-1.10526188964636, 44.80111005477328], [-1.105261889581467, 44.80111005491206], [-1.105261889117388, 44.80111005590427], [-1.105261888254117, 44.80111005774999], [-1.105261881632638, 44.80111007190706], [-1.105261869252959, 44.80111009837547], [-1.105261850560379, 44.80111013834118], [-1.105261825554907, 44.8011101918042], [-1.105261651807983, 44.801110563284254], [-1.105261329319593, 44.80111125278132], [-1.105261168075392, 44.80111159752987], [-1.105261696709809, 44.80111424309252], [-1.105262753978836, 44.801119534217825], [-1.105264339882865, 44.801127470905655], [-1.105266454422493, 44.801138053155995], [-1.105269097598497, 44.801151280968746], [-1.105272269411863, 44.80116715434372], [-1.105275969863772, 44.80118567328076], [-1.105280198955592, 44.80120683777978], [-1.105283899414375, 44.801225356715904], [-1.105287071238743, 44.80124123008935], [-1.105289714427517, 44.801254457900356], [-1.105291828979715, 44.801265040148984], [-1.105293414894546, 44.801272976835364], [-1.105294472171436, 44.80127826795956], [-1.105295000809973, 44.80128091352165], [-1.105296219331609, 44.80128585989725], [-1.10529865637568, 44.80129575264834], [-1.105300043134592, 44.801301381949855], [-1.105300430422676, 44.801302954076775], [-1.105300533086531, 44.80130337082235], [-1.105301849463602, 44.80130871441943], [-1.105302574863069, 44.801311659048125], [-1.105302709284692, 44.8013122047085], [-1.105302780331501, 44.80131249311022], [-1.105302781229498, 44.80131249675546], [-1.105302782445499, 44.80131250169157], [-1.105302788003493, 44.80131252425325], [-1.10530280173344, 44.801312579987496], [-1.105302821521362, 44.801312660313016], [-1.105302832040978, 44.801312703015505], [-1.105302832590919, 44.801312705247895], [-1.105302832824137, 44.80131270619461], [-1.10530283329227, 44.801312708094905], [-1.105302834296342, 44.80131271217075], [-1.105302834490523, 44.80131271295899], [-1.10530283455742, 44.80131271323054], [-1.105302835053198, 44.80131271524304], [-1.10530283559027, 44.80131271742323], [-1.105302835907586, 44.801312718711266], [-1.105302836125391, 44.801312719595416], [-1.105302836243701, 44.801312720075686], [-1.105302836313253, 44.80131272035802], [-1.105302836334045, 44.801312720442425], [-1.105302836343201, 44.80131272047958], [-1.105302836350882, 44.801312720510786], [-1.105302836363778, 44.80131272056311], [-1.105302836821075, 44.801312722419446], [-1.105302837291401, 44.801312724328646], [-1.105302837743677, 44.80131272616458], [-1.105302840490578, 44.80131273731514], [-1.105302846040195, 44.8013127598428], [-1.105302849578496, 44.80131277420591], [-1.10530285016319, 44.80131277657935], [-1.10530285019876, 44.80131277672375], [-1.105302850570655, 44.801312778233395], [-1.105302866761496, 44.8013128439572], [-1.1053029568366, 44.80131320960083], [-1.105303120388488, 44.80131387351021], [-1.105303608684309, 44.801315855658906], [-1.105304421724167, 44.80131915604686], [-1.105306026954544, 44.80132567218728], [-1.105308424376147, 44.80133540408005], [-1.105310185318337, 44.80134255229873], [-1.105311212202284, 44.801346720742835], [-1.105311260121913, 44.80134691526361], [-1.105311309780521, 44.80134711684346], [-1.105311352927236, 44.80134729198949], [-1.105311625627299, 44.801348398964414], [-1.105311994152135, 44.80134989492207], [-1.10531223843302, 44.801350886534564], [-1.10531241652852, 44.80135160947982], [-1.105312528438615, 44.80135206375787], [-1.105312599247226, 44.80135235119212], [-1.105312628954343, 44.80135247178263], [-1.105312653240399, 44.80135257036729], [-1.105312672105388, 44.80135264694614], [-1.10531268176473, 44.80135268615644], [-1.105312682218429, 44.80135268799814], [-1.105312682502668, 44.80135268915197], [-1.105312682617453, 44.80135268961792], [-1.105312682692311, 44.801352689921806], [-1.105312682719353, 44.80135269003153], [-1.105312682727254, 44.801352690063595], [-1.10531268274668, 44.80135269014252], [-1.10531268299806, 44.801352691162904], [-1.105312683022152, 44.80135269126072], [-1.105312683363559, 44.80135269264656], [-1.105312683956213, 44.80135269505237], [-1.105312684069875, 44.80135269551375], [-1.105312684585491, 44.801352697606795], [-1.105312685313255, 44.801352700561026], [-1.105312685529831, 44.80135270144015], [-1.105312685811926, 44.801352702585255], [-1.105312686753993, 44.8013527064094], [-1.105312687042846, 44.80135270758195], [-1.105312694317354, 44.80135273711147], [-1.105312701055189, 44.80135276446243], [-1.105312706300187, 44.80135278575349], [-1.105312707635471, 44.80135279117383], [-1.105312758599569, 44.80135299805299], [-1.105312819059963, 44.801353243480655], [-1.105312844156517, 44.801353345355395], [-1.105312847209653, 44.80135335774902], [-1.105312867429954, 44.80135343982954], [-1.105312886085886, 44.80135351555979], [-1.105313144683654, 44.801354565288804], [-1.105313651021606, 44.801356620672316], [-1.105313924805231, 44.80135773204534], [-1.105313941723167, 44.801357800720496], [-1.105314013447217, 44.80135809187077], [-1.105314231960483, 44.80135897888408], [-1.10531559873586, 44.80136452704975], [-1.105316470567854, 44.80136806608574], [-1.10531653558892, 44.80136833002638], [-1.105318113774223, 44.80137473636764], [-1.105320099783401, 44.80138279818925], [-1.10532155676284, 44.801388712514616], [-1.105322369674301, 44.80139201237031], [-1.105322538517503, 44.80139269775636], [-1.105322684006244, 44.80139328833945], [-1.105322806140501, 44.80139378411962], [-1.105322877716976, 44.80139407467031], [-1.105322898735657, 44.80139415999154], [-1.105322900905872, 44.80139416880108], [-1.105322904976358, 44.801394185324476], [-1.105322909246968, 44.80139420266014], [-1.105322909259257, 44.80139420271003], [-1.105322909271992, 44.80139420276177], [-1.105322909309244, 44.80139420291295], [-1.105322909371005, 44.80139420316368], [-1.105322909491761, 44.801394203653835], [-1.1053229096715, 44.80139420438344], [-1.105322909875069, 44.801394205209796], [-1.105322910102469, 44.801394206132876], [-1.105322910191497, 44.80139420649427], [-1.105322910258762, 44.801394206767334], [-1.105322910315873, 44.801394206999156], [-1.105322910515283, 44.80139420780863], [-1.105322912849427, 44.80139421728362], [-1.1053229173183, 44.80139423542414], [-1.105322931534568, 44.80139429313232], [-1.105322955498246, 44.80139439040816], [-1.105323012922044, 44.80139462350885], [-1.105323103805961, 44.801394992434304], [-1.105323143751682, 44.801395154586146], [-1.105323296475706, 44.80139577453942], [-1.105323442476219, 44.8013963671999], [-1.105323453230402, 44.8013964108544], [-1.105323500343522, 44.8013966021009], [-1.105324028932856, 44.80139874780556], [-1.105325521499902, 44.80140480658743], [-1.105327920178081, 44.801414543545405], [-1.105331556576199, 44.80142930477342], [-1.1053364306967, 44.80144909027113], [-1.105341304821521, 44.80146887576825], [-1.105343819871619, 44.80147908508454], [-1.105344038386065, 44.80147997209772], [-1.105346178950658, 44.801488661264806], [-1.105352046295492, 44.80151341720914], [-1.105358906859712, 44.80154314360077], [-1.105366760647736, 44.80157784043907], [-1.105375607664628, 44.80161750772345], [-1.105384229374345, 44.80165719908018], [-1.105392625776402, 44.801696914509364], [-1.105400796870349, 44.801736654011066], [-1.105408742655723, 44.80177641758535], [-1.105416463132056, 44.80181620523233], [-1.105423958298888, 44.80185601695191], [-1.105431228155733, 44.80189585274432], [-1.105438272702148, 44.801935712609506], [-1.105445091937648, 44.80197559654754], [-1.105451685861786, 44.802015504558504], [-1.105458054474077, 44.80205543664244], [-1.105461027434981, 44.80207477285518], [-1.105461936143836, 44.8020806831167], [-1.105464197774052, 44.80209539279939], [-1.105467924196321, 44.802119629491166], [-1.105468622039748, 44.80212416826922], [-1.105469573171627, 44.802130354435306], [-1.105469711247276, 44.80213125247979], [-1.105470240442195, 44.80213469436494], [-1.105474180662753, 44.802160321550744], [-1.105477270395977, 44.80218041714524], [-1.1054788423667, 44.80219064121944], [-1.105479630193571, 44.80219576523166], [-1.105479632193874, 44.802195778241604], [-1.105479632552652, 44.80219578057506], [-1.105479633875977, 44.80219578918195], [-1.105479635122879, 44.80219579729177], [-1.105479635313257, 44.80219579852998], [-1.105479635724936, 44.80219580120753], [-1.105479635740449, 44.80219580130847], [-1.105479635833065, 44.80219580191085], [-1.105479635878628, 44.802195802207194], [-1.105479635892605, 44.80219580229803], [-1.10547963600279, 44.80219580301466], [-1.105479636769078, 44.802195807998636], [-1.105479638131948, 44.80219581686271], [-1.105479648220798, 44.80219588248039], [-1.105479657150078, 44.80219594055629], [-1.105479663121526, 44.80219597939448], [-1.105479667035621, 44.80219600485167], [-1.105479674755159, 44.80219605505941], [-1.105479694892217, 44.8021961860304], [-1.105479743748638, 44.802196503791684], [-1.105479878359836, 44.80219737930041], [-1.105480616185806, 44.802202178106086], [-1.105481957226996, 44.80221090020859], [-1.105483395665781, 44.80222025577867], [-1.105484931502306, 44.80223024481628], [-1.105485699420853, 44.80223523933505], [-1.105486276143285, 44.80223812539925], [-1.105487429588383, 44.802243897527624], [-1.105489159756613, 44.802252555720095], [-1.105491466648675, 44.80226409997657], [-1.105494350265512, 44.80227853029696], [-1.105497810608278, 44.80229584668104], [-1.105501847678393, 44.80231604912864], [-1.105506461477483, 44.80233913763956], [-1.105510498555779, 44.80235934008605], [-1.105513958911643, 44.80237665646837], [-1.105516842543669, 44.80239108678666], [-1.105519149450696, 44.80240263104109], [-1.105520879631784, 44.80241128923182], [-1.105522033086231, 44.80241706135891], [-1.105522609813572, 44.802419947422436], [-1.105522995341828, 44.80242072503183], [-1.105523766398363, 44.80242228025056], [-1.105524555386488, 44.80242387163719], [-1.105525362306216, 44.80242549919168], [-1.105525702753118, 44.80242618587196], [-1.105525880744344, 44.80242654487966], [-1.105525907946151, 44.80242659974562], [-1.105525913094217, 44.80242661012922], [-1.105525946399555, 44.80242667730598], [-1.105526192306249, 44.80242717329895], [-1.105526266373924, 44.8024273226932], [-1.105526308244779, 44.802427407146574], [-1.105526374147722, 44.80242754007255], [-1.105526393450119, 44.80242757900545], [-1.105526414565369, 44.802427621594816], [-1.10552645347057, 44.80242770006649], [-1.105526585377281, 44.80242796612184], [-1.105526769867861, 44.802428338238705], [-1.105526864494895, 44.80242852910106], [-1.105526869258368, 44.80242853870899], [-1.105526872188799, 44.80242854461966], [-1.105526873181517, 44.80242854662198], [-1.105526873635286, 44.802428547537225], [-1.105526877625658, 44.802428555585806], [-1.10552688002281, 44.80242856042082], [-1.105526880826734, 44.80242856204234], [-1.105526881533955, 44.802428563468844], [-1.105526882144486, 44.80242856470024], [-1.105526882454231, 44.802428565325], [-1.105526882484918, 44.80242856538692], [-1.105526882513306, 44.80242856544417], [-1.105526882533659, 44.80242856548523], [-1.105526882640406, 44.80242856570053], [-1.105526882736154, 44.802428565893635], [-1.105526882755716, 44.802428565933106], [-1.105526882800532, 44.8024285660235], [-1.105526882836536, 44.80242856609611], [-1.105526882852091, 44.80242856612751], [-1.105526882889565, 44.802428566203076], [-1.105526882924908, 44.802428566274386], [-1.105526882939775, 44.80242856630434], [-1.105526882957121, 44.802428566339344], [-1.105526883010071, 44.80242856644615], [-1.10552688307816, 44.80242856658348], [-1.105526883100466, 44.80242856662844], [-1.10552688332424, 44.8024285670798], [-1.105526883381429, 44.80242856719517], [-1.105526883429463, 44.80242856729205], [-1.105526883681391, 44.802428567800185], [-1.105526883983738, 44.80242856841001], [-1.10552688415835, 44.80242856876222], [-1.105526884191636, 44.80242856882935], [-1.105526884231267, 44.80242856890927], [-1.105526884844042, 44.80242857014523], [-1.105526884881628, 44.802428570221075], [-1.105526885000588, 44.802428570461], [-1.105526885822068, 44.80242857211794], [-1.105526890729946, 44.802428582017086], [-1.105526893610796, 44.802428587827755], [-1.105526895091234, 44.8024285908138], [-1.105526896772684, 44.80242859420527], [-1.105526900684931, 44.80242860209626], [-1.105526912651518, 44.802428626232825], [-1.105527000112086, 44.8024288026405], [-1.10552715747293, 44.80242912003674], [-1.105527587412552, 44.80242998722339], [-1.105527981337387, 44.80243078176828], [-1.105528234409978, 44.80243129221475], [-1.105528289930994, 44.80243140420043], [-1.105528661279411, 44.80243215320875], [-1.105528661629556, 44.802432153915], [-1.105528663930193, 44.80243215855539], [-1.105528701457782, 44.80243223424841], [-1.105528755219982, 44.80243234268654], [-1.105528822566002, 44.80243247852319], [-1.105528857492817, 44.802432548970444], [-1.105528860000427, 44.80243255402831], [-1.105528861863762, 44.80243255778662], [-1.105528862725626, 44.802432559525], [-1.105528863009772, 44.80243256009811], [-1.105528863082827, 44.80243256024545], [-1.105528863796432, 44.80243256168482], [-1.105528863813055, 44.80243256171831], [-1.105528863872408, 44.80243256183805], [-1.105528864004576, 44.802432562104634], [-1.105528864152467, 44.802432562402934], [-1.105528864240097, 44.80243256257969], [-1.105528864308443, 44.80243256271752], [-1.105528864357511, 44.80243256281649], [-1.105528864395777, 44.80243256289368], [-1.105528864423245, 44.8024325629491], [-1.105528864446624, 44.80243256299624], [-1.105528864465921, 44.802432563035154], [-1.105528864483394, 44.8024325630704], [-1.105528864499046, 44.80243256310196], [-1.105528864576971, 44.802432563259124], [-1.105528864695832, 44.8024325634989], [-1.105528864717151, 44.8024325635419], [-1.105528866291824, 44.802432566718], [-1.1055288670693, 44.802432568286164], [-1.10552886717492, 44.802432568499185], [-1.10552886930099, 44.802432572787474], [-1.105528871299216, 44.80243257681787], [-1.105528871890458, 44.80243257801043], [-1.105528871996667, 44.80243257822464], [-1.105528872286501, 44.802432578809245], [-1.10552887803528, 44.80243259040449], [-1.105528881122678, 44.80243259663177], [-1.105528882254885, 44.80243259891541], [-1.10552888854555, 44.802432611603656], [-1.105528895056701, 44.80243262473666], [-1.10552889525413, 44.80243262513486], [-1.105528895969169, 44.80243262657709], [-1.105528897568756, 44.80243262980345], [-1.105528900244634, 44.80243263520071], [-1.105528901581073, 44.80243263789628], [-1.105528901811082, 44.802432638360195], [-1.105528903084347, 44.80243264092835], [-1.105528919778214, 44.802432674599814], [-1.105528938001215, 44.802432711355564], [-1.10552894131546, 44.802432718040386], [-1.10552895032623, 44.80243273621508], [-1.105529304295382, 44.802433450169424], [-1.105529469228621, 44.80243378283914], [-1.105529478888785, 44.802433802323634], [-1.105529981685688, 44.8024348164629], [-1.105530759704007, 44.8024363857226], [-1.105531638350388, 44.802438157948544], [-1.105532166746043, 44.80243922372023], [-1.105532344890939, 44.802439583037675], [-1.105532366361889, 44.80243962634448], [-1.105532397662185, 44.80243968947703], [-1.10553254035667, 44.80243997729119], [-1.105532753143244, 44.802440406480706], [-1.10553289303494, 44.802440688641596], [-1.105532911899513, 44.802440726691366], [-1.105532920519601, 44.80244074407806], [-1.105532960031778, 44.80244082377389], [-1.105533014187341, 44.80244093300546], [-1.105533055501646, 44.80244101633619], [-1.105533076891073, 44.80244105947856], [-1.105533078222431, 44.802441062163936], [-1.105533078337442, 44.8024410623959], [-1.105533078355616, 44.80244106243256], [-1.10553307850018, 44.80244106272415], [-1.105533078888455, 44.802441063507274], [-1.105533079415284, 44.8024410645699], [-1.105533080070084, 44.80244106589062], [-1.105533080547038, 44.80244106685263], [-1.105533080825722, 44.80244106741473], [-1.105533080846145, 44.80244106745593], [-1.105533081006584, 44.80244106777953], [-1.105533081028372, 44.80244106782349], [-1.105533081043351, 44.80244106785372], [-1.105533081083838, 44.802441067935355], [-1.105533081132442, 44.80244106803342], [-1.105533081235329, 44.80244106824092], [-1.105533081258171, 44.802441068287], [-1.10553308128609, 44.802441068343306], [-1.105533081417129, 44.802441068607614], [-1.105533081646691, 44.802441069070646], [-1.105533081782264, 44.802441069344106], [-1.105533082620968, 44.80244107103577], [-1.105533084341362, 44.802441074505765], [-1.105533086943444, 44.80244107975418], [-1.105533089384996, 44.802441084678776], [-1.105533091666021, 44.80244108927959], [-1.105533105856643, 44.80244111790199], [-1.105533131956852, 44.80244117054601], [-1.10553316284693, 44.80244123285113], [-1.105533198526857, 44.80244130481741], [-1.105533263427393, 44.80244143572148], [-1.105533357548533, 44.802441625563354], [-1.10553404715675, 44.80244301649985], [-1.105535332252156, 44.80244560853091], [-1.10553592776725, 44.80244680968177], [-1.105536015977602, 44.8024469876016], [-1.105536067782213, 44.80244709209122], [-1.105536070228962, 44.80244709702631], [-1.105536081248177, 44.80244711925202], [-1.105536253746815, 44.802447467180876], [-1.105536380941786, 44.802447723732435], [-1.105536449367112, 44.80244786174596], [-1.105536500444089, 44.80244796476798], [-1.105536534172726, 44.80244803279846], [-1.10553655361022, 44.80244807200378], [-1.105536557272657, 44.80244807939087], [-1.105536557439034, 44.802448079726474], [-1.105536558756595, 44.80244808238396], [-1.105536559746909, 44.80244808438141], [-1.10553656004613, 44.80244808498497], [-1.105536561555265, 44.80244808802886], [-1.105536562006258, 44.80244808893854], [-1.105536562097463, 44.802448089122485], [-1.105536562141558, 44.8024480892114], [-1.105536562257143, 44.80244808944457], [-1.105536562307918, 44.802448089547], [-1.105536562361544, 44.80244808965514], [-1.105536562418035, 44.802448089769065], [-1.105536562581217, 44.80244809009824], [-1.105536562672787, 44.80244809028291], [-1.105536562752925, 44.80244809044455], [-1.105536562851106, 44.80244809064257], [-1.105536563032646, 44.802448091008756], [-1.105536563066546, 44.80244809107713], [-1.105536563094218, 44.80244809113294], [-1.105536563125842, 44.802448091196716], [-1.105536590189034, 44.802448145783025], [-1.105536644222213, 44.8024482547677], [-1.105536687747074, 44.80244834255708], [-1.105536726362359, 44.80244842044389], [-1.105537011167331, 44.80244899489401], [-1.105537691024401, 44.80245036616203], [-1.105538390779768, 44.80245177756471], [-1.105539110433434, 44.802453229102035], [-1.105539618228512, 44.80245425332179], [-1.105539914164983, 44.80245485022391], [-1.105540002586753, 44.8024550285701], [-1.10554005486865, 44.80245513402239], [-1.105540063935806, 44.802455152310785], [-1.105540064045943, 44.802455152532936], [-1.105540067540988, 44.802455159582394], [-1.105540070018125, 44.802455164578774], [-1.105540071367239, 44.80245516729994], [-1.105540072294327, 44.80245516916985], [-1.105540072799379, 44.80245517018853], [-1.105540073064643, 44.80245517072356], [-1.105540073090101, 44.80245517077494], [-1.105540073119141, 44.802455170833525], [-1.105540073151768, 44.80245517089933], [-1.105540073205292, 44.80245517100728], [-1.105540073221601, 44.80245517104021], [-1.105540073279709, 44.8024551711574], [-1.105540073401816, 44.80245517140371], [-1.105540073482011, 44.80245517156543], [-1.105540073518506, 44.802455171639025], [-1.105540073571613, 44.80245517174614], [-1.105540073845885, 44.802455172299354], [-1.105540073935431, 44.802455172479974], [-1.105540074001531, 44.802455172613286], [-1.105540074224633, 44.80245517306329], [-1.105540128990929, 44.802455283526584], [-1.105540238144757, 44.80245550368922], [-1.105540406952431, 44.80245584417328], [-1.105540635413945, 44.80245630497881], [-1.105540772490859, 44.80245658146207], [-1.10554077726373, 44.80245659108894], [-1.105540781548702, 44.80245659973169], [-1.105540818183161, 44.80245667362316], [-1.105540827842394, 44.80245669310581], [-1.10554083982928, 44.80245671728328], [-1.105540866731232, 44.802456771544364], [-1.105540918135074, 44.80245687522561], [-1.105540920591302, 44.80245688017978], [-1.105540931190531, 44.80245690155834], [-1.105540972394694, 44.802456984666904], [-1.105540994002809, 44.80245702825035], [-1.105540999604754, 44.802457039549445], [-1.105541029510063, 44.80245709986826], [-1.105541059101681, 44.8024571595544], [-1.105541059988194, 44.80245716134246], [-1.105541060355204, 44.80245716208272], [-1.105541061169545, 44.80245716372522], [-1.105541062034545, 44.80245716546994], [-1.105541062738585, 44.802457166889994], [-1.105541063446504, 44.802457168317865], [-1.105541065932583, 44.80245717333227], [-1.105541067740586, 44.80245717697901], [-1.105541068870521, 44.80245717925807], [-1.10554106926737, 44.802457180058504], [-1.105541069305306, 44.80245718013501], [-1.10554106957778, 44.80245718068459], [-1.105541069744313, 44.80245718102051], [-1.105541069788909, 44.80245718111044], [-1.105541069862366, 44.80245718125862], [-1.105541069908346, 44.802457181351365], [-1.105541069936263, 44.802457181407654], [-1.105541070040498, 44.80245718161791], [-1.105541070112163, 44.80245718176245], [-1.105541070160054, 44.80245718185904], [-1.105541070184184, 44.802457181907734], [-1.105541071409212, 44.80245718437859], [-1.105541073835145, 44.802457189271685], [-1.105541081779107, 44.80245720529461], [-1.10554109214724, 44.802457226207046], [-1.105541105439831, 44.80245725301815], [-1.105541166223259, 44.802457375617934], [-1.105541219360903, 44.80245748279625]], [[-0.990245991081783, 44.887451703181895], [-0.992019064033981, 44.88783844095206], [-0.993679595362215, 44.88806484632791], [-0.995227568966694, 44.888130925098466], [-0.99631913361651, 44.8877286247309], [-0.996954272414855, 44.88685795952665], [-0.997729844309231, 44.886288135783936], [-0.998645856520714, 44.886019150573816], [-1.000777086359891, 44.88556432543575], [-1.004123486336747, 44.88492358660387], [-1.007333397937572, 44.88461285974096], [-1.010406879130462, 44.88463215647297], [-1.013401247702671, 44.884659734578534], [-1.01631650461246, 44.8846956008584], [-1.019178652353487, 44.883244625240586], [-1.021987480762981, 44.8803068119672], [-1.023494582336276, 44.878339089568705], [-1.023700158195216, 44.8773415143417], [-1.024109965176758, 44.87594920227911], [-1.024723983061509, 44.874162150245375], [-1.024895042501528, 44.87222962148306], [-1.024623189848267, 44.87015161662814], [-1.024642611887963, 44.869030253521174], [-1.024953285038217, 44.86886553472228], [-1.026111111500506, 44.8675289403741], [-1.028115969184303, 44.865020441494565], [-1.030314966208406, 44.86409853035863], [-1.032708270927266, 44.86476319422051], [-1.034425021481941, 44.86486814669666], [-1.035465160855038, 44.86441342254777], [-1.036681441003828, 44.86342338865517], [-1.038073821393605, 44.86189803858441], [-1.039617913752914, 44.86072967606774], [-1.041313735647596, 44.859918294860776], [-1.04243956105761, 44.85888037231575], [-1.042995408867694, 44.85761592603466], [-1.041952950306902, 44.85643502764342], [-1.039312283109632, 44.85533762732289], [-1.037089449738117, 44.8543106422931], [-1.035284417278554, 44.85335410014086], [-1.03417824175783, 44.8530696263271], [-1.033770870538907, 44.85345724461284], [-1.03267503267665, 44.853630870498655], [-1.030890734929675, 44.85359048218784], [-1.028621704697123, 44.85314224493087], [-1.02586800566762, 44.852286125341], [-1.023043963395556, 44.853234734592824], [-1.020149312535667, 44.855988068885694], [-1.017891763317711, 44.857139566742234], [-1.016271535222065, 44.856689268903374], [-1.014274878080503, 44.85627964743053], [-1.011901796530341, 44.855910680611025], [-1.007819928436833, 44.855722482249405], [-1.002029259010852, 44.85571485179479], [-0.997258783852407, 44.85585276875166], [-0.993508467972839, 44.856136373996165], [-0.990184216364559, 44.85676948104967], [-0.98728598106702, 44.85775213124156], [-0.984249849823468, 44.85843917390009], [-0.981075864803281, 44.85883059652255], [-0.977903050078053, 44.85882715650837], [-0.974731472821929, 44.858428852577994], [-0.971532650201599, 44.85789238804907], [-0.968306607272396, 44.85721775973853], [-0.966121278358111, 44.85719442646205], [-0.964976583222258, 44.85782245541463], [-0.964628556155819, 44.85907121417071], [-0.965077243690875, 44.8609407081407], [-0.966009116508216, 44.862646526855286], [-0.967424209299365, 44.864188657213], [-0.969125655763658, 44.865543913882604], [-0.971113458543646, 44.86671228330695], [-0.971569361631672, 44.86797743682032], [-0.970493263474724, 44.86933939637613], [-0.970732558476889, 44.870684562852986], [-0.972287341534059, 44.872012925275534], [-0.974644564567114, 44.87242974117112], [-0.977804129858788, 44.8719349588775], [-0.98076023858867, 44.8725223862211], [-0.983513059470731, 44.8741920357126], [-0.984624948803354, 44.87538946743627], [-0.984095767279813, 44.8761147379886], [-0.982908496467608, 44.87712001602279], [-0.981063085749979, 44.878405279497315], [-0.980484037217472, 44.87935601536518], [-0.981171422961008, 44.87997224391698], [-0.982508455388411, 44.88060601229015], [-0.984495158883374, 44.88125729494718], [-0.986505338389016, 44.88161908247422], [-0.988538962502876, 44.8816913743798], [-0.989457689094014, 44.88245532297138], [-0.989261508893341, 44.883910956835166], [-0.98921242548901, 44.8852936610712], [-0.989310449317436, 44.886603435881895], [-0.990245991081783, 44.887451703181895]], [[-1.084772142137557, 44.88402824479825], [-1.086692367679372, 44.88474218175103], [-1.08774889231562, 44.884773137240316], [-1.087941674730265, 44.88412113844777], [-1.087614633764678, 44.88349582021106], [-1.086767786472925, 44.882897177314376], [-1.086310869528374, 44.88222828734132], [-1.086243870769914, 44.88148915557788], [-1.086143160137663, 44.88058139899537], [-1.086008741202576, 44.87950501710313], [-1.085851635492973, 44.87851715986067], [-1.085671842889702, 44.87761782734976], [-1.08593981239623, 44.877046470852584], [-1.086655533894905, 44.87680308751434], [-1.087067554374777, 44.8767331128304], [-1.087175878589103, 44.876836550330715], [-1.087532936806581, 44.87710241492562], [-1.088138736072098, 44.87753070382073], [-1.088578348425788, 44.87787109044646], [-1.088851768479508, 44.878123577081304], [-1.089177271950385, 44.87826490438658], [-1.089554857206881, 44.878295071940755], [-1.089890892915736, 44.87830326403437], [-1.090185378645674, 44.878289481078895], [-1.090660039869289, 44.8782476936597], [-1.091314875572771, 44.87817789933252], [-1.092184540136857, 44.87806759984118], [-1.09326903063873, 44.877916789856734], [-1.093943116813029, 44.87763370755342], [-1.094206800048263, 44.87721836079157], [-1.094267898727591, 44.876719002679835], [-1.094126418267316, 44.87613563337445], [-1.094052947139736, 44.87584080935608], [-1.094047482562275, 44.87583453100362], [-1.094098810647216, 44.87570471712984], [-1.094206930768435, 44.875451367630426], [-1.09473012970337, 44.87504504734621], [-1.095668394765201, 44.87448575015778], [-1.096245099341373, 44.87393629733348], [-1.096460254125017, 44.87339669466687], [-1.09701988878517, 44.872963869111935], [-1.097923998438219, 44.87263781531431], [-1.098438445958654, 44.872181096690355], [-1.098563237458851, 44.87159371876186], [-1.09866217548979, 44.87127266916681], [-1.098735261340352, 44.87121794812997], [-1.098744039012274, 44.87105184194237], [-1.098688509148172, 44.87077435056838], [-1.098719698587554, 44.870558909219696], [-1.098837606346449, 44.87040551786683], [-1.099251787901017, 44.87012371170624], [-1.099962236297002, 44.86971348727325], [-1.100333516113284, 44.869502580862466], [-1.100365634736732, 44.86949099603436], [-1.100135472689272, 44.86908594579167], [-1.099643041651226, 44.8682874278201], [-1.098933749707938, 44.86779405166717], [-1.098007590163047, 44.86760581335557], [-1.096680022655195, 44.86783352373254], [-1.094951013887062, 44.868477167945436], [-1.093143276470619, 44.86872732974893], [-1.09125684700859, 44.86858400448696], [-1.090291367961004, 44.86819896920044], [-1.090246832447094, 44.86757224944943], [-1.090609166015193, 44.86675864391435], [-1.091378348451151, 44.865758148453516], [-1.090921540912614, 44.865089268467415], [-1.089238778412713, 44.86475198755701], [-1.087471118979467, 44.86459594658499], [-1.08561854612077, 44.86462114163075], [-1.084754033753794, 44.864942876430106], [-1.08487758485531, 44.865561175326924], [-1.085001139537835, 44.86617947373701], [-1.085124697801515, 44.8667977716604], [-1.084688815464514, 44.86764788990152], [-1.083693463175067, 44.868729821637345], [-1.082695941906028, 44.869842234211646], [-1.081696250123009, 44.87098512752395], [-1.080802808405286, 44.87155197563026], [-1.080015645322983, 44.87154278135032], [-1.079493698373853, 44.87170146101405], [-1.079236965136829, 44.87202801860328], [-1.079160164100384, 44.87251142878011], [-1.079263299770835, 44.873151691690836], [-1.079290315873002, 44.873720854059115], [-1.079241209709446, 44.87421891608456], [-1.079190306381763, 44.87476997279106], [-1.079137605885504, 44.87537402411529], [-1.079221888079783, 44.87585788334813], [-1.07944315560496, 44.87622155022333], [-1.079562175005849, 44.87663130601936], [-1.079578944440405, 44.877087151085775], [-1.079604546737725, 44.87740124623318], [-1.079638981557451, 44.87757359155481], [-1.079786308728839, 44.87770101928156], [-1.080046528649331, 44.87778352893815], [-1.080191975210371, 44.877829646239995], [-1.080222647814232, 44.877839371683734], [-1.080362474184866, 44.87803339241484], [-1.080611457094938, 44.878411707861666], [-1.080754266251885, 44.87887033436452], [-1.080790899885391, 44.87940927232031], [-1.081142837017794, 44.87980281193721], [-1.081810081306371, 44.88005095006245], [-1.082267288892626, 44.8802092574962], [-1.082514455587357, 44.88027773712078], [-1.082617672339443, 44.88024055704129], [-1.082576938860318, 44.88009771768352], [-1.082740201488483, 44.88001554228327], [-1.083107459860069, 44.87999402989935], [-1.083452046468132, 44.88010694029389], [-1.083773963752503, 44.880354273609505], [-1.083871816268817, 44.88051982448333], [-1.083745601483148, 44.88060359362772], [-1.083714879431103, 44.88140192491344], [-1.083779656800542, 44.88291481709901], [-1.084772142137557, 44.88402824479825]], [[-1.128650281956969, 44.809665956908], [-1.129232846523265, 44.80914440586905], [-1.129671155435533, 44.80889010516929], [-1.129965216407676, 44.808903056612216], [-1.130367043839832, 44.808830406467735], [-1.130876635560991, 44.80867215351994], [-1.131207192415728, 44.808451602140074], [-1.131358715440483, 44.80816875398372], [-1.131449047570311, 44.807996144724406], [-1.131478189771306, 44.80793377454108], [-1.131331229618861, 44.807771764114435], [-1.131008169560901, 44.80751011261321], [-1.130508896468647, 44.80740804659653], [-1.12983340702966, 44.80746556363158], [-1.129441803732195, 44.80748527480067], [-1.129334087538681, 44.80746718329032], [-1.129107012412376, 44.807424840354834], [-1.128760578955994, 44.807358245198], [-1.128233618431446, 44.80732578831682], [-1.127526130288766, 44.80732746698244], [-1.127119900842407, 44.807482045462294], [-1.127014929279575, 44.80778952725221], [-1.126921599638934, 44.808103168709756], [-1.126839912096804, 44.80842296985859], [-1.126750963750509, 44.808706517437635], [-1.126654754594933, 44.80895381144996], [-1.126709931587526, 44.80922933762469], [-1.126916497106141, 44.80953309565488], [-1.127354583402404, 44.80974541530161], [-1.128024190948453, 44.80986629367163], [-1.128650281956969, 44.809665956908]], [[-1.07679127789847, 44.88140232780601], [-1.077464541680462, 44.88098888296532], [-1.078104154558445, 44.88057901512254], [-1.078854234596855, 44.880206207927095], [-1.07933060746624, 44.879667231676], [-1.079335797110749, 44.87934931031072], [-1.07921639171604, 44.87875169835091], [-1.078659041927047, 44.878713384600275], [-1.077928293137113, 44.8790108955613], [-1.077245503892717, 44.8793765342742], [-1.076783224971556, 44.88015812826006], [-1.076570967598232, 44.880815455734144], [-1.07679127789847, 44.88140232780601]]]}}]}