{
"type": "FeatureCollection",
"name": "zone_active_points",
"crs": { "type": "name", "properties": { "name": "urn:ogc:def:crs:OGC:1.3:CRS84" } },
"features": [
{ "type": "Feature", "properties": { "lat": 44.7757, "lon": -1.20657, "frp": 4.94, "fetch_timestamp": "2026-07-26T03:10:00" }, "geometry": { "type": "Point", "coordinates": [ -1.20657, 44.7757 ] } },
{ "type": "Feature", "properties": { "lat": 44.77876, "lon": -1.21231, "frp": 7.09, "fetch_timestamp": "2026-07-26T03:10:00" }, "geometry": { "type": "Point", "coordinates": [ -1.21231, 44.77876 ] } },
{ "type": "Feature", "properties": { "lat": 44.93284, "lon": -1.09166, "frp": 9.0, "fetch_timestamp": "2026-07-26T03:10:00" }, "geometry": { "type": "Point", "coordinates": [ -1.09166, 44.93284 ] } },
{ "type": "Feature", "properties": { "lat": 44.93469, "lon": -1.08575, "frp": 10.67, "fetch_timestamp": "2026-07-26T03:10:00" }, "geometry": { "type": "Point", "coordinates": [ -1.08575, 44.93469 ] } },
{ "type": "Feature", "properties": { "lat": 44.93647, "lon": -1.08835, "frp": 8.62, "fetch_timestamp": "2026-07-26T03:10:00" }, "geometry": { "type": "Point", "coordinates": [ -1.08835, 44.93647 ] } },
{ "type": "Feature", "properties": { "lat": 44.93655, "lon": -1.04634, "frp": 14.01, "fetch_timestamp": "2026-07-26T03:10:00" }, "geometry": { "type": "Point", "coordinates": [ -1.04634, 44.93655 ] } },
{ "type": "Feature", "properties": { "lat": 44.94016, "lon": -1.04705, "frp": 6.16, "fetch_timestamp": "2026-07-26T03:10:00" }, "geometry": { "type": "Point", "coordinates": [ -1.04705, 44.94016 ] } },
{ "type": "Feature", "properties": { "lat": 44.94025, "lon": -1.08926, "frp": 4.96, "fetch_timestamp": "2026-07-26T03:10:00" }, "geometry": { "type": "Point", "coordinates": [ -1.08926, 44.94025 ] } },
{ "type": "Feature", "properties": { "lat": 44.94387, "lon": -1.05643, "frp": 12.39, "fetch_timestamp": "2026-07-26T03:10:00" }, "geometry": { "type": "Point", "coordinates": [ -1.05643, 44.94387 ] } },
{ "type": "Feature", "properties": { "lat": 44.94571, "lon": -1.05059, "frp": 6.16, "fetch_timestamp": "2026-07-26T03:10:00" }, "geometry": { "type": "Point", "coordinates": [ -1.05059, 44.94571 ] } },
{ "type": "Feature", "properties": { "lat": 44.94579, "lon": -1.05916, "frp": 8.53, "fetch_timestamp": "2026-07-26T03:10:00" }, "geometry": { "type": "Point", "coordinates": [ -1.05916, 44.94579 ] } },
{ "type": "Feature", "properties": { "lat": 44.94754, "lon": -1.04472, "frp": 6.16, "fetch_timestamp": "2026-07-26T03:10:00" }, "geometry": { "type": "Point", "coordinates": [ -1.04472, 44.94754 ] } },
{ "type": "Feature", "properties": { "lat": 44.94951, "lon": -1.04749, "frp": 6.58, "fetch_timestamp": "2026-07-26T03:10:00" }, "geometry": { "type": "Point", "coordinates": [ -1.04749, 44.94951 ] } },
{ "type": "Feature", "properties": { "lat": 44.76537, "lon": -1.0317, "frp": 12.37, "fetch_timestamp": "2026-07-26T03:10:00" }, "geometry": { "type": "Point", "coordinates": [ -1.0317, 44.76537 ] } },
{ "type": "Feature", "properties": { "lat": 44.77013, "lon": -0.96944, "frp": 34.67, "fetch_timestamp": "2026-07-26T03:10:00" }, "geometry": { "type": "Point", "coordinates": [ -0.96944, 44.77013 ] } },
{ "type": "Feature", "properties": { "lat": 44.77302, "lon": -1.10778, "frp": 13.36, "fetch_timestamp": "2026-07-26T03:10:00" }, "geometry": { "type": "Point", "coordinates": [ -1.10778, 44.77302 ] } },
{ "type": "Feature", "properties": { "lat": 44.77654, "lon": -0.94494, "frp": 15.38, "fetch_timestamp": "2026-07-26T03:10:00" }, "geometry": { "type": "Point", "coordinates": [ -0.94494, 44.77654 ] } },
{ "type": "Feature", "properties": { "lat": 44.78008, "lon": -0.95813, "frp": 28.47, "fetch_timestamp": "2026-07-26T03:10:00" }, "geometry": { "type": "Point", "coordinates": [ -0.95813, 44.78008 ] } },
{ "type": "Feature", "properties": { "lat": 44.78167, "lon": -0.96027, "frp": 22.77, "fetch_timestamp": "2026-07-26T03:10:00" }, "geometry": { "type": "Point", "coordinates": [ -0.96027, 44.78167 ] } },
{ "type": "Feature", "properties": { "lat": 44.80277, "lon": -0.98224, "frp": 12.38, "fetch_timestamp": "2026-07-26T03:10:00" }, "geometry": { "type": "Point", "coordinates": [ -0.98224, 44.80277 ] } },
{ "type": "Feature", "properties": { "lat": 44.80353, "lon": -1.09548, "frp": 6.54, "fetch_timestamp": "2026-07-26T03:10:00" }, "geometry": { "type": "Point", "coordinates": [ -1.09548, 44.80353 ] } },
{ "type": "Feature", "properties": { "lat": 44.82753, "lon": -0.95397, "frp": 20.74, "fetch_timestamp": "2026-07-26T03:10:00" }, "geometry": { "type": "Point", "coordinates": [ -0.95397, 44.82753 ] } },
{ "type": "Feature", "properties": { "lat": 44.84241, "lon": -0.93697, "frp": 12.83, "fetch_timestamp": "2026-07-26T03:10:00" }, "geometry": { "type": "Point", "coordinates": [ -0.93697, 44.84241 ] } },
{ "type": "Feature", "properties": { "lat": 44.8458, "lon": -1.13272, "frp": 7.62, "fetch_timestamp": "2026-07-26T03:10:00" }, "geometry": { "type": "Point", "coordinates": [ -1.13272, 44.8458 ] } },
{ "type": "Feature", "properties": { "lat": 44.84978, "lon": -1.13953, "frp": 30.08, "fetch_timestamp": "2026-07-26T03:10:00" }, "geometry": { "type": "Point", "coordinates": [ -1.13953, 44.84978 ] } },
{ "type": "Feature", "properties": { "lat": 44.8498, "lon": -1.02049, "frp": 11.3, "fetch_timestamp": "2026-07-26T03:10:00" }, "geometry": { "type": "Point", "coordinates": [ -1.02049, 44.8498 ] } },
{ "type": "Feature", "properties": { "lat": 44.86183, "lon": -0.92049, "frp": 4.1, "fetch_timestamp": "2026-07-26T03:10:00" }, "geometry": { "type": "Point", "coordinates": [ -0.92049, 44.86183 ] } },
{ "type": "Feature", "properties": { "lat": 44.8644, "lon": -1.10042, "frp": 7.78, "fetch_timestamp": "2026-07-26T03:10:00" }, "geometry": { "type": "Point", "coordinates": [ -1.10042, 44.8644 ] } },
{ "type": "Feature", "properties": { "lat": 44.86519, "lon": -1.17302, "frp": 6.99, "fetch_timestamp": "2026-07-26T03:10:00" }, "geometry": { "type": "Point", "coordinates": [ -1.17302, 44.86519 ] } },
{ "type": "Feature", "properties": { "lat": 44.86752, "lon": -0.9659, "frp": 3.72, "fetch_timestamp": "2026-07-26T03:10:00" }, "geometry": { "type": "Point", "coordinates": [ -0.9659, 44.86752 ] } },
{ "type": "Feature", "properties": { "lat": 44.86841, "lon": -1.1698, "frp": 5.26, "fetch_timestamp": "2026-07-26T03:10:00" }, "geometry": { "type": "Point", "coordinates": [ -1.1698, 44.86841 ] } },
{ "type": "Feature", "properties": { "lat": 44.86964, "lon": -1.17362, "frp": 7.77, "fetch_timestamp": "2026-07-26T03:10:00" }, "geometry": { "type": "Point", "coordinates": [ -1.17362, 44.86964 ] } },
{ "type": "Feature", "properties": { "lat": 44.87603, "lon": -0.97342, "frp": 11.29, "fetch_timestamp": "2026-07-26T03:10:00" }, "geometry": { "type": "Point", "coordinates": [ -0.97342, 44.87603 ] } },
{ "type": "Feature", "properties": { "lat": 44.87774, "lon": -0.9761, "frp": 10.45, "fetch_timestamp": "2026-07-26T03:10:00" }, "geometry": { "type": "Point", "coordinates": [ -0.9761, 44.87774 ] } },
{ "type": "Feature", "properties": { "lat": 44.87819, "lon": -0.96981, "frp": 14.8, "fetch_timestamp": "2026-07-26T03:10:00" }, "geometry": { "type": "Point", "coordinates": [ -0.96981, 44.87819 ] } },
{ "type": "Feature", "properties": { "lat": 44.88052, "lon": -0.97405, "frp": 11.29, "fetch_timestamp": "2026-07-26T03:10:00" }, "geometry": { "type": "Point", "coordinates": [ -0.97405, 44.88052 ] } },
{ "type": "Feature", "properties": { "lat": 44.88759, "lon": -1.00035, "frp": 4.96, "fetch_timestamp": "2026-07-26T03:10:00" }, "geometry": { "type": "Point", "coordinates": [ -1.00035, 44.88759 ] } },
{ "type": "Feature", "properties": { "lat": 44.89074, "lon": -1.11039, "frp": 7.11, "fetch_timestamp": "2026-07-26T03:10:00" }, "geometry": { "type": "Point", "coordinates": [ -1.11039, 44.89074 ] } },
{ "type": "Feature", "properties": { "lat": 44.89831, "lon": -1.1302, "frp": 3.57, "fetch_timestamp": "2026-07-26T03:10:00" }, "geometry": { "type": "Point", "coordinates": [ -1.1302, 44.89831 ] } },
{ "type": "Feature", "properties": { "lat": 44.90697, "lon": -0.94833, "frp": 12.22, "fetch_timestamp": "2026-07-26T03:10:00" }, "geometry": { "type": "Point", "coordinates": [ -0.94833, 44.90697 ] } },
{ "type": "Feature", "properties": { "lat": 44.93121, "lon": -0.98993, "frp": 10.78, "fetch_timestamp": "2026-07-26T03:10:00" }, "geometry": { "type": "Point", "coordinates": [ -0.98993, 44.93121 ] } },
{ "type": "Feature", "properties": { "lat": 44.94051, "lon": -1.0482, "frp": 22.16, "fetch_timestamp": "2026-07-26T03:10:00" }, "geometry": { "type": "Point", "coordinates": [ -1.0482, 44.94051 ] } },
{ "type": "Feature", "properties": { "lat": 44.94405, "lon": -1.06131, "frp": 15.49, "fetch_timestamp": "2026-07-26T03:10:00" }, "geometry": { "type": "Point", "coordinates": [ -1.06131, 44.94405 ] } },
{ "type": "Feature", "properties": { "lat": 44.74623, "lon": -1.02193, "frp": 1.82, "fetch_timestamp": "2026-07-26T03:10:00" }, "geometry": { "type": "Point", "coordinates": [ -1.02193, 44.74623 ] } },
{ "type": "Feature", "properties": { "lat": 44.749, "lon": -0.91965, "frp": 2.0, "fetch_timestamp": "2026-07-26T03:10:00" }, "geometry": { "type": "Point", "coordinates": [ -0.91965, 44.749 ] } },
{ "type": "Feature", "properties": { "lat": 44.75051, "lon": -1.02693, "frp": 6.82, "fetch_timestamp": "2026-07-26T03:10:00" }, "geometry": { "type": "Point", "coordinates": [ -1.02693, 44.75051 ] } },
{ "type": "Feature", "properties": { "lat": 44.75531, "lon": -0.942, "frp": 14.28, "fetch_timestamp": "2026-07-26T03:10:00" }, "geometry": { "type": "Point", "coordinates": [ -0.942, 44.75531 ] } },
{ "type": "Feature", "properties": { "lat": 44.75925, "lon": -1.00688, "frp": 1.67, "fetch_timestamp": "2026-07-26T03:10:00" }, "geometry": { "type": "Point", "coordinates": [ -1.00688, 44.75925 ] } },
{ "type": "Feature", "properties": { "lat": 44.76506, "lon": -0.99351, "frp": 1.11, "fetch_timestamp": "2026-07-26T03:10:00" }, "geometry": { "type": "Point", "coordinates": [ -0.99351, 44.76506 ] } },
{ "type": "Feature", "properties": { "lat": 44.76772, "lon": -0.89139, "frp": 0.65, "fetch_timestamp": "2026-07-26T03:10:00" }, "geometry": { "type": "Point", "coordinates": [ -0.89139, 44.76772 ] } },
{ "type": "Feature", "properties": { "lat": 44.7678, "lon": -1.01685, "frp": 4.01, "fetch_timestamp": "2026-07-26T03:10:00" }, "geometry": { "type": "Point", "coordinates": [ -1.01685, 44.7678 ] } },
{ "type": "Feature", "properties": { "lat": 44.77087, "lon": -0.98015, "frp": 2.26, "fetch_timestamp": "2026-07-26T03:10:00" }, "geometry": { "type": "Point", "coordinates": [ -0.98015, 44.77087 ] } },
{ "type": "Feature", "properties": { "lat": 44.7713, "lon": -0.89054, "frp": 0.65, "fetch_timestamp": "2026-07-26T03:10:00" }, "geometry": { "type": "Point", "coordinates": [ -0.89054, 44.7713 ] } },
{ "type": "Feature", "properties": { "lat": 44.77155, "lon": -0.98598, "frp": 0.62, "fetch_timestamp": "2026-07-26T03:10:00" }, "geometry": { "type": "Point", "coordinates": [ -0.98598, 44.77155 ] } },
{ "type": "Feature", "properties": { "lat": 44.77454, "lon": -1.20257, "frp": 1.89, "fetch_timestamp": "2026-07-26T03:10:00" }, "geometry": { "type": "Point", "coordinates": [ -1.20257, 44.77454 ] } },
{ "type": "Feature", "properties": { "lat": 44.7759, "lon": -1.21442, "frp": 1.96, "fetch_timestamp": "2026-07-26T03:10:00" }, "geometry": { "type": "Point", "coordinates": [ -1.21442, 44.7759 ] } },
{ "type": "Feature", "properties": { "lat": 44.77953, "lon": -1.21358, "frp": 1.96, "fetch_timestamp": "2026-07-26T03:10:00" }, "geometry": { "type": "Point", "coordinates": [ -1.21358, 44.77953 ] } },
{ "type": "Feature", "properties": { "lat": 44.7809, "lon": -1.22549, "frp": 1.54, "fetch_timestamp": "2026-07-26T03:10:00" }, "geometry": { "type": "Point", "coordinates": [ -1.22549, 44.7809 ] } },
{ "type": "Feature", "properties": { "lat": 44.78232, "lon": -0.98343, "frp": 1.62, "fetch_timestamp": "2026-07-26T03:10:00" }, "geometry": { "type": "Point", "coordinates": [ -0.98343, 44.78232 ] } },
{ "type": "Feature", "properties": { "lat": 44.78315, "lon": -0.9593, "frp": 1.92, "fetch_timestamp": "2026-07-26T03:10:00" }, "geometry": { "type": "Point", "coordinates": [ -0.9593, 44.78315 ] } },
{ "type": "Feature", "properties": { "lat": 44.79019, "lon": -0.98757, "frp": 2.5, "fetch_timestamp": "2026-07-26T03:10:00" }, "geometry": { "type": "Point", "coordinates": [ -0.98757, 44.79019 ] } },
{ "type": "Feature", "properties": { "lat": 44.79737, "lon": -0.98588, "frp": 2.65, "fetch_timestamp": "2026-07-26T03:10:00" }, "geometry": { "type": "Point", "coordinates": [ -0.98588, 44.79737 ] } },
{ "type": "Feature", "properties": { "lat": 44.79971, "lon": -1.09972, "frp": 13.55, "fetch_timestamp": "2026-07-26T03:10:00" }, "geometry": { "type": "Point", "coordinates": [ -1.09972, 44.79971 ] } },
{ "type": "Feature", "properties": { "lat": 44.80264, "lon": -1.22044, "frp": 0.7, "fetch_timestamp": "2026-07-26T03:10:00" }, "geometry": { "type": "Point", "coordinates": [ -1.22044, 44.80264 ] } },
{ "type": "Feature", "properties": { "lat": 44.80626, "lon": -1.2196, "frp": 0.72, "fetch_timestamp": "2026-07-26T03:10:00" }, "geometry": { "type": "Point", "coordinates": [ -1.2196, 44.80626 ] } },
{ "type": "Feature", "properties": { "lat": 44.80988, "lon": -1.21875, "frp": 0.72, "fetch_timestamp": "2026-07-26T03:10:00" }, "geometry": { "type": "Point", "coordinates": [ -1.21875, 44.80988 ] } },
{ "type": "Feature", "properties": { "lat": 44.81281, "lon": -1.21194, "frp": 1.62, "fetch_timestamp": "2026-07-26T03:10:00" }, "geometry": { "type": "Point", "coordinates": [ -1.21194, 44.81281 ] } },
{ "type": "Feature", "properties": { "lat": 44.81351, "lon": -1.21792, "frp": 0.81, "fetch_timestamp": "2026-07-26T03:10:00" }, "geometry": { "type": "Point", "coordinates": [ -1.21792, 44.81351 ] } },
{ "type": "Feature", "properties": { "lat": 44.81575, "lon": -1.20518, "frp": 1.62, "fetch_timestamp": "2026-07-26T03:10:00" }, "geometry": { "type": "Point", "coordinates": [ -1.20518, 44.81575 ] } },
{ "type": "Feature", "properties": { "lat": 44.81799, "lon": -1.19246, "frp": 0.97, "fetch_timestamp": "2026-07-26T03:10:00" }, "geometry": { "type": "Point", "coordinates": [ -1.19246, 44.81799 ] } },
{ "type": "Feature", "properties": { "lat": 44.82161, "lon": -1.19162, "frp": 0.97, "fetch_timestamp": "2026-07-26T03:10:00" }, "geometry": { "type": "Point", "coordinates": [ -1.19162, 44.82161 ] } },
{ "type": "Feature", "properties": { "lat": 44.82384, "lon": -1.17898, "frp": 0.55, "fetch_timestamp": "2026-07-26T03:10:00" }, "geometry": { "type": "Point", "coordinates": [ -1.17898, 44.82384 ] } },
{ "type": "Feature", "properties": { "lat": 44.829, "lon": -1.15955, "frp": 1.46, "fetch_timestamp": "2026-07-26T03:10:00" }, "geometry": { "type": "Point", "coordinates": [ -1.15955, 44.829 ] } },
{ "type": "Feature", "properties": { "lat": 44.82969, "lon": -1.16544, "frp": 1.42, "fetch_timestamp": "2026-07-26T03:10:00" }, "geometry": { "type": "Point", "coordinates": [ -1.16544, 44.82969 ] } },
{ "type": "Feature", "properties": { "lat": 44.83625, "lon": -0.9408, "frp": 2.38, "fetch_timestamp": "2026-07-26T03:10:00" }, "geometry": { "type": "Point", "coordinates": [ -0.9408, 44.83625 ] } },
{ "type": "Feature", "properties": { "lat": 44.85101, "lon": -1.02602, "frp": 4.02, "fetch_timestamp": "2026-07-26T03:10:00" }, "geometry": { "type": "Point", "coordinates": [ -1.02602, 44.85101 ] } },
{ "type": "Feature", "properties": { "lat": 44.85943, "lon": -0.93998, "frp": 2.25, "fetch_timestamp": "2026-07-26T03:10:00" }, "geometry": { "type": "Point", "coordinates": [ -0.93998, 44.85943 ] } },
{ "type": "Feature", "properties": { "lat": 44.86097, "lon": -0.92168, "frp": 1.87, "fetch_timestamp": "2026-07-26T03:10:00" }, "geometry": { "type": "Point", "coordinates": [ -0.92168, 44.86097 ] } },
{ "type": "Feature", "properties": { "lat": 44.86644, "lon": -0.96828, "frp": 4.22, "fetch_timestamp": "2026-07-26T03:10:00" }, "geometry": { "type": "Point", "coordinates": [ -0.96828, 44.86644 ] } },
{ "type": "Feature", "properties": { "lat": 44.86707, "lon": -1.10086, "frp": 3.76, "fetch_timestamp": "2026-07-26T03:10:00" }, "geometry": { "type": "Point", "coordinates": [ -1.10086, 44.86707 ] } },
{ "type": "Feature", "properties": { "lat": 44.86866, "lon": -0.95578, "frp": 2.35, "fetch_timestamp": "2026-07-26T03:10:00" }, "geometry": { "type": "Point", "coordinates": [ -0.95578, 44.86866 ] } },
{ "type": "Feature", "properties": { "lat": 44.87592, "lon": -1.17784, "frp": 2.61, "fetch_timestamp": "2026-07-26T03:10:00" }, "geometry": { "type": "Point", "coordinates": [ -1.17784, 44.87592 ] } },
{ "type": "Feature", "properties": { "lat": 44.88041, "lon": -0.89913, "frp": 4.38, "fetch_timestamp": "2026-07-26T03:10:00" }, "geometry": { "type": "Point", "coordinates": [ -0.89913, 44.88041 ] } },
{ "type": "Feature", "properties": { "lat": 44.88248, "lon": -1.17022, "frp": 2.73, "fetch_timestamp": "2026-07-26T03:10:00" }, "geometry": { "type": "Point", "coordinates": [ -1.17022, 44.88248 ] } },
{ "type": "Feature", "properties": { "lat": 44.88302, "lon": -0.95238, "frp": 2.08, "fetch_timestamp": "2026-07-26T03:10:00" }, "geometry": { "type": "Point", "coordinates": [ -0.95238, 44.88302 ] } },
{ "type": "Feature", "properties": { "lat": 44.88356, "lon": -0.98829, "frp": 4.72, "fetch_timestamp": "2026-07-26T03:10:00" }, "geometry": { "type": "Point", "coordinates": [ -0.98829, 44.88356 ] } },
{ "type": "Feature", "properties": { "lat": 44.88494, "lon": -1.00001, "frp": 7.26, "fetch_timestamp": "2026-07-26T03:10:00" }, "geometry": { "type": "Point", "coordinates": [ -1.00001, 44.88494 ] } },
{ "type": "Feature", "properties": { "lat": 44.88619, "lon": -0.88584, "frp": 3.45, "fetch_timestamp": "2026-07-26T03:10:00" }, "geometry": { "type": "Point", "coordinates": [ -0.88584, 44.88619 ] } },
{ "type": "Feature", "properties": { "lat": 44.88649, "lon": -1.10848, "frp": 1.78, "fetch_timestamp": "2026-07-26T03:10:00" }, "geometry": { "type": "Point", "coordinates": [ -1.10848, 44.88649 ] } },
{ "type": "Feature", "properties": { "lat": 44.8901, "lon": -1.10764, "frp": 1.78, "fetch_timestamp": "2026-07-26T03:10:00" }, "geometry": { "type": "Point", "coordinates": [ -1.10764, 44.8901 ] } },
{ "type": "Feature", "properties": { "lat": 44.89241, "lon": -0.93818, "frp": 1.36, "fetch_timestamp": "2026-07-26T03:10:00" }, "geometry": { "type": "Point", "coordinates": [ -0.93818, 44.89241 ] } },
{ "type": "Feature", "properties": { "lat": 44.90236, "lon": -0.95984, "frp": 3.84, "fetch_timestamp": "2026-07-26T03:10:00" }, "geometry": { "type": "Point", "coordinates": [ -0.95984, 44.90236 ] } },
{ "type": "Feature", "properties": { "lat": 44.90317, "lon": -0.93563, "frp": 2.02, "fetch_timestamp": "2026-07-26T03:10:00" }, "geometry": { "type": "Point", "coordinates": [ -0.93563, 44.90317 ] } },
{ "type": "Feature", "properties": { "lat": 44.9245, "lon": -0.99071, "frp": 4.35, "fetch_timestamp": "2026-07-26T03:10:00" }, "geometry": { "type": "Point", "coordinates": [ -0.99071, 44.9245 ] } },
{ "type": "Feature", "properties": { "lat": 44.93169, "lon": -0.98902, "frp": 3.36, "fetch_timestamp": "2026-07-26T03:10:00" }, "geometry": { "type": "Point", "coordinates": [ -0.98902, 44.93169 ] } },
{ "type": "Feature", "properties": { "lat": 44.93344, "lon": -1.09754, "frp": 4.27, "fetch_timestamp": "2026-07-26T03:10:00" }, "geometry": { "type": "Point", "coordinates": [ -1.09754, 44.93344 ] } },
{ "type": "Feature", "properties": { "lat": 44.93414, "lon": -1.10345, "frp": 4.27, "fetch_timestamp": "2026-07-26T03:10:00" }, "geometry": { "type": "Point", "coordinates": [ -1.10345, 44.93414 ] } },
{ "type": "Feature", "properties": { "lat": 44.93636, "lon": -1.09078, "frp": 1.5, "fetch_timestamp": "2026-07-26T03:10:00" }, "geometry": { "type": "Point", "coordinates": [ -1.09078, 44.93636 ] } },
{ "type": "Feature", "properties": { "lat": 44.93706, "lon": -1.09669, "frp": 3.52, "fetch_timestamp": "2026-07-26T03:10:00" }, "geometry": { "type": "Point", "coordinates": [ -1.09669, 44.93706 ] } },
{ "type": "Feature", "properties": { "lat": 44.93748, "lon": -0.97562, "frp": 1.12, "fetch_timestamp": "2026-07-26T03:10:00" }, "geometry": { "type": "Point", "coordinates": [ -0.97562, 44.93748 ] } },
{ "type": "Feature", "properties": { "lat": 44.94439, "lon": -1.06463, "frp": 3.67, "fetch_timestamp": "2026-07-26T03:10:00" }, "geometry": { "type": "Point", "coordinates": [ -1.06463, 44.94439 ] } },
{ "type": "Feature", "properties": { "lat": 44.9473, "lon": -1.0579, "frp": 6.02, "fetch_timestamp": "2026-07-26T03:10:00" }, "geometry": { "type": "Point", "coordinates": [ -1.0579, 44.9473 ] } },
{ "type": "Feature", "properties": { "lat": 44.76736, "lon": -1.04113, "frp": 3.74, "fetch_timestamp": "2026-07-26T03:10:00" }, "geometry": { "type": "Point", "coordinates": [ -1.04113, 44.76736 ] } },
{ "type": "Feature", "properties": { "lat": 44.76835, "lon": -1.03828, "frp": 6.9, "fetch_timestamp": "2026-07-26T03:10:00" }, "geometry": { "type": "Point", "coordinates": [ -1.03828, 44.76835 ] } },
{ "type": "Feature", "properties": { "lat": 44.76949, "lon": -1.06906, "frp": 4.4, "fetch_timestamp": "2026-07-26T03:10:00" }, "geometry": { "type": "Point", "coordinates": [ -1.06906, 44.76949 ] } },
{ "type": "Feature", "properties": { "lat": 44.77016, "lon": -1.04905, "frp": 3.74, "fetch_timestamp": "2026-07-26T03:10:00" }, "geometry": { "type": "Point", "coordinates": [ -1.04905, 44.77016 ] } },
{ "type": "Feature", "properties": { "lat": 44.77293, "lon": -1.05692, "frp": 4.4, "fetch_timestamp": "2026-07-26T03:10:00" }, "geometry": { "type": "Point", "coordinates": [ -1.05692, 44.77293 ] } },
{ "type": "Feature", "properties": { "lat": 44.77398, "lon": -1.05401, "frp": 7.75, "fetch_timestamp": "2026-07-26T03:10:00" }, "geometry": { "type": "Point", "coordinates": [ -1.05401, 44.77398 ] } },
{ "type": "Feature", "properties": { "lat": 44.77821, "lon": -0.98412, "frp": 3.7, "fetch_timestamp": "2026-07-26T03:10:00" }, "geometry": { "type": "Point", "coordinates": [ -0.98412, 44.77821 ] } },
{ "type": "Feature", "properties": { "lat": 44.77907, "lon": -0.98157, "frp": 5.33, "fetch_timestamp": "2026-07-26T03:10:00" }, "geometry": { "type": "Point", "coordinates": [ -0.98157, 44.77907 ] } },
{ "type": "Feature", "properties": { "lat": 44.78059, "lon": -1.10056, "frp": 7.85, "fetch_timestamp": "2026-07-26T03:10:00" }, "geometry": { "type": "Point", "coordinates": [ -1.10056, 44.78059 ] } },
{ "type": "Feature", "properties": { "lat": 44.78442, "lon": -0.97979, "frp": 7.06, "fetch_timestamp": "2026-07-26T03:10:00" }, "geometry": { "type": "Point", "coordinates": [ -0.97979, 44.78442 ] } },
{ "type": "Feature", "properties": { "lat": 44.78719, "lon": -0.98768, "frp": 4.2, "fetch_timestamp": "2026-07-26T03:10:00" }, "geometry": { "type": "Point", "coordinates": [ -0.98768, 44.78719 ] } },
{ "type": "Feature", "properties": { "lat": 44.78811, "lon": -0.98517, "frp": 5.33, "fetch_timestamp": "2026-07-26T03:10:00" }, "geometry": { "type": "Point", "coordinates": [ -0.98517, 44.78811 ] } },
{ "type": "Feature", "properties": { "lat": 44.79138, "lon": -1.08105, "frp": 6.11, "fetch_timestamp": "2026-07-26T03:10:00" }, "geometry": { "type": "Point", "coordinates": [ -1.08105, 44.79138 ] } },
{ "type": "Feature", "properties": { "lat": 44.79339, "lon": -0.98332, "frp": 4.2, "fetch_timestamp": "2026-07-26T03:10:00" }, "geometry": { "type": "Point", "coordinates": [ -0.98332, 44.79339 ] } },
{ "type": "Feature", "properties": { "lat": 44.79361, "lon": -1.07188, "frp": 5.28, "fetch_timestamp": "2026-07-26T03:10:00" }, "geometry": { "type": "Point", "coordinates": [ -1.07188, 44.79361 ] } },
{ "type": "Feature", "properties": { "lat": 44.79431, "lon": -0.98082, "frp": 10.73, "fetch_timestamp": "2026-07-26T03:10:00" }, "geometry": { "type": "Point", "coordinates": [ -0.98082, 44.79431 ] } },
{ "type": "Feature", "properties": { "lat": 44.79617, "lon": -0.99125, "frp": 4.2, "fetch_timestamp": "2026-07-26T03:10:00" }, "geometry": { "type": "Point", "coordinates": [ -0.99125, 44.79617 ] } },
{ "type": "Feature", "properties": { "lat": 44.79638, "lon": -1.07976, "frp": 6.28, "fetch_timestamp": "2026-07-26T03:10:00" }, "geometry": { "type": "Point", "coordinates": [ -1.07976, 44.79638 ] } },
{ "type": "Feature", "properties": { "lat": 44.79712, "lon": -0.98872, "frp": 6.23, "fetch_timestamp": "2026-07-26T03:10:00" }, "geometry": { "type": "Point", "coordinates": [ -0.98872, 44.79712 ] } },
{ "type": "Feature", "properties": { "lat": 44.79757, "lon": -1.07676, "frp": 4.21, "fetch_timestamp": "2026-07-26T03:10:00" }, "geometry": { "type": "Point", "coordinates": [ -1.07676, 44.79757 ] } },
{ "type": "Feature", "properties": { "lat": 44.79912, "lon": -1.08759, "frp": 6.28, "fetch_timestamp": "2026-07-26T03:10:00" }, "geometry": { "type": "Point", "coordinates": [ -1.08759, 44.79912 ] } },
{ "type": "Feature", "properties": { "lat": 44.79958, "lon": -0.97893, "frp": 4.74, "fetch_timestamp": "2026-07-26T03:10:00" }, "geometry": { "type": "Point", "coordinates": [ -0.97893, 44.79958 ] } },
{ "type": "Feature", "properties": { "lat": 44.80036, "lon": -1.08457, "frp": 6.12, "fetch_timestamp": "2026-07-26T03:10:00" }, "geometry": { "type": "Point", "coordinates": [ -1.08457, 44.80036 ] } },
{ "type": "Feature", "properties": { "lat": 44.80187, "lon": -1.09543, "frp": 8.68, "fetch_timestamp": "2026-07-26T03:10:00" }, "geometry": { "type": "Point", "coordinates": [ -1.09543, 44.80187 ] } },
{ "type": "Feature", "properties": { "lat": 44.80237, "lon": -0.9869, "frp": 4.74, "fetch_timestamp": "2026-07-26T03:10:00" }, "geometry": { "type": "Point", "coordinates": [ -0.9869, 44.80237 ] } },
{ "type": "Feature", "properties": { "lat": 44.80314, "lon": -1.09236, "frp": 6.12, "fetch_timestamp": "2026-07-26T03:10:00" }, "geometry": { "type": "Point", "coordinates": [ -1.09236, 44.80314 ] } },
{ "type": "Feature", "properties": { "lat": 44.80334, "lon": -0.98442, "frp": 6.23, "fetch_timestamp": "2026-07-26T03:10:00" }, "geometry": { "type": "Point", "coordinates": [ -0.98442, 44.80334 ] } },
{ "type": "Feature", "properties": { "lat": 44.8053, "lon": -1.08325, "frp": 6.19, "fetch_timestamp": "2026-07-26T03:10:00" }, "geometry": { "type": "Point", "coordinates": [ -1.08325, 44.8053 ] } },
{ "type": "Feature", "properties": { "lat": 44.80615, "lon": -0.99233, "frp": 6.23, "fetch_timestamp": "2026-07-26T03:10:00" }, "geometry": { "type": "Point", "coordinates": [ -0.99233, 44.80615 ] } },
{ "type": "Feature", "properties": { "lat": 44.80855, "lon": -0.9825, "frp": 4.74, "fetch_timestamp": "2026-07-26T03:10:00" }, "geometry": { "type": "Point", "coordinates": [ -0.9825, 44.80855 ] } },
{ "type": "Feature", "properties": { "lat": 44.80952, "lon": -0.98002, "frp": 2.85, "fetch_timestamp": "2026-07-26T03:10:00" }, "geometry": { "type": "Point", "coordinates": [ -0.98002, 44.80952 ] } },
{ "type": "Feature", "properties": { "lat": 44.81133, "lon": -0.99046, "frp": 9.09, "fetch_timestamp": "2026-07-26T03:10:00" }, "geometry": { "type": "Point", "coordinates": [ -0.99046, 44.81133 ] } },
{ "type": "Feature", "properties": { "lat": 44.81234, "lon": -0.98796, "frp": 2.85, "fetch_timestamp": "2026-07-26T03:10:00" }, "geometry": { "type": "Point", "coordinates": [ -0.98796, 44.81234 ] } },
{ "type": "Feature", "properties": { "lat": 44.84727, "lon": -1.12984, "frp": 3.52, "fetch_timestamp": "2026-07-26T03:10:00" }, "geometry": { "type": "Point", "coordinates": [ -1.12984, 44.84727 ] } },
{ "type": "Feature", "properties": { "lat": 44.85004, "lon": -1.13764, "frp": 3.52, "fetch_timestamp": "2026-07-26T03:10:00" }, "geometry": { "type": "Point", "coordinates": [ -1.13764, 44.85004 ] } },
{ "type": "Feature", "properties": { "lat": 44.85069, "lon": -1.11777, "frp": 6.27, "fetch_timestamp": "2026-07-26T03:10:00" }, "geometry": { "type": "Point", "coordinates": [ -1.11777, 44.85069 ] } },
{ "type": "Feature", "properties": { "lat": 44.85188, "lon": -1.12866, "frp": 5.99, "fetch_timestamp": "2026-07-26T03:10:00" }, "geometry": { "type": "Point", "coordinates": [ -1.12866, 44.85188 ] } },
{ "type": "Feature", "properties": { "lat": 44.85344, "lon": -1.12555, "frp": 3.52, "fetch_timestamp": "2026-07-26T03:10:00" }, "geometry": { "type": "Point", "coordinates": [ -1.12555, 44.85344 ] } },
{ "type": "Feature", "properties": { "lat": 44.85531, "lon": -1.11651, "frp": 5.99, "fetch_timestamp": "2026-07-26T03:10:00" }, "geometry": { "type": "Point", "coordinates": [ -1.11651, 44.85531 ] } },
{ "type": "Feature", "properties": { "lat": 44.85685, "lon": -1.11345, "frp": 4.26, "fetch_timestamp": "2026-07-26T03:10:00" }, "geometry": { "type": "Point", "coordinates": [ -1.11345, 44.85685 ] } },
{ "type": "Feature", "properties": { "lat": 44.85962, "lon": -1.12127, "frp": 3.99, "fetch_timestamp": "2026-07-26T03:10:00" }, "geometry": { "type": "Point", "coordinates": [ -1.12127, 44.85962 ] } },
{ "type": "Feature", "properties": { "lat": 44.86027, "lon": -1.10139, "frp": 4.26, "fetch_timestamp": "2026-07-26T03:10:00" }, "geometry": { "type": "Point", "coordinates": [ -1.10139, 44.86027 ] } },
{ "type": "Feature", "properties": { "lat": 44.86302, "lon": -1.10917, "frp": 4.26, "fetch_timestamp": "2026-07-26T03:10:00" }, "geometry": { "type": "Point", "coordinates": [ -1.10917, 44.86302 ] } },
{ "type": "Feature", "properties": { "lat": 44.86577, "lon": -1.11695, "frp": 3.99, "fetch_timestamp": "2026-07-26T03:10:00" }, "geometry": { "type": "Point", "coordinates": [ -1.11695, 44.86577 ] } },
{ "type": "Feature", "properties": { "lat": 44.86643, "lon": -1.09706, "frp": 10.08, "fetch_timestamp": "2026-07-26T03:10:00" }, "geometry": { "type": "Point", "coordinates": [ -1.09706, 44.86643 ] } },
{ "type": "Feature", "properties": { "lat": 44.86919, "lon": -1.10487, "frp": 10.08, "fetch_timestamp": "2026-07-26T03:10:00" }, "geometry": { "type": "Point", "coordinates": [ -1.10487, 44.86919 ] } },
{ "type": "Feature", "properties": { "lat": 44.8697, "lon": -0.95101, "frp": 6.48, "fetch_timestamp": "2026-07-26T03:10:00" }, "geometry": { "type": "Point", "coordinates": [ -0.95101, 44.8697 ] } },
{ "type": "Feature", "properties": { "lat": 44.87194, "lon": -1.11265, "frp": 8.85, "fetch_timestamp": "2026-07-26T03:10:00" }, "geometry": { "type": "Point", "coordinates": [ -1.11265, 44.87194 ] } },
{ "type": "Feature", "properties": { "lat": 44.87422, "lon": -0.94425, "frp": 10.15, "fetch_timestamp": "2026-07-26T03:10:00" }, "geometry": { "type": "Point", "coordinates": [ -0.94425, 44.87422 ] } },
{ "type": "Feature", "properties": { "lat": 44.8759, "lon": -0.94668, "frp": 6.48, "fetch_timestamp": "2026-07-26T03:10:00" }, "geometry": { "type": "Point", "coordinates": [ -0.94668, 44.8759 ] } },
{ "type": "Feature", "properties": { "lat": 44.877, "lon": -0.95217, "frp": 5.91, "fetch_timestamp": "2026-07-26T03:10:00" }, "geometry": { "type": "Point", "coordinates": [ -0.95217, 44.877 ] } },
{ "type": "Feature", "properties": { "lat": 44.87873, "lon": -0.95459, "frp": 6.48, "fetch_timestamp": "2026-07-26T03:10:00" }, "geometry": { "type": "Point", "coordinates": [ -0.95459, 44.87873 ] } },
{ "type": "Feature", "properties": { "lat": 44.87978, "lon": -0.96007, "frp": 5.91, "fetch_timestamp": "2026-07-26T03:10:00" }, "geometry": { "type": "Point", "coordinates": [ -0.96007, 44.87978 ] } },
{ "type": "Feature", "properties": { "lat": 44.88154, "lon": -0.96244, "frp": 9.43, "fetch_timestamp": "2026-07-26T03:10:00" }, "geometry": { "type": "Point", "coordinates": [ -0.96244, 44.88154 ] } },
{ "type": "Feature", "properties": { "lat": 44.88317, "lon": -0.94775, "frp": 5.91, "fetch_timestamp": "2026-07-26T03:10:00" }, "geometry": { "type": "Point", "coordinates": [ -0.94775, 44.88317 ] } },
{ "type": "Feature", "properties": { "lat": 44.88424, "lon": -1.10399, "frp": 3.44, "fetch_timestamp": "2026-07-26T03:10:00" }, "geometry": { "type": "Point", "coordinates": [ -1.10399, 44.88424 ] } },
{ "type": "Feature", "properties": { "lat": 44.88491, "lon": -0.95021, "frp": 6.83, "fetch_timestamp": "2026-07-26T03:10:00" }, "geometry": { "type": "Point", "coordinates": [ -0.95021, 44.88491 ] } },
{ "type": "Feature", "properties": { "lat": 44.88595, "lon": -0.95566, "frp": 5.91, "fetch_timestamp": "2026-07-26T03:10:00" }, "geometry": { "type": "Point", "coordinates": [ -0.95566, 44.88595 ] } },
{ "type": "Feature", "properties": { "lat": 44.88698, "lon": -1.11175, "frp": 3.44, "fetch_timestamp": "2026-07-26T03:10:00" }, "geometry": { "type": "Point", "coordinates": [ -1.11175, 44.88698 ] } },
{ "type": "Feature", "properties": { "lat": 44.88772, "lon": -0.95809, "frp": 15.23, "fetch_timestamp": "2026-07-26T03:10:00" }, "geometry": { "type": "Point", "coordinates": [ -0.95809, 44.88772 ] } },
{ "type": "Feature", "properties": { "lat": 44.88829, "lon": -0.93798, "frp": 6.83, "fetch_timestamp": "2026-07-26T03:10:00" }, "geometry": { "type": "Point", "coordinates": [ -0.93798, 44.88829 ] } },
{ "type": "Feature", "properties": { "lat": 44.88873, "lon": -0.96356, "frp": 6.6, "fetch_timestamp": "2026-07-26T03:10:00" }, "geometry": { "type": "Point", "coordinates": [ -0.96356, 44.88873 ] } },
{ "type": "Feature", "properties": { "lat": 44.89039, "lon": -1.09965, "frp": 3.44, "fetch_timestamp": "2026-07-26T03:10:00" }, "geometry": { "type": "Point", "coordinates": [ -1.09965, 44.89039 ] } },
{ "type": "Feature", "properties": { "lat": 44.8915, "lon": -0.97147, "frp": 6.6, "fetch_timestamp": "2026-07-26T03:10:00" }, "geometry": { "type": "Point", "coordinates": [ -0.97147, 44.8915 ] } },
{ "type": "Feature", "properties": { "lat": 44.89312, "lon": -1.1074, "frp": 3.44, "fetch_timestamp": "2026-07-26T03:10:00" }, "geometry": { "type": "Point", "coordinates": [ -1.1074, 44.89312 ] } },
{ "type": "Feature", "properties": { "lat": 44.89335, "lon": -0.97385, "frp": 9.13, "fetch_timestamp": "2026-07-26T03:10:00" }, "geometry": { "type": "Point", "coordinates": [ -0.97385, 44.89335 ] } },
{ "type": "Feature", "properties": { "lat": 44.89653, "lon": -1.09526, "frp": 3.79, "fetch_timestamp": "2026-07-26T03:10:00" }, "geometry": { "type": "Point", "coordinates": [ -1.09526, 44.89653 ] } },
{ "type": "Feature", "properties": { "lat": 44.89855, "lon": -1.12284, "frp": 7.66, "fetch_timestamp": "2026-07-26T03:10:00" }, "geometry": { "type": "Point", "coordinates": [ -1.12284, 44.89855 ] } },
{ "type": "Feature", "properties": { "lat": 44.89926, "lon": -1.10302, "frp": 3.79, "fetch_timestamp": "2026-07-26T03:10:00" }, "geometry": { "type": "Point", "coordinates": [ -1.10302, 44.89926 ] } },
{ "type": "Feature", "properties": { "lat": 44.90107, "lon": -0.95478, "frp": 11.41, "fetch_timestamp": "2026-07-26T03:10:00" }, "geometry": { "type": "Point", "coordinates": [ -0.95478, 44.90107 ] } },
{ "type": "Feature", "properties": { "lat": 44.9029, "lon": -0.95726, "frp": 8.27, "fetch_timestamp": "2026-07-26T03:10:00" }, "geometry": { "type": "Point", "coordinates": [ -0.95726, 44.9029 ] } },
{ "type": "Feature", "properties": { "lat": 44.90807, "lon": -1.01869, "frp": 9.82, "fetch_timestamp": "2026-07-26T03:10:00" }, "geometry": { "type": "Point", "coordinates": [ -1.01869, 44.90807 ] } },
{ "type": "Feature", "properties": { "lat": 44.91081, "lon": -1.02652, "frp": 10.36, "fetch_timestamp": "2026-07-26T03:10:00" }, "geometry": { "type": "Point", "coordinates": [ -1.02652, 44.91081 ] } },
{ "type": "Feature", "properties": { "lat": 44.91132, "lon": -0.98089, "frp": 16.41, "fetch_timestamp": "2026-07-26T03:10:00" }, "geometry": { "type": "Point", "coordinates": [ -0.98089, 44.91132 ] } },
{ "type": "Feature", "properties": { "lat": 44.91148, "lon": -1.00648, "frp": 8.68, "fetch_timestamp": "2026-07-26T03:10:00" }, "geometry": { "type": "Point", "coordinates": [ -1.00648, 44.91148 ] } },
{ "type": "Feature", "properties": { "lat": 44.91189, "lon": -0.96078, "frp": 14.35, "fetch_timestamp": "2026-07-26T03:10:00" }, "geometry": { "type": "Point", "coordinates": [ -0.96078, 44.91189 ] } },
{ "type": "Feature", "properties": { "lat": 44.91214, "lon": -0.98635, "frp": 12.95, "fetch_timestamp": "2026-07-26T03:10:00" }, "geometry": { "type": "Point", "coordinates": [ -0.98635, 44.91214 ] } },
{ "type": "Feature", "properties": { "lat": 44.91277, "lon": -0.96617, "frp": 14.23, "fetch_timestamp": "2026-07-26T03:10:00" }, "geometry": { "type": "Point", "coordinates": [ -0.96617, 44.91277 ] } },
{ "type": "Feature", "properties": { "lat": 44.91352, "lon": -1.00876, "frp": 17.49, "fetch_timestamp": "2026-07-26T03:10:00" }, "geometry": { "type": "Point", "coordinates": [ -1.00876, 44.91352 ] } },
{ "type": "Feature", "properties": { "lat": 44.91423, "lon": -1.01432, "frp": 8.68, "fetch_timestamp": "2026-07-26T03:10:00" }, "geometry": { "type": "Point", "coordinates": [ -1.01432, 44.91423 ] } },
{ "type": "Feature", "properties": { "lat": 44.91697, "lon": -1.02213, "frp": 4.74, "fetch_timestamp": "2026-07-26T03:10:00" }, "geometry": { "type": "Point", "coordinates": [ -1.02213, 44.91697 ] } },
{ "type": "Feature", "properties": { "lat": 44.9183, "lon": -0.98198, "frp": 8.66, "fetch_timestamp": "2026-07-26T03:10:00" }, "geometry": { "type": "Point", "coordinates": [ -0.98198, 44.9183 ] } },
{ "type": "Feature", "properties": { "lat": 44.91907, "lon": -1.02435, "frp": 17.6, "fetch_timestamp": "2026-07-26T03:10:00" }, "geometry": { "type": "Point", "coordinates": [ -1.02435, 44.91907 ] } },
{ "type": "Feature", "properties": { "lat": 44.91935, "lon": -1.11162, "frp": 4.33, "fetch_timestamp": "2026-07-26T03:10:00" }, "geometry": { "type": "Point", "coordinates": [ -1.11162, 44.91935 ] } },
{ "type": "Feature", "properties": { "lat": 44.91972, "lon": -1.11765, "frp": 4.35, "fetch_timestamp": "2026-07-26T03:10:00" }, "geometry": { "type": "Point", "coordinates": [ -1.11765, 44.91972 ] } },
{ "type": "Feature", "properties": { "lat": 44.91972, "lon": -1.02999, "frp": 4.74, "fetch_timestamp": "2026-07-26T03:10:00" }, "geometry": { "type": "Point", "coordinates": [ -1.02999, 44.91972 ] } },
{ "type": "Feature", "properties": { "lat": 44.92213, "lon": -1.1194, "frp": 4.33, "fetch_timestamp": "2026-07-26T03:10:00" }, "geometry": { "type": "Point", "coordinates": [ -1.1194, 44.92213 ] } },
{ "type": "Feature", "properties": { "lat": 44.9238, "lon": -0.99769, "frp": 8.84, "fetch_timestamp": "2026-07-26T03:10:00" }, "geometry": { "type": "Point", "coordinates": [ -0.99769, 44.9238 ] } },
{ "type": "Feature", "properties": { "lat": 44.92426, "lon": -0.95208, "frp": 13.9, "fetch_timestamp": "2026-07-26T03:10:00" }, "geometry": { "type": "Point", "coordinates": [ -0.95208, 44.92426 ] } },
{ "type": "Feature", "properties": { "lat": 44.92453, "lon": -1.0657, "frp": 7.02, "fetch_timestamp": "2026-07-26T03:10:00" }, "geometry": { "type": "Point", "coordinates": [ -1.0657, 44.92453 ] } },
{ "type": "Feature", "properties": { "lat": 44.92585, "lon": -1.00005, "frp": 12.89, "fetch_timestamp": "2026-07-26T03:10:00" }, "geometry": { "type": "Point", "coordinates": [ -1.00005, 44.92585 ] } },
{ "type": "Feature", "properties": { "lat": 44.92588, "lon": -1.11334, "frp": 4.35, "fetch_timestamp": "2026-07-26T03:10:00" }, "geometry": { "type": "Point", "coordinates": [ -1.11334, 44.92588 ] } },
{ "type": "Feature", "properties": { "lat": 44.92616, "lon": -1.08755, "frp": 3.9, "fetch_timestamp": "2026-07-26T03:10:00" }, "geometry": { "type": "Point", "coordinates": [ -1.08755, 44.92616 ] } },
{ "type": "Feature", "properties": { "lat": 44.92647, "lon": -0.98006, "frp": 10.86, "fetch_timestamp": "2026-07-26T03:10:00" }, "geometry": { "type": "Point", "coordinates": [ -0.98006, 44.92647 ] } },
{ "type": "Feature", "properties": { "lat": 44.92655, "lon": -1.00556, "frp": 8.84, "fetch_timestamp": "2026-07-26T03:10:00" }, "geometry": { "type": "Point", "coordinates": [ -1.00556, 44.92655 ] } },
{ "type": "Feature", "properties": { "lat": 44.92658, "lon": -1.09344, "frp": 6.71, "fetch_timestamp": "2026-07-26T03:10:00" }, "geometry": { "type": "Point", "coordinates": [ -1.09344, 44.92658 ] } },
{ "type": "Feature", "properties": { "lat": 44.9268, "lon": -1.06772, "frp": 4.49, "fetch_timestamp": "2026-07-26T03:10:00" }, "geometry": { "type": "Point", "coordinates": [ -1.06772, 44.9268 ] } },
{ "type": "Feature", "properties": { "lat": 44.92723, "lon": -0.98549, "frp": 8.66, "fetch_timestamp": "2026-07-26T03:10:00" }, "geometry": { "type": "Point", "coordinates": [ -0.98549, 44.92723 ] } },
{ "type": "Feature", "properties": { "lat": 44.92727, "lon": -1.0735, "frp": 6.58, "fetch_timestamp": "2026-07-26T03:10:00" }, "geometry": { "type": "Point", "coordinates": [ -1.0735, 44.92727 ] } },
{ "type": "Feature", "properties": { "lat": 44.92796, "lon": -1.05355, "frp": 4.42, "fetch_timestamp": "2026-07-26T03:10:00" }, "geometry": { "type": "Point", "coordinates": [ -1.05355, 44.92796 ] } },
{ "type": "Feature", "properties": { "lat": 44.92829, "lon": -1.11514, "frp": 4.75, "fetch_timestamp": "2026-07-26T03:10:00" }, "geometry": { "type": "Point", "coordinates": [ -1.11514, 44.92829 ] } },
{ "type": "Feature", "properties": { "lat": 44.92865, "lon": -1.0079, "frp": 10.16, "fetch_timestamp": "2026-07-26T03:10:00" }, "geometry": { "type": "Point", "coordinates": [ -1.0079, 44.92865 ] } },
{ "type": "Feature", "properties": { "lat": 44.92892, "lon": -1.09531, "frp": 3.9, "fetch_timestamp": "2026-07-26T03:10:00" }, "geometry": { "type": "Point", "coordinates": [ -1.09531, 44.92892 ] } },
{ "type": "Feature", "properties": { "lat": 44.92925, "lon": -0.98789, "frp": 11.26, "fetch_timestamp": "2026-07-26T03:10:00" }, "geometry": { "type": "Point", "coordinates": [ -0.98789, 44.92925 ] } },
{ "type": "Feature", "properties": { "lat": 44.92931, "lon": -1.10124, "frp": 6.71, "fetch_timestamp": "2026-07-26T03:10:00" }, "geometry": { "type": "Point", "coordinates": [ -1.10124, 44.92931 ] } },
{ "type": "Feature", "properties": { "lat": 44.92956, "lon": -1.07549, "frp": 4.49, "fetch_timestamp": "2026-07-26T03:10:00" }, "geometry": { "type": "Point", "coordinates": [ -1.07549, 44.92956 ] } },
{ "type": "Feature", "properties": { "lat": 44.92986, "lon": -0.96785, "frp": 10.86, "fetch_timestamp": "2026-07-26T03:10:00" }, "geometry": { "type": "Point", "coordinates": [ -0.96785, 44.92986 ] } },
{ "type": "Feature", "properties": { "lat": 44.92997, "lon": -0.99335, "frp": 8.84, "fetch_timestamp": "2026-07-26T03:10:00" }, "geometry": { "type": "Point", "coordinates": [ -0.99335, 44.92997 ] } },
{ "type": "Feature", "properties": { "lat": 44.93, "lon": -1.08131, "frp": 6.58, "fetch_timestamp": "2026-07-26T03:10:00" }, "geometry": { "type": "Point", "coordinates": [ -1.08131, 44.93 ] } },
{ "type": "Feature", "properties": { "lat": 44.93019, "lon": -1.05562, "frp": 11.48, "fetch_timestamp": "2026-07-26T03:10:00" }, "geometry": { "type": "Point", "coordinates": [ -1.05562, 44.93019 ] } },
{ "type": "Feature", "properties": { "lat": 44.93069, "lon": -1.06135, "frp": 4.42, "fetch_timestamp": "2026-07-26T03:10:00" }, "geometry": { "type": "Point", "coordinates": [ -1.06135, 44.93069 ] } },
{ "type": "Feature", "properties": { "lat": 44.93203, "lon": -0.99573, "frp": 11.26, "fetch_timestamp": "2026-07-26T03:10:00" }, "geometry": { "type": "Point", "coordinates": [ -0.99573, 44.93203 ] } },
{ "type": "Feature", "properties": { "lat": 44.93232, "lon": -1.08326, "frp": 8.32, "fetch_timestamp": "2026-07-26T03:10:00" }, "geometry": { "type": "Point", "coordinates": [ -1.08326, 44.93232 ] } },
{ "type": "Feature", "properties": { "lat": 44.93271, "lon": -1.0012, "frp": 8.84, "fetch_timestamp": "2026-07-26T03:10:00" }, "geometry": { "type": "Point", "coordinates": [ -1.0012, 44.93271 ] } },
{ "type": "Feature", "properties": { "lat": 44.93272, "lon": -1.0891, "frp": 6.71, "fetch_timestamp": "2026-07-26T03:10:00" }, "geometry": { "type": "Point", "coordinates": [ -1.0891, 44.93272 ] } },
{ "type": "Feature", "properties": { "lat": 44.93296, "lon": -1.0634, "frp": 4.49, "fetch_timestamp": "2026-07-26T03:10:00" }, "geometry": { "type": "Point", "coordinates": [ -1.0634, 44.93296 ] } },
{ "type": "Feature", "properties": { "lat": 44.93342, "lon": -1.06918, "frp": 5.97, "fetch_timestamp": "2026-07-26T03:10:00" }, "geometry": { "type": "Point", "coordinates": [ -1.06918, 44.93342 ] } },
{ "type": "Feature", "properties": { "lat": 44.93358, "lon": -1.04348, "frp": 12.2, "fetch_timestamp": "2026-07-26T03:10:00" }, "geometry": { "type": "Point", "coordinates": [ -1.04348, 44.93358 ] } },
{ "type": "Feature", "properties": { "lat": 44.93409, "lon": -1.04914, "frp": 4.42, "fetch_timestamp": "2026-07-26T03:10:00" }, "geometry": { "type": "Point", "coordinates": [ -1.04914, 44.93409 ] } },
{ "type": "Feature", "properties": { "lat": 44.93509, "lon": -1.09102, "frp": 8.32, "fetch_timestamp": "2026-07-26T03:10:00" }, "geometry": { "type": "Point", "coordinates": [ -1.09102, 44.93509 ] } },
{ "type": "Feature", "properties": { "lat": 44.93542, "lon": -0.98353, "frp": 11.26, "fetch_timestamp": "2026-07-26T03:10:00" }, "geometry": { "type": "Point", "coordinates": [ -0.98353, 44.93542 ] } },
{ "type": "Feature", "properties": { "lat": 44.93545, "lon": -1.09691, "frp": 6.71, "fetch_timestamp": "2026-07-26T03:10:00" }, "geometry": { "type": "Point", "coordinates": [ -1.09691, 44.93545 ] } },
{ "type": "Feature", "properties": { "lat": 44.93573, "lon": -1.07121, "frp": 4.49, "fetch_timestamp": "2026-07-26T03:10:00" }, "geometry": { "type": "Point", "coordinates": [ -1.07121, 44.93573 ] } },
{ "type": "Feature", "properties": { "lat": 44.93616, "lon": -1.07701, "frp": 5.97, "fetch_timestamp": "2026-07-26T03:10:00" }, "geometry": { "type": "Point", "coordinates": [ -1.07701, 44.93616 ] } },
{ "type": "Feature", "properties": { "lat": 44.93634, "lon": -1.05127, "frp": 12.2, "fetch_timestamp": "2026-07-26T03:10:00" }, "geometry": { "type": "Point", "coordinates": [ -1.05127, 44.93634 ] } },
{ "type": "Feature", "properties": { "lat": 44.93684, "lon": -1.057, "frp": 4.42, "fetch_timestamp": "2026-07-26T03:10:00" }, "geometry": { "type": "Point", "coordinates": [ -1.057, 44.93684 ] } },
{ "type": "Feature", "properties": { "lat": 44.93699, "lon": -1.0314, "frp": 3.42, "fetch_timestamp": "2026-07-26T03:10:00" }, "geometry": { "type": "Point", "coordinates": [ -1.0314, 44.93699 ] } },
{ "type": "Feature", "properties": { "lat": 44.93752, "lon": -1.03698, "frp": 11.19, "fetch_timestamp": "2026-07-26T03:10:00" }, "geometry": { "type": "Point", "coordinates": [ -1.03698, 44.93752 ] } },
{ "type": "Feature", "properties": { "lat": 44.93821, "lon": -0.99139, "frp": 11.26, "fetch_timestamp": "2026-07-26T03:10:00" }, "geometry": { "type": "Point", "coordinates": [ -0.99139, 44.93821 ] } },
{ "type": "Feature", "properties": { "lat": 44.93849, "lon": -1.07898, "frp": 8.32, "fetch_timestamp": "2026-07-26T03:10:00" }, "geometry": { "type": "Point", "coordinates": [ -1.07898, 44.93849 ] } },
{ "type": "Feature", "properties": { "lat": 44.93887, "lon": -1.08478, "frp": 4.64, "fetch_timestamp": "2026-07-26T03:10:00" }, "geometry": { "type": "Point", "coordinates": [ -1.08478, 44.93887 ] } },
{ "type": "Feature", "properties": { "lat": 44.93911, "lon": -1.05907, "frp": 12.97, "fetch_timestamp": "2026-07-26T03:10:00" }, "geometry": { "type": "Point", "coordinates": [ -1.05907, 44.93911 ] } },
{ "type": "Feature", "properties": { "lat": 44.93956, "lon": -1.06479, "frp": 5.97, "fetch_timestamp": "2026-07-26T03:10:00" }, "geometry": { "type": "Point", "coordinates": [ -1.06479, 44.93956 ] } },
{ "type": "Feature", "properties": { "lat": 44.93974, "lon": -1.03914, "frp": 12.2, "fetch_timestamp": "2026-07-26T03:10:00" }, "geometry": { "type": "Point", "coordinates": [ -1.03914, 44.93974 ] } },
{ "type": "Feature", "properties": { "lat": 44.94024, "lon": -1.04475, "frp": 18.37, "fetch_timestamp": "2026-07-26T03:10:00" }, "geometry": { "type": "Point", "coordinates": [ -1.04475, 44.94024 ] } },
{ "type": "Feature", "properties": { "lat": 44.94098, "lon": -0.9992, "frp": 12.03, "fetch_timestamp": "2026-07-26T03:10:00" }, "geometry": { "type": "Point", "coordinates": [ -0.9992, 44.94098 ] } },
{ "type": "Feature", "properties": { "lat": 44.94123, "lon": -1.08669, "frp": 8.32, "fetch_timestamp": "2026-07-26T03:10:00" }, "geometry": { "type": "Point", "coordinates": [ -1.08669, 44.94123 ] } },
{ "type": "Feature", "properties": { "lat": 44.94159, "lon": -1.09254, "frp": 4.64, "fetch_timestamp": "2026-07-26T03:10:00" }, "geometry": { "type": "Point", "coordinates": [ -1.09254, 44.94159 ] } },
{ "type": "Feature", "properties": { "lat": 44.94187, "lon": -1.06684, "frp": 12.97, "fetch_timestamp": "2026-07-26T03:10:00" }, "geometry": { "type": "Point", "coordinates": [ -1.06684, 44.94187 ] } },
{ "type": "Feature", "properties": { "lat": 44.94229, "lon": -1.07262, "frp": 5.97, "fetch_timestamp": "2026-07-26T03:10:00" }, "geometry": { "type": "Point", "coordinates": [ -1.07262, 44.94229 ] } },
{ "type": "Feature", "properties": { "lat": 44.94248, "lon": -1.04688, "frp": 12.2, "fetch_timestamp": "2026-07-26T03:10:00" }, "geometry": { "type": "Point", "coordinates": [ -1.04688, 44.94248 ] } },
{ "type": "Feature", "properties": { "lat": 44.94296, "lon": -1.05255, "frp": 18.37, "fetch_timestamp": "2026-07-26T03:10:00" }, "geometry": { "type": "Point", "coordinates": [ -1.05255, 44.94296 ] } },
{ "type": "Feature", "properties": { "lat": 44.94436, "lon": -0.98701, "frp": 10.04, "fetch_timestamp": "2026-07-26T03:10:00" }, "geometry": { "type": "Point", "coordinates": [ -0.98701, 44.94436 ] } },
{ "type": "Feature", "properties": { "lat": 44.94463, "lon": -1.07461, "frp": 9.02, "fetch_timestamp": "2026-07-26T03:10:00" }, "geometry": { "type": "Point", "coordinates": [ -1.07461, 44.94463 ] } },
{ "type": "Feature", "properties": { "lat": 44.94523, "lon": -1.05465, "frp": 12.97, "fetch_timestamp": "2026-07-26T03:10:00" }, "geometry": { "type": "Point", "coordinates": [ -1.05465, 44.94523 ] } },
{ "type": "Feature", "properties": { "lat": 44.94567, "lon": -1.06035, "frp": 25.71, "fetch_timestamp": "2026-07-26T03:10:00" }, "geometry": { "type": "Point", "coordinates": [ -1.06035, 44.94567 ] } },
{ "type": "Feature", "properties": { "lat": 44.94587, "lon": -1.03475, "frp": 3.05, "fetch_timestamp": "2026-07-26T03:10:00" }, "geometry": { "type": "Point", "coordinates": [ -1.03475, 44.94587 ] } },
{ "type": "Feature", "properties": { "lat": 44.94637, "lon": -1.04033, "frp": 18.37, "fetch_timestamp": "2026-07-26T03:10:00" }, "geometry": { "type": "Point", "coordinates": [ -1.04033, 44.94637 ] } },
{ "type": "Feature", "properties": { "lat": 44.948, "lon": -1.06243, "frp": 12.97, "fetch_timestamp": "2026-07-26T03:10:00" }, "geometry": { "type": "Point", "coordinates": [ -1.06243, 44.948 ] } },
{ "type": "Feature", "properties": { "lat": 44.94863, "lon": -1.04253, "frp": 3.05, "fetch_timestamp": "2026-07-26T03:10:00" }, "geometry": { "type": "Point", "coordinates": [ -1.04253, 44.94863 ] } },
{ "type": "Feature", "properties": { "lat": 44.94909, "lon": -1.04815, "frp": 18.37, "fetch_timestamp": "2026-07-26T03:10:00" }, "geometry": { "type": "Point", "coordinates": [ -1.04815, 44.94909 ] } },
{ "type": "Feature", "properties": { "lat": 44.94989, "lon": -1.00262, "frp": 14.91, "fetch_timestamp": "2026-07-26T03:10:00" }, "geometry": { "type": "Point", "coordinates": [ -1.00262, 44.94989 ] } },
{ "type": "Feature", "properties": { "lat": 44.76453, "lon": -1.01173, "frp": 2.44, "fetch_timestamp": "2026-07-26T03:10:00" }, "geometry": { "type": "Point", "coordinates": [ -1.01173, 44.76453 ] } },
{ "type": "Feature", "properties": { "lat": 44.77412, "lon": -0.96532, "frp": 48.08, "fetch_timestamp": "2026-07-26T03:10:00" }, "geometry": { "type": "Point", "coordinates": [ -0.96532, 44.77412 ] } },
{ "type": "Feature", "properties": { "lat": 44.77567, "lon": -1.21063, "frp": 4.49, "fetch_timestamp": "2026-07-26T03:10:00" }, "geometry": { "type": "Point", "coordinates": [ -1.21063, 44.77567 ] } },
{ "type": "Feature", "properties": { "lat": 44.77635, "lon": -1.20543, "frp": 3.65, "fetch_timestamp": "2026-07-26T03:10:00" }, "geometry": { "type": "Point", "coordinates": [ -1.20543, 44.77635 ] } },
{ "type": "Feature", "properties": { "lat": 44.77908, "lon": -1.21152, "frp": 4.49, "fetch_timestamp": "2026-07-26T03:10:00" }, "geometry": { "type": "Point", "coordinates": [ -1.21152, 44.77908 ] } },
{ "type": "Feature", "properties": { "lat": 44.77976, "lon": -1.20632, "frp": 3.65, "fetch_timestamp": "2026-07-26T03:10:00" }, "geometry": { "type": "Point", "coordinates": [ -1.20632, 44.77976 ] } },
{ "type": "Feature", "properties": { "lat": 44.78374, "lon": -1.12111, "frp": 9.42, "fetch_timestamp": "2026-07-26T03:10:00" }, "geometry": { "type": "Point", "coordinates": [ -1.12111, 44.78374 ] } },
{ "type": "Feature", "properties": { "lat": 44.78442, "lon": -1.11588, "frp": 9.42, "fetch_timestamp": "2026-07-26T03:10:00" }, "geometry": { "type": "Point", "coordinates": [ -1.11588, 44.78442 ] } },
{ "type": "Feature", "properties": { "lat": 44.79029, "lon": -0.98739, "frp": 4.98, "fetch_timestamp": "2026-07-26T03:10:00" }, "geometry": { "type": "Point", "coordinates": [ -0.98739, 44.79029 ] } },
{ "type": "Feature", "properties": { "lat": 44.80814, "lon": -0.98648, "frp": 6.39, "fetch_timestamp": "2026-07-26T03:10:00" }, "geometry": { "type": "Point", "coordinates": [ -0.98648, 44.80814 ] } },
{ "type": "Feature", "properties": { "lat": 44.82121, "lon": -0.99524, "frp": 5.7, "fetch_timestamp": "2026-07-26T03:10:00" }, "geometry": { "type": "Point", "coordinates": [ -0.99524, 44.82121 ] } },
{ "type": "Feature", "properties": { "lat": 44.84111, "lon": -0.97849, "frp": 4.87, "fetch_timestamp": "2026-07-26T03:10:00" }, "geometry": { "type": "Point", "coordinates": [ -0.97849, 44.84111 ] } },
{ "type": "Feature", "properties": { "lat": 44.85421, "lon": -1.01447, "frp": 5.51, "fetch_timestamp": "2026-07-26T03:10:00" }, "geometry": { "type": "Point", "coordinates": [ -1.01447, 44.85421 ] } },
{ "type": "Feature", "properties": { "lat": 44.85833, "lon": -1.01007, "frp": 6.05, "fetch_timestamp": "2026-07-26T03:10:00" }, "geometry": { "type": "Point", "coordinates": [ -1.01007, 44.85833 ] } },
{ "type": "Feature", "properties": { "lat": 44.86865, "lon": -1.09413, "frp": 3.73, "fetch_timestamp": "2026-07-26T03:10:00" }, "geometry": { "type": "Point", "coordinates": [ -1.09413, 44.86865 ] } },
{ "type": "Feature", "properties": { "lat": 44.87002, "lon": -1.11074, "frp": 3.66, "fetch_timestamp": "2026-07-26T03:10:00" }, "geometry": { "type": "Point", "coordinates": [ -1.11074, 44.87002 ] } },
{ "type": "Feature", "properties": { "lat": 44.87165, "lon": -1.11368, "frp": 6.65, "fetch_timestamp": "2026-07-26T03:10:00" }, "geometry": { "type": "Point", "coordinates": [ -1.11368, 44.87165 ] } },
{ "type": "Feature", "properties": { "lat": 44.93467, "lon": -1.09179, "frp": 12.96, "fetch_timestamp": "2026-07-26T03:10:00" }, "geometry": { "type": "Point", "coordinates": [ -1.09179, 44.93467 ] } },
{ "type": "Feature", "properties": { "lat": 44.80283, "lon": -1.10578, "frp": 5.93, "fetch_timestamp": "2026-07-26T03:10:00" }, "geometry": { "type": "Point", "coordinates": [ -1.10578, 44.80283 ] } },
{ "type": "Feature", "properties": { "lat": 44.82067, "lon": -0.99585, "frp": 2.02, "fetch_timestamp": "2026-07-26T03:10:00" }, "geometry": { "type": "Point", "coordinates": [ -0.99585, 44.82067 ] } },
{ "type": "Feature", "properties": { "lat": 44.8866, "lon": -0.9191, "frp": 2.23, "fetch_timestamp": "2026-07-26T03:10:00" }, "geometry": { "type": "Point", "coordinates": [ -0.9191, 44.8866 ] } },
{ "type": "Feature", "properties": { "lat": 44.70958, "lon": -0.82133, "frp": 1.3, "fetch_timestamp": "2026-07-26T03:10:00" }, "geometry": { "type": "Point", "coordinates": [ -0.82133, 44.70958 ] } },
{ "type": "Feature", "properties": { "lat": 44.71114, "lon": -0.82643, "frp": 1.04, "fetch_timestamp": "2026-07-26T03:10:00" }, "geometry": { "type": "Point", "coordinates": [ -0.82643, 44.71114 ] } },
{ "type": "Feature", "properties": { "lat": 44.71269, "lon": -0.83153, "frp": 1.04, "fetch_timestamp": "2026-07-26T03:10:00" }, "geometry": { "type": "Point", "coordinates": [ -0.83153, 44.71269 ] } },
{ "type": "Feature", "properties": { "lat": 44.71399, "lon": -0.79455, "frp": 0.35, "fetch_timestamp": "2026-07-26T03:10:00" }, "geometry": { "type": "Point", "coordinates": [ -0.79455, 44.71399 ] } },
{ "type": "Feature", "properties": { "lat": 44.71489, "lon": -0.81815, "frp": 2.24, "fetch_timestamp": "2026-07-26T03:10:00" }, "geometry": { "type": "Point", "coordinates": [ -0.81815, 44.71489 ] } },
{ "type": "Feature", "properties": { "lat": 44.71554, "lon": -0.79965, "frp": 1.1, "fetch_timestamp": "2026-07-26T03:10:00" }, "geometry": { "type": "Point", "coordinates": [ -0.79965, 44.71554 ] } },
{ "type": "Feature", "properties": { "lat": 44.7158, "lon": -0.84173, "frp": 2.11, "fetch_timestamp": "2026-07-26T03:10:00" }, "geometry": { "type": "Point", "coordinates": [ -0.84173, 44.7158 ] } },
{ "type": "Feature", "properties": { "lat": 44.71646, "lon": -0.82328, "frp": 10.01, "fetch_timestamp": "2026-07-26T03:10:00" }, "geometry": { "type": "Point", "coordinates": [ -0.82328, 44.71646 ] } },
{ "type": "Feature", "properties": { "lat": 44.71709, "lon": -0.80474, "frp": 1.1, "fetch_timestamp": "2026-07-26T03:10:00" }, "geometry": { "type": "Point", "coordinates": [ -0.80474, 44.71709 ] } },
{ "type": "Feature", "properties": { "lat": 44.71736, "lon": -0.84682, "frp": 1.21, "fetch_timestamp": "2026-07-26T03:10:00" }, "geometry": { "type": "Point", "coordinates": [ -0.84682, 44.71736 ] } },
{ "type": "Feature", "properties": { "lat": 44.71801, "lon": -0.82837, "frp": 10.01, "fetch_timestamp": "2026-07-26T03:10:00" }, "geometry": { "type": "Point", "coordinates": [ -0.82837, 44.71801 ] } },
{ "type": "Feature", "properties": { "lat": 44.71891, "lon": -0.85192, "frp": 1.21, "fetch_timestamp": "2026-07-26T03:10:00" }, "geometry": { "type": "Point", "coordinates": [ -0.85192, 44.71891 ] } },
{ "type": "Feature", "properties": { "lat": 44.71956, "lon": -0.83348, "frp": 46.67, "fetch_timestamp": "2026-07-26T03:10:00" }, "geometry": { "type": "Point", "coordinates": [ -0.83348, 44.71956 ] } },
{ "type": "Feature", "properties": { "lat": 44.72112, "lon": -0.83857, "frp": 46.67, "fetch_timestamp": "2026-07-26T03:10:00" }, "geometry": { "type": "Point", "coordinates": [ -0.83857, 44.72112 ] } },
{ "type": "Feature", "properties": { "lat": 44.72266, "lon": -0.84367, "frp": 90.58, "fetch_timestamp": "2026-07-26T03:10:00" }, "geometry": { "type": "Point", "coordinates": [ -0.84367, 44.72266 ] } },
{ "type": "Feature", "properties": { "lat": 44.72333, "lon": -0.82522, "frp": 10.01, "fetch_timestamp": "2026-07-26T03:10:00" }, "geometry": { "type": "Point", "coordinates": [ -0.82522, 44.72333 ] } },
{ "type": "Feature", "properties": { "lat": 44.72356, "lon": -0.86717, "frp": 1.45, "fetch_timestamp": "2026-07-26T03:10:00" }, "geometry": { "type": "Point", "coordinates": [ -0.86717, 44.72356 ] } },
{ "type": "Feature", "properties": { "lat": 44.72422, "lon": -0.84876, "frp": 90.58, "fetch_timestamp": "2026-07-26T03:10:00" }, "geometry": { "type": "Point", "coordinates": [ -0.84876, 44.72422 ] } },
{ "type": "Feature", "properties": { "lat": 44.72487, "lon": -0.83031, "frp": 46.67, "fetch_timestamp": "2026-07-26T03:10:00" }, "geometry": { "type": "Point", "coordinates": [ -0.83031, 44.72487 ] } },
{ "type": "Feature", "properties": { "lat": 44.72577, "lon": -0.85386, "frp": 13.89, "fetch_timestamp": "2026-07-26T03:10:00" }, "geometry": { "type": "Point", "coordinates": [ -0.85386, 44.72577 ] } },
{ "type": "Feature", "properties": { "lat": 44.72643, "lon": -0.83542, "frp": 46.67, "fetch_timestamp": "2026-07-26T03:10:00" }, "geometry": { "type": "Point", "coordinates": [ -0.83542, 44.72643 ] } },
{ "type": "Feature", "properties": { "lat": 44.72732, "lon": -0.85895, "frp": 13.89, "fetch_timestamp": "2026-07-26T03:10:00" }, "geometry": { "type": "Point", "coordinates": [ -0.85895, 44.72732 ] } },
{ "type": "Feature", "properties": { "lat": 44.72886, "lon": -0.86402, "frp": 6.08, "fetch_timestamp": "2026-07-26T03:10:00" }, "geometry": { "type": "Point", "coordinates": [ -0.86402, 44.72886 ] } },
{ "type": "Feature", "properties": { "lat": 44.72952, "lon": -0.84558, "frp": 90.58, "fetch_timestamp": "2026-07-26T03:10:00" }, "geometry": { "type": "Point", "coordinates": [ -0.84558, 44.72952 ] } },
{ "type": "Feature", "properties": { "lat": 44.73018, "lon": -0.82713, "frp": 4.76, "fetch_timestamp": "2026-07-26T03:10:00" }, "geometry": { "type": "Point", "coordinates": [ -0.82713, 44.73018 ] } },
{ "type": "Feature", "properties": { "lat": 44.7304, "lon": -0.86908, "frp": 6.08, "fetch_timestamp": "2026-07-26T03:10:00" }, "geometry": { "type": "Point", "coordinates": [ -0.86908, 44.7304 ] } },
{ "type": "Feature", "properties": { "lat": 44.73107, "lon": -0.85067, "frp": 13.89, "fetch_timestamp": "2026-07-26T03:10:00" }, "geometry": { "type": "Point", "coordinates": [ -0.85067, 44.73107 ] } },
{ "type": "Feature", "properties": { "lat": 44.73173, "lon": -0.83222, "frp": 4.76, "fetch_timestamp": "2026-07-26T03:10:00" }, "geometry": { "type": "Point", "coordinates": [ -0.83222, 44.73173 ] } },
{ "type": "Feature", "properties": { "lat": 44.73194, "lon": -0.87413, "frp": 4.12, "fetch_timestamp": "2026-07-26T03:10:00" }, "geometry": { "type": "Point", "coordinates": [ -0.87413, 44.73194 ] } },
{ "type": "Feature", "properties": { "lat": 44.73261, "lon": -0.85576, "frp": 13.89, "fetch_timestamp": "2026-07-26T03:10:00" }, "geometry": { "type": "Point", "coordinates": [ -0.85576, 44.73261 ] } },
{ "type": "Feature", "properties": { "lat": 44.73328, "lon": -0.83732, "frp": 4.84, "fetch_timestamp": "2026-07-26T03:10:00" }, "geometry": { "type": "Point", "coordinates": [ -0.83732, 44.73328 ] } },
{ "type": "Feature", "properties": { "lat": 44.73347, "lon": -0.87918, "frp": 4.12, "fetch_timestamp": "2026-07-26T03:10:00" }, "geometry": { "type": "Point", "coordinates": [ -0.87918, 44.73347 ] } },
{ "type": "Feature", "properties": { "lat": 44.73394, "lon": -0.81884, "frp": 1.45, "fetch_timestamp": "2026-07-26T03:10:00" }, "geometry": { "type": "Point", "coordinates": [ -0.81884, 44.73394 ] } },
{ "type": "Feature", "properties": { "lat": 44.73416, "lon": -0.86084, "frp": 6.08, "fetch_timestamp": "2026-07-26T03:10:00" }, "geometry": { "type": "Point", "coordinates": [ -0.86084, 44.73416 ] } },
{ "type": "Feature", "properties": { "lat": 44.73482, "lon": -0.84239, "frp": 4.84, "fetch_timestamp": "2026-07-26T03:10:00" }, "geometry": { "type": "Point", "coordinates": [ -0.84239, 44.73482 ] } },
{ "type": "Feature", "properties": { "lat": 44.73501, "lon": -0.88423, "frp": 11.24, "fetch_timestamp": "2026-07-26T03:10:00" }, "geometry": { "type": "Point", "coordinates": [ -0.88423, 44.73501 ] } },
{ "type": "Feature", "properties": { "lat": 44.73548, "lon": -0.82393, "frp": 4.76, "fetch_timestamp": "2026-07-26T03:10:00" }, "geometry": { "type": "Point", "coordinates": [ -0.82393, 44.73548 ] } },
{ "type": "Feature", "properties": { "lat": 44.7357, "lon": -0.86591, "frp": 6.08, "fetch_timestamp": "2026-07-26T03:10:00" }, "geometry": { "type": "Point", "coordinates": [ -0.86591, 44.7357 ] } },
{ "type": "Feature", "properties": { "lat": 44.73614, "lon": -0.80543, "frp": 0.62, "fetch_timestamp": "2026-07-26T03:10:00" }, "geometry": { "type": "Point", "coordinates": [ -0.80543, 44.73614 ] } },
{ "type": "Feature", "properties": { "lat": 44.73636, "lon": -0.84746, "frp": 2.43, "fetch_timestamp": "2026-07-26T03:10:00" }, "geometry": { "type": "Point", "coordinates": [ -0.84746, 44.73636 ] } },
{ "type": "Feature", "properties": { "lat": 44.73655, "lon": -0.88929, "frp": 11.24, "fetch_timestamp": "2026-07-26T03:10:00" }, "geometry": { "type": "Point", "coordinates": [ -0.88929, 44.73655 ] } },
{ "type": "Feature", "properties": { "lat": 44.73703, "lon": -0.82902, "frp": 4.76, "fetch_timestamp": "2026-07-26T03:10:00" }, "geometry": { "type": "Point", "coordinates": [ -0.82902, 44.73703 ] } },
{ "type": "Feature", "properties": { "lat": 44.73724, "lon": -0.87097, "frp": 4.12, "fetch_timestamp": "2026-07-26T03:10:00" }, "geometry": { "type": "Point", "coordinates": [ -0.87097, 44.73724 ] } },
{ "type": "Feature", "properties": { "lat": 44.7379, "lon": -0.85255, "frp": 2.43, "fetch_timestamp": "2026-07-26T03:10:00" }, "geometry": { "type": "Point", "coordinates": [ -0.85255, 44.7379 ] } },
{ "type": "Feature", "properties": { "lat": 44.73809, "lon": -0.89436, "frp": 7.35, "fetch_timestamp": "2026-07-26T03:10:00" }, "geometry": { "type": "Point", "coordinates": [ -0.89436, 44.73809 ] } },
{ "type": "Feature", "properties": { "lat": 44.73877, "lon": -0.87604, "frp": 4.12, "fetch_timestamp": "2026-07-26T03:10:00" }, "geometry": { "type": "Point", "coordinates": [ -0.87604, 44.73877 ] } },
{ "type": "Feature", "properties": { "lat": 44.73962, "lon": -0.89942, "frp": 7.35, "fetch_timestamp": "2026-07-26T03:10:00" }, "geometry": { "type": "Point", "coordinates": [ -0.89942, 44.73962 ] } },
{ "type": "Feature", "properties": { "lat": 44.74031, "lon": -0.8811, "frp": 11.24, "fetch_timestamp": "2026-07-26T03:10:00" }, "geometry": { "type": "Point", "coordinates": [ -0.8811, 44.74031 ] } },
{ "type": "Feature", "properties": { "lat": 44.74115, "lon": -0.90446, "frp": 5.96, "fetch_timestamp": "2026-07-26T03:10:00" }, "geometry": { "type": "Point", "coordinates": [ -0.90446, 44.74115 ] } },
{ "type": "Feature", "properties": { "lat": 44.74185, "lon": -0.88615, "frp": 11.24, "fetch_timestamp": "2026-07-26T03:10:00" }, "geometry": { "type": "Point", "coordinates": [ -0.88615, 44.74185 ] } },
{ "type": "Feature", "properties": { "lat": 44.7432, "lon": -0.84936, "frp": 2.43, "fetch_timestamp": "2026-07-26T03:10:00" }, "geometry": { "type": "Point", "coordinates": [ -0.84936, 44.7432 ] } },
{ "type": "Feature", "properties": { "lat": 44.74339, "lon": -0.89122, "frp": 7.35, "fetch_timestamp": "2026-07-26T03:10:00" }, "geometry": { "type": "Point", "coordinates": [ -0.89122, 44.74339 ] } },
{ "type": "Feature", "properties": { "lat": 44.74492, "lon": -0.89628, "frp": 7.35, "fetch_timestamp": "2026-07-26T03:10:00" }, "geometry": { "type": "Point", "coordinates": [ -0.89628, 44.74492 ] } },
{ "type": "Feature", "properties": { "lat": 44.74561, "lon": -0.87795, "frp": 2.46, "fetch_timestamp": "2026-07-26T03:10:00" }, "geometry": { "type": "Point", "coordinates": [ -0.87795, 44.74561 ] } },
{ "type": "Feature", "properties": { "lat": 44.74672, "lon": -1.0253, "frp": 1.55, "fetch_timestamp": "2026-07-26T03:10:00" }, "geometry": { "type": "Point", "coordinates": [ -1.0253, 44.74672 ] } },
{ "type": "Feature", "properties": { "lat": 44.74682, "lon": -1.03798, "frp": 1.93, "fetch_timestamp": "2026-07-26T03:10:00" }, "geometry": { "type": "Point", "coordinates": [ -1.03798, 44.74682 ] } },
{ "type": "Feature", "properties": { "lat": 44.74715, "lon": -0.88302, "frp": 2.46, "fetch_timestamp": "2026-07-26T03:10:00" }, "geometry": { "type": "Point", "coordinates": [ -0.88302, 44.74715 ] } },
{ "type": "Feature", "properties": { "lat": 44.74822, "lon": -1.03028, "frp": 3.98, "fetch_timestamp": "2026-07-26T03:10:00" }, "geometry": { "type": "Point", "coordinates": [ -1.03028, 44.74822 ] } },
{ "type": "Feature", "properties": { "lat": 44.74831, "lon": -1.04298, "frp": 1.93, "fetch_timestamp": "2026-07-26T03:10:00" }, "geometry": { "type": "Point", "coordinates": [ -1.04298, 44.74831 ] } },
{ "type": "Feature", "properties": { "lat": 44.74869, "lon": -0.88809, "frp": 4.1, "fetch_timestamp": "2026-07-26T03:10:00" }, "geometry": { "type": "Point", "coordinates": [ -0.88809, 44.74869 ] } },
{ "type": "Feature", "properties": { "lat": 44.74879, "lon": -0.92961, "frp": 1.84, "fetch_timestamp": "2026-07-26T03:10:00" }, "geometry": { "type": "Point", "coordinates": [ -0.92961, 44.74879 ] } },
{ "type": "Feature", "properties": { "lat": 44.74911, "lon": -1.02485, "frp": 1.8, "fetch_timestamp": "2026-07-26T03:10:00" }, "geometry": { "type": "Point", "coordinates": [ -1.02485, 44.74911 ] } },
{ "type": "Feature", "properties": { "lat": 44.7498, "lon": -1.04797, "frp": 2.32, "fetch_timestamp": "2026-07-26T03:10:00" }, "geometry": { "type": "Point", "coordinates": [ -1.04797, 44.7498 ] } },
{ "type": "Feature", "properties": { "lat": 44.75032, "lon": -0.93465, "frp": 2.35, "fetch_timestamp": "2026-07-26T03:10:00" }, "geometry": { "type": "Point", "coordinates": [ -0.93465, 44.75032 ] } },
{ "type": "Feature", "properties": { "lat": 44.7506, "lon": -1.02986, "frp": 1.8, "fetch_timestamp": "2026-07-26T03:10:00" }, "geometry": { "type": "Point", "coordinates": [ -1.02986, 44.7506 ] } },
{ "type": "Feature", "properties": { "lat": 44.7509, "lon": -0.87478, "frp": 2.46, "fetch_timestamp": "2026-07-26T03:10:00" }, "geometry": { "type": "Point", "coordinates": [ -0.87478, 44.7509 ] } },
{ "type": "Feature", "properties": { "lat": 44.75127, "lon": -1.0403, "frp": 4.3, "fetch_timestamp": "2026-07-26T03:10:00" }, "geometry": { "type": "Point", "coordinates": [ -1.0403, 44.75127 ] } },
{ "type": "Feature", "properties": { "lat": 44.75184, "lon": -0.93969, "frp": 2.35, "fetch_timestamp": "2026-07-26T03:10:00" }, "geometry": { "type": "Point", "coordinates": [ -0.93969, 44.75184 ] } },
{ "type": "Feature", "properties": { "lat": 44.75211, "lon": -1.03492, "frp": 2.94, "fetch_timestamp": "2026-07-26T03:10:00" }, "geometry": { "type": "Point", "coordinates": [ -1.03492, 44.75211 ] } },
{ "type": "Feature", "properties": { "lat": 44.75245, "lon": -0.87988, "frp": 2.46, "fetch_timestamp": "2026-07-26T03:10:00" }, "geometry": { "type": "Point", "coordinates": [ -0.87988, 44.75245 ] } },
{ "type": "Feature", "properties": { "lat": 44.75277, "lon": -1.04523, "frp": 4.3, "fetch_timestamp": "2026-07-26T03:10:00" }, "geometry": { "type": "Point", "coordinates": [ -1.04523, 44.75277 ] } },
{ "type": "Feature", "properties": { "lat": 44.75337, "lon": -0.94471, "frp": 2.71, "fetch_timestamp": "2026-07-26T03:10:00" }, "geometry": { "type": "Point", "coordinates": [ -0.94471, 44.75337 ] } },
{ "type": "Feature", "properties": { "lat": 44.7535, "lon": -1.02718, "frp": 2.92, "fetch_timestamp": "2026-07-26T03:10:00" }, "geometry": { "type": "Point", "coordinates": [ -1.02718, 44.7535 ] } },
{ "type": "Feature", "properties": { "lat": 44.75359, "lon": -1.03991, "frp": 2.94, "fetch_timestamp": "2026-07-26T03:10:00" }, "geometry": { "type": "Point", "coordinates": [ -1.03991, 44.75359 ] } },
{ "type": "Feature", "properties": { "lat": 44.75399, "lon": -0.88497, "frp": 4.1, "fetch_timestamp": "2026-07-26T03:10:00" }, "geometry": { "type": "Point", "coordinates": [ -0.88497, 44.75399 ] } },
{ "type": "Feature", "properties": { "lat": 44.75409, "lon": -0.92652, "frp": 1.84, "fetch_timestamp": "2026-07-26T03:10:00" }, "geometry": { "type": "Point", "coordinates": [ -0.92652, 44.75409 ] } },
{ "type": "Feature", "properties": { "lat": 44.75436, "lon": -1.02169, "frp": 1.8, "fetch_timestamp": "2026-07-26T03:10:00" }, "geometry": { "type": "Point", "coordinates": [ -1.02169, 44.75436 ] } },
{ "type": "Feature", "properties": { "lat": 44.75507, "lon": -1.04488, "frp": 5.07, "fetch_timestamp": "2026-07-26T03:10:00" }, "geometry": { "type": "Point", "coordinates": [ -1.04488, 44.75507 ] } },
{ "type": "Feature", "properties": { "lat": 44.75552, "lon": -0.89002, "frp": 4.1, "fetch_timestamp": "2026-07-26T03:10:00" }, "geometry": { "type": "Point", "coordinates": [ -0.89002, 44.75552 ] } },
{ "type": "Feature", "properties": { "lat": 44.75562, "lon": -0.93155, "frp": 2.35, "fetch_timestamp": "2026-07-26T03:10:00" }, "geometry": { "type": "Point", "coordinates": [ -0.93155, 44.75562 ] } },
{ "type": "Feature", "properties": { "lat": 44.75586, "lon": -1.02673, "frp": 1.8, "fetch_timestamp": "2026-07-26T03:10:00" }, "geometry": { "type": "Point", "coordinates": [ -1.02673, 44.75586 ] } },
{ "type": "Feature", "properties": { "lat": 44.75634, "lon": -0.91334, "frp": 2.86, "fetch_timestamp": "2026-07-26T03:10:00" }, "geometry": { "type": "Point", "coordinates": [ -0.91334, 44.75634 ] } },
{ "type": "Feature", "properties": { "lat": 44.75655, "lon": -1.03722, "frp": 3.06, "fetch_timestamp": "2026-07-26T03:10:00" }, "geometry": { "type": "Point", "coordinates": [ -1.03722, 44.75655 ] } },
{ "type": "Feature", "properties": { "lat": 44.75705, "lon": -0.89505, "frp": 5.25, "fetch_timestamp": "2026-07-26T03:10:00" }, "geometry": { "type": "Point", "coordinates": [ -0.89505, 44.75705 ] } },
{ "type": "Feature", "properties": { "lat": 44.75714, "lon": -0.93657, "frp": 2.35, "fetch_timestamp": "2026-07-26T03:10:00" }, "geometry": { "type": "Point", "coordinates": [ -0.93657, 44.75714 ] } },
{ "type": "Feature", "properties": { "lat": 44.75736, "lon": -1.03176, "frp": 2.94, "fetch_timestamp": "2026-07-26T03:10:00" }, "geometry": { "type": "Point", "coordinates": [ -1.03176, 44.75736 ] } },
{ "type": "Feature", "properties": { "lat": 44.75787, "lon": -0.91838, "frp": 1.66, "fetch_timestamp": "2026-07-26T03:10:00" }, "geometry": { "type": "Point", "coordinates": [ -0.91838, 44.75787 ] } },
{ "type": "Feature", "properties": { "lat": 44.75793, "lon": -0.95976, "frp": 3.84, "fetch_timestamp": "2026-07-26T03:10:00" }, "geometry": { "type": "Point", "coordinates": [ -0.95976, 44.75793 ] } },
{ "type": "Feature", "properties": { "lat": 44.75803, "lon": -1.05481, "frp": 3.42, "fetch_timestamp": "2026-07-26T03:10:00" }, "geometry": { "type": "Point", "coordinates": [ -1.05481, 44.75803 ] } },
{ "type": "Feature", "properties": { "lat": 44.75805, "lon": -1.04216, "frp": 3.06, "fetch_timestamp": "2026-07-26T03:10:00" }, "geometry": { "type": "Point", "coordinates": [ -1.04216, 44.75805 ] } },
{ "type": "Feature", "properties": { "lat": 44.75857, "lon": -0.90008, "frp": 5.25, "fetch_timestamp": "2026-07-26T03:10:00" }, "geometry": { "type": "Point", "coordinates": [ -0.90008, 44.75857 ] } },
{ "type": "Feature", "properties": { "lat": 44.75866, "lon": -0.94158, "frp": 2.71, "fetch_timestamp": "2026-07-26T03:10:00" }, "geometry": { "type": "Point", "coordinates": [ -0.94158, 44.75866 ] } },
{ "type": "Feature", "properties": { "lat": 44.75876, "lon": -1.02405, "frp": 2.92, "fetch_timestamp": "2026-07-26T03:10:00" }, "geometry": { "type": "Point", "coordinates": [ -1.02405, 44.75876 ] } },
{ "type": "Feature", "properties": { "lat": 44.75885, "lon": -1.03679, "frp": 2.94, "fetch_timestamp": "2026-07-26T03:10:00" }, "geometry": { "type": "Point", "coordinates": [ -1.03679, 44.75885 ] } },
{ "type": "Feature", "properties": { "lat": 44.75928, "lon": -0.8818, "frp": 10.79, "fetch_timestamp": "2026-07-26T03:10:00" }, "geometry": { "type": "Point", "coordinates": [ -0.8818, 44.75928 ] } },
{ "type": "Feature", "properties": { "lat": 44.75951, "lon": -1.0598, "frp": 3.42, "fetch_timestamp": "2026-07-26T03:10:00" }, "geometry": { "type": "Point", "coordinates": [ -1.0598, 44.75951 ] } },
{ "type": "Feature", "properties": { "lat": 44.76018, "lon": -0.94662, "frp": 2.71, "fetch_timestamp": "2026-07-26T03:10:00" }, "geometry": { "type": "Point", "coordinates": [ -0.94662, 44.76018 ] } },
{ "type": "Feature", "properties": { "lat": 44.76028, "lon": -1.02907, "frp": 2.92, "fetch_timestamp": "2026-07-26T03:10:00" }, "geometry": { "type": "Point", "coordinates": [ -1.02907, 44.76028 ] } },
{ "type": "Feature", "properties": { "lat": 44.76033, "lon": -1.04175, "frp": 5.07, "fetch_timestamp": "2026-07-26T03:10:00" }, "geometry": { "type": "Point", "coordinates": [ -1.04175, 44.76033 ] } },
{ "type": "Feature", "properties": { "lat": 44.76081, "lon": -0.88686, "frp": 10.79, "fetch_timestamp": "2026-07-26T03:10:00" }, "geometry": { "type": "Point", "coordinates": [ -0.88686, 44.76081 ] } },
{ "type": "Feature", "properties": { "lat": 44.76099, "lon": -1.06478, "frp": 6.13, "fetch_timestamp": "2026-07-26T03:10:00" }, "geometry": { "type": "Point", "coordinates": [ -1.06478, 44.76099 ] } },
{ "type": "Feature", "properties": { "lat": 44.76105, "lon": -1.05207, "frp": 4.03, "fetch_timestamp": "2026-07-26T03:10:00" }, "geometry": { "type": "Point", "coordinates": [ -1.05207, 44.76105 ] } },
{ "type": "Feature", "properties": { "lat": 44.76112, "lon": -1.02356, "frp": 3.04, "fetch_timestamp": "2026-07-26T03:10:00" }, "geometry": { "type": "Point", "coordinates": [ -1.02356, 44.76112 ] } },
{ "type": "Feature", "properties": { "lat": 44.76162, "lon": -0.91016, "frp": 2.86, "fetch_timestamp": "2026-07-26T03:10:00" }, "geometry": { "type": "Point", "coordinates": [ -0.91016, 44.76162 ] } },
{ "type": "Feature", "properties": { "lat": 44.76171, "lon": -0.95166, "frp": 3.84, "fetch_timestamp": "2026-07-26T03:10:00" }, "geometry": { "type": "Point", "coordinates": [ -0.95166, 44.76171 ] } },
{ "type": "Feature", "properties": { "lat": 44.76181, "lon": -1.03408, "frp": 3.06, "fetch_timestamp": "2026-07-26T03:10:00" }, "geometry": { "type": "Point", "coordinates": [ -1.03408, 44.76181 ] } },
{ "type": "Feature", "properties": { "lat": 44.76234, "lon": -0.89189, "frp": 9.8, "fetch_timestamp": "2026-07-26T03:10:00" }, "geometry": { "type": "Point", "coordinates": [ -0.89189, 44.76234 ] } },
{ "type": "Feature", "properties": { "lat": 44.76242, "lon": -0.93343, "frp": 1.85, "fetch_timestamp": "2026-07-26T03:10:00" }, "geometry": { "type": "Point", "coordinates": [ -0.93343, 44.76242 ] } },
{ "type": "Feature", "properties": { "lat": 44.76256, "lon": -1.05704, "frp": 4.72, "fetch_timestamp": "2026-07-26T03:10:00" }, "geometry": { "type": "Point", "coordinates": [ -1.05704, 44.76256 ] } },
{ "type": "Feature", "properties": { "lat": 44.76262, "lon": -1.02861, "frp": 2.48, "fetch_timestamp": "2026-07-26T03:10:00" }, "geometry": { "type": "Point", "coordinates": [ -1.02861, 44.76262 ] } },
{ "type": "Feature", "properties": { "lat": 44.76315, "lon": -0.91521, "frp": 1.66, "fetch_timestamp": "2026-07-26T03:10:00" }, "geometry": { "type": "Point", "coordinates": [ -0.91521, 44.76315 ] } },
{ "type": "Feature", "properties": { "lat": 44.76323, "lon": -0.95669, "frp": 3.84, "fetch_timestamp": "2026-07-26T03:10:00" }, "geometry": { "type": "Point", "coordinates": [ -0.95669, 44.76323 ] } },
{ "type": "Feature", "properties": { "lat": 44.76329, "lon": -1.0517, "frp": 3.42, "fetch_timestamp": "2026-07-26T03:10:00" }, "geometry": { "type": "Point", "coordinates": [ -1.0517, 44.76329 ] } },
{ "type": "Feature", "properties": { "lat": 44.76331, "lon": -1.03906, "frp": 3.06, "fetch_timestamp": "2026-07-26T03:10:00" }, "geometry": { "type": "Point", "coordinates": [ -1.03906, 44.76331 ] } },
{ "type": "Feature", "properties": { "lat": 44.76386, "lon": -0.89693, "frp": 9.8, "fetch_timestamp": "2026-07-26T03:10:00" }, "geometry": { "type": "Point", "coordinates": [ -0.89693, 44.76386 ] } },
{ "type": "Feature", "properties": { "lat": 44.76394, "lon": -0.93844, "frp": 2.44, "fetch_timestamp": "2026-07-26T03:10:00" }, "geometry": { "type": "Point", "coordinates": [ -0.93844, 44.76394 ] } },
{ "type": "Feature", "properties": { "lat": 44.76407, "lon": -1.06201, "frp": 4.72, "fetch_timestamp": "2026-07-26T03:10:00" }, "geometry": { "type": "Point", "coordinates": [ -1.06201, 44.76407 ] } },
{ "type": "Feature", "properties": { "lat": 44.76411, "lon": -1.03364, "frp": 2.48, "fetch_timestamp": "2026-07-26T03:10:00" }, "geometry": { "type": "Point", "coordinates": [ -1.03364, 44.76411 ] } },
{ "type": "Feature", "properties": { "lat": 44.76467, "lon": -0.92023, "frp": 1.66, "fetch_timestamp": "2026-07-26T03:10:00" }, "geometry": { "type": "Point", "coordinates": [ -0.92023, 44.76467 ] } },
{ "type": "Feature", "properties": { "lat": 44.76475, "lon": -0.9617, "frp": 7.86, "fetch_timestamp": "2026-07-26T03:10:00" }, "geometry": { "type": "Point", "coordinates": [ -0.9617, 44.76475 ] } },
{ "type": "Feature", "properties": { "lat": 44.76477, "lon": -1.0567, "frp": 3.42, "fetch_timestamp": "2026-07-26T03:10:00" }, "geometry": { "type": "Point", "coordinates": [ -1.0567, 44.76477 ] } },
{ "type": "Feature", "properties": { "lat": 44.76482, "lon": -1.04402, "frp": 4.03, "fetch_timestamp": "2026-07-26T03:10:00" }, "geometry": { "type": "Point", "coordinates": [ -1.04402, 44.76482 ] } },
{ "type": "Feature", "properties": { "lat": 44.76538, "lon": -0.90197, "frp": 3.98, "fetch_timestamp": "2026-07-26T03:10:00" }, "geometry": { "type": "Point", "coordinates": [ -0.90197, 44.76538 ] } },
{ "type": "Feature", "properties": { "lat": 44.76546, "lon": -0.94347, "frp": 2.44, "fetch_timestamp": "2026-07-26T03:10:00" }, "geometry": { "type": "Point", "coordinates": [ -0.94347, 44.76546 ] } },
{ "type": "Feature", "properties": { "lat": 44.76557, "lon": -1.06695, "frp": 4.85, "fetch_timestamp": "2026-07-26T03:10:00" }, "geometry": { "type": "Point", "coordinates": [ -1.06695, 44.76557 ] } },
{ "type": "Feature", "properties": { "lat": 44.7656, "lon": -1.03864, "frp": 2.34, "fetch_timestamp": "2026-07-26T03:10:00" }, "geometry": { "type": "Point", "coordinates": [ -1.03864, 44.7656 ] } },
{ "type": "Feature", "properties": { "lat": 44.76619, "lon": -0.92527, "frp": 1.85, "fetch_timestamp": "2026-07-26T03:10:00" }, "geometry": { "type": "Point", "coordinates": [ -0.92527, 44.76619 ] } },
{ "type": "Feature", "properties": { "lat": 44.76625, "lon": -1.06168, "frp": 6.13, "fetch_timestamp": "2026-07-26T03:10:00" }, "geometry": { "type": "Point", "coordinates": [ -1.06168, 44.76625 ] } },
{ "type": "Feature", "properties": { "lat": 44.76627, "lon": -0.96671, "frp": 7.86, "fetch_timestamp": "2026-07-26T03:10:00" }, "geometry": { "type": "Point", "coordinates": [ -0.96671, 44.76627 ] } },
{ "type": "Feature", "properties": { "lat": 44.76691, "lon": -0.90701, "frp": 3.98, "fetch_timestamp": "2026-07-26T03:10:00" }, "geometry": { "type": "Point", "coordinates": [ -0.90701, 44.76691 ] } },
{ "type": "Feature", "properties": { "lat": 44.76698, "lon": -0.94849, "frp": 2.12, "fetch_timestamp": "2026-07-26T03:10:00" }, "geometry": { "type": "Point", "coordinates": [ -0.94849, 44.76698 ] } },
{ "type": "Feature", "properties": { "lat": 44.76708, "lon": -1.04362, "frp": 2.34, "fetch_timestamp": "2026-07-26T03:10:00" }, "geometry": { "type": "Point", "coordinates": [ -1.04362, 44.76708 ] } },
{ "type": "Feature", "properties": { "lat": 44.76771, "lon": -0.93029, "frp": 1.85, "fetch_timestamp": "2026-07-26T03:10:00" }, "geometry": { "type": "Point", "coordinates": [ -0.93029, 44.76771 ] } },
{ "type": "Feature", "properties": { "lat": 44.76783, "lon": -1.05397, "frp": 4.72, "fetch_timestamp": "2026-07-26T03:10:00" }, "geometry": { "type": "Point", "coordinates": [ -1.05397, 44.76783 ] } },
{ "type": "Feature", "properties": { "lat": 44.7685, "lon": -0.95351, "frp": 2.12, "fetch_timestamp": "2026-07-26T03:10:00" }, "geometry": { "type": "Point", "coordinates": [ -0.95351, 44.7685 ] } },
{ "type": "Feature", "properties": { "lat": 44.76854, "lon": -0.99477, "frp": 0.57, "fetch_timestamp": "2026-07-26T03:10:00" }, "geometry": { "type": "Point", "coordinates": [ -0.99477, 44.76854 ] } },
{ "type": "Feature", "properties": { "lat": 44.76922, "lon": -0.9353, "frp": 2.44, "fetch_timestamp": "2026-07-26T03:10:00" }, "geometry": { "type": "Point", "coordinates": [ -0.9353, 44.76922 ] } },
{ "type": "Feature", "properties": { "lat": 44.76931, "lon": -1.01784, "frp": 1.7, "fetch_timestamp": "2026-07-26T03:10:00" }, "geometry": { "type": "Point", "coordinates": [ -1.01784, 44.76931 ] } },
{ "type": "Feature", "properties": { "lat": 44.76934, "lon": -1.05894, "frp": 4.72, "fetch_timestamp": "2026-07-26T03:10:00" }, "geometry": { "type": "Point", "coordinates": [ -1.05894, 44.76934 ] } },
{ "type": "Feature", "properties": { "lat": 44.77002, "lon": -0.95854, "frp": 2.57, "fetch_timestamp": "2026-07-26T03:10:00" }, "geometry": { "type": "Point", "coordinates": [ -0.95854, 44.77002 ] } },
{ "type": "Feature", "properties": { "lat": 44.77074, "lon": -0.9403, "frp": 2.44, "fetch_timestamp": "2026-07-26T03:10:00" }, "geometry": { "type": "Point", "coordinates": [ -0.9403, 44.77074 ] } },
{ "type": "Feature", "properties": { "lat": 44.7708, "lon": -0.98168, "frp": 0.83, "fetch_timestamp": "2026-07-26T03:10:00" }, "geometry": { "type": "Point", "coordinates": [ -0.98168, 44.7708 ] } },
{ "type": "Feature", "properties": { "lat": 44.77155, "lon": -0.96358, "frp": 2.57, "fetch_timestamp": "2026-07-26T03:10:00" }, "geometry": { "type": "Point", "coordinates": [ -0.96358, 44.77155 ] } },
{ "type": "Feature", "properties": { "lat": 44.77225, "lon": -0.94532, "frp": 2.12, "fetch_timestamp": "2026-07-26T03:10:00" }, "geometry": { "type": "Point", "coordinates": [ -0.94532, 44.77225 ] } },
{ "type": "Feature", "properties": { "lat": 44.7723, "lon": -1.10957, "frp": 5.7, "fetch_timestamp": "2026-07-26T03:10:00" }, "geometry": { "type": "Point", "coordinates": [ -1.10957, 44.7723 ] } },
{ "type": "Feature", "properties": { "lat": 44.77281, "lon": -1.10456, "frp": 5.06, "fetch_timestamp": "2026-07-26T03:10:00" }, "geometry": { "type": "Point", "coordinates": [ -1.10456, 44.77281 ] } },
{ "type": "Feature", "properties": { "lat": 44.77306, "lon": -0.96859, "frp": 2.69, "fetch_timestamp": "2026-07-26T03:10:00" }, "geometry": { "type": "Point", "coordinates": [ -0.96859, 44.77306 ] } },
{ "type": "Feature", "properties": { "lat": 44.77377, "lon": -0.95034, "frp": 2.12, "fetch_timestamp": "2026-07-26T03:10:00" }, "geometry": { "type": "Point", "coordinates": [ -0.95034, 44.77377 ] } },
{ "type": "Feature", "properties": { "lat": 44.77379, "lon": -1.1145, "frp": 5.7, "fetch_timestamp": "2026-07-26T03:10:00" }, "geometry": { "type": "Point", "coordinates": [ -1.1145, 44.77379 ] } },
{ "type": "Feature", "properties": { "lat": 44.77428, "lon": -1.1095, "frp": 5.06, "fetch_timestamp": "2026-07-26T03:10:00" }, "geometry": { "type": "Point", "coordinates": [ -1.1095, 44.77428 ] } },
{ "type": "Feature", "properties": { "lat": 44.77451, "lon": -0.93216, "frp": 2.55, "fetch_timestamp": "2026-07-26T03:10:00" }, "geometry": { "type": "Point", "coordinates": [ -0.93216, 44.77451 ] } },
{ "type": "Feature", "properties": { "lat": 44.77574, "lon": -1.11444, "frp": 5.95, "fetch_timestamp": "2026-07-26T03:10:00" }, "geometry": { "type": "Point", "coordinates": [ -1.11444, 44.77574 ] } },
{ "type": "Feature", "properties": { "lat": 44.776, "lon": -1.21891, "frp": 1.29, "fetch_timestamp": "2026-07-26T03:10:00" }, "geometry": { "type": "Point", "coordinates": [ -1.21891, 44.776 ] } },
{ "type": "Feature", "properties": { "lat": 44.77602, "lon": -0.93717, "frp": 2.55, "fetch_timestamp": "2026-07-26T03:10:00" }, "geometry": { "type": "Point", "coordinates": [ -0.93717, 44.77602 ] } },
{ "type": "Feature", "properties": { "lat": 44.77678, "lon": -1.12437, "frp": 2.09, "fetch_timestamp": "2026-07-26T03:10:00" }, "geometry": { "type": "Point", "coordinates": [ -1.12437, 44.77678 ] } },
{ "type": "Feature", "properties": { "lat": 44.77684, "lon": -1.20109, "frp": 0.94, "fetch_timestamp": "2026-07-26T03:10:00" }, "geometry": { "type": "Point", "coordinates": [ -1.20109, 44.77684 ] } },
{ "type": "Feature", "properties": { "lat": 44.77753, "lon": -0.94217, "frp": 4.15, "fetch_timestamp": "2026-07-26T03:10:00" }, "geometry": { "type": "Point", "coordinates": [ -0.94217, 44.77753 ] } },
{ "type": "Feature", "properties": { "lat": 44.77756, "lon": -1.10654, "frp": 1.44, "fetch_timestamp": "2026-07-26T03:10:00" }, "geometry": { "type": "Point", "coordinates": [ -1.10654, 44.77756 ] } },
{ "type": "Feature", "properties": { "lat": 44.77868, "lon": -1.12435, "frp": 3.51, "fetch_timestamp": "2026-07-26T03:10:00" }, "geometry": { "type": "Point", "coordinates": [ -1.12435, 44.77868 ] } },
{ "type": "Feature", "properties": { "lat": 44.77905, "lon": -1.11146, "frp": 1.44, "fetch_timestamp": "2026-07-26T03:10:00" }, "geometry": { "type": "Point", "coordinates": [ -1.11146, 44.77905 ] } },
{ "type": "Feature", "properties": { "lat": 44.78055, "lon": -1.11639, "frp": 1.48, "fetch_timestamp": "2026-07-26T03:10:00" }, "geometry": { "type": "Point", "coordinates": [ -1.11639, 44.78055 ] } },
{ "type": "Feature", "properties": { "lat": 44.78131, "lon": -0.93404, "frp": 2.55, "fetch_timestamp": "2026-07-26T03:10:00" }, "geometry": { "type": "Point", "coordinates": [ -0.93404, 44.78131 ] } },
{ "type": "Feature", "properties": { "lat": 44.78203, "lon": -1.12131, "frp": 1.48, "fetch_timestamp": "2026-07-26T03:10:00" }, "geometry": { "type": "Point", "coordinates": [ -1.12131, 44.78203 ] } },
{ "type": "Feature", "properties": { "lat": 44.78281, "lon": -0.93904, "frp": 4.15, "fetch_timestamp": "2026-07-26T03:10:00" }, "geometry": { "type": "Point", "coordinates": [ -0.93904, 44.78281 ] } },
{ "type": "Feature", "properties": { "lat": 44.80004, "lon": -1.09907, "frp": 3.78, "fetch_timestamp": "2026-07-26T03:10:00" }, "geometry": { "type": "Point", "coordinates": [ -1.09907, 44.80004 ] } },
{ "type": "Feature", "properties": { "lat": 44.80153, "lon": -1.10403, "frp": 5.45, "fetch_timestamp": "2026-07-26T03:10:00" }, "geometry": { "type": "Point", "coordinates": [ -1.10403, 44.80153 ] } },
{ "type": "Feature", "properties": { "lat": 44.8038, "lon": -1.09103, "frp": 3.78, "fetch_timestamp": "2026-07-26T03:10:00" }, "geometry": { "type": "Point", "coordinates": [ -1.09103, 44.8038 ] } },
{ "type": "Feature", "properties": { "lat": 44.80529, "lon": -1.09599, "frp": 3.78, "fetch_timestamp": "2026-07-26T03:10:00" }, "geometry": { "type": "Point", "coordinates": [ -1.09599, 44.80529 ] } },
{ "type": "Feature", "properties": { "lat": 44.80678, "lon": -1.10094, "frp": 5.45, "fetch_timestamp": "2026-07-26T03:10:00" }, "geometry": { "type": "Point", "coordinates": [ -1.10094, 44.80678 ] } },
{ "type": "Feature", "properties": { "lat": 44.81055, "lon": -1.0929, "frp": 0.79, "fetch_timestamp": "2026-07-26T03:10:00" }, "geometry": { "type": "Point", "coordinates": [ -1.0929, 44.81055 ] } },
{ "type": "Feature", "properties": { "lat": 44.8117, "lon": -1.21516, "frp": 0.65, "fetch_timestamp": "2026-07-26T03:10:00" }, "geometry": { "type": "Point", "coordinates": [ -1.21516, 44.8117 ] } },
{ "type": "Feature", "properties": { "lat": 44.81779, "lon": -1.19422, "frp": 0.68, "fetch_timestamp": "2026-07-26T03:10:00" }, "geometry": { "type": "Point", "coordinates": [ -1.19422, 44.81779 ] } },
{ "type": "Feature", "properties": { "lat": 44.84079, "lon": -0.94579, "frp": 1.5, "fetch_timestamp": "2026-07-26T03:10:00" }, "geometry": { "type": "Point", "coordinates": [ -0.94579, 44.84079 ] } },
{ "type": "Feature", "properties": { "lat": 44.84298, "lon": -0.94387, "frp": 1.38, "fetch_timestamp": "2026-07-26T03:10:00" }, "geometry": { "type": "Point", "coordinates": [ -0.94387, 44.84298 ] } },
{ "type": "Feature", "properties": { "lat": 44.84301, "lon": -0.97402, "frp": 2.12, "fetch_timestamp": "2026-07-26T03:10:00" }, "geometry": { "type": "Point", "coordinates": [ -0.97402, 44.84301 ] } },
{ "type": "Feature", "properties": { "lat": 44.84307, "lon": -0.98503, "frp": 2.02, "fetch_timestamp": "2026-07-26T03:10:00" }, "geometry": { "type": "Point", "coordinates": [ -0.98503, 44.84307 ] } },
{ "type": "Feature", "properties": { "lat": 44.8445, "lon": -0.97903, "frp": 2.12, "fetch_timestamp": "2026-07-26T03:10:00" }, "geometry": { "type": "Point", "coordinates": [ -0.97903, 44.8445 ] } },
{ "type": "Feature", "properties": { "lat": 44.84451, "lon": -0.9489, "frp": 1.38, "fetch_timestamp": "2026-07-26T03:10:00" }, "geometry": { "type": "Point", "coordinates": [ -0.9489, 44.84451 ] } },
{ "type": "Feature", "properties": { "lat": 44.84531, "lon": -0.97197, "frp": 3.76, "fetch_timestamp": "2026-07-26T03:10:00" }, "geometry": { "type": "Point", "coordinates": [ -0.97197, 44.84531 ] } },
{ "type": "Feature", "properties": { "lat": 44.84599, "lon": -0.98402, "frp": 1.93, "fetch_timestamp": "2026-07-26T03:10:00" }, "geometry": { "type": "Point", "coordinates": [ -0.98402, 44.84599 ] } },
{ "type": "Feature", "properties": { "lat": 44.84606, "lon": -0.94265, "frp": 1.5, "fetch_timestamp": "2026-07-26T03:10:00" }, "geometry": { "type": "Point", "coordinates": [ -0.94265, 44.84606 ] } },
{ "type": "Feature", "properties": { "lat": 44.84682, "lon": -0.97695, "frp": 2.02, "fetch_timestamp": "2026-07-26T03:10:00" }, "geometry": { "type": "Point", "coordinates": [ -0.97695, 44.84682 ] } },
{ "type": "Feature", "properties": { "lat": 44.84748, "lon": -0.98901, "frp": 1.93, "fetch_timestamp": "2026-07-26T03:10:00" }, "geometry": { "type": "Point", "coordinates": [ -0.98901, 44.84748 ] } },
{ "type": "Feature", "properties": { "lat": 44.84756, "lon": -0.94768, "frp": 2.53, "fetch_timestamp": "2026-07-26T03:10:00" }, "geometry": { "type": "Point", "coordinates": [ -0.94768, 44.84756 ] } },
{ "type": "Feature", "properties": { "lat": 44.84827, "lon": -0.97087, "frp": 3.21, "fetch_timestamp": "2026-07-26T03:10:00" }, "geometry": { "type": "Point", "coordinates": [ -0.97087, 44.84827 ] } },
{ "type": "Feature", "properties": { "lat": 44.84834, "lon": -0.98194, "frp": 2.02, "fetch_timestamp": "2026-07-26T03:10:00" }, "geometry": { "type": "Point", "coordinates": [ -0.98194, 44.84834 ] } },
{ "type": "Feature", "properties": { "lat": 44.84907, "lon": -0.96388, "frp": 1.7, "fetch_timestamp": "2026-07-26T03:10:00" }, "geometry": { "type": "Point", "coordinates": [ -0.96388, 44.84907 ] } },
{ "type": "Feature", "properties": { "lat": 44.84976, "lon": -0.97587, "frp": 3.21, "fetch_timestamp": "2026-07-26T03:10:00" }, "geometry": { "type": "Point", "coordinates": [ -0.97587, 44.84976 ] } },
{ "type": "Feature", "properties": { "lat": 44.84986, "lon": -0.98691, "frp": 1.44, "fetch_timestamp": "2026-07-26T03:10:00" }, "geometry": { "type": "Point", "coordinates": [ -0.98691, 44.84986 ] } },
{ "type": "Feature", "properties": { "lat": 44.85058, "lon": -0.96885, "frp": 1.7, "fetch_timestamp": "2026-07-26T03:10:00" }, "geometry": { "type": "Point", "coordinates": [ -0.96885, 44.85058 ] } },
{ "type": "Feature", "properties": { "lat": 44.85116, "lon": -1.02212, "frp": 1.33, "fetch_timestamp": "2026-07-26T03:10:00" }, "geometry": { "type": "Point", "coordinates": [ -1.02212, 44.85116 ] } },
{ "type": "Feature", "properties": { "lat": 44.85125, "lon": -0.98088, "frp": 4.09, "fetch_timestamp": "2026-07-26T03:10:00" }, "geometry": { "type": "Point", "coordinates": [ -0.98088, 44.85125 ] } },
{ "type": "Feature", "properties": { "lat": 44.85205, "lon": -0.96274, "frp": 4.38, "fetch_timestamp": "2026-07-26T03:10:00" }, "geometry": { "type": "Point", "coordinates": [ -0.96274, 44.85205 ] } },
{ "type": "Feature", "properties": { "lat": 44.85209, "lon": -0.97382, "frp": 3.04, "fetch_timestamp": "2026-07-26T03:10:00" }, "geometry": { "type": "Point", "coordinates": [ -0.97382, 44.85209 ] } },
{ "type": "Feature", "properties": { "lat": 44.85262, "lon": -1.02703, "frp": 1.16, "fetch_timestamp": "2026-07-26T03:10:00" }, "geometry": { "type": "Point", "coordinates": [ -1.02703, 44.85262 ] } },
{ "type": "Feature", "properties": { "lat": 44.85281, "lon": -0.95575, "frp": 2.65, "fetch_timestamp": "2026-07-26T03:10:00" }, "geometry": { "type": "Point", "coordinates": [ -0.95575, 44.85281 ] } },
{ "type": "Feature", "properties": { "lat": 44.85353, "lon": -0.96774, "frp": 3.21, "fetch_timestamp": "2026-07-26T03:10:00" }, "geometry": { "type": "Point", "coordinates": [ -0.96774, 44.85353 ] } },
{ "type": "Feature", "properties": { "lat": 44.8536, "lon": -0.97881, "frp": 3.04, "fetch_timestamp": "2026-07-26T03:10:00" }, "geometry": { "type": "Point", "coordinates": [ -0.97881, 44.8536 ] } },
{ "type": "Feature", "properties": { "lat": 44.8541, "lon": -1.03196, "frp": 1.16, "fetch_timestamp": "2026-07-26T03:10:00" }, "geometry": { "type": "Point", "coordinates": [ -1.03196, 44.8541 ] } },
{ "type": "Feature", "properties": { "lat": 44.85431, "lon": -0.94952, "frp": 3.75, "fetch_timestamp": "2026-07-26T03:10:00" }, "geometry": { "type": "Point", "coordinates": [ -0.94952, 44.85431 ] } },
{ "type": "Feature", "properties": { "lat": 44.85433, "lon": -0.96075, "frp": 1.7, "fetch_timestamp": "2026-07-26T03:10:00" }, "geometry": { "type": "Point", "coordinates": [ -0.96075, 44.85433 ] } },
{ "type": "Feature", "properties": { "lat": 44.85502, "lon": -0.97272, "frp": 3.21, "fetch_timestamp": "2026-07-26T03:10:00" }, "geometry": { "type": "Point", "coordinates": [ -0.97272, 44.85502 ] } },
{ "type": "Feature", "properties": { "lat": 44.8558, "lon": -0.95454, "frp": 3.22, "fetch_timestamp": "2026-07-26T03:10:00" }, "geometry": { "type": "Point", "coordinates": [ -0.95454, 44.8558 ] } },
{ "type": "Feature", "properties": { "lat": 44.85584, "lon": -0.96573, "frp": 1.7, "fetch_timestamp": "2026-07-26T03:10:00" }, "geometry": { "type": "Point", "coordinates": [ -0.96573, 44.85584 ] } },
{ "type": "Feature", "properties": { "lat": 44.85651, "lon": -0.97772, "frp": 4.09, "fetch_timestamp": "2026-07-26T03:10:00" }, "geometry": { "type": "Point", "coordinates": [ -0.97772, 44.85651 ] } },
{ "type": "Feature", "properties": { "lat": 44.8573, "lon": -0.95956, "frp": 3.22, "fetch_timestamp": "2026-07-26T03:10:00" }, "geometry": { "type": "Point", "coordinates": [ -0.95956, 44.8573 ] } },
{ "type": "Feature", "properties": { "lat": 44.85735, "lon": -0.9707, "frp": 3.04, "fetch_timestamp": "2026-07-26T03:10:00" }, "geometry": { "type": "Point", "coordinates": [ -0.9707, 44.85735 ] } },
{ "type": "Feature", "properties": { "lat": 44.85807, "lon": -0.95258, "frp": 5.96, "fetch_timestamp": "2026-07-26T03:10:00" }, "geometry": { "type": "Point", "coordinates": [ -0.95258, 44.85807 ] } },
{ "type": "Feature", "properties": { "lat": 44.85886, "lon": -0.97567, "frp": 3.04, "fetch_timestamp": "2026-07-26T03:10:00" }, "geometry": { "type": "Point", "coordinates": [ -0.97567, 44.85886 ] } },
{ "type": "Feature", "properties": { "lat": 44.86105, "lon": -0.95135, "frp": 3.22, "fetch_timestamp": "2026-07-26T03:10:00" }, "geometry": { "type": "Point", "coordinates": [ -0.95135, 44.86105 ] } },
{ "type": "Feature", "properties": { "lat": 44.86701, "lon": -0.97139, "frp": 0.83, "fetch_timestamp": "2026-07-26T03:10:00" }, "geometry": { "type": "Point", "coordinates": [ -0.97139, 44.86701 ] } },
{ "type": "Feature", "properties": { "lat": 44.86786, "lon": -0.96437, "frp": 0.81, "fetch_timestamp": "2026-07-26T03:10:00" }, "geometry": { "type": "Point", "coordinates": [ -0.96437, 44.86786 ] } },
{ "type": "Feature", "properties": { "lat": 44.86803, "lon": -1.09949, "frp": 2.09, "fetch_timestamp": "2026-07-26T03:10:00" }, "geometry": { "type": "Point", "coordinates": [ -1.09949, 44.86803 ] } },
{ "type": "Feature", "properties": { "lat": 44.86937, "lon": -0.96936, "frp": 0.81, "fetch_timestamp": "2026-07-26T03:10:00" }, "geometry": { "type": "Point", "coordinates": [ -0.96936, 44.86937 ] } },
{ "type": "Feature", "properties": { "lat": 44.87238, "lon": -0.97931, "frp": 1.7, "fetch_timestamp": "2026-07-26T03:10:00" }, "geometry": { "type": "Point", "coordinates": [ -0.97931, 44.87238 ] } },
{ "type": "Feature", "properties": { "lat": 44.87462, "lon": -0.9662, "frp": 2.43, "fetch_timestamp": "2026-07-26T03:10:00" }, "geometry": { "type": "Point", "coordinates": [ -0.9662, 44.87462 ] } },
{ "type": "Feature", "properties": { "lat": 44.87613, "lon": -0.97119, "frp": 5.02, "fetch_timestamp": "2026-07-26T03:10:00" }, "geometry": { "type": "Point", "coordinates": [ -0.97119, 44.87613 ] } },
{ "type": "Feature", "properties": { "lat": 44.87764, "lon": -0.97617, "frp": 5.02, "fetch_timestamp": "2026-07-26T03:10:00" }, "geometry": { "type": "Point", "coordinates": [ -0.97617, 44.87764 ] } },
{ "type": "Feature", "properties": { "lat": 44.87904, "lon": -0.89858, "frp": 1.83, "fetch_timestamp": "2026-07-26T03:10:00" }, "geometry": { "type": "Point", "coordinates": [ -0.89858, 44.87904 ] } },
{ "type": "Feature", "properties": { "lat": 44.8844, "lon": -0.97802, "frp": 4.14, "fetch_timestamp": "2026-07-26T03:10:00" }, "geometry": { "type": "Point", "coordinates": [ -0.97802, 44.8844 ] } },
{ "type": "Feature", "properties": { "lat": 44.88514, "lon": -1.00099, "frp": 4.17, "fetch_timestamp": "2026-07-26T03:10:00" }, "geometry": { "type": "Point", "coordinates": [ -1.00099, 44.88514 ] } },
{ "type": "Feature", "properties": { "lat": 44.8859, "lon": -0.98299, "frp": 4.14, "fetch_timestamp": "2026-07-26T03:10:00" }, "geometry": { "type": "Point", "coordinates": [ -0.98299, 44.8859 ] } },
{ "type": "Feature", "properties": { "lat": 44.88663, "lon": -1.00593, "frp": 4.17, "fetch_timestamp": "2026-07-26T03:10:00" }, "geometry": { "type": "Point", "coordinates": [ -1.00593, 44.88663 ] } },
{ "type": "Feature", "properties": { "lat": 44.88813, "lon": -1.01089, "frp": 8.87, "fetch_timestamp": "2026-07-26T03:10:00" }, "geometry": { "type": "Point", "coordinates": [ -1.01089, 44.88813 ] } },
{ "type": "Feature", "properties": { "lat": 44.88955, "lon": -1.1098, "frp": 1.72, "fetch_timestamp": "2026-07-26T03:10:00" }, "geometry": { "type": "Point", "coordinates": [ -1.1098, 44.88955 ] } },
{ "type": "Feature", "properties": { "lat": 44.89039, "lon": -0.99787, "frp": 4.17, "fetch_timestamp": "2026-07-26T03:10:00" }, "geometry": { "type": "Point", "coordinates": [ -0.99787, 44.89039 ] } },
{ "type": "Feature", "properties": { "lat": 44.89188, "lon": -1.0028, "frp": 4.17, "fetch_timestamp": "2026-07-26T03:10:00" }, "geometry": { "type": "Point", "coordinates": [ -1.0028, 44.89188 ] } },
{ "type": "Feature", "properties": { "lat": 44.89254, "lon": -1.10725, "frp": 1.25, "fetch_timestamp": "2026-07-26T03:10:00" }, "geometry": { "type": "Point", "coordinates": [ -1.10725, 44.89254 ] } },
{ "type": "Feature", "properties": { "lat": 44.90014, "lon": -0.96854, "frp": 1.72, "fetch_timestamp": "2026-07-26T03:10:00" }, "geometry": { "type": "Point", "coordinates": [ -0.96854, 44.90014 ] } },
{ "type": "Feature", "properties": { "lat": 44.90389, "lon": -0.96042, "frp": 2.79, "fetch_timestamp": "2026-07-26T03:10:00" }, "geometry": { "type": "Point", "coordinates": [ -0.96042, 44.90389 ] } },
{ "type": "Feature", "properties": { "lat": 44.90539, "lon": -0.96539, "frp": 1.72, "fetch_timestamp": "2026-07-26T03:10:00" }, "geometry": { "type": "Point", "coordinates": [ -0.96539, 44.90539 ] } },
{ "type": "Feature", "properties": { "lat": 44.90691, "lon": -0.92919, "frp": 1.2, "fetch_timestamp": "2026-07-26T03:10:00" }, "geometry": { "type": "Point", "coordinates": [ -0.92919, 44.90691 ] } },
{ "type": "Feature", "properties": { "lat": 44.90841, "lon": -0.93418, "frp": 1.2, "fetch_timestamp": "2026-07-26T03:10:00" }, "geometry": { "type": "Point", "coordinates": [ -0.93418, 44.90841 ] } },
{ "type": "Feature", "properties": { "lat": 44.90991, "lon": -0.93917, "frp": 1.92, "fetch_timestamp": "2026-07-26T03:10:00" }, "geometry": { "type": "Point", "coordinates": [ -0.93917, 44.90991 ] } },
{ "type": "Feature", "properties": { "lat": 44.9114, "lon": -0.94414, "frp": 1.92, "fetch_timestamp": "2026-07-26T03:10:00" }, "geometry": { "type": "Point", "coordinates": [ -0.94414, 44.9114 ] } },
{ "type": "Feature", "properties": { "lat": 44.91516, "lon": -0.93601, "frp": 1.45, "fetch_timestamp": "2026-07-26T03:10:00" }, "geometry": { "type": "Point", "coordinates": [ -0.93601, 44.91516 ] } },
{ "type": "Feature", "properties": { "lat": 44.93353, "lon": -1.10018, "frp": 2.48, "fetch_timestamp": "2026-07-26T03:10:00" }, "geometry": { "type": "Point", "coordinates": [ -1.10018, 44.93353 ] } },
{ "type": "Feature", "properties": { "lat": 44.93728, "lon": -1.09217, "frp": 1.84, "fetch_timestamp": "2026-07-26T03:10:00" }, "geometry": { "type": "Point", "coordinates": [ -1.09217, 44.93728 ] } },
{ "type": "Feature", "properties": { "lat": 44.94557, "lon": -1.05813, "frp": 1.27, "fetch_timestamp": "2026-07-26T03:10:00" }, "geometry": { "type": "Point", "coordinates": [ -1.05813, 44.94557 ] } },
{ "type": "Feature", "properties": { "lat": 44.94704, "lon": -1.06307, "frp": 1.27, "fetch_timestamp": "2026-07-26T03:10:00" }, "geometry": { "type": "Point", "coordinates": [ -1.06307, 44.94704 ] } }
]
}
