{"type": "FeatureCollection", "name": "zone_active", "crs": {"type": "name", "properties": {"name": "urn:ogc:def:crs:OGC:1.3:CRS84"}}, "features": [{"type": "Feature", "properties": {"nb_detections_cluster": 32, "frp_max": 31.77, "frp_moyen": 11.79, "derniere_detection": "2026-07-26T03:10:00", "fetch_timestamp": "2026-07-26T03:10:00"}, "geometry": {"type": "Polygon", "coordinates": [[[-1.12131, 44.78203], [-1.12111, 44.78374], [-1.11588, 44.78442], [-1.11146, 44.77905], [-1.10056, 44.78059], [-1.10654, 44.77756], [-1.1095, 44.77428], [-1.10778, 44.77302], [-1.10456, 44.77281], [-1.10957, 44.7723], [-1.1145, 44.77379], [-1.11444, 44.77574], [-1.11639, 44.78055], [-1.12437, 44.77678], [-1.12435, 44.77868], [-1.12131, 44.78203]]]}}, {"type": "Feature", "properties": {"nb_detections_cluster": 19, "frp_max": 7.09, "frp_moyen": 2.72, "derniere_detection": "2026-07-26T03:10:00", "fetch_timestamp": "2026-07-26T03:10:00"}, "geometry": {"type": "Polygon", "coordinates": [[[-1.21442, 44.7759], [-1.21891, 44.776], [-1.21358, 44.77953], [-1.21152, 44.77908], [-1.20632, 44.77976], [-1.20543, 44.77635], [-1.20109, 44.77684], [-1.20257, 44.77454], [-1.20657, 44.7757], [-1.21063, 44.77567], [-1.21442, 44.7759]]]}}, {"type": "Feature", "properties": {"nb_detections_cluster": 1, "frp_max": 1.54, "frp_moyen": 1.54, "derniere_detection": "2026-07-26T01:49:00", "fetch_timestamp": "2026-07-26T03:10:00"}, "geometry": {"type": "Polygon", "coordinates": [[[-1.221071964185841, 44.78106845496936], [-1.221070067107928, 44.78075922402114], [-1.221110736081163, 44.78045134969627], [-1.221193578753623, 44.78014779694543], [-1.221317796656291, 44.77985148905242], [-1.221482192917682, 44.779565279484956], [-1.221685183812853, 44.77929192441961], [-1.22192481403471, 44.779034056205134], [-1.222198775539824, 44.778794158019615], [-1.222504429786641, 44.77857453996503], [-1.222838833151558, 44.7783773168293], [-1.223198765277857, 44.7782043877295], [-1.223580760084483, 44.77805741783187], [-1.223981139136229, 44.777937822324475], [-1.224396047054334, 44.77784675279621], [-1.224821488627046, 44.777785086153436], [-1.225253367263477, 44.77775341618044], [-1.225687524421259, 44.77775204782452], [-1.226119779629272, 44.77778099426152], [-1.226545970720975, 44.77783997676874], [-1.226961993891941, 44.77792842740752], [-1.227363843196801, 44.778045494489064], [-1.22774764910621, 44.7781900507714], [-1.228109715753347, 44.77836070430845], [-1.228446556511997, 44.77855581184713], [-1.228754927564152, 44.77877349464386], [-1.229031859134273, 44.77901165654833], [-1.229274684089606, 44.7792680041807], [-1.229481063631132, 44.7795400690087], [-1.229649009827541, 44.779825231111765], [-1.229776904774837, 44.780120744404144], [-1.229863516196464, 44.7804237630743], [-1.229908009333037, 44.78073136898608], [-1.229909955006267, 44.781040599778194], [-1.229869333778511, 44.781348477391305], [-1.229786536166862, 44.7816520367484], [-1.229662358908675, 44.781948354311794], [-1.229497997313491, 44.78223457624216], [-1.22929503377405, 44.78250794588779], [-1.22905542254618, 44.78276583033963], [-1.228781470943381, 44.78300574579564], [-1.22847581712667, 44.78322538149013], [-1.228141404703117, 44.78342262195727], [-1.227781454377561, 44.78359556741395], [-1.227399432930443, 44.78374255206534], [-1.226999019820749, 44.78386216015644], [-1.226584071736069, 44.78395323961471], [-1.226158585431733, 44.7840149131522], [-1.225726659217642, 44.78404658671972], [-1.225292453464544, 44.784047955231756], [-1.224860150511051, 44.784019005506494], [-1.224433914358537, 44.783960016393046], [-1.224017850543089, 44.78387155608388], [-1.223615966572024, 44.783754476639444], [-1.223232133306884, 44.7836099057768], [-1.22287004766576, 44.78343923600238], [-1.222533197004795, 44.783244111193206], [-1.222224825522535, 44.78302641075658], [-1.22194790301105, 44.782788231520726], [-1.221705096254975, 44.78253186753146], [-1.221498743353941, 44.78225978794969], [-1.221330831215479, 44.78197461326294], [-1.221202976434758, 44.78167909004055], [-1.221116409744754, 44.781376064475644], [-1.221071964185841, 44.78106845496936]]]}}, {"type": "Feature", "properties": {"nb_detections_cluster": 27, "frp_max": 19.67, "frp_moyen": 6.99, "derniere_detection": "2026-07-26T03:10:00", "fetch_timestamp": "2026-07-26T03:10:00"}, "geometry": {"type": "Polygon", "coordinates": [[[-1.10403, 44.80153], [-1.10578, 44.80283], [-1.10094, 44.80678], [-1.0929, 44.81055], [-1.09599, 44.80529], [-1.09103, 44.8038], [-1.08325, 44.8053], [-1.08457, 44.80036], [-1.07676, 44.79757], [-1.07188, 44.79361], [-1.08105, 44.79138], [-1.07976, 44.79638], [-1.08759, 44.79912], [-1.09236, 44.80314], [-1.09543, 44.80187], [-1.09907, 44.80004], [-1.09972, 44.79971], [-1.10403, 44.80153]]]}}, {"type": "Feature", "properties": {"nb_detections_cluster": 7, "frp_max": 1.62, "frp_moyen": 0.98, "derniere_detection": "2026-07-26T03:10:00", "fetch_timestamp": "2026-07-26T03:10:00"}, "geometry": {"type": "Polygon", "coordinates": [[[-1.2196, 44.80626], [-1.22044, 44.80264], [-1.21792, 44.81351], [-1.20518, 44.81575], [-1.21194, 44.81281], [-1.21516, 44.8117], [-1.2196, 44.80626]]]}}, {"type": "Feature", "properties": {"nb_detections_cluster": 3, "frp_max": 0.97, "frp_moyen": 0.87, "derniere_detection": "2026-07-26T03:10:00", "fetch_timestamp": "2026-07-26T03:10:00"}, "geometry": {"type": "Polygon", "coordinates": [[[-1.19162, 44.82161], [-1.19246, 44.81799], [-1.19422, 44.81779], [-1.19162, 44.82161]]]}}, {"type": "Feature", "properties": {"nb_detections_cluster": 1, "frp_max": 0.55, "frp_moyen": 0.55, "derniere_detection": "2026-07-26T01:49:00", "fetch_timestamp": "2026-07-26T03:10:00"}, "geometry": {"type": "Polygon", "coordinates": [[[-1.174558449709599, 44.824006603899534], [-1.17455680713561, 44.823697367726425], [-1.174597762003404, 44.82338950605312], [-1.174680919206838, 44.82308598370817], [-1.174805477247108, 44.82278972368224], [-1.174970235976579, 44.82250357898182], [-1.175173608179355, 44.82223030515854], [-1.175413634876225, 44.82197253377856], [-1.17568800420583, 44.821732747087275], [-1.175994073699632, 44.82151325411282], [-1.176328895735792, 44.82131616843854], [-1.176689245926566, 44.82114338785768], [-1.177071654165878, 44.8209965761063], [-1.177472438038214, 44.82087714684953], [-1.177887738267507, 44.820786250075436], [-1.178313555865184, 44.820724761026874], [-1.178745790620333, 44.82069327177801], [-1.179180280562188, 44.82069208553607], [-1.179612842015811, 44.82072121372326], [-1.180039309866244, 44.82078037586686], [-1.180455577644405, 44.820869002298465], [-1.180857637049666, 44.8209862396366], [-1.181241616529485, 44.82113095899985], [-1.181603818545383, 44.821301766871706], [-1.181940755167125, 44.82149701851294], [-1.182249181652902, 44.82171483379224], [-1.182526127692502, 44.82195311528344], [-1.182768926012813, 44.822209568454994], [-1.182975238070159, 44.82248172375813], [-1.183143076581864, 44.822766960400784], [-1.183270824679653, 44.82306253157916], [-1.183357251499868, 44.82336559092401], [-1.183401524059625, 44.82367321990721], [-1.183403215303696, 44.82398245594497], [-1.183362308243654, 44.82429032092714], [-1.183279196148418, 44.824593849898044], [-1.183154678783308, 44.82489011961237], [-1.182989954732834, 44.825176276691316], [-1.182786609880201, 44.82544956510755], [-1.182546602153567, 44.8257073527341], [-1.182272242685278, 44.82594715670125], [-1.181966173564903, 44.82616666731693], [-1.181631342399934, 44.826363770319894], [-1.181270973928926, 44.826536567250905], [-1.180888538960459, 44.82668339374564], [-1.180487720937232, 44.82680283557235], [-1.180072380447709, 44.82689374225994], [-1.179646518027645, 44.82695523818457], [-1.179214235610446, 44.82698673100781], [-1.17877969699851, 44.826987917385104], [-1.178347087737134, 44.82695878588904], [-1.177920574778503, 44.82689961711947], [-1.177504266325182, 44.82681098099947], [-1.177102172240923, 44.8266937312828], [-1.176718165410961, 44.82654899732662], [-1.176355944424827, 44.82637817320819], [-1.176018997941772, 44.8261829042911], [-1.175710571082567, 44.82596507137055], [-1.175433634171776, 44.8257267725507], [-1.175190854131698, 44.825470303028965], [-1.174984568803508, 44.82519813298248], [-1.174816764442695, 44.8249128837699], [-1.174689056605134, 44.82461730267802], [-1.174602674607308, 44.824314236457106], [-1.174558449709599, 44.824006603899534]]]}}, {"type": "Feature", "properties": {"nb_detections_cluster": 2, "frp_max": 1.46, "frp_moyen": 1.44, "derniere_detection": "2026-07-26T01:49:00", "fetch_timestamp": "2026-07-26T03:10:00"}, "geometry": {"type": "Polygon", "coordinates": [[[-1.163025878254448, 44.82705242486328], [-1.163149657249053, 44.826993103124], [-1.163532140665541, 44.82684633775827], [-1.163932995029986, 44.82672695718214], [-1.16434836038772, 44.82663611091488], [-1.164774237123199, 44.826574673713054], [-1.165206524456213, 44.82654323715159], [-1.165641059909833, 44.826542103930365], [-1.166073659370966, 44.82657128496107], [-1.166500157358719, 44.82663049926214], [-1.166916447113815, 44.82671917666298], [-1.167318520123967, 44.8268364632913], [-1.167702504705544, 44.826981229791045], [-1.168064703270821, 44.827152082191844], [-1.168401627922626, 44.827347375325665], [-1.168710034034225, 44.8275652286616], [-1.168986951491378, 44.82780354440697], [-1.169229713295975, 44.828060027700346], [-1.16943598125573, 44.82833220870283], [-1.169603768512368, 44.82861746637484], [-1.169731458690959, 44.82891305370995], [-1.169817821485377, 44.829216124183276], [-1.169862024529115, 44.82952375915941], [-1.169863641436234, 44.829832995996796], [-1.169822655934063, 44.83014085657748], [-1.169739462046858, 44.830444375988115], [-1.169614860327601, 44.83074063107534], [-1.169450050173192, 44.83102676860116], [-1.16924661829612, 44.831300032726475], [-1.169006523462759, 44.83155779155822], [-1.1687320776445, 44.831797562503944], [-1.16842592376272, 44.83201703618957], [-1.168091010241446, 44.832214098709485], [-1.167730562612637, 44.83238685199439], [-1.167348052447478, 44.83253363210028], [-1.166947163913135, 44.83265302524222], [-1.166531758277411, 44.832743881418054], [-1.166105836703704, 44.83280532549042], [-1.165673501695337, 44.83283676562039], [-1.165238917561375, 44.832837898970915], [-1.164806270285669, 44.83280871462537], [-1.164379727186599, 44.83274949369266], [-1.163963396757044, 44.832660806598284], [-1.163561289072389, 44.832543507587026], [-1.163177277148784, 44.832398726490794], [-1.1628150596247, 44.8322278578409], [-1.162478125125875, 44.832032547429854], [-1.162169718657466, 44.83181467645249], [-1.16196404225868, 44.83163765245166], [-1.161840251780756, 44.83169697295914], [-1.161457730925996, 44.831843732727336], [-1.161056834798884, 44.83196310456234], [-1.160641424740406, 44.832053938667244], [-1.160215501956602, 44.83211536011723], [-1.159783168962468, 44.8321467772913], [-1.159348590047679, 44.83214788757354], [-1.158915951145805, 44.83211868026948], [-1.158489419494546, 44.83205943670922], [-1.158073103476476, 44.83197072753615], [-1.157671013028118, 44.83185340720774], [-1.157287020999542, 44.83170860576123], [-1.156924825837519, 44.83153771792394], [-1.15658791595233, 44.831342389673175], [-1.156279536111982, 44.83112450237554], [-1.156002656187875, 44.8308861546589], [-1.155759942553131, 44.83062964219156], [-1.155553732409037, 44.83035743556419], [-1.155386011286662, 44.83007215648765], [-1.155258393939911, 44.829776552536295], [-1.15517210881349, 44.82947347068041], [-1.155127986234606, 44.82916582986284], [-1.155126450441279, 44.82885659288414], [-1.155167515523084, 44.82854873786726], [-1.155250785312396, 44.82824522957654], [-1.155375457226158, 44.8279489908672], [-1.155540330020153, 44.827662874540266], [-1.155743815380128, 44.8273896358741], [-1.155983953237327, 44.827131906096184], [-1.156258430660117, 44.82689216705119], [-1.156564604139279, 44.82667272730838], [-1.156899525051881, 44.82647569993844], [-1.157259968058309, 44.82630298217319], [-1.157642462158986, 44.8261562371437], [-1.158043324111869, 44.826036877872625], [-1.158458693889266, 44.82594605367415], [-1.158884571833118, 44.82588463909226], [-1.1593168571516, 44.82585322548408], [-1.15975138738719, 44.82585211532853], [-1.16018397847703, 44.82588131931515], [-1.16061046502081, 44.82594055624135], [-1.161026740369411, 44.826029255718694], [-1.161428796149216, 44.82614656366229], [-1.161812760842446, 44.82629135051086], [-1.162174937052814, 44.82646222209805], [-1.162511837098338, 44.82665753307109], [-1.162820216589147, 44.82687540272727], [-1.163025878254448, 44.82705242486328]]]}}, {"type": "Feature", "properties": {"nb_detections_cluster": 12, "frp_max": 30.08, "frp_moyen": 8.14, "derniere_detection": "2026-07-25T13:33:00", "fetch_timestamp": "2026-07-26T03:10:00"}, "geometry": {"type": "Polygon", "coordinates": [[[-1.13272, 44.8458], [-1.13953, 44.84978], [-1.13764, 44.85004], [-1.12866, 44.85188], [-1.12555, 44.85344], [-1.11651, 44.85531], [-1.12127, 44.85962], [-1.11345, 44.85685], [-1.11777, 44.85069], [-1.12984, 44.84727], [-1.13272, 44.8458]]]}}, {"type": "Feature", "properties": {"nb_detections_cluster": 13, "frp_max": 10.08, "frp_moyen": 5.61, "derniere_detection": "2026-07-26T03:10:00", "fetch_timestamp": "2026-07-26T03:10:00"}, "geometry": {"type": "Polygon", "coordinates": [[[-1.11074, 44.87002], [-1.11368, 44.87165], [-1.11265, 44.87194], [-1.10487, 44.86919], [-1.09949, 44.86803], [-1.09413, 44.86865], [-1.09706, 44.86643], [-1.10042, 44.8644], [-1.10139, 44.86027], [-1.10917, 44.86302], [-1.11695, 44.86577], [-1.11074, 44.87002]]]}}, {"type": "Feature", "properties": {"nb_detections_cluster": 3, "frp_max": 7.77, "frp_moyen": 6.67, "derniere_detection": "2026-07-25T13:33:00", "fetch_timestamp": "2026-07-26T03:10:00"}, "geometry": {"type": "Polygon", "coordinates": [[[-1.17362, 44.86964], [-1.1698, 44.86841], [-1.17302, 44.86519], [-1.17362, 44.86964]]]}}, {"type": "Feature", "properties": {"nb_detections_cluster": 1, "frp_max": 2.61, "frp_moyen": 2.61, "derniere_detection": "2026-07-26T01:49:00", "fetch_timestamp": "2026-07-26T03:10:00"}, "geometry": {"type": "Polygon", "coordinates": [[[-1.173414344864491, 44.87608656119437], [-1.173412707068448, 44.87577731979283], [-1.17345370619937, 44.875469453352046], [-1.173536946723567, 44.87516592674648], [-1.173661626338609, 44.87486966300782], [-1.173826543724956, 44.874583515178266], [-1.174030110137845, 44.87431023883959], [-1.174270364727003, 44.874052465582174], [-1.174544993435854, 44.87381267766941], [-1.174851351297655, 44.87359318414125], [-1.175186487913435, 44.873396098586284], [-1.17554717586614, 44.87322331879664], [-1.175929941797369, 44.87307650850071], [-1.176331099847572, 44.872957081349604], [-1.176746787138072, 44.872866187311104], [-1.177173000953769, 44.87280470160171], [-1.177605637269163, 44.87277321626344], [-1.17804053024752, 44.87277203446585], [-1.178473492333743, 44.872801167588364], [-1.178900354555834, 44.87286033511071], [-1.179317006647896, 44.87294896731274], [-1.179719436609223, 44.87306621075741], [-1.180103769319526, 44.873210936504485], [-1.18046630383924, 44.87338175097604], [-1.180803549036425, 44.87357700936929], [-1.181112257197766, 44.87379483148795], [-1.181389455300349, 44.87403311983993], [-1.181632473643294, 44.8742895798277], [-1.181838971563483, 44.87456174183684], [-1.182006959987545, 44.87484698501071], [-1.182134820602543, 44.87514256248266], [-1.182221321460126, 44.87544562782279], [-1.182265628863187, 44.87575326244524], [-1.182267315419658, 44.87606250371191], [-1.182226364184959, 44.87637037346234], [-1.182143168852154, 44.876673906694876], [-1.182018529986993, 44.87697018012315], [-1.181853647343025, 44.87725634033258], [-1.181650108329877, 44.87752963126566], [-1.18140987274487, 44.87778742077117], [-1.181135253914256, 44.87802722596125], [-1.180828896425169, 44.878246737132095], [-1.180493750662252, 44.87844384001701], [-1.180133044394081, 44.878616636157965], [-1.179750251682908, 44.87876346119814], [-1.179349059417424, 44.87888290091985], [-1.178933331791178, 44.87897380487222], [-1.17850707306935, 44.87903529745774], [-1.178074389003158, 44.87906678637019], [-1.177639447264371, 44.87906796830263], [-1.177206437281928, 44.87903883187048], [-1.176779529868443, 44.87897965772118], [-1.176362837026499, 44.87889101582954], [-1.175960372322796, 44.878773760005], [-1.17557601221275, 44.878629019663514], [-1.175213458688887, 44.87845818894387], [-1.174876203613463, 44.878262913273254], [-1.174567495079409, 44.878045073511956], [-1.174290306123964, 44.877806767829995], [-1.174047306096484, 44.87755029149093], [-1.173840834956239, 44.87727811473754], [-1.173672880747459, 44.87699285899308], [-1.173545060468207, 44.87669727160726], [-1.173458604516753, 44.87639419939099], [-1.173414344864491, 44.87608656119437]]]}}, {"type": "Feature", "properties": {"nb_detections_cluster": 1, "frp_max": 2.73, "frp_moyen": 2.73, "derniere_detection": "2026-07-26T01:49:00", "fetch_timestamp": "2026-07-26T03:10:00"}, "geometry": {"type": "Polygon", "coordinates": [[[-1.165793805132799, 44.882646257856244], [-1.165792209123365, 44.88233701570487], [-1.165833254835618, 44.8820291514427], [-1.165916546287122, 44.881725629923125], [-1.166041280684895, 44.88142937412883], [-1.16620625618174, 44.88114323702547], [-1.166409883473242, 44.88086997409147], [-1.16665020112285, 44.880612216788066], [-1.166924894466745, 44.880372447225035], [-1.167231317915812, 44.88015297426555], [-1.16756652043957, 44.879955911300144], [-1.167927273986404, 44.87978315590339], [-1.168310104566388, 44.87963637156876], [-1.168711325697577, 44.87951697169739], [-1.169127073893997, 44.87942610599437], [-1.169553345854205, 44.879364649403335], [-1.169986036992943, 44.87933319368597], [-1.170420980945685, 44.87933204172658], [-1.170853989666585, 44.879361204617254], [-1.171280893734668, 44.87942040155114], [-1.171697582481134, 44.87950906252486], [-1.172100043552341, 44.879626333824305], [-1.172484401528416, 44.879771086241036], [-1.17284695522645, 44.87994192594035], [-1.173184213329745, 44.88013720787649], [-1.173492928000592, 44.88035505162642], [-1.173770126153257, 44.880593359489815], [-1.174013138086209, 44.88084983668118], [-1.174219623197877, 44.88112201342038], [-1.17438759253804, 44.88140726870894], [-1.174515427977336, 44.88170285556347], [-1.174601897809659, 44.88200592746369], [-1.174646168636489, 44.88231356576052], [-1.174647813417816, 44.882622807780436], [-1.174606815611215, 44.88293067535563], [-1.174523569358129, 44.883234203505395], [-1.174398875714593, 44.883530468992234], [-1.174233934961638, 44.883816618478036], [-1.174030335068495, 44.8840898960085], [-1.173790036418808, 44.88434766956147], [-1.173515352946242, 44.884587456402706], [-1.173208929860563, 44.88480694700506], [-1.172873718178285, 44.88500402729997], [-1.172512946302981, 44.88517679904692], [-1.172130088928926, 44.88532359812407], [-1.171728833567754, 44.885443010563776], [-1.171313045020871, 44.885533886177946], [-1.170886728140368, 44.88559534964203], [-1.170453989237766, 44.88562680893029], [-1.170018996513129, 44.885627961021136], [-1.169585939886579, 44.88559879481744], [-1.169158990620079, 44.88553959125338], [-1.168742261119375, 44.885450920587104], [-1.168339765304278, 44.88533363690523], [-1.167955379929844, 44.885188869892005], [-1.167592807231888, 44.885018013943125], [-1.167255539257264, 44.884822714728784], [-1.16694682422303, 44.88460485333598], [-1.166669635228887, 44.88436652814309], [-1.166426641624404, 44.88411003460156], [-1.166220183306806, 44.883837843119814], [-1.166052248196628, 44.88355257526291], [-1.165924453107794, 44.883256978497236], [-1.165838028195764, 44.882953899723944], [-1.165793805132799, 44.882646257856244]]]}}, {"type": "Feature", "properties": {"nb_detections_cluster": 9, "frp_max": 7.11, "frp_moyen": 3.04, "derniere_detection": "2026-07-26T03:10:00", "fetch_timestamp": "2026-07-26T03:10:00"}, "geometry": {"type": "Polygon", "coordinates": [[[-1.1098, 44.88955], [-1.11039, 44.89074], [-1.1074, 44.89312], [-1.10725, 44.89254], [-1.09965, 44.89039], [-1.10764, 44.8901], [-1.10848, 44.88649], [-1.10399, 44.88424], [-1.11175, 44.88698], [-1.1098, 44.88955]]]}}, {"type": "Feature", "properties": {"nb_detections_cluster": 3, "frp_max": 7.66, "frp_moyen": 5.61, "derniere_detection": "2026-07-25T13:33:00", "fetch_timestamp": "2026-07-26T03:10:00"}, "geometry": {"type": "Polygon", "coordinates": [[[-1.12640718963684, 44.896680136209106], [-1.126630526594121, 44.89644092148719], [-1.126905468340645, 44.8962012497523], [-1.127212134663228, 44.89598188615175], [-1.127547572193099, 44.89578494302285], [-1.127908550616177, 44.895612316786156], [-1.128291593777665, 44.89546566969132], [-1.128693013149149, 44.895346413817954], [-1.129108943336284, 44.89525569748448], [-1.129535379285683, 44.895194394196345], [-1.129968214833422, 44.89516309423896], [-1.130403282224771, 44.89516209899686], [-1.130836392225503, 44.89519141805318], [-1.131263374439518, 44.89525076909728], [-1.131680117445529, 44.8953395806419], [-1.132082608367281, 44.89545699752308], [-1.132466971497209, 44.895601889130525], [-1.132829505602402, 44.895772860289156], [-1.133166719554349, 44.89596826468735], [-1.133475365939928, 44.89618622072277], [-1.133752472330317, 44.89642462961365], [-1.133995369906935, 44.89668119560156], [-1.134201719168715, 44.89695344805111], [-1.13436953247293, 44.89723876523455], [-1.134497193192149, 44.89753439957223], [-1.134583471302186, 44.89783750408637], [-1.134627535250265, 44.89814515981358], [-1.134628959988207, 44.8984544039122], [-1.134587731092318, 44.89876225819415], [-1.134504244929305, 44.899065757806504], [-1.134379304865565, 44.89936197978633], [-1.134214113555354, 44.89964807121432], [-1.134010261381121, 44.89992127669511], [-1.133769711156482, 44.900178964900256], [-1.133494779238411, 44.90041865391739], [-1.133188113229953, 44.90063803516136], [-1.132852666487812, 44.90083499561682], [-1.132491669680092, 44.901007638197385], [-1.132108599668098, 44.90115430002526], [-1.131707146012096, 44.901273568454734], [-1.131291175423966, 44.90136429468477], [-1.130864694509682, 44.9014256048297], [-1.130431811161142, 44.90145690834053], [-1.129996694970038, 44.90145790369618], [-1.12956353704594, 44.90142858130921], [-1.129136509626619, 44.90136922361818], [-1.128719725870575, 44.901280402365835], [-1.128317200220063, 44.90116297308919], [-1.127932809717257, 44.90101806687488], [-1.127570256646991, 44.90084707945932], [-1.127233032866593, 44.90065165777887], [-1.126924386166889, 44.90043368410006], [-1.126647288988769, 44.9001952578826], [-1.126632833135651, 44.9001799865164], [-1.126409481308349, 44.900419201519576], [-1.126134516779421, 44.90065887233956], [-1.125827820687632, 44.90087823328262], [-1.125492346679533, 44.90107517152892], [-1.125131325685943, 44.90124779020594], [-1.124748234801215, 44.90139442666615], [-1.124346763786743, 44.90151366850812], [-1.123930779521676, 44.90160436718695], [-1.123504288743784, 44.9016656490823], [-1.123071399440015, 44.901696923917314], [-1.122636281259439, 44.901697890447096], [-1.122203125330798, 44.90166853936187], [-1.121776103872625, 44.90160915337663], [-1.121359329985969, 44.90152030450666], [-1.120956818017969, 44.901402848554966], [-1.120572444878938, 44.901257916865106], [-1.120209912686387, 44.901086905418886], [-1.11987271309646, 44.90089146138412], [-1.119564093666887, 44.9006734672426], [-1.119287026575804, 44.90043502265116], [-1.119044179997885, 44.900178424211035], [-1.118837892413472, 44.89990614334079], [-1.118670150097925, 44.899620802466195], [-1.118542568007565, 44.8993251497566], [-1.118456374245755, 44.899022032651686], [-1.118412398257955, 44.89871437043355], [-1.118411062868598, 44.89840512610863], [-1.118452380235516, 44.89809727787039], [-1.118535951759859, 44.897793790417644], [-1.118660971951329, 44.89749758640466], [-1.118826236210513, 44.89721151829819], [-1.119030152452358, 44.89693834091197], [-1.119270756458041, 44.896680684883165], [-1.119545730806592, 44.89644103134611], [-1.119852427203413, 44.896221688046474], [-1.120187891990231, 44.896024767126136], [-1.120548894590594, 44.89585216479173], [-1.12093195861699, 44.895705543062775], [-1.121333395340177, 44.895586313774594], [-1.121749339198801, 44.895495624989636], [-1.122175785007888, 44.895434349948005], [-1.12260862650862, 44.895403078663236], [-1.123043695888963, 44.89540211224372], [-1.123476803895546, 44.89543145999505], [-1.123903780151455, 44.89549083933033], [-1.124320513292735, 44.89557967848983], [-1.124722990538072, 44.89569712204372], [-1.125107336311522, 44.89584203912485], [-1.12546984954722, 44.89601303431285], [-1.125807039317524, 44.896208461064695], [-1.126115658442064, 44.896426437562766], [-1.12639273475443, 44.896664864828274], [-1.12640718963684, 44.896680136209106]]]}}, {"type": "Feature", "properties": {"nb_detections_cluster": 5, "frp_max": 4.75, "frp_moyen": 4.42, "derniere_detection": "2026-07-25T03:30:00", "fetch_timestamp": "2026-07-26T03:10:00"}, "geometry": {"type": "Polygon", "coordinates": [[[-1.1194, 44.92213], [-1.11514, 44.92829], [-1.11334, 44.92588], [-1.11162, 44.91935], [-1.11765, 44.91972], [-1.1194, 44.92213]]]}}, {"type": "Feature", "properties": {"nb_detections_cluster": 154, "frp_max": 15.06, "frp_moyen": 6.04, "derniere_detection": "2026-07-26T03:10:00", "fetch_timestamp": "2026-07-26T03:10:00"}, "geometry": {"type": "Polygon", "coordinates": [[[-1.06695, 44.76557], [-1.06906, 44.76949], [-1.06168, 44.76625], [-1.05894, 44.76934], [-1.05692, 44.77293], [-1.05401, 44.77398], [-1.04905, 44.77016], [-1.04362, 44.76708], [-1.04113, 44.76736], [-1.03828, 44.76835], [-1.0317, 44.76537], [-1.02861, 44.76262], [-1.02356, 44.76112], [-1.02405, 44.75876], [-1.02169, 44.75436], [-1.02485, 44.74911], [-1.02193, 44.74623], [-1.0253, 44.74672], [-1.03028, 44.74822], [-1.03798, 44.74682], [-1.04298, 44.74831], [-1.04797, 44.7498], [-1.04523, 44.75277], [-1.04488, 44.75507], [-1.04216, 44.75805], [-1.04175, 44.76033], [-1.04402, 44.76482], [-1.0517, 44.76329], [-1.05207, 44.76105], [-1.05481, 44.75803], [-1.0598, 44.75951], [-1.06478, 44.76099], [-1.06695, 44.76557]]]}}, {"type": "Feature", "properties": {"nb_detections_cluster": 2, "frp_max": 3.79, "frp_moyen": 3.79, "derniere_detection": "2026-07-25T03:30:00", "fetch_timestamp": "2026-07-26T03:10:00"}, "geometry": {"type": "Polygon", "coordinates": [[[-1.09956019983833, 44.89729524873403], [-1.099726434025848, 44.89715044324187], [-1.100033211746835, 44.89693115461654], [-1.100368750302311, 44.89673429350706], [-1.100729818405743, 44.896561755544084], [-1.101112939039121, 44.89641520212726], [-1.101514422928353, 44.89629604443406], [-1.101930404058111, 44.896205429837565], [-1.102356876884695, 44.89614423086353], [-1.102789734889242, 44.89611303679296], [-1.103224810100871, 44.89611214799079], [-1.103657913210071, 44.896141573015285], [-1.104084873887041, 44.89620102853543], [-1.104501580917746, 44.896289942057955], [-1.104904021772148, 44.89640745743694], [-1.105288321224536, 44.89655244311368], [-1.105650778654859, 44.89672350300719], [-1.105987903672593, 44.896918989951374], [-1.10629644972063, 44.897137021548936], [-1.10657344533597, 44.897375498290494], [-1.106816222766379, 44.897632123764055], [-1.107022443667403, 44.89790442676134], [-1.107190121632086, 44.89818978506767], [-1.107317641336027, 44.89848545070725], [-1.107403774112803, 44.89878857640069], [-1.107447689809072, 44.89909624298048], [-1.107448964804274, 44.89940548750026], [-1.107407586116797, 44.89971333176777], [-1.107323951555985, 44.90001681102627], [-1.107198865917555, 44.9003130025088], [-1.107033533257968, 44.90059905358948], [-1.106829545321269, 44.90087220926148], [-1.106588866228929, 44.90112983867589], [-1.106313813579423, 44.9013694604865], [-1.106007036138977, 44.90158876675535], [-1.105671488337929, 44.901785645189136], [-1.105310401818115, 44.9019581994914], [-1.104927254305274, 44.90210476763462], [-1.104525736106462, 44.90222393787539], [-1.104109714555505, 44.90231456235843], [-1.103683196749469, 44.902375768178054], [-1.103250290935749, 44.9024069657902], [-1.102815166922506, 44.90240785469376], [-1.102382015894672, 44.90237842632668], [-1.101955010023533, 44.90231896414834], [-1.10153826225991, 44.90223004090795], [-1.101135786699185, 44.90211251312482], [-1.100751459900812, 44.901967512834396], [-1.100388983535735, 44.90179643667923], [-1.100051848722128, 44.901600932450314], [-1.099743302393552, 44.90138288320924], [-1.099466316023783, 44.901144389143404], [-1.099223557009758, 44.90088774733054], [-1.099017362988197, 44.900615429606844], [-1.098849719333093, 44.90033005875296], [-1.09872224005035, 44.900034383226846], [-1.098636152253026, 44.899731250687815], [-1.098592284365931, 44.89942358056646], [-1.098591058172341, 44.89911433594524], [-1.098632484778453, 44.898806495020345], [-1.098716164533433, 44.898503022420016], [-1.098719602443917, 44.89849488471917], [-1.098553361676424, 44.89863968876499], [-1.098246568834035, 44.89885897341969], [-1.097911010131857, 44.89905582824883], [-1.097549917316834, 44.899228357183304], [-1.097166768175434, 44.899374898439866], [-1.096765253030474, 44.8994940405341], [-1.096349239186421, 44.89958463588182], [-1.095922733666137, 44.89964581185799], [-1.095489844598691, 44.899676979205964], [-1.095054741630931, 44.89967783771622], [-1.094621615745037, 44.89964837911936], [-1.094194638870076, 44.89958888716604], [-1.0937779236775, 44.89949993489217], [-1.093375483948883, 44.89938237909677], [-1.092991195898454, 44.8992373520851], [-1.092628760823835, 44.89906625075703], [-1.0922916694454, 44.89887072314605], [-1.091983168278252, 44.89865265253889], [-1.091706228361105, 44.89841413932877], [-1.091463516643405, 44.89815748077773], [-1.091257370306281, 44.8978851488832], [-1.091089774264424, 44.89759976656223], [-1.090962342065144, 44.89730408238318], [-1.090876300368038, 44.89700094408866], [-1.090832477153957, 44.89669327116466], [-1.090831293775991, 44.89638402672053], [-1.090872760928064, 44.89607618895077], [-1.090956478568959, 44.89577272245314], [-1.091081639801427, 44.895476549679984], [-1.091247038668066, 44.895190522797016], [-1.09145108178786, 44.894917396220826], [-1.091691803720515, 44.89465980009919], [-1.091966885909836, 44.8944202149894], [-1.092273679023147, 44.89420094797816], [-1.092609228471234, 44.89400411047259], [-1.092970302862784, 44.89383159787604], [-1.093353425119331, 44.8936850713439], [-1.093754905951229, 44.893565941794755], [-1.094170879372643, 44.893475356330654], [-1.094597339914129, 44.89341418719683], [-1.095030181175129, 44.89338302338701], [-1.09546523534597, 44.89338216497473], [-1.095898313319708, 44.89341162022558], [-1.096325245008517, 44.89347110551754], [-1.096741919477419, 44.89356004807068], [-1.097144324509832, 44.89367759145953], [-1.097528585224884, 44.893822603855625], [-1.09789100137543, 44.89399368892076], [-1.098228082968342, 44.894189199246384], [-1.098536583864568, 44.89440725221008], [-1.098813533035806, 44.89464574809665], [-1.099056263176979, 44.89490239030976], [-1.099262436398955, 44.89517470747987], [-1.099430066753874, 44.89546007725578], [-1.099557539375793, 44.895755751551185], [-1.099643626051696, 44.89605888300335], [-1.099687497072224, 44.89636655238921], [-1.099688729247111, 44.89667579673535], [-1.09964731000719, 44.89698363785111], [-1.099563637552449, 44.89728711101011], [-1.09956019983833, 44.89729524873403]]]}}, {"type": "Feature", "properties": {"nb_detections_cluster": 90, "frp_max": 25.71, "frp_moyen": 8.4, "derniere_detection": "2026-07-26T03:10:00", "fetch_timestamp": "2026-07-26T03:10:00"}, "geometry": {"type": "Polygon", "coordinates": [[[-1.10124, 44.92931], [-1.10345, 44.93414], [-1.09669, 44.93706], [-1.09254, 44.94159], [-1.08669, 44.94123], [-1.07898, 44.93849], [-1.07461, 44.94463], [-1.06463, 44.94439], [-1.06307, 44.94704], [-1.06243, 44.948], [-1.0579, 44.9473], [-1.05059, 44.94571], [-1.04815, 44.94909], [-1.04749, 44.94951], [-1.04253, 44.94863], [-1.03475, 44.94587], [-1.03914, 44.93974], [-1.0314, 44.93699], [-1.03698, 44.93752], [-1.04348, 44.93358], [-1.04914, 44.93409], [-1.05355, 44.92796], [-1.06135, 44.93069], [-1.0657, 44.92453], [-1.0735, 44.92727], [-1.08131, 44.93], [-1.08755, 44.92616], [-1.09344, 44.92658], [-1.10124, 44.92931]]]}}, {"type": "Feature", "properties": {"nb_detections_cluster": 5, "frp_max": 4.8, "frp_moyen": 2.66, "derniere_detection": "2026-07-26T01:49:00", "fetch_timestamp": "2026-07-26T03:10:00"}, "geometry": {"type": "Polygon", "coordinates": [[[-1.002463027047507, 44.759409741724824], [-1.002462332278944, 44.7591005105459], [-1.002504181727274, 44.758792719905465], [-1.002588171673216, 44.75848933394691], [-1.002713492600838, 44.758193274346425], [-1.00287893701851, 44.75790739217936], [-1.003082911110071, 44.75763444046827], [-1.00332345010322, 44.75737704767656], [-1.003598237206342, 44.75713769240322], [-1.003904625930823, 44.75691867952142], [-1.004239665583517, 44.75672211799095], [-1.004600129683604, 44.75654990055748], [-1.004982547030218, 44.756403685534124], [-1.005383235121793, 44.756284880839814], [-1.005798335605725, 44.75619463044855], [-1.006223851417472, 44.75613380337906], [-1.006655685252187, 44.756102985331374], [-1.007089678999224, 44.75610247304974], [-1.007521653760681, 44.75613227146686], [-1.007947450069608, 44.75619209365644], [-1.008362967921594, 44.75628136359448], [-1.008764206235188, 44.75639922170308], [-1.00914730136212, 44.75654453312322], [-1.009508564277285, 44.756715898637204], [-1.009844516091068, 44.7569116681358], [-1.010151921542584, 44.75712995650066], [-1.010427820151683, 44.75736866174944], [-1.010669554729885, 44.75762548526945], [-1.010874796975717, 44.75789795394475], [-1.011041569907712, 44.758183443964725], [-1.011168266918671, 44.758479206084644], [-1.011253667267098, 44.758782392095405], [-1.011296947855892, 44.75909008224802], [-1.011297691184011, 44.7593993133685], [-1.011255889393569, 44.75970710739296], [-1.011171944372383, 44.76001050004802], [-1.011046663909947, 44.760306569400115], [-1.010881253942842, 44.760592463999146], [-1.010677306963308, 44.76086543034481], [-1.010436786701749, 44.76112283941128], [-1.010162009229935, 44.76136221197417], [-1.009855620666354, 44.76158124249587], [-1.009520571697969, 44.761777821338704], [-1.009160089163597, 44.76195005509165], [-1.008777644972523, 44.76209628481453], [-1.008376922657929, 44.762215102023454], [-1.007961781887593, 44.76230536226354], [-1.007536221274239, 44.76236619613752], [-1.007104339844415, 44.7623970176839], [-1.00667029753782, 44.76239753002398], [-1.006238275118476, 44.76236772822281], [-1.005812433884793, 44.76230789933674], [-1.00539687556762, 44.76221861964711], [-1.00499560280346, 44.76210074910654], [-1.0046124805645, 44.76195542305182], [-1.004251198917745, 44.76178404126306], [-1.003915237472656, 44.761588254474916], [-1.003607831860238, 44.76136994847018], [-1.003331942566832, 44.76113122590902], [-1.003090226422915, 44.76087438606953], [-1.002885011021544, 44.76060190269471], [-1.002718272312567, 44.7603164001601], [-1.002591615588012, 44.7600206281914], [-1.002506260041193, 44.759717435376125], [-1.002463027047507, 44.759409741724824]]]}}, {"type": "Feature", "properties": {"nb_detections_cluster": 5, "frp_max": 1.64, "frp_moyen": 1.19, "derniere_detection": "2026-07-26T03:10:00", "fetch_timestamp": "2026-07-26T03:10:00"}, "geometry": {"type": "Polygon", "coordinates": [[[-0.997654888965992, 44.76615499781329], [-0.997735509041624, 44.76620198450115], [-0.998042918269622, 44.766420307161106], [-0.998318811057243, 44.766659043328204], [-0.998560530271821, 44.76691589409192], [-0.998765747759555, 44.76718838607403], [-0.998932486777105, 44.76747389523932], [-0.999059141043574, 44.76776967215866], [-0.999144490228805, 44.768072868480395], [-0.999187711728132, 44.76838056435611], [-0.999188388609307, 44.76868979655663], [-0.999146513654134, 44.76899758700764], [-0.999062489454859, 44.76930097147004], [-0.998937124563373, 44.76959702808912], [-0.99877162572928, 44.76988290553734], [-0.998567586300649, 44.770155850479505], [-0.998326970898263, 44.770413234095884], [-0.998052096510262, 44.770652577407134], [-0.997745610188654, 44.77087157515735], [-0.997410463562079, 44.77106811802446], [-0.997049884410108, 44.77124031294391], [-0.996667345572796, 44.771386501349525], [-0.996266531495126, 44.77150527515539], [-0.995851302728917, 44.77159549032465], [-0.995425658734655, 44.77165627789414], [-0.994993699342188, 44.77168705234844], [-0.994559585242307, 44.77168751726239], [-0.994127497890672, 44.771657668157886], [-0.993701599211216, 44.77159779254688], [-0.993285991488149, 44.7715084671608], [-0.992884677833859, 44.77139055239241], [-0.992501523614335, 44.7712451840045], [-0.992140219204526, 44.77107376218489], [-0.991804244433005, 44.770877938053815], [-0.991496835058953, 44.77065959775371], [-0.991220951604723, 44.770420844275044], [-0.990979250844303, 44.77016397719361], [-0.990774060222312, 44.76989147051481], [-0.990607355449654, 44.76960594883851], [-0.990480741491215, 44.76931016207472], [-0.990395437128136, 44.7690069589534], [-0.990352263242593, 44.768699259584245], [-0.990351634937063, 44.76839002733068], [-0.990393557563007, 44.768082240269074], [-0.990477626696218, 44.767778862508266], [-0.990603032058019, 44.767482815645415], [-0.990624991459588, 44.767444893394185], [-0.99054437554233, 44.767397901514315], [-0.990236990076465, 44.76717955798437], [-0.989961129037066, 44.76694080165894], [-0.989719448982252, 44.766683932141255], [-0.989514277157247, 44.76641142346018], [-0.989347589091958, 44.76612590023485], [-0.989220989590417, 44.76583011239015], [-0.989135697294595, 44.765526908666494], [-0.989092532970526, 44.76521920917935], [-0.989091911628684, 44.76490997729327], [-0.989133838553554, 44.764602191081096], [-0.989217909279616, 44.764298814643425], [-0.989343313512942, 44.76400276956472], [-0.989508842959629, 44.763716906780445], [-0.989712902984706, 44.76344397912633], [-0.989953527988404, 44.76318661483417], [-0.990228400350937, 44.762947292228354], [-0.990534872762803, 44.762728315867456], [-0.990869993725135, 44.76253179435953], [-0.991230535974321, 44.76235962006489], [-0.991613027557145, 44.76221345088118], [-0.992013785257387, 44.76209469428589], [-0.992428950052341, 44.76200449378988], [-0.992854524258367, 44.76194371793146], [-0.993286410008477, 44.76191295191752], [-0.993720448692234, 44.76191249199128], [-0.994152460979118, 44.76194234258134], [-0.994578287040888, 44.76200221625899], [-0.994993826586638, 44.76209153650451], [-0.995395078325983, 44.76220944325552], [-0.995778178481293, 44.76235480118467], [-0.99613943797892, 44.76252621062638], [-0.996475377961998, 44.76272202104839], [-0.996782763283379, 44.76294034693827], [-0.997058633656535, 44.763179085952345], [-0.997300332164657, 44.763435939152615], [-0.997505530853374, 44.763708433137374], [-0.997672253160417, 44.763993943852185], [-0.997798892965866, 44.76428972185293], [-0.997884230078891, 44.76459291877754], [-0.997927442011161, 44.76490061477182], [-0.997928111922643, 44.76520984660544], [-0.997886232662348, 44.76551763620756], [-0.997802206864073, 44.7658210193473], [-0.997676843095199, 44.76611707418267], [-0.997654888965992, 44.76615499781329]]]}}, {"type": "Feature", "properties": {"nb_detections_cluster": 4, "frp_max": 4.01, "frp_moyen": 2.48, "derniere_detection": "2026-07-26T03:10:00", "fetch_timestamp": "2026-07-26T03:10:00"}, "geometry": {"type": "Polygon", "coordinates": [[[-1.01784, 44.76931], [-1.01173, 44.76453], [-1.01685, 44.7678], [-1.01784, 44.76931]]]}}, {"type": "Feature", "properties": {"nb_detections_cluster": 32, "frp_max": 12.38, "frp_moyen": 4.66, "derniere_detection": "2026-07-26T01:49:00", "fetch_timestamp": "2026-07-26T03:10:00"}, "geometry": {"type": "Polygon", "coordinates": [[[-0.99233, 44.80615], [-0.99046, 44.81133], [-0.98796, 44.81234], [-0.98002, 44.80952], [-0.9825, 44.80855], [-0.98442, 44.80334], [-0.98224, 44.80277], [-0.97893, 44.79958], [-0.98082, 44.79431], [-0.98332, 44.79339], [-0.98517, 44.78811], [-0.97979, 44.78442], [-0.98157, 44.77907], [-0.98412, 44.77821], [-0.98343, 44.78232], [-0.98768, 44.78719], [-0.98757, 44.79019], [-0.98739, 44.79029], [-0.99125, 44.79617], [-0.98872, 44.79712], [-0.9869, 44.80237], [-0.99233, 44.80615]]]}}, {"type": "Feature", "properties": {"nb_detections_cluster": 2, "frp_max": 5.7, "frp_moyen": 3.86, "derniere_detection": "2026-07-26T01:32:00", "fetch_timestamp": "2026-07-26T03:10:00"}, "geometry": {"type": "Polygon", "coordinates": [[[-0.998973957496733, 44.82289768319609], [-0.998800320331063, 44.82308325246003], [-0.998525190332422, 44.823322601221136], [-0.998218418598322, 44.82354160419112], [-0.997882959506067, 44.82373815199762], [-0.997522043844691, 44.823910351528475], [-0.997139147695506, 44.8240565441731], [-0.996737958945322, 44.824175321804724], [-0.996322341755181, 44.82426554034965], [-0.995896299327387, 44.824326330812184], [-0.995463935330126, 44.82435710764899], [-0.995029414352039, 44.824357574412026], [-0.994596921768558, 44.824327726605304], [-0.99417062340751, 44.824267851728344], [-0.993754625403474, 44.82417852650549], [-0.993352934628553, 44.82406061132791], [-0.992969420081554, 44.82391524196239], [-0.992607775608312, 44.823743818606175], [-0.99227148431291, 44.823547992394296], [-0.991963785003097, 44.823329649489246], [-0.991687640993476, 44.82309089290663], [-0.991445711567084, 44.82283402225213], [-0.991240326370225, 44.82256151156556], [-0.991073462986948, 44.82227598548546], [-0.990946727908726, 44.821980193964215], [-0.990861341082066, 44.82167698577764], [-0.990818124182107, 44.821369281084216], [-0.990817492724293, 44.82106004329866], [-0.990859452089131, 44.82075225055062], [-0.990943597497312, 44.82044886700367], [-0.991069117934371, 44.82015281431073], [-0.991234803986118, 44.81986694348055], [-0.991439059508376, 44.819594007426424], [-0.991679917017829, 44.81933663446093], [-0.991955056654963, 44.81909730299205], [-0.992116284326066, 44.818982212921604], [-0.992289930890539, 44.8187966543716], [-0.992565065286414, 44.8185573214329], [-0.99287183184311, 44.81833833445711], [-0.993207276228939, 44.81814180215453], [-0.99356816806577, 44.81796961698937], [-0.993951032034155, 44.81782343696395], [-0.994352181332329, 44.81770466966017], [-0.994767753167229, 44.81761445869197], [-0.995193745936326, 44.817553672698494], [-0.995626057742898, 44.8175228969842], [-0.996060525874706, 44.817522427885734], [-0.996492966866792, 44.817552269919986], [-0.996919216763615, 44.81761213574065], [-0.997335171193804, 44.81770144890365], [-0.997736824872586, 44.81781934941487], [-0.998120310152446, 44.81796470200699], [-0.998481934251583, 44.81813610706589], [-0.998818214802391, 44.818331914101485], [-0.999125913378184, 44.818550237634], [-0.999402066675667, 44.818788975342464], [-0.999644015053094, 44.81904582830155], [-0.999849428149225, 44.81931832311181], [-1.000016327336201, 44.819603835710915], [-1.000143104789703, 44.81989961663664], [-1.000228538992153, 44.82020281749878], [-1.00027180651893, 44.820510518405186], [-1.000272489993248, 44.820819756078286], [-1.000230582132118, 44.821127552391026], [-1.00014648584341, 44.821430943047886], [-1.000021010372068, 44.821727006134495], [-0.999855363531548, 44.822012890260986], [-0.999651140094365, 44.82228584202789], [-0.999410306452667, 44.8225432325497], [-0.999135181695838, 44.82278258278057], [-0.998973957496733, 44.82289768319609]]]}}, {"type": "Feature", "properties": {"nb_detections_cluster": 17, "frp_max": 11.3, "frp_moyen": 3.76, "derniere_detection": "2026-07-26T03:10:00", "fetch_timestamp": "2026-07-26T03:10:00"}, "geometry": {"type": "Polygon", "coordinates": [[[-1.02602, 44.85101], [-1.03196, 44.8541], [-1.02703, 44.85262], [-1.01007, 44.85833], [-1.01447, 44.85421], [-1.02212, 44.85116], [-1.02049, 44.8498], [-1.02602, 44.85101]]]}}, {"type": "Feature", "properties": {"nb_detections_cluster": 18, "frp_max": 35.67, "frp_moyen": 10.97, "derniere_detection": "2026-07-26T03:10:00", "fetch_timestamp": "2026-07-26T03:10:00"}, "geometry": {"type": "Polygon", "coordinates": [[[-1.00593, 44.88663], [-1.01089, 44.88813], [-1.0028, 44.89188], [-0.99787, 44.89039], [-1.00035, 44.88759], [-1.00001, 44.88494], [-1.00099, 44.88514], [-1.00593, 44.88663]]]}}, {"type": "Feature", "properties": {"nb_detections_cluster": 2, "frp_max": 10.36, "frp_moyen": 10.09, "derniere_detection": "2026-07-25T03:30:00", "fetch_timestamp": "2026-07-26T03:10:00"}, "geometry": {"type": "Polygon", "coordinates": [[[-1.022943531374106, 44.90894789638151], [-1.02295318814991, 44.90893758469855], [-1.023228633724174, 44.90869816883778], [-1.023535773387568, 44.908479090778656], [-1.02387164921463, 44.90828246010861], [-1.024233026672108, 44.90811017023912], [-1.024616425764115, 44.90796388018071], [-1.025018154536143, 44.90784499857487], [-1.025434344615682, 44.90775467013616], [-1.025860988447732, 44.90769376463484], [-1.026293977867349, 44.90766286852609], [-1.026729143638606, 44.90766227930582], [-1.02716229558015, 44.90769200264758], [-1.027589262891922, 44.907751752347934], [-1.028005934295747, 44.90784095308095], [-1.028408297604179, 44.90795874593511], [-1.028792478337565, 44.908103996679806], [-1.029154777018218, 44.90827530668163], [-1.029491704783316, 44.90847102636598], [-1.029800016974126, 44.90868927109426], [-1.03007674437846, 44.90892793930448], [-1.03031922182571, 44.909184732740705], [-1.030525113859054, 44.90945717857681], [-1.030692437237419, 44.90974265322225], [-1.030819580050087, 44.910038407580494], [-1.03090531725931, 44.91034159351737], [-1.030948822520475, 44.91064929128468], [-1.030949676165186, 44.91095853763527], [-1.030907869269367, 44.911266354358716], [-1.030823803766224, 44.911569776963105], [-1.030698288601924, 44.91186588322658], [-1.030532531970008, 44.91215182134361], [-1.030328129698362, 44.91242483739487], [-1.030087049899693, 44.91268230187585], [-1.029811614032642, 44.91292173502846], [-1.029504474555305, 44.91314083073158], [-1.029168589385996, 44.913337478719704], [-1.028807193416981, 44.913509784915874], [-1.028423767355537, 44.91365608968207], [-1.028022004192592, 44.91377498381164], [-1.02760577362228, 44.91386532210875], [-1.027179084755639, 44.91392623442427], [-1.026746047488266, 44.91395713404112], [-1.02631083289485, 44.913957723328636], [-1.025877633032954, 44.91392799661065], [-1.025450620544187, 44.91386824022035], [-1.025033908442856, 44.913779029740766], [-1.024631510480382, 44.91366122445795], [-1.024247302468156, 44.91351595908017], [-1.023884984932178, 44.91334463280315], [-1.023548047459867, 44.91314889582695], [-1.023239735083002, 44.912930633454664], [-1.022963017020916, 44.912691947926355], [-1.022720558085203, 44.91243513816349], [-1.022514693021294, 44.912162677619584], [-1.022347404033848, 44.9118771904504], [-1.022220301711951, 44.91158142623377], [-1.022134609537321, 44.911278233482705], [-1.022091152123912, 44.91097053220727], [-1.022090347301358, 44.91066128578945], [-1.022132202117528, 44.910353472442225], [-1.022216312797665, 44.91005005652777], [-1.022266271512896, 44.90993224002265], [-1.022256614439676, 44.90994255164903], [-1.021981158609468, 44.91018196519144], [-1.021674003555225, 44.9104010390675], [-1.021338107345413, 44.910597663222], [-1.020976704978751, 44.910769943807445], [-1.020593277224228, 44.91091622143254], [-1.020191517089156, 44.91103508715203], [-1.019775294238562, 44.91112539604368], [-1.019348617709158, 44.91118627824166], [-1.018915597277718, 44.911217147318965], [-1.018480403856753, 44.91121770593905], [-1.018047229299853, 44.91118794872121], [-1.017620246004836, 44.91112816229235], [-1.017203566704735, 44.91103892252488], [-1.016801204834947, 44.91092108898693], [-1.016417035859125, 44.9107757966589], [-1.016054759927169, 44.91060444499612], [-1.015717866225677, 44.91040868444313], [-1.015409599364736, 44.91019040053008], [-1.015132928125202, 44.90995169570452], [-1.014890516867615, 44.90969486907372], [-1.014684699878138, 44.909422394253596], [-1.014517458898366, 44.90913689553743], [-1.014390404054998, 44.90884112261416], [-1.014304758372485, 44.90853792408066], [-1.014261346017046, 44.90823022000262], [-1.014260584384423, 44.90792097378895], [-1.014302480106609, 44.9076131636506], [-1.014386629014995, 44.90730975391884], [-1.014512220059243, 44.90701366649884], [-1.014678043143135, 44.90672775273388], [-1.01488250080097, 44.90645476595085], [-1.015123623601192, 44.90619733495094], [-1.015399089128176, 44.90595793870103], [-1.015706244358775, 44.905738882468896], [-1.016042131217749, 44.905542275631745], [-1.016403515065725, 44.905370011371545], [-1.016786915845375, 44.90522374845226], [-1.017188641586017, 44.90510489525399], [-1.017604823944383, 44.90501459621776], [-1.018031455439856, 44.90495372083075], [-1.018464428026287, 44.9049228552581], [-1.018899572629827, 44.90492229670175], [-1.019332699272907, 44.90495205053996], [-1.019759637399015, 44.90501183027565], [-1.020176276010931, 44.905101060293696], [-1.020578603236882, 44.90521888140056], [-1.020962744944559, 44.9053641590936], [-1.021325002031962, 44.90553549447991], [-1.021661886036679, 44.90573123774045], [-1.021970152721262, 44.90594950400953], [-1.022246833311635, 44.90618819151777], [-1.02248926308791, 44.90644500182331], [-1.022695107052259, 44.90671746193762], [-1.022862382426461, 44.90700294813258], [-1.022989477762056, 44.90729871120038], [-1.0230751684785, 44.907601902922956], [-1.023118628678947, 44.90790960349632], [-1.023119439128996, 44.90821884964626], [-1.023077591320629, 44.90852666316424], [-1.022993487581152, 44.90883007958916], [-1.022943531374106, 44.90894789638151]]]}}, {"type": "Feature", "properties": {"nb_detections_cluster": 6, "frp_max": 17.6, "frp_moyen": 10.32, "derniere_detection": "2026-07-25T03:30:00", "fetch_timestamp": "2026-07-26T03:10:00"}, "geometry": {"type": "Polygon", "coordinates": [[[-1.02213, 44.91697], [-1.02999, 44.91972], [-1.02435, 44.91907], [-1.00876, 44.91352], [-1.00648, 44.91148], [-1.01432, 44.91423], [-1.02213, 44.91697]]]}}, {"type": "Feature", "properties": {"nb_detections_cluster": 18, "frp_max": 12.89, "frp_moyen": 8.8, "derniere_detection": "2026-07-26T01:49:00", "fetch_timestamp": "2026-07-26T03:10:00"}, "geometry": {"type": "Polygon", "coordinates": [[[-1.0012, 44.93271], [-0.9992, 44.94098], [-0.99139, 44.93821], [-0.97562, 44.93748], [-0.98353, 44.93542], [-0.98902, 44.93169], [-0.98789, 44.92925], [-0.98549, 44.92723], [-0.98006, 44.92647], [-0.99071, 44.9245], [-0.99769, 44.9238], [-1.00005, 44.92585], [-1.00556, 44.92655], [-1.0079, 44.92865], [-1.0012, 44.93271]]]}}, {"type": "Feature", "properties": {"nb_detections_cluster": 1, "frp_max": 14.91, "frp_moyen": 14.91, "derniere_detection": "2026-07-25T03:30:00", "fetch_timestamp": "2026-07-26T03:10:00"}, "geometry": {"type": "Polygon", "coordinates": [[[-0.998187997197178, 44.950049581445725], [-0.998187323643992, 44.949740331245216], [-0.998229338846369, 44.94943252330753], [-0.998313637484062, 44.949129121942555], [-0.998439407063899, 44.948833048974834], [-0.99860543576955, 44.948547155608395], [-0.998810124154522, 44.94827419497353], [-0.999051500564882, 44.94801679561956], [-0.999327240142461, 44.94777743620857], [-0.999634687224929, 44.94755842165349], [-0.999970880926632, 44.94736186093015], [-1.000332583653618, 44.94718964677642], [-1.000716312278244, 44.94704343747372], [-1.001118371673321, 44.94692464088587], [-1.001534890283245, 44.94683440090872], [-1.001961857390143, 44.94677358646077], [-1.002395161716826, 44.94674278312042], [-1.002830630995686, 44.946742287490316], [-1.003264072123405, 44.94677210434284], [-1.003691311515785, 44.94683194657415], [-1.004108235275109, 44.94692123796734], [-1.004510828784195, 44.94703911873791], [-1.004895215346826, 44.9471844538087], [-1.00525769350326, 44.94735584373431], [-1.00559477266221, 44.947551638170474], [-1.005903206706717, 44.94776995175876], [-1.006180025250651, 44.94800868227401], [-1.006422562245076, 44.94826553086024], [-1.006628481658934, 44.94853802416021], [-1.006795799986561, 44.948823538126156], [-1.006922905364894, 44.9491193232828], [-1.00700857311564, 44.94942253119918], [-1.007051977562046, 44.949730241915375], [-1.00705270000557, 44.950039492059304], [-1.007010732784695, 44.950347303383914], [-1.00692647937576, 44.95065071144911], [-1.006800750533824, 44.9509467941729], [-1.006634756509681, 44.951232699976316], [-1.006430095417036, 44.95150567525112], [-1.006188737860992, 44.951763090885386], [-1.005913007975153, 44.9520024675914], [-1.005605561049408, 44.95222149979158], [-1.005269357963382, 44.95241807783201], [-1.004907636671662, 44.952590308309325], [-1.004523881015327, 44.95273653231482], [-1.00412178716038, 44.95285534141964], [-1.003705227986692, 44.95294559124691], [-1.003278215770985, 44.95300641249962], [-1.00284486352395, 44.95303721933783], [-1.002409345354751, 44.95303771502448], [-1.001975856245531, 44.95300789478506], [-1.001548571624391, 44.9529480458535], [-1.001131607127166, 44.95285874470426], [-1.000728978936571, 44.95274085149671], [-1.000344565081613, 44.95259550178598], [-0.999982068070866, 44.95242409558007], [-0.999644979220174, 44.95222828384889], [-0.999336545018947, 44.952009952615526], [-0.999059735859335, 44.95177120478316], [-0.998817217429641, 44.95151433987333], [-0.998611325047494, 44.951241831870576], [-0.998444041179738, 44.95095630538766], [-0.998316976365169, 44.950660510380914], [-0.998231353723232, 44.950357295659764], [-0.998187997197178, 44.950049581445725]]]}}, {"type": "Feature", "properties": {"nb_detections_cluster": 442, "frp_max": 168.89, "frp_moyen": 9.79, "derniere_detection": "2026-07-26T03:10:00", "fetch_timestamp": "2026-07-26T03:10:00"}, "geometry": {"type": "Polygon", "coordinates": [[[-0.96944, 44.77013], [-0.96859, 44.77306], [-0.93904, 44.78281], [-0.93404, 44.78131], [-0.93216, 44.77451], [-0.90701, 44.76691], [-0.89054, 44.7713], [-0.8818, 44.75928], [-0.87478, 44.7509], [-0.84936, 44.7432], [-0.82902, 44.73703], [-0.82393, 44.73548], [-0.81884, 44.73394], [-0.81815, 44.71489], [-0.82133, 44.70958], [-0.83153, 44.71269], [-0.84173, 44.7158], [-0.86717, 44.72356], [-0.88929, 44.73655], [-0.89436, 44.73809], [-0.89942, 44.73962], [-0.90446, 44.74115], [-0.92961, 44.74879], [-0.93465, 44.75032], [-0.93969, 44.75184], [-0.94471, 44.75337], [-0.95976, 44.75793], [-0.96671, 44.76627], [-0.96944, 44.77013]]]}}, {"type": "Feature", "properties": {"nb_detections_cluster": 4, "frp_max": 2.38, "frp_moyen": 1.52, "derniere_detection": "2026-07-26T03:10:00", "fetch_timestamp": "2026-07-26T03:10:00"}, "geometry": {"type": "Polygon", "coordinates": [[[-0.98598, 44.77155], [-0.98015, 44.77087], [-0.98168, 44.7708], [-0.98598, 44.77155]]]}}, {"type": "Feature", "properties": {"nb_detections_cluster": 31, "frp_max": 5.96, "frp_moyen": 2.92, "derniere_detection": "2026-07-26T03:10:00", "fetch_timestamp": "2026-07-26T03:10:00"}, "geometry": {"type": "Polygon", "coordinates": [[[-0.98901, 44.84748], [-0.98691, 44.84986], [-0.97881, 44.8536], [-0.97772, 44.85651], [-0.97567, 44.85886], [-0.9707, 44.85735], [-0.95956, 44.8573], [-0.95135, 44.86105], [-0.94952, 44.85431], [-0.95575, 44.85281], [-0.96388, 44.84907], [-0.97197, 44.84531], [-0.97402, 44.84301], [-0.97849, 44.84111], [-0.98503, 44.84307], [-0.98901, 44.84748]]]}}, {"type": "Feature", "properties": {"nb_detections_cluster": 63, "frp_max": 15.63, "frp_moyen": 5.97, "derniere_detection": "2026-07-26T03:10:00", "fetch_timestamp": "2026-07-26T03:10:00"}, "geometry": {"type": "Polygon", "coordinates": [[[-0.97802, 44.8844], [-0.98829, 44.88356], [-0.98299, 44.8859], [-0.97385, 44.89335], [-0.97147, 44.8915], [-0.96356, 44.88873], [-0.95809, 44.88772], [-0.95566, 44.88595], [-0.95021, 44.88491], [-0.94775, 44.88317], [-0.95238, 44.88302], [-0.95459, 44.87873], [-0.95217, 44.877], [-0.94668, 44.8759], [-0.94425, 44.87422], [-0.95101, 44.8697], [-0.95578, 44.86866], [-0.96437, 44.86786], [-0.96828, 44.86644], [-0.97139, 44.86701], [-0.96936, 44.86937], [-0.9662, 44.87462], [-0.97119, 44.87613], [-0.97342, 44.87603], [-0.97931, 44.87238], [-0.97617, 44.87764], [-0.9761, 44.87774], [-0.97405, 44.88052], [-0.97802, 44.8844]]]}}, {"type": "Feature", "properties": {"nb_detections_cluster": 2, "frp_max": 16.41, "frp_moyen": 14.68, "derniere_detection": "2026-07-25T03:30:00", "fetch_timestamp": "2026-07-26T03:10:00"}, "geometry": {"type": "Polygon", "coordinates": [[[-0.984330862786213, 44.90933799030952], [-0.984448418400679, 44.90929319125174], [-0.984850241739609, 44.909174454837355], [-0.985266506287843, 44.9090842768257], [-0.985693203773634, 44.909023525538615], [-0.986126225515631, 44.90899278594632], [-0.986561401966799, 44.90899235403762], [-0.986994542842966, 44.909022233971356], [-0.987421477450536, 44.90908213803626], [-0.98783809482605, 44.90917148942003], [-0.98824038330202, 44.90928942776053], [-0.988624469118989, 44.909434817426195], [-0.988986653712792, 44.90960625844591], [-0.989323449318677, 44.90980209998335], [-0.989631612549986, 44.910020456226526], [-0.989908175628374, 44.91025922453945], [-0.990150474965075, 44.91051610570209], [-0.990356176817895, 44.9107886260434], [-0.990523299776686, 44.911074161255165], [-0.990650233860354, 44.91136996165737], [-0.990735756040893, 44.911673178672196], [-0.990779042044231, 44.91198089225193], [-0.990779674313368, 44.912290138996866], [-0.990737646056161, 44.912597940692535], [-0.990653361337748, 44.91290133299149], [-0.990527631215705, 44.913197393963486], [-0.990361665954099, 44.91348327223896], [-0.990157063390512, 44.913756214474716], [-0.98991579356715, 44.91401359187698], [-0.989640179773341, 44.91425292552619], [-0.989332876181409, 44.914471910259415], [-0.988996842290894, 44.91466843687991], [-0.98863531442704, 44.91484061247951], [-0.988251774568014, 44.91498677867808], [-0.987849916801295, 44.91510552760359], [-0.987433611732634, 44.915195715458744], [-0.987006869190953, 44.915256473543465], [-0.986573799589081, 44.91528721662631], [-0.986138574313276, 44.915287648584275], [-0.985705385524015, 44.91525776525671], [-0.985278405756168, 44.915197854485235], [-0.984861747708678, 44.91510849333992], [-0.984459424612035, 44.914990542558016], [-0.984075311556146, 44.9148451382492], [-0.983713108151957, 44.914673680947345], [-0.983376302887088, 44.91447782211442], [-0.983068139519391, 44.91425944822718], [-0.982909036702637, 44.91412207390742], [-0.982791469741655, 44.914166871402664], [-0.98238960629188, 44.914285600553], [-0.981973298530988, 44.914375767930366], [-0.981546556313867, 44.91443650503191], [-0.981113490050235, 44.91446722682826], [-0.980678271094203, 44.9144676374015], [-0.980245091545365, 44.9144377327969], [-0.979818123849561, 44.914377801061086], [-0.979401480589418, 44.91428841946603], [-0.978999174852943, 44.91417044894597], [-0.978615081562775, 44.91402502580066], [-0.97825290013941, 44.91385355074542], [-0.977916118858685, 44.91365767541325], [-0.977607981247372, 44.91343928643972], [-0.977331454840908, 44.91320048728414], [-0.977089202604335, 44.91294357796223], [-0.976883557291703, 44.91267103288617], [-0.97671649899066, 44.91238547702566], [-0.976589636068074, 44.91208966061988], [-0.97650418969965, 44.9117864326842], [-0.976460982131769, 44.91147871356726], [-0.976460428787745, 44.911169466822564], [-0.976502534293554, 44.91086167066597], [-0.976586892460305, 44.910558289293796], [-0.976712690222568, 44.9102622443379], [-0.976878715493623, 44.90997638673241], [-0.977083368861012, 44.9097034692632], [-0.9773246790089, 44.90944612006376], [-0.977600321717996, 44.90920681731313], [-0.977907642259432, 44.90898786537856], [-0.978243680966609, 44.908791372632855], [-0.978605201738447, 44.90861923115922], [-0.978988723199621, 44.908473098539226], [-0.979390552217825, 44.908354381898256], [-0.979806819455707, 44.90826422436236], [-0.980233516615656, 44.9082034940562], [-0.980666535019476, 44.90817277574799], [-0.981101705152278, 44.90817236522159], [-0.981534836790723, 44.908202266429946], [-0.981961759330137, 44.908262191456956], [-0.982378361923229, 44.90835156328844], [-0.982780633044804, 44.90846952136538], [-0.983164699102453, 44.90861492986622], [-0.983526861722211, 44.90878638863837], [-0.983863633350854, 44.90898224667463], [-0.984171770832533, 44.90920061800408], [-0.984330862786213, 44.90933799030952]]]}}, {"type": "Feature", "properties": {"nb_detections_cluster": 1, "frp_max": 8.66, "frp_moyen": 8.66, "derniere_detection": "2026-07-25T03:30:00", "fetch_timestamp": "2026-07-26T03:10:00"}, "geometry": {"type": "Polygon", "coordinates": [[[-0.977550434184004, 44.9184587573381], [-0.977549874765988, 44.91814950994172], [-0.97759197953335, 44.917841712718065], [-0.977676342304138, 44.917538329873786], [-0.977802149968409, 44.91724228305491], [-0.977968190343929, 44.916956423213506], [-0.978172863872635, 44.91668350315695], [-0.978414199044418, 44.91642615104374], [-0.978689871398902, 44.9161868450809], [-0.978997225921668, 44.91596788966662], [-0.979333302618837, 44.915771393207216], [-0.979694865023481, 44.91559924782169], [-0.980078431359374, 44.91545311112924], [-0.980480308062127, 44.91533439029449], [-0.980896625335265, 44.91524422848388], [-0.981323374399446, 44.9151834938632], [-0.981756446076761, 44.91515277124222], [-0.982191670339439, 44.91515235644634], [-0.982624856443012, 44.915182253469595], [-0.983051833258454, 44.91524217443619], [-0.983468489415935, 44.915331542371064], [-0.983870812874561, 44.915449496752686], [-0.984254929538028, 44.91559490179508], [-0.984617140545122, 44.915766357379034], [-0.984953957876708, 44.91596221252798], [-0.985262137936848, 44.91618058129882], [-0.985538712785052, 44.916419360934974], [-0.985781018719095, 44.91667625210731], [-0.98598672193312, 44.9169487810484], [-0.986153841003716, 44.9172343233672], [-0.986280765987073, 44.91753012931522], [-0.986366273942653, 44.917833350261205], [-0.986409540733206, 44.91814106611955], [-0.986410148986595, 44.91845031346861], [-0.986368092141807, 44.91875811408806], [-0.98628377453916, 44.91906150364077], [-0.986158007552805, 44.91935756022291], [-0.985992001801751, 44.91964343250723], [-0.985787355513459, 44.919916367208145], [-0.985546039151206, 44.92017373560443], [-0.985270376452528, 44.92041305886328], [-0.984963022060776, 44.920632031921826], [-0.984626935964795, 44.92082854569569], [-0.984265354992705, 44.9210007074005], [-0.983881761634265, 44.921146858789925], [-0.98347985049233, 44.921265592134525], [-0.98306349268685, 44.92135576378712], [-0.982636698554803, 44.921416505203695], [-0.982203579006032, 44.92144723131334], [-0.98176830590798, 44.921447646156544], [-0.981335071881833, 44.9214177457375], [-0.980908049898251, 44.92135781806247], [-0.980491353062853, 44.92126844036433], [-0.980088994979762, 44.92115047353977], [-0.979704851075881, 44.921005053853015], [-0.979342621259257, 44.92083358198602], [-0.979005794271865, 44.92063770954105], [-0.978697614080711, 44.92041932312595], [-0.97842104863132, 44.92018052617532], [-0.978178761264724, 44.91992361868372], [-0.977973085073245, 44.91965107504565], [-0.977806000441831, 44.91936552021701], [-0.977679115990816, 44.919069704427], [-0.977593653103101, 44.91876647668511], [-0.977550434184004, 44.9184587573381]]]}}, {"type": "Feature", "properties": {"nb_detections_cluster": 1, "frp_max": 10.04, "frp_moyen": 10.04, "derniere_detection": "2026-07-25T03:30:00", "fetch_timestamp": "2026-07-26T03:10:00"}, "geometry": {"type": "Polygon", "coordinates": [[[-0.982578389940735, 44.944518959020336], [-0.982577802535369, 44.94420970923569], [-0.982619899272231, 44.94390190770417], [-0.98270427404605, 44.94359851867392], [-0.982830113630648, 44.94330246385053], [-0.982996205535785, 44.943016594263234], [-0.983200949706615, 44.942743662813264], [-0.983442373952265, 44.942486297768816], [-0.983718152954199, 44.942246977461494], [-0.984025630670706, 44.94202800642764], [-0.984361845921391, 44.941831493223965], [-0.984723560905018, 44.9416593301307], [-0.985107292376109, 44.94151317493755], [-0.985509345180219, 44.94139443498733], [-0.985925847825319, 44.94130425363049], [-0.986352789747325, 44.94124349922105], [-0.986786059911571, 44.941212756759334], [-0.987221486379371, 44.94121232226176], [-0.987654876459564, 44.941242199912125], [-0.988082057059377, 44.94130210202109], [-0.988498914847064, 44.94139145179523], [-0.988901435840517, 44.941509388887944], [-0.989285744041586, 44.9416547776796], [-0.989648138744889, 44.94182621820758], [-0.989985130162528, 44.94202205964032], [-0.990293473022239, 44.94224041616676], [-0.990570197815774, 44.942479185148294], [-0.990812639396816, 44.942736067358396], [-0.991018462652987, 44.94300858911599], [-0.991185685004519, 44.94329412609922], [-0.99131269551255, 44.943589928611026], [-0.991398270412402, 44.943893148053256], [-0.991441584921546, 44.94420086435486], [-0.991442221207669, 44.944510114089915], [-0.991400172439129, 44.94481791901516], [-0.991315842877808, 44.94512131475204], [-0.991190044012389, 44.94541737933722], [-0.991023986768297, 44.94570326136633], [-0.990819269868374, 44.945976207460006], [-0.990577864455486, 44.94623358878732], [-0.990302095124438, 44.94647292639089], [-0.989994617545296, 44.946691915069714], [-0.989658392893173, 44.946888445589], [-0.989296659330599, 44.94706062500306], [-0.988912900817026, 44.947206794895], [-0.988510813546135, 44.947325547357174], [-0.988094270334486, 44.94741573855827], [-0.987667283305117, 44.94747649976595], [-0.987233965226143, 44.947507245718676], [-0.986798489877587, 44.9475076802658], [-0.986365051829069, 44.94747779922174], [-0.985937826016758, 44.94741789040613], [-0.985520927509893, 44.94732853087018], [-0.985118371855397, 44.94721058133569], [-0.984734036383419, 44.947065177900306], [-0.984371622847354, 44.94689372108948], [-0.984034621758828, 44.94669786236049], [-0.983726278761755, 44.946479488189084], [-0.983449563369658, 44.94624070189194], [-0.983207140367564, 44.94598380336104], [-0.983001344153873, 44.945711266904645], [-0.982834156269125, 44.94542571740947], [-0.982707186327641, 44.94512990505341], [-0.982621656535152, 44.94482667881293], [-0.982578389940735, 44.944518959020336]]]}}, {"type": "Feature", "properties": {"nb_detections_cluster": 3, "frp_max": 28.47, "frp_moyen": 17.72, "derniere_detection": "2026-07-26T01:49:00", "fetch_timestamp": "2026-07-26T03:10:00"}, "geometry": {"type": "Polygon", "coordinates": [[[-0.9593, 44.78315], [-0.95813, 44.78008], [-0.96027, 44.78167], [-0.9593, 44.78315]]]}}, {"type": "Feature", "properties": {"nb_detections_cluster": 55, "frp_max": 62.73, "frp_moyen": 15.99, "derniere_detection": "2026-07-25T13:33:00", "fetch_timestamp": "2026-07-26T03:10:00"}, "geometry": {"type": "Polygon", "coordinates": [[[-0.949547510536059, 44.82768763653206], [-0.949547106126778, 44.82737839790688], [-0.949589296259501, 44.827070620165024], [-0.949673673932479, 44.8267672673253], [-0.949799425894546, 44.826471260744654], [-0.949965340502073, 44.826185450987516], [-0.950169819410173, 44.82591259037881], [-0.950410892984717, 44.82565530650441], [-0.950686239285988, 44.825416076914195], [-0.950993206440574, 44.82519720527082], [-0.951328838185663, 44.825000799173864], [-0.951689902339512, 44.824828749872154], [-0.95207292192392, 44.82468271405967], [-0.952474208639167, 44.82456409792964], [-0.952889898369438, 44.824474043640244], [-0.953315988377361, 44.82441341832201], [-0.953748375830198, 44.82438280573222], [-0.954182897287507, 44.8243825006368], [-0.95461536877095, 44.8244125059735], [-0.955041626031363, 44.824472532823556], [-0.955457564626334, 44.82456200319236], [-0.955859179423325, 44.824680055572045], [-0.956242603148868, 44.82482555323289], [-0.956604143613444, 44.824997095163845], [-0.956940319254274, 44.82519302955679], [-0.957247892654315, 44.82541146970547], [-0.957523901715044, 44.82565031216586], [-0.957765688183028, 44.82590725700373], [-0.957970923255552, 44.82617982993472], [-0.958137630018508, 44.82646540614399], [-0.958264202500079, 44.82676123555656], [-0.95834942115612, 44.82706446931499], [-0.958392464637395, 44.82737218721013], [-0.958392917724487, 44.8276814258005], [-0.958350775352987, 44.827989206949965], [-0.958266442689202, 44.82829256650874], [-0.958140731254623, 44.82858858286173], [-0.95797485113543, 44.8288744050689], [-0.957770399351143, 44.82914728032691], [-0.957529344493535, 44.82940458048687], [-0.957254007783046, 44.829643827373154], [-0.956947040724517, 44.82986271665833], [-0.956611399577069, 44.830059140064925], [-0.956250316883773, 44.83023120567888], [-0.95586727033529, 44.830377256179325], [-0.955465949267553, 44.83049588480863], [-0.955050219116527, 44.830585948928245], [-0.954624084172928, 44.830646581029846], [-0.954191648996348, 44.83067719709553], [-0.953757078861227, 44.83067750222576], [-0.953324559616562, 44.83064749348147], [-0.952898257346956, 44.830587459912344], [-0.952482278224496, 44.830497979771216], [-0.952080628939172, 44.8303799149415], [-0.951697178089816, 44.83023440263136], [-0.951335618908303, 44.830062844414826], [-0.950999433676693, 44.82986689272583], [-0.950691860180594, 44.82964843493532], [-0.950415860522225, 44.82940957516532], [-0.950174092593688, 44.829152614015214], [-0.94996888448524, 44.82888002639624], [-0.949802212074773, 44.8285944376877], [-0.949675680013958, 44.828298598444924], [-0.949590506293592, 44.8279953579031], [-0.949547510536059, 44.82768763653206]]]}}, {"type": "Feature", "properties": {"nb_detections_cluster": 11, "frp_max": 11.41, "frp_moyen": 3.89, "derniere_detection": "2026-07-26T03:10:00", "fetch_timestamp": "2026-07-26T03:10:00"}, "geometry": {"type": "Polygon", "coordinates": [[[-0.95984, 44.90236], [-0.96854, 44.90014], [-0.96539, 44.90539], [-0.96042, 44.90389], [-0.95726, 44.9029], [-0.95478, 44.90107], [-0.95984, 44.90236]]]}}, {"type": "Feature", "properties": {"nb_detections_cluster": 2, "frp_max": 14.35, "frp_moyen": 14.29, "derniere_detection": "2026-07-25T03:30:00", "fetch_timestamp": "2026-07-26T03:10:00"}, "geometry": {"type": "Polygon", "coordinates": [[[-0.964247671021432, 44.90993112894706], [-0.964269420944856, 44.909922845469495], [-0.964671291480136, 44.909804182007264], [-0.965087593116509, 44.90971407957482], [-0.96551431722526, 44.90965340576625], [-0.965947354868798, 44.90962274480573], [-0.966382536347034, 44.90962239192495], [-0.966815671327401, 44.90965235052178], [-0.967242589173026, 44.909712332127526], [-0.967659179081756, 44.90980175918322], [-0.968061429650439, 44.90991977059809], [-0.968445467484441, 44.910065230036906], [-0.968807594481411, 44.910236736856675], [-0.969144323430962, 44.91043263958747], [-0.96945241158802, 44.91065105182793], [-0.969728891896891, 44.91088987040283], [-0.969971101565567, 44.91114679560805], [-0.970176707715069, 44.91141935334836], [-0.970343729856614, 44.91170491895526], [-0.970470558979769, 44.912000742455966], [-0.97055597306714, 44.91230397505011], [-0.970599148885501, 44.912611696539734], [-0.970599669938905, 44.91292094344892], [-0.970557530506262, 44.91322873756144], [-0.970473135723443, 44.91353211460277], [-0.970347297708125, 44.913828152789485], [-0.970181227763633, 44.91411400097135], [-0.969976524735946, 44.91438690609487], [-0.969735159635083, 44.91464423972363], [-0.969459456668269, 44.91488352335957], [-0.969152070866966, 44.915102452321406], [-0.968815962522792, 44.91529891794947], [-0.968454368678377, 44.91547102792307], [-0.968070771947659, 44.915617124494084], [-0.967668866966124, 44.91573580046107], [-0.967252524794497, 44.915825912729545], [-0.966825755619236, 44.91588659332746], [-0.966392670109816, 44.91591725776964], [-0.965957439805783, 44.9159176106907], [-0.965524256916054, 44.915887648691175], [-0.96509729391863, 44.91582766037051], [-0.964680663350822, 44.91573822354574], [-0.964278378178291, 44.91562019968307], [-0.963894313125473, 44.91547472559607], [-0.963532167340726, 44.91530320249065], [-0.96319542875644, 44.91510728246261], [-0.962887340487945, 44.91488885257803], [-0.962702220636705, 44.91472893273654], [-0.962680468618819, 44.91473721591947], [-0.962278558539805, 44.91485587236028], [-0.961862214241461, 44.914945964410016], [-0.961435445930765, 44.91500662429138], [-0.96100236426888, 44.91503726771882], [-0.960567140758295, 44.915037599529306], [-0.960133967542483, 44.91500761652672], [-0.959707017006236, 44.91494760751283], [-0.959290401566804, 44.91485815050398], [-0.95888813404408, 44.91474010716079], [-0.95850408899244, 44.91459461448444], [-0.958141965367526, 44.91442307385994], [-0.957805250888222, 44.91422713755176], [-0.957497188437614, 44.91400869278281], [-0.957220744826944, 44.91376984354969], [-0.95697858222353, 44.91351289035036], [-0.956773032517872, 44.91324030801955], [-0.956606074876562, 44.91295472188566], [-0.956479316696797, 44.9126588824793], [-0.95639397814534, 44.912355639037294], [-0.956350880430083, 44.91204791205744], [-0.956350437916316, 44.911738665168876], [-0.956392654162643, 44.911430876588696], [-0.956477121913737, 44.91112751044015], [-0.956603027048934, 44.910831488208345], [-0.956769156447641, 44.91054566060848], [-0.956973909694835, 44.910272780137326], [-0.957215314513075, 44.91001547457202], [-0.957491045771665, 44.90977622167134], [-0.957798447889307, 44.90955732532241], [-0.958134560414136, 44.909360893362674], [-0.958496146534522, 44.909188817290044], [-0.958879724246135, 44.909042754056216], [-0.959281599875252, 44.90892411011848], [-0.959697903635895, 44.90883402790276], [-0.960124626878932, 44.908773374808476], [-0.960557660675122, 44.90874273486036], [-0.960992835361426, 44.90874240308775], [-0.961425960670665, 44.90877238268527], [-0.961852866059066, 44.90883238498202], [-0.962269440844387, 44.908921832219804], [-0.96267167376905, 44.90903986311349], [-0.963055691608264, 44.909185341140336], [-0.963417796452142, 44.9093568654783], [-0.963754501303548, 44.90955278448877], [-0.964062563649388, 44.90977121161362], [-0.964247671021432, 44.90993112894706]]]}}, {"type": "Feature", "properties": {"nb_detections_cluster": 1, "frp_max": 10.86, "frp_moyen": 10.86, "derniere_detection": "2026-07-25T03:30:00", "fetch_timestamp": "2026-07-26T03:10:00"}, "geometry": {"type": "Polygon", "coordinates": [[[-0.963419481392185, 44.93001819468392], [-0.963418999765906, 44.92970894614284], [-0.963461190750315, 44.929401153204005], [-0.963545647332904, 44.92909778003269], [-0.963671555500105, 44.92880174818168], [-0.963837702101676, 44.92851590845882], [-0.964042486556517, 44.92824301347766], [-0.964283936286284, 44.92798569115514], [-0.964559725727468, 44.92774641941136], [-0.964867198738231, 44.92752750231496], [-0.965203394183837, 44.927331047903216], [-0.965565074454051, 44.92715894789019], [-0.965948756637881, 44.92701285945816], [-0.966350746055628, 44.926894189307], [-0.966767171825692, 44.926804080115105], [-0.967194024124229, 44.92674339954161], [-0.967627192779489, 44.926712731875845], [-0.968062506830087, 44.92671237241408], [-0.968495774667136, 44.926742324617514], [-0.968922824374709, 44.92680230007903], [-0.969339543881156, 44.92689172129885], [-0.969741920535602, 44.927009727242364], [-0.970126079729465, 44.92715518162705], [-0.970488322191895, 44.92732668385861], [-0.9708251596007, 44.927522582511244], [-0.9711333481664, 44.927740991222926], [-0.971409919866341, 44.92797980685239], [-0.971652211028316, 44.928236729723906], [-0.971857887988387, 44.928509285764726], [-0.972024969575613, 44.92879485032275], [-0.972151846206786, 44.929090673435276], [-0.972237295406644, 44.929393906305684], [-0.972280493603425, 44.929701628733405], [-0.972281024085253, 44.93001087723346], [-0.972238881039805, 44.930318673574334], [-0.972154469637324, 44.93062205346004], [-0.972028602155132, 44.93091809507976], [-0.971862490179964, 44.93120394725024], [-0.971657732962253, 44.93147685687955], [-0.971416302033633, 44.93173419548786], [-0.971140522235094, 44.9319734845292], [-0.970833049337915, 44.93219241927019], [-0.970496844472464, 44.93238889099549], [-0.970135145610979, 44.932561007325695], [-0.969751436378901, 44.93270711045148], [-0.969349412495381, 44.93282579310825], [-0.968932946166515, 44.93291591213707], [-0.968506048774804, 44.932976599500755], [-0.968072832224899, 44.933007270649014], [-0.967637469318754, 44.93300763015182], [-0.967204153542743, 44.93297767454633], [-0.966777058655063, 44.9329176923704], [-0.966360298463607, 44.93282826138189], [-0.965957887182755, 44.93271024299077], [-0.965573700751763, 44.932564773957914], [-0.965211439488188, 44.932393255440594], [-0.964874592436737, 44.93219733949041], [-0.964566403757454, 44.93197891313413], [-0.964289841477356, 44.931740080191084], [-0.964047568906653, 44.9314831410024], [-0.963841918994831, 44.93121057026785], [-0.963674871873378, 44.930924993204194], [-0.963548035801007, 44.93062916025476], [-0.963462631694322, 44.93032592059417], [-0.963419481392185, 44.93001819468392]]]}}, {"type": "Feature", "properties": {"nb_detections_cluster": 1, "frp_max": 2.0, "frp_moyen": 2.0, "derniere_detection": "2026-07-26T01:49:00", "fetch_timestamp": "2026-07-26T03:10:00"}, "geometry": {"type": "Polygon", "coordinates": [[[-0.915233586835993, 44.74915626455537], [-0.915233371563288, 44.74884703413379], [-0.915275690490882, 44.74853927773031], [-0.915360135378697, 44.74823595915805], [-0.915485892330292, 44.747939999443695], [-0.91565174965595, 44.7476542487002], [-0.915856109564252, 44.74738145868402], [-0.916097003568698, 44.747124256301056], [-0.916372111460241, 44.746885118316364], [-0.916678783662464, 44.746666347510335], [-0.91701406675372, 44.7464700505115], [-0.917374731910209, 44.74629811751806], [-0.917757305996113, 44.74615220410399], [-0.918158105001527, 44.74603371528389], [-0.918573269506598, 44.74594379199012], [-0.918998801830876, 44.74588330009178], [-0.919430604510851, 44.74585282206149], [-0.919864519735964, 44.74585265136951], [-0.920296369364273, 44.74588278965943], [-0.920721995133383, 44.74594294673229], [-0.921137298680449, 44.74603254333956], [-0.921538280986827, 44.74615071675778], [-0.921921080868467, 44.74629632909173], [-0.922282012142213, 44.74646797822605], [-0.922617599110813, 44.74666401132027], [-0.922924610025481, 44.74688254071761], [-0.923200088204123, 44.747121462114485], [-0.923441380505769, 44.7473784748164], [-0.923646162886982, 44.7476511038853], [-0.923812462793894, 44.7479367239656], [-0.923938678173884, 44.748232584559574], [-0.924023592923173, 44.74853583650933], [-0.924066388620888, 44.748843559430334], [-0.924066652435696, 44.74915278983242], [-0.92402438112794, 44.749460549658146], [-0.92393998110769, 44.74976387496284], [-0.923814264547154, 44.750059844461106], [-0.923648441583842, 44.75034560766399], [-0.923444108688649, 44.75061841233624], [-0.923203233309975, 44.75087563100868], [-0.922928134941091, 44.75111478629036], [-0.92262146279246, 44.75133357473607], [-0.922286170283672, 44.75152988903948], [-0.921925486600437, 44.75170183833735], [-0.921542885590546, 44.7518477664291], [-0.921142052298576, 44.75196626773612], [-0.920726847461996, 44.7520562008462], [-0.920301270311169, 44.75211669951295], [-0.919869420032269, 44.75214718100367], [-0.919435456265051, 44.75214735171513], [-0.919003559016905, 44.75211721000297], [-0.91857788838023, 44.75205704619767], [-0.918162544442104, 44.751967439806506], [-0.917761527773379, 44.75184925392891], [-0.91737870087863, 44.7517036269389], [-0.917017750979112, 44.75153196151507], [-0.916682154487855, 44.751335911123874], [-0.916375143519594, 44.75111736408683], [-0.916099674758486, 44.7508784253854], [-0.915858400983585, 44.750621396379074], [-0.91565364552636, 44.75034875263246], [-0.915487379906003, 44.75006312006524], [-0.915361204857524, 44.74976724965499], [-0.915276334934781, 44.749463990936796], [-0.915233586835993, 44.74915626455537]]]}}, {"type": "Feature", "properties": {"nb_detections_cluster": 84, "frp_max": 12.83, "frp_moyen": 3.92, "derniere_detection": "2026-07-26T03:10:00", "fetch_timestamp": "2026-07-26T03:10:00"}, "geometry": {"type": "Polygon", "coordinates": [[[-0.9489, 44.84451], [-0.94768, 44.84756], [-0.94265, 44.84606], [-0.94387, 44.84298], [-0.93697, 44.84241], [-0.9408, 44.83625], [-0.94579, 44.84079], [-0.9489, 44.84451]]]}}, {"type": "Feature", "properties": {"nb_detections_cluster": 1, "frp_max": 2.25, "frp_moyen": 2.25, "derniere_detection": "2026-07-26T01:49:00", "fetch_timestamp": "2026-07-26T03:10:00"}, "geometry": {"type": "Polygon", "coordinates": [[[-0.935554959332726, 44.859587080511375], [-0.935554631741009, 44.85927783862926], [-0.935596922519328, 44.85897006301619], [-0.935681423695933, 44.85866671767037], [-0.935807320829607, 44.85837072387645], [-0.935973400878112, 44.85808493207565], [-0.936178063902887, 44.85781209441995], [-0.936419338496422, 44.85755483827403], [-0.936694900783001, 44.8573156409207], [-0.937002096809241, 44.85709680571219], [-0.937337968108419, 44.85690043989711], [-0.937699280192151, 44.85672843433639], [-0.938082553695073, 44.856582445302756], [-0.938484097872735, 44.856463878538975], [-0.938900046130559, 44.856373875727904], [-0.93932639324221, 44.856313303504315], [-0.939759033899731, 44.85628274511427], [-0.94019380222501, 44.8562824948018], [-0.940626511863033, 44.856312554977144], [-0.941052996271811, 44.856372636193534], [-0.941469148822009, 44.85646215993282], [-0.941870962321108, 44.856580264173274], [-0.942254567582423, 44.856725811685806], [-0.942616270668379, 44.85689740097926], [-0.942952588450143, 44.85709337978954], [-0.943260282141691, 44.85731186098258], [-0.94353638848578, 44.85755074071909], [-0.943778248291686, 44.85780771870589], [-0.943983532049877, 44.85808032033932], [-0.944150262376727, 44.858365920528115], [-0.944276833072751, 44.85866176896625], [-0.944362024610194, 44.85896501661302], [-0.944405015900163, 44.85927274312546], [-0.944405392225038, 44.85958198497901], [-0.944363149258875, 44.85988976400599], [-0.94427869313603, 44.86019311607698], [-0.94415283656633, 44.86048911964892], [-0.943986791033161, 44.860774923904785], [-0.943782155148679, 44.861047776213994], [-0.943540899277407, 44.8613050486487], [-0.943265346575578, 44.861544263300146], [-0.942958150628236, 44.86176311615137], [-0.942622269899073, 44.86195949927572], [-0.942260939238859, 44.862131521147106], [-0.941877638726847, 44.862277524865966], [-0.941476060145426, 44.86239610412521], [-0.941060071411295, 44.862486116761794], [-0.940633679306271, 44.86254669576334], [-0.940200990867378, 44.862577257623315], [-0.93976617380894, 44.86257750796436], [-0.939333416358759, 44.8625474443751], [-0.938906886896222, 44.86248735643354], [-0.93849069378205, 44.862397822916236], [-0.938088845767615, 44.862279706220725], [-0.937705213366009, 44.86213414405471], [-0.937343491557787, 44.861962538472426], [-0.937007164191275, 44.86176654236403], [-0.936699470420829, 44.86154804352829], [-0.936423373506727, 44.8613091464825], [-0.936181532277302, 44.86105215218506], [-0.935976275528203, 44.86077953586639], [-0.935809579605108, 44.86049392318212], [-0.935683049385393, 44.860198064918485], [-0.935597902841322, 44.859894810493735], [-0.935554959332726, 44.859587080511375]]]}}, {"type": "Feature", "properties": {"nb_detections_cluster": 4, "frp_max": 4.1, "frp_moyen": 2.21, "derniere_detection": "2026-07-26T01:49:00", "fetch_timestamp": "2026-07-26T03:10:00"}, "geometry": {"type": "Polygon", "coordinates": [[[-0.924180470420084, 44.863567050552206], [-0.92405040061253, 44.863705675155714], [-0.923774753114766, 44.86394484160985], [-0.923467468086361, 44.86416364069366], [-0.923131504849251, 44.864359964998286], [-0.922770099049159, 44.864531923564144], [-0.922386731489313, 44.86467786010138], [-0.921985094598135, 44.86479636894997], [-0.921569056854166, 44.86488630862504], [-0.921142625511453, 44.864946812816974], [-0.920709907985095, 44.86497729873983], [-0.92027507226967, 44.86497747274766], [-0.919842306772716, 44.864947333164395], [-0.919415779951105, 44.86488717029998], [-0.91899960014005, 44.86479756365263], [-0.918597775962664, 44.864679376324304], [-0.918214177702271, 44.86453374670301], [-0.917852500010378, 44.8643620774927], [-0.917516226310144, 44.86416602219632], [-0.917208595238765, 44.86394746918271], [-0.916932569452345, 44.86370852349093], [-0.916690807093867, 44.86345148654779], [-0.916485636199066, 44.863178833994425], [-0.916319032286479, 44.86289319183535], [-0.916192599347075, 44.86259731114052], [-0.91610755441602, 44.86229404154415], [-0.916064715874363, 44.86198630379574], [-0.916064495592495, 44.86167706162781], [-0.916106894990059, 44.86136929321175], [-0.916191505049251, 44.86106596247637], [-0.91631751028033, 44.8607699905655], [-0.916483696600166, 44.86048422770951], [-0.916688463046949, 44.86021142578148], [-0.916929837217412, 44.859954211802055], [-0.917205494277154, 44.859715062647815], [-0.917512779360404, 44.859496281206766], [-0.917848733143119, 44.85929997420979], [-0.917989777579682, 44.85923286778341], [-0.918119851987399, 44.859094250478805], [-0.918395499758847, 44.85885509843588], [-0.918702775501131, 44.85863631376155], [-0.919038719980145, 44.8584400032178], [-0.919400098003069, 44.85826805713327], [-0.919783429569821, 44.858122131207956], [-0.920185023377063, 44.858003630576896], [-0.920601012352509, 44.85791369628615], [-0.921027390877906, 44.8578531943107], [-0.921460053342926, 44.85782270722019], [-0.921894833659539, 44.8578225285721], [-0.922327545357289, 44.85785266008664], [-0.922754021874323, 44.857912811630094], [-0.923170156657222, 44.85800240400718], [-0.923571942684426, 44.858120574535185], [-0.923955511033615, 44.858266185346785], [-0.924317168122454, 44.85843783434126], [-0.924653431264799, 44.85863386867956], [-0.924961062200522, 44.85885240069293], [-0.925237098276428, 44.85909132605265], [-0.925478880978188, 44.85934834402613], [-0.92568408153851, 44.85962097962456], [-0.925850723374717, 44.85990660742954], [-0.925977201139277, 44.860202476868956], [-0.926062296199207, 44.86050573869981], [-0.926105188394581, 44.86081347244238], [-0.926105463962015, 44.86112271450239], [-0.926063119545874, 44.86143048671004], [-0.925978562257558, 44.86173382500149], [-0.925852605781263, 44.86202980796623], [-0.925686462562674, 44.86231558498563], [-0.925481732154917, 44.862588403691326], [-0.925240385833075, 44.86284563647901], [-0.924964747624752, 44.86308480582171], [-0.924657471938781, 44.8633036081388], [-0.924321518007102, 44.863499935990276], [-0.924180470420084, 44.863567050552206]]]}}, {"type": "Feature", "properties": {"nb_detections_cluster": 1, "frp_max": 2.23, "frp_moyen": 2.23, "derniere_detection": "2026-07-26T01:32:00", "fetch_timestamp": "2026-07-26T03:10:00"}, "geometry": {"type": "Polygon", "coordinates": [[[-0.914672759287939, 44.88675624957837], [-0.914672546577119, 44.88644700498397], [-0.914714972315383, 44.88613923468663], [-0.914799627230647, 44.885835902633275], [-0.914925695400621, 44.8855399299804], [-0.915091962135535, 44.88525416696552], [-0.915296825698719, 44.88498136546323], [-0.915538312751294, 44.884724152490044], [-0.915814097371533, 44.884485004912875], [-0.916121523465089, 44.88426622560451], [-0.916457630349932, 44.88406992127528], [-0.91681918126936, 44.88389798219393], [-0.917202694558489, 44.883752063993015], [-0.917604477164285, 44.88363357173322], [-0.918020660196718, 44.88354364637994], [-0.918447236169217, 44.883483153822134], [-0.918880097570539, 44.883452676538724], [-0.919315076397427, 44.88345250799281], [-0.919747984268304, 44.88348264980726], [-0.920174652732681, 44.883542811749244], [-0.920590973389155, 44.883632414523305], [-0.920992937426612, 44.88375059534666], [-0.921376674208817, 44.883896216252836], [-0.921738488531651, 44.88406787504391], [-0.922074896194923, 44.884263918786516], [-0.922382657546773, 44.88448245972133], [-0.922658808677979, 44.88472139343373], [-0.922900689966001, 44.88497841911068], [-0.923105971693818, 44.88525106168923], [-0.923272676496673, 44.88553669568367], [-0.923399198420146, 44.88583257046238], [-0.923484318405421, 44.88613583673085], [-0.923527216051919, 44.886443573966645], [-0.923527477543117, 44.88675281854182], [-0.923485099658306, 44.88706059226235], [-0.923400489830586, 44.8873639310498], [-0.923274462249559, 44.88765991348887], [-0.923108230045183, 44.887945688965935], [-0.922903393627142, 44.888218505127526], [-0.922661925291137, 44.88847573439381], [-0.922386150239633, 44.88871489927164], [-0.922078724199255, 44.88893369622346], [-0.921742607849985, 44.88913001786089], [-0.921381038312242, 44.88930197325002], [-0.920997497966401, 44.889447906131615], [-0.920595680905268, 44.88956641088082], [-0.920179457342974, 44.88965634605227], [-0.919752836323631, 44.88971684537971], [-0.919319927089603, 44.889747326124024], [-0.918884899482335, 44.889747494689196], [-0.918451943758005, 44.88971734945153], [-0.918025230206085, 44.889657180775465], [-0.917608868960663, 44.88956756821521], [-0.917206870392667, 44.88944937492964], [-0.916823106465321, 44.88930373936417], [-0.916461273425917, 44.88913206428004], [-0.91612485619391, 44.88893600323674], [-0.915817094788885, 44.88871744465848], [-0.915540953122103, 44.888478493637884], [-0.915299090452397, 44.888221451653145], [-0.915093835781293, 44.88794879439392], [-0.914927165433774, 44.88766314791006], [-0.914800684040161, 44.8873672633132], [-0.914715609101731, 44.887063990275095], [-0.914672759287939, 44.88675624957837]]]}}, {"type": "Feature", "properties": {"nb_detections_cluster": 2, "frp_max": 6.83, "frp_moyen": 4.09, "derniere_detection": "2026-07-26T01:49:00", "fetch_timestamp": "2026-07-26T03:10:00"}, "geometry": {"type": "Polygon", "coordinates": [[[-0.941426130420051, 44.890266239250856], [-0.941462277421488, 44.890291892048204], [-0.941738538342818, 44.89053077874983], [-0.941980532025647, 44.89078776333502], [-0.942185927670794, 44.89106037113667], [-0.942352746816615, 44.89134597700404], [-0.942479382407643, 44.89164183057648], [-0.942564614290449, 44.89194508276384], [-0.942607620986817, 44.89225281317937], [-0.942607987629938, 44.89256205826092], [-0.942565709986286, 44.892869839809755], [-0.942481194523378, 44.89317319367213], [-0.942355254521764, 44.8934691982877], [-0.942189102267658, 44.89375500282937], [-0.941984337400436, 44.89402785466385], [-0.941742931526362, 44.89428512586777], [-0.941467209245989, 44.894524338544244], [-0.941159825777365, 44.89474318869533], [-0.940823741390146, 44.894939568420355], [-0.940462192896631, 44.895111586225944], [-0.94007866247427, 44.8952575852517], [-0.939676844120098, 44.89537615923569], [-0.939260608060562, 44.89546616606574], [-0.93883396346006, 44.89552673878532], [-0.938401019788063, 44.89555729394847], [-0.937965947217741, 44.89555753724226], [-0.937532936438443, 44.89552746632328], [-0.937106158270055, 44.89546737084005], [-0.936689723469223, 44.89537782964185], [-0.93628764311556, 44.89525970520015], [-0.935903789960276, 44.8951141352973], [-0.93554186111034, 44.89494252206204], [-0.935205342408284, 44.894746518458284], [-0.934897474851265, 44.89452801235696], [-0.934621223373189, 44.894289108345355], [-0.934379248290733, 44.89403210744898], [-0.934173879688278, 44.8937594849618], [-0.934007094988232, 44.893473866598875], [-0.93388049992233, 44.8931780032011], [-0.933795313086642, 44.89287474423619], [-0.933752354228252, 44.89256701035134], [-0.933752036375578, 44.89225776524202], [-0.93379436188716, 44.89194998710807], [-0.933878922455941, 44.89164663997196], [-0.934004903067978, 44.89135064513556], [-0.934171089876422, 44.89106485305016], [-0.934375881913993, 44.89079201587038], [-0.934617306530286, 44.890534760956385], [-0.934733852259558, 44.890433658721626], [-0.93469770824197, 44.890408003733704], [-0.934421477890928, 44.89016909953153], [-0.934179521483851, 44.889912098529535], [-0.933974168925305, 44.88963947602271], [-0.933807397483238, 44.88935385772627], [-0.933680812761776, 44.88905799448051], [-0.933595633257446, 44.88875473575163], [-0.933552678646824, 44.88844700218459], [-0.93355236191752, 44.88813775747179], [-0.933594685417357, 44.88782997980922], [-0.933679240858756, 44.887526633214854], [-0.933805213277248, 44.88723063898532], [-0.933971388904983, 44.88694484756607], [-0.93417616688243, 44.8866720111053], [-0.934417574694651, 44.88641475695625], [-0.934693287182716, 44.886175562382455], [-0.935000648946615, 44.885956730709346], [-0.935336699923513, 44.88576036915149], [-0.935698203894809, 44.88558836852882], [-0.93608167964746, 44.88544238506647], [-0.936483434489675, 44.885323824453586], [-0.936899599798592, 44.88523382831377], [-0.937326168258177, 44.88517326321755], [-0.93775903242945, 44.885142712342336], [-0.938194024282457, 44.88514246985984], [-0.938626955310207, 44.88517253810487], [-0.939053656839309, 44.88523262755297], [-0.939470020150096, 44.885322159606766], [-0.93987203602089, 44.8854402721644], [-0.94025583331654, 44.88558582791676], [-0.940617716250451, 44.885757425293356], [-0.940954199961996, 44.8859534119522], [-0.941262044067268, 44.886171900683706], [-0.94153828386042, 44.88641078757601], [-0.941780258865368, 44.88666777226696], [-0.941985638462842, 44.886940380088404], [-0.942152444345803, 44.88722598588942], [-0.942279069586581, 44.88752183931002], [-0.942364294131512, 44.88782509126145], [-0.942407296573137, 44.888132821359264], [-0.942407662085727, 44.88844206604439], [-0.942365386446745, 44.88874984712189], [-0.942280876104503, 44.88905320044259], [-0.942154944290336, 44.8893492044513], [-0.941988803211694, 44.88963500832682], [-0.941784052400402, 44.88990785944224], [-0.941542663327419, 44.89016512988114], [-0.941426130420051, 44.890266239250856]]]}}, {"type": "Feature", "properties": {"nb_detections_cluster": 25, "frp_max": 14.66, "frp_moyen": 3.65, "derniere_detection": "2026-07-26T03:10:00", "fetch_timestamp": "2026-07-26T03:10:00"}, "geometry": {"type": "Polygon", "coordinates": [[[-0.93917, 44.90991], [-0.94833, 44.90697], [-0.94414, 44.9114], [-0.93601, 44.91516], [-0.93418, 44.90841], [-0.92919, 44.90691], [-0.93563, 44.90317], [-0.93917, 44.90991]]]}}, {"type": "Feature", "properties": {"nb_detections_cluster": 1, "frp_max": 13.9, "frp_moyen": 13.9, "derniere_detection": "2026-07-25T03:30:00", "fetch_timestamp": "2026-07-26T03:10:00"}, "geometry": {"type": "Polygon", "coordinates": [[[-0.947649879316297, 44.924417565865014], [-0.947649484670691, 44.92410831778281], [-0.947691757964518, 44.923800531354324], [-0.947776291392778, 44.923497170682005], [-0.94790227020207, 44.9232011571982], [-0.948068480562108, 44.9229153415338], [-0.948273321278055, 44.92264247607058], [-0.948514819230058, 44.92238518844113], [-0.948790648390513, 44.922145956231425], [-0.949098152235366, 44.921927083129354], [-0.949434369333214, 44.92173067674846], [-0.949796061865549, 44.92155862834032], [-0.950179746803494, 44.921412594590244], [-0.950581729440977, 44.92129398167156], [-0.950998138961803, 44.92120393171152], [-0.951424965698654, 44.92114331179896], [-0.951858099725931, 44.92111270563908], [-0.952293370415653, 44.9211124079359], [-0.952726586576382, 44.92114242155598], [-0.953153576789672, 44.921202457500826], [-0.953570229556599, 44.92129193768824], [-0.95397253286875, 44.92141000051581], [-0.954356612823576, 44.92155550915329], [-0.954718770913025, 44.9217270624839], [-0.955055519627156, 44.921923008589836], [-0.955363616030361, 44.92214146065201], [-0.955640092987281, 44.92238031511174], [-0.955882287737887, 44.92263727191925], [-0.956087867546525, 44.92290985667499], [-0.956254852177726, 44.92319544445022], [-0.956381632981917, 44.92349128505858], [-0.956466988406664, 44.92379452953485], [-0.956510095783331, 44.92410225756666], [-0.956510539274773, 44.924411505614906], [-0.956468313906571, 44.92471929545234], [-0.956383825641971, 44.92502266284549], [-0.956257887498759, 44.92531868610378], [-0.956091711744448, 44.92560451422069], [-0.955886898243993, 44.925877394335856], [-0.955645419071372, 44.92613469825366], [-0.955369599532511, 44.92637394776216], [-0.955062095781707, 44.9265928385087], [-0.954725869246752, 44.92678926220164], [-0.954364158108816, 44.926961326924136], [-0.953980446111781, 44.927107375363924], [-0.953578429001577, 44.92722600078315], [-0.953161978919173, 44.92731606057416], [-0.952735107090646, 44.92737668727034], [-0.95230192517444, 44.927407296905805], [-0.951866605638881, 44.92740759464295], [-0.951433341552526, 44.927377577613925], [-0.951006306175576, 44.927317534948244], [-0.95058961274257, 44.92722804498636], [-0.950187274824692, 44.92710996970629], [-0.949803167654375, 44.92696444641685], [-0.949440990785541, 44.92679287679787], [-0.949104232449817, 44.92659691339317], [-0.948796135952563, 44.926378443686524], [-0.948519668432751, 44.92613957191473], [-0.948277492287747, 44.92588259879286], [-0.9480719395382, 44.92560999934742], [-0.94790498937972, 44.92532439907167], [-0.947778249137105, 44.92502854863232], [-0.947692938804035, 44.92472529737241], [-0.947649879316297, 44.924417565865014]]]}}, {"type": "Feature", "properties": {"nb_detections_cluster": 3, "frp_max": 1.1, "frp_moyen": 0.85, "derniere_detection": "2026-07-26T03:10:00", "fetch_timestamp": "2026-07-26T03:10:00"}, "geometry": {"type": "Polygon", "coordinates": [[[-0.80474, 44.71709], [-0.79455, 44.71399], [-0.79965, 44.71554], [-0.80474, 44.71709]]]}}, {"type": "Feature", "properties": {"nb_detections_cluster": 1, "frp_max": 0.62, "frp_moyen": 0.62, "derniere_detection": "2026-07-26T03:10:00", "fetch_timestamp": "2026-07-26T03:10:00"}, "geometry": {"type": "Polygon", "coordinates": [[[-0.80101428362197, 44.73629171128116], [-0.801014695947313, 44.7359824823743], [-0.801057629708309, 44.73567477132124], [-0.801142670744411, 44.73537154149768], [-0.80126899941901, 44.735075713074885], [-0.801435398537774, 44.734790134900834], [-0.801640265093178, 44.73451755706949], [-0.801881625721291, 44.73426060444293], [-0.802157155721214, 44.73402175138061], [-0.802464201453442, 44.733803297918875], [-0.80279980590105, 44.73360734762999], [-0.803160737147324, 44.73343578737337], [-0.803543519495594, 44.73329026913356], [-0.803944466931783, 44.733172194119874], [-0.80435971860777, 44.733082699279976], [-0.804785276004457, 44.73302264635733], [-0.805217041417349, 44.73299261359772], [-0.805650857394875, 44.732992890183866], [-0.806082546750577, 44.73302347345259], [-0.806507952764867, 44.73308406892026], [-0.806922979190188, 44.733174093117036], [-0.807323629675343, 44.73329267920214], [-0.807706046230244, 44.733438685306666], [-0.808066546361525, 44.73361070552342], [-0.808401658522083, 44.73380708343851], [-0.808708155533745, 44.73402592807447], [-0.808983085661562, 44.734265132091764], [-0.809223801040679, 44.734522392073984], [-0.809427983181986, 44.734795230701344], [-0.809593665310754, 44.73508102059968], [-0.809719251322699, 44.735377009635314], [-0.809803531174344, 44.73568034741277], [-0.809845692558746, 44.735988112720214], [-0.809845328753279, 44.73629734165864], [-0.809802442562929, 44.73660505618391], [-0.80971744632013, 44.736908292786914], [-0.80959115794011, 44.73720413103583], [-0.809424793068701, 44.737489721705096], [-0.809219953397323, 44.73776231422054], [-0.80897861125677, 44.73801928315578], [-0.808703090637471, 44.73825815352467], [-0.808396044818442, 44.73847662462575], [-0.808060430819942, 44.73867259220888], [-0.807699480925724, 44.73884416875005], [-0.807316671549081, 44.73898970163889], [-0.806915689742782, 44.73910778910317], [-0.806500397675768, 44.73919729371674], [-0.806074795419343, 44.73925735336048], [-0.805642982401936, 44.73928738953043], [-0.805209117904535, 44.739287112912706], [-0.804777380978186, 44.73925652617178], [-0.804351930170595, 44.73919592392467], [-0.803936863450695, 44.73910588990176], [-0.803536178718185, 44.73898729132146], [-0.803153735279257, 44.738841270532824], [-0.802793216660416, 44.73866923400736], [-0.802458095119233, 44.738472838785704], [-0.802151598194373, 44.73825397651043], [-0.801876677617447, 44.738014755198876], [-0.801635980886278, 44.73775747893211], [-0.801431825773342, 44.737484625655696], [-0.801266178014685, 44.737198823306784], [-0.801140632393766, 44.736902824497506], [-0.80105639740186, 44.736599479998915], [-0.80101428362197, 44.73629171128116]]]}}, {"type": "Feature", "properties": {"nb_detections_cluster": 5, "frp_max": 4.38, "frp_moyen": 2.84, "derniere_detection": "2026-07-26T03:10:00", "fetch_timestamp": "2026-07-26T03:10:00"}, "geometry": {"type": "Polygon", "coordinates": [[[-0.903006679588546, 44.87888989352047], [-0.903136009732396, 44.87906178459554], [-0.90330259455013, 44.87934744799825], [-0.903428997275771, 44.879643344940504], [-0.903513999998375, 44.87994662591428], [-0.90355678344667, 44.880254370255365], [-0.903556934904011, 44.8805636142673], [-0.903514452209525, 44.88087137976133], [-0.90342974380591, 44.88117470273811], [-0.903303624832388, 44.881470661934486], [-0.903137309299399, 44.88175640696065], [-0.902932398419489, 44.882029185756174], [-0.902690865205851, 44.88228637110107], [-0.902415035486143, 44.882525485925186], [-0.902107565513851, 44.88274422717288], [-0.901771416392406, 44.882940487992315], [-0.901409825558155, 44.883112378035314], [-0.901026275596842, 44.88325824167196], [-0.900624460694083, 44.88337667394439], [-0.900208251043367, 44.88346653410528], [-0.899781655554895, 44.883526956610915], [-0.899348783225154, 44.88355735946214], [-0.898913803540091, 44.88355744981317], [-0.898480906294219, 44.88352722679373], [-0.898054261213604, 44.88346698151743], [-0.897637977772643, 44.88337729427633], [-0.897236065592636, 44.883259028948586], [-0.896852395804483, 44.88311332467356], [-0.896490663748483, 44.882941584874224], [-0.89615435337118, 44.8827454637334], [-0.895846703662709, 44.88252685025406], [-0.895570677458279, 44.882287850057565], [-0.895328932904435, 44.8820307650957], [-0.895123797864915, 44.88175807147191], [-0.894957247512376, 44.88147239558623], [-0.894830885321382, 44.881176488833304], [-0.89474592764515, 44.88087320109821], [-0.894703192023845, 44.880565453304975], [-0.894703190197078, 44.880559952028435], [-0.894573882422233, 44.880388051053096], [-0.894407338932335, 44.88010237446584], [-0.894280982723407, 44.879806467214785], [-0.89419603009108, 44.879503179189776], [-0.894153298526971, 44.87919543131763], [-0.894153198870721, 44.878886187428286], [-0.89419573137985, 44.878578425709534], [-0.894280485754271, 44.87827511002554], [-0.894406645114161, 44.877979161375094], [-0.894572993891904, 44.877693429764356], [-0.8947779295611, 44.87742066676548], [-0.895019478088863, 44.877163499024036], [-0.895295312961832, 44.876924402971305], [-0.895602777602093, 44.87670568098386], [-0.895938910956762, 44.87650943921997], [-0.896300476014533, 44.8763375673459], [-0.896683990974628, 44.87619172034701], [-0.897085762768122, 44.87607330259831], [-0.897501922609234, 44.87598345434777], [-0.897928463234787, 44.875923040741874], [-0.898361277473912, 44.875892643499334], [-0.898796197777438, 44.87589255531252], [-0.899229036327208, 44.875922777030574], [-0.899655625340078, 44.87598301765122], [-0.900071857179496, 44.87607269712147], [-0.90047372388934, 44.87619095191999], [-0.900857355770304, 44.876336643367935], [-0.901219058628113, 44.87650836858816], [-0.901555349335641, 44.87670447400759], [-0.901862989366977, 44.87692307127293], [-0.90213901598092, 44.87716205542705], [-0.902380770753774, 44.87741912517111], [-0.902585925186665, 44.877691805017726], [-0.902752503140558, 44.8779774691222], [-0.902878899882532, 44.878273366562816], [-0.902963897559292, 44.87857664782675], [-0.903006676948189, 44.878884392247], [-0.903006679588546, 44.87888989352047]]]}}, {"type": "Feature", "properties": {"nb_detections_cluster": 3, "frp_max": 3.45, "frp_moyen": 2.54, "derniere_detection": "2026-07-26T01:49:00", "fetch_timestamp": "2026-07-26T03:10:00"}, "geometry": {"type": "Polygon", "coordinates": [[[-0.881412699490632, 44.88634492384815], [-0.881412670008788, 44.88603567925727], [-0.881455277784316, 44.88572792173084], [-0.881540111792136, 44.88542461509256], [-0.881666354385436, 44.88512868025398], [-0.881832789194992, 44.88484296708825], [-0.882037812865906, 44.88457022698973], [-0.882279450517874, 44.884313086383486], [-0.882555374779364, 44.88407402143941], [-0.882862928211789, 44.88385533423446], [-0.883199148907371, 44.88365913059192], [-0.883560799013924, 44.88348729981096], [-0.883944395911879, 44.88334149648118], [-0.884346245743494, 44.88322312455715], [-0.884762478971724, 44.88313332384548], [-0.885189087626908, 44.883072959034955], [-0.88562196388327, 44.88304261137445], [-0.886056939594594, 44.88304257307886], [-0.886489826409297, 44.883072844516995], [-0.886916456079549, 44.883133134207775], [-0.887332720577321, 44.88322286162573], [-0.887734611631999, 44.883341162787836], [-0.88811825930979, 44.88348689856881], [-0.888479969264197, 44.883658665664605], [-0.888816258299607, 44.88385481009886], [-0.889123887906029, 44.884073443142604], [-0.88939989544243, 44.88431245949414], [-0.889641622668585, 44.88456955754454], [-0.889846741350634, 44.88484226153375], [-0.890013275693551, 44.88512794538454], [-0.890139621384127, 44.885423857985], [-0.890224561060448, 44.8857271496762], [-0.890267276058185, 44.88603489969066], [-0.890267354319723, 44.88634414427716], [-0.890224794388959, 44.88665190524138], [-0.890140005452324, 44.886955218627484], [-0.890013803424571, 44.88725116326461], [-0.889847403116012, 44.88753688890306], [-0.88964240655569, 44.88780964366912], [-0.889400787582064, 44.88806680057412], [-0.889124872848871, 44.88830588282177], [-0.888817319428528, 44.88852458767018], [-0.88848108922835, 44.88872080861802], [-0.888119420465778, 44.88889265570108], [-0.887735796477323, 44.88903847370325], [-0.887333912161798, 44.8891568581062], [-0.886917638381446, 44.88924666862367], [-0.886490984664324, 44.88930704019008], [-0.886058060567913, 44.88933739129695], [-0.885623036076893, 44.889337429596885], [-0.885190101417427, 44.889307154720996], [-0.88476342667599, 44.889246858282384], [-0.884347121612671, 44.88915712106589], [-0.883945196056996, 44.88903880743108], [-0.883561521268614, 44.888893056982546], [-0.883199792635862, 44.88872127358799], [-0.882863494072157, 44.888525111850136], [-0.882555864453653, 44.88830646116295], [-0.88227986642185, 44.888067427506115], [-0.882038157851712, 44.88781031315364], [-0.881833066260164, 44.88753759449201], [-0.881666566401157, 44.88725189816231], [-0.881540261262701, 44.88695597575606], [-0.88145536664832, 44.886652677308945], [-0.881412699490632, 44.88634492384815]]]}}]}