{"type": "FeatureCollection", "name": "zone_active", "crs": {"type": "name", "properties": {"name": "urn:ogc:def:crs:OGC:1.3:CRS84"}}, "features": [{"type": "Feature", "properties": {"nb_detections": 341, "derniere_detection": "2026-07-25T03:30:00", "fetch_timestamp": "2026-07-25T11:44:39.986594"}, "geometry": {"type": "MultiPolygon", "coordinates": [[[[-1.155321785576631, 44.77016217968463], [-1.155627653921513, 44.76994274674399], [-1.15596224033595, 44.76974572598988], [-1.15632232270148, 44.76957301459034], [-1.156704433491181, 44.7694262756153], [-1.157104893153738, 44.76930692202903], [-1.157519845534755, 44.769216103091], [-1.157945294994769, 44.769154693294574], [-1.158377144867196, 44.76912328395082], [-1.158811236886714, 44.76912217749754], [-1.159243391209313, 44.76915138458869], [-1.159669446639599, 44.769210623991746], [-1.160085300678998, 44.76929932529441], [-1.16048694901014, 44.769416634394226], [-1.160870524038184, 44.76956142171877], [-1.16123233211872, 44.769732293097086], [-1.161568889114494, 44.76992760317837], [-1.161876953939089, 44.77014547126851], [-1.162153559764918, 44.7703837994327], [-1.162396042595197, 44.77064029268991], [-1.162602066924742, 44.77091248110523], [-1.162769648242255, 44.7711977435676], [-1.162897172157027, 44.77149333302449], [-1.162983409965264, 44.77179640293049], [-1.16302753050541, 44.77210403465563], [-1.163029108187458, 44.77241326558956], [-1.162988127117925, 44.7727211176712], [-1.162904981279812, 44.77302462606897], [-1.162780470764724, 44.77332086773558], [-1.162615794092481, 44.77360698956221], [-1.162412536691173, 44.773880235860986], [-1.162172655647774, 44.774137974910474], [-1.161898460875437, 44.77437772430876], [-1.161592592878233, 44.77459717488929], [-1.161257997327098, 44.77479421296899], [-1.160897896691613, 44.77496694071396], [-1.160515759200803, 44.7751136944262], [-1.160115265432094, 44.77523306057502], [-1.159700272850558, 44.77532388941823], [-1.159274778640544, 44.77538530608178], [-1.158842881188354, 44.775416718990705], [-1.158408740587773, 44.77541782557023], [-1.157976538549755, 44.77538861516154], [-1.157550438103366, 44.77532936912461], [-1.15713454347713, 44.77524065812671], [-1.156732860548142, 44.77512333664286], [-1.156349258240823, 44.77497853472144], [-1.155987431247907, 44.774807647094285], [-1.15565086443344, 44.77461231973668], [-1.155342799261166, 44.774394434006645], [-1.155066202572035, 44.77415608851686], [-1.154823738011712, 44.7738995789142], [-1.154617740383276, 44.77362737576172], [-1.154450193171916, 44.77334210073679], [-1.154322709457662, 44.77304650137473], [-1.154236516399425, 44.77274342460161], [-1.154192443439041, 44.77243578931127], [-1.154190914338056, 44.772126558251095], [-1.154231943123009, 44.77181870948701], [-1.154315133977224, 44.771515207723105], [-1.154439685079148, 44.77121897575173], [-1.154604396349237, 44.7709328663091], [-1.154807681029821, 44.77065963460726], [-1.1550475809856, 44.77040191180659], [-1.155321785576631, 44.77016217968463]]], [[[-1.175776830923768, 44.76974328909322], [-1.176111345565689, 44.769546207540145], [-1.176471364775338, 44.76937343070471], [-1.176853421633686, 44.76922662228691], [-1.177253837108504, 44.769107195919815], [-1.177668755470694, 44.769016301563624], [-1.178094181408206, 44.76895481443799], [-1.178526018480848, 44.768923326598554], [-1.178960108546487, 44.76892214123892], [-1.179392271779925, 44.76895126977284], [-1.179818346900016, 44.76901043172425], [-1.180234231218687, 44.7690990574266], [-1.180635920127157, 44.7692162935054], [-1.181019545640047, 44.769361011091355], [-1.181381413627046, 44.769531816685074], [-1.181718039374296, 44.76972706556925], [-1.18194818552668, 44.76988974615994], [-1.18202356551055, 44.7698672599549], [-1.182438481770966, 44.76977634772085], [-1.182863908242156, 44.76971484227287], [-1.183295748478774, 44.769683335843055], [-1.183729844308218, 44.769682131804025], [-1.184162015849799, 44.769711241749405], [-1.184588101742394, 44.769770385382074], [-1.185003999194234, 44.76985899321189], [-1.18540570347012, 44.769976212036504], [-1.18578934643675, 44.770120913152695], [-1.186151233795805, 44.77029170321973], [-1.186487880646946, 44.77048693766978], [-1.186796045038836, 44.7707047365371], [-1.187072759185439, 44.77094300255348], [-1.187315358047217, 44.77119944133648], [-1.187521505001941, 44.77147158347584], [-1.187689214357726, 44.77175680830629], [-1.187816870491094, 44.77205236913781], [-1.187903243425144, 44.77235541970079], [-1.187947500697149, 44.77266304155169], [-1.187949215400373, 44.77297227217543], [-1.187908370321734, 44.77328013351408], [-1.187825358134467, 44.77358366064705], [-1.187700977642873, 44.77387993034675], [-1.187536426114317, 44.77416608923457], [-1.187333287771367, 44.774439381265786], [-1.187093518554029, 44.77469717427864], [-1.186819427298096, 44.77493698535161], [-1.186678637949187, 44.775038060352976], [-1.186797133070304, 44.77531240770115], [-1.186883505516237, 44.77561545940051], [-1.18692775977608, 44.77592308200542], [-1.18692946897202, 44.776232312993535], [-1.186888615943936, 44.77654017430342], [-1.186805593441542, 44.77684370101475], [-1.186681200368413, 44.777139969904006], [-1.186516634113019, 44.77742612760033], [-1.186313479039715, 44.777699418070526], [-1.186073691249596, 44.777957209167816], [-1.185799579757307, 44.778197017989136], [-1.185658868794202, 44.77829802836529], [-1.185777395678961, 44.778572446267155], [-1.1858637676367, 44.77887549910188], [-1.18590801888402, 44.77918312245978], [-1.185909722572039, 44.77949235381127], [-1.185868861593597, 44.77980021509137], [-1.185785828774901, 44.780103741380074], [-1.185661423118804, 44.780400009457864], [-1.185496842134905, 44.78068616596178], [-1.185293670329354, 44.78095945487002], [-1.185053863964356, 44.78121724405091], [-1.184779732233428, 44.78145705061979], [-1.18463476276313, 44.78156110938393], [-1.184747657692921, 44.78182248522523], [-1.184834029093139, 44.78212553920108], [-1.184878277265003, 44.7824331633139], [-1.184879975389168, 44.78274239502683], [-1.184839106411975, 44.78305025627138], [-1.184756063236587, 44.78335378212789], [-1.18463164496553, 44.78365004938106], [-1.184467049229835, 44.78393620467577], [-1.184263860677671, 44.78420949200189], [-1.184024035732498, 44.784467279243], [-1.18374988376675, 44.78470708353309], [-1.18360932987807, 44.784807964461514], [-1.183727920360399, 44.78508252379654], [-1.183814291272265, 44.785385578905775], [-1.183858536430885, 44.785693203769576], [-1.183860229045849, 44.786002435843834], [-1.183819352116472, 44.78631029705658], [-1.183736298622427, 44.78661382248845], [-1.183611867765545, 44.786910088928195], [-1.183447257298006, 44.78719624302859], [-1.183244052009812, 44.78746952879098], [-1.183004208485567, 44.78772731411396], [-1.18273003627662, 44.78796711615005], [-1.182424175669315, 44.78818662522575], [-1.182089572263046, 44.78838372709466], [-1.181729448602745, 44.78855652330853], [-1.181347273138964, 44.78870334950991], [-1.180946726814705, 44.78882279146988], [-1.180531667601157, 44.78891369871612], [-1.180106093324439, 44.78897519561936], [-1.179674103142109, 44.78900668983179], [-1.179239858041251, 44.78900787799545], [-1.178807540739547, 44.78897874866574], [-1.178381315376522, 44.78891958242164], [-1.177965287384162, 44.78883094916186], [-1.177563463924441, 44.78871370261266], [-1.177179715275662, 44.78856897210064], [-1.176817737540409, 44.7883981516699], [-1.176481017034927, 44.78820288664847], [-1.176172796703519, 44.78798505779409], [-1.175896044881776, 44.78774676317166], [-1.175653426709671, 44.78749029793821], [-1.175447278469866, 44.78721813222955], [-1.175279585098141, 44.78693288736253], [-1.175151961082156, 44.78663731058212], [-1.175065634931931, 44.786334248597036], [-1.175021437370884, 44.78602662015885], [-1.175019793360278, 44.785717387949056], [-1.175060718032956, 44.78540953004479], [-1.175143816574501, 44.785106011238284], [-1.175268288051927, 44.78480975448619], [-1.175432933152035, 44.78452361276346], [-1.175636165753907, 44.78425034159305], [-1.175876028223294, 44.78399257251561], [-1.176150210280795, 44.78375278775435], [-1.17629077491247, 44.78365191631854], [-1.176172223757753, 44.78337734916491], [-1.1760858971135, 44.783074288312825], [-1.176041696533435, 44.78276666062517], [-1.176040047007983, 44.78245742877625], [-1.176080963723177, 44.782149570839714], [-1.176164051941314, 44.78184605160812], [-1.176221855332447, 44.78170845884732], [-1.176077471215897, 44.78169872530246], [-1.175651303900716, 44.78163954871208], [-1.175235334066509, 44.781550905430834], [-1.174833568314974, 44.78143364928147], [-1.174449876368494, 44.781288909683084], [-1.174087953783431, 44.781118080767286], [-1.173751286344793, 44.78092280794385], [-1.173518562915804, 44.78075830306546], [-1.173436115757451, 44.78078288533553], [-1.173021103742609, 44.78087376421742], [-1.172595582095949, 44.780935232125536], [-1.17216364946804, 44.78096669699133], [-1.171729466291515, 44.78096785573951], [-1.171297214687494, 44.78093869720879], [-1.17087105816257, 44.78087950225948], [-1.170455101485552, 44.78079084106671], [-1.170053351131363, 44.78067356762584], [-1.169669676674027, 44.78052881152248], [-1.169307773501398, 44.780357967047166], [-1.168971127211444, 44.78016267975957], [-1.168738587441684, 44.77999828262231], [-1.168655843574384, 44.780022949492746], [-1.168240829443633, 44.78011381045681], [-1.16781530832314, 44.78017526000174], [-1.167383378858422, 44.78020670623585], [-1.166949201451645, 44.7802078462633], [-1.166516958168346, 44.78017866910315], [-1.166090812434952, 44.780119455795145], [-1.165674868916292, 44.78003077669124], [-1.165273133960508, 44.77991348595932], [-1.164889476993251, 44.779768713351515], [-1.164527593233859, 44.779597853317355], [-1.164190968093253, 44.779402551566356], [-1.163882843597063, 44.77918468920994], [-1.163606187157713, 44.77894636463569], [-1.163363662996421, 44.77868987328903], [-1.163157606490352, 44.77841768555725], [-1.162990001691779, 44.77813242296926], [-1.162862462235351, 44.77783683294059], [-1.162776215816797, 44.777533762307506], [-1.162732092391787, 44.77722612990479], [-1.162730516207786, 44.77691689845202], [-1.162771501744647, 44.776609046019004], [-1.162854653602054, 44.77630553734519], [-1.162979170333846, 44.77600929528953], [-1.163143852191298, 44.775723172685424], [-1.163347112699814, 44.77544992487164], [-1.163586993956685, 44.775192183163846], [-1.163861185501867, 44.77495242952164], [-1.164167046579425, 44.77473297265488], [-1.164501631574899, 44.77453592579921], [-1.164861718383366, 44.77436318637406], [-1.165243839435021, 44.77421641771916], [-1.165644315079657, 44.77409703308468], [-1.166059289008944, 44.77400618202899], [-1.166484765375907, 44.77394473935476], [-1.166916647254883, 44.77391329668962], [-1.167350776072397, 44.773912156792214], [-1.167782971630173, 44.77394133063852], [-1.168209072335845, 44.77400053731617], [-1.1685797841395, 44.774079572189606], [-1.16865476672532, 44.77380576272469], [-1.16877924737393, 44.773509514411224], [-1.168943892406869, 44.77322338343917], [-1.169147115704154, 44.77295012522797], [-1.16938695972139, 44.77269237119342], [-1.1696611143571, 44.77245260341382], [-1.16996693921072, 44.772233130735245], [-1.170301489016544, 44.77203606654559], [-1.170661542008431, 44.77186330843119], [-1.171043630942129, 44.77171651991179], [-1.171444076476628, 44.7715971144288], [-1.171859022593455, 44.77150624174141], [-1.172284473713375, 44.77144477686052], [-1.172716333153772, 44.771413311627605], [-1.173150442557185, 44.77141214901866], [-1.173582621912243, 44.771441300228325], [-1.17400870978258, 44.77150048456216], [-1.174392012755384, 44.77158218552857], [-1.174464878964193, 44.77131598849411], [-1.174589323501613, 44.77101973391272], [-1.174753931690819, 44.77073359455898], [-1.174957117766621, 44.77046032593309], [-1.175196924543042, 44.770202559551116], [-1.175471042277181, 44.769962777610345], [-1.175776830923768, 44.76974328909322]]], [[[-1.120397284233776, 44.776834460210694], [-1.12082921399545, 44.77680319707217], [-1.121263365980651, 44.7768022376605], [-1.121695559768063, 44.77683159121387], [-1.12212163378229, 44.77689097508945], [-1.122537485345706, 44.77697981748382], [-1.122939110164582, 44.777097262935946], [-1.123322640870179, 44.7772421805604], [-1.123684384244496, 44.77741317493155], [-1.124020856772896, 44.777608599514174], [-1.124328818181818, 44.777826572511515], [-1.124605302638957, 44.77806499497845], [-1.124847647315686, 44.7783215710257], [-1.12505351803663, 44.778593829920965], [-1.125220931769163, 44.778879149874335], [-1.125348275735905, 44.779174783279394], [-1.125434322965523, 44.779477883167296], [-1.125478244131411, 44.77978553061911], [-1.125479615563317, 44.78009476287282], [-1.125438423353866, 44.78040260185436], [-1.125355063519387, 44.780706082858096], [-1.125230338212467, 44.781002283100314], [-1.125065448021688, 44.78128834987095], [-1.124861980431774, 44.78156152801215], [-1.124621894554376, 44.78181918645875], [-1.124347502275844, 44.782058843585], [-1.124201620494872, 44.78216339594283], [-1.124318538523258, 44.78243482224559], [-1.124404585191028, 44.78273792327252], [-1.124448503269724, 44.78304557147709], [-1.124449869118745, 44.783354804090024], [-1.124408668884403, 44.78366264303381], [-1.124325298660232, 44.783966123603165], [-1.124200560698809, 44.78426232301853], [-1.12403565571053, 44.784548388577825], [-1.123832171322581, 44.784821565134834], [-1.123592066808356, 44.78507922163968], [-1.123317654233676, 44.78531887648526], [-1.123182783509449, 44.78541552930651], [-1.12329880043954, 44.78568486083032], [-1.123384846583968, 44.785987962986475], [-1.123428761622001, 44.786295611937774], [-1.123430121942236, 44.78660484490774], [-1.123388913744149, 44.78691268381541], [-1.123305533197895, 44.78721616395586], [-1.123180782655388, 44.78751236255363], [-1.123015862948131, 44.78779842691454], [-1.122812361845016, 44.788071601903894], [-1.122572238780385, 44.78832925648687], [-1.122297805998691, 44.78856890907492], [-1.122152081583027, 44.78867333137209], [-1.122269063285731, 44.78894489980183], [-1.122355108868141, 44.789248003095], [-1.12239902081825, 44.789555652797034], [-1.12240037555431, 44.78986488612419], [-1.122359159329495, 44.79017272499211], [-1.122275768391184, 44.79047620469615], [-1.122151005191306, 44.790772402465116], [-1.121986070683201, 44.79105846561278], [-1.121782552778259, 44.79133163901615], [-1.121542411072599, 44.791589291655654], [-1.121267957990186, 44.791828941961455], [-1.12112231252598, 44.79193329902743], [-1.121239326161394, 44.79220493877594], [-1.121325371181704, 44.792508043205174], [-1.12136928004352, 44.7928156936569], [-1.121370629194757, 44.793124927340244], [-1.121329404942291, 44.793432766167335], [-1.121246003610739, 44.79373624543399], [-1.121121227752049, 44.79403244237317], [-1.12095627844142, 44.79431850430667], [-1.120752743732749, 44.79459167612313], [-1.120512583383958, 44.79484932681832], [-1.120238109998537, 44.795088974841086], [-1.119931966764376, 44.795308312001126], [-1.119597102003829, 44.79550522570767], [-1.119236740779931, 44.795677819324624], [-1.118854353832198, 44.795824430445805], [-1.118453624141358, 44.7959436469139], [-1.118038411445434, 44.79603432042841], [-1.117612715049436, 44.796095577611425], [-1.117180635287589, 44.79612682842408], [-1.116746334010078, 44.79612777185293], [-1.116313994475777, 44.796098398810656], [-1.115887781038289, 44.79603899222377], [-1.115471799014501, 44.79595012430598], [-1.115070055123221, 44.79583265104375], [-1.114686418875815, 44.79568770394735], [-1.114324585291558, 44.79551667914692], [-1.113988039297494, 44.795321223938885], [-1.113680022156235, 44.79510322091258], [-1.113403500245432, 44.79486476981036], [-1.113161136489769, 44.79460816729616], [-1.112955264720646, 44.7943358848277], [-1.112787867210257, 44.79405054484609], [-1.112660555596039, 44.793754895512016], [-1.112574555378648, 44.79345178423261], [-1.112530694141993, 44.793144130233806], [-1.112529393607954, 44.79283489644283], [-1.112570665601321, 44.79252706095167], [-1.112654111962824, 44.79222358833635], [-1.112711088866978, 44.7920883835484], [-1.112563831971311, 44.792078373031146], [-1.112137652969023, 44.79201895211267], [-1.111721706613871, 44.7919300702497], [-1.111319999281039, 44.79181258356303], [-1.110936400129696, 44.79166762369221], [-1.110574603821749, 44.79149658689044], [-1.110238094925153, 44.79130112056973], [-1.109998300110977, 44.791131374951235], [-1.109923046448772, 44.79115375772292], [-1.109507855369556, 44.791244399149925], [-1.10908218594655, 44.791305623487226], [-1.108650138254162, 44.791336841012395], [-1.108215873833642, 44.79133775103254], [-1.107783575588797, 44.791308344782216], [-1.107357407475442, 44.79124890550775], [-1.106941474373801, 44.79116000573772], [-1.106539782531351, 44.79104250176537], [-1.106156200958008, 44.790897525396765], [-1.105794424146315, 44.790726473044], [-1.105457936476378, 44.790530992268856], [-1.105149978648946, 44.7903129659069], [-1.104873516470291, 44.79007449392524], [-1.104631212289721, 44.78981787318884], [-1.104425399364795, 44.789545575330905], [-1.104258059400949, 44.789260222940726], [-1.104130803481391, 44.78896456429847], [-1.104044856570418, 44.788661446900804], [-1.104001045738626, 44.7883537900326], [-1.103999792222548, 44.78804455664864], [-1.104041107394291, 44.787736724836954], [-1.104124592678895, 44.78743325913803], [-1.10424944341925, 44.78713708199661], [-1.10441445665029, 44.786851045620594], [-1.104618042706638, 44.786577904518076], [-1.104858240551094, 44.7863202889768], [-1.105132736675552, 44.78608067974116], [-1.105278113577456, 44.785976546652805], [-1.105161066322676, 44.785704603281935], [-1.105075118840759, 44.7854014870209], [-1.10503130491218, 44.785093830902966], [-1.105030045803386, 44.78478459787569], [-1.105071352940417, 44.7844767660237], [-1.105154827825777, 44.78417329988788], [-1.10521140645483, 44.78403906765681], [-1.105053506595244, 44.78402832133857], [-1.104627396537936, 44.78396887172006], [-1.104211521597462, 44.78387996193149], [-1.103809887461, 44.78376244836267], [-1.103426362582561, 44.78361746291212], [-1.103064640908545, 44.783446402079335], [-1.102813415185506, 44.78330042518092], [-1.102463105215454, 44.78343469980815], [-1.10206242907282, 44.78355385653995], [-1.10164728143641, 44.78364446829921], [-1.101221660984584, 44.783705662302836], [-1.100789667320013, 44.78373684912055], [-1.10035546146347, 44.78373772835527], [-1.099923225754571, 44.783708291538034], [-1.099497123546663, 44.78364882220966], [-1.099081259085036, 44.78355989318816], [-1.098679637955894, 44.78344236104852], [-1.098296128487911, 44.783297357868165], [-1.097934424478995, 44.783126280317376], [-1.09759800960792, 44.78293077620062], [-1.097290123874166, 44.78271272857829], [-1.097013732389565, 44.78247423762221], [-1.096771496822499, 44.78221760038009], [-1.096565749769688, 44.781945288644096], [-1.096398472302166, 44.78165992513708], [-1.096271274901307, 44.78136425824626], [-1.096185381967917, 44.78106113554773], [-1.096141620052876, 44.780753476377306], [-1.096140409921785, 44.78044424371193], [-1.096181762529112, 44.780136415632654], [-1.09626527893959, 44.77983295664398], [-1.096390154196574, 44.77953678912596], [-1.096555185099122, 44.7792507651938], [-1.09675878181191, 44.77897763923568], [-1.096998983195326, 44.77872004139353], [-1.097273475707385, 44.77848045224122], [-1.097579615694815, 44.77826117890444], [-1.097914454858282, 44.77806433285131], [-1.098274768646258, 44.77789180956752], [-1.098657087304131, 44.777745270311385], [-1.099057729279671, 44.777626126124076], [-1.09947283666359, 44.77753552424865], [-1.099898412324407, 44.77747433708833], [-1.100330358380747, 44.77744315381046], [-1.100764515641392, 44.77744227467604], [-1.101196703634241, 44.77747170815019], [-1.101622760839646, 44.7775311708206], [-1.102038584741741, 44.7776200901251], [-1.102440171313, 44.77773760986208], [-1.102823653552788, 44.77788259843081], [-1.103185338709565, 44.778053659722474], [-1.103436541960913, 44.778199635514724], [-1.103786816999156, 44.77806535805375], [-1.104187450386897, 44.77794619531542], [-1.104602551868524, 44.777855574222706], [-1.105028124369355, 44.777794367363924], [-1.105460070038417, 44.77776316409605], [-1.105894229688215, 44.77776226487258], [-1.106326422823642, 44.777791678352095], [-1.106752487875553, 44.777851121314754], [-1.1071313918735, 44.777932126219675], [-1.107205297411716, 44.777663381004814], [-1.107330110240555, 44.777367201388756], [-1.107495079139219, 44.77708116138846], [-1.107698614869418, 44.77680801554696], [-1.107938756878707, 44.77655039419768], [-1.108213192196748, 44.776310778140925], [-1.108519277720898, 44.776091474761486], [-1.108854065676141, 44.775894595816844], [-1.109214332003914, 44.7757220371094], [-1.109596607406468, 44.77557546023861], [-1.109997210747959, 44.77545627660786], [-1.110412284490986, 44.77536563384002], [-1.110837831827899, 44.77530440473207], [-1.11126975514997, 44.77527317885526], [-1.111703895484832, 44.775272256880776], [-1.112136072523335, 44.77530164768626], [-1.112562124851312, 44.77536106827022], [-1.112977949999889, 44.77544994647576], [-1.113379543929601, 44.77556742649701], [-1.113763039569043, 44.77571237711567], [-1.114124744037759, 44.775883402588384], [-1.114461174195623, 44.77607885608046], [-1.114701286140719, 44.776248851594474], [-1.114776938293375, 44.77622634061996], [-1.115192010015511, 44.77613567993195], [-1.115617557974456, 44.776074432460035], [-1.116049484555474, 44.77604318795225], [-1.11648363075482, 44.776042247259184], [-1.116915816206876, 44.776071619438724], [-1.117341879416489, 44.776131021668704], [-1.117757717810036, 44.776219881968984], [-1.11815932722056, 44.77633734470611], [-1.11854284042764, 44.77648227882821], [-1.118904564381712, 44.77665328875077], [-1.119241015755086, 44.776848727788824], [-1.119471366170372, 44.77701179038997], [-1.11955666610414, 44.77698640465364], [-1.119971735730007, 44.776895726046156], [-1.120397284233776, 44.776834460210694]]], [[[-1.189085986502492, 44.775283642852195], [-1.18942048745519, 44.77508652075915], [-1.189780501238673, 44.77491370036763], [-1.190162560986004, 44.774766845797025], [-1.190562987637012, 44.77464737112484], [-1.190977925354892, 44.77455642677646], [-1.19140337864117, 44.77449488845287], [-1.191835250792305, 44.77446334870268], [-1.192269383328427, 44.77446211121943], [-1.192701596015461, 44.7744911879187], [-1.193127727096172, 44.774550298823506], [-1.193543673343775, 44.77463887475887], [-1.193945429553322, 44.774756062829546], [-1.194329127091555, 44.77490073462845], [-1.194691071134789, 44.775071497097166], [-1.195027776236973, 44.77526670593362], [-1.195261328532158, 44.77543172258969], [-1.195342715489469, 44.775407435329896], [-1.195757651085223, 44.775316473067186], [-1.196183104890315, 44.77525491638354], [-1.196614980196193, 44.77522335800436], [-1.197049118492607, 44.775222101802505], [-1.197481339490025, 44.77525115987384], [-1.197907481351213, 44.77531025242075], [-1.198323440745614, 44.77539881044503], [-1.198725212341731, 44.77551598122385], [-1.199108927358196, 44.77566063651671], [-1.199470890803081, 44.77583138342408], [-1.199807617043573, 44.776026577793786], [-1.20011586336403, 44.776244340046006], [-1.200392661189637, 44.776482573265255], [-1.200635344675185, 44.77673898338486], [-1.200841576383641, 44.77701110127071], [-1.201009369807018, 44.777296306491124], [-1.20113710851229, 44.77759185254502], [-1.201223561727363, 44.777894893305145], [-1.201267896216327, 44.77820251042248], [-1.201269684328713, 44.77851174142761], [-1.201228908144339, 44.778819608259], [-1.201145959672767, 44.779123145943245], [-1.201021637104466, 44.77941943115124], [-1.20085713714872, 44.77970561035509], [-1.200654043531164, 44.779978927314474], [-1.200414311760799, 44.78023674962758], [-1.200140250312509, 44.780476594090764], [-1.199834498405692, 44.78069615062197], [-1.19950000059259, 44.78089330451776], [-1.199139978400876, 44.78106615682882], [-1.198757899303547, 44.781213042657384], [-1.198357443315184, 44.78133254720031], [-1.197942467536639, 44.7814235193824], [-1.197516968990181, 44.78148508294899], [-1.197085046103753, 44.78151664491011], [-1.196650859216096, 44.781517901255306], [-1.196218590484078, 44.78148883988316], [-1.195792403579345, 44.78142974071815], [-1.195376403563453, 44.78134117301283], [-1.194974597328962, 44.78122398986204], [-1.194590854988371, 44.78107931998174], [-1.194228872583657, 44.780908556832046], [-1.193892136476253, 44.780713345189326], [-1.193658566264675, 44.78054832534821], [-1.193577171140305, 44.780572611414605], [-1.19316219323741, 44.7806635656806], [-1.192736695208682, 44.78072511088515], [-1.192304775477088, 44.78075665421519], [-1.191870594350989, 44.78075789183964], [-1.191438333931746, 44.7807288118375], [-1.191012157810915, 44.780669694312614], [-1.190596170946147, 44.78058110869442], [-1.190194380103287, 44.78046390825029], [-1.189810655246531, 44.78031922186274], [-1.1894486922494, 44.7801484431509], [-1.189111977286332, 44.779953217041005], [-1.188803753248429, 44.779735423915966], [-1.1885269885072, 44.77949716149665], [-1.188284348327299, 44.77924072462995], [-1.188078169203618, 44.77896858317852], [-1.18791043636967, 44.77868335822561], [-1.187782764693457, 44.7783877968245], [-1.18769638314429, 44.778084745535836], [-1.187652122979385, 44.777777123008285], [-1.187650409763162, 44.77746789186644], [-1.187691259295157, 44.777160030177264], [-1.187774277484761, 44.776856502769576], [-1.187898664172926, 44.77656023268285], [-1.188063220863067, 44.77627407302054], [-1.188266362285695, 44.77600077947847], [-1.188506131684594, 44.77574298381278], [-1.188780219676559, 44.77550316850275], [-1.189085986502492, 44.775283642852195]]], [[[-1.205795243922493, 44.77625409189724], [-1.206129692076177, 44.77605691932424], [-1.206489660720036, 44.77588404461486], [-1.206871683421586, 44.7757371324116], [-1.207272081477193, 44.775617597346894], [-1.207686999325249, 44.775526590427695], [-1.208112441658489, 44.775464987957484], [-1.208544311878763, 44.775433383102545], [-1.20897845152476, 44.775432080183286], [-1.209410680293953, 44.77546109174536], [-1.209836836274309, 44.77552013843903], [-1.210252815999379, 44.77560865170757], [-1.210654613941989, 44.77572577925915], [-1.211038361067192, 44.775870393269486], [-1.211400362074017, 44.776041101236586], [-1.211737130968101, 44.77623625938325], [-1.212045424623234, 44.77645398847854], [-1.212322274008953, 44.77669219192621], [-1.212565012783706, 44.776948575946406], [-1.212610090207957, 44.7770080330935], [-1.212684921842711, 44.77695427684086], [-1.213019350005146, 44.776757083435754], [-1.213379301951827, 44.77658418631399], [-1.213761311410966, 44.77643725033392], [-1.214161699806365, 44.776317690356905], [-1.214576611669377, 44.77622665762978], [-1.215002051750324, 44.77616502870453], [-1.215433923472711, 44.77613339700223], [-1.215868068360756, 44.776132067101734], [-1.216300306061463, 44.77616105180852], [-1.216726474576824, 44.77622007203145], [-1.217142470319732, 44.776308559468696], [-1.217544287608836, 44.7764256620771], [-1.21792805722297, 44.77657025227262], [-1.218290083644688, 44.77674093778258], [-1.218626880634993, 44.77693607504604], [-1.218935204797212, 44.77715378503313], [-1.219212086807208, 44.77739197133167], [-1.219454860009354, 44.77764834032694], [-1.219505766808436, 44.777715471582034], [-1.219604599067968, 44.777644462618454], [-1.219939007071461, 44.77744724829295], [-1.220298942161578, 44.77727432866335], [-1.220680938228763, 44.7771273688047], [-1.221081316825696, 44.777007783808365], [-1.221496222578019, 44.77691672516205], [-1.221921660294848, 44.776855069667356], [-1.222353533422424, 44.77682341100115], [-1.222787683471424, 44.77682205400193], [-1.223219930039166, 44.77685101173618], [-1.223646111042286, 44.776910005372365], [-1.224062122773475, 44.77699846686471], [-1.22446395939749, 44.77711554441991], [-1.224847751507055, 44.77726011069514], [-1.225209803368194, 44.77743077364805], [-1.225546628497031, 44.777625889934946], [-1.225854983226031, 44.777843580727954], [-1.2261318979368, 44.77808174979976], [-1.226374705658906, 44.778338103701536], [-1.226581067759253, 44.77861017384059], [-1.226748996474472, 44.77889534024521], [-1.226876874068898, 44.77919085678821], [-1.226963468433083, 44.77949387762671], [-1.227007944971916, 44.77980148460368], [-1.227009874666964, 44.78011071534753], [-1.226969238234489, 44.7804185917994], [-1.226886426338042, 44.78072214889341], [-1.226762235852593, 44.781018463113696], [-1.226597862215113, 44.781304680653065], [-1.226394887934371, 44.78157804490211], [-1.226155267369691, 44.781835923003754], [-1.225881307924554, 44.78207583121706], [-1.225603368766323, 44.78227554047768], [-1.22562587088708, 44.782305206330925], [-1.225724102330317, 44.78223462374977], [-1.22605851616754, 44.78203739065416], [-1.226418461818344, 44.78186445088356], [-1.226800473071411, 44.78171746970697], [-1.227200871333146, 44.78159786242102], [-1.227615801039809, 44.78150678072808], [-1.228041266769856, 44.78144510165165], [-1.228473171699809, 44.781413419095635], [-1.228907357034161, 44.78141203812865], [-1.229339642030524, 44.78144097204785], [-1.229765864235581, 44.781499942251095], [-1.230181919545369, 44.78158838091824], [-1.230583801705115, 44.78170543647575], [-1.230967640869168, 44.781849981792604], [-1.231329740850543, 44.7820206250283], [-1.231666614702088, 44.782215723029], [-1.231975018287168, 44.78243339714298], [-1.232251981516988, 44.78267155130346], [-1.232494836953936, 44.7829278922053], [-1.232701245505458, 44.78319995138102], [-1.232869218960859, 44.78348510896448], [-1.232997139153599, 44.78378061891349], [-1.233083773563952, 44.78408363544872], [-1.233128287211078, 44.78439124045458], [-1.233130250719083, 44.78470047157855], [-1.233089644478475, 44.785008350758126], [-1.233006858861912, 44.7853119129012], [-1.232882690491125, 44.78560823444333], [-1.232718334589954, 44.78589446150679], [-1.232515373496201, 44.78616783739056], [-1.232275761442039, 44.78642572912546], [-1.232001805748841, 44.78666565283932], [-1.231696144616939, 44.78688529768693], [-1.231361721723797, 44.787082548114306], [-1.231001757875041, 44.78725550424242], [-1.23061971998133, 44.787402500173656], [-1.230219287660042, 44.78752212004436], [-1.229804317783807, 44.787613211668564], [-1.229378807317863, 44.7876748976411], [-1.228946854804864, 44.78770658379304], [-1.228512620868906, 44.7877079649176], [-1.228080288120108, 44.78767902771154], [-1.227654020846891, 44.78762005090333], [-1.227237924885157, 44.78753160256694], [-1.226836008051915, 44.78741453464752], [-1.226452141525296, 44.7872699747511], [-1.226090022543811, 44.78709931527847], [-1.225753138784781, 44.78690420000748], [-1.225444734765578, 44.78668650825354], [-1.225167780591677, 44.78644833676127], [-1.224924943352679, 44.7861919795019], [-1.224874061126116, 44.78612490157845], [-1.224775821820152, 44.786195483500634], [-1.22444137875607, 44.7863927130085], [-1.224081398039601, 44.7865656466289], [-1.223699346743956, 44.78671261868096], [-1.223298904615676, 44.786832213531056], [-1.222883928621912, 44.786923279234145], [-1.222458415786871, 44.7869849386348], [-1.222026464676055, 44.78701659781998], [-1.221592235900068, 44.787017951842714], [-1.221159912019317, 44.78698898766078], [-1.220733657236776, 44.786929984262464], [-1.220317577267997, 44.786841509977904], [-1.219915679775886, 44.78672441700211], [-1.219531835752209, 44.7865798331825], [-1.219169742218654, 44.786409151150295], [-1.218832886607339, 44.78621401490059], [-1.218524513164437, 44.78599630395084], [-1.218247591700835, 44.78575811523056], [-1.218004788990998, 44.78550174287686], [-1.217949158184187, 44.785428388646245], [-1.217855498477436, 44.785495669288096], [-1.217521035304954, 44.78569287787426], [-1.217161037787968, 44.78586578898499], [-1.216778973161597, 44.78601273715623], [-1.216378521300854, 44.78613230698434], [-1.215963539266695, 44.78622334676535], [-1.215538024141556, 44.786284979593425], [-1.215106074513024, 44.786316611811536], [-1.214671850977435, 44.78631793873243], [-1.214239536044713, 44.78628894757495], [-1.213813293831618, 44.7862299175872], [-1.213397229932589, 44.78614141735544], [-1.212995351855687, 44.78602429932464], [-1.212611530405605, 44.785879691583496], [-1.21224946238652, 44.78570898699363], [-1.211912634984714, 44.7855138297674], [-1.211604292174563, 44.785296099624325], [-1.21132740347182, 44.785057893678704], [-1.211084635335328, 44.784801506233585], [-1.211041126011045, 44.78474412256063], [-1.210955176477859, 44.78480585452676], [-1.210620693210705, 44.78500304225071], [-1.210260678893863, 44.78517593091596], [-1.209878600924348, 44.78532285527467], [-1.209478139305771, 44.78544240015253], [-1.209063151193133, 44.785533414085904], [-1.208637633727466, 44.78559502041793], [-1.208205685518928, 44.78562662574675], [-1.20777146715019, 44.78562792564416], [-1.207339161081397, 44.78559890758924], [-1.206912931343909, 44.78553985108923], [-1.206496883411953, 44.78545132498575], [-1.206095024639737, 44.785334181972914], [-1.205711225645942, 44.78518955038012], [-1.205349183018369, 44.785018823298664], [-1.205012383698645, 44.784823645157545], [-1.204704071390578, 44.784605895877704], [-1.204427215316045, 44.784367672757746], [-1.204184481619548, 44.7841112702661], [-1.20397820769681, 44.78383915793443], [-1.203810379694475, 44.783553956565605], [-1.203682613397189, 44.78325841298583], [-1.203596138685575, 44.782955373584215], [-1.203551787714049, 44.78264775689504], [-1.203549986921488, 44.782338525486786], [-1.203590752950718, 44.78203065742909], [-1.203673692515135, 44.78172711761214], [-1.203798006212677, 44.781430829195095], [-1.203962496249443, 44.781144645458], [-1.204165577997566, 44.7808713223286], [-1.204405295275228, 44.780613491847994], [-1.204679339200873, 44.78037363683084], [-1.204963260464068, 44.78016973052188], [-1.204788504088662, 44.77993918527969], [-1.204620683615323, 44.77965398551969], [-1.204492921919848, 44.77935844326991], [-1.204406448838629, 44.77905540490669], [-1.204362096510478, 44.7787477889543], [-1.204360291387433, 44.77843855797413], [-1.204401050154124, 44.77813069003169], [-1.204483979593979, 44.7778271500161], [-1.20460828040253, 44.777530861088366], [-1.204772754910072, 44.777244676533535], [-1.204975818638356, 44.776971352287184], [-1.205215515579146, 44.776713520401195], [-1.205489537046767, 44.776473663703726], [-1.205795243922493, 44.77625409189724]], [[-1.218776702138814, 44.7815643546173], [-1.218754165220816, 44.78153463634098], [-1.218688235999925, 44.78158200093831], [-1.218710772902065, 44.78161171922848], [-1.218776702138814, 44.7815643546173]], [[-1.21185183507233, 44.7808678938618], [-1.211839840590078, 44.78085207384852], [-1.211786811327445, 44.780890164702434], [-1.211798805802905, 44.78090598472167], [-1.21185183507233, 44.7808678938618]]], [[[-1.215077587987029, 44.80363392882666], [-1.215383405110306, 44.80341432854623], [-1.215717981216792, 44.80321712522015], [-1.216078094286411, 44.80304421777469], [-1.216460276495876, 44.80289727116758], [-1.216860847605631, 44.80277770036255], [-1.217275950387815, 44.802686656710684], [-1.217701587754612, 44.80262501686915], [-1.218133661230147, 44.8025933743641], [-1.218568010396278, 44.80259203387847], [-1.219000452933357, 44.802621008319626], [-1.219426824871347, 44.80268001869528], [-1.219843020664698, 44.80276849679839], [-1.220245032706041, 44.80288559067577], [-1.220628989899144, 44.8030301728274], [-1.220991194920484, 44.803200851058065], [-1.221328159811351, 44.80339598187694], [-1.22163663955828, 44.803613686316226], [-1.22191366333882, 44.803851868017205], [-1.222156563131942, 44.80410823340944], [-1.222362999417551, 44.804380313789544], [-1.222530983717413, 44.8046654890872], [-1.222650153730147, 44.80494081157353], [-1.222805606818656, 44.80490670898167], [-1.223231254930429, 44.8048450478732], [-1.223663342355656, 44.80481338380265], [-1.224097708541888, 44.8048120216606], [-1.224530171005617, 44.80484097456294], [-1.224956565584975, 44.80489996372479], [-1.225372786516451, 44.8049884211434], [-1.225774825950684, 44.8051054950647], [-1.226158812527737, 44.80525005818085], [-1.22652104864122, 44.805420718479965], [-1.226858046033098, 44.80561583264389], [-1.227166559377013, 44.80583352186521], [-1.227443617527055, 44.806071689931755], [-1.227686552131282, 44.806328043404385], [-1.227893023334419, 44.806600113694586], [-1.228061042322012, 44.80688528082917], [-1.228188990488553, 44.80718079867394], [-1.228275635044385, 44.807483821373495], [-1.228320140910387, 44.807791430752886], [-1.228322078785014, 44.808100664417424], [-1.228281429305057, 44.80840854428012], [-1.228198583259036, 44.80871210524224], [-1.228074337850139, 44.809008423750676], [-1.227909889043685, 44.80929464595693], [-1.227706820071852, 44.809568015206686], [-1.227467086205477, 44.809825898594646], [-1.227192995938902, 44.810065812329], [-1.22688718876844, 44.810285445660625], [-1.226552609778064, 44.81048268314646], [-1.226192481276897, 44.810655625032076], [-1.225810271761585, 44.81080260555706], [-1.22540966250271, 44.8109222090061], [-1.224994512077375, 44.811013283351414], [-1.224568819190134, 44.81107495135425], [-1.224136684141028, 44.811106619018744], [-1.223702269312666, 44.811107981316226], [-1.223269759057842, 44.811079025124805], [-1.222843319375012, 44.81102002935575], [-1.222427057760986, 44.81093156226577], [-1.222024983628536, 44.81081447598056], [-1.221640969671028, 44.810669898283095], [-1.22127871454707, 44.81049922174563], [-1.220941707245258, 44.810304090310375], [-1.220633193472783, 44.810086383448414], [-1.220356144392026, 44.809848198049856], [-1.2201132280064, 44.80959182821993], [-1.219906783471047, 44.80931974317574], [-1.219738798575597, 44.80903456345745], [-1.219619634143883, 44.80875923746421], [-1.219464168468318, 44.80879333563492], [-1.219038486326928, 44.80885498236853], [-1.21860636522989, 44.8088866284651], [-1.21817196742541, 44.80888796910369], [-1.217739477102282, 44.808858991371025], [-1.217313060066933, 44.80879997438592], [-1.216896823597982, 44.80871148660938], [-1.216494776865936, 44.80859438036637], [-1.216110792300172, 44.808449783632106], [-1.215748568276131, 44.80827908916219], [-1.215411593482783, 44.80808394107152], [-1.215103113314141, 44.80786621899163], [-1.214826098608861, 44.80762801995916], [-1.214583217039217, 44.80737163821064], [-1.214376807424985, 44.80709954307793], [-1.214208857219433, 44.806814355198355], [-1.214080983383812, 44.80651882126825], [-1.213994416834022, 44.80621578758386], [-1.213949990608472, 44.80590817262446], [-1.213948131870246, 44.805598938941955], [-1.213988857819641, 44.80529106462793], [-1.214071775555439, 44.80498751463293], [-1.214196085885195, 44.804691212214145], [-1.214360591046853, 44.80440501078652], [-1.214563706266346, 44.80413166644823], [-1.214803475039032, 44.803873811444674], [-1.215077587987029, 44.80363392882666]]], [[[-1.133448991844402, 44.83192148700729], [-1.133755281796617, 44.831702109849545], [-1.134090312655611, 44.83150515101031], [-1.134450858023349, 44.831332507061425], [-1.134833445914883, 44.83118584042316], [-1.135234392185315, 44.831066563363294], [-1.13564983599531, 44.830975824404334], [-1.136075776974163, 44.830914497269546], [-1.136508113723264, 44.830883172473996], [-1.136942683289985, 44.8308821516414], [-1.13737530123282, 44.83091144460126], [-1.137801801892897, 44.83097076929425], [-1.138218078485111, 44.831059554486835], [-1.138620122623753, 44.831176945268766], [-1.13900406290296, 44.83132181128107], [-1.139366202161297, 44.83149275759514], [-1.13970305307233, 44.831688138138524], [-1.140011371719007, 44.831906071538626], [-1.140288188828917, 44.83214445923165], [-1.140530838369827, 44.832401005663264], [-1.140736983230098, 44.83267324038644], [-1.140904637736486, 44.83295854184412], [-1.141032186792078, 44.83325416260813], [-1.141118401449468, 44.83355725583143], [-1.141162450768488, 44.83386490265938], [-1.141163909843442, 44.83417414033608], [-1.141122763921559, 44.834481990735355], [-1.141039408572016, 44.834785489041664], [-1.140914645902854, 44.83508171230477], [-1.140749676861197, 44.835367807592974], [-1.14054608968999, 44.83564101947387], [-1.14030584465153, 44.83589871655735], [-1.140031255164198, 44.836138416845614], [-1.139724965533457, 44.83635781164501], [-1.139389925491179, 44.83655478780962], [-1.139029361788311, 44.83672744810184], [-1.138646747114409, 44.83687412947331], [-1.1382457666436, 44.83699341909008], [-1.137830282529522, 44.83708416794706], [-1.137404296691743, 44.83714550194063], [-1.136971912252778, 44.837176830292144], [-1.136537293997946, 44.83717785124122], [-1.136104628239815, 44.83714855495389], [-1.135678082474768, 44.83708922361734], [-1.135261765221269, 44.83700042872044], [-1.134859686427618, 44.836883025546335], [-1.134475718831452, 44.83673814493026], [-1.13411356064398, 44.83656718236203], [-1.133776699919073, 44.83637178453868], [-1.133468380950923, 44.836153833496944], [-1.133191573024295, 44.83591542847854], [-1.132948941818517, 44.83565886570359], [-1.132742823740615, 44.83538661624719], [-1.132575203434603, 44.83510130223262], [-1.132447694683094, 44.83480567157061], [-1.132361524884629, 44.834502571488514], [-1.132317523255474, 44.8341949211046], [-1.13231611286863, 44.83388568331143], [-1.132357306605809, 44.83357783623963], [-1.132440707060322, 44.83327434457686], [-1.132565510390768, 44.83297813101808], [-1.132730514087434, 44.83269204812203], [-1.1329341285756, 44.83241885084493], [-1.133174392543195, 44.832161170015624], [-1.133448991844402, 44.83192148700729]]], [[[-1.125885129238846, 44.84071189131624], [-1.126220241418323, 44.84051495565801], [-1.1265808687917, 44.840342336771094], [-1.126963538584486, 44.840195696834435], [-1.127364565863267, 44.84007644785865], [-1.127780089008813, 44.839985738095834], [-1.128206106886638, 44.839924440988106], [-1.128638517357814, 44.83989314676142], [-1.129073156759979, 44.83989215674515], [-1.129505839979296, 44.83992148047206], [-1.129932400728441, 44.83998083558655], [-1.130348731643778, 44.840069650562185], [-1.130750823816541, 44.84018707020193], [-1.131134805378337, 44.84033196386892], [-1.131496978770169, 44.840502936368225], [-1.131833856336834, 44.8406983413753], [-1.132142193904484, 44.840916297281915], [-1.132419022018348, 44.84115470530757], [-1.132661674540038, 44.84141126970209], [-1.132867814328998, 44.84168351984543], [-1.133035455760582, 44.84196883403201], [-1.133162983863536, 44.842264464711036], [-1.133249169891973, 44.84256756493995], [-1.13329318318118, 44.842875215796596], [-1.133294599172197, 44.843184454486185], [-1.13325340352695, 44.843492302872825], [-1.133169992293283, 44.84379579616021], [-1.133112970865887, 44.843931111842544], [-1.13326567675052, 44.84394145485455], [-1.13369227199636, 44.844000795595825], [-1.134108638648086, 44.844089596583245], [-1.134510767452896, 44.84420700275446], [-1.134894786189728, 44.844351883602336], [-1.135256996941681, 44.84452284405539], [-1.135593911693853, 44.844718237905035], [-1.135823496765875, 44.84488049908194], [-1.135903987242789, 44.84485655910126], [-1.136319531954532, 44.844765817225884], [-1.13674557676232, 44.84470448724357], [-1.137178019267927, 44.84467315969686], [-1.137612695500568, 44.8446721362359], [-1.138045419991828, 44.84470142671555], [-1.138472026057056, 44.84476074910036], [-1.138846664195638, 44.84484063183896], [-1.138919755076646, 44.84457459282367], [-1.139044549348051, 44.844278370885], [-1.139209553240593, 44.84399227729898], [-1.139413177177385, 44.84371906712485], [-1.139653459755105, 44.84346137131563], [-1.139928086648498, 44.84322167138881], [-1.14023441290906, 44.843002275536925], [-1.140569488442777, 44.842805296407946], [-1.140930086421312, 44.84263263076906], [-1.141312734353045, 44.84248594124946], [-1.141713747514918, 44.84236664033722], [-1.142129264423511, 44.84227587678454], [-1.142555284004308, 44.84221452455148], [-1.142987704101935, 44.84218317439481], [-1.143422360961326, 44.84218212818242], [-1.143855069300578, 44.842211395988215], [-1.144281662590552, 44.84227069599506], [-1.144698033154372, 44.84235945720711], [-1.145100171701628, 44.842476824945074], [-1.145484205917532, 44.84262166907181], [-1.145846437736242, 44.84279259486951], [-1.146183378940132, 44.842987956463304], [-1.14649178474275, 44.84320587266304], [-1.146768685032444, 44.84344424507061], [-1.147011412975972, 44.8437007782789], [-1.147217630706637, 44.84397300196826], [-1.147385351849355, 44.844258294687876], [-1.147512960665349, 44.84455390909379], [-1.147599227631522, 44.84485699840024], [-1.147643321303729, 44.84516464379033], [-1.147644816348874, 44.84547388252205], [-1.147603697667492, 44.845781736459095], [-1.147520360566122, 44.84608524075193], [-1.147395606976758, 44.846381472392665], [-1.147230637758783, 44.84666757836901], [-1.147027041156559, 44.84694080314555], [-1.146786777522954, 44.8471985152081], [-1.146512160455216, 44.84743823241457], [-1.146205834524251, 44.847657645908384], [-1.145870749811407, 44.84785464236361], [-1.145510133497771, 44.84802732434721], [-1.14512745877957, 44.84817402860186], [-1.144726411409249, 44.84829334207324], [-1.144310854184843, 44.84838411552651], [-1.143884789730179, 44.84844547462114], [-1.143452321925111, 44.848476828336665], [-1.143017616358074, 44.84847787466842], [-1.142584860182778, 44.84844860353796], [-1.142158221766677, 44.84838929689012], [-1.141783555251299, 44.84830942523719], [-1.141710473073997, 44.8485754664607], [-1.141653821749652, 44.84870994551162], [-1.141654563265084, 44.84871120697734], [-1.141805256715762, 44.84872140113169], [-1.142231897281617, 44.84878070914257], [-1.142648312861666, 44.84886947823194], [-1.143050493732082, 44.84898685364467], [-1.143434567170573, 44.84913170516975], [-1.143796834733624, 44.849302638018095], [-1.144133807859401, 44.84949800624695], [-1.144363647512151, 44.84966039865009], [-1.144443408541644, 44.84963667039886], [-1.144858974818339, 44.849545896412494], [-1.145285046555637, 44.84948453355665], [-1.145717521096012, 44.84945317269035], [-1.146152234160257, 44.84945211578466], [-1.146584999925364, 44.84948137301641], [-1.14701165130934, 44.84954066267029], [-1.147395788146875, 44.84962253171416], [-1.147469274167464, 44.849354922904716], [-1.147594033972195, 44.84905869089556], [-1.147759008361635, 44.84877258415733], [-1.147962608042836, 44.848499357875895], [-1.148202871845875, 44.84824164315947], [-1.148477485626123, 44.848001921707656], [-1.148783804561189, 44.84778250192026], [-1.149118878627457, 44.84758549667576], [-1.149479481010593, 44.8474128029929], [-1.149862139176463, 44.847266083770876], [-1.15026316830339, 44.8471467517838], [-1.150678706754174, 44.847055956083096], [-1.151104753246853, 44.84699457093836], [-1.151537205366924, 44.84696318742329], [-1.151971899051016, 44.846962107727], [-1.152404648662702, 44.846991342245765], [-1.152831287275512, 44.847050609483006], [-1.153206534160349, 44.84713056591698], [-1.153279386711041, 44.84686514862382], [-1.153404110346242, 44.84656891032428], [-1.153569047831236, 44.84628279518261], [-1.153772610228458, 44.84600955846564], [-1.154012836727, 44.84575183138209], [-1.154287413541423, 44.845512095750664], [-1.154593696205251, 44.845292660107766], [-1.154928735044074, 44.84509563748457], [-1.155289303582707, 44.84492292506713], [-1.155671929612838, 44.84477618593511], [-1.156072928622154, 44.844656833054344], [-1.156488439263387, 44.844566015677415], [-1.156914460522286, 44.84450460828269], [-1.157346890227265, 44.84447320215807], [-1.157781564530743, 44.84447209971038], [-1.158214297982875, 44.84450131155497], [-1.158640923812775, 44.84456055641359], [-1.159057334030338, 44.84464926382142], [-1.159459518963454, 44.844766579617186], [-1.159843605850838, 44.844911374164035], [-1.160205896119633, 44.84508225322148], [-1.160542900989563, 44.845277571364804], [-1.1608513750613, 44.84549544782227], [-1.161128347565979, 44.84573378457852], [-1.161371150975126, 44.84599028656981], [-1.161577446695485, 44.84626248377712], [-1.161745247601071, 44.846547755004785], [-1.161872937185088, 44.84684335311582], [-1.161959285146692, 44.84714643148154], [-1.162003459261758, 44.847454071390466], [-1.162005033422476, 44.847763310153454], [-1.161963991767399, 44.84807116963402], [-1.161880728861155, 44.8483746849293], [-1.161756045921053, 44.84867093292556], [-1.161591143125895, 44.848957060453024], [-1.161387608080133, 44.849230311768856], [-1.161147400543574, 44.849488055103315], [-1.160872833572959, 44.84972780801317], [-1.16072630901708, 44.849832794134116], [-1.160843200579847, 44.85010339212713], [-1.16092954799679, 44.85040647161399], [-1.160973719035839, 44.850714112257506], [-1.160975287618723, 44.8510233513615], [-1.160934237937634, 44.85133121078615], [-1.160850964634417, 44.85163472562916], [-1.16072626902644, 44.851930972781126], [-1.160561351414445, 44.85221709908041], [-1.160357799545537, 44.852490348795996], [-1.160117573341503, 44.8527480901735], [-1.159842986038853, 44.8529878407886], [-1.159536681921577, 44.85320729146299], [-1.159201610860709, 44.85340432851262], [-1.158840999905652, 44.8535770541135], [-1.158458322200861, 44.85372380458826], [-1.158057263527422, 44.85384316643737], [-1.157641686792152, 44.85393398996003], [-1.157215594806762, 44.85399540033344], [-1.156783091716275, 44.85402680604321], [-1.156348343449036, 44.85402790458386], [-1.155915537570114, 44.85399868537406], [-1.155488842925818, 44.853939429858535], [-1.155072369468919, 44.85385070879587], [-1.154670128652591, 44.853733376758065], [-1.154285994775379, 44.85358856389512], [-1.153923667650399, 44.85341766504433], [-1.153586636958971, 44.853222326289064], [-1.153346338940773, 44.85305259475746], [-1.153276990689194, 44.853073230600074], [-1.152861411921656, 44.85316403620463], [-1.152435320551578, 44.85322542821448], [-1.152002820718075, 44.853256815292184], [-1.151568078318119, 44.85325789511167], [-1.15113528086026, 44.85322865727194], [-1.15070859710967, 44.85316938339722], [-1.150324431186315, 44.853087525723964], [-1.150250953885661, 44.85335513674626], [-1.15012619855056, 44.85365137215279], [-1.149961221889278, 44.85393748286023], [-1.149757612217697, 44.854210713287664], [-1.149517330014411, 44.85446843186648], [-1.149242689055384, 44.8547081563918], [-1.148936334141526, 44.8549275779366], [-1.148601215633256, 44.8551245830974], [-1.148240561037118, 44.85529727435727], [-1.147857843918041, 44.85544398836965], [-1.147456750436876, 44.855563311986145], [-1.147041143835819, 44.855654095874236], [-1.146615027214349, 44.85571546559286], [-1.146182504954862, 44.85574683001923], [-1.145747743170384, 44.855747887045524], [-1.145314929556214, 44.85571862649025], [-1.144888233033161, 44.85565933019643], [-1.144471763572056, 44.855570569315404], [-1.144069532587525, 44.855453198802685], [-1.143685414283326, 44.85530834917888], [-1.143323108322466, 44.85513741563536], [-1.142986104182286, 44.85494204458959], [-1.142756246899106, 44.85477964905717], [-1.142676477853312, 44.85480337613548], [-1.142260869149713, 44.85489414210504], [-1.141834753071503, 44.85495549345985], [-1.141402233995865, 44.85498683925399], [-1.140967478005163, 44.85498787755912], [-1.140534672738875, 44.85495859837407], [-1.140107987037383, 44.854899283721316], [-1.139691530767253, 44.854810504929], [-1.139289315216009, 44.85469311712518], [-1.138905214438707, 44.85454825099703], [-1.138542927929478, 44.85437730189483], [-1.138205944978248, 44.854181916385954], [-1.137897511056483, 44.853963976388506], [-1.137620596556096, 44.85372558103785], [-1.137377868182768, 44.85346902646104], [-1.137171663279211, 44.853196783654234], [-1.137155201641331, 44.85316877683732], [-1.137004497102865, 44.85315857635541], [-1.136577828803997, 44.85309924816861], [-1.136161391460541, 44.85301045618472], [-1.135759196177675, 44.852893055658875], [-1.135375116815184, 44.852748177400755], [-1.135012852660885, 44.852577216877506], [-1.13483138907242, 44.852471990162854], [-1.134749843688716, 44.85253037688508], [-1.13486376521159, 44.852794396293206], [-1.134949976575734, 44.853097496236195], [-1.134994007432386, 44.85340514746841], [-1.134995433053152, 44.8537143871915], [-1.134954239006954, 44.854022237259535], [-1.134870821325975, 44.85432573286013], [-1.134745982718131, 44.854621951069106], [-1.134580924861529, 44.854908039003334], [-1.13437723685418, 44.8551812413012], [-1.134136879929307, 44.85543892666493], [-1.133862168582726, 44.855678613209506], [-1.133716778494721, 44.85578270440153], [-1.133834028662684, 44.85605443531359], [-1.133920239473785, 44.85635753637465], [-1.133964267245576, 44.856665188338354], [-1.13396568727929, 44.8569744283993], [-1.133924485197572, 44.85728227840829], [-1.133841057109915, 44.8575857735535], [-1.133716205824387, 44.857881990915104], [-1.133551133141133, 44.85816807761821], [-1.133347428300908, 44.85844127831298], [-1.13310705269901, 44.85869896171708], [-1.132832321011115, 44.85893864596441], [-1.132525878912166, 44.859158022515736], [-1.132190677602512, 44.859354978400916], [-1.131829945386423, 44.85952761657764], [-1.131447156576664, 44.859674274210505], [-1.131045998024807, 44.85979353869423], [-1.130630333599999, 44.8598842612658], [-1.130204166958839, 44.85994556807478], [-1.129771602965654, 44.85997686860429], [-1.129336808135552, 44.85997786136203], [-1.128903970482185, 44.85994853678553], [-1.12847725915792, 44.85988917733446], [-1.128104415663874, 44.85980966022229], [-1.128031169616175, 44.86007599924749], [-1.127974179241911, 44.86021117077537], [-1.128126146443255, 44.86022146792465], [-1.12855285992118, 44.86028082873153], [-1.128969339144331, 44.860369649465234], [-1.129371573776072, 44.86048707487331], [-1.129755690576395, 44.86063197426337], [-1.130117990684145, 44.86080295238538], [-1.130454985223952, 44.860998362860606], [-1.130763428895529, 44.86121632402821], [-1.131040351222245, 44.86145473705701], [-1.131283085158273, 44.86171130614866], [-1.131489292778775, 44.86198356063793], [-1.131656987805554, 44.862268878777314], [-1.13178455475083, 44.86256451297797], [-1.131870764494211, 44.86286761626345], [-1.131914786142117, 44.863175269682145], [-1.131916195054589, 44.863484510414594], [-1.131874976961216, 44.86379236030516], [-1.131791528125536, 44.86409585454313], [-1.131666651555299, 44.86439207021743], [-1.131501549294035, 44.86467815446935], [-1.131297810867261, 44.86495135197267], [-1.131057397993676, 44.86520903147581], [-1.130782625707869, 44.86544871115019], [-1.1306374720909, 44.86555260718594], [-1.130754818290632, 44.865824552006295], [-1.130841027480721, 44.86612765640685], [-1.130885046042666, 44.86643531055398], [-1.130886449366143, 44.86674455162122], [-1.130845223234484, 44.86705240144968], [-1.130761763988565, 44.86735589522928], [-1.13063687473632, 44.867652110053285], [-1.130471757643362, 44.867938193071204], [-1.130268002377997, 44.86821138896874], [-1.130027570821056, 44.86846906650969], [-1.129752778187046, 44.868708743884405], [-1.12944627073786, 44.86892811261988], [-1.129111000303258, 44.86912505982121], [-1.128750195853323, 44.86929768852968], [-1.128367332396611, 44.86944433600115], [-1.127966097503767, 44.869563589728145], [-1.127550355779352, 44.86965430105128], [-1.12712411162464, 44.86971559622844], [-1.126691470650697, 44.86974688485486], [-1.126256600114252, 44.869747865552796], [-1.125823688758291, 44.869718528875964], [-1.125396906445209, 44.86965915740062], [-1.125015680429733, 44.869577854877654], [-1.124941876398165, 44.86984612130391], [-1.12481695090558, 44.870142329815714], [-1.124651796838118, 44.87042840440485], [-1.124448004220201, 44.870701589838156], [-1.124207535292437, 44.87095925498021], [-1.123932705629304, 44.871198918140706], [-1.123798827024388, 44.871294717665805], [-1.123915351796707, 44.87156481515671], [-1.124001532878917, 44.87186792541977], [-1.124045518465347, 44.87217558283866], [-1.124046884263079, 44.87248482455536], [-1.124005616416694, 44.872792672404685], [-1.123922111668689, 44.873096161595555], [-1.123797173565119, 44.8733923692654], [-1.123632004742005, 44.87367844263261], [-1.123428195365831, 44.87395162647573], [-1.123187707838563, 44.87420928967472], [-1.12291285791379, 44.874448950557934], [-1.122606292405235, 44.87466830081124], [-1.122270963701924, 44.8748652277177], [-1.121910101335243, 44.87503783451408], [-1.12152718087169, 44.87518445866725], [-1.121125890431093, 44.87530368789433], [-1.120710095153158, 44.87539437377193], [-1.120283799955093, 44.87545564280301], [-1.119851110939723, 44.875486904834645], [-1.119416195826602, 44.875487858745245], [-1.118983243788164, 44.87545849534659], [-1.118556425078714, 44.87539909747228], [-1.118139850846089, 44.8753102372521], [-1.117737533514072, 44.87519277059842], [-1.117353348118021, 44.87504782895782], [-1.116990994966962, 44.87487680840796], [-1.116653963992463, 44.87468135620434], [-1.116422668682524, 44.87451789210522], [-1.116335617205191, 44.87454375213287], [-1.115919819818737, 44.87463442005296], [-1.1154935251642, 44.8746956706808], [-1.115060839339187, 44.87472691404065], [-1.114705443109901, 44.87472767834755], [-1.11455681416708, 44.874784578003805], [-1.114155511784233, 44.874903782027566], [-1.113739708211143, 44.87499444179514], [-1.113657002870288, 44.87500632339073], [-1.113833941164922, 44.875030955351626], [-1.114250506510031, 44.875119831716056], [-1.114652816023581, 44.87523731099972], [-1.11503699574449, 44.87538226199149], [-1.115399346205634, 44.87555328894441], [-1.115736378046614, 44.87574874500957], [-1.11604484560773, 44.87596674808702], [-1.116321778182024, 44.87620519894205], [-1.11656450862465, 44.87646180141196], [-1.116770699044035, 44.87673408451004], [-1.116938363327215, 44.877019426213266], [-1.117065886282042, 44.87731507870578], [-1.117152039211325, 44.87761819483486], [-1.117195991768192, 44.87792585552515], [-1.117197319977656, 44.878235097887085], [-1.117156010346147, 44.87854294374922], [-1.117072460018457, 44.878846428339536], [-1.117015573135251, 44.87898124210578], [-1.117166967921573, 44.87899151217628], [-1.117593812472243, 44.879050915458116], [-1.118010413596549, 44.879139777831405], [-1.118412759784163, 44.87925724364277], [-1.118796976720927, 44.87940218181071], [-1.119159364581423, 44.87957319671185], [-1.119496433645175, 44.8797686416133], [-1.119804937894092, 44.879986634522616], [-1.120081906267963, 44.880225076303], [-1.120324671277217, 44.8804816708792], [-1.120530894697408, 44.88075394734048], [-1.120698590097759, 44.88103928372777], [-1.120826141986423, 44.88133493227644], [-1.120912321387513, 44.88163804587177], [-1.120956297699157, 44.88194570546279], [-1.120957646717506, 44.8822549481706], [-1.120916354748493, 44.8825627958204], [-1.120832818766696, 44.88286628362303], [-1.120707842618765, 44.88316248872928], [-1.120542629306936, 44.8834485583822], [-1.120338769426006, 44.88372173739609], [-1.120098225864241, 44.883979394697384], [-1.119823314914825, 44.88421904867126], [-1.119678814888321, 44.88432241423554], [-1.11979640569726, 44.88459497132081], [-1.119882584542928, 44.88489808602521], [-1.119926557764851, 44.885205746338585], [-1.119927901188856, 44.885514989375025], [-1.119886601174668, 44.88582283695663], [-1.119803054774271, 44.88612632429482], [-1.11967806593458, 44.886422528544884], [-1.119512837780004, 44.886708596958115], [-1.119308961048237, 44.88698177436074], [-1.119068398789797, 44.88723942969468], [-1.118793467477915, 44.88747908136411], [-1.118649046535776, 44.88758238176825], [-1.118766669437745, 44.88785501036783], [-1.118852847727903, 44.88815812618031], [-1.118896817859738, 44.888465787215004], [-1.118898155688748, 44.88877503057909], [-1.118856847628462, 44.88908287809143], [-1.118773290808271, 44.889386364964196], [-1.118648289275377, 44.889682568357095], [-1.118483046276367, 44.88996863552967], [-1.118279152691853, 44.89024181132012], [-1.118038571734623, 44.890499464685874], [-1.117763620057972, 44.89073911405003], [-1.117619278208936, 44.890842349297266], [-1.117736933207879, 44.89111504941748], [-1.117823110942446, 44.891418166337026], [-1.117867077983823, 44.89172582809204], [-1.117868410217187, 44.8920350717827], [-1.117827094109878, 44.89234291922483], [-1.117743526868705, 44.89264640563114], [-1.11761851264116, 44.89294260816588], [-1.11745325479603, 44.89322867409687], [-1.117249344356858, 44.893501848274234], [-1.117008744698721, 44.89375949967094], [-1.116733772654999, 44.893999146729065], [-1.116427076215496, 44.89421848126753], [-1.116091609030282, 44.89441539072079], [-1.115730601964603, 44.89458797849363], [-1.115347531978768, 44.89473458223618], [-1.114946088632951, 44.894853789862154], [-1.11453013853984, 44.89494445315618], [-1.114103688108065, 44.89500569883876], [-1.11367084493593, 44.89503693698184], [-1.113235778228104, 44.89503786669396], [-1.11280267861745, 44.89500847901995], [-1.112375717779935, 44.89494905702726], [-1.111994931064348, 44.89486783547355], [-1.11192363858657, 44.895126631682395], [-1.111798588120648, 44.89542282789484], [-1.111633293309623, 44.895708885387286], [-1.111429345533068, 44.89598204909109], [-1.11118870852569, 44.89623968808003], [-1.110913699480633, 44.896479320915695], [-1.11076969585108, 44.89658228604931], [-1.110887467243846, 44.89685531300198], [-1.110973616799344, 44.89715843577455], [-1.111017550789597, 44.89746610078773], [-1.111018845417918, 44.897775345110325], [-1.110977487513656, 44.89808319055197], [-1.110893874686033, 44.89838667234464], [-1.110768811521475, 44.89868286769698], [-1.110603501860006, 44.8989689239459], [-1.110399537224173, 44.89924208603478], [-1.110158881511016, 44.89949972305297], [-1.109883852093812, 44.89973935358096], [-1.109577097514995, 44.899958669596906], [-1.109241571984669, 44.90015555871361], [-1.10888050693012, 44.900328124531754], [-1.10849737987029, 44.90047470491288], [-1.10809588091519, 44.9005938879957], [-1.10767987721324, 44.90068452580127], [-1.107253375689541, 44.90074574529559], [-1.106905241983525, 44.900770845909705], [-1.106829545321269, 44.90087220926148], [-1.106588866228929, 44.90112983867589], [-1.106313813579423, 44.9013694604865], [-1.106007036138977, 44.90158876675535], [-1.105671488337929, 44.901785645189136], [-1.105310401818115, 44.9019581994914], [-1.104927254305274, 44.90210476763462], [-1.104525736106462, 44.90222393787539], [-1.104109714555505, 44.90231456235843], [-1.103923991933212, 44.90234121399628], [-1.104038002121815, 44.90260557659839], [-1.104124123507166, 44.902908705219694], [-1.10416802444702, 44.90321637348671], [-1.104169281462823, 44.90352561843685], [-1.104127881746004, 44.90383346187364], [-1.104044223308346, 44.90413693904836], [-1.103919111175437, 44.90443312721407], [-1.10375374965884, 44.90471917377685], [-1.103549730780477, 44.90499232377331], [-1.103309018959795, 44.90524994640925], [-1.103033932110474, 44.90548956040369], [-1.102890346136514, 44.905592190224844], [-1.103008266027107, 44.90586561566166], [-1.103094386853183, 44.90616874538501], [-1.103138284697631, 44.90647641436725], [-1.103139536111619, 44.906785659638835], [-1.103098128340448, 44.90709350300025], [-1.103014459473391, 44.90739697970347], [-1.102889334636407, 44.907693167006094], [-1.102723958263348, 44.907979212322495], [-1.102519922519168, 44.908252360701304], [-1.10227919198571, 44.908509981363885], [-1.102004084756853, 44.90874959304821], [-1.101863873999883, 44.90884980206256], [-1.101978529196028, 44.90911565472999], [-1.102064649447393, 44.90941878555345], [-1.102108544188236, 44.909726455248936], [-1.102109789999534, 44.91003570084002], [-1.10206837418046, 44.91034354412409], [-1.101984694897721, 44.91064702035387], [-1.101859557377511, 44.91094320679151], [-1.101694166175775, 44.91122925085973], [-1.101490113600228, 44.911502397619124], [-1.101249364394777, 44.91176001630669], [-1.10097423683311, 44.91199962567943], [-1.100667380402937, 44.912218917919176], [-1.100331750295404, 44.912415780867725], [-1.099970578945146, 44.912588318377786], [-1.099587344895056, 44.91273486858354], [-1.099185739285818, 44.91285401991434], [-1.098769630293321, 44.91294462469701], [-1.098343025857013, 44.9130058102157], [-1.097910035058871, 44.91303698712181], [-1.097474828525783, 44.913037855113714], [-1.097041598237657, 44.91300840583075], [-1.096614517129344, 44.912948922933815], [-1.09619769887645, 44.91285997937163], [-1.095795158253374, 44.912742431859286], [-1.095410772446286, 44.912597412622254], [-1.095048243694481, 44.91242631848554], [-1.094711063620665, 44.91223079741337], [-1.094402479594234, 44.912012732629506], [-1.094125463451928, 44.911774224471095], [-1.093882682877262, 44.911517570151545], [-1.093676475714408, 44.91124524162752], [-1.093508827463692, 44.91095986178361], [-1.093381352175023, 44.910664179164385], [-1.093295276922717, 44.9103610414974], [-1.093251430010489, 44.910053368262666], [-1.093250233019332, 44.90974412257251], [-1.093291696773946, 44.90943628263345], [-1.093375421265488, 44.909132813064154], [-1.093500599530413, 44.90883663634656], [-1.093666025446982, 44.90855060468437], [-1.093870105373405, 44.908277472540234], [-1.094110873514698, 44.908019870115545], [-1.094386010869481, 44.9077802780283], [-1.094526232307516, 44.90768007848305], [-1.094411615351973, 44.90741421824417], [-1.094325539519248, 44.90711108167692], [-1.094281689497619, 44.90680340915501], [-1.09428048689811, 44.9064941637839], [-1.094321942599511, 44.906186323767024], [-1.094405656670614, 44.90588285372383], [-1.094530822248298, 44.905586676140814], [-1.094696233333062, 44.90530064323006], [-1.094900296426005, 44.90502750946619], [-1.095141045894287, 44.90476990506621], [-1.095416162916373, 44.90453031066717], [-1.095559759841861, 44.90442769053868], [-1.095441879265337, 44.90415425731901], [-1.095355802867616, 44.90385112185342], [-1.095311949744767, 44.90354345004626], [-1.095310741537767, 44.90323420499616], [-1.095352189179488, 44.90292636490344], [-1.095435892816421, 44.90262289438828], [-1.09549261731801, 44.90248865436189], [-1.095341623560688, 44.90247838598312], [-1.094914624390571, 44.90241889674495], [-1.094538114999151, 44.90233853354825], [-1.094463976725997, 44.902607309814584], [-1.094338817440635, 44.902903487050914], [-1.094173411599859, 44.9031895192187], [-1.093969351652607, 44.903462651493165], [-1.093728602414001, 44.90372025325074], [-1.093453482158248, 44.90395984341145], [-1.093146640302873, 44.904179114342185], [-1.092811031898793, 44.90437595408992], [-1.092449889171718, 44.90454846673085], [-1.092066690388936, 44.904694990638646], [-1.091665126351484, 44.90481411449595], [-1.091249064834848, 44.904904690894284], [-1.090822513321166, 44.90496584739107], [-1.090389580382607, 44.90499699491734], [-1.089954436088667, 44.90499783345444], [-1.089521271819659, 44.904968354925444], [-1.08909425987441, 44.904908843272906], [-1.088677513262209, 44.90481987172254], [-1.088275046067278, 44.90470229725904], [-1.087890734768392, 44.904557252367425], [-1.08752828088707, 44.904386134119804], [-1.087191175324771, 44.90419059071266], [-1.086954734477555, 44.90402345167847], [-1.086884853218401, 44.904044178542925], [-1.086468789695386, 44.904134737019355], [-1.086042238825498, 44.90419587514996], [-1.085609309174719, 44.90422700404268], [-1.085174170780882, 44.90422782385833], [-1.084741014967458, 44.904198326700346], [-1.084314013951808, 44.90413879669071], [-1.083897280637915, 44.904049807231914], [-1.083494828981865, 44.90393221548119], [-1.083110535312713, 44.90378715409006], [-1.08274810098211, 44.90361602028953], [-1.08241101670315, 44.90342046242589], [-1.082102528922412, 44.90320236407718], [-1.081825608549517, 44.90296382590382], [-1.081582922345494, 44.90270714540824], [-1.081376807245557, 44.9024347947992], [-1.081209247863355, 44.902149397173886], [-1.08108185739294, 44.90185370124807], [-1.080995862091847, 44.90155055487742], [-1.080952089493931, 44.901242877625656], [-1.080950960464676, 44.90093363264375], [-1.080992485174485, 44.90062579813127], [-1.081076263027746, 44.90032233865458], [-1.081201486547296, 44.90002617659834], [-1.081366949175875, 44.89974016402501], [-1.081571056918448, 44.89946705521332], [-1.08181184371245, 44.89920948013991], [-1.082086990377153, 44.898969919159384], [-1.082393846959098, 44.898750679126], [-1.082729458258009, 44.89855387118709], [-1.083090592287109, 44.89838139046129], [-1.083473771393797, 44.898234897797025], [-1.083875305741136, 44.89811580378679], [-1.084291328828116, 44.89802525519042], [-1.084717834707178, 44.89796412389815], [-1.085150716541311, 44.89793299853928], [-1.085585806130249, 44.897932178817136], [-1.086018914026066, 44.8979616726248], [-1.086445869852848, 44.89802119596894], [-1.086862562443197, 44.89811017570323], [-1.087264979406006, 44.898227755044175], [-1.087649245745464, 44.89837280181717], [-1.088011661160184, 44.89854391935292], [-1.088348735664, 44.898739459930226], [-1.088585158401511, 44.89890659572559], [-1.088655032635615, 44.898885867824575], [-1.089071053718416, 44.89879530130806], [-1.089497560242326, 44.89873415165158], [-1.089930445364112, 44.898703007661254], [-1.090365540851844, 44.898702169219824], [-1.090798657200809, 44.89873164440056], [-1.091225623953719, 44.898791149389574], [-1.091602104803268, 44.898871523723614], [-1.091676251847106, 44.898602749677025], [-1.091733195520928, 44.89846800477609], [-1.091591460924488, 44.898458360556816], [-1.091164496315453, 44.89839885697991], [-1.090747794761855, 44.89830989337324], [-1.090345369913861, 44.89819232664499], [-1.089961097842333, 44.898047289205685], [-1.089598679690946, 44.89787617805564], [-1.089261606017035, 44.89768064132298], [-1.088953123165137, 44.89746256238224], [-1.088676201997528, 44.897224041706934], [-1.088433509283036, 44.89696737663096], [-1.088227382019743, 44.8966950392146], [-1.088059804938617, 44.896409652428034], [-1.087932391404351, 44.89611396488266], [-1.087846367896782, 44.89581082435345], [-1.087802562221591, 44.89550315034794], [-1.087801395562976, 44.89519390598588], [-1.087842878453879, 44.8948860694609], [-1.087926610701543, 44.894582605358806], [-1.088051785268101, 44.89428643610884], [-1.088217196067787, 44.89400041384275], [-1.088421249604725, 44.893727292932695], [-1.088661980338357, 44.89346970347182], [-1.088937069627793, 44.893230125953295], [-1.089080543829586, 44.89312759006815], [-1.088962655215779, 44.892854003949985], [-1.088876631140214, 44.89255086452542], [-1.088832822361814, 44.8922431912377], [-1.088831650094749, 44.891933947199675], [-1.088873124926053, 44.89162611060187], [-1.088956846740666, 44.89132264603077], [-1.089082008601261, 44.891026475920185], [-1.0892474045445, 44.89074045241014], [-1.089451441217627, 44.89046732988474], [-1.089692153242522, 44.890209738452775], [-1.089967222158483, 44.88997015862632], [-1.090110775557789, 44.88986755760974], [-1.089992918997549, 44.889594043014675], [-1.089906894354073, 44.88929090469576], [-1.089863082472835, 44.88898323212683], [-1.089861904597972, 44.88867398841387], [-1.089903371370603, 44.88836615174425], [-1.089987082753355, 44.88806268670517], [-1.090112231909437, 44.887766515734924], [-1.090277612997917, 44.887480490981865], [-1.090481632809144, 44.88720736684206], [-1.09072232612742, 44.88694977343982], [-1.090997374672211, 44.88671019130627], [-1.091304129434914, 44.88649092749939], [-1.09163963619567, 44.88629409339551], [-1.092000663974248, 44.886121584365206], [-1.092383736141036, 44.88597506152951], [-1.092785163888683, 44.88585593577141], [-1.093201081742465, 44.8857653541565], [-1.093627484767933, 44.885704188892916], [-1.09406026711827, 44.885673028937106], [-1.094495261550957, 44.8856721743255], [-1.094928279534168, 44.88570163328712], [-1.095355151557629, 44.8857611221642], [-1.095733053479086, 44.88584180296454], [-1.095807195104019, 44.8855729127542], [-1.095932308002365, 44.885276735457886], [-1.096097652100902, 44.88499070226288], [-1.096301634546185, 44.88471756764657], [-1.096542290482319, 44.88445996183415], [-1.09681730198871, 44.884220365476295], [-1.097124020413366, 44.884001085768006], [-1.097459491886279, 44.8838042342387], [-1.097820485766947, 44.88363170642682], [-1.098203525752092, 44.88348516363421], [-1.098604923344172, 44.88336601693609], [-1.099020813358759, 44.88327541359965], [-1.099447191129401, 44.883214226042185], [-1.099811942286315, 44.883187943934736], [-1.099812390739418, 44.88318688208653], [-1.099977708912859, 44.88290084330327], [-1.100181664886346, 44.882627701740496], [-1.100422294058893, 44.882370087690404], [-1.100697278767614, 44.88213048188293], [-1.101003970618532, 44.88191119160414], [-1.101339415997492, 44.881714328485245], [-1.101700384515212, 44.88154178817625], [-1.102083400112593, 44.88139523209942], [-1.102484774526869, 44.88127607145781], [-1.102900642796744, 44.88118545365294], [-1.103327000465097, 44.88112425124142], [-1.103757312513634, 44.88109322870025], [-1.104013315898956, 44.88099526558774], [-1.104414683357176, 44.880876097986615], [-1.104830545548903, 44.88078547296677], [-1.105256898075529, 44.88072426315431], [-1.105689635576371, 44.880693057934636], [-1.106124591240676, 44.880692157780054], [-1.106557576909849, 44.88072157135807], [-1.106984423384735, 44.88078101544792], [-1.107401020550788, 44.880869917666445], [-1.107803356935735, 44.880987421976485], [-1.108187558319723, 44.88113239692595], [-1.10854992502698, 44.881303446537174], [-1.108886967540591, 44.88149892374306], [-1.109127572797972, 44.881668979149474], [-1.109204409822625, 44.88164616219471], [-1.109620269985919, 44.881555519218445], [-1.110046623137508, 44.8814942910042], [-1.11047936391067, 44.881463067114574], [-1.11091432546314, 44.881462148201614], [-1.11134731957964, 44.88149154311347], [-1.111774176979693, 44.881550968809144], [-1.11215079677163, 44.8816313211112], [-1.112227297176489, 44.881353549863604], [-1.112284197962001, 44.881218738449654], [-1.112132798062961, 44.8812084617158], [-1.111705942887533, 44.88114903740485], [-1.111289336833589, 44.881060151326494], [-1.110886992631417, 44.88094265964219], [-1.110502785575169, 44.88079769403966], [-1.110140416182449, 44.880626650827274], [-1.109803374541185, 44.88043117747885], [-1.109494906687699, 44.88021315675848], [-1.109217983340181, 44.87997468857892], [-1.108975271288899, 44.879718069768586], [-1.108769107718657, 44.879445771942194], [-1.108601477710621, 44.87916041768876], [-1.108473995139766, 44.87886475530642], [-1.108387887151348, 44.87856163232796], [-1.108343982365186, 44.87825396809197], [-1.108342702920468, 44.87794472562424], [-1.108384060436759, 44.87763688310034], [-1.108467655929085, 44.87733340516394], [-1.108524496522072, 44.87719875017702], [-1.108372634842705, 44.87718843618497], [-1.107945814211436, 44.877128997497756], [-1.107529243940933, 44.87704009742759], [-1.107126936416755, 44.87692259227072], [-1.106742766579699, 44.876777613844574], [-1.106380434588821, 44.87660655858109], [-1.106043430171745, 44.876411074070106], [-1.105815574189033, 44.87625000225868], [-1.105735104035944, 44.87627389745095], [-1.105319276721446, 44.87636452572905], [-1.104892957369931, 44.87642573569693], [-1.104460252316964, 44.87645693777058], [-1.104025329436628, 44.87645783140593], [-1.103592377976186, 44.876428407995355], [-1.103165568184347, 44.8763689509505], [-1.102749011122989, 44.87628003297107], [-1.102346719050393, 44.87616251052576], [-1.101962566758482, 44.87601751559857], [-1.101600254237255, 44.87584644478038], [-1.101263271026752, 44.8756509458108], [-1.101022679609321, 44.875480848401104], [-1.100944830530148, 44.87550396164569], [-1.100529001186505, 44.87559457196495], [-1.100102682459824, 44.87565576352867], [-1.09966998067967, 44.875686946930095], [-1.099235063688608, 44.875687821805016], [-1.098802120677161, 44.87565837972648], [-1.098375321812635, 44.87559890428597], [-1.097958778051623, 44.875509968360376], [-1.097556501524255, 44.875392428591255], [-1.097172366872667, 44.87524741712946], [-1.096810073916894, 44.87507633072512], [-1.096473112008464, 44.87488081726798], [-1.096164726415565, 44.874662759908425], [-1.095887887063937, 44.87442425891209], [-1.095645259934715, 44.87416761142342], [-1.095439181394689, 44.87389528933327], [-1.095271635706018, 44.87360991546426], [-1.095144235931562, 44.87331423830341], [-1.095058208419187, 44.87301110552573], [-1.095014381013717, 44.87270343656412], [-1.095013175109213, 44.872394194489814], [-1.095054601617143, 44.87208635747445], [-1.095138260888287, 44.8717828901086], [-1.095263346588061, 44.87148671485298], [-1.09542865348694, 44.87120068389724], [-1.095632589089985, 44.870927551697235], [-1.095873188992621, 44.87066994845492], [-1.096148135814031, 44.87043035479616], [-1.096288869553819, 44.87032971891228], [-1.096174498770693, 44.870064277354714], [-1.096088470675608, 44.86976114568772], [-1.096050784594419, 44.86949660849012], [-1.095995308011394, 44.86948887553494], [-1.095578813345681, 44.86939993085457], [-1.095176585573386, 44.869282382692006], [-1.094792498866971, 44.86913736327897], [-1.094430252584612, 44.86896626944216], [-1.094093335628246, 44.86877074914291], [-1.093784992833078, 44.86855268559751], [-1.093508193712639, 44.86831417913115], [-1.093265603860602, 44.868057526940916], [-1.093059559284777, 44.867785200963], [-1.092892043920279, 44.86749982405742], [-1.092764670538004, 44.867204144740406], [-1.092678665231751, 44.86690101070777], [-1.092634855632614, 44.86659334140443], [-1.092633662963305, 44.866284099904924], [-1.092675098007988, 44.86597626437534], [-1.092758761035385, 44.86567279939192], [-1.092883845674894, 44.86537662739243], [-1.093049146707353, 44.865090600535154], [-1.093253071694457, 44.86481747323644], [-1.093493656333989, 44.864559875651054], [-1.093768583392224, 44.86432028835039], [-1.094075205030605, 44.864101018442256], [-1.094410568311284, 44.863904177361704], [-1.094771443635669, 44.86373166054651], [-1.095154355842107, 44.86358512919268], [-1.095555617663405, 44.863465994265276], [-1.09597136522237, 44.86337540291814], [-1.096397595224094, 44.863314227453124], [-1.096830203487538, 44.86328305692494], [-1.097265024446176, 44.86328219147182], [-1.097697871238274, 44.863311639427145], [-1.098124576001679, 44.86337111723917], [-1.098189814068809, 44.86338504913995], [-1.098148996660664, 44.86324122600381], [-1.098105159946657, 44.86293355921891], [-1.098103937232217, 44.86262431814025], [-1.098133375200601, 44.86240543960156], [-1.098115515735265, 44.86239280913934], [-1.097838728584731, 44.86215431393726], [-1.097596145550848, 44.861897671713045], [-1.097390102575893, 44.86162535430684], [-1.097222583579709, 44.86133998449614], [-1.097095201368336, 44.86104431072894], [-1.097009182120769, 44.86074118064754], [-1.096965353602536, 44.860433513658876], [-1.09696413721872, 44.8601242728152], [-1.097005543982019, 44.859816436276304], [-1.09708917443366, 44.85951296862819], [-1.097214222516873, 44.8592167923343], [-1.097379483364643, 44.858930759594344], [-1.097583364925719, 44.85865762488132], [-1.097823903316124, 44.858400018421385], [-1.098098781747525, 44.85816042087145], [-1.098405352849624, 44.85794113943803], [-1.098740664171188, 44.85774428566716], [-1.099101486613915, 44.85757175511884], [-1.099484345525304, 44.85742520912135], [-1.099885554151272, 44.85730605878072], [-1.100301249126762, 44.85721545139921], [-1.100727427663105, 44.85715425943312], [-1.101159986074727, 44.857123072096], [-1.101594759275041, 44.85712218968797], [-1.102027560862093, 44.85715162070566], [-1.102454223408944, 44.85721108176039], [-1.1028706385718, 44.85730000030558], [-1.103272796630643, 44.85741752014696], [-1.10365682508252, 44.8575625096828], [-1.104019025916694, 44.857733572795], [-1.104355911213397, 44.85792906228641], [-1.104664236723941, 44.85814709573524], [-1.10494103310919, 44.85838557361419], [-1.105183634535758, 44.85864219950039], [-1.105389704354545, 44.85891450218148], [-1.105557257614115, 44.859199859445866], [-1.10568468019171, 44.85949552332773], [-1.105770744357076, 44.859798646564634], [-1.105814620618525, 44.86010631001268], [-1.105815885736227, 44.86041555075567], [-1.105793860154453, 44.86057949050976], [-1.10580515411831, 44.860576135903095], [-1.106220863746969, 44.86048550626112], [-1.106647060647228, 44.86042429150627], [-1.106670456713588, 44.860422603536755], [-1.106881000767377, 44.86032191312202], [-1.107263858125285, 44.86017534016706], [-1.107665069890985, 44.86005616160707], [-1.107906158119621, 44.860003596835234], [-1.107889712262559, 44.86000008610952], [-1.107487526049839, 44.85988258289564], [-1.10710347184406, 44.85973760650305], [-1.10674124869045, 44.8595665533441], [-1.106404345268315, 44.85937107098834], [-1.106096006282684, 44.85915304228659], [-1.105819201210618, 44.85891456722852], [-1.105576595703367, 44.85865794270876], [-1.105370525919801, 44.85838564039698], [-1.105202976038109, 44.858100282925385], [-1.10507555916193, 44.85780461862307], [-1.104989501804251, 44.8575014950413], [-1.104945632097747, 44.85719383152445], [-1.104944371844276, 44.85688459109138], [-1.104985732479106, 44.856576751898], [-1.105069314987759, 44.8562732785559], [-1.105194313775205, 44.85597709358343], [-1.105359524449161, 44.855691049263875], [-1.105563355441538, 44.85541790018183], [-1.105803843355288, 44.85516027670187], [-1.106078671888098, 44.85492065964482], [-1.106385194150098, 44.854701356405066], [-1.106720458160272, 44.85450447873864], [-1.107081235275796, 44.85433192243574], [-1.107464051280533, 44.854185349072544], [-1.107865219833453, 44.854066170018676], [-1.108280877955265, 44.853975532852864], [-1.108707023212075, 44.853914310318224], [-1.109139552238679, 44.85388309192262], [-1.109574300231378, 44.85388217826523], [-1.110007081030898, 44.85391157814361], [-1.110433727410442, 44.85397100846891], [-1.110812779286907, 44.85405192366345], [-1.110889428004016, 44.85377350463295], [-1.111014390536845, 44.85347731334655], [-1.111179564217537, 44.85319126059677], [-1.11138335783424, 44.85291810104944], [-1.111623808349806, 44.85266046516993], [-1.111898599822013, 44.852420833898485], [-1.112040167170777, 44.85231952962442], [-1.111926093260036, 44.852054882171615], [-1.111840007742057, 44.851751764462776], [-1.111796105003173, 44.85144410422418], [-1.111794807163525, 44.851134864443154], [-1.111836126020502, 44.850827023269396], [-1.111919662962087, 44.85052354533361], [-1.112044612832173, 44.850227353198406], [-1.11220977170963, 44.849941299216106], [-1.112413548525215, 44.849668138064395], [-1.112653980403612, 44.84941050022409], [-1.112928751582104, 44.84917086665437], [-1.113066050215259, 44.849072608895895], [-1.112946356532262, 44.84879492081474], [-1.112860270504709, 44.84849180421677], [-1.112816364725666, 44.84818414470624], [-1.11281506134464, 44.847874905263474], [-1.112856372212466, 44.847567064034884], [-1.112939898794142, 44.8472635856517], [-1.113064836033403, 44.8469673926809], [-1.113229980130821, 44.84668133748283], [-1.113433740159533, 44.84640817474687], [-1.113674153405925, 44.84615053496913], [-1.113948904286726, 44.845910899127425], [-1.114255346659808, 44.84569157479707], [-1.114590529313389, 44.84549467393722], [-1.114951224387975, 44.84532209256135], [-1.115333958457312, 44.84517549248719], [-1.115735045969212, 44.84505628534152], [-1.116150624724598, 44.844965618973625], [-1.116576693053651, 44.84490436640777], [-1.117009148331763, 44.84487311744098], [-1.117443826465224, 44.84487217296688], [-1.117876541967318, 44.844901542079675], [-1.118303128239902, 44.844960941986784], [-1.11871947767357, 44.84504980073041], [-1.119121581181209, 44.84516726269211], [-1.119505566785206, 44.845312196827486], [-1.119867736887535, 44.845483207551936], [-1.120204603864532, 44.84567864817278], [-1.120446442954951, 44.84584963370814], [-1.120524772626901, 44.84582634955058], [-1.120940349347713, 44.845735665226485], [-1.121366418293795, 44.84567439425908], [-1.12179887683458, 44.84564312662256], [-1.122233560844937, 44.84564216339029], [-1.122666284781572, 44.84567151383712], [-1.123092881965149, 44.84573089535019], [-1.123509244681232, 44.84581973614884], [-1.123911363714854, 44.84593718078739], [-1.124295366938953, 44.84608209838829], [-1.124657556585891, 44.84625309352613], [-1.124994444843865, 44.84644851965833], [-1.125223550280999, 44.846610480430705], [-1.125304500078222, 44.846586413645085], [-1.125533646831473, 44.84653640089628], [-1.125539786576309, 44.84651407397138], [-1.125664655710859, 44.8462178668941], [-1.125829733441116, 44.84593179302289], [-1.12603342947923, 44.84565860722706], [-1.12615633001621, 44.84552685340662], [-1.125905896570153, 44.84538158125659], [-1.125597558690637, 44.84516360770808], [-1.125320739772535, 44.84492518235746], [-1.125078105600851, 44.8446686016207], [-1.124871992610959, 44.84439633674588], [-1.124704385397632, 44.844111010004696], [-1.124576897617137, 44.84381536943043], [-1.124490756465789, 44.843512262345875], [-1.124446790883701, 44.84320460793668], [-1.124445423596476, 44.842895369134105], [-1.124486667070528, 44.84258752407847], [-1.124570123419977, 44.84228403743796], [-1.12469498826497, 44.84198783185911], [-1.124860058503263, 44.84170175982378], [-1.125063743919243, 44.84142857618353], [-1.125304082517754, 44.84117091163588], [-1.125578759434286, 44.84093124739717], [-1.125885129238846, 44.84071189131624]], [[-1.104071123970741, 44.89058866745227], [-1.104272729678735, 44.89063168890568], [-1.104346712744116, 44.89036324244623], [-1.104403528512488, 44.89022870245816], [-1.104252257994802, 44.89021842529565], [-1.104072290092299, 44.89019336211223], [-1.104076999965287, 44.890226377752356], [-1.1040782561887, 44.890535621459286], [-1.104071123970741, 44.89058866745227]], [[-1.097091473827086, 44.89366215377066], [-1.097144324509832, 44.89367759145953], [-1.097528585224884, 44.893822603855625], [-1.09789100137543, 44.89399368892076], [-1.098228082968342, 44.894189199246384], [-1.098536583864568, 44.89440725221008], [-1.0985460449264, 44.89441539968587], [-1.098532670061732, 44.89438437452996], [-1.098446591954202, 44.894081242374426], [-1.098402729522107, 44.89377357271673], [-1.098401504496328, 44.89346432863481], [-1.098408642437997, 44.893411282958525], [-1.098168318098464, 44.893359987796494], [-1.097765913198655, 44.893242448128596], [-1.097443472083114, 44.8931207650141], [-1.09743814822874, 44.89313336728081], [-1.097272786974465, 44.89341940319796], [-1.097091473827086, 44.89366215377066]]], [[[-1.159711803155833, 44.87689277431015], [-1.160047012606531, 44.876695734243384], [-1.160407768341061, 44.87652300345023], [-1.160790596348521, 44.87637624518726], [-1.161191810171807, 44.87625687260452], [-1.161607546395363, 44.876166035144344], [-1.162033801833059, 44.87610460747843], [-1.162466472058734, 44.8760731810899], [-1.162901390909213, 44.87607205858068], [-1.163334370580321, 44.87610125075931], [-1.163761241930739, 44.876160476536896], [-1.164177894606632, 44.87624916563232], [-1.164580316601596, 44.8763664640607], [-1.164964632871934, 44.876511242352386], [-1.165327142636225, 44.87668210642346], [-1.165664355000724, 44.87687741099348], [-1.165907440425645, 44.877048986300025], [-1.165981536686047, 44.87702693693885], [-1.166397270861485, 44.87693608152609], [-1.166823526904176, 44.876874635460965], [-1.167256200382117, 44.876843190403775], [-1.167691125100813, 44.87684204913621], [-1.168124113199595, 44.876871222647424], [-1.168550995456015, 44.87693043002824], [-1.168967661411259, 44.87701910117475], [-1.169370098931095, 44.877136382274855], [-1.169754432822388, 44.87728114402575], [-1.1701169621341, 44.87745199250284], [-1.170454195784318, 44.87764728257585], [-1.170762886170772, 44.87786513374338], [-1.171040060441548, 44.878103448233674], [-1.171283049125077, 44.878359931197394], [-1.171489511843669, 44.87863211279885], [-1.171657459862755, 44.878917371992685], [-1.171785275258315, 44.87921296175788], [-1.171871726517302, 44.87951603554615], [-1.171915980420102, 44.87982367469019], [-1.171917610089748, 44.8801329165083], [-1.171876599129408, 44.880440782834626], [-1.171793341807271, 44.880744308700415], [-1.171668639286053, 44.881040570890214], [-1.17150369193236, 44.8813267160976], [-1.17130008777907, 44.88159998840949], [-1.171059787250929, 44.88185775585397], [-1.17078510429976, 44.882097535755626], [-1.17047868413037, 44.88231701865413], [-1.170143477731235, 44.88251409055512], [-1.169782713455086, 44.88268685329891], [-1.169399865923037, 44.88283364285039], [-1.168998622551941, 44.882953045333664], [-1.168582848027727, 44.883043910656525], [-1.168156547067412, 44.88310536359357], [-1.167723825829162, 44.88313681222042], [-1.167288852342871, 44.88313795361823], [-1.166855816343321, 44.88310877679281], [-1.16642888889376, 44.8830495627807], [-1.166046543645287, 44.88296819459424], [-1.165973454477672, 44.88323453479626], [-1.165848715710996, 44.88353079068229], [-1.165683731375223, 44.883816927469056], [-1.165480089859411, 44.88409018932451], [-1.165239751948183, 44.884347944377424], [-1.164965031953453, 44.88458771007172], [-1.164658575436862, 44.88480717708389], [-1.164323333737038, 44.88500423157252], [-1.163962535546786, 44.88517697554569], [-1.163579655813953, 44.88532374514904], [-1.163178382265623, 44.88544312669878], [-1.162762579878465, 44.88553397030437], [-1.162336253637944, 44.885595400949555], [-1.161903509945782, 44.8856268269247], [-1.161468517048202, 44.885627945529116], [-1.161035464866987, 44.88559874598822], [-1.160608524621268, 44.88553950955726], [-1.160191808629856, 44.88545080681102], [-1.159789330682374, 44.88533349214508], [-1.159404967361698, 44.88518869554213], [-1.15904242069113, 44.885017811682864], [-1.158705182466722, 44.88482248650626], [-1.158472342527018, 44.8846581351048], [-1.15838810900539, 44.88468319104015], [-1.157972304495974, 44.8847740166913], [-1.157545978785706, 44.88483542893525], [-1.157113238271218, 44.88486683623958], [-1.156678251168129, 44.88486793608353], [-1.156245207342401, 44.884838717873095], [-1.155818277932659, 44.88477946304346], [-1.155446141800689, 44.884700231173746], [-1.155373444601915, 44.88496494591419], [-1.155248646049897, 44.88526119005344], [-1.155083602598768, 44.885547311246995], [-1.154879903207003, 44.885820553813], [-1.154639509216733, 44.88607828606588], [-1.154364735480101, 44.88631802566915], [-1.154058228076489, 44.886537463550525], [-1.153722938834779, 44.886734486149194], [-1.153362096905828, 44.8869071957803], [-1.1529791776589, 44.88705392892027], [-1.152577869201802, 44.887173272236545], [-1.15216203684756, 44.88726407620678], [-1.151735685870378, 44.88732546619654], [-1.151302922910323, 44.88735685088775], [-1.150867916399252, 44.887357927977384], [-1.150434856390105, 44.88732868709072], [-1.150007914177402, 44.88726940988134], [-1.149591202098869, 44.88718066731671], [-1.149188733906378, 44.88706331417599], [-1.148804386088758, 44.886918480812426], [-1.148441860519874, 44.88674756226078], [-1.148104648792403, 44.88655220479419], [-1.147795998581387, 44.88633429006069], [-1.147518882361904, 44.88609591695234], [-1.147275968782322, 44.885839381382034], [-1.147069596968846, 44.88556715416291], [-1.146901754008627, 44.88528185720414], [-1.146774055827857, 44.88498623825226], [-1.146687731648495, 44.88468314442201], [-1.146643612172514, 44.884375494771476], [-1.146642121606674, 44.884066252186265], [-1.146683273603601, 44.883758394843255], [-1.146766671157308, 44.88345488752912], [-1.146891510453071, 44.88315865308959], [-1.147056588633625, 44.88287254428459], [-1.147260315405861, 44.88259931631992], [-1.147500728375432, 44.882341600319975], [-1.147775511960833, 44.882101877996696], [-1.148082019704196, 44.881882457758294], [-1.148417299763585, 44.88168545248756], [-1.148778123341011, 44.88151275920346], [-1.149161015772455, 44.88136604080136], [-1.149562289980609, 44.88124671004746], [-1.149978081968616, 44.881155915981296], [-1.150404388013524, 44.88109453285676], [-1.15083710320199, 44.88106315172805], [-1.151272060937988, 44.8810620747613], [-1.151705073042979, 44.88109131232652], [-1.152131970063374, 44.8811505828978], [-1.152504077988001, 44.88122982578321], [-1.152576783879804, 44.880965113231284], [-1.152701586980683, 44.880668872493715], [-1.152866628229959, 44.88038275527783], [-1.153070317690163, 44.88010951687046], [-1.153310693326236, 44.879851788496644], [-1.15358543991614, 44.87961205198744], [-1.153891911358208, 44.87939261588772], [-1.154227156160001, 44.87919559323302], [-1.154587945862968, 44.87902288120972], [-1.1549708061292, 44.87887614289363], [-1.155372050191035, 44.87875679124275], [-1.155787814341827, 44.8786659754978], [-1.156214095126601, 44.87860457012144], [-1.156646787875184, 44.87857316638212], [-1.157081726207579, 44.8785720666637], [-1.157514722132049, 44.87860128155525], [-1.157941606350793, 44.878660529749176], [-1.158321125924725, 44.878741332867705], [-1.158396897247777, 44.87846533932841], [-1.158521664081309, 44.87816909228464], [-1.158686668321328, 44.877882966646006], [-1.158890320386756, 44.87760971778048], [-1.159130658602616, 44.877351977013824], [-1.159405368107176, 44.87711222629649], [-1.159711803155833, 44.87689277431015]]], [[[-1.119545730806592, 44.89644103134611], [-1.119852427203413, 44.896221688046474], [-1.120187891990231, 44.896024767126136], [-1.120548894590594, 44.89585216479173], [-1.12093195861699, 44.895705543062775], [-1.121333395340177, 44.895586313774594], [-1.121749339198801, 44.895495624989636], [-1.122175785007888, 44.895434349948005], [-1.12260862650862, 44.895403078663236], [-1.123043695888963, 44.89540211224372], [-1.123476803895546, 44.89543145999505], [-1.123903780151455, 44.89549083933033], [-1.124320513292735, 44.89557967848983], [-1.124722990538072, 44.89569712204372], [-1.125107336311522, 44.89584203912485], [-1.12546984954722, 44.89601303431285], [-1.125807039317524, 44.896208461064695], [-1.126115658442064, 44.896426437562766], [-1.12639273475443, 44.896664864828274], [-1.126635599725577, 44.89692144692579], [-1.126841914168321, 44.897193713064766], [-1.127009690775153, 44.8974790413856], [-1.127137313271956, 44.897774684201316], [-1.12722355200257, 44.898077794452476], [-1.127267575793409, 44.898385453120376], [-1.127268959982997, 44.898694697335024], [-1.127227690538136, 44.89900254890716], [-1.127144164216059, 44.89930604300989], [-1.127019184769964, 44.899602256733345], [-1.126853955233444, 44.89988833723762], [-1.126650066357179, 44.90016152923257], [-1.126409481308349, 44.900419201519576], [-1.126134516779421, 44.90065887233956], [-1.125827820687632, 44.90087823328262], [-1.125492346679533, 44.90107517152892], [-1.125131325685943, 44.90124779020594], [-1.124748234801215, 44.90139442666615], [-1.124346763786743, 44.90151366850812], [-1.123930779521676, 44.90160436718695], [-1.123504288743784, 44.9016656490823], [-1.123071399440015, 44.901696923917314], [-1.122636281259439, 44.901697890447096], [-1.122203125330798, 44.90166853936187], [-1.121776103872625, 44.90160915337663], [-1.121359329985969, 44.90152030450666], [-1.120956818017969, 44.901402848554966], [-1.120572444878938, 44.901257916865106], [-1.120209912686387, 44.901086905418886], [-1.11987271309646, 44.90089146138412], [-1.119564093666887, 44.9006734672426], [-1.119287026575804, 44.90043502265116], [-1.119044179997885, 44.900178424211035], [-1.118837892413472, 44.89990614334079], [-1.118670150097925, 44.899620802466195], [-1.118542568007565, 44.8993251497566], [-1.118456374245755, 44.899022032651686], [-1.118412398257955, 44.89871437043355], [-1.118411062868598, 44.89840512610863], [-1.118452380235516, 44.89809727787039], [-1.118535951759859, 44.897793790417644], [-1.118660971951329, 44.89749758640466], [-1.118826236210513, 44.89721151829819], [-1.119030152452358, 44.89693834091197], [-1.119270756458041, 44.896680684883165], [-1.119545730806592, 44.89644103134611]]], [[[-1.115605415715308, 44.904330909380434], [-1.115912170633488, 44.90411157642488], [-1.116247696411603, 44.90391466692334], [-1.116608761885927, 44.9037420769725], [-1.116991890063578, 44.90359546847262], [-1.11739339159767, 44.903476253131615], [-1.11780940030287, 44.90338557887766], [-1.118235910369903, 44.90332431881093], [-1.118668814921318, 44.90329306280075], [-1.119103945538079, 44.903292111808454], [-1.11953711237727, 44.90332147499106], [-1.119964144495569, 44.9033808696131], [-1.120380929991194, 44.903469723767664], [-1.120783455578752, 44.9035871818805], [-1.121167845216832, 44.9037321129443], [-1.12153039741718, 44.903903121404056], [-1.121867620876915, 44.9040985605889], [-1.122098323631599, 44.90426149904202], [-1.122183118218922, 44.90423631739409], [-1.122599124818564, 44.90414562518521], [-1.123025635432676, 44.904084346717674], [-1.123458543178519, 44.90405307203795], [-1.123893679606298, 44.90405210228715], [-1.124326854817152, 44.90408144680295], [-1.124753897787169, 44.90414082302956], [-1.125170696510109, 44.904229659237245], [-1.125573237573256, 44.90434710002455], [-1.125957644786234, 44.904492014551], [-1.126320216491613, 44.904663007420844], [-1.126657461198757, 44.90485843211334], [-1.126966131198281, 44.90507640683072], [-1.127243253833837, 44.90531483261135], [-1.127486160130237, 44.90557141353412], [-1.127692510502245, 44.90584367881977], [-1.127860317296226, 44.90612900661692], [-1.127987963947204, 44.90642464924369], [-1.12807422056623, 44.906727759642436], [-1.128118255807249, 44.90703541879304], [-1.128119644898304, 44.907344663820865], [-1.128078373758777, 44.907652516528834], [-1.127994839162005, 44.90795601207909], [-1.127869844940671, 44.90825222754787], [-1.127704594270472, 44.90853831007847], [-1.12750067810545, 44.90881150436116], [-1.127260059875459, 44.90906917917538], [-1.12698505659242, 44.90930885273766], [-1.126678316546732, 44.90952821661169], [-1.126342793808234, 44.90972515794939], [-1.12598171977707, 44.9098977798485], [-1.125598572058441, 44.910044419630424], [-1.125197040961188, 44.91016366486177], [-1.124780993943234, 44.91025436696495], [-1.124354438346862, 44.910315652286656], [-1.123921482783452, 44.91034693051705], [-1.123486297540402, 44.91034790037851], [-1.123053074392515, 44.91031855252915], [-1.1226259862059, 44.91025916965282], [-1.122209146724444, 44.91017032373484], [-1.121806570927187, 44.91005287054983], [-1.121422136339322, 44.90990794141467], [-1.121059545670277, 44.90973693228655], [-1.120722291139454, 44.909541490310986], [-1.12049157067207, 44.90937854873674], [-1.120406767554891, 44.909403729133466], [-1.119990718429154, 44.90949441327994], [-1.119564163378778, 44.90955568019887], [-1.1191312110099, 44.909586939757595], [-1.118696031579154, 44.909587890858425], [-1.118262816805347, 44.90955852434014], [-1.117835739473908, 44.90949912306643], [-1.117418913224131, 44.90941025919981], [-1.117016352907566, 44.90929278868775], [-1.116631935900244, 44.90914784301405], [-1.1162693647422, 44.90897681829521], [-1.115932131464852, 44.90878136182688], [-1.115623483950328, 44.9085633562106], [-1.115346394647169, 44.90832490121369], [-1.115103531943856, 44.908068293537625], [-1.11489723447589, 44.90779600468992], [-1.114729488613646, 44.90751065717313], [-1.114601909347413, 44.907214999220585], [-1.114515724753154, 44.90691187832239], [-1.11447176418783, 44.906604213797216], [-1.11447045032714, 44.90629496867364], [-1.114511795121385, 44.90598712115284], [-1.114595399707394, 44.90568363592665], [-1.114720458276311, 44.90538743562791], [-1.114885765859001, 44.90510137268755], [-1.115089729953091, 44.904828201869535], [-1.115330385878859, 44.904570553747796], [-1.115605415715308, 44.904330909380434]]], [[[-1.118641669690283, 44.91139164464134], [-1.118977229422445, 44.911194726457786], [-1.119338333347214, 44.911022127251535], [-1.119721504101434, 44.91087550901201], [-1.120123051928243, 44.910756283540906], [-1.120539110196577, 44.910665598863915], [-1.120965672619965, 44.91060432818162], [-1.121398631816882, 44.91057306146549], [-1.121833818842199, 44.91057209978001], [-1.122267043309936, 44.91060145238515], [-1.122694133721962, 44.910660836647274], [-1.123110977615285, 44.910749680759245], [-1.123513561142288, 44.910867129243506], [-1.123898007703736, 44.91101205118549], [-1.124260615263313, 44.91118305111798], [-1.124597891985117, 44.911378482452264], [-1.124906589851441, 44.91159646332662], [-1.125183735937529, 44.91183489472008], [-1.125426661042284, 44.912091480657516], [-1.12563302539924, 44.91236375031139], [-1.125800841219961, 44.91264908178823], [-1.125928491852395, 44.912944727370686], [-1.126014747369094, 44.913247839972676], [-1.126058776434456, 44.91355550055284], [-1.126060154335829, 44.91386474622273], [-1.126018867100195, 44.91417259877911], [-1.125935311655754, 44.914476093385574], [-1.125810292035823, 44.914772307127414], [-1.125645011660586, 44.91505838716453], [-1.125441061770071, 44.915331578211244], [-1.125200406118865, 44.91558924907811], [-1.124925362079247, 44.91582891801967], [-1.124618578334127, 44.91604827664412], [-1.124283009374227, 44.916245212153925], [-1.123921887044895, 44.91641782770297], [-1.12353868941657, 44.9165644606738], [-1.123137107278867, 44.91668369869861], [-1.122721008581398, 44.91677439326924], [-1.122294401164306, 44.91683567080496], [-1.121861394138194, 44.91686694107086], [-1.121426158286245, 44.916867902866066], [-1.120992885870816, 44.91683854692642], [-1.120565750232642, 44.91677915601368], [-1.120148865572731, 44.91669030219056], [-1.119746247305336, 44.91657284130779], [-1.119361773364748, 44.91642790475646], [-1.118999146839444, 44.916256888565165], [-1.118661860294174, 44.91606143994746], [-1.118353162124149, 44.915843441429246], [-1.118076025265801, 44.91560499270951], [-1.117833118565606, 44.91534839042928], [-1.117626781082755, 44.91507610604409], [-1.117458999572929, 44.91479076201357], [-1.11733138936963, 44.91449510653746], [-1.117245178846637, 44.91419198708207], [-1.117201197610467, 44.91388432295212], [-1.117199868535727, 44.91357507717249], [-1.117241203719051, 44.913267227950605], [-1.117324804389641, 44.912963739994765], [-1.11744986477616, 44.91266753596409], [-1.117615179891787, 44.91238146832547], [-1.117819157161445, 44.91210829188811], [-1.118059831778375, 44.91185063728006], [-1.118334885641463, 44.91161098562193], [-1.118641669690283, 44.91139164464134]]], [[[-1.11574150178996, 44.91687543546751], [-1.116143101016037, 44.9167562241607], [-1.116559210210686, 44.91666555421969], [-1.116985822597149, 44.91660429870314], [-1.117418830312898, 44.91657304743655], [-1.117854063945702, 44.916572101335596], [-1.118287332660875, 44.91660146951017], [-1.118714464534295, 44.91666086917676], [-1.119131346703783, 44.91674972837987], [-1.119533964953193, 44.91686719149664], [-1.119918442348949, 44.9170121274716], [-1.12028107655781, 44.91718314070243], [-1.120618375487218, 44.91737858447233], [-1.120927090905558, 44.91759657679982], [-1.121204249718967, 44.91783501855368], [-1.121447182603681, 44.918091613658966], [-1.121653549718185, 44.918363891199824], [-1.121821363247344, 44.91864922920684], [-1.121949006561018, 44.918944879899755], [-1.122035249802081, 44.919247996143255], [-1.122079261752984, 44.91955565886088], [-1.122079548998431, 44.91962116224083], [-1.122368429962929, 44.919788536020945], [-1.12267716544274, 44.92000652364629], [-1.122954343600107, 44.920244961209775], [-1.123197294924992, 44.920501552676846], [-1.1234036793983, 44.92077382716671], [-1.12357150903771, 44.92105916273931], [-1.123699167057916, 44.92135481163788], [-1.123785423460123, 44.92165792674436], [-1.123829446899992, 44.92196558899326], [-1.123830812718833, 44.92227483548007], [-1.123789507059779, 44.92258268799366], [-1.123705927028257, 44.92288618169802], [-1.123580876894191, 44.92318239368711], [-1.123415560371479, 44.92346847113772], [-1.123211569048147, 44.923741658789034], [-1.122970867077716, 44.923999325484296], [-1.1226957722785, 44.92423898951825], [-1.122388933822249, 44.92445834254633], [-1.122053306726621, 44.92465527182489], [-1.121692123396921, 44.924827880567804], [-1.12130886249117, 44.92497450622322], [-1.120907215408531, 44.92509373649374], [-1.120491050724247, 44.92518442294593], [-1.120064376914146, 44.92524569207718], [-1.119631303728442, 44.925276953733636], [-1.119196002587685, 44.925277906797305], [-1.118762666383213, 44.92524854208811], [-1.11833546907028, 44.92518914245228], [-1.117918525444039, 44.92510028003658], [-1.117596987592794, 44.92500648020083], [-1.117639538190507, 44.92510504516711], [-1.117725767615961, 44.92540816531877], [-1.117769760764284, 44.925715830315234], [-1.117769918356175, 44.925752404341516], [-1.117771592028236, 44.925753193552715], [-1.118108933745106, 44.92594864544555], [-1.118417686575694, 44.92616664530873], [-1.118694877065793, 44.92640509393847], [-1.118937835586488, 44.926661695193566], [-1.119144222049258, 44.92693397809898], [-1.119312048452473, 44.927219320633604], [-1.11943969804183, 44.92751497497358], [-1.11952594089956, 44.92781809394847], [-1.119569945811589, 44.92812575845546], [-1.119571288297498, 44.928435005568275], [-1.11952995472497, 44.92874285706974], [-1.119446342468118, 44.92904634813357], [-1.1193212561071, 44.92934255587912], [-1.119155899704611, 44.92962862752401], [-1.118951865232686, 44.929901807863324], [-1.118711117260366, 44.93015946581073], [-1.118435974048996, 44.930399119745175], [-1.118129085236607, 44.93061846141937], [-1.117793406325889, 44.930815378198986], [-1.117432170221258, 44.930987973418304], [-1.117048856089115, 44.93113458465569], [-1.116647155841372, 44.93125379975263], [-1.116230938565442, 44.93134447042183], [-1.115804213243809, 44.93140572331273], [-1.115371090122946, 44.93143696842783], [-1.114935741104471, 44.93143790480852], [-1.114502359540963, 44.93140852343542], [-1.11407511982465, 44.93134910731526], [-1.113658137159164, 44.93126022875358], [-1.113255427902845, 44.9311427438394], [-1.112870870866438, 44.93099778419525], [-1.112508169938788, 44.930826746072185], [-1.112170818401212, 44.930631276894935], [-1.111862065274797, 44.93041325938748], [-1.111584884025117, 44.93017479343166], [-1.111341943925983, 44.92991817583448], [-1.111135584357988, 44.92964587819903], [-1.110967792289206, 44.929360523112464], [-1.11084018315449, 44.929064858881], [-1.110753985316962, 44.928761733055254], [-1.110710028260591, 44.928454065001226], [-1.110709875264299, 44.92841749093536], [-1.110708201612105, 44.9284167016172], [-1.110370870841151, 44.928221227118804], [-1.110062137976041, 44.928003204769645], [-1.109784976287194, 44.92776473449822], [-1.109542054860014, 44.92750811315312], [-1.109335712895269, 44.92723581237344], [-1.109167937191511, 44.92695045477669], [-1.10904034302601, 44.92665478869321], [-1.108954158617753, 44.926351661691456], [-1.108910213321424, 44.92604399314875], [-1.108908929665177, 44.92573474613242], [-1.10895031930794, 44.92542689886176], [-1.109033982954163, 44.925123416026196], [-1.109159114225799, 44.92482722023552], [-1.109324507453191, 44.9245411638772], [-1.109528569308883, 44.92426800165177], [-1.109769334171466, 44.92401036405038], [-1.110044483070724, 44.92377073202983], [-1.110351366031065, 44.92355141312861], [-1.110687027597674, 44.92335451925355], [-1.111048235299298, 44.923181946350866], [-1.111431510773601, 44.92303535615661], [-1.111833163255503, 44.92291616020247], [-1.112249325106374, 44.92282550622989], [-1.11267598904252, 44.92276426714377], [-1.113109046705133, 44.92273303261139], [-1.113544328201132, 44.922732103387304], [-1.113977642235039, 44.92276148841891], [-1.114404816446424, 44.92282090476034], [-1.114821737565486, 44.92290978029559], [-1.11514325875869, 44.92300358810039], [-1.115100714140864, 44.922905022241004], [-1.115014502746924, 44.92260190028196], [-1.114970527151145, 44.922294234484205], [-1.11497024819271, 44.92222873103315], [-1.114681376736465, 44.922061337900054], [-1.114372661019282, 44.92184332792852], [-1.114354387922681, 44.92182760586692], [-1.114272825027387, 44.92187545542343], [-1.113911635657514, 44.92204803873741], [-1.113528373409429, 44.92219463744042], [-1.113126729695303, 44.92231383949471], [-1.112710573057986, 44.92240449673858], [-1.112283911895829, 44.92246573595081], [-1.111850855837232, 44.92249696726564], [-1.11141557613776, 44.922497889857404], [-1.110982265482189, 44.92246849483951], [-1.110555097579629, 44.922409065350124], [-1.11013818694188, 44.922320173823586], [-1.109735549233392, 44.92220267647376], [-1.10935106257566, 44.92205770504296], [-1.108988430179567, 44.92188665589577], [-1.10865114466629, 44.92169117656311], [-1.108342454420958, 44.92147314986672], [-1.108065332303503, 44.921234675776965], [-1.10782244701824, 44.92097805117919], [-1.107616137417901, 44.920705747743845], [-1.107448389989418, 44.920420388113946], [-1.107320819737845, 44.920124720639464], [-1.107234654651986, 44.91982159290219], [-1.107190723900578, 44.919513924286555], [-1.107189449871853, 44.919204677860556], [-1.107230844132183, 44.91889683183781], [-1.10731450734172, 44.91859335089573], [-1.107439633126781, 44.918297157625794], [-1.107605015870701, 44.91801110439126], [-1.107809062347127, 44.91773794586255], [-1.108049807082875, 44.917480312495194], [-1.108324931301654, 44.91724068520521], [-1.108631785265623, 44.91702137148554], [-1.108967413799247, 44.916824483193125], [-1.109328584749398, 44.9166519162204], [-1.109711820107645, 44.91650533224635], [-1.110113429495182, 44.916386142742745], [-1.110529545688309, 44.91629549538891], [-1.11095616184292, 44.91623426302602], [-1.111389170060233, 44.91620303525661], [-1.111824400923198, 44.91620211277013], [-1.112257663623796, 44.9162315044491], [-1.112684786295798, 44.91629092728364], [-1.113101656165594, 44.91637980909521], [-1.113504259135419, 44.916497294043246], [-1.113888718418767, 44.91664225086204], [-1.114251331856739, 44.91681328374857], [-1.114588607556705, 44.91700874579675], [-1.114897297510658, 44.91722675484909], [-1.114915569260912, 44.9172424767995], [-1.11499712487276, 44.91719462683849], [-1.115358279658363, 44.91702204025081], [-1.11574150178996, 44.91687543546751]]], [[[-1.078069851919091, 44.78905064588055], [-1.078404823619348, 44.788853858029675], [-1.078765266391934, 44.78868139752014], [-1.079147709240465, 44.788534925005806], [-1.079548469417124, 44.78841585088509], [-1.079963687874716, 44.788325321726354], [-1.080389366412478, 44.78826420923268], [-1.080821406158652, 44.78823310185236], [-1.081255647020073, 44.78823229911567], [-1.081687907719784, 44.78826180875206], [-1.08211402603813, 44.78832134661583], [-1.082529898870812, 44.78841033942083], [-1.082931521719111, 44.78852793025767], [-1.083315027232971, 44.78867298684101], [-1.083676722436572, 44.78884411240707], [-1.084013124278645, 44.789039659157304], [-1.084320993165738, 44.789257744118466], [-1.084597364155874, 44.7894962672671], [-1.084839575512429, 44.78975293174435], [-1.085045294343207, 44.790025265966136], [-1.085212539077619, 44.790310647416995], [-1.085339698565123, 44.790606327898075], [-1.085425547610394, 44.790909459986956], [-1.085469258794906, 44.79121712445436], [-1.085470410470224, 44.79152635837412], [-1.085428990845062, 44.791834183655936], [-1.08534539812574, 44.79213763572579], [-1.085220436707656, 44.7924337920784], [-1.085055309453427, 44.79271980042617], [-1.084851606131122, 44.79299290617371], [-1.084611288123053, 44.793250478952885], [-1.08433666955166, 44.79349003796284], [-1.084030395003683, 44.793709275870505], [-1.083695414066736, 44.79390608104093], [-1.083334952923315, 44.79407855788332], [-1.082973666460992, 44.79421693193534], [-1.083031332741501, 44.79425777855448], [-1.08330772283791, 44.794496305323776], [-1.083549949847009, 44.79475297305511], [-1.08375568072579, 44.79502531013312], [-1.083922933787549, 44.79531069401481], [-1.084050097801445, 44.79560637647792], [-1.084135947528442, 44.79590951008094], [-1.084179655543329, 44.79621717557998], [-1.084180800228066, 44.79652641003899], [-1.084139369858568, 44.79683423536241], [-1.084055762744509, 44.7971376869758], [-1.084013994132822, 44.797236663706265], [-1.084045704839358, 44.79723437986605], [-1.084302879232427, 44.79701005442149], [-1.084609170698931, 44.79679081551543], [-1.084944165624792, 44.79659400739193], [-1.085304637958718, 44.79642152517142], [-1.085687116419598, 44.7962750297168], [-1.08608791791666, 44.79615593164744], [-1.086503183004824, 44.796065377762275], [-1.086928913034341, 44.7960042400025], [-1.087361008637695, 44.7959731070597], [-1.087795309183949, 44.79597227871024], [-1.088227632821541, 44.79600176293022], [-1.088653816724904, 44.79606127581872], [-1.08906975715834, 44.79615024433001], [-1.08947144897232, 44.79626781178865], [-1.089855024152832, 44.79641284613444], [-1.090216789053332, 44.79658395081773], [-1.090553259951512, 44.796779478241035], [-1.090861196589024, 44.796997545617245], [-1.091137633371538, 44.79723605309233], [-1.091379907928886, 44.7974927039583], [-1.09158568676025, 44.797765026762235], [-1.091752987717194, 44.79805039909861], [-1.09188019910767, 44.79834607285642], [-1.091966095236402, 44.79864920067802], [-1.092009848231294, 44.79895686337527], [-1.092011036041087, 44.799266098039105], [-1.091969646526308, 44.79957392657206], [-1.091886077603087, 44.79987738436889], [-1.091828049753257, 44.800014932523055], [-1.091855599878294, 44.80001294646826], [-1.091867805936551, 44.799999863026486], [-1.092142424214319, 44.799760284838094], [-1.092448700091175, 44.79954102407693], [-1.092783683959182, 44.79934419209002], [-1.09314414987342, 44.799171684227545], [-1.093526626614502, 44.79902516159936], [-1.093927431108138, 44.79890603508647], [-1.094342703880338, 44.79881545176174], [-1.094768446207333, 44.79875428384982], [-1.095200558603183, 44.79872312033261], [-1.09563488027527, 44.79872226128091], [-1.096067229168647, 44.79875171496646], [-1.096493442214612, 44.798811197782285], [-1.096909415396923, 44.798900136972286], [-1.097311143250798, 44.79901767614336], [-1.097694757415287, 44.79916268350766], [-1.098056563868561, 44.79933376277537], [-1.098393078488292, 44.799529266593765], [-1.09870106059522, 44.799747312403056], [-1.098977544157257, 44.79998580055691], [-1.099219866353848, 44.800242434533395], [-1.099425693225484, 44.800514743042285], [-1.099593042161156, 44.8008001038158], [-1.099720301006803, 44.80109576885425], [-1.099806243610152, 44.801398890884045], [-1.099850041651521, 44.80170655077286], [-1.099851272645791, 44.802015785638744], [-1.099809924037531, 44.80232361738231], [-1.099726393348824, 44.80262708136745], [-1.099601484377341, 44.80292325497421], [-1.099436399480253, 44.80320928574889], [-1.099232728017339, 44.80348241888018], [-1.098992431063731, 44.80374002373629], [-1.098717822538766, 44.80397961920747], [-1.098411546932131, 44.8041988976095], [-1.098076553841377, 44.80439574691745], [-1.097716069565848, 44.80456827111549], [-1.09733356603055, 44.804714808465995], [-1.096932727339455, 44.80483394752218], [-1.096517414280745, 44.804924540729154], [-1.096091627126375, 44.80498571548252], [-1.095934615617376, 44.80499703923235], [-1.095922409420597, 44.80501012314377], [-1.095647781606436, 44.805249711116254], [-1.095341487104616, 44.805468981134354], [-1.095006475694714, 44.80566582125386], [-1.094645973852557, 44.80583833554741], [-1.094263453672388, 44.805984862372824], [-1.093862599418544, 44.80610399038468], [-1.093447272029142, 44.80619457213443], [-1.093021471914208, 44.806255735128055], [-1.092589300407242, 44.806286890233984], [-1.092154920242316, 44.806287737360556], [-1.091722515438293, 44.8062582683481], [-1.091296250977523, 44.80619876704754], [-1.090880232668344, 44.80610980658482], [-1.090478467578984, 44.80599224383784], [-1.090094825424833, 44.805847211178765], [-1.08973300128183, 44.80567610556185], [-1.089396479985789, 44.80548057506187], [-1.089088502561093, 44.805262502993315], [-1.088812035002465, 44.80502398976347], [-1.088569739710672, 44.80476733263453], [-1.088363949857269, 44.80449500359017], [-1.088196646925054, 44.804209625519945], [-1.088069441640137, 44.803913946951255], [-1.087983558478711, 44.803610815572625], [-1.087939823896967, 44.80330315080343], [-1.087938658396696, 44.802993915674485], [-1.087980072501983, 44.802686088290486], [-1.088063666684778, 44.802382633149215], [-1.088121706188894, 44.80224508685472], [-1.088114509804632, 44.80224560536897], [-1.087857326670673, 44.802469940049725], [-1.087551016929742, 44.802689188347955], [-1.087215994809185, 44.80288600475178], [-1.086855486888103, 44.80305849356227], [-1.086528665083301, 44.80318366136719], [-1.086798168816075, 44.80341618798406], [-1.087040450196074, 44.803672848866064], [-1.087246230628272, 44.80394518029055], [-1.087413527948665, 44.80423055976894], [-1.087540730500065, 44.80452623912143], [-1.087626612672151, 44.80482937093648], [-1.087670346727064, 44.80513703598744], [-1.087671510795783, 44.80544627134259], [-1.087630092967319, 44.80575409889776], [-1.087546491430341, 44.80605755405707], [-1.08742151066483, 44.80635371428551], [-1.087256353719421, 44.806639727258165], [-1.087052610647849, 44.806912838335094], [-1.086812243215006, 44.807170417096856], [-1.08653756601915, 44.807409982684995], [-1.0862312242115, 44.80762922770305], [-1.085896168027376, 44.807826040447615], [-1.085535624373973, 44.807998525254945], [-1.085153065748369, 44.80814502076682], [-1.084752176785317, 44.80826411593945], [-1.084336818757355, 44.808354663640614], [-1.083910992369712, 44.80841579170421], [-1.083478799209018, 44.80844691133512], [-1.083044402217967, 44.808447722783406], [-1.082611985577525, 44.80841821823304], [-1.082185714384054, 44.808358681877245], [-1.081769694510719, 44.808269687179646], [-1.081367933040768, 44.80815209134788], [-1.080984299654657, 44.80800702707275], [-1.080622489343784, 44.807835891613045], [-1.080285986810622, 44.807640333330994], [-1.079978032898711, 44.80742223580864], [-1.079701593376168, 44.80718369969838], [-1.079459330373593, 44.80692702248278], [-1.079253576751404, 44.806654676338916], [-1.079086313643311, 44.80636928432099], [-1.078959151391741, 44.8060735950907], [-1.078873314058317, 44.805770456439205], [-1.078829627657774, 44.80546278785586], [-1.078828512227801, 44.80515355240813], [-1.078869977810228, 44.80484572820376], [-1.078953624381226, 44.80454227970982], [-1.079078645730184, 44.804246129205225], [-1.079243837248869, 44.80396012864119], [-1.079447607554911, 44.80368703218079], [-1.079687993836813, 44.80342946968175], [-1.079962680771962, 44.80318992137759], [-1.08026902283486, 44.802970694000535], [-1.080604069780379, 44.802773898576085], [-1.080964595056359, 44.80260143010234], [-1.081291425863993, 44.80247627871787], [-1.081021949414801, 44.8022437387946], [-1.080779701671949, 44.80198706489013], [-1.080573959733178, 44.80171472164902], [-1.080406704619766, 44.80142933209752], [-1.080279546597253, 44.8011336448736], [-1.080193709686646, 44.80083050774905], [-1.080150019898732, 44.80052284019856], [-1.080148897303947, 44.80021360527967], [-1.080190352013245, 44.79990578109503], [-1.080273984107629, 44.799602332111526], [-1.080315761061217, 44.79950335671046], [-1.080243652975397, 44.79950854734574], [-1.080046870412439, 44.79968016954303], [-1.079740545413386, 44.79989939606277], [-1.079405512576088, 44.80009618868752], [-1.079044998582975, 44.80026865194731], [-1.078662475645514, 44.80041512469151], [-1.078261628054751, 44.80053419609554], [-1.077846316684732, 44.80062471925615], [-1.07742054179125, 44.800685822243615], [-1.076988404464885, 44.800716916504335], [-1.076554067110452, 44.80071770253275], [-1.076121713334388, 44.800688172757724], [-1.075695507627428, 44.800628611615366], [-1.075279555231844, 44.80053959280811], [-1.074877862580813, 44.8004219737758], [-1.074494298691809, 44.80027688743271], [-1.074132557886729, 44.80010573125017], [-1.073796124198491, 44.79991015378996], [-1.073488237807465, 44.79969203881886], [-1.073211863831392, 44.799453487157294], [-1.072969663769547, 44.799196796437606], [-1.072763969876158, 44.79892443896687], [-1.072596762709725, 44.79863903790836], [-1.072469652073984, 44.79834334201083], [-1.07238386153356, 44.79804019912959], [-1.07234021665268, 44.797732528794675], [-1.072339137069342, 44.79742329409042], [-1.072380632480344, 44.797115473117344], [-1.072464302574804, 44.79681203031137], [-1.072499453268565, 44.79672877928268], [-1.072108115232457, 44.7967569223226], [-1.071673808402797, 44.79675768923773], [-1.071241487643396, 44.796728140477505], [-1.070815317126904, 44.79666856066098], [-1.070399401756569, 44.796579523670395], [-1.069997747608864, 44.79646188712074], [-1.069614223330321, 44.79631678409505], [-1.069252522861244, 44.7961456122253], [-1.068916129845971, 44.79595002022438], [-1.068608284073067, 44.7957318919991], [-1.068331950269012, 44.79549332849752], [-1.068089789546133, 44.79523662746599], [-1.067884133779764, 44.794964261310916], [-1.0677169631612, 44.79467885327918], [-1.067589887142209, 44.79438315218663], [-1.067504128954073, 44.79408000593863], [-1.067460513849503, 44.79377233409759], [-1.067459461179819, 44.79346309976231], [-1.06750098038272, 44.79315528102972], [-1.067584670918311, 44.79285184231415], [-1.067709726152919, 44.79255570580024], [-1.067874941152332, 44.79226972330442], [-1.068078724308396, 44.79199664881575], [-1.068319112686192, 44.791739111980284], [-1.068593790943217, 44.79149959278435], [-1.068900113637807, 44.79128039767987], [-1.069235130711565, 44.791083637381504], [-1.069595615900153, 44.79091120654914], [-1.069978097798865, 44.790764765550804], [-1.070378893283981, 44.79064572448148], [-1.070794142968417, 44.79055522959124], [-1.071219848350816, 44.79049415225318], [-1.071651910301007, 44.790463080577105], [-1.072086168512074, 44.79046231374947], [-1.072518441540029, 44.790491859153974], [-1.072944567046515, 44.79055143230052], [-1.073360441857996, 44.79064045956321], [-1.073762061456652, 44.79075808370085], [-1.074145558523651, 44.790903172107434], [-1.074507240164413, 44.79107432771278], [-1.074843623458161, 44.79126990242902], [-1.075151468989924, 44.7914880130136], [-1.075427812042489, 44.791726559196356], [-1.075669991148115, 44.79198324389649], [-1.075875673725028, 44.792255595335256], [-1.076042878551617, 44.792540990831256], [-1.07616999486152, 44.792836682050385], [-1.0762557978751, 44.79313982146676], [-1.076299460617027, 44.79344748978045], [-1.076300561905307, 44.79375672402824], [-1.076259090433851, 44.79406454611654], [-1.076175444908266, 44.79436799150209], [-1.076140301133405, 44.79445124362908], [-1.076276557542461, 44.79444143952238], [-1.076473333278703, 44.79426982432007], [-1.076779640345794, 44.79405060724331], [-1.077114646349697, 44.79385382295469], [-1.077475125132558, 44.79368136634508], [-1.077836421684832, 44.79354301023245], [-1.077778759911487, 44.79350216092192], [-1.077502398158042, 44.79326362045373], [-1.077260205172321, 44.793006939643625], [-1.07705451314054, 44.79273459070328], [-1.076887302603416, 44.792449196713875], [-1.076760183397309, 44.79215350635601], [-1.076674379169552, 44.79185036743173], [-1.076630715616359, 44.79154269943299], [-1.076629612555722, 44.79123346542161], [-1.076671079910691, 44.790925643491505], [-1.076754717640714, 44.790622198087796], [-1.076879719620661, 44.79032605145966], [-1.077044881429143, 44.790040055520926], [-1.077248611970191, 44.78976696439014], [-1.077488948815492, 44.78950940787376], [-1.077763577118702, 44.789269866147585], [-1.078069851919091, 44.78905064588055]]], [[[-1.094087830938902, 44.876950289374186], [-1.094394520307043, 44.87673101770501], [-1.094729957910138, 44.87653417487036], [-1.095090913433884, 44.87636165632485], [-1.095473910944377, 44.876215123281206], [-1.095875262353069, 44.87609598672069], [-1.096291102920209, 44.87600539381291], [-1.096717428455429, 44.87594421687474], [-1.097150133857937, 44.875913044975064], [-1.097585052626017, 44.875912178265324], [-1.098017996956289, 44.875941625091016], [-1.098444798047564, 44.87600110191125], [-1.098861346222202, 44.87609003602762], [-1.099263630479555, 44.87620757109592], [-1.099647777101599, 44.87635257536783], [-1.100010086939756, 44.87652365258333], [-1.100347071024606, 44.87671915540949], [-1.100655484156103, 44.876937201296066], [-1.100932356151203, 44.877175690596026], [-1.101175020448198, 44.87743232677648], [-1.101381139792269, 44.877704638525984], [-1.101548728754705, 44.87799000354552], [-1.101676172868527, 44.87828567379463], [-1.101762244195651, 44.87858880194949], [-1.101806113174952, 44.87889646881887], [-1.101807356636261, 44.87920571145359], [-1.101765961902152, 44.87951355167944], [-1.101682326937031, 44.87981702477865], [-1.101557256541009, 44.8801132080435], [-1.101391954624232, 44.88039924892726], [-1.101188012635106, 44.88067239252124], [-1.10094739425297, 44.880930008092875], [-1.100672416491911, 44.88116961442922], [-1.100365727397143, 44.881388903741374], [-1.100030280548287, 44.88158576389932], [-1.099669306614957, 44.881758298782636], [-1.099286282238527, 44.88190484655084], [-1.098884896539985, 44.882023995656766], [-1.098469015576826, 44.882114598448695], [-1.098042645091811, 44.88217578222991], [-1.09760989191313, 44.88220695766856], [-1.097174924378509, 44.88220782447719], [-1.096741932165399, 44.88217837430653], [-1.0963150859151, 44.882118890826], [-1.095898497040688, 44.882029946989945], [-1.095496178106879, 44.8819123995161], [-1.095112004164296, 44.881767380629555], [-1.094749675411429, 44.881596287151915], [-1.09441268154458, 44.88140076704108], [-1.09410426813971, 44.88118270351153], [-1.093827405390371, 44.88094419688828], [-1.093584759502961, 44.88068754436999], [-1.093378667024828, 44.88041521789596], [-1.09321111235224, 44.880129840331], [-1.093083708634438, 44.879834160197746], [-1.092997682257107, 44.87953102519983], [-1.092953861053978, 44.87922335479147], [-1.092952666359212, 44.87891411205786], [-1.092994108976157, 44.878606275176985], [-1.093077789100303, 44.87830280873806], [-1.0932029001961, 44.8780066351929], [-1.093368236789332, 44.87772060671467], [-1.093572206098997, 44.87744747773536], [-1.093812843395845, 44.87718987842585], [-1.094087830938902, 44.876950289374186]]], [[[-1.091149163882228, 44.92388153555603], [-1.091532496122747, 44.923735013956104], [-1.091934195882485, 44.9236158898913], [-1.092350395067762, 44.923525310410916], [-1.092777086035548, 44.92346414770249], [-1.09321016016686, 44.923432990697876], [-1.093645447410102, 44.923432139405136], [-1.094078756414467, 44.92346160202128], [-1.094505914867912, 44.92352109485335], [-1.094922809652276, 44.92361004504884], [-1.095325426429827, 44.92372759610867], [-1.095709888280985, 44.92387261613056], [-1.095892602180959, 44.92395882871446], [-1.096230176799498, 44.92388534811831], [-1.096656866275159, 44.92382417050872], [-1.097089941030408, 44.92379299838334], [-1.097525231007635, 44.92379213189578], [-1.097958544829713, 44.92382157938944], [-1.098385710138222, 44.92388105731694], [-1.098802613749019, 44.9239699929693], [-1.099205241239415, 44.92408752998745], [-1.099589715586712, 44.92423253660434], [-1.099952334486831, 44.92440361653739], [-1.100289605994382, 44.92459912242751], [-1.100518967044612, 44.92476114364049], [-1.100603707712543, 44.9247360063641], [-1.101019901207052, 44.924645394389536], [-1.101446591239459, 44.924584198378284], [-1.101879669199753, 44.92455300758289], [-1.102314964999459, 44.92455212233674], [-1.102748287205396, 44.92458155116382], [-1.103175463378439, 44.92464101069651], [-1.103592380229859, 44.92472992840296], [-1.103995023209519, 44.92484744809691], [-1.104379515145626, 44.92499243817812], [-1.10474215356479, 44.92516350252322], [-1.105079446333727, 44.92535899392325], [-1.105388145279922, 44.925577029938026], [-1.10566527746787, 44.925815511015585], [-1.105908173829915, 44.92607214070224], [-1.106114494875946, 44.926344447749145], [-1.106282253234149, 44.9266298099026], [-1.106409832805375, 44.92692547914974], [-1.10649600434605, 44.92722860817652], [-1.106539937328847, 44.92753627778325], [-1.10654120796603, 44.927845524994446], [-1.106499803317241, 44.928153371591904], [-1.106416121441152, 44.92845685279646], [-1.106290967588496, 44.928753045822376], [-1.106125546472089, 44.92903909802892], [-1.105921450687367, 44.92931225439842], [-1.105680645394052, 44.92956988407521], [-1.10565267866568, 44.929594235692015], [-1.105629922286008, 44.929763406167616], [-1.105546233301523, 44.930066886863976], [-1.105421071263026, 44.93036307905354], [-1.105255640962145, 44.9306491301037], [-1.10505153508275, 44.93092228500784], [-1.104810718881768, 44.93117991292444], [-1.104535511277843, 44.931419532521716], [-1.104228562529375, 44.93163883588299], [-1.10389282871652, 44.93183571074294], [-1.103531543272684, 44.93200826083955], [-1.103148185839665, 44.93215482418578], [-1.103114172574702, 44.93216491341516], [-1.102981572077361, 44.93234235667157], [-1.102740740271784, 44.932599980213276], [-1.102465516857035, 44.93283959478754], [-1.102322276243662, 44.9329419272342], [-1.102440369826567, 44.93321563125525], [-1.102526529578092, 44.93351876393081], [-1.102570445713363, 44.93382643568628], [-1.102571694606722, 44.93413568352546], [-1.10253026352706, 44.93444352922406], [-1.102446550787451, 44.934747008011556], [-1.102321361935741, 44.93504319712548], [-1.102155902021713, 44.93532924396275], [-1.101951764014384, 44.93560239355733], [-1.10171091348007, 44.93586001511884], [-1.101435669668068, 44.93609962737666], [-1.101186956176539, 44.93627729549977], [-1.101091447687414, 44.93650324384704], [-1.100925977193216, 44.93678928897824], [-1.100721827881559, 44.93706243643317], [-1.100480965427626, 44.93732005544207], [-1.100205709195509, 44.937559664758865], [-1.099898709911973, 44.93777895656592], [-1.099562924143929, 44.937975818709184], [-1.099201585825243, 44.93814835504911], [-1.098818175107059, 44.93829490373111], [-1.098416384831835, 44.938414053199274], [-1.098000084954358, 44.938504655798326], [-1.097573285252939, 44.938565838833405], [-1.097140096690662, 44.938597012979876], [-1.096704691799621, 44.93859787796269], [-1.096271264470663, 44.93856842545017], [-1.095843989536875, 44.938508939134316], [-1.095735170102003, 44.938485728245304], [-1.095615597061347, 44.93858980147699], [-1.095308574191541, 44.93880908067547], [-1.0950169839999, 44.93898000895192], [-1.095173238282792, 44.93905371862265], [-1.095510581232822, 44.939249239871884], [-1.095819319432268, 44.93946730336735], [-1.09609647956743, 44.93970580929245], [-1.096339392301269, 44.93996246095417], [-1.096545717985714, 44.94023478689201], [-1.096713469203949, 44.940520164670325], [-1.096841029925218, 44.940815846125766], [-1.0969271710871, 44.94111898382659], [-1.096971062454446, 44.94142665848959], [-1.096972280639922, 44.9417359070905], [-1.09693081320796, 44.94204375139767], [-1.096847058821558, 44.94234722665393], [-1.096721823429504, 44.94264341013078], [-1.096556312529686, 44.9429294492794], [-1.096352119582079, 44.94320258920776], [-1.096111210682075, 44.94346019921859], [-1.095835905641088, 44.94369979815245], [-1.095528855655979, 44.943919078291685], [-1.095193017782022, 44.9441159275946], [-1.094831626454997, 44.94428845004531], [-1.094448162336677, 44.944434983923045], [-1.094046318783944, 44.944554117814405], [-1.093629966264837, 44.9446447042142], [-1.09320311506481, 44.94470587058357], [-1.092769876643074, 44.944737027758414], [-1.092334424012069, 44.94473787562716], [-1.091900951522556, 44.944708406022976], [-1.091473634442677, 44.944648902802506], [-1.091056588721278, 44.94455993911017], [-1.090653831324019, 44.94444237185503], [-1.09026924152522, 44.94429733345269], [-1.089906523529101, 44.944126220912764], [-1.089569170781115, 44.94393068237673], [-1.089331698170558, 44.943762940959544], [-1.089271959488503, 44.94384283226259], [-1.089031015314363, 44.94410042698017], [-1.088755676880467, 44.94434000842708], [-1.088448595705392, 44.94455926905406], [-1.088112729144911, 44.94475609700732], [-1.087751311911202, 44.94492859647665], [-1.087367824915655, 44.94507510596253], [-1.086965961735585, 44.94519421428654], [-1.086549593028155, 44.94528477418976], [-1.086122729234806, 44.945345913388536], [-1.085689481936094, 44.94537704298047], [-1.085254024229987, 44.94537786311967], [-1.084820550516141, 44.94534836590642], [-1.084393236074481, 44.94528883546324], [-1.083976196828413, 44.945199845196846], [-1.083573449681178, 44.945082252272215], [-1.083188873808306, 44.94493718935219], [-1.082826173279808, 44.94476605368253], [-1.082488841372805, 44.94457049362752], [-1.082250498294275, 44.94440210903696], [-1.082175687860582, 44.944424278486245], [-1.08175931713483, 44.94451482043041], [-1.081332453980591, 44.944575941224706], [-1.080899209972283, 44.94460705214408], [-1.080463758176184, 44.94460785352247], [-1.080030292935014, 44.944578337640856], [-1.079602989447067, 44.94451878880157], [-1.079185963530206, 44.94442978058856], [-1.079029500085956, 44.94438408858729], [-1.079041354804751, 44.94446737293552], [-1.079042474179623, 44.944776622003324], [-1.079000906071502, 44.94508445989229], [-1.078917050112942, 44.94538792190696], [-1.078791713230974, 44.94568408544624], [-1.078626101901003, 44.94597009815322], [-1.078421810550371, 44.946243205390445], [-1.078180806222369, 44.9465007767754], [-1.077905409647697, 44.94674033152057], [-1.077598272905036, 44.94695956233388], [-1.0772623538855, 44.947156357648645], [-1.076900887806673, 44.947328821968945], [-1.076517356050557, 44.947475294133845], [-1.076115452625728, 44.94759436332438], [-1.075699048577109, 44.94768488265853], [-1.075272154686653, 44.94774598024342], [-1.0748388828249, 44.94777706757747], [-1.074403406326469, 44.947777845221836], [-1.07396991977206, 44.94774830568608], [-1.07354259856528, 44.94768873350044], [-1.073125558694671, 44.94759970247367], [-1.072722817069431, 44.947482070163325], [-1.072338252811818, 44.947336969611655], [-1.071975569879853, 44.947165798426845], [-1.071638261381039, 44.946970205315225], [-1.071329575921349, 44.94675207419438], [-1.071052486313972, 44.946513506040304], [-1.070809660949363, 44.94625679864423], [-1.070603438102335, 44.945984424473885], [-1.070435803423439, 44.94569900685342], [-1.070308370830975, 44.945403294691104], [-1.070222366987116, 44.94510013599891], [-1.070197580872996, 44.9449258102826], [-1.069985589824468, 44.944825749522685], [-1.069648302342118, 44.94463015050955], [-1.069387916430848, 44.94444613337775], [-1.069130401103654, 44.94456897984785], [-1.068746867928728, 44.94471542509019], [-1.068344967786691, 44.94483446609682], [-1.0679285716909, 44.9449249562572], [-1.067501690346736, 44.944986023959444], [-1.0670684355039, 44.945017080989814], [-1.066632980333073, 44.94501782820135], [-1.066199519209485, 44.94498825839675], [-1.065772227291742, 44.94492865639782], [-1.065355220286195, 44.94483959630045], [-1.064952514785402, 44.94472193594223], [-1.064567989563576, 44.944576808635524], [-1.064487709665248, 44.94453891014728], [-1.064524386663168, 44.94460137180104], [-1.064651786932301, 44.94489709052151], [-1.064737760349327, 44.94520025350362], [-1.064754473960759, 44.945317884611924], [-1.065064900948482, 44.94546442712721], [-1.065402177461043, 44.945660040092115], [-1.065710833851572, 44.94587818759757], [-1.065987897593691, 44.94611676901792], [-1.066230700278126, 44.94637348693309], [-1.066436903316083, 44.946645869244406], [-1.06660452047136, 44.94693129297323], [-1.06673193700381, 44.94722700951356], [-1.066817925239191, 44.9475301710956], [-1.066861656414766, 44.94783785820598], [-1.06686270868567, 44.948147107700365], [-1.066821071214019, 44.948454941338305], [-1.066737144300329, 44.94875839446521], [-1.066611735554975, 44.94905454456545], [-1.066446052145495, 44.94934053941156], [-1.066241689193484, 44.949613624538], [-1.066000614431932, 44.949871169775136], [-1.065725149270016, 44.95011069458728], [-1.065417946447148, 44.950329891970576], [-1.065081964491045, 44.950526650680295], [-1.064720439225638, 44.95069907557306], [-1.064336852603155, 44.95084550586768], [-1.063934899160798, 44.95096453114844], [-1.063518450425398, 44.951055004956295], [-1.063091517609459, 44.95111605583682], [-1.062658212958555, 44.951147095738335], [-1.062222710123211, 44.95114782567886], [-1.061789203937847, 44.95111823862748], [-1.061361869995176, 44.95105861957207], [-1.060944824406381, 44.95096954277284], [-1.060542084135688, 44.95085186622825], [-1.060157528292213, 44.95070672340658], [-1.059794860752813, 44.95053551232316], [-1.059457574476584, 44.95033988206862], [-1.059148917855288, 44.95012171691822], [-1.058871863424166, 44.94988311817572], [-1.058629079234678, 44.94962638392688], [-1.058422903164868, 44.94935398689806], [-1.058255320414565, 44.949068550633484], [-1.058127944401755, 44.94877282422088], [-1.058042001243529, 44.948469655809454], [-1.05802530077409, 44.94835202358319], [-1.057714876198992, 44.948205461289724], [-1.057377611194742, 44.9480098248604], [-1.057133223525513, 44.947837070438894], [-1.056939951591045, 44.94792923361636], [-1.056556363600469, 44.94807563695166], [-1.056154413500102, 44.94819463401054], [-1.055737972784643, 44.94828507860578], [-1.055311052589376, 44.94834609956435], [-1.054877765038323, 44.94837710912273], [-1.054442283617287, 44.94837780859127], [-1.054008802954388, 44.948348191232505], [-1.053581498396448, 44.948288542326296], [-1.053164485771545, 44.948199436420346], [-1.052761781726305, 44.94808173179348], [-1.052377265020831, 44.947936562184445], [-1.052235543130638, 44.9478696396588], [-1.052324873729379, 44.94802182875921], [-1.052452217431279, 44.94831756175315], [-1.052538130134366, 44.948620734470644], [-1.052581783803194, 44.94892842729098], [-1.052582757339252, 44.94923767701476], [-1.052541040662888, 44.94954550539922], [-1.052457034837426, 44.94984894784027], [-1.052331548233273, 44.950145081925164], [-1.052165788767907, 44.95043105558052], [-1.051961352295547, 44.95070411454485], [-1.051720207257415, 44.95096162890042], [-1.051444675739717, 44.951201118408896], [-1.051137411121149, 44.951420276406395], [-1.050801372524812, 44.95161699202753], [-1.050439796320365, 44.95178937054387], [-1.050056164950856, 44.951935751620915], [-1.049654173384652, 44.95205472531697], [-1.049237693515937, 44.952145145669846], [-1.04881073685721, 44.95220614174002], [-1.04837741588379, 44.95223712600373], [-1.047941904403474, 44.95223780001491], [-1.047508397333966, 44.95220815728135], [-1.047081070276471, 44.952148483327306], [-1.046664039275797, 44.95205935294175], [-1.046261321155555, 44.9519416246393], [-1.045876794811383, 44.951796432386736], [-1.045514163835848, 44.95162517467549], [-1.045176920835691, 44.9514295010453], [-1.044948504683765, 44.951267996510126], [-1.044819506973196, 44.951329485902434], [-1.044435864078623, 44.95147584756989], [-1.044033863885284, 44.951594800932185], [-1.043617378370516, 44.95168520022297], [-1.043190419101237, 44.95174617470561], [-1.042757098577933, 44.95177713706424], [-1.042321590604078, 44.951777789063826], [-1.041888090063592, 44.951748124424185], [-1.041460772494775, 44.951688428880516], [-1.041043753851003, 44.951599277429786], [-1.04064105083682, 44.951481528789515], [-1.040256542202305, 44.951336317122355], [-1.039893931369382, 44.95116504110677], [-1.03955671075071, 44.950969350458735], [-1.039248128105388, 44.95075113003519], [-1.038971155255874, 44.95051248167216], [-1.038728459467603, 44.95025570393332], [-1.038522377766928, 44.94998326996377], [-1.038354894444552, 44.94969780366339], [-1.038227621960649, 44.94940205440917], [-1.038144829228463, 44.949109621632466], [-1.038056527653837, 44.949076270340974], [-1.037693938156118, 44.948904987265266], [-1.037356738807074, 44.94870929007574], [-1.037110868337046, 44.94853540145196], [-1.037039019730553, 44.948569643887716], [-1.036655375411756, 44.948715978592794], [-1.036253378501045, 44.948834903730734], [-1.035836900944189, 44.94892527380704], [-1.035409954231489, 44.94898621836645], [-1.034976650742495, 44.94901715038138], [-1.034541164116589, 44.949017771909], [-1.034107689032033, 44.948988076962685], [-1.033680400781874, 44.94892835156954], [-1.03326341503702, 44.94883917101405], [-1.032860748185044, 44.94872139429406], [-1.032476278627618, 44.94857615584271], [-1.032113709410175, 44.94840485459638], [-1.031776532544443, 44.94820914051411], [-1.031467995368006, 44.94799089867849], [-1.031191069265292, 44.947752231131794], [-1.030948421051415, 44.9474954366224], [-1.03074238729446, 44.947222988456886], [-1.030574951823328, 44.94693751067187], [-1.030447726637309, 44.94664175275487], [-1.030361936400721, 44.94633856315829], [-1.030318406671154, 44.94603086186188], [-1.030317555973854, 44.9457216122478], [-1.030359391797609, 44.945413792559954], [-1.03044351054968, 44.94511036722159], [-1.030569101469164, 44.944814258288275], [-1.030734954460097, 44.94452831731062], [-1.030939471767882, 44.944255297877596], [-1.031180683385736, 44.94399782910487], [-1.03145626604204, 44.94375839032316], [-1.031763565585162, 44.94353928720984], [-1.03209962254976, 44.94334262959357], [-1.032461200658153, 44.94317031114535], [-1.032844817982274, 44.9430239911509], [-1.033246780466285, 44.94290507853998], [-1.033663217487415, 44.942814718325636], [-1.034090119113128, 44.94275378058416], [-1.034523374696543, 44.94272285208117], [-1.034958812439263, 44.94272223062447], [-1.035392239541576, 44.942751922198], [-1.03581948255437, 44.94281164090423], [-1.036236427545182, 44.94290081171568], [-1.036639059692593, 44.94301857600897], [-1.03702350192861, 44.9431637998285], [-1.037386052257743, 44.94333508480015], [-1.037723219394134, 44.943530781590376], [-1.037969069820677, 44.94370466860327], [-1.038040911626183, 44.94367042561573], [-1.038424517811865, 44.943524086348305], [-1.038826472047872, 44.94340515354772], [-1.039242903790804, 44.94331477242151], [-1.039669803158913, 44.94325381324723], [-1.04010305952703, 44.94322286299692], [-1.040538501089196, 44.94322221968778], [-1.040971935008929, 44.94325188951419], [-1.041399187771489, 44.943311586788006], [-1.041816145350569, 44.943400736688105], [-1.042218792803584, 44.94351848079247], [-1.042603252915217, 44.94366368533993], [-1.042838542502467, 44.94377482889797], [-1.042705435147123, 44.94354796506444], [-1.042578153676738, 44.943252221326865], [-1.042493285398139, 44.94295251058157], [-1.042476989468353, 44.942946355809454], [-1.042114426103623, 44.94277508745846], [-1.041777248187495, 44.94257940402867], [-1.041518893802481, 44.94239668709441], [-1.041428980847104, 44.94243954861573], [-1.04104538992046, 44.94258589820199], [-1.040643446262531, 44.94270483899554], [-1.040227021306071, 44.942795225351055], [-1.039800126034638, 44.942856186656535], [-1.039366872332203, 44.94288713572305], [-1.038931433358508, 44.94288777444355], [-1.038498003332744, 44.94285809666576], [-1.038070757113883, 44.942798388251475], [-1.037653809967934, 44.942709224321625], [-1.037251177910658, 44.94259146371387], [-1.03686673900858, 44.942446240706225], [-1.036504196011884, 44.94227495408629], [-1.036167040679792, 44.94207925367219], [-1.03585852014255, 44.941861024414955], [-1.035581605624423, 44.94162236823566], [-1.035338963829063, 44.941365583773226], [-1.035132931262873, 44.94109314423749], [-1.034965491743435, 44.940807673581986], [-1.034838257309193, 44.94051192122557], [-1.034763459897177, 44.940247629009434], [-1.034706724766205, 44.94022619475577], [-1.034344202718326, 44.940054901205365], [-1.034007068270248, 44.93985919437019], [-1.033735683712054, 44.93966721507628], [-1.033688496031182, 44.93968970575418], [-1.033304903715631, 44.939836028514904], [-1.032902963351931, 44.939954941227775], [-1.032486546341161, 44.94004529851797], [-1.032059663590375, 44.940106230053395], [-1.031626426862953, 44.940137148931875], [-1.031191009155122, 44.940137757337176], [-1.030757604481199, 44.940108049409005], [-1.030330387455912, 44.940048311299556], [-1.029913473064001, 44.93995911841581], [-1.029510877005656, 44.939841329874284], [-1.029126477000567, 44.939696080222035], [-1.028763975424164, 44.93952476850333], [-1.028426863636616, 44.939329044778034], [-1.028118388348662, 44.93911079422163], [-1.027841520348654, 44.93887211896036], [-1.027598925892125, 44.93861531781688], [-1.02739294102948, 44.93834286416169], [-1.027225549118812, 44.938057382084224], [-1.027098361740016, 44.93776162111334], [-1.027012603193458, 44.937458429730825], [-1.026969098731716, 44.93715072793355], [-1.0269682666369, 44.9368414791086], [-1.02701011421887, 44.936533661492156], [-1.027094237771879, 44.936230239487536], [-1.027219826489015, 44.93593413511821], [-1.027385670295746, 44.935648199890764], [-1.027590171526121, 44.935375187338785], [-1.027831360328366, 44.935117726511706], [-1.028106913650733, 44.934878296663676], [-1.02841417762419, 44.93465920338605], [-1.028750193126013, 44.93446255641276], [-1.029111724277846, 44.93429024931233], [-1.029495289603813, 44.934143941261205], [-1.029897195548768, 44.93402504107412], [-1.03031357203433, 44.933934693644524], [-1.030740409710805, 44.93387376892558], [-1.031173598546991, 44.933842853557486], [-1.031608967387098, 44.93384224522162], [-1.032042324094763, 44.93387194977554], [-1.032469495898581, 44.93393168119681], [-1.032886369551643, 44.934020864335416], [-1.033288930919332, 44.93413864044933], [-1.0336733036151, 44.93428387546911], [-1.034035786313, 44.93445517091281], [-1.034372888378352, 44.93465087734599], [-1.034644250845452, 44.93484285479771], [-1.034691434065282, 44.93482036374659], [-1.035074988460425, 44.93467403642062], [-1.035476886374362, 44.93455511604236], [-1.035893257805989, 44.93446474769973], [-1.03632009345424, 44.934403801547234], [-1.036753283307421, 44.934372864431474], [-1.037188656199943, 44.93437223424323], [-1.037622019956425, 44.9344019170505], [-1.038049201737612, 44.934461627040186], [-1.038466088200558, 44.93455078926868], [-1.038868665087344, 44.934668545195294], [-1.039253055862047, 44.93481376094498], [-1.039460986253582, 44.93491200518996], [-1.039306032839959, 44.93464783458945], [-1.039178789491638, 44.93435208774319], [-1.039092970856832, 44.93404890599128], [-1.039049402766963, 44.93374120923789], [-1.039048504117045, 44.933431960821586], [-1.039090282857982, 44.933124138974726], [-1.039174335947047, 44.93282070814144], [-1.039299853255936, 44.93252459043026], [-1.039465625397766, 44.93223863747636], [-1.039670055396668, 44.931965602984086], [-1.039911174086737, 44.93170811621424], [-1.040186659091275, 44.93146865667079], [-1.040493857198995, 44.93124953023112], [-1.040829809921284, 44.93105284694856], [-1.041191281984158, 44.93088050074127], [-1.041574792480566, 44.93073415116228], [-1.041976648383177, 44.930615207426236], [-1.042392980095331, 44.93052481484593], [-1.042819778698334, 44.93046384380928], [-1.043252934537123, 44.93043288140248], [-1.043688276773564, 44.930432225759844], [-1.044121613527414, 44.930461883194475], [-1.044548772219391, 44.93052156813755], [-1.044965639728864, 44.9306107058867], [-1.045368201980429, 44.930728438136896], [-1.045752582579119, 44.930873631241084], [-1.046115080123002, 44.931044887120954], [-1.046452203834595, 44.93124055672303], [-1.046739521176739, 44.93144377148018], [-1.046850988775887, 44.93139061686665], [-1.047234487991992, 44.931244247739215], [-1.047636335546317, 44.93112528352475], [-1.048052661922537, 44.93103486973329], [-1.048479458253299, 44.93097387695696], [-1.048912614905397, 44.93094289249129], [-1.049347961032858, 44.930942214683014], [-1.049781304717977, 44.93097185005866], [-1.050208473314752, 44.9310315132618], [-1.050625353607215, 44.931120629799395], [-1.051027931396919, 44.93123834157067], [-1.051412330139337, 44.93138351512578], [-1.051561282027399, 44.931453873646824], [-1.051446516254783, 44.93125828932418], [-1.05131921658499, 44.93096255667742], [-1.051233337516334, 44.93065938460875], [-1.051231222759466, 44.93064447149674], [-1.050915400836471, 44.93049528677216], [-1.05057826603524, 44.930299630749914], [-1.050269754226384, 44.93008144225274], [-1.049992836550361, 44.929842822809235], [-1.049750179741548, 44.929586070704495], [-1.049544120451283, 44.9293136588368], [-1.049376642754891, 44.92902821089324], [-1.049249359058874, 44.92873247607403], [-1.049163494591591, 44.928429302609224], [-1.049119875626058, 44.92812161032328], [-1.049118921547419, 44.92781236251177], [-1.049160640840534, 44.92750453740131], [-1.049244631035291, 44.92720109946754], [-1.049370082609155, 44.9269049708874], [-1.049535786808327, 44.92661900340083], [-1.049740147311238, 44.926345950852166], [-1.049981195621195, 44.92608844267614], [-1.050256610039189, 44.92584895858288], [-1.050563738033574, 44.92562980468627], [-1.050899621790785, 44.92543309130401], [-1.051261026700808, 44.92526071264412], [-1.05164447250309, 44.9251143285722], [-1.052046266793114, 44.92499534863501], [-1.052462540567356, 44.92490491849394], [-1.052889285464877, 44.92484390889858], [-1.053322392347629, 44.924812907306446], [-1.053757690848777, 44.92481221222911], [-1.054190989509132, 44.92484183035941], [-1.05461811611617, 44.92490147650701], [-1.055034957858189, 44.924990576343056], [-1.055437500907926, 44.92510827192761], [-1.05582186905536, 44.92525342996669], [-1.056184361018544, 44.925424652719606], [-1.05652148607385, 44.92562029145195], [-1.056829997663089, 44.9258384623047], [-1.057106924654243, 44.92607706442735], [-1.057349599954964, 44.92633380020043], [-1.057555686203274, 44.92660619735326], [-1.057723198287866, 44.92689163276424], [-1.057850522480722, 44.927187357714786], [-1.057936431997211, 44.927490524354084], [-1.057938548417796, 44.92750543732436], [-1.058254372184344, 44.92765460196053], [-1.058591517861083, 44.92785023454555], [-1.058899233098841, 44.92806782233079], [-1.059060539965002, 44.927990871065056], [-1.059443984074282, 44.927844459966444], [-1.059845781374421, 44.927725451737324], [-1.060262062832857, 44.92763499231149], [-1.060688820014628, 44.92757395272058], [-1.061121943663388, 44.927542920710856], [-1.061557263250879, 44.92754219508683], [-1.061990587114905, 44.92757178283548], [-1.06241774280031, 44.92763139905897], [-1.062604132362719, 44.92767122384866], [-1.062350362565769, 44.92749179706853], [-1.062073406287645, 44.92725320790862], [-1.061830705389843, 44.92699648237844], [-1.06162459694853, 44.92672409312032], [-1.061457065512598, 44.9264386636037], [-1.061329724006286, 44.92614294285135], [-1.061243798214874, 44.92583977895792], [-1.061200115002104, 44.925532091655775], [-1.061199094371966, 44.92522284419258], [-1.06124074545031, 44.92491501479165], [-1.061281109206466, 44.924769065355925], [-1.06127018153748, 44.924692094405934], [-1.06126916053637, 44.92438284702168], [-1.061295769794572, 44.92418618241995], [-1.061146162821511, 44.92411552435704], [-1.060809030681431, 44.92391989974082], [-1.060500514168858, 44.923701740058874], [-1.060223584469732, 44.92346314656232], [-1.059980908434424, 44.92320641728636], [-1.059774822899669, 44.9229340249095], [-1.059607312193779, 44.92264859293112], [-1.059479989041395, 44.92235287039771], [-1.0593940790511, 44.922049705421074], [-1.059350408934538, 44.92174201774398], [-1.05934939856966, 44.9214327706177], [-1.059391056983551, 44.92112494226229], [-1.059474982292525, 44.92082149718471], [-1.059535378204285, 44.92067885006418], [-1.059379417789334, 44.92066819637936], [-1.058952318350944, 44.9206085686052], [-1.058535502946893, 44.9205194835786], [-1.058132986323939, 44.92040179937726], [-1.057748645436775, 44.92025664954321], [-1.057386182091649, 44.920085432159304], [-1.057049087280819, 44.919889796376836], [-1.056740607551935, 44.91967162652429], [-1.056463713736623, 44.91943302395073], [-1.056221072339628, 44.91917628677877], [-1.056015019864072, 44.9189038877629], [-1.055847540319891, 44.91861845046647], [-1.055720246131646, 44.91832272398714], [-1.055634362629024, 44.918019556474725], [-1.055590716268646, 44.91771186769638], [-1.055589726699763, 44.917402620913954], [-1.055631402749288, 44.91709479434417], [-1.0557153423638, 44.91679135247674], [-1.055840736508079, 44.91649521752659], [-1.056006376981559, 44.91620924129501], [-1.056210668076488, 44.91593617771059], [-1.056451641964658, 44.91567865631433], [-1.05672697766378, 44.915439156943805], [-1.057034023400251, 44.91521998585989], [-1.057369822152582, 44.915023253545925], [-1.057731140129238, 44.91485085439223], [-1.058114497906678, 44.91470444846174], [-1.058516203927873, 44.91458544551169], [-1.058932390039107, 44.9144949914251], [-1.059359048723407, 44.91443395718214], [-1.059792071672716, 44.91440293047763], [-1.06022728932825, 44.91440221006496], [-1.060660511009142, 44.91443180288095], [-1.06108756524399, 44.914491423978966], [-1.061504339917878, 44.914580499271366], [-1.061906821849289, 44.914698171054575], [-1.062291135416704, 44.914843306263755], [-1.06265357986376, 44.915014507378075], [-1.06299066492444, 44.9152101258715], [-1.063299144425785, 44.91542827807992], [-1.063576047544917, 44.91566686333236], [-1.063818707419549, 44.91592358417183], [-1.064024786836472, 44.91619596847147], [-1.06419230075041, 44.9164813932335], [-1.064319635415991, 44.91677710984191], [-1.064405563948006, 44.91708027052626], [-1.064449258159381, 44.917387955781784], [-1.064450296561977, 44.917697202481996], [-1.064408668452232, 44.91800503241335], [-1.064324774041262, 44.91830848095692], [-1.064264392858766, 44.9184511305774], [-1.064420348037858, 44.91846177740006], [-1.064847436943716, 44.91852138412223], [-1.065264247524154, 44.91861044542253], [-1.065666766251979, 44.91872810373206], [-1.066051117151418, 44.918873226115764], [-1.066413599106693, 44.91904441517634], [-1.066750721490664, 44.91924002250375], [-1.066978793984283, 44.919401285546094], [-1.067065623742939, 44.919375556913856], [-1.067481831601973, 44.91928507067761], [-1.06790851741115, 44.919224003521784], [-1.068341572601244, 44.919192943458135], [-1.068776827303055, 44.91919218956128], [-1.069210090479066, 44.919221749090404], [-1.069637190258397, 44.91928133741945], [-1.070054014087683, 44.9193703807763], [-1.0704565483122, 44.91948802176484], [-1.070840916807007, 44.91963312761681], [-1.071203418286956, 44.919804301094096], [-1.071540561936958, 44.919999893936755], [-1.071849101019982, 44.92021802272772], [-1.072126064139494, 44.920456587021526], [-1.0723687838555, 44.92071328956305], [-1.072574922378584, 44.92098565840169], [-1.072742494094301, 44.921271070688555], [-1.072869884700644, 44.921566777927865], [-1.072955866773649, 44.92186993243942], [-1.072999611610559, 44.922177614777944], [-1.073000697235597, 44.92248686184516], [-1.072959112490307, 44.922794695423974], [-1.07287525716803, 44.923098150860426], [-1.072749938190233, 44.92339430561671], [-1.072724196660013, 44.92343876944918], [-1.073053512577109, 44.9235942543563], [-1.073390685454865, 44.92378984181066], [-1.073628905943977, 44.92395823840417], [-1.073705150576251, 44.923935642717005], [-1.074121381556811, 44.92384513149127], [-1.074548094820889, 44.923784038760296], [-1.074981181534908, 44.923752952782145], [-1.075416471526168, 44.92375217288093], [-1.075849773417408, 44.92378170656626], [-1.07627691496503, 44.923841269460866], [-1.076693783213575, 44.923930288037596], [-1.077096364080693, 44.92404790513895], [-1.077480780992415, 44.92419298822665], [-1.077843332197473, 44.924364140281796], [-1.078180526402052, 44.92455971325074], [-1.07841893127843, 44.92472821746789], [-1.0784948768029, 44.924705706884914], [-1.078911105768276, 44.924615177701284], [-1.079337819672733, 44.92455406656748], [-1.079770909676516, 44.9245229619187], [-1.080206205575241, 44.92452216325889], [-1.080639515934772, 44.924551678278256], [-1.081066668429998, 44.92461122277928], [-1.081483550000074, 44.92470022341191], [-1.081886146434419, 44.924817823191404], [-1.082270581009222, 44.92496288974634], [-1.082633151803186, 44.92513402621698], [-1.082970367333932, 44.925329584699774], [-1.083208956608404, 44.925498196516074], [-1.083218653271866, 44.92549532193497], [-1.083244309564078, 44.92540241688343], [-1.083369577623247, 44.925106250117686], [-1.083535103173559, 44.924820232126535], [-1.083739291613534, 44.9245471172409], [-1.083980176103063, 44.924289535495895], [-1.084255436520279, 44.924049967310346], [-1.08456242181606, 44.923830719607956], [-1.084898175550502, 44.923633903609876], [-1.085259464365179, 44.92346141451231], [-1.085642809117023, 44.923314913244354], [-1.086044518374155, 44.92319581048131], [-1.086460723951504, 44.92310525306731], [-1.086887418144527, 44.92304411297746], [-1.087320492303212, 44.923012978925776], [-1.087755776375712, 44.92301215069931], [-1.088189079041742, 44.92304163627297], [-1.088616228050274, 44.92310115173281], [-1.089033110374054, 44.92319012400835], [-1.08943571179529, 44.92330769638796], [-1.089820155542208, 44.92345273676402], [-1.090182739605272, 44.92362384852889], [-1.090519972374421, 44.92381938401694], [-1.090826192362139, 44.92403575475082], [-1.091149163882228, 44.92388153555603]], [[-1.050348049721743, 44.946002522582525], [-1.05026215287043, 44.94569934840708], [-1.0502560782019, 44.94565651627588], [-1.049914650892525, 44.94549527439282], [-1.049577429402725, 44.945299614461796], [-1.049311572637743, 44.945111637675794], [-1.049169465280216, 44.94517939143708], [-1.04878587581472, 44.94532576784675], [-1.048383928937795, 44.94544473671923], [-1.047967496113147, 44.94553515213882], [-1.047540588400087, 44.945596143213486], [-1.047107317802418, 44.9456271224676], [-1.04667185764263, 44.945627791503334], [-1.046238402344019, 44.94559814387643], [-1.04581112700904, 44.94553846515824], [-1.045394147184221, 44.94544933018366], [-1.044991479200174, 44.94533159751149], [-1.044607001469563, 44.9451864011506], [-1.044371702454605, 44.945075261288615], [-1.044504820176232, 44.94530212322973], [-1.044632116460509, 44.94559786494084], [-1.044714937838135, 44.9458902925836], [-1.044803238355662, 44.94592363855612], [-1.045165830289531, 44.94609489829832], [-1.045503041168464, 44.94629057165492], [-1.045731438642723, 44.94645207481438], [-1.045860424133241, 44.9463905844525], [-1.046244028518809, 44.94624421808946], [-1.046645985666141, 44.94612525692468], [-1.047062425003749, 44.9460348464388], [-1.047489336576725, 44.94597385719212], [-1.04792260964237, 44.94594287644623], [-1.048358072233954, 44.94594220251196], [-1.048791531312541, 44.94597184187857], [-1.049218813121189, 44.94603150915123], [-1.049635803353981, 44.9461206297977], [-1.050038486753988, 44.94623834567764], [-1.050422985759853, 44.94638352330164], [-1.050564701730943, 44.94645044810817], [-1.050475378412561, 44.94629825766422], [-1.050348049721743, 44.946002522582525]], [[-1.057622355270967, 44.94289024997798], [-1.057866722889186, 44.943063003072034], [-1.05805997652951, 44.942970838416194], [-1.058443525677299, 44.94282443011466], [-1.05884543242913, 44.94270542496985], [-1.059261826698639, 44.94261496888587], [-1.059688698964751, 44.94255393286208], [-1.060121938863154, 44.94252290461053], [-1.060557374746407, 44.94252218289946], [-1.060990813832703, 44.94255177467818], [-1.061418082557598, 44.94261139501007], [-1.061835066741174, 44.942700469814866], [-1.062237751184814, 44.942818141393666], [-1.0626222583172, 44.942963276683635], [-1.062702534699234, 44.94300117650113], [-1.062665860777086, 44.942938714275996], [-1.06253847542919, 44.942642993451464], [-1.062452517821774, 44.94233982899833], [-1.062436688487413, 44.942228383137895], [-1.062155364039989, 44.94209556193183], [-1.06181812029032, 44.94189993932467], [-1.061556811407353, 44.94171522444465], [-1.061359914426268, 44.94180913769424], [-1.060976379836403, 44.941955556012346], [-1.060574482980744, 44.94207456883368], [-1.060158094841045, 44.94216502981926], [-1.059731226046088, 44.94222606763819], [-1.059297988224707, 44.94225709436455], [-1.05886255438362, 44.9422578111433], [-1.058429118692566, 44.94222821107028], [-1.058001856065131, 44.942168579258784], [-1.057584881925466, 44.942079490091935], [-1.05718221254948, 44.941961801687285], [-1.056797726363337, 44.94181664762735], [-1.05663526698726, 44.941739933701484], [-1.056724333563898, 44.94189166550414], [-1.056851686545674, 44.94218739292347], [-1.056937613641333, 44.9424905616923], [-1.056943693070076, 44.942533393418195], [-1.057285122555452, 44.94269461357523], [-1.057622355270967, 44.94289024997798]], [[-1.054768580058931, 44.939882692203064], [-1.054682668684242, 44.939579521992606], [-1.054674426995897, 44.93952143669261], [-1.054365139641977, 44.93937537526631], [-1.054027939424382, 44.93917972918825], [-1.05372060975894, 44.93896242956336], [-1.053559425922393, 44.939039296118], [-1.05317588991153, 44.93918568740614], [-1.052773996353839, 44.93930467193206], [-1.052357616199364, 44.93939510362917], [-1.05193076, 44.93945611144871], [-1.051497539263282, 44.93948710775374], [-1.051062126831336, 44.939487793982266], [-1.050628716667662, 44.939458163524314], [-1.050201483439904, 44.939398501785945], [-1.049784542288962, 44.93930938343846], [-1.049381909172911, 44.939191666880525], [-1.048997462168563, 44.93904648596581], [-1.048794357173348, 44.938950553747155], [-1.048924279684561, 44.93917195922269], [-1.049051585359597, 44.939467695336454], [-1.049136483412726, 44.93976740076489], [-1.049152779149587, 44.9397735545551], [-1.049515344602608, 44.93994479980124], [-1.049852533677253, 44.94014045961028], [-1.050118368689475, 44.94032843482602], [-1.050260462608627, 44.94026067994934], [-1.050644013581144, 44.94011429867216], [-1.05104591745964, 44.9399953218174], [-1.051462304185472, 44.93990489501678], [-1.051889164310238, 44.939843888987696], [-1.052322387586541, 44.93981289115332], [-1.052757802526986, 44.939812199989056], [-1.053191216551386, 44.93984182215007], [-1.053618456336563, 44.939901472407186], [-1.054035407981192, 44.93999057639201], [-1.054438056599889, 44.94010827612465], [-1.054822524966202, 44.94025343827116], [-1.054984977556475, 44.94033015481198], [-1.05489591816567, 44.940178421686255], [-1.054768580058931, 44.939882692203064]], [[-1.055093995776454, 44.93399438014368], [-1.055495846362012, 44.93387538741961], [-1.055912180479802, 44.93378494411806], [-1.056338989187897, 44.93372392111537], [-1.056772162733896, 44.9336929059981], [-1.05720753010917, 44.93369219740812], [-1.057640899191455, 44.93372180216836], [-1.058068097090255, 44.93378143521716], [-1.058485010307521, 44.933870522351896], [-1.05888762432786, 44.93398820575487], [-1.059272062257973, 44.93413335224943], [-1.059294050531263, 44.93414373585321], [-1.059226458332668, 44.934028582304016], [-1.059099111355131, 44.93373285832305], [-1.059013185992943, 44.933429692015004], [-1.059003494481888, 44.933361418892375], [-1.05871562518229, 44.93322547371068], [-1.058378446762557, 44.933029841186766], [-1.058070706322553, 44.932812251636044], [-1.05790938423256, 44.932889201576565], [-1.057525901629839, 44.93303560760266], [-1.057124061367797, 44.93315460763526], [-1.056707733883049, 44.93324505545847], [-1.056280929220085, 44.933306079868196], [-1.05584775838993, 44.9333370930677], [-1.055412393753931, 44.93333779633222], [-1.054979028815124, 44.93330818288777], [-1.054551837805479, 44.933248537976446], [-1.054134935459198, 44.933159436107516], [-1.05373233736056, 44.93304173552092], [-1.053347921249086, 44.93289656991648], [-1.053198963288621, 44.9328262137591], [-1.053313738380255, 44.93302179636421], [-1.053441053239998, 44.93331752690903], [-1.053526948311893, 44.93362069751318], [-1.053527992714137, 44.93362806003222], [-1.05354231851179, 44.93363346976716], [-1.05390485767534, 44.93380470038486], [-1.054242025149019, 44.93400034652291], [-1.054549329645127, 44.93421764438511], [-1.054710498268697, 44.93414077650579], [-1.055093995776454, 44.93399438014368]], [[-1.073761495616482, 44.93830428338069], [-1.073500360649136, 44.93842888490063], [-1.073116880875263, 44.93857534495015], [-1.072715034009957, 44.93869440153594], [-1.072298690553324, 44.938784907897436], [-1.071871860703634, 44.93884599226669], [-1.071438655714495, 44.93887706626945], [-1.0710032482763, 44.93887783059525], [-1.070569832304438, 44.93884827788195], [-1.070142582522538, 44.93878869278674], [-1.06972561423105, 44.93869964924267], [-1.069322943649606, 44.93858200492789], [-1.068938449216075, 44.938436893000265], [-1.068929461291475, 44.938432650043985], [-1.06896384727357, 44.93849120705468], [-1.069091257071064, 44.938786920152104], [-1.069177245119288, 44.93909007915194], [-1.069193086962391, 44.93920152394848], [-1.069474413558953, 44.93933432723234], [-1.069811668585106, 44.93952992646601], [-1.07007203306124, 44.93971394233733], [-1.070329524032824, 44.939591093863164], [-1.070713018031142, 44.939444643384036], [-1.071114874522044, 44.93932559400808], [-1.071531223902991, 44.93923509206535], [-1.071958057085019, 44.93917400899681], [-1.072391264080049, 44.939142932967414], [-1.072826673557397, 44.93914216320553], [-1.07326009298947, 44.9391717071231], [-1.07368734900106, 44.939231280244385], [-1.074104327534697, 44.93932030894369], [-1.07450701344622, 44.93943793596609], [-1.074802080219599, 44.93954927630674], [-1.074678902032741, 44.939263462359484], [-1.074592883979502, 44.93896030759996], [-1.074568162404954, 44.93878651332167], [-1.074376076260158, 44.9386958489268], [-1.074038810331195, 44.93850026358812], [-1.073761495616482, 44.93830428338069]], [[-1.066823034748705, 44.93620000059999], [-1.066805750490883, 44.93607836569959], [-1.066545850932052, 44.93595566133007], [-1.066208628788234, 44.93576005239786], [-1.065914281091663, 44.93555198354282], [-1.065689871706103, 44.93565904356393], [-1.065306390476694, 44.93580547655086], [-1.064904546879379, 44.93592450480653], [-1.064488211382845, 44.936014981843215], [-1.06406139410872, 44.93607603617546], [-1.063628206189493, 44.93610707971829], [-1.063192820151126, 44.936107813454676], [-1.062759429702845, 44.93607823031712], [-1.062332209322377, 44.936018615255826], [-1.061915274026906, 44.9359295424925], [-1.06151263971816, 44.93581186998676], [-1.06112818448453, 44.935666731167956], [-1.0611061952746, 44.93565634792222], [-1.061173793294261, 44.93577150038442], [-1.061301155839798, 44.93606722216856], [-1.06138709761019, 44.93637038694667], [-1.061395345787465, 44.93642847169437], [-1.061704635197705, 44.93657451343434], [-1.062041846529487, 44.93677013607616], [-1.062303133969992, 44.93695484954475], [-1.062500012329833, 44.93686093476026], [-1.062883508102858, 44.93671451140799], [-1.063285361649531, 44.93659549042977], [-1.063701703395715, 44.93650501788214], [-1.064128524325995, 44.93644396492304], [-1.064561714570276, 44.93641291942753], [-1.06499710295915, 44.93641218032994], [-1.065430497168053, 44.93644175474696], [-1.065857724064595, 44.936501357909165], [-1.066274669871581, 44.93659041590162], [-1.066677319759896, 44.9367080711873], [-1.067061796490954, 44.936853190860255], [-1.067070784021142, 44.936857433965514], [-1.067036401017221, 44.93679887639781], [-1.066909006570325, 44.93650316112057], [-1.066823034748705, 44.93620000059999]], [[-1.068381561458917, 44.92991600471882], [-1.067948423503973, 44.92994706503857], [-1.067513085336721, 44.92994781569336], [-1.067079740205207, 44.929918249452726], [-1.066652562150599, 44.92985865110413], [-1.066235665782341, 44.92976959470831], [-1.065833066627188, 44.92965193806721], [-1.06545812078736, 44.92951039264611], [-1.06552325280177, 44.92962133904448], [-1.065650624313238, 44.92991705530117], [-1.065736580168425, 44.93022021615885], [-1.06574627933202, 44.93028848863002], [-1.066034150597133, 44.93042441548522], [-1.066371340054544, 44.930620024634656], [-1.06666566356527, 44.930828091972714], [-1.066890051760707, 44.93072103013653], [-1.067273494094749, 44.93057459190945], [-1.067675294337702, 44.93045555528132], [-1.06809158342861, 44.93036506645945], [-1.068518352858985, 44.93030399675846], [-1.068951493254533, 44.9302729342146], [-1.06938683392575, 44.93027217792636], [-1.069749673350882, 44.93029692607214], [-1.06974869357371, 44.93001318481611], [-1.069790301289296, 44.929705351769755], [-1.069828177495197, 44.92956833004846], [-1.069626400261396, 44.929645397212276], [-1.069224609962442, 44.929764440864], [-1.068808327156945, 44.929854933912765], [-1.068381561458917, 44.92991600471882]], [[-1.046881776516673, 44.93680185120806], [-1.046867450552222, 44.93679644060967], [-1.046504913536863, 44.93662518688893], [-1.04616775727499, 44.93642951713182], [-1.045880416463433, 44.93622630059406], [-1.045768938333756, 44.936279454311126], [-1.04538540086351, 44.93642581860261], [-1.044983510556954, 44.936544774868175], [-1.044567138332875, 44.936635177313505], [-1.044140294666819, 44.93669615517157], [-1.043707090945594, 44.93672712109403], [-1.043271699847432, 44.936727776811495], [-1.042838315130302, 44.93669811600798], [-1.042411111216687, 44.93663842438172], [-1.041994202965065, 44.936549276891974], [-1.041591606016534, 44.93643153221808], [-1.041207198099447, 44.93628632448452], [-1.040999259554058, 44.93618808346542], [-1.04115422519838, 44.936452251827106], [-1.041281483728207, 44.936747996597425], [-1.041356307187882, 44.93701228415246], [-1.041413041608785, 44.937033714992204], [-1.041775565716288, 44.9372049853384], [-1.042112711315842, 44.93740066846097], [-1.042371044621169, 44.9375833837443], [-1.042460949071334, 44.93754052152295], [-1.042844501796258, 44.93739416727227], [-1.0432464027261, 44.937275218709296], [-1.043662781830665, 44.93718482119333], [-1.044089629734968, 44.93712384515979], [-1.044522836309296, 44.93709287774302], [-1.04495823022706, 44.93709221712552], [-1.045391619110466, 44.93712186966834], [-1.045818829878367, 44.93718154984975], [-1.046235748908772, 44.9372706830132], [-1.046638361630255, 44.937388410897874], [-1.04702279116193, 44.93753359989873], [-1.047225887995464, 44.93762953531337], [-1.047095975762118, 44.93740812795471], [-1.046968685074014, 44.93711238978292], [-1.046882820105815, 44.93680921379651], [-1.046881776516673, 44.93680185120806]]], [[[-1.049166560081828, 44.756569042577205], [-1.049472768274243, 44.756349903794195], [-1.049807645284801, 44.75615320457358], [-1.050167966198225, 44.75598083898708], [-1.050550261191858, 44.755834466774395], [-1.050950848941784, 44.75571549736814], [-1.051365872061158, 44.75562507632841], [-1.051791334230038, 44.75556407431711], [-1.052223138659866, 44.755533078718756], [-1.052657127523004, 44.75553238798727], [-1.053089121968567, 44.755562008773616], [-1.053514962340178, 44.75562165586183], [-1.053930548209371, 44.75571075491406], [-1.054331877840086, 44.755828447997814], [-1.054715086705177, 44.755973601843195], [-1.05507648468484, 44.75614481874985], [-1.055412591589452, 44.75634045003958], [-1.055720170665309, 44.75655861192502], [-1.055996259760967, 44.75679720364193], [-1.056238199854255, 44.757053927671016], [-1.05644366066523, 44.75732631185458], [-1.056610663108199, 44.75761173319591], [-1.056737598366235, 44.757907443111854], [-1.056823243403852, 44.75821059389635], [-1.056866772767783, 44.7585182661399], [-1.056867766561323, 44.75882749684128], [-1.056826214514482, 44.75913530794095], [-1.056742516109771, 44.75943873500134], [-1.056617476761337, 44.759734855757856], [-1.05645230008327, 44.760020818265566], [-1.056248576320553, 44.760293868370375], [-1.056008267053223, 44.76055137624001], [-1.055733686320326, 44.76079086169861], [-1.055427478344856, 44.76101001812142], [-1.055092592073806, 44.76120673465825], [-1.054732252778334, 44.761379116571995], [-1.054349930987508, 44.76152550349542], [-1.053949309055043, 44.7616444854306], [-1.053534245681401, 44.76173491633603], [-1.05310873873347, 44.761795925170595], [-1.052676886720646, 44.76182692428758], [-1.052242849299153, 44.761827615097886], [-1.051810807185946, 44.76179799094749], [-1.051384921869244, 44.761738337181605], [-1.050969295504727, 44.761649228394774], [-1.050567931384668, 44.761531522893506], [-1.050184695361618, 44.76138635442494], [-1.049823278599048, 44.761215121251404], [-1.049487162008396, 44.76101947267619], [-1.049179582715595, 44.760801293150955], [-1.048903502880426, 44.76056268411781], [-1.048661581169185, 44.76030594376153], [-1.048456147155406, 44.760033544867206], [-1.048289178894976, 44.75974811099694], [-1.048162283891209, 44.75945239121531], [-1.048076683632642, 44.75914923360754], [-1.048033201851706, 44.758841557845344], [-1.048032256616521, 44.758532327065154], [-1.048073856331004, 44.75822451932954], [-1.048157599680807, 44.757921098946795], [-1.048282679524564, 44.75762498792491], [-1.048447890691975, 44.75733903783469], [-1.048651641612651, 44.75706600235305], [-1.04889196966289, 44.75680851075033], [-1.049166560081828, 44.756569042577205]]], [[[-1.04576601757829, 44.76804893337709], [-1.046072301510029, 44.76782980311108], [-1.046407258753687, 44.76763311337683], [-1.046767663621408, 44.767460758154684], [-1.047150045482176, 44.76731439708452], [-1.047550722175703, 44.76719543949171], [-1.047965835458812, 44.767105030822485], [-1.048391388143508, 44.76704404161975], [-1.0488232825698, 44.76701305914462], [-1.049257360043626, 44.76701238172465], [-1.049689440861018, 44.76704201588261], [-1.050115364534062, 44.76710167627389], [-1.050531029832293, 44.767190788432416], [-1.050932434254908, 44.76730849429958], [-1.051315712554641, 44.76745366048234], [-1.051677173943097, 44.76762488916156], [-1.052013337620052, 44.767820531545716], [-1.05232096628505, 44.76803870374054], [-1.052597097309016, 44.76827730488257], [-1.052839071265874, 44.76853403736167], [-1.053044557549391, 44.76880642893885], [-1.053211576828354, 44.76909185654613], [-1.053338520123451, 44.76938757154002], [-1.053424164321526, 44.769690726165535], [-1.053467683977111, 44.769998400976164], [-1.053468659286702, 44.770307632945936], [-1.053427080158039, 44.77061544400308], [-1.053358619410035, 44.770863525012196], [-1.053604964811442, 44.77084584335928], [-1.05363556049345, 44.77081916451273], [-1.05394182885021, 44.7706000122918], [-1.054276775070446, 44.77040329858831], [-1.054637173572336, 44.770230917613446], [-1.055019553786071, 44.77008452925509], [-1.055420233567146, 44.76996554310133], [-1.055835354642599, 44.769875104873506], [-1.05626091974937, 44.76981408539905], [-1.056692831107843, 44.76978307223064], [-1.057126929860934, 44.769782363991325], [-1.057559036099811, 44.769811967500694], [-1.057984989091828, 44.76987159770918], [-1.058400687324282, 44.76996068044135], [-1.058802127979332, 44.77007835792197], [-1.059185445460915, 44.77022349703135], [-1.059546948603453, 44.770394700211035], [-1.059883156204758, 44.77059031891505], [-1.060190830541512, 44.7708084694772], [-1.060467008544936, 44.77104705124234], [-1.060709030336638, 44.771303766786964], [-1.060914564849812, 44.77157614403517], [-1.061081632288848, 44.771861560057026], [-1.061208623210674, 44.77215726632064], [-1.061294314043485, 44.77246041515513], [-1.061337878892684, 44.77276808716984], [-1.06133889751949, 44.773077319365775], [-1.061297359414405, 44.773385133668995], [-1.061213663925307, 44.773688565611145], [-1.061088616437908, 44.77398469288061], [-1.060923420644341, 44.77427066346976], [-1.060719666973373, 44.774543723146735], [-1.060479317292812, 44.774801241987], [-1.060204686030694, 44.77504073970915], [-1.059898417896488, 44.775259909570245], [-1.059563462416471, 44.77545664059073], [-1.059203045528307, 44.775629037893935], [-1.058820638508386, 44.77577544096446], [-1.058419924531356, 44.775894439648845], [-1.058004763184311, 44.77598488774424], [-1.057579153277928, 44.776045914043934], [-1.057325234928561, 44.77606414678592], [-1.05729463814356, 44.77609082669926], [-1.056988352951347, 44.776309988600076], [-1.05665338103867, 44.77650671089903], [-1.056292948501508, 44.77667909880352], [-1.055910526767014, 44.77682549188862], [-1.055509799151604, 44.776944480097065], [-1.055094625373773, 44.77703491732687], [-1.054669004363961, 44.77709593247608], [-1.054237035730382, 44.777126937837096], [-1.053802880252751, 44.777127634760696], [-1.053370719785347, 44.777098016533955], [-1.052944716956582, 44.77703836844509], [-1.052528975054206, 44.77694926503388], [-1.052127498483518, 44.77683156455509], [-1.051744154180319, 44.77668640070752], [-1.051382634351111, 44.77651517170895], [-1.051046420900096, 44.77631952682249], [-1.050738751886124, 44.77610135046426], [-1.050462590333074, 44.77586274404589], [-1.050220595694181, 44.77560600572699], [-1.050015098245195, 44.77533360827302], [-1.049848076652731, 44.77504817523224], [-1.049721138933472, 44.77475245566124], [-1.049635506987028, 44.77444929764322], [-1.049592004850661, 44.774141620853875], [-1.049591050788159, 44.77383238843952], [-1.04963265328807, 44.77352457847849], [-1.04970113370894, 44.77327649954204], [-1.049276742799845, 44.77330694382897], [-1.048842616747822, 44.77330762132625], [-1.048410488244124, 44.77327798380265], [-1.047984519609226, 44.77321831673222], [-1.047568813801449, 44.77312919483763], [-1.047167374878353, 44.773011476551666], [-1.046784069413044, 44.77286629574462], [-1.046422589237869, 44.77269505079763], [-1.04608641587502, 44.7724993911274], [-1.045778786997173, 44.77228120129244], [-1.045502665241585, 44.77204258283417], [-1.045260709678151, 44.77178583402814], [-1.045055250206255, 44.77151342774078], [-1.044888265126756, 44.7712279876054], [-1.044761362104701, 44.77093226274691], [-1.044675762705574, 44.77062910129941], [-1.044632290653244, 44.77032142297156], [-1.044631363921848, 44.77001219092451], [-1.044672990736816, 44.76970438323298], [-1.044756769522537, 44.769400964204806], [-1.044881892796138, 44.76910485583494], [-1.045047154968862, 44.76881890966863], [-1.045250963978949, 44.76854587934494], [-1.045491356643152, 44.76828839408457], [-1.04576601757829, 44.76804893337709]]], [[[-1.066081508156087, 44.767160341255035], [-1.066416391438603, 44.76696359110725], [-1.066776730697464, 44.766791170871365], [-1.06715905593317, 44.76664474081341], [-1.067559685530459, 44.766525710923005], [-1.067974761699452, 44.766435227342605], [-1.068400287609371, 44.76637416133641], [-1.068832165857928, 44.766343100905104], [-1.069266237906774, 44.766342345126816], [-1.069698324104171, 44.76637190127892], [-1.070124263910441, 44.76643148476782], [-1.070539955939866, 44.76652052186799], [-1.070941397434392, 44.766638155243555], [-1.071324722789962, 44.76678325219954], [-1.071686240765297, 44.7669544155834], [-1.072022470015529, 44.76714999723236], [-1.072330172609039, 44.7673681138371], [-1.072606385205135, 44.76760666506948], [-1.072848447592508, 44.76786335380008], [-1.073054028313625, 44.76813570821127], [-1.073221147128093, 44.76842110559302], [-1.073348194098282, 44.76871679759309], [-1.073433945112798, 44.769019936678006], [-1.073477573697627, 44.769327603551034], [-1.073478659000306, 44.7696368352628], [-1.073437189869296, 44.76994465374415], [-1.073353564988261, 44.77024809448647], [-1.073228589062918, 44.77054423509357], [-1.07306346509617, 44.77083022342937], [-1.072859782824962, 44.77110330509118], [-1.072619503429352, 44.771360849942795], [-1.072344940660329, 44.7716003774523], [-1.072038738567543, 44.771819580589955], [-1.07170384604104, 44.772016348055686], [-1.071343488411982, 44.772188784621854], [-1.070961136385826, 44.77233522939489], [-1.070560472607379, 44.772454271819676], [-1.070145356180077, 44.77254476527207], [-1.069719785481804, 44.77260583810852], [-1.069287859636041, 44.7726369020658], [-1.068853739010269, 44.772637657930304], [-1.068421605123013, 44.772608098421365], [-1.067995620346643, 44.77254850826158], [-1.067579887795052, 44.7724594614328], [-1.06717841178354, 44.77234181564481], [-1.066795059242634, 44.772196704069565], [-1.066433522458326, 44.77202552442142], [-1.066097283498306, 44.77182992548816], [-1.065789580667332, 44.771611791243345], [-1.065513377315222, 44.77137322269304], [-1.065271333298045, 44.771116517632144], [-1.065065779367378, 44.77084414850589], [-1.064898694734071, 44.770558738589735], [-1.064771688022191, 44.77026303671768], [-1.064685981796028, 44.76995989080254], [-1.064642400808404, 44.76965222040352], [-1.06464136408265, 44.769342988605544], [-1.06468288090352, 44.76903517348102], [-1.064766550754655, 44.768731739409574], [-1.064891567202163, 44.768435608531085], [-1.065056725685897, 44.7681496326077], [-1.065260435142442, 44.76787656556517], [-1.065500733347025, 44.767619036977855], [-1.065775305825837, 44.76737952675264], [-1.066081508156087, 44.767160341255035]]], [[[-1.040903736907282, 44.76421304602781], [-1.041337792868704, 44.76421239962293], [-1.041769848006031, 44.7642420646237], [-1.042195742078563, 44.76430175538847], [-1.042611374140791, 44.764390897158755], [-1.043012742011854, 44.76450863159078], [-1.043395980796349, 44.764653825016474], [-1.043757400086282, 44.76482507935433], [-1.044093519486702, 44.76502074556576], [-1.044401102123409, 44.76523893952704], [-1.044677185810467, 44.76547756016505], [-1.044919111577554, 44.76573430968194], [-1.045124549282427, 44.76600671567457], [-1.045291520061636, 44.7662921549361], [-1.045418415402895, 44.766587878710816], [-1.045504012654849, 44.766891039159056], [-1.045547486824158, 44.76719871677825], [-1.045548418545416, 44.76750794851529], [-1.045506798146209, 44.76781575630063], [-1.045423025767144, 44.76811917572851], [-1.045297907534659, 44.76841528460777], [-1.04513264782247, 44.76870123110784], [-1.04492883767521, 44.768974261228706], [-1.044688439504897, 44.76923174533047], [-1.044413768206857, 44.76947120346622], [-1.044107468876433, 44.76969032927428], [-1.043772491340616, 44.76988701219929], [-1.043412061749731, 44.77005935782782], [-1.043029651502704, 44.77020570614217], [-1.042628943805421, 44.77032464751625], [-1.042213798184601, 44.770415036299205], [-1.041788213299508, 44.77047600185567], [-1.041515864586076, 44.7704955206847], [-1.041257403207974, 44.770680406630795], [-1.040922409810308, 44.770877081010404], [-1.040561965142709, 44.77104941743074], [-1.040179540749356, 44.771195755962786], [-1.039778819972428, 44.77131468707468], [-1.039363662464659, 44.77140506521442], [-1.038938066999844, 44.77146601984913], [-1.038506132940159, 44.77149696385416], [-1.038072020732272, 44.771497599171255], [-1.037639911813613, 44.771467919680894], [-1.037213968315961, 44.77140821126139], [-1.036798292955439, 44.77131904903365], [-1.036396889496241, 44.77120129181896], [-1.036013624169768, 44.77105607386256], [-1.035652188421626, 44.770884793903406], [-1.035316063345956, 44.770689101695396], [-1.035008486150206, 44.770470882110445], [-1.034732418973716, 44.77023223697645], [-1.034490520360576, 44.76997546482586], [-1.034285119661548, 44.7697030387499], [-1.034118194611341, 44.76941758257241], [-1.033991352296783, 44.76912184557275], [-1.033905813698642, 44.76881867600188], [-1.033862401955211, 44.76851099364665], [-1.033861534459823, 44.76820176170689], [-1.033903218867477, 44.767893958256245], [-1.033987053047995, 44.76759054756165], [-1.034112228985134, 44.76729445153772], [-1.034277540583103, 44.767008521610755], [-1.034481395304314, 44.76673551126336], [-1.034721829525484, 44.76647804952383], [-1.034996527463405, 44.766238615655155], [-1.035302843487584, 44.7660195152875], [-1.035637827604463, 44.76582285822318], [-1.035998253867559, 44.765650538127886], [-1.036380651439966, 44.76550421430331], [-1.03678133801022, 44.7653852957161], [-1.037196455240129, 44.76529492743694], [-1.037622005903759, 44.765233979619765], [-1.037894330494569, 44.76521447039349], [-1.038152777812121, 44.765029592640545], [-1.038487746070919, 44.76483292703105], [-1.038848157261195, 44.764660597728025], [-1.039230540691143, 44.764514264121836], [-1.039631214185445, 44.76439533527331], [-1.040046319531785, 44.764304956351964], [-1.040471859618622, 44.7642439976142], [-1.040903736907282, 44.76421304602781]]], [[[-0.983896883139155, 44.77506291863229], [-0.984331023376097, 44.77506249547502], [-0.98476313168265, 44.775092382800324], [-0.985189047306139, 44.77515229282576], [-0.98560466909337, 44.77524164868157], [-0.986005994962108, 44.7753595899626], [-0.98638916042093, 44.77550498100888], [-0.986750475767326, 44.77567642183598], [-0.987086461606546, 44.77587226160944], [-0.987393882349725, 44.776090614534105], [-0.987669777369039, 44.776329378006], [-0.987911489510097, 44.77658625285158], [-0.988116690686955, 44.77685876546063], [-0.988283404313066, 44.777144291599356], [-0.98841002435176, 44.777440081675024], [-0.988495330802211, 44.777743287209255], [-0.988538501471014, 44.77805098826488], [-0.988539119915178, 44.77836022156275], [-0.988497179479043, 44.778668009017906], [-0.988413083385273, 44.77897138642003], [-0.988287640877992, 44.779267431982376], [-0.988122059454191, 44.779553294483776], [-0.987917933257284, 44.779826220732964], [-0.987677227743703, 44.78008358209017], [-0.987402260769491, 44.78032289979041], [-0.987095680278445, 44.78054186882439], [-0.986760438806299, 44.780738380146616], [-0.986399765046272, 44.78091054099632], [-0.98601713274981, 44.78105669313543], [-0.985616227262248, 44.781175428827396], [-0.985200910016038, 44.781265604402414], [-0.984775181324082, 44.781326351278715], [-0.984637771542555, 44.781336126085826], [-0.984545620049092, 44.78140193795738], [-0.984210364539447, 44.78159844162676], [-0.983849677457112, 44.781770594231446], [-0.983467032681886, 44.78191673761278], [-0.983066115679331, 44.78203546411853], [-0.98277875794867, 44.78209784857682], [-0.98306440705296, 44.78230073787112], [-0.983340314156898, 44.78253951262801], [-0.983582033213662, 44.782796397462185], [-0.983787236070576, 44.78306891866717], [-0.983953946124764, 44.783354451926385], [-0.984080557373792, 44.78365024757853], [-0.984165849901311, 44.7839534570915], [-0.984209001647833, 44.78426116048973], [-0.984209596352428, 44.784570394471544], [-0.984167627587907, 44.78487818094532], [-0.984119991489859, 44.78504996082094], [-0.984514068502524, 44.78499373643078], [-0.984703943701075, 44.78485814153042], [-0.985039216919418, 44.78466163614863], [-0.98539991890314, 44.78448947950323], [-0.985782576161, 44.78434332932193], [-0.986183503881628, 44.78422459289924], [-0.986598841405387, 44.784134413551755], [-0.987024589385682, 44.78407365961415], [-0.987456648282529, 44.78404291608223], [-0.987890857818556, 44.78404247898272], [-0.988323037018391, 44.784072352524454], [-0.988749024446851, 44.78413224905769], [-0.98916471825945, 44.78422159184264], [-0.989566115680531, 44.78433952059992], [-0.989949351529787, 44.784484899790286], [-0.990310735426985, 44.78465632954338], [-0.990646787317338, 44.78485215913139], [-0.990954270975978, 44.7850705028573], [-0.991230225169236, 44.785309258205686], [-0.991471992172862, 44.78556612608129], [-0.991677243372528, 44.78583863294099], [-0.991844001699869, 44.78612415460637], [-0.991970660687607, 44.78641994152784], [-0.992055999959663, 44.78672314525739], [-0.992099197006362, 44.78703084587525], [-0.99209983513047, 44.78734008010652], [-0.992057907486577, 44.78764786985729], [-0.99197381717392, 44.787951250895134], [-0.991848373380715, 44.78824730139829], [-0.991728446646912, 44.78845433926223], [-0.991760824566103, 44.78852994909541], [-0.991846165908981, 44.78883315320523], [-0.991889363428381, 44.78914085412679], [-0.991890000422461, 44.789450088582285], [-0.991848070056645, 44.7897578784756], [-0.991763975456331, 44.79006125957296], [-0.991708713639521, 44.79019167319379], [-0.991862910843439, 44.79020232546864], [-0.992288948482418, 44.790262208526904], [-0.992704693237196, 44.79035153822707], [-0.993106141841679, 44.79046945441575], [-0.993489428622788, 44.79061482167469], [-0.993850862709923, 44.790786240248465], [-0.994186963565062, 44.79098205951692], [-0.994494494491866, 44.791200393882406], [-0.994770493801515, 44.79143914091965], [-0.995012303335292, 44.79169600161343], [-0.995217594069283, 44.79196850248981], [-0.995384388554355, 44.79225401942803], [-0.995511079974945, 44.79254980292403], [-0.995596447642537, 44.79285300456279], [-0.995639668773876, 44.79316070444472], [-0.995640326439642, 44.793469939302035], [-0.995598413606077, 44.79377773103477], [-0.995514333229622, 44.7940811153915], [-0.99538889440264, 44.7943771705185], [-0.995223304586295, 44.79466304510256], [-0.99517715859799, 44.794724741817554], [-0.995247795984169, 44.794818500094884], [-0.99541459907738, 44.79510401726451], [-0.99554129707889, 44.795399801012685], [-0.995626669236746, 44.79570300292203], [-0.995669892724385, 44.79601070309028], [-0.995670550589726, 44.79631993824694], [-0.995628635797014, 44.796627730289146], [-0.995544551321491, 44.79693111496248], [-0.995419106294929, 44.79722717041018], [-0.995253508238141, 44.79751304531596], [-0.995049351454315, 44.797785986369064], [-0.9948086016941, 44.798043364787205], [-0.994533577239368, 44.798282701641085], [-0.994226926587275, 44.79850169173698], [-0.993891602949115, 44.79869822582651], [-0.993530835809371, 44.79887041092967], [-0.99314809981884, 44.79901658857479], [-0.992747081321632, 44.7991353507796], [-0.992331642838768, 44.799225553618975], [-0.991934229139649, 44.79928226912318], [-0.991696871961168, 44.7994517604007], [-0.991361533811929, 44.79964828690351], [-0.991000752826885, 44.79982046383164], [-0.990618003790222, 44.79996663279219], [-0.99021697317174, 44.800085385886504], [-0.990006842499417, 44.80013100512702], [-0.990175184483252, 44.80025051493348], [-0.990451209879831, 44.800489273454616], [-0.990693038605302, 44.80074614435591], [-0.99089834145077, 44.80101865406515], [-0.991065140850267, 44.80130417837642], [-0.991191829940693, 44.8015999677147], [-0.991277188055743, 44.80190317360867], [-0.99132039250392, 44.80221087611773], [-0.991321026516334, 44.802520111948745], [-0.991279083286797, 44.80282790299241], [-0.991202425346513, 44.80310438206124], [-0.991248224019657, 44.80309443921376], [-0.991674110565831, 44.80303366703088], [-0.992106312638744, 44.80300290518199], [-0.99254066858261, 44.80300244987018], [-0.99297299601254, 44.80303230547962], [-0.993399132066292, 44.80309218453331], [-0.993814973468508, 44.8031815104597], [-0.9942165160226, 44.80329942314184], [-0.994599893150943, 44.80344478719515], [-0.994961413113042, 44.803616202895135], [-0.995297594543987, 44.80381201964929], [-0.995605199971541, 44.804030351884236], [-0.995881266989415, 44.804269097195146], [-0.996123136786787, 44.80452595658346], [-0.996328479759266, 44.80479845658785], [-0.996495317954472, 44.80508397309593], [-0.996622044135683, 44.80537975660779], [-0.996707437279362, 44.805682958708296], [-0.996750674356618, 44.80599065949339], [-0.996751338284253, 44.80629989568661], [-0.996709421967887, 44.806607689175145], [-0.996625328397182, 44.80691107569062], [-0.996499866791268, 44.80720713335857], [-0.996334244830404, 44.80749301084131], [-0.996130057047801, 44.807765954803294], [-0.995889269492489, 44.80802333643418], [-0.995614200810211, 44.80826267677378], [-0.995545633041296, 44.80831163647998], [-0.995871599135455, 44.80846617717281], [-0.996207812743348, 44.808661991487675], [-0.996515448247074, 44.8088803215544], [-0.996791542950713, 44.80911906498911], [-0.997033437776806, 44.80937592281129], [-0.997238802879891, 44.809648421574686], [-0.997405660094405, 44.809933937178876], [-0.997532402000385, 44.810229720132675], [-0.997617807422764, 44.810532922026326], [-0.997661053214298, 44.81084062295775], [-0.99766172220775, 44.811149859649085], [-0.997619807259828, 44.81145765398275], [-0.9975357113469, 44.811761041682225], [-0.997476202986179, 44.81190146073767], [-0.997632839117196, 44.81191226917812], [-0.998059047457325, 44.811972130506526], [-0.998474961960906, 44.81206143922774], [-0.998876577727574, 44.812179335390425], [-0.999260027474843, 44.81232468376916], [-0.999621618763048, 44.81249608479033], [-0.999957869540535, 44.81269188800281], [-1.000265541667342, 44.81291020796359], [-1.000541672094917, 44.8131489423861], [-1.000783601401803, 44.813405792376656], [-1.000988999410497, 44.81367828456442], [-1.001155887638534, 44.81396379491231], [-1.001282658367249, 44.814259573979776], [-1.001368090143954, 44.814562773394506], [-1.001411359567528, 44.81487047327835], [-1.00141204924306, 44.81517971036352], [-1.00137015182798, 44.81548750652869], [-1.00128607012969, 44.81579089747974], [-1.001160613252745, 44.81608696129944], [-1.00099498883163, 44.81637284659095], [-1.000790791423038, 44.81664579994352], [-1.000549987168504, 44.81690319245641], [-1.000274894874439, 44.81714254506459], [-0.999968163691134, 44.817361552422604], [-0.999632747605339, 44.81755810511585], [-0.999271876991848, 44.8177303099851], [-0.998889027498053, 44.81787650836836], [-0.998487886561337, 44.81799529208358], [-0.998072317882139, 44.81808551699845], [-0.997646324195431, 44.81814631405595], [-0.997214008699841, 44.81817709764924], [-0.996779535516758, 44.81817757126514], [-0.996347089561167, 44.8181477303417], [-0.995920836211695, 44.818087862312126], [-0.995504881169307, 44.81799854383478], [-0.99510323089225, 44.81788063523595], [-0.994719753989224, 44.817735272218926], [-0.994358143943476, 44.81756385491986], [-0.994021883527501, 44.81736803441548], [-0.993774611203359, 44.81719255944069], [-0.993697613047531, 44.81721535598337], [-0.993282042446034, 44.81730556293091], [-0.992856049490056, 44.81736634157869], [-0.992423737371201, 44.81739710649712], [-0.99198927017834, 44.81739756135296], [-0.991556832768746, 44.81736770176497], [-0.991130590438709, 44.81730781534611], [-0.990714648783022, 44.81721847893188], [-0.990313014130944, 44.817100553021284], [-0.989929554940629, 44.81695517348444], [-0.989567964524656, 44.81678374061657], [-0.989231725466389, 44.81658790564433], [-0.98892407607042, 44.8163695548146], [-0.988647979170595, 44.81613079121924], [-0.988406093596243, 44.8158739145315], [-0.988200748571363, 44.81560139884929], [-0.988134003529964, 44.81548716304414], [-0.98774903989121, 44.815487551286616], [-0.987316619430632, 44.81545767518945], [-0.986890396104475, 44.81539777251746], [-0.986474475324435, 44.815308420262625], [-0.986072863218651, 44.815190479076584], [-0.985689428028053, 44.81504508497656], [-0.985327862834003, 44.81487363839804], [-0.984991649976877, 44.81467779069973], [-0.984684027508849, 44.81445942825108], [-0.984407958004364, 44.81422065425583], [-0.984166100028849, 44.81396376848741], [-0.983960782540462, 44.81369124513115], [-0.983793982471199, 44.81340570894757], [-0.983667305702846, 44.81310990998632], [-0.983581971620468, 44.81280669709484], [-0.9835388013914, 44.81249899047687], [-0.983538210081811, 44.8121897535656], [-0.983580202685782, 44.81188196448221], [-0.983661699173479, 44.811588228597536], [-0.983581405404227, 44.811605651696254], [-0.983282618955745, 44.81164825837402], [-0.982997167759918, 44.81185200365487], [-0.98266172521416, 44.81204850467161], [-0.982300837988006, 44.81222065401597], [-0.981917981889062, 44.81236679356071], [-0.981516844418496, 44.812485515690526], [-0.981101289243483, 44.81257567686628], [-0.980675318969, 44.81263640864488], [-0.980243036568188, 44.81266712604822], [-0.979808605843643, 44.81266753320074], [-0.97937621130131, 44.812637626180624], [-0.97895001782449, 44.81257769305778], [-0.978534130537298, 44.81248831111752], [-0.978132555245181, 44.81237034129738], [-0.977749159834385, 44.81222491989038], [-0.977387637003011, 44.812053447595055], [-0.977051468683305, 44.811857576017765], [-0.976743892498368, 44.81163919175791], [-0.976467870576775, 44.81140039822934], [-0.976226061025576, 44.81114349539356], [-0.976020792336475, 44.810870957600244], [-0.975854040971424, 44.810585409748946], [-0.975727412343112, 44.810289602001625], [-0.975642125372967, 44.80998638329029], [-0.975599000774619, 44.80967867387466], [-0.975598453174831, 44.809369437214876], [-0.975640487146802, 44.80906165142961], [-0.975724697193053, 44.808758280615336], [-0.975850271676991, 44.808462246302206], [-0.976016000664318, 44.808176399321916], [-0.976220287597762, 44.807903492357994], [-0.976461164691882, 44.807646153442846], [-0.976736311898921, 44.807406860656435], [-0.977043079262488, 44.807187918270124], [-0.977378512443406, 44.80699143456478], [-0.977739381171673, 44.80681930153663], [-0.978122210350547, 44.80667317668589], [-0.978523313513383, 44.8065544670632], [-0.978938828311431, 44.806464315727055], [-0.979237590498029, 44.806421720823586], [-0.979523027745222, 44.806217985588795], [-0.979858446470095, 44.80602149444803], [-0.980219301377731, 44.80584935340782], [-0.980602117504434, 44.80570322004559], [-0.981003208509214, 44.805584501493904], [-0.981246405871901, 44.80553173005294], [-0.981144418536735, 44.8054593173106], [-0.98086840826671, 44.80522053522778], [-0.980626605188193, 44.80496364251834], [-0.980421337730684, 44.80469111343443], [-0.980254582344423, 44.80440557279173], [-0.98012794448099, 44.80410977068282], [-0.980042643150926, 44.803806555985396], [-0.979999499206323, 44.8034988489206], [-0.979998927460428, 44.803189612925884], [-0.980040932719134, 44.8028818261136], [-0.980115522476067, 44.802613005272924], [-0.980011038808773, 44.802635677271205], [-0.979585142674366, 44.80269640466054], [-0.979152936111911, 44.802727117713154], [-0.978718582193396, 44.802727520595354], [-0.978286264684837, 44.80269760942652], [-0.977860147727407, 44.80263767231646], [-0.977444335708066, 44.80254828658891], [-0.977042833707169, 44.802430313217904], [-0.976659508904938, 44.80228488853066], [-0.976298053319325, 44.80211341325725], [-0.975961948234847, 44.801917539032765], [-0.975654430665547, 44.80169915248211], [-0.975378462175478, 44.80146035704114], [-0.975136700357148, 44.80120345268981], [-0.974931473242641, 44.80093091379238], [-0.974764756893642, 44.800645365259015], [-0.974638156385781, 44.800349557258244], [-0.974552890369865, 44.8000463387245], [-0.974509779357943, 44.79973862991583], [-0.974509237846172, 44.79942939428642], [-0.97455127034937, 44.799121609945125], [-0.974635471384448, 44.79881824097444], [-0.974761029401833, 44.798522208886794], [-0.974926734626023, 44.798236364492425], [-0.975130990728791, 44.79796346044993], [-0.975371830221764, 44.79770612476359], [-0.97564693341942, 44.79746683548234], [-0.975953650789267, 44.79724789684371], [-0.976289028473617, 44.79705141709252], [-0.976649836736903, 44.7968792881869], [-0.977032601064614, 44.796733167587405], [-0.977433635614538, 44.796614462303694], [-0.977718598322574, 44.79655262847408], [-0.977544808933694, 44.79642920452231], [-0.977268858281938, 44.796190414211296], [-0.977027110486607, 44.79593351443934], [-0.976821893444815, 44.79566097952662], [-0.976655183121346, 44.795375434344905], [-0.976528584533914, 44.795079629030525], [-0.97644331631496, 44.79477641249198], [-0.976400198997884, 44.79446870496814], [-0.976399647139699, 44.79415946990085], [-0.976441665354997, 44.793851685393506], [-0.976525848298411, 44.793548315530266], [-0.97665138459471, 44.79325228183214], [-0.97681706467767, 44.79296643512487], [-0.977021292461253, 44.79269352808941], [-0.977262100729864, 44.79243618875882], [-0.977537170098707, 44.79219689521713], [-0.977843851361074, 44.791977951742936], [-0.978179191006979, 44.79178146662761], [-0.978539959667125, 44.791609331880935], [-0.978922683208322, 44.791463205019724], [-0.979323676181054, 44.79134449311393], [-0.979739077297484, 44.79125433924409], [-0.980151137327136, 44.791195572410174], [-0.980343796369629, 44.791058019569164], [-0.98067912179318, 44.79086152695554], [-0.981039876897587, 44.79068938412968], [-0.981422587680157, 44.79054324868617], [-0.9818235688142, 44.79042452777766], [-0.982089049655518, 44.79036690362287], [-0.981895334013006, 44.79022932852333], [-0.98161939531263, 44.78999054954195], [-0.981377654296138, 44.789733659796276], [-0.981172438795494, 44.78946113350994], [-0.981005724760785, 44.78917559547165], [-0.980879117245632, 44.7888797957489], [-0.980793834968624, 44.78857658319646], [-0.980750698598722, 44.788268878014755], [-0.980750122876595, 44.787959643623154], [-0.980792112646811, 44.78765185811853], [-0.980839761115162, 44.78748007951984], [-0.980445013710764, 44.787536383508], [-0.980012924140058, 44.78756709975345], [-0.979578687328703, 44.78756750600172], [-0.979146485914533, 44.787537598339725], [-0.9787204829203, 44.78747766484353], [-0.978304781635092, 44.78738828280207], [-0.97790338607253, 44.787270313153826], [-0.977520162387519, 44.78712489219018], [-0.977158801623998, 44.786953420605364], [-0.976822784153163, 44.7867575499989], [-0.976515346145234, 44.78653916696085], [-0.976239448398056, 44.78630037489325], [-0.975997747822931, 44.78604347374353], [-0.975792571862298, 44.78577093784516], [-0.975625896085424, 44.785485392079394], [-0.975499325177481, 44.78518958658808], [-0.975414077504537, 44.78488637028155], [-0.975370973402342, 44.78457866339633], [-0.975370427300883, 44.78426942936817], [-0.975412443759553, 44.78396164629044], [-0.975496617450151, 44.783658278233496], [-0.97562213708679, 44.78336224670097], [-0.975787793263901, 44.78307640249776], [-0.975991990125862, 44.78280349828068], [-0.976232760755021, 44.78254616205563], [-0.976507786129182, 44.78230687187677], [-0.976814417465398, 44.782087931990304], [-0.977149701734516, 44.78189145065302], [-0.97751041010052, 44.78171931983837], [-0.977893069010807, 44.78157319702528], [-0.978293993638174, 44.781454489244744], [-0.97858135305597, 44.781392116424044], [-0.978295724740774, 44.7811892156433], [-0.978019845680196, 44.78095042844415], [-0.977778159965021, 44.780693531647195], [-0.977572994894661, 44.78042099954393], [-0.977463009790023, 44.780232569915036], [-0.977310462107559, 44.78026568026171], [-0.976884732464346, 44.78032639681822], [-0.976452696344697, 44.780357099113914], [-0.976018515178604, 44.780357491418684], [-0.975586371067829, 44.78032756995376], [-0.975160426483074, 44.78026762292819], [-0.97474478415072, 44.78017822776117], [-0.974343447516453, 44.780060245517646], [-0.9739602821675, 44.77991481261029], [-0.973598978585835, 44.77974332984839], [-0.973263016591837, 44.77954744893908], [-0.972955631821353, 44.77932905657167], [-0.972679784559463, 44.77909025623805], [-0.972438131231238, 44.77883334796526], [-0.972232998824113, 44.77856080615532], [-0.972066362487959, 44.77827525574639], [-0.971939826528195, 44.77797944692508], [-0.971854608974431, 44.7776762286337], [-0.971811529872495, 44.77736852112795], [-0.97181100341177, 44.777059287849454], [-0.97185303396268, 44.77675150688438], [-0.971937216061494, 44.7764481422827], [-0.971996368614742, 44.77630863964886], [-0.971836209322687, 44.776297543842645], [-0.971410299256208, 44.77623758249267], [-0.971029364980326, 44.776155632487125], [-0.970952653059553, 44.776432061859154], [-0.970827124311902, 44.776728087398766], [-0.970661461621526, 44.77701392356511], [-0.970457259914743, 44.77728681742042], [-0.970216485375479, 44.777544140636856], [-0.969941456524841, 44.7777834148167], [-0.969634821902848, 44.77800233536977], [-0.969299534566852, 44.77819879371746], [-0.968938823652059, 44.77837089760921], [-0.968556163267996, 44.77851698935552], [-0.968155239030721, 44.77863566180151], [-0.967739912553432, 44.77872577188658], [-0.967314184238049, 44.778786451659734], [-0.966882154726832, 44.778817116643836], [-0.966447985386131, 44.77881747146819], [-0.966015858203779, 44.778787512715056], [-0.965589935487381, 44.778727528952594], [-0.965174319752613, 44.778638097953916], [-0.964773014188887, 44.77852008112905], [-0.964389884084054, 44.778374615223804], [-0.96402861958051, 44.77820310136523], [-0.963692700122115, 44.778007191560015], [-0.963385360934905, 44.77778877277572], [-0.963109561864794, 44.77754994875866], [-0.962867958872583, 44.777293019763945], [-0.962662878460803, 44.77702046039313], [-0.962496295278458, 44.77673489575349], [-0.962369813118977, 44.776439076168614], [-0.962284649493778, 44.77613585068442], [-0.9622416239293, 44.77582813962581], [-0.962241150099334, 44.77551890646859], [-0.962283231867479, 44.77521112929769], [-0.962367463276824, 44.77490777212648], [-0.96249303248591, 44.77461175635368], [-0.962658729612068, 44.77432593263237], [-0.962862958405634, 44.77405305342202], [-0.963103751641751, 44.7737957464877], [-0.963378790080803, 44.7735564896014], [-0.963685424814293, 44.77333758668872], [-0.964020702780583, 44.77314114565037], [-0.964381395204544, 44.772969058071695], [-0.964764028687237, 44.77282298101533], [-0.96516491864641, 44.77270432107161], [-0.965580204786155, 44.77261422082068], [-0.966005888254697, 44.77255354783561], [-0.966437870133218, 44.77252288633268], [-0.966871990885867, 44.77252253154881], [-0.967304070392018, 44.772552486900175], [-0.96772994817624, 44.77261246394936], [-0.968110853648176, 44.77269442519184], [-0.968187574437604, 44.77241799814374], [-0.968313107458015, 44.772121976034335], [-0.968478767674083, 44.77183614386091], [-0.968682959191581, 44.77156325416439], [-0.968923715144585, 44.77130593481084], [-0.969198716652471, 44.771066663691876], [-0.969505315162315, 44.770847744870174], [-0.969840557961233, 44.77065128639967], [-0.970201216612662, 44.770479180033576], [-0.970583818042793, 44.7703330830154], [-0.970984677977937, 44.77021440212776], [-0.971399936411215, 44.77012428015247], [-0.971825594757575, 44.77006358487175], [-0.972257554340041, 44.7700329007166], [-0.972691655837405, 44.770032523142056], [-0.973123719314418, 44.77006245578373], [-0.973549584449974, 44.77012241042286], [-0.973965150576914, 44.77021180976011], [-0.974366416148823, 44.77032979297163], [-0.974749517254735, 44.77047522399368], [-0.975110764811651, 44.7706467024569], [-0.975446680077436, 44.77084257716437], [-0.975754028142656, 44.77106096198455], [-0.97602984907921, 44.771299754006264], [-0.976271486445986, 44.77155665378104], [-0.976476612877015, 44.77182918745849], [-0.976643252505487, 44.772114730601906], [-0.976769800007315, 44.77241053345477], [-0.97685503608023, 44.77271374741555], [-0.97689813920864, 44.77302145246585], [-0.976898693600083, 44.77333068528799], [-0.976856693215887, 44.77363846780153], [-0.976772541856212, 44.773941835843644], [-0.976713403638403, 44.7740813409116], [-0.976873557581594, 44.77409242966321], [-0.977299457227232, 44.77415236997943], [-0.977715059089416, 44.77424175538319], [-0.978116361277706, 44.774359725184695], [-0.978499499528617, 44.77450514344943], [-0.978860784401534, 44.77467660993084], [-0.979196736795048, 44.774872473547404], [-0.97950412144225, 44.77509084827439], [-0.979779978062802, 44.77532963129781], [-0.98002164987198, 44.775586523255846], [-0.980226809172139, 44.77585905037345], [-0.980336794983625, 44.77604747697633], [-0.980489329443383, 44.77601436251377], [-0.980915022555121, 44.77595363220607], [-0.981052419833339, 44.77594386203102], [-0.98114456647145, 44.77587805318673], [-0.981479798594131, 44.77568155917544], [-0.981840453881529, 44.775509414641846], [-0.98222305929209, 44.775363277197044], [-0.982623930513688, 44.77524455401291], [-0.983039207430692, 44.775154388278544], [-0.98346489128003, 44.77509364819755], [-0.983896883139155, 44.77506291863229]], [[-0.983638038244989, 44.80024167213415], [-0.983923172479608, 44.800038108542644], [-0.984258538954799, 44.7998416045058], [-0.984619340722712, 44.79966944950984], [-0.985002103331285, 44.799523301266554], [-0.985403140954785, 44.79940456705183], [-0.985613272647227, 44.7993589565451], [-0.985444943030736, 44.79923943985049], [-0.985168945031732, 44.799000668971175], [-0.985124119173431, 44.798953046426895], [-0.984756666635328, 44.798927642991806], [-0.984330571355044, 44.79886773081749], [-0.983914776932338, 44.79877836946226], [-0.98351328827809, 44.79866041966535], [-0.983129972444, 44.79851501752696], [-0.983082153238606, 44.79849233466078], [-0.983095085235605, 44.79851447869746], [-0.983221726106902, 44.798810276859186], [-0.983307037001994, 44.79911348859953], [-0.983350195684151, 44.79942119392153], [-0.983350785825276, 44.79973042950496], [-0.983308801041751, 44.80003821724278], [-0.983234229970139, 44.80030703999693], [-0.983338708009728, 44.80028436498009], [-0.983638038244989, 44.80024167213415]], [[-0.986700798619975, 44.80604055793299], [-0.986317996051269, 44.80618671236027], [-0.985916911974908, 44.80630545015483], [-0.985673715649792, 44.80635823185006], [-0.985775710450227, 44.80643064044951], [-0.986051747506677, 44.806669410417456], [-0.986293582715019, 44.80692629144655], [-0.986498886803788, 44.807198809867074], [-0.986665682194897, 44.80748434138923], [-0.986792362063683, 44.80778013636847], [-0.986877705832478, 44.80808334627916], [-0.986920890947778, 44.80839105114201], [-0.986921500826711, 44.80870028764117], [-0.986879528895355, 44.80900807766086], [-0.986798052963765, 44.8093018156553], [-0.986878342445002, 44.809284390241714], [-0.987141725716631, 44.809246821640016], [-0.987175813708563, 44.80921716844538], [-0.987482550286873, 44.80899819705569], [-0.98781795777654, 44.80880168166241], [-0.988178806154809, 44.80862951456694], [-0.988561620520765, 44.80848335359758], [-0.988962714550291, 44.80836460615272], [-0.989135596464254, 44.80832708080058], [-0.989054553028301, 44.808269552909394], [-0.988778495359263, 44.808030790286104], [-0.988536644043533, 44.807773914579585], [-0.988331327975262, 44.807501399878205], [-0.98816452407292, 44.80721587085919], [-0.988037838255371, 44.80692007750321], [-0.987952489995001, 44.806616868603705], [-0.987909300595858, 44.80630916432604], [-0.987908685308897, 44.805999928080865], [-0.987950649359268, 44.805692137983], [-0.988027326821594, 44.80541566092076], [-0.987981525687655, 44.80542560244601], [-0.987682171148069, 44.8054683070894], [-0.987397022982341, 44.805671880717924], [-0.987061632695535, 44.80586839463165], [-0.986700798619975, 44.80604055793299]]], [[[-0.994260438187965, 44.84353835243022], [-0.99459602819069, 44.84334181429831], [-0.994957077660598, 44.843169623186554], [-0.995340109760367, 44.843023437154464], [-0.99574143606936, 44.842904663841836], [-0.99615719209023, 44.84281444692041], [-0.996583374447143, 44.8427536550867], [-0.997015879418115, 44.84272287370139], [-0.997450542431238, 44.84272239915568], [-0.997883178145371, 44.84275223601899], [-0.998309620730313, 44.84281209699475], [-0.998725763959592, 44.84290140568554], [-0.999127600730737, 44.84301930214032], [-0.999511261633414, 44.84316465113087], [-0.999873052194851, 44.84333605307771], [-1.000209488444582, 44.84353185752075], [-1.000517330456607, 44.84375017900519], [-1.000793613546288, 44.843988915229815], [-1.001035676821812, 44.84424576728354], [-1.00124118881519, 44.8445182617757], [-1.001408169945804, 44.84480377464705], [-1.001535011599747, 44.84509955643273], [-1.001620491640645, 44.84540275873425], [-1.00166378620186, 44.84571046164565], [-1.001664477645638, 44.84601970187006], [-1.001622558611609, 44.846327501255836], [-1.001538432114624, 44.846630895477865], [-1.001412907689956, 44.84692696258745], [-1.001247193621973, 44.847212851156044], [-1.001042885330162, 44.84748580774132], [-1.000801950023497, 44.84774320341139], [-1.000526707770184, 44.84798255907083], [-1.000219809164553, 44.84820156934479], [-0.999884209805713, 44.84839812479052], [-0.999523141833621, 44.848570332222344], [-0.999140082796629, 44.84871653295353], [-0.998738722150556, 44.84883531877943], [-0.998322925712303, 44.84892554554739], [-0.997896698410922, 44.848986344182514], [-0.997464145695587, 44.84901712906278], [-0.997029433972995, 44.84901760366263], [-0.996596750456167, 44.848987763410605], [-0.996170262812331, 44.84892789573348], [-0.995754078999549, 44.84883857728618], [-0.995352207679895, 44.848720668394705], [-0.99496851959138, 44.84857530476525], [-0.994606710251515, 44.848403886539806], [-0.994270264352406, 44.848208064804034], [-0.993962422190878, 44.84798972567733], [-0.993686148457311, 44.847750972138876], [-0.993444103683971, 44.84749410376509], [-0.993238618627816, 44.847221594573824], [-0.993071671834283, 44.84693606918922], [-0.992944870597722, 44.846640277557], [-0.992859435501292, 44.84633706845405], [-0.99281618868444, 44.8460293620477], [-0.99281554595013, 44.845720121769155], [-0.992857512786854, 44.8454123257721], [-0.992941684342733, 44.84510893825145], [-0.993067249350902, 44.84481288089835], [-0.993232997967396, 44.84452700476644], [-0.993437333445045, 44.84425406282009], [-0.99367828753014, 44.84399668342863], [-0.993953539432829, 44.8437573450619], [-0.994260438187965, 44.84353835243022]]], [[[-0.989630915002252, 44.88592213862061], [-0.990047364008729, 44.88601148108024], [-0.990449491151806, 44.88612941057725], [-0.990833424225368, 44.88627479156523], [-0.99119546613596, 44.8864462241566], [-0.991532130492762, 44.88664205759624], [-0.991757754235926, 44.88680198470354], [-0.991850470405745, 44.886774569851006], [-0.992266557601221, 44.88668436624124], [-0.992693077240875, 44.88662358849536], [-0.993125922355545, 44.88659282183844], [-0.99356092509864, 44.88659236251984], [-0.993993896858331, 44.88662221496234], [-0.994420668569178, 44.886682091719386], [-0.994837130836037, 44.88677141624163], [-0.9952392734848, 44.886889328425546], [-0.995623224160098, 44.887034692891476], [-0.995985285599043, 44.88720610991094], [-0.996321971222834, 44.887401928878745], [-0.996630038704004, 44.88762026420019], [-0.996906521186466, 44.887859013440824], [-0.997148755857862, 44.88811587756424], [-0.99735440959909, 44.888388383063564], [-0.997521501463756, 44.88867390577349], [-0.997648421770704, 44.888969696134396], [-0.997733947625137, 44.88927290566526], [-0.997777254718173, 44.88958061439046], [-0.997777925290277, 44.88988985895708], [-0.997735952180991, 44.890197661171676], [-0.997651738924873, 44.89050105668184], [-0.997526095891752, 44.89079712352648], [-0.997360232507377, 44.89108301027949], [-0.997155745628509, 44.89135596351607], [-0.996914604183457, 44.89161335433653], [-0.996639130225293, 44.891852703692116], [-0.996331976579641, 44.892071706268666], [-0.995996101301851, 44.89226825269759], [-0.99563473918941, 44.89244044987998], [-0.995251370623881, 44.892586639227794], [-0.994849688042676, 44.89270541264604], [-0.994433560363933, 44.89279562610158], [-0.994006995707677, 44.892856410647745], [-0.993574102773032, 44.89288718079817], [-0.993139051244286, 44.892887640169164], [-0.992706031608072, 44.89285778433601], [-0.992279214769696, 44.89279790087552], [-0.991862711858533, 44.89270856659468], [-0.991460534610624, 44.892590641972], [-0.991076556710964, 44.89244526286519], [-0.99071447646866, 44.892273829565326], [-0.990377781185115, 44.892077993303296], [-0.990152140165851, 44.89191806312965], [-0.990059414670359, 44.89194547660853], [-0.989643284927273, 44.89203567209817], [-0.989216720859708, 44.8920964382354], [-0.988783831161137, 44.892127189711154], [-0.988348785484677, 44.89212763032168], [-0.987915774260583, 44.89209775582289], [-0.987488968313113, 44.89203785397143], [-0.987072478666705, 44.891948501751415], [-0.986670316929592, 44.891830559814146], [-0.986286356637319, 44.8916851641841], [-0.985924295929339, 44.89151371531154], [-0.985587621918847, 44.891317864577275], [-0.985279577099565, 44.89109949838], [-0.985003128113428, 44.89086071995963], [-0.98476093718012, 44.89060382913221], [-0.984555336463646, 44.89033130013184], [-0.984388305622592, 44.890045757773414], [-0.984261452759863, 44.88974995216607], [-0.984175998954822, 44.88944673222126], [-0.984132766526039, 44.88913901821069], [-0.984132171136826, 44.888829773638754], [-0.984174217818636, 44.88852197670041], [-0.984258500949612, 44.888218591599575], [-0.98431808936309, 44.888078256051244], [-0.98416561222974, 44.88806773014783], [-0.98373884092683, 44.888007813962986], [-0.983322387151841, 44.88791844779501], [-0.982920262167421, 44.887800492429555], [-0.982536339155052, 44.88765508402043], [-0.982174315895048, 44.88748362314098], [-0.981837679139858, 44.88728776128765], [-0.981602338300183, 44.88712090595565], [-0.981518835293763, 44.88714558742519], [-0.981102727412637, 44.887235750785706], [-0.980676190577176, 44.88729648403592], [-0.98024333321854, 44.88732720218362], [-0.979808324678307, 44.887327609346], [-0.97937535502897, 44.8872977016012], [-0.978948594694254, 44.88723776702604], [-0.97853215425915, 44.8871483829199], [-0.978130044857776, 44.88703041024118], [-0.977746139521463, 44.886884985310424], [-0.977384135860215, 44.88671350886012], [-0.977047520437649, 44.8865176325367], [-0.976739535183081, 44.88629924298531], [-0.976463146164653, 44.886060443670765], [-0.9762210150244, 44.88580353461031], [-0.976015473350394, 44.88553099021361], [-0.975848500232549, 44.88524543544382], [-0.97572170321784, 44.884949620529596], [-0.9756363028478, 44.884646394471936], [-0.975593120926441, 44.88433867760137], [-0.975592572630749, 44.88402943344975], [-0.975634662538764, 44.883721640207995], [-0.975718984612477, 44.88341826204432], [-0.975844726134691, 44.883122220559706], [-0.976010675560881, 44.882836366654814], [-0.976215234209509, 44.88256345307991], [-0.976456431677328, 44.88230610793098], [-0.976731944830489, 44.88206680934808], [-0.977039120187973, 44.88184786165831], [-0.977374999481394, 44.88165137319359], [-0.977736348144801, 44.88147923599595], [-0.978119686460122, 44.881333107605755], [-0.978521323058484, 44.88121439510768], [-0.978937390455174, 44.88112424158792], [-0.979363882276604, 44.8810635151324], [-0.97979669182148, 44.881032800472326], [-0.980231651585679, 44.881032393356406], [-0.980664573371144, 44.88106229770473], [-0.98109128859353, 44.881122225570984], [-0.98150768840149, 44.88121159991364], [-0.981909763222184, 44.88132956014951], [-0.982293641353196, 44.88147497043617], [-0.982655626230006, 44.88164643060393], [-0.982992232010873, 44.88184228963208], [-0.983227554853019, 44.882009141743254], [-0.983311049468083, 44.88198445902888], [-0.983727114879369, 44.88189428754405], [-0.984153607368912, 44.881833542680994], [-0.984586420228967, 44.88180280934806], [-0.985021385923487, 44.881802383473826], [-0.985454316197322, 44.88183226915899], [-0.985881042384415, 44.881892178636924], [-0.986297455527871, 44.88198153504319], [-0.986699545926488, 44.88209947796726], [-0.987083441727898, 44.88224487173349], [-0.987445446197488, 44.8824163163312], [-0.987782073304914, 44.882612160889664], [-0.988090081286085, 44.88283051956772], [-0.988366503857776, 44.883069289706], [-0.988608678784477, 44.88332617206682], [-0.988814273522365, 44.88359869296762], [-0.98898130769322, 44.88388422809475], [-0.989108172171487, 44.88418002776901], [-0.989193644600046, 44.884483243419574], [-0.989236901184581, 44.884790955011866], [-0.989237524652075, 44.885100199165294], [-0.98919550829583, 44.88540799769034], [-0.989111256067045, 44.885711386270096], [-0.989051682148817, 44.88585172428566], [-0.98920415417884, 44.88586224347457], [-0.989630915002252, 44.88592213862061]]], [[[-1.015706244358775, 44.905738882468896], [-1.016042131217749, 44.905542275631745], [-1.016403515065725, 44.905370011371545], [-1.016786915845375, 44.90522374845226], [-1.017188641586017, 44.90510489525399], [-1.017604823944383, 44.90501459621776], [-1.018031455439856, 44.90495372083075], [-1.018464428026287, 44.9049228552581], [-1.018899572629827, 44.90492229670175], [-1.019332699272907, 44.90495205053996], [-1.019759637399015, 44.90501183027565], [-1.020176276010931, 44.905101060293696], [-1.020578603236882, 44.90521888140056], [-1.020962744944559, 44.9053641590936], [-1.021325002031962, 44.90553549447991], [-1.021661886036679, 44.90573123774045], [-1.021970152721262, 44.90594950400953], [-1.022246833311635, 44.90618819151777], [-1.02248926308791, 44.90644500182331], [-1.022695107052259, 44.90671746193762], [-1.022862382426461, 44.90700294813258], [-1.022989477762056, 44.90729871120038], [-1.0230751684785, 44.907601902922956], [-1.023118628678947, 44.90790960349632], [-1.023119439128996, 44.90821884964626], [-1.023077591320629, 44.90852666316424], [-1.022993487581152, 44.90883007958916], [-1.022943531374106, 44.90894789638151], [-1.02295318814991, 44.90893758469855], [-1.023228633724174, 44.90869816883778], [-1.023535773387568, 44.908479090778656], [-1.02387164921463, 44.90828246010861], [-1.024233026672108, 44.90811017023912], [-1.024616425764115, 44.90796388018071], [-1.025018154536143, 44.90784499857487], [-1.025434344615682, 44.90775467013616], [-1.025860988447732, 44.90769376463484], [-1.026293977867349, 44.90766286852609], [-1.026729143638606, 44.90766227930582], [-1.02716229558015, 44.90769200264758], [-1.027589262891922, 44.907751752347934], [-1.028005934295747, 44.90784095308095], [-1.028408297604179, 44.90795874593511], [-1.028792478337565, 44.908103996679806], [-1.029154777018218, 44.90827530668163], [-1.029491704783316, 44.90847102636598], [-1.029800016974126, 44.90868927109426], [-1.03007674437846, 44.90892793930448], [-1.03031922182571, 44.909184732740705], [-1.030525113859054, 44.90945717857681], [-1.030692437237419, 44.90974265322225], [-1.030819580050087, 44.910038407580494], [-1.03090531725931, 44.91034159351737], [-1.030948822520475, 44.91064929128468], [-1.030949676165186, 44.91095853763527], [-1.030907869269367, 44.911266354358716], [-1.030823803766224, 44.911569776963105], [-1.030698288601924, 44.91186588322658], [-1.030532531970008, 44.91215182134361], [-1.030328129698362, 44.91242483739487], [-1.030087049899693, 44.91268230187585], [-1.029811614032642, 44.91292173502846], [-1.029504474555305, 44.91314083073158], [-1.029168589385996, 44.913337478719704], [-1.028807193416981, 44.913509784915874], [-1.028423767355537, 44.91365608968207], [-1.028022004192592, 44.91377498381164], [-1.02760577362228, 44.91386532210875], [-1.027179084755639, 44.91392623442427], [-1.026746047488266, 44.91395713404112], [-1.02631083289485, 44.913957723328636], [-1.025877633032954, 44.91392799661065], [-1.025450620544187, 44.91386824022035], [-1.025033908442856, 44.913779029740766], [-1.024631510480382, 44.91366122445795], [-1.024247302468156, 44.91351595908017], [-1.023884984932178, 44.91334463280315], [-1.023548047459867, 44.91314889582695], [-1.023239735083002, 44.912930633454664], [-1.022963017020916, 44.912691947926355], [-1.022720558085203, 44.91243513816349], [-1.022514693021294, 44.912162677619584], [-1.022347404033848, 44.9118771904504], [-1.022220301711951, 44.91158142623377], [-1.022134609537321, 44.911278233482705], [-1.022091152123912, 44.91097053220727], [-1.022090347301358, 44.91066128578945], [-1.022132202117528, 44.910353472442225], [-1.022216312797665, 44.91005005652777], [-1.022266271512896, 44.90993224002265], [-1.022256614439676, 44.90994255164903], [-1.021981158609468, 44.91018196519144], [-1.021674003555225, 44.9104010390675], [-1.021338107345413, 44.910597663222], [-1.020976704978751, 44.910769943807445], [-1.020593277224228, 44.91091622143254], [-1.020191517089156, 44.91103508715203], [-1.019775294238562, 44.91112539604368], [-1.019348617709158, 44.91118627824166], [-1.018915597277718, 44.911217147318965], [-1.018480403856753, 44.91121770593905], [-1.018047229299853, 44.91118794872121], [-1.017620246004836, 44.91112816229235], [-1.017203566704735, 44.91103892252488], [-1.016801204834947, 44.91092108898693], [-1.016417035859125, 44.9107757966589], [-1.016054759927169, 44.91060444499612], [-1.015717866225677, 44.91040868444313], [-1.015409599364736, 44.91019040053008], [-1.015132928125202, 44.90995169570452], [-1.014890516867615, 44.90969486907372], [-1.014684699878138, 44.909422394253596], [-1.014517458898366, 44.90913689553743], [-1.014390404054998, 44.90884112261416], [-1.014304758372485, 44.90853792408066], [-1.014261346017046, 44.90823022000262], [-1.014260584384423, 44.90792097378895], [-1.014302480106609, 44.9076131636506], [-1.014386629014995, 44.90730975391884], [-1.014512220059243, 44.90701366649884], [-1.014678043143135, 44.90672775273388], [-1.01488250080097, 44.90645476595085], [-1.015123623601192, 44.90619733495094], [-1.015399089128176, 44.90595793870103], [-1.015706244358775, 44.905738882468896]]], [[[-1.003189348770239, 44.90936757489343], [-1.003496570326805, 44.909148552187446], [-1.003832520372167, 44.9089519820568], [-1.004193963658662, 44.90877975732993], [-1.00457741955677, 44.90863353639015], [-1.004979195565217, 44.90851472721329], [-1.005395422856843, 44.908424473816474], [-1.005822093518489, 44.908363645247405], [-1.006255099126982, 44.90833282722046], [-1.006690270290574, 44.90833231647972], [-1.007123416775998, 44.90836211794306], [-1.00755036783569, 44.908421944654805], [-1.007967012347869, 44.9085112205475], [-1.00836933838389, 44.908629085985886], [-1.008753471822814, 44.908774406040415], [-1.009115713642138, 44.908945781410296], [-1.009452575526322, 44.909141561891424], [-1.009760813450757, 44.909359862259706], [-1.010037458918125, 44.90959858041736], [-1.010279847546561, 44.90985541762732], [-1.010485644734282, 44.910127900641925], [-1.010652868153321, 44.91041340551249], [-1.01077990685536, 44.91070918285131], [-1.010782838102275, 44.91071956196532], [-1.011033444537827, 44.91081435770735], [-1.011395706490203, 44.91098572575135], [-1.011732588576506, 44.91118149944249], [-1.012040846577617, 44.91139979362213], [-1.012143168610508, 44.91148807955931], [-1.012416928594799, 44.91138366824533], [-1.01281870769384, 44.9112648306229], [-1.013234942773754, 44.91117454778473], [-1.013661625846359, 44.91111368906202], [-1.014094648368965, 44.91108284045955], [-1.014529840786971, 44.911082299015725], [-1.014963012662489, 44.9111120699441], [-1.015389993003527, 44.911171866583025], [-1.015806670406426, 44.911261113154595], [-1.016209032625921, 44.91137895030591], [-1.016593205192752, 44.911524243379816], [-1.016955488707748, 44.91169559333531], [-1.017292394453972, 44.91189135021299], [-1.017600677984551, 44.91210962901614], [-1.017877370363092, 44.91234832785462], [-1.018119806756078, 44.91260514817744], [-1.018325652101826, 44.9128776168996], [-1.01849292360866, 44.91316311021007], [-1.018620009865203, 44.9134588788325], [-1.018705686378177, 44.91376207449528], [-1.018749127387347, 44.914069777356524], [-1.018749913842971, 44.91437902411988], [-1.018708037467952, 44.914686836570915], [-1.018623900864578, 44.914990250258754], [-1.018587480768789, 44.91507611704731], [-1.018838437609431, 44.914858034836925], [-1.019145628134802, 44.91463896850105], [-1.019481556221958, 44.914442350731626], [-1.019842986834461, 44.91427007481586], [-1.020226439464642, 44.914123799629955], [-1.020628221642543, 44.91400493367215], [-1.021044464481488, 44.91391462150631], [-1.021471159918547, 44.91385373274605], [-1.021904199291965, 44.91382285368531], [-1.022339412884902, 44.91382228165586], [-1.022772610055606, 44.913852022165734], [-1.023199619568577, 44.91391178884614], [-1.023616329739328, 44.91400100620769], [-1.024018728007156, 44.91411881517874], [-1.024402939555784, 44.914264081373474], [-1.024765264610778, 44.91443540600972], [-1.025102214055302, 44.91463113937196], [-1.025410543021794, 44.914849396689874], [-1.025687282136431, 44.91508807628023], [-1.025929766115721, 44.91534487977746], [-1.026135659439804, 44.915617334258584], [-1.026302978855026, 44.91590281604979], [-1.026430112488673, 44.91619857598567], [-1.026459417276861, 44.916302223287495], [-1.026622917560148, 44.91636403424234], [-1.026985262955408, 44.91653535174984], [-1.027322232756339, 44.916731078505784], [-1.027630581899384, 44.91694932980347], [-1.027709639822936, 44.9170175088681], [-1.028085947429634, 44.91687393189693], [-1.028487732648417, 44.916755037424025], [-1.02890398323675, 44.91666469574401], [-1.029330691057052, 44.916603776754705], [-1.02976374732832, 44.91657286704112], [-1.030198982171018, 44.91657226423018], [-1.030632204738815, 44.9166019741263], [-1.031059243551717, 44.91666171065552], [-1.031475986643181, 44.916750898618695], [-1.031878421135595, 44.91686867922732], [-1.032262671863964, 44.91701391836867], [-1.032625038676688, 44.91718521752109], [-1.032962032054938, 44.91738092721446], [-1.033270406708196, 44.9175991629064], [-1.033547192822791, 44.917837823121936], [-1.033789724662718, 44.91809460968213], [-1.0339956662473, 44.91836704982711], [-1.034163033858183, 44.91865252002117], [-1.034290215158555, 44.918948271210624], [-1.034375984739857, 44.919251455291835], [-1.034419515945536, 44.91955915253457], [-1.03442038885713, 44.91986839969666], [-1.034378594364785, 44.920176218559945], [-1.034294534282027, 44.92047964461189], [-1.034169017502591, 44.92077575559748], [-1.034003252235353, 44.921061699665735], [-1.033798834391159, 44.92133472283999], [-1.033557732232513, 44.92159219554717], [-1.033282267433248, 44.92183163794997], [-1.032975092729994, 44.922050743838184], [-1.032639166380243, 44.922247402848214], [-1.032277723672834, 44.92241972079696], [-1.031894245765187, 44.92256603793317], [-1.031492426147609, 44.92268494493108], [-1.03107613505804, 44.922775296470896], [-1.030649382190497, 44.92283622227592], [-1.030216278057128, 44.92286713549918], [-1.02978099437678, 44.92286773837892], [-1.029347723872587, 44.92283802510806], [-1.028920639866713, 44.922778281890245], [-1.028503856062442, 44.92268908418164], [-1.028101386901955, 44.92257129114531], [-1.027717108882521, 44.922426037371515], [-1.027354723204524, 44.92225472194428], [-1.027017720111771, 44.92205899495912], [-1.026709345268104, 44.92184074162298], [-1.026630281763172, 44.921772561747076], [-1.026253937571906, 44.9219161340023], [-1.025852110655431, 44.92203502058503], [-1.025435815305772, 44.92212535098099], [-1.025009061258024, 44.922186255117126], [-1.024575959035715, 44.922217146355194], [-1.024140680339298, 44.92221772714514], [-1.023707417843891, 44.92218799189272], [-1.023280344794493, 44.92212822701331], [-1.022863574788819, 44.92203900817169], [-1.022461122136093, 44.921921194734466], [-1.022076863174523, 44.92177592148847], [-1.021714498920861, 44.92160458770518], [-1.021377519412489, 44.92140884365697], [-1.021069170086018, 44.92119057471506], [-1.020792420516589, 44.92095188318277], [-1.020549935819151, 44.92069506803938], [-1.020344050987121, 44.92042260279025], [-1.020176748415387, 44.9201371116364], [-1.020049638823688, 44.91984134419408], [-1.02002034402889, 44.919737695091044], [-1.019856841188653, 44.9196758743592], [-1.019494497279202, 44.91950453344684], [-1.019157538130655, 44.9193087827922], [-1.018849208983495, 44.91909050783011], [-1.018572479218488, 44.91885181092187], [-1.018330013759824, 44.918594991098594], [-1.018124147415626, 44.9183225219106], [-1.017956862402727, 44.918037027596924], [-1.017829769271778, 44.91774125780418], [-1.017744091415809, 44.91743806109908], [-1.017700653310703, 44.91713035752971], [-1.01769987259998, 44.916821110500116], [-1.017741756099144, 44.91651329822917], [-1.017825899757068, 44.91620988506864], [-1.017862321754387, 44.91612401850006], [-1.017611355456898, 44.91634209859009], [-1.017304149615823, 44.91656116079824], [-1.01696820121179, 44.91675777211223], [-1.01660674574628, 44.91693003880828], [-1.016223264499787, 44.91707630162883], [-1.015821450994928, 44.917195151771224], [-1.015405175410875, 44.9172854444633], [-1.014978447292364, 44.91734630999519], [-1.014545376913172, 44.917377162100486], [-1.014110135667, 44.91737770360608], [-1.013676915868176, 44.91734792929611], [-1.013249890350361, 44.91728812596216], [-1.012833172253329, 44.917198869639435], [-1.012430775386198, 44.917081020055534], [-1.012046575549717, 44.91693571234541], [-1.011684273191015, 44.91676434611255], [-1.011347357751183, 44.916568571941816], [-1.011039074049613, 44.91635027549457], [-1.010936744886691, 44.91626198840994], [-1.010662958344579, 44.91636639623249], [-1.010261138146338, 44.91648522624506], [-1.009844858882251, 44.91657549808998], [-1.009418130132539, 44.9166363422582], [-1.008985062177078, 44.916667172689046], [-1.008549826386228, 44.916667692418244], [-1.008116615021766, 44.91663789643964], [-1.007689600836082, 44.916578071753534], [-1.007272896859768, 44.91648879460082], [-1.00687051676588, 44.9163709249097], [-1.006486336193549, 44.91622559800884], [-1.006124055404287, 44.91605421368654], [-1.005787163631362, 44.91585842270188], [-1.00547890546614, 44.915640110878144], [-1.005202249605555, 44.91540138093162], [-1.004959860261841, 44.915144532211514], [-1.004754071509902, 44.9148720385465], [-1.004586864819168, 44.914586524411256], [-1.004459849985895, 44.914290739643214], [-1.004456919722088, 44.91428036035113], [-1.004206308917683, 44.91418554967734], [-1.003844048265446, 44.914014158028806], [-1.003507176698106, 44.91381836025404], [-1.003198938612392, 44.9136000422417], [-1.002922302511818, 44.913361306767676], [-1.00267993241829, 44.913104453234425], [-1.002474162221305, 44.91283195551696], [-1.00230697321159, 44.91254643812893], [-1.002179975015131, 44.91225065093916], [-1.002094390110647, 44.911947442681765], [-1.002051042078866, 44.91163973351603], [-1.002050347695933, 44.911330486899786], [-1.002092312946104, 44.911022681047825], [-1.002176532991134, 44.91071928024999], [-1.002302196095603, 44.91042320632538], [-1.002468091469367, 44.91013731048726], [-1.002672620950621, 44.90986434588975], [-1.002913814416247, 44.90960694112041], [-1.003189348770239, 44.90936757489343]]], [[[-0.994398957130515, 44.92168730668778], [-0.99470628047074, 44.921468307466036], [-0.99504233508974, 44.92127176317597], [-0.995403884732965, 44.92109956639718], [-0.995787447746883, 44.92095337524378], [-0.996189330598937, 44.92083459740483], [-0.996605663433336, 44.92074437659565], [-0.997032437320827, 44.920683581550186], [-0.997465542844461, 44.92065279765997], [-0.997900809650589, 44.920652321340434], [-0.99833404658516, 44.920682157177964], [-0.99876108202981, 44.92074201788592], [-0.99917780405031, 44.920831327069514], [-0.999580199971741, 44.92094922477291], [-0.999964395000234, 44.92109457575589], [-1.000326689520189, 44.92126598041983], [-1.000663594708507, 44.92146178827852], [-1.000971866123441, 44.92168011384425], [-1.001248534944987, 44.921918854776536], [-1.001490936566155, 44.92217571211902], [-1.001696736259771, 44.92244821243011], [-1.001863951673433, 44.92273373159454], [-1.001985274780745, 44.92301625335287], [-1.002324364297053, 44.92314452578901], [-1.002686679266501, 44.92331592286608], [-1.003023605003247, 44.92351172369206], [-1.003331896867706, 44.92373004284697], [-1.003410174855094, 44.923797583619894], [-1.003656955135539, 44.92370350760996], [-1.004058841024945, 44.923584701216754], [-1.004475181610783, 44.923494450853696], [-1.004901967889133, 44.92343362553923], [-1.005335090323722, 44.92340281095647], [-1.005770378398079, 44.92340230381627], [-1.0062036407534, 44.923432109001865], [-1.006630705526597, 44.92349193952172], [-1.00704746050111, 44.92358121927171], [-1.007449892684786, 44.92369908857946], [-1.007834126934683, 44.92384441247818], [-1.00819646325763, 44.92401579163004], [-1.008533412428098, 44.9242115757945], [-1.00884172958092, 44.92442987971204], [-1.009118445455751, 44.92466860125067], [-1.009360894992576, 44.92492544164081], [-1.009566743002872, 44.92519792760413], [-1.009734006668999, 44.925483435163585], [-1.009861074654761, 44.92577921490554], [-1.009875866082035, 44.92583157846482], [-1.010174099204982, 44.92594436289221], [-1.010536456240754, 44.92611573452413], [-1.010873426191818, 44.92631151171851], [-1.01118176399293, 44.92652980928297], [-1.011458500184932, 44.92676852514668], [-1.011700969512173, 44.92702536059468], [-1.011906836595559, 44.927297842396314], [-1.01207411843377, 44.9275833466146], [-1.012201203515595, 44.927879123868074], [-1.012286867358706, 44.92818232580199], [-1.012330284324509, 44.928490032513984], [-1.012331035594438, 44.92879928067067], [-1.012289113229888, 44.92910709204407], [-1.012204920275718, 44.92941050219371], [-1.012079266905232, 44.92970658901754], [-1.011913362642784, 44.929992500897164], [-1.011708804737935, 44.93026548416584], [-1.011467562802252, 44.930522909634654], [-1.011191959855975, 44.930762297921234], [-1.010884649966504, 44.9309813433365], [-1.010548592693642, 44.93117793609922], [-1.01018702458752, 44.93135018266429], [-1.009803428013665, 44.93149642396807], [-1.009401497605656, 44.931615251415074], [-1.008985104668839, 44.93170552045181], [-1.008558259878487, 44.93176636159617], [-1.008125074632368, 44.9317971888167], [-1.007689721430792, 44.93179770517997], [-1.007256393666643, 44.9317679057123], [-1.006829265213673, 44.931708077447574], [-1.006412450203275, 44.93161879666117], [-1.006009963378133, 44.93150092331631], [-1.005625681405518, 44.93135559277682], [-1.005263305523679, 44.93118420486605], [-1.004926325881808, 44.93098841037767], [-1.004876215044309, 44.93095293013871], [-1.005001438692163, 44.9310855877242], [-1.005207288131315, 44.931358082265284], [-1.005374547976776, 44.93164359691305], [-1.005501606928979, 44.9319393821856], [-1.005587240757085, 44.932242589650905], [-1.005630624111425, 44.9325502993533], [-1.005631338497001, 44.93285954793051], [-1.005589376330328, 44.933167357150545], [-1.005505141039501, 44.93347076259358], [-1.0053794432055, 44.93376684220284], [-1.005213492780868, 44.934052744429394], [-1.005008887459747, 44.934325715699394], [-1.004767597310388, 44.934583126939536], [-1.00449194581743, 44.93482249890441], [-1.004184587515896, 44.9350415260621], [-1.003848482431946, 44.93523809880722], [-1.003486867576294, 44.93541032378745], [-1.003103225764837, 44.935556542147026], [-1.002701252066976, 44.93567534551149], [-1.002284818205117, 44.93576558955924], [-1.001857935248815, 44.935826405048935], [-1.001424714963538, 44.93585720619618], [-1.000989330187164, 44.935857696318706], [-1.000555974616763, 44.935827870695576], [-1.000128822393954, 44.935768016612634], [-0.999711987879093, 44.9356787105939], [-0.999309486002725, 44.93556081284567], [-0.998925193577055, 44.93541545896681], [-0.998562811940965, 44.935244049005455], [-0.99822583129899, 44.93504823396767], [-0.997917497098318, 44.93482989990838], [-0.997867887570334, 44.93478709744135], [-0.997632925072768, 44.93487663521374], [-0.997230944661635, 44.93499541877385], [-0.996814507047425, 44.93508564231162], [-0.99638762333587, 44.935146436783214], [-0.995954405299732, 44.9351772166067], [-0.995519025755234, 44.93517768530519], [-0.995085678349039, 44.93514783836413], [-0.994658537144109, 44.9350879632747], [-0.994241716394639, 44.93499863676322], [-0.993839230898533, 44.93488071923341], [-0.993454957310171, 44.93473534647467], [-0.993092596786925, 44.93456391871694], [-0.992755639329908, 44.934368087137734], [-0.992447330162925, 44.934149737951266], [-0.992170638473857, 44.933910974233626], [-0.991928228819665, 44.93365409565931], [-0.991722435470466, 44.93338157634443], [-0.991555239939512, 44.933096041010636], [-0.991432729582851, 44.93281066987193], [-0.991074926073906, 44.932675296097436], [-0.990712586133756, 44.93250386068744], [-0.990375649362241, 44.9323080220149], [-0.990067360783905, 44.93208966636238], [-0.98998886676328, 44.932021925707346], [-0.989792432859925, 44.93209676704043], [-0.989390455769331, 44.93221552215023], [-0.988974026184737, 44.93230571624196], [-0.988547155134564, 44.93236648055548], [-0.988113954269629, 44.93239722979931], [-0.987678596240744, 44.9323976677911], [-0.987245274487299, 44.9323677903121], [-0.986818162825107, 44.932307885147594], [-0.986401375223736, 44.93221852931365], [-0.985998926161717, 44.93210058349635], [-0.985614691942403, 44.93195518375757], [-0.985252373343868, 44.93178373058716], [-0.984915459963308, 44.93158787540734], [-0.984607196599901, 44.931369504659635], [-0.984330552000268, 44.93113072162778], [-0.984088190267756, 44.93087382617228], [-0.983882445210863, 44.93060129257179], [-0.983715297877684, 44.9303157456855], [-0.983616593826063, 44.93008573526155], [-0.98359887229754, 44.930080540937375], [-0.983214658137206, 44.92993513299089], [-0.982852359923088, 44.92976367210177], [-0.982515467056012, 44.92956780976659], [-0.982207224137547, 44.92934943249579], [-0.98210597507543, 44.92926203218133], [-0.98196194118457, 44.92931689866124], [-0.981559967439333, 44.92943562535549], [-0.981143545903758, 44.92952579003762], [-0.980716687528768, 44.92958652423077], [-0.980283503843098, 44.929617242933574], [-0.979848167332078, 44.92961765025791], [-0.979414871227797, 44.92958774228035], [-0.978987789098958, 44.92952780707998], [-0.978571034630587, 44.929438421962175], [-0.978168621981995, 44.92932044789508], [-0.977784427105702, 44.92917502121266], [-0.977422150400734, 44.92900354266427], [-0.977085281060675, 44.928807663916565], [-0.976777063460416, 44.928589271638025], [-0.976500465905716, 44.928350469319795], [-0.976258152046728, 44.92809355700803], [-0.976052455230801, 44.92782100914375], [-0.975885356041365, 44.92753545072348], [-0.975758463238788, 44.92723963201106], [-0.97567299828621, 44.9269364020441], [-0.975629783608634, 44.92662868119074], [-0.975629234697466, 44.92631943302125], [-0.975671356135614, 44.9260116357652], [-0.97575574158038, 44.92570825362947], [-0.975881577703284, 44.92541220825327], [-0.976047652047864, 44.9251263505748], [-0.976252364728801, 44.92485343338057], [-0.976493743858838, 44.92459608480146], [-0.976769464554214, 44.92435678301051], [-0.977076871334952, 44.924137832365744], [-0.977413003703932, 44.923941341227476], [-0.97777462465815, 44.923769201663525], [-0.978158251857628, 44.923623071236975], [-0.978560191151963, 44.92350435705213], [-0.978976572142065, 44.9234142022114], [-0.979403385435146, 44.92335347481343], [-0.979836521234943, 44.92332275959849], [-0.980271808896358, 44.92332235232064], [-0.98070505706456, 44.9233522569015], [-0.981132094013006, 44.923412185392564], [-0.981548807792925, 44.92350156074625], [-0.981951185808641, 44.923619522369684], [-0.982335353438555, 44.92376493440706], [-0.982697611330706, 44.92393639667185], [-0.983034471014475, 44.92413225812318], [-0.983342688486058, 44.92435063275721], [-0.983443930610488, 44.92443803181602], [-0.983587950525047, 44.924383163496366], [-0.983989883774045, 44.924264429648986], [-0.984406261678582, 44.924174254446676], [-0.984833074875552, 44.924113506184156], [-0.985266213569597, 44.92408276980256], [-0.985701507087743, 44.92408234125982], [-0.986134764018778, 44.92411222468228], [-0.986561812551801, 44.92417213232513], [-0.986978540626534, 44.92426148734164], [-0.987380935509701, 44.924379429334635], [-0.987765122417343, 44.92452482263742], [-0.988127401811933, 44.92469626724386], [-0.988464285015871, 44.92489211228311], [-0.988772527798938, 44.92511047190941], [-0.989049161616653, 44.925349243454264], [-0.989291522198897, 44.925606127666455], [-0.989497275213495, 44.925878650845625], [-0.989664438757361, 44.9261641886562], [-0.989763160706636, 44.9263941934382], [-0.989780881641323, 44.92639938677385], [-0.990165088603517, 44.92654477186949], [-0.990527388378431, 44.926716208757576], [-0.990864292092246, 44.92691204664163], [-0.991172555317275, 44.9271303997448], [-0.991251043922552, 44.927198139464565], [-0.991447458725682, 44.927123295664025], [-0.99184939497037, 44.92700453329743], [-0.992265780577271, 44.926914328577816], [-0.992692606109078, 44.92685355008415], [-0.99312576165165, 44.92682278304867], [-0.993561076369796, 44.92682232372443], [-0.993994358648202, 44.92685217653422], [-0.994421436431954, 44.92691205402799], [-0.994838197379187, 44.92700137964925], [-0.995240628440183, 44.92711929328395], [-0.995624854482716, 44.927264659538444], [-0.995987175592526, 44.92743607866704], [-0.996324102690425, 44.927631900044275], [-0.996614748716668, 44.927837743302334], [-0.996491175476382, 44.92773110907424], [-0.996248772743121, 44.92747424039759], [-0.996042981076057, 44.92720172958643], [-0.995875781972395, 44.92691620128053], [-0.995754481200915, 44.926633672521874], [-0.995415385617639, 44.926505379907255], [-0.995053072266531, 44.926333958962815], [-0.994716157401463, 44.926138133809374], [-0.994407885836053, 44.92591979059923], [-0.994131226396088, 44.925681032351], [-0.993888843328031, 44.925424158686404], [-0.993683070646069, 44.92515164367434], [-0.99351588966456, 44.924866111995], [-0.993388909931844, 44.92457031365475], [-0.99330335374848, 44.92426709749511], [-0.993260044418253, 44.923959383751395], [-0.993259398344256, 44.92365013592546], [-0.993301421045192, 44.9233423322437], [-0.993385707129264, 44.923038936975004], [-0.993511444224834, 44.92274287188517], [-0.993677420829007, 44.9224569881023], [-0.993882037997583, 44.92218403866441], [-0.994123324762921, 44.921926652013006], [-0.994398957130515, 44.92168730668778]], [[-1.002199738925887, 44.92860248307141], [-1.001952934648626, 44.92869655598457], [-1.00155100767447, 44.92881535494587], [-1.001134622890591, 44.92890559449969], [-1.000707790893762, 44.92896640544796], [-1.000274622958535, 44.92899720205004], [-0.999839291418462, 44.92899768766745], [-0.999405989457745, 44.92896785762264], [-0.998978890701541, 44.92890799924404], [-0.998562108995129, 44.92881868909706], [-0.99815965876032, 44.928700787427736], [-0.997775416311851, 44.928555429872695], [-0.99741308250718, 44.928384016515515], [-0.997076147090113, 44.92818819839493], [-0.99678549755486, 44.92798235632164], [-0.996909071908143, 44.92808899023059], [-0.997151480321678, 44.92834585751471], [-0.997357281571511, 44.92861836636726], [-0.997524493290101, 44.92890389259065], [-0.997647026105481, 44.92918925668087], [-0.998004823237454, 44.9293246091598], [-0.998367164926259, 44.92949602063648], [-0.998704112706063, 44.92969183492054], [-0.99901242172495, 44.92991016646239], [-0.999062027812985, 44.9299529683562], [-0.999296967404679, 44.929863427695246], [-0.999698906662528, 44.929744636846955], [-1.000115299984488, 44.92965440264855], [-1.000542137858931, 44.929593593962835], [-1.000975310252861, 44.929562796312744], [-1.001410646168833, 44.92956230624614], [-1.001843953787462, 44.929592128481815], [-1.002271060809881, 44.92965197586412], [-1.002687854612764, 44.92974127212653], [-1.003090321830105, 44.929859157437654], [-1.003474586981622, 44.930004496676624], [-1.003836949776568, 44.93017589035785], [-1.00417392073446, 44.93037168810095], [-1.00422403060846, 44.930407168650326], [-1.004098810313754, 44.93027451021607], [-1.003892970236167, 44.93000201371082], [-1.003725722827102, 44.929716496974336], [-1.003598678274677, 44.929420709869106], [-1.003583891760902, 44.929368345418126], [-1.003285653685236, 44.929255543192426], [-1.002923298520304, 44.92908414776138], [-1.002586339662594, 44.92888834630279], [-1.002278022349544, 44.92867002474078], [-1.002199738925887, 44.92860248307141]]], [[[-0.996551455962106, 44.93845178612324], [-0.996913111724718, 44.93827958354743], [-0.997296788300509, 44.938133386431616], [-0.997698791063476, 44.93801460252227], [-0.998115249003302, 44.93792437559318], [-0.998542151986246, 44.93786357443716], [-0.998975389352484, 44.93783278450467], [-0.999410789479069, 44.93783230226922], [-0.999844159928433, 44.93786213237424], [-1.000271327796818, 44.93792198758827], [-1.000688179875092, 44.93801129156939], [-1.001090702236181, 44.93812918441189], [-1.001475018868857, 44.938274530922364], [-1.001837428986672, 44.93844593154525], [-1.002174442653443, 44.938641735833244], [-1.002482814382831, 44.93886005833307], [-1.002759574388776, 44.93909879673377], [-1.003002057186075, 44.93935565210333], [-1.003207927265647, 44.93962815101922], [-1.003375201597018, 44.9399136693796], [-1.003502268740947, 44.94020945766679], [-1.00358790438751, 44.940512667419725], [-1.003631283169319, 44.94082037866071], [-1.003631986635204, 44.941129628012675], [-1.003590007306633, 44.94143743723607], [-1.003505748776782, 44.94174084191108], [-1.003380021850259, 44.942036919988325], [-1.00321403675963, 44.94232281993356], [-1.003009391532765, 44.94259578819498], [-1.002768056622149, 44.94285319572817], [-1.002492355943442, 44.94309256332344], [-1.002184944505351, 44.943311585490946], [-1.001848782845803, 44.943508152673374], [-1.001487108520441, 44.94368037157196], [-1.001103404918002, 44.943826583389516], [-1.000701367703109, 44.943945379814565], [-1.000284869210045, 44.94403561659239], [-0.999857921130992, 44.94409642455165], [-0.999424635858788, 44.944127217980444], [-0.998989186857384, 44.94412770027093], [-0.998555768442577, 44.94409786677754], [-0.998128555361411, 44.94403800486197], [-0.997711662560521, 44.943948691123644], [-0.997309105531927, 44.94383078584327], [-0.996924761619107, 44.94368542469219], [-0.996562332656876, 44.94351400778866], [-0.996225309305593, 44.94331818620556], [-0.995916937423768, 44.94309984606086], [-0.995640186803319, 44.94286109034363], [-0.995397722568769, 44.94260421865127], [-0.995191879515846, 44.94233170503365], [-0.995024639636401, 44.94204617415755], [-0.99489761304571, 44.94175037602164], [-0.994812022495256, 44.941447159465476], [-0.994768691619411, 44.94113944472815], [-0.994768037028346, 44.940830195321176], [-0.99481006432236, 44.94052238948614], [-0.994894368064991, 44.94021899151269], [-0.994948633997642, 44.94009124504041], [-0.994681899120012, 44.94032279285588], [-0.994374472362883, 44.940541793247405], [-0.994038299931707, 44.94073833665281], [-0.993676619485987, 44.94091053000237], [-0.993292914473506, 44.94105671474489], [-0.992890880572542, 44.941175482829784], [-0.992474390085516, 44.94126569027521], [-0.992047454627522, 44.941326468192386], [-0.991614186469847, 44.94135723115881], [-0.991178758911575, 44.94135768286001], [-0.990745366061924, 44.94132781894509], [-0.99031818242164, 44.94126792706875], [-0.989901322653705, 44.94117858411905], [-0.989498801931881, 44.94106065065796], [-0.989114497249846, 44.94091526262837], [-0.988752110064443, 44.94074382040732], [-0.988415130633543, 44.9405479753116], [-0.988106804392531, 44.940329613685606], [-0.987830100693638, 44.940090838725254], [-0.987587684209383, 44.93983395021329], [-0.98738188927553, 44.93956142236152], [-0.98721469742044, 44.939275879973835], [-0.987087718296839, 44.93898007315966], [-0.987002174199057, 44.93867685084209], [-0.986958888314109, 44.938369133315746], [-0.986958276818922, 44.93805988411885], [-0.987000344898826, 44.93775208149095], [-0.987084686724665, 44.93744868969075], [-0.987194757192844, 44.93718965418165], [-0.987097179478545, 44.93729369549389], [-0.986821439251882, 44.93753302383032], [-0.986513997094641, 44.93775200230365], [-0.986177813840869, 44.93794852177732], [-0.985816127254422, 44.93812068941209], [-0.985432420842322, 44.93826684690448], [-0.985030390296408, 44.93838558646625], [-0.984613907886836, 44.938475764390404], [-0.984186985150934, 44.93853651207244], [-0.983753734237452, 44.93856724438112], [-0.983318328279367, 44.93856766529724], [-0.982884961177804, 44.93853777076646], [-0.982457807185444, 44.93847784873837], [-0.982040980679628, 44.93838847639144], [-0.981638496513649, 44.938270514570824], [-0.981254231328979, 44.93812509949253], [-0.980891886201931, 44.93795363179415], [-0.980554950985174, 44.93775776303784], [-0.980246670688131, 44.93753937979585], [-0.97997001422043, 44.937300585472286], [-0.979727645799605, 44.93704368003637], [-0.979521899298437, 44.93677113786287], [-0.979354755778779, 44.93648558389354], [-0.979227824427809, 44.93618976834937], [-0.979142327079758, 44.93588654023746], [-0.979099086471431, 44.935578819908145], [-0.979098518343752, 44.93526957092663], [-0.979140627464471, 44.934961771530354], [-0.979225007609283, 44.93465838594683], [-0.979350845500517, 44.93436233584848], [-0.979516928664461, 44.93407647221899], [-0.979721657130655, 44.93380354790223], [-0.979963058859649, 44.93354619109766], [-0.980238808749894, 44.93330688005754], [-0.980546251040148, 44.933087919228974], [-0.980882424891251, 44.93289141707033], [-0.981244092900688, 44.932719265755566], [-0.981627772275341, 44.9325731229609], [-0.982029768362406, 44.93245439590981], [-0.982446210215958, 44.9323642278285], [-0.982873087857216, 44.932303486943155], [-0.983306290870391, 44.932272758123915], [-0.98374164796329, 44.93227233725582], [-0.984174967112648, 44.932302228391386], [-0.98460207590856, 44.9323621437115], [-0.985018861710561, 44.932451506295486], [-0.985421311229582, 44.932569455673345], [-0.985805549155611, 44.93271485610725], [-0.986167875459875, 44.93288630752241], [-0.986504801013051, 44.933082158982415], [-0.986813081177081, 44.933300524579685], [-0.98708974704745, 44.93353930158817], [-0.987332134045285, 44.933796190704115], [-0.9875379075839, 44.93406871817986], [-0.987705085562408, 44.93435425963852], [-0.987832057469399, 44.93465006533986], [-0.987917599912094, 44.93495328665506], [-0.987960888420727, 44.93526100349495], [-0.987961505413591, 44.93557025242844], [-0.987919444245077, 44.935878055219916], [-0.987835109296712, 44.936181447511416], [-0.9877250437647, 44.936440483576696], [-0.987822618829866, 44.93633644173983], [-0.988098348901433, 44.936097111005544], [-0.988405775801317, 44.93587812825883], [-0.988741938838438, 44.93568160216923], [-0.989103600714298, 44.935509425141056], [-0.989487278694748, 44.93536325509828], [-0.989889278140331, 44.935244499526604], [-0.99030572807273, 44.93515430192696], [-0.990732618435341, 44.935093530809766], [-0.99116583868987, 44.93506277133622], [-0.991601217378122, 44.93506231968658], [-0.992034562268924, 44.9350921802097], [-0.992461700704566, 44.935152065381295], [-0.992878519759254, 44.93524139857094], [-0.993281005823811, 44.935359319591704], [-0.993665283236422, 44.93550469297882], [-0.994027651588189, 44.93567611891793], [-0.994364621345008, 44.935871946717945], [-0.994672947443266, 44.93609029069915], [-0.994949660536216, 44.936329048343694], [-0.995192095590329, 44.936585920534256], [-0.995397917556215, 44.936858433686275], [-0.995565143866684, 44.93714396356077], [-0.995692163544912, 44.93743976052916], [-0.995777752738076, 44.93774297604673], [-0.99582108652617, 44.9380506900802], [-0.995821746891379, 44.93835993922554], [-0.995779726770322, 44.93866774524525], [-0.995695430149125, 44.93897114375018], [-0.995641167001349, 44.939098890544436], [-0.995907892097526, 44.93886734051175], [-0.996215303688054, 44.938648335989114], [-0.996551455962106, 44.93845178612324]]], [[[-0.999327240142461, 44.94777743620857], [-0.999634687224929, 44.94755842165349], [-0.999970880926632, 44.94736186093015], [-1.000332583653618, 44.94718964677642], [-1.000716312278244, 44.94704343747372], [-1.001118371673321, 44.94692464088587], [-1.001534890283245, 44.94683440090872], [-1.001961857390143, 44.94677358646077], [-1.002395161716826, 44.94674278312042], [-1.002830630995686, 44.946742287490316], [-1.003264072123405, 44.94677210434284], [-1.003691311515785, 44.94683194657415], [-1.004108235275109, 44.94692123796734], [-1.004510828784195, 44.94703911873791], [-1.004895215346826, 44.9471844538087], [-1.00525769350326, 44.94735584373431], [-1.00559477266221, 44.947551638170474], [-1.005903206706717, 44.94776995175876], [-1.006180025250651, 44.94800868227401], [-1.006422562245076, 44.94826553086024], [-1.006628481658934, 44.94853802416021], [-1.006795799986561, 44.948823538126156], [-1.006922905364894, 44.9491193232828], [-1.00700857311564, 44.94942253119918], [-1.007051977562046, 44.949730241915375], [-1.00705270000557, 44.950039492059304], [-1.007010732784695, 44.950347303383914], [-1.00692647937576, 44.95065071144911], [-1.006800750533824, 44.9509467941729], [-1.006634756509681, 44.951232699976316], [-1.006430095417036, 44.95150567525112], [-1.006188737860992, 44.951763090885386], [-1.005913007975153, 44.9520024675914], [-1.005605561049408, 44.95222149979158], [-1.005269357963382, 44.95241807783201], [-1.004907636671662, 44.952590308309325], [-1.004523881015327, 44.95273653231482], [-1.00412178716038, 44.95285534141964], [-1.003705227986692, 44.95294559124691], [-1.003278215770985, 44.95300641249962], [-1.00284486352395, 44.95303721933783], [-1.002409345354751, 44.95303771502448], [-1.001975856245531, 44.95300789478506], [-1.001548571624391, 44.9529480458535], [-1.001131607127166, 44.95285874470426], [-1.000728978936571, 44.95274085149671], [-1.000344565081613, 44.95259550178598], [-0.999982068070866, 44.95242409558007], [-0.999644979220174, 44.95222828384889], [-0.999336545018947, 44.952009952615526], [-0.999059735859335, 44.95177120478316], [-0.998817217429641, 44.95151433987333], [-0.998611325047494, 44.951241831870576], [-0.998444041179738, 44.95095630538766], [-0.998316976365169, 44.950660510380914], [-0.998231353723232, 44.950357295659764], [-0.998187997197178, 44.950049581445725], [-0.998187323643992, 44.949740331245216], [-0.998229338846369, 44.94943252330753], [-0.998313637484062, 44.949129121942555], [-0.998439407063899, 44.948833048974834], [-0.99860543576955, 44.948547155608395], [-0.998810124154522, 44.94827419497353], [-0.999051500564882, 44.94801679561956], [-0.999327240142461, 44.94777743620857]]], [[[-0.980941285905442, 44.83797799912887], [-0.981276889283468, 44.83778150162819], [-0.981637943836907, 44.837609354158495], [-0.982020972679647, 44.83746321435908], [-0.982422287422539, 44.8373444894245], [-0.982838023679692, 44.837254322560696], [-0.983264178265625, 44.83719358198213], [-0.983696647725767, 44.837162852555956], [-0.98413126783011, 44.83716243017309], [-0.984563853650609, 44.83719231890064], [-0.984990239837384, 44.837252230942674], [-0.985406320706893, 44.83734158941005], [-0.985808089756971, 44.837459533872426], [-0.986191678229216, 44.83760492863926], [-0.986553392348123, 44.83777637369031], [-0.98688974887914, 44.83797221815041], [-0.98719750866374, 44.838190576179336], [-0.987473707808946, 44.83842934512397], [-0.987715686231166, 44.8386862257581], [-0.987921113279434, 44.838958744415784], [-0.988088010191077, 44.83924427680494], [-0.988214769163192, 44.83954007327273], [-0.988300168855661, 44.839843285279194], [-0.98834338617568, 44.840150992824846], [-0.988344004229462, 44.84046023256805], [-0.988302016363559, 44.840768026361744], [-0.988217826255891, 44.84107140993459], [-0.988092244054558, 44.84136746144035], [-0.987926478600593, 44.841653329600675], [-0.987722125808626, 44.841926261169775], [-0.987481153316462, 44.84218362745657], [-0.987205881550699, 44.84242294964861], [-0.986898961390144, 44.84264192269333], [-0.986563348641732, 44.84283843750656], [-0.986202275574573, 44.843010601293905], [-0.985819219786255, 44.843156755788996], [-0.985417870701428, 44.84327549323253], [-0.985002094025723, 44.84336566993786], [-0.984575894497886, 44.8434264173123], [-0.984143377299578, 44.843457150227565], [-0.98370870849536, 44.843457572658615], [-0.983276074884785, 44.84342768053653], [-0.982849643654279, 44.84336776178767], [-0.982433522218389, 44.84327839355892], [-0.982031718638222, 44.843160436655765], [-0.981648102999156, 44.84301502724679], [-0.981286370120698, 44.84284356591498], [-0.980950003958318, 44.842647704161145], [-0.980642244040675, 44.84242932849008], [-0.980366054265857, 44.8421905422329], [-0.980124094357354, 44.84193364528112], [-0.979918694254666, 44.84166111192778], [-0.97975183168496, 44.84137556702966], [-0.979625113131395, 44.84107976072034], [-0.97953975838083, 44.840776541917975], [-0.979496588798975, 44.84046883088327], [-0.979496019445069, 44.84015959109186], [-0.979538055101047, 44.83985180069272], [-0.979622290252446, 44.8395484238267], [-0.97974791302016, 44.839252382082286], [-0.979913713004213, 44.83896652636276], [-0.980118092963003, 44.83869360943581], [-0.980359084214719, 44.838436259429756], [-0.980634365611843, 44.838196954531455], [-0.980941285905442, 44.83797799912887]]], [[[-0.951811836880032, 44.85039720803955], [-0.952147616339599, 44.850200797846625], [-0.952508839971878, 44.85002874446137], [-0.952892029263029, 44.84988270461709], [-0.953293494279301, 44.84976408454578], [-0.953709369188174, 44.84967402644366], [-0.954135649469422, 44.84961339747787], [-0.954568230458443, 44.84958278144086], [-0.955002946851551, 44.84958247313175], [-0.955435612793699, 44.849612475519216], [-0.955862062163597, 44.84967249971291], [-0.956278188669303, 44.84976196774378], [-0.956679985369128, 44.84988001812649], [-0.957063583238234, 44.85002551415058], [-0.95742528841037, 44.850197054820725], [-0.957761617736785, 44.85039298834099], [-0.957996549350478, 44.85055976124663], [-0.958083220842627, 44.85053414838757], [-0.958499093772685, 44.85044407231821], [-0.958925374727089, 44.85038342494345], [-0.959357959034742, 44.85035279023301], [-0.959792681359998, 44.85035246316578], [-0.960225355790701, 44.850382446891075], [-0.960651816123847, 44.850442452698246], [-0.961067955961961, 44.85053190279531], [-0.961469768235017, 44.85064993586958], [-0.961853383768275, 44.85079541537725], [-0.962215108525446, 44.850966940482074], [-0.962551459169256, 44.85116285953801], [-0.962859196597513, 44.85138128598646], [-0.963135357132112, 44.85162011651539], [-0.963377281060816, 44.851877051305465], [-0.963582638256935, 44.85214961616914], [-0.963749450629968, 44.85243518636927], [-0.963876111190629, 44.85273101188878], [-0.963961399546037, 44.85303424390777], [-0.964004493675159, 44.8533419622339], [-0.964004977870192, 44.85365120342155], [-0.963962846766491, 44.85395898930959], [-0.963878505421195, 44.85426235570268], [-0.963752765438764, 44.85455838091988], [-0.963586837179714, 44.85484421393587], [-0.963382318126649, 44.85511710184319], [-0.963141177518736, 44.8553744163712], [-0.962865737401889, 44.85561367920582], [-0.962558650276589, 44.8558325858661], [-0.962222873558162, 44.85602902790717], [-0.961861641095331, 44.856201113235514], [-0.961478432021271, 44.8563471843404], [-0.961076937237404, 44.85646583426572], [-0.96066102385306, 44.856555920167786], [-0.96023469792408, 44.85661657432851], [-0.959802065849907, 44.85664721251746], [-0.959367294801826, 44.856647539622], [-0.958934572564387, 44.85661755249142], [-0.958508067177781, 44.856557539967234], [-0.958091886770858, 44.85646808009955], [-0.957690039972683, 44.85635003457654], [-0.957306397284776, 44.85620454042037], [-0.956944653786963, 44.856032999030255], [-0.956608293536714, 44.85583706267808], [-0.956373343970903, 44.85567028655033], [-0.956286663773125, 44.85569589811675], [-0.955870748407782, 44.85578596604978], [-0.955444423150917, 44.85584660179956], [-0.95501179439552, 44.85587722131296], [-0.954577029280913, 44.85587752965725], [-0.954144315534482, 44.8558475238624], [-0.953717821114607, 44.85578749294973], [-0.953301654044478, 44.85569801514644], [-0.952899822824652, 44.85557995231347], [-0.952516197806549, 44.85543444163973], [-0.952154473899744, 44.855262884683505], [-0.951818134972947, 44.855066933866595], [-0.951510420292077, 44.85484847655158], [-0.95123429331905, 44.85460961685586], [-0.950992413171974, 44.854352655378165], [-0.950787109021602, 44.85408006703288], [-0.95062035767043, 44.85379447720631], [-0.950493764529935, 44.853498636464586], [-0.950408548178631, 44.8531953940573], [-0.950365528648885, 44.852887670472306], [-0.950365119554444, 44.852578429305964], [-0.950407324133548, 44.852270648720236], [-0.950491735244704, 44.85196729276135], [-0.950617539314129, 44.85167128281621], [-0.950783524195843, 44.851385469481755], [-0.950988090867721, 44.85111260511728], [-0.95122926885006, 44.85085531734486], [-0.951504735197384, 44.850616083751866], [-0.951811836880032, 44.85039720803955]]], [[[-0.911412963411141, 44.86080611665848], [-0.911748946350291, 44.860609828037916], [-0.912110360653209, 44.860437905563394], [-0.912493725970559, 44.860292004707546], [-0.912895350674101, 44.86017353036397], [-0.913311367394132, 44.86008362332565], [-0.913737770245321, 44.86002314930512], [-0.914170453383169, 44.859992690602844], [-0.914605250520635, 44.859992540502994], [-0.915037975025322, 44.860022700450834], [-0.915464460212067, 44.860082880038895], [-0.915880599443959, 44.86017249980187], [-0.916282385656565, 44.86029069679332], [-0.916665949925726, 44.86043633289107], [-0.91702759870832, 44.860608005750954], [-0.917363849398101, 44.860804062304105], [-0.917671463854749, 44.86102261466782], [-0.917947479583641, 44.861261558317395], [-0.918189238266263, 44.86151859234407], [-0.918394411366501, 44.861791241604465], [-0.918561022565997, 44.86207688054853], [-0.918687466812134, 44.86237275849691], [-0.918772525794617, 44.86267602612455], [-0.918815379700861, 44.862983762895894], [-0.91881561513615, 44.86329300518744], [-0.91877322913129, 44.863600774827134], [-0.918688629198176, 44.8639041077758], [-0.918562629431693, 44.864200082674344], [-0.918396442694464, 44.86448584898178], [-0.918191668958776, 44.864758654432876], [-0.917950279917058, 44.865015871550945], [-0.917674600008433, 44.865255022959886], [-0.917420285213296, 44.865436073200634], [-0.917574705605171, 44.865641269516146], [-0.917741324058137, 44.8659269100416], [-0.917867772654464, 44.86622278928733], [-0.917952833041873, 44.86652605791574], [-0.917995685394157, 44.86683379538166], [-0.917995916331469, 44.86714303805487], [-0.917953522927833, 44.86745080775963], [-0.917868912766308, 44.867754140456185], [-0.917742900040202, 44.8680501147878], [-0.917576697736874, 44.868335880218964], [-0.917371905978461, 44.86860868449289], [-0.917130496630923, 44.868865900144215], [-0.916854794328913, 44.86910504981096], [-0.916611943647928, 44.86927792339585], [-0.916764998929967, 44.869481297077535], [-0.916931624658554, 44.869766939167235], [-0.917058077635811, 44.87006281969663], [-0.91714313946718, 44.87036608931585], [-0.917185990312454, 44.87067382747011], [-0.917186216806199, 44.870983070522605], [-0.917143816065141, 44.87129084029393], [-0.91705919574291, 44.87159417274362], [-0.916933170130584, 44.871890146517394], [-0.916766952339547, 44.87217591108507], [-0.916562142641041, 44.872448714198185], [-0.916320713073752, 44.87270592840254], [-0.916044988467038, 44.8729450763501], [-0.915797289904379, 44.87312138543023], [-0.915955293007482, 44.87333132464075], [-0.916121926042337, 44.87361696829429], [-0.916248383423626, 44.873912850107004], [-0.916333446714291, 44.874216120716625], [-0.916376296059976, 44.87452385955885], [-0.916376518109591, 44.874833102990216], [-0.916334110022567, 44.875140872827686], [-0.916249479523186, 44.87544420503015], [-0.916123441000454, 44.8757401782457], [-0.915957207690021, 44.87602594194951], [-0.915752380012527, 44.87629874390146], [-0.915510930179765, 44.87655595665851], [-0.915486945650933, 44.87657675775503], [-0.915589539864282, 44.87652796319819], [-0.915973006006011, 44.876382049581665], [-0.916374738465795, 44.876263562045125], [-0.916790868836423, 44.8761736415085], [-0.917217390138345, 44.87611315381436], [-0.917650195386665, 44.876082681394834], [-0.918085117118733, 44.876082517666106], [-0.918517967502638, 44.87611266420476], [-0.918944578641343, 44.8761728307324], [-0.919360842685342, 44.87626243790945], [-0.919762751368562, 44.876380622910716], [-0.920146434587716, 44.87652624772948], [-0.920508197654404, 44.87669791013016], [-0.920844556861971, 44.876893957144645], [-0.921152273025152, 44.877112500982065], [-0.921428382669896, 44.877351437199856], [-0.921670226573214, 44.87760846496086], [-0.92187547537817, 44.87788110918202], [-0.922042152037156, 44.87816674436183], [-0.922168650866908, 44.878462619857224], [-0.922253753031156, 44.87876588636679], [-0.92229663830111, 44.87907362336579], [-0.922296892979617, 44.87938286722852], [-0.92225451391176, 44.879690639767816], [-0.922169908542218, 44.879993976916595], [-0.922043891017838, 44.88028995727536], [-0.921877674371892, 44.880575730250506], [-0.921672858864374, 44.88084854351267], [-0.921431416589727, 44.881105769509865], [-0.92115567249952, 44.88134493078055], [-0.920848282022263, 44.88156372382181], [-0.920512205495468, 44.88176004128298], [-0.920150679656026, 44.88193199227035], [-0.919767186463424, 44.882077920567085], [-0.919365419556273, 44.8821964205925], [-0.918949248665578, 44.882286350946714], [-0.918522682328055, 44.88234684540989], [-0.918089829259291, 44.88237732128979], [-0.917654858759648, 44.88237748503718], [-0.917221960535145, 44.88234733507483], [-0.916795304321314, 44.882287161812684], [-0.916378999699868, 44.8821975448491], [-0.915977056496247, 44.882079347385385], [-0.91559334614034, 44.88193370790719], [-0.915231564363397, 44.88176202921339], [-0.914895195591098, 44.88156596489832], [-0.914587479376275, 44.88134740341765], [-0.914471886728624, 44.88124736299114], [-0.914512528742191, 44.881317026187226], [-0.91463899498599, 44.881612910551205], [-0.914724061249819, 44.88191618312991], [-0.914766907650502, 44.88222392334005], [-0.914767120865116, 44.88253316752499], [-0.914724698137985, 44.882840937494436], [-0.914640047334201, 44.883144269205985], [-0.914513983038143, 44.88344024131243], [-0.914347718733529, 44.883726003299664], [-0.914142855139373, 44.883998802944035], [-0.913901364813285, 44.884256012824736], [-0.913625573169688, 44.884495155635385], [-0.913382932057078, 44.88466781941497], [-0.913536174523617, 44.88487140701057], [-0.913702829504292, 44.88515705533212], [-0.913829300131336, 44.88545294097452], [-0.913914367839859, 44.88575621453861], [-0.913957212732678, 44.88606395543162], [-0.913957421501298, 44.886373199990324], [-0.913914991432759, 44.88668097002081], [-0.913830330462766, 44.88698430148009], [-0.913704253273522, 44.88728027302341], [-0.913537973472841, 44.88756603414204], [-0.913333091928912, 44.8878388326207], [-0.913091581372171, 44.88809604104984], [-0.912815767411852, 44.888335182137006], [-0.912508306149461, 44.88855395257366], [-0.912172158604359, 44.888750245226845], [-0.911810562197563, 44.88892216944177], [-0.911426999568365, 44.889068069259444], [-0.911025165024308, 44.88918653937351], [-0.910608928948009, 44.88927643867214], [-0.91018230050418, 44.88933690123466], [-0.909749389006748, 44.88936734467606], [-0.909314364318974, 44.88936747575961], [-0.908881416668917, 44.88933729322267], [-0.908454716268241, 44.88927708778894], [-0.908038373124309, 44.889187439366694], [-0.90763639743362, 44.88906921146021], [-0.907252660938949, 44.888923542848374], [-0.906890859623249, 44.888751836610716], [-0.9065544781003, 44.888555746606784], [-0.906246756045618, 44.88833716153967], [-0.90597065699133, 44.88809818675714], [-0.905728839785721, 44.887841123966226], [-0.905523632992319, 44.8875684490569], [-0.905357012474882, 44.88728278824896], [-0.90523058238373, 44.88698689279196], [-0.905145559725978, 44.88668361246221], [-0.905102762667532, 44.88637586811246], [-0.905102602678644, 44.886066623538795], [-0.905145080597692, 44.8857588569357], [-0.905229786650104, 44.88545553221445], [-0.905355904421186, 44.88515957046087], [-0.905522218743586, 44.88487382180746], [-0.905727127422465, 44.88460103799047], [-0.905968656684604, 44.884343845856044], [-0.906244480201933, 44.8841047220704], [-0.906487140835784, 44.88393207391651], [-0.906333926498024, 44.88372847665619], [-0.906167313254658, 44.88344281740723], [-0.906040887540647, 44.883146923228395], [-0.905955866321043, 44.88284364388371], [-0.905913067747994, 44.882535900216496], [-0.905912903306437, 44.882226656016236], [-0.905955373877727, 44.88191888947382], [-0.906040069758145, 44.881615564499924], [-0.906166174631045, 44.881319602182856], [-0.90633247345336, 44.88103385266052], [-0.906537364179585, 44.88076106767755], [-0.906778873209438, 44.880503874091296], [-0.907054674409718, 44.880264748582], [-0.907302288855092, 44.880088560420624], [-0.907144220677849, 44.879878504245184], [-0.906977614737262, 44.879592846557316], [-0.906851193422334, 44.879296953658915], [-0.906766173655836, 44.87899367530165], [-0.90672337357602, 44.878685932319286], [-0.906723204682428, 44.878376688494775], [-0.906765667899389, 44.878068922015366], [-0.906850353594103, 44.877765596791164], [-0.906976445548096, 44.877469633912845], [-0.907142728842796, 44.87718388352375], [-0.907347601582291, 44.87691109737687], [-0.907589090339564, 44.876653902340756], [-0.907864869176675, 44.87641477510963], [-0.90810602315486, 44.876243168784626], [-0.90794451457791, 44.876028531467384], [-0.907777915990014, 44.87574287532693], [-0.907651499126291, 44.87544698369887], [-0.907566480866733, 44.87514370632271], [-0.907523679335176, 44.87483596402276], [-0.907523506045239, 44.874526720575346], [-0.907565961963686, 44.874218954164164], [-0.907650637528097, 44.87391562869861], [-0.907776716617645, 44.873619665271725], [-0.907942984437718, 44.87333391403215], [-0.908147839241492, 44.873061126741014], [-0.908389307774724, 44.87280393027795], [-0.908665064294266, 44.87256480135089], [-0.908912782796115, 44.87238850821147], [-0.908754808678575, 44.872178559044166], [-0.908588217391514, 44.871892904467366], [-0.90846180492571, 44.871597014122386], [-0.90837678811889, 44.87129373773634], [-0.908333985080991, 44.870985996123984], [-0.908333807340237, 44.87067675305511], [-0.908376255906352, 44.87036898670967], [-0.908460921287817, 44.87006566099654], [-0.908586987461952, 44.86976969701107], [-0.9087532397586, 44.86948394490729], [-0.9089580765805, 44.8692111564547], [-0.909199524846617, 44.86895395854411], [-0.909475259009015, 44.86871482789736], [-0.909718129225123, 44.86854196995246], [-0.909565102026451, 44.868338586619124], [-0.909398518009594, 44.86805293360636], [-0.909272109918623, 44.86775704454484], [-0.909187094549222, 44.867453769149286], [-0.909144289997579, 44.86714602822495], [-0.909144107806591, 44.866836785534986], [-0.909186549028936, 44.86652901925572], [-0.909271204243914, 44.86622569329537], [-0.909397257526836, 44.865929728751695], [-0.909563494331766, 44.8656439757841], [-0.909768313210691, 44.86537118617041], [-0.910009741255425, 44.8651139868126], [-0.910285453112793, 44.86487485444649], [-0.910539788368409, 44.86469382058091], [-0.910385396288222, 44.86448861454437], [-0.910218819519398, 44.864202963112845], [-0.910092415772501, 44.86390707534841], [-0.910007401801465, 44.86360380095333], [-0.909964595689109, 44.86329606072322], [-0.909964408993458, 44.862986818414555], [-0.910006842810669, 44.86267905220001], [-0.910091487791445, 44.862375725987135], [-0.910217528109743, 44.86207976087616], [-0.910383749344559, 44.86179400703197], [-0.910588550197884, 44.86152121624082], [-0.910829957935169, 44.86126401541604], [-0.911105647398833, 44.86102488130758], [-0.911412963411141, 44.86080611665848]]], [[[-0.947723884667341, 44.86758596037067], [-0.948031093894825, 44.86736709392662], [-0.948366988052461, 44.86717069410057], [-0.948728332431584, 44.86699865208092], [-0.949111647355723, 44.86685262449156], [-0.9495132416815, 44.86673401744645], [-0.949929248331422, 44.86664397301636], [-0.950355661516915, 44.86658335823683], [-0.950788375293852, 44.86655275676365], [-0.951223223080157, 44.86655246325575], [-0.951656017755817, 44.86658248053924], [-0.952082591960174, 44.86664251958038], [-0.952498838199428, 44.86673200226714], [-0.952900748379102, 44.86685006697307], [-0.953284452381744, 44.866995576849774], [-0.953646255319154, 44.86716713076853], [-0.953982673101154, 44.86736307680586], [-0.954290465978906, 44.86758152814336], [-0.954566669740144, 44.867820381229244], [-0.954808624256109, 44.868077336026985], [-0.955013999105241, 44.86834991815633], [-0.955180816026682, 44.86863550271385], [-0.955307467986948, 44.86893133954411], [-0.955392734675565, 44.86923457971831], [-0.955435794279728, 44.869542302965435], [-0.955436231423702, 44.86985154579251], [-0.955394041195566, 44.870159330022524], [-0.955309629221491, 44.870462691476014], [-0.955183807785814, 44.870758708519624], [-0.955017788033238, 44.871044530206646], [-0.954813168327319, 44.8713174037387], [-0.954571918876466, 44.871574700983565], [-0.954296362774798, 44.871813943793576], [-0.953989153639861, 44.87203282788058], [-0.953653250062151, 44.87222924501714], [-0.953291887112344, 44.872401303349555], [-0.952908545180572, 44.87254734562713], [-0.952506916448098, 44.872665965171386], [-0.952090869314648, 44.87275601943122], [-0.951664411124555, 44.87281664099338], [-0.951231649551447, 44.87284724594137], [-0.95079675301418, 44.87284753948278], [-0.950363910506237, 44.872817518790164], [-0.949937291226447, 44.872757473028294], [-0.949521004400834, 44.87266798056746], [-0.949119059683584, 44.87254990340976], [-0.948735328519409, 44.87240437888209], [-0.948373506840311, 44.87223280867615], [-0.948037079456703, 44.87203684534139], [-0.947729286486406, 44.87181837636093], [-0.947453092145241, 44.87157950596455], [-0.947211156199961, 44.871322534853995], [-0.947005808358462, 44.87104993803646], [-0.946839025843717, 44.8707643409798], [-0.946712414366979, 44.87046849431977], [-0.946627192682962, 44.870165247362955], [-0.946584180874971, 44.869857520641006], [-0.946583792481959, 44.86954827778045], [-0.946626030542376, 44.86924049695956], [-0.946710487591883, 44.86893714222679], [-0.946836349613919, 44.86864113495726], [-0.947002403904072, 44.868355325722014], [-0.947207050771524, 44.86808246684093], [-0.947448318964065, 44.86782518588324], [-0.947723884667341, 44.86758596037067]]], [[[-0.941271134976394, 44.871886909233226], [-0.941607079816338, 44.8716905295752], [-0.941968473993658, 44.871518509307805], [-0.942351837352451, 44.871372504845375], [-0.942753478283053, 44.87125392207924], [-0.943169529259305, 44.87116390284633], [-0.943595984065905, 44.87110331393958], [-0.944028736358045, 44.87107273876565], [-0.944463619182859, 44.87107247173021], [-0.944896445083009, 44.87110251540452], [-0.945323046397216, 44.87116258050069], [-0.945739315370653, 44.871252088655815], [-0.946141243689931, 44.871370177998195], [-0.946524961062897, 44.8715157114422], [-0.946886772472552, 44.87168728763223], [-0.947223193747057, 44.87188325443027], [-0.947530985103844, 44.872101724818], [-0.947807182345175, 44.8723405950602], [-0.948049125404941, 44.8725975649551], [-0.94825448397176, 44.872870159977026], [-0.948315774835977, 44.87297510515352], [-0.94857117693994, 44.87305013509893], [-0.948954912091966, 44.87319566022363], [-0.949316741752383, 44.87336722858748], [-0.949653181573642, 44.87356318812789], [-0.94996099159461, 44.87378165189641], [-0.950237207437848, 44.87402051622159], [-0.950341973777056, 44.874131779164536], [-0.950672985801211, 44.87403402621549], [-0.951089044678745, 44.873943977231434], [-0.951515512052601, 44.87388335785722], [-0.951948281456954, 44.873852751792924], [-0.952383185774177, 44.87385245374164], [-0.952816037340017, 44.87388246657327], [-0.953242668246116, 44.87394250129691], [-0.95365897045278, 44.874031979842115], [-0.9540609353267, 44.87415004062228], [-0.954444692223831, 44.87429554682688], [-0.954806545746693, 44.87446709736252], [-0.955143011318026, 44.874663040338305], [-0.955450848728814, 44.874881488965286], [-0.955727093337935, 44.875120339717846], [-0.955969084623226, 44.87537729258188], [-0.956174491808969, 44.87564987319578], [-0.956273327352476, 44.875819047838505], [-0.956480870749817, 44.87587999786092], [-0.95686464574274, 44.87602549578235], [-0.957226517809122, 44.876197038526335], [-0.957563002193176, 44.876392974276975], [-0.957870858504762, 44.87661141631494], [-0.958147121920771, 44.876850261178], [-0.95821308346211, 44.87692029444004], [-0.958572494342245, 44.87681413011883], [-0.958988561149726, 44.876724051459625], [-0.959415041109378, 44.87666340169546], [-0.959847827634177, 44.876632764819064], [-0.96028275344166, 44.8766324358302], [-0.960715630660681, 44.87666241789667], [-0.961142291135919, 44.87672242232381], [-0.961558626543033, 44.87681187133292], [-0.961960627929114, 44.87692990362179], [-0.96234442429863, 44.8770753826542], [-0.962706319874114, 44.87724690759848], [-0.963042829673477, 44.877442826810146], [-0.963350713061913, 44.877661253729094], [-0.963627004955649, 44.87790008503878], [-0.963869044377271, 44.878157020912354], [-0.964074500087587, 44.878429587151864], [-0.964205078611685, 44.878653021357586], [-0.964330566882275, 44.878689861697296], [-0.964714381424061, 44.87883533262007], [-0.965076295584818, 44.87900684993646], [-0.965412824203525, 44.87920276207541], [-0.965720726464184, 44.879421182545], [-0.965997037101317, 44.87966000809076], [-0.966239094957033, 44.87991693894136], [-0.96644456861463, 44.880189500947225], [-0.966611478861675, 44.88047506939877], [-0.966738217765842, 44.880770894295715], [-0.966823564179208, 44.88107412682423], [-0.966866695520979, 44.88138184678708], [-0.966867195724299, 44.88169109072289], [-0.966825059269655, 44.88199888044411], [-0.966740691265019, 44.88230225171845], [-0.966614903570927, 44.88259828281803], [-0.966448907006774, 44.88288412266086], [-0.966244299712446, 44.883157018273735], [-0.966003051776486, 44.88341434131181], [-0.965727486278123, 44.883653613379074], [-0.96542025692514, 44.8838725299056], [-0.965084322502541, 44.884068982351536], [-0.964722918377912, 44.88424107852313], [-0.964339525337845, 44.88438716080522], [-0.963937836055802, 44.88450582213402], [-0.963521719514694, 44.884595919556], [-0.963095183727426, 44.884656585242105], [-0.962662337115119, 44.88468723485088], [-0.962227348915857, 44.88468757315974], [-0.961794409006173, 44.884657596909975], [-0.961367687523259, 44.88459759483835], [-0.96095129467776, 44.884508144894276], [-0.96054924114525, 44.884390108670345], [-0.960165399418749, 44.88424462309918], [-0.959803466495365, 44.88407308949733], [-0.959466928257157, 44.88387716006161], [-0.959159025889793, 44.88365872194873], [-0.958882724662853, 44.88341987909117], [-0.9586406853726, 44.88316293192553], [-0.958435238722274, 44.88289035522838], [-0.958304673306776, 44.88266691394148], [-0.95817918010095, 44.8826300667469], [-0.957795356550854, 44.88248457306553], [-0.957433442216621, 44.88231303183539], [-0.957096922801229, 44.88211709532684], [-0.956789039309024, 44.88189865076463], [-0.956512756827763, 44.8816598021434], [-0.95644679183885, 44.881589767766926], [-0.956087346364764, 44.88169592536822], [-0.955671238054208, 44.88178599329892], [-0.955244715135016, 44.88184662878347], [-0.954811885904373, 44.88187724777136], [-0.954376919432925, 44.88187755533488], [-0.953944005387887, 44.88184754851156], [-0.953517313657259, 44.881787516332594], [-0.953100954165043, 44.881698037037395], [-0.952698937265464, 44.881579972501285], [-0.952315135098598, 44.88143445992955], [-0.951953244280419, 44.88126290089878], [-0.95161675028733, 44.88106694785079], [-0.951308893878748, 44.88084848816964], [-0.951032639881503, 44.88060962599552], [-0.950790648636886, 44.88035266195102], [-0.950585250385331, 44.880080070975296], [-0.950486424480986, 44.879910891043394], [-0.950278872690718, 44.8798499297408], [-0.949895088623799, 44.87970440888534], [-0.949533216353055, 44.87953284206256], [-0.949196741176211, 44.87933688178926], [-0.948888903671421, 44.8791184155191], [-0.948612668483417, 44.87887954745575], [-0.948507896711629, 44.878768282714546], [-0.948176853004811, 44.87886602935601], [-0.947760752980109, 44.87895606756901], [-0.947334243019103, 44.87901667262053], [-0.946901431294172, 44.879047260753154], [-0.946466486707331, 44.879047537336454], [-0.946033598714963, 44.879017499706286], [-0.945606936954072, 44.87895743719061], [-0.945190611059914, 44.87886792832107], [-0.94478863106301, 44.87874983525782], [-0.944404868747894, 44.87860429548091], [-0.944043020346586, 44.87843271082898], [-0.943706570926842, 44.8782367339906], [-0.943398760818655, 44.87801825257893], [-0.943122554402818, 44.87777937094348], [-0.942880611562263, 44.877522389894246], [-0.942675262071162, 44.8772497845341], [-0.942613977083906, 44.8771448361028], [-0.942358564314776, 44.87706979235926], [-0.941974819782836, 44.876924244262455], [-0.941612989636184, 44.876752651784], [-0.94127655876671, 44.87655666768782], [-0.94096876732571, 44.876338179656976], [-0.94069257951416, 44.87609929210475], [-0.940450655035787, 44.875842305898104], [-0.940245323487901, 44.87556969618955], [-0.940078561936396, 44.87528408857109], [-0.939951975890472, 44.87498823378022], [-0.93986678385977, 44.87468498120173], [-0.939823805641866, 44.87437725142138], [-0.939823454452087, 44.87406800809511], [-0.939865732970486, 44.87376022940567], [-0.939950233343001, 44.8734568793809], [-0.940076141135788, 44.873160879350564], [-0.94024224320361, 44.87287507981593], [-0.940446939395531, 44.872602233003455], [-0.940688257984352, 44.872344966366086], [-0.94096387467045, 44.872105757287635], [-0.941271134976394, 44.871886909233226]]], [[[-0.944463218975864, 44.88105585488413], [-0.944770514624883, 44.880836996528764], [-0.945106500781058, 44.88064060572905], [-0.945467941849851, 44.88046857358655], [-0.945851357223796, 44.880322556629935], [-0.946253054792366, 44.88020396087083], [-0.946669166484062, 44.880113928271314], [-0.947095685499009, 44.88005332575299], [-0.947528504874223, 44.88002273685362], [-0.947963457010996, 44.88002245611101], [-0.948396353784703, 44.880052486228394], [-0.948823026851744, 44.88011253804845], [-0.949239367766506, 44.880202033336104], [-0.949641367522985, 44.88032011034354], [-0.950025155141251, 44.880465632103956], [-0.950387034927982, 44.88063719737418], [-0.950723522052972, 44.880833154121405], [-0.951031376099583, 44.881051615424134], [-0.951307632266404, 44.881290477634565], [-0.951549629919858, 44.88154744062837], [-0.951755038222767, 44.88182002994629], [-0.951852595469942, 44.881987024919354], [-0.952101301261714, 44.88206006689614], [-0.952485107151382, 44.88220558023541], [-0.952847005671773, 44.88237713758394], [-0.953183511812323, 44.88257308698516], [-0.953491384973317, 44.88279154158832], [-0.953767660169303, 44.883030397810224], [-0.953819452141744, 44.88308538750246], [-0.954162562746231, 44.88298406490756], [-0.954578682357609, 44.882894002595314], [-0.955005213953841, 44.88283336964856], [-0.955438050450786, 44.882802749898055], [-0.955873024084888, 44.882802438178665], [-0.956305946524559, 44.8828324374919], [-0.956732649179116, 44.882892458977025], [-0.95714902331812, 44.8829819246911], [-0.957551059615738, 44.883099973171056], [-0.957934886740275, 44.88324546772477], [-0.958296808618098, 44.88341700737111], [-0.958633340013798, 44.88361294032399], [-0.958941240084537, 44.883831379891035], [-0.959217543585807, 44.88407022263384], [-0.959459589428299, 44.8843271686155], [-0.959665046310851, 44.88459974354063], [-0.959790205961191, 44.884813916126085], [-0.959980995869386, 44.88486993022049], [-0.960364841393639, 44.88501541645742], [-0.960726782107985, 44.8851869482806], [-0.961063332595666, 44.88538287397932], [-0.961371251830031, 44.885601306931015], [-0.961647574382054, 44.885840143761], [-0.961681813589068, 44.88587648733353], [-0.962062071194786, 44.885764168846144], [-0.962478198738485, 44.88567407685969], [-0.962904742923754, 44.8856134135236], [-0.963337596545225, 44.88558276296125], [-0.963772591674463, 44.885582420304175], [-0.964205539772938, 44.88561238885182], [-0.964632272002956, 44.88567238003965], [-0.965048679349369, 44.885761816216466], [-0.965450752166669, 44.885879836203635], [-0.965834618771612, 44.8860253035834], [-0.966196582710497, 44.88619681763627], [-0.966533158343003, 44.886392726822656], [-0.966841104400418, 44.88661114467902], [-0.967117455195498, 44.886849967976076], [-0.967359549183593, 44.88710689696418], [-0.967565054599978, 44.88737945751167], [-0.96773199192628, 44.887665024923], [-0.967858752969275, 44.887960849207985], [-0.967944116367691, 44.88826408155863], [-0.967987259377001, 44.88857180177943], [-0.967987765817813, 44.88888104640654], [-0.96794563011036, 44.88918883724577], [-0.967861257355239, 44.889492210054065], [-0.967735459458565, 44.88978824308877], [-0.967705322568394, 44.88984013347128], [-0.967906252422404, 44.88962582932445], [-0.968181837952408, 44.88938655140464], [-0.968489086715021, 44.88916762686172], [-0.968825039735078, 44.88897116380466], [-0.969186461736785, 44.88879905403086], [-0.969569872295993, 44.888652954816564], [-0.969971579348306, 44.88853427296548], [-0.970387714730741, 44.8884441512687], [-0.970814271415206, 44.88838345750578], [-0.971247142075968, 44.888352776093015], [-0.971682158620534, 44.88835240245907], [-0.972115132304204, 44.88838234020164], [-0.972541894042977, 44.888442301052784], [-0.972958334537637, 44.88853170765342], [-0.973360443823579, 44.88864969910973], [-0.973744349866492, 44.88879513927868], [-0.974106355833022, 44.888966627702814], [-0.974442975678255, 44.88916251308933], [-0.974750967707838, 44.8893809092039], [-0.975027365791931, 44.88961971302662], [-0.97526950793059, 44.88987662499539], [-0.975475061895476, 44.89014917114249], [-0.97564204770075, 44.8904347269111], [-0.975659738522139, 44.89047599562711], [-0.975740385273042, 44.89049965696463], [-0.976124310135249, 44.890645088991846], [-0.976486335303814, 44.89081656975844], [-0.976822974548953, 44.89101244804536], [-0.97713098598953, 44.89123083768665], [-0.977407403308811, 44.891469635724704], [-0.977649564321638, 44.89172654265318], [-0.977855136617927, 44.891999084552886], [-0.978022140035302, 44.89228463690794], [-0.978148965744095, 44.892580449873115], [-0.978234391760273, 44.892883674749584], [-0.97827759473623, 44.893191391413815], [-0.978278157914983, 44.89350063643633], [-0.978236075170236, 44.893808431619185], [-0.978151751092377, 44.89411181267753], [-0.978025997118554, 44.89440785778933], [-0.977860023743054, 44.89469371573774], [-0.977655428882095, 44.89496663337519], [-0.977414182504145, 44.89522398214482], [-0.977138607673129, 44.89546328340276], [-0.976831358186449, 44.895682232298064], [-0.976495393022805, 44.89587871997908], [-0.976133947845694, 44.89605085391271], [-0.975750503836988, 44.896196976120116], [-0.975348754161002, 44.89631567915295], [-0.974932568382339, 44.896405819655975], [-0.974505955180828, 44.89646652938523], [-0.97407302372333, 44.896497223574976], [-0.973637944065283, 44.89649760657324], [-0.973204906964313, 44.89646767469087], [-0.972778083493946, 44.896407716237256], [-0.972361584847372, 44.896318308741684], [-0.971959422719449, 44.89620031338788], [-0.971575470649379, 44.896054866714834], [-0.971213426697275, 44.8958833696644], [-0.970876777814763, 44.89568747408142], [-0.970568766253335, 44.89546906679657], [-0.970292358334372, 44.89523025144542], [-0.97005021588178, 44.894973328199654], [-0.969844670592389, 44.89470077160555], [-0.969677701590708, 44.894415206743716], [-0.969660013926201, 44.89437393702454], [-0.969579364172022, 44.89435027124412], [-0.969195430925483, 44.8942048164288], [-0.968833406179367, 44.89403331172046], [-0.968496776700279, 44.893837409037744], [-0.968188784552795, 44.893618995279624], [-0.967912395871285, 44.89338017414406], [-0.967670272294358, 44.893123245858455], [-0.967464745337037, 44.892850685017606], [-0.967297793947273, 44.892565116742965], [-0.967171025462557, 44.892269291393234], [-0.967085660149423, 44.891966058069876], [-0.967042519474037, 44.89165833717335], [-0.967042018215956, 44.89134909227418], [-0.967084160500036, 44.891041301570496], [-0.967168539783711, 44.89073792920597], [-0.967294342798706, 44.890441896725655], [-0.967324480391898, 44.89039000644491], [-0.967123545581205, 44.890604309590444], [-0.966847949560966, 44.89084358497545], [-0.966540685223538, 44.891062505093224], [-0.966204711690822, 44.89125896136928], [-0.965843264707071, 44.891431061572966], [-0.965459825471686, 44.891577148050345], [-0.965058087103095, 44.891695813697154], [-0.964641919057057, 44.891785915518305], [-0.964215329842631, 44.891846585642384], [-0.96378242839563, 44.89187723968516], [-0.963347384482403, 44.891877582381326], [-0.962914388516213, 44.891847610429984], [-0.962487611174289, 44.89178761252639], [-0.962071163205404, 44.8916981665799], [-0.961669055816163, 44.89158013414455], [-0.961285162018393, 44.89143465211651], [-0.960923179310797, 44.89126312177817], [-0.960586594054967, 44.89106719529494], [-0.960278647889436, 44.890848759795084], [-0.960002306505603, 44.89060991918594], [-0.959968065498695, 44.89057357504197], [-0.959587771121526, 44.89068588652908], [-0.959171601783397, 44.89077596782748], [-0.958745014332898, 44.890836616924965], [-0.958312117688869, 44.89086724963986], [-0.957877081571394, 44.89086757091228], [-0.95744409631864, 44.89083757764765], [-0.957017332504611, 44.89077755874657], [-0.956600900747741, 44.89068809232063], [-0.956198812098426, 44.890570040121105], [-0.955814939387936, 44.89042453923453], [-0.955452979911792, 44.89025299112496], [-0.95511641980776, 44.890057048128945], [-0.954808500472044, 44.8898385975338], [-0.954532187337557, 44.8895997433922], [-0.954290141315136, 44.88934278624943], [-0.954084693172724, 44.889070200978125], [-0.953959545801745, 44.8888560216789], [-0.953768748354447, 44.88879999717154], [-0.953384894047878, 44.88865448796763], [-0.953022953412212, 44.88848293203451], [-0.952686412403712, 44.88828698178418], [-0.952378512234628, 44.88806852457371], [-0.95210221815325, 44.88782966451957], [-0.952050423485718, 44.88777467394489], [-0.951707279786624, 44.887875990166776], [-0.951291118636702, 44.88796604186143], [-0.950864544028177, 44.8880266606421], [-0.950431664756203, 44.888057262619114], [-0.949996650373517, 44.88805755302867], [-0.949563691008902, 44.888027529073504], [-0.949136956986949, 44.88796747994979], [-0.948720558639057, 44.887877984060246], [-0.948318506693742, 44.88775990343994], [-0.947934673628641, 44.88761437544915], [-0.947572756357319, 44.88744280181295], [-0.947236240610924, 44.88724683511379], [-0.946928367358323, 44.887028362867255], [-0.946652101588485, 44.88678948933453], [-0.946410103755972, 44.88653251524763], [-0.946204704164531, 44.886259915642356], [-0.946107156293549, 44.88609291548499], [-0.945858440434522, 44.886019859993425], [-0.945474625645031, 44.88587432358092], [-0.945112727111335, 44.88570274202264], [-0.944776230384076, 44.88550676797731], [-0.944468376248902, 44.88528828903126], [-0.944192129510627, 44.88504940951022], [-0.943950150440494, 44.884792430203845], [-0.943744769161535, 44.88451982619823], [-0.943577963218507, 44.88423422303047], [-0.943451338548012, 44.88393837139512], [-0.943366114031515, 44.883635120646716], [-0.943323109779266, 44.88332739135334], [-0.943322739257111, 44.88301814716635], [-0.943365005331055, 44.88271036627671], [-0.943449500266656, 44.882407012733545], [-0.943575409682199, 44.88211100790048], [-0.943741520416597, 44.88182520232506], [-0.943946232235249, 44.88155234829195], [-0.944187573260286, 44.881295073323614], [-0.944463218975864, 44.88105585488413]]], [[[-0.935000648946615, 44.885956730709346], [-0.935336699923513, 44.88576036915149], [-0.935698203894809, 44.88558836852882], [-0.93608167964746, 44.88544238506647], [-0.936483434489675, 44.885323824453586], [-0.936899599798592, 44.88523382831377], [-0.937326168258177, 44.88517326321755], [-0.93775903242945, 44.885142712342336], [-0.938194024282457, 44.88514246985984], [-0.938626955310207, 44.88517253810487], [-0.939053656839309, 44.88523262755297], [-0.939470020150096, 44.885322159606766], [-0.93987203602089, 44.8854402721644], [-0.94025583331654, 44.88558582791676], [-0.940617716250451, 44.885757425293356], [-0.940954199961996, 44.8859534119522], [-0.941262044067268, 44.886171900683706], [-0.94153828386042, 44.88641078757601], [-0.941780258865368, 44.88666777226696], [-0.941985638462842, 44.886940380088404], [-0.942152444345803, 44.88722598588942], [-0.942279069586581, 44.88752183931002], [-0.942364294131512, 44.88782509126145], [-0.942407296573137, 44.888132821359264], [-0.942407662085727, 44.88844206604439], [-0.942365386446745, 44.88874984712189], [-0.942280876104503, 44.88905320044259], [-0.942154944290336, 44.8893492044513], [-0.941988803211694, 44.88963500832682], [-0.941784052400402, 44.88990785944224], [-0.941542663327419, 44.89016512988114], [-0.941266960431539, 44.89040434175402], [-0.940959598744148, 44.89062319107062], [-0.94062353832514, 44.89081956993833], [-0.940262015755974, 44.89099158687206], [-0.939878512964394, 44.89113758501979], [-0.939476723681286, 44.89125615812808], [-0.939060517853053, 44.891346164093115], [-0.938633904352867, 44.89140673596677], [-0.938200992350589, 44.891437290311174], [-0.937765951714298, 44.89143753282135], [-0.937332972825692, 44.89140746116137], [-0.936906226197433, 44.89134736498696], [-0.93648982228232, 44.891257823153985], [-0.936087771862434, 44.891139698140094], [-0.935703947400628, 44.89099412773308], [-0.935342045727479, 44.89082251406663], [-0.935005552423749, 44.89062651010871], [-0.93469770824197, 44.890408003733704], [-0.934421477890928, 44.89016909953153], [-0.934179521483851, 44.889912098529535], [-0.933974168925305, 44.88963947602271], [-0.933807397483238, 44.88935385772627], [-0.933680812761776, 44.88905799448051], [-0.933595633257446, 44.88875473575163], [-0.933552678646824, 44.88844700218459], [-0.93355236191752, 44.88813775747179], [-0.933594685417357, 44.88782997980922], [-0.933679240858756, 44.887526633214854], [-0.933805213277248, 44.88723063898532], [-0.933971388904983, 44.88694484756607], [-0.93417616688243, 44.8866720111053], [-0.934417574694651, 44.88641475695625], [-0.934693287182716, 44.886175562382455], [-0.935000648946615, 44.885956730709346]]], [[[-0.911333796683597, 44.89250486708637], [-0.911641284165969, 44.89228609963138], [-0.911977454743231, 44.89208980836842], [-0.912339071045403, 44.89191788344045], [-0.912722650778081, 44.89177198034371], [-0.913124500248521, 44.891653503993425], [-0.913540749922948, 44.89156359520182], [-0.913967391673202, 44.89150311969835], [-0.914400317354783, 44.891472659797735], [-0.914835358345591, 44.891472508795665], [-0.915268325665574, 44.891502668146146], [-0.915695050291901, 44.89156284744744], [-0.916111423282455, 44.89165246723696], [-0.916513435322236, 44.89177066456807], [-0.916897215312807, 44.89191630131533], [-0.917259067633974, 44.89208797512831], [-0.917595507719606, 44.89228403292896], [-0.917903295605557, 44.892502586822616], [-0.918179467126989, 44.89274153226982], [-0.918402098518555, 44.89297809873221], [-0.918707117943301, 44.89279996790948], [-0.919068718206077, 44.89262802103687], [-0.919452285297028, 44.89248209467055], [-0.919854125645066, 44.89236359394979], [-0.920270369804196, 44.892273659921514], [-0.920697009699326, 44.892213158558185], [-0.921129937203787, 44.89218267242354], [-0.92156498367792, 44.89218249506583], [-0.921997960088885, 44.89221262819287], [-0.922424697326338, 44.892272781655414], [-0.922841086326773, 44.89236237623969], [-0.923243117621088, 44.892480549241775], [-0.923626919925509, 44.892626162770455], [-0.923988797405058, 44.89279781469892], [-0.924325265251435, 44.89299385215986], [-0.92463308323326, 44.893212387454476], [-0.92490928689598, 44.89345131622244], [-0.925151216111138, 44.89370833769833], [-0.925356540700107, 44.89398097685968], [-0.925523282885264, 44.89426660825373], [-0.925649836352051, 44.894562481273844], [-0.925734981737714, 44.89486574664252], [-0.925777898396867, 44.895173483846015], [-0.925778172329681, 44.89548272925664], [-0.925735800195405, 44.89579050467241], [-0.925651189371538, 44.896093845998536], [-0.925525154057059, 44.89638983179527], [-0.925358907456199, 44.89667561141673], [-0.925154050117103, 44.89694843246948], [-0.924912554536802, 44.897205667326574], [-0.924636746180014, 44.89744483844111], [-0.924393761123138, 44.89761775600062], [-0.924546834300191, 44.89782100446294], [-0.924713583773178, 44.89810663741232], [-0.924840141630335, 44.89840251170695], [-0.92492528846654, 44.898705778056986], [-0.924968203622339, 44.89901351593925], [-0.924968473112287, 44.899322761719546], [-0.924926093638324, 44.89963053719229], [-0.924841472648542, 44.89993387826214], [-0.92471542443974, 44.90022986349185], [-0.924549162340256, 44.900515642240926], [-0.924344287047438, 44.90078846212438], [-0.924102771231179, 44.90104569552653], [-0.923826940551057, 44.901284864914416], [-0.923519451269345, 44.90150366670703], [-0.923183264675049, 44.90169999346938], [-0.92282161856512, 44.90187195421819], [-0.922437996057464, 44.902017892642576], [-0.9220360920363, 44.902136403064326], [-0.921619777553438, 44.90222634398341], [-0.921193062528852, 44.902286849078216], [-0.92076005711051, 44.90231733555412], [-0.920324932066463, 44.902317509759825], [-0.919891878591579, 44.90228737001735], [-0.919465067917031, 44.902227206638194], [-0.919048611112555, 44.90213759912556], [-0.918646519469637, 44.90201941058968], [-0.918262665848107, 44.90187377943024], [-0.917900747359256, 44.90170210836602], [-0.917564249745613, 44.901506050917824], [-0.917256413800962, 44.901287495475266], [-0.916980204154452, 44.901048547100714], [-0.91673828071956, 44.90079150724696], [-0.916532973082918, 44.90051885158309], [-0.916366258079442, 44.90023320614359], [-0.916239740769313, 44.89993732203009], [-0.916154638999452, 44.89963404890969], [-0.916111771697436, 44.899326307565794], [-0.91611155100972, 44.899017061765626], [-0.91615397835892, 44.898709289715526], [-0.916238644457123, 44.898405955379296], [-0.916364733274044, 44.898109979935434], [-0.916531029920794, 44.897824213648335], [-0.916735932372393, 44.897551408424114], [-0.916977466915253, 44.89729419131512], [-0.916998933854835, 44.89727557968561], [-0.916901148585666, 44.897322071988434], [-0.916517541783936, 44.897467989764905], [-0.916115657844393, 44.89758647860334], [-0.915699367625441, 44.89767639721156], [-0.915272680813343, 44.897736879482906], [-0.914839707284303, 44.89776734284253], [-0.914404617499167, 44.89776749386183], [-0.913971602313128, 44.89773733108615], [-0.913544832588484, 44.897677145048846], [-0.913128419000454, 44.897587515471336], [-0.912726372424176, 44.89746930567645], [-0.912342565285307, 44.897323654268604], [-0.911980694247332, 44.89715196416159], [-0.911644244595661, 44.896955889059626], [-0.911336456662056, 44.89673731752231], [-0.911060294613185, 44.89649835476709], [-0.910818417904053, 44.89624130238515], [-0.910613155671243, 44.895968636166295], [-0.910446484312384, 44.89568298224662], [-0.91032000846734, 44.89538709180934], [-0.910234945583738, 44.89508381458247], [-0.910192114214725, 44.89477607138894], [-0.910191926160788, 44.894466826013705], [-0.910234382530379, 44.89415905665899], [-0.910319073756237, 44.89385572726263], [-0.910445183566225, 44.89355975895549], [-0.910611496869435, 44.893274001933214], [-0.910816411480631, 44.89300120801263], [-0.911057953569272, 44.89274400413726], [-0.911333796683597, 44.89250486708637]]], [[[-0.951491905853043, 44.898956051128984], [-0.951799272102819, 44.898737172105356], [-0.95213534082358, 44.89854075894645], [-0.95249687562561, 44.898368702969115], [-0.952880394998799, 44.898222660931566], [-0.953282205831191, 44.89810403908695], [-0.953698438960724, 44.8980139796485], [-0.954125086418313, 44.897953349796275], [-0.954558040004365, 44.897922733331214], [-0.954993130828064, 44.89792242505657], [-0.955426169429601, 44.897952427940666], [-0.955852986099961, 44.89801245308839], [-0.956269471011014, 44.89810192252153], [-0.956671613770435, 44.89821997474123], [-0.957055542021505, 44.89836547301937], [-0.957417558716882, 44.898537016338885], [-0.957754177708145, 44.898732952878404], [-0.958062157308922, 44.89895139591097], [-0.958338531508771, 44.89919024196483], [-0.95858063853743, 44.89944719107117], [-0.958786146504321, 44.899719768904575], [-0.95894342633188, 44.89998884232587], [-0.959151549507818, 44.90004993090801], [-0.959535496706921, 44.900195420698125], [-0.959897532786833, 44.90036695603341], [-0.960234171412511, 44.90056288516937], [-0.960542170708542, 44.90078132145034], [-0.960818564474854, 44.90102016146959], [-0.961060690752785, 44.90127710531642], [-0.961266217466398, 44.90154967871608], [-0.961433164891929, 44.901835256849274], [-0.961559924738562, 44.902131089622436], [-0.96164527565619, 44.90243432814587], [-0.961688395020114, 44.902742052164555], [-0.961688866878286, 44.90305129817806], [-0.961646685983637, 44.90335908797878], [-0.961562257871616, 44.90366245733363], [-0.961436394981166, 44.903958484533185], [-0.961270308855469, 44.90424431853293], [-0.961065598496622, 44.90451720641599], [-0.960824234985518, 44.90477451991187], [-0.960548542514316, 44.905013780716445], [-0.960241176013599, 44.90523268436829], [-0.959905095589272, 44.90542912245147], [-0.959543538015189, 44.90560120291057], [-0.959159985556036, 44.905747268281765], [-0.958758132420938, 44.90586591166415], [-0.958341849171245, 44.90595599027703], [-0.957915145425852, 44.90601663647253], [-0.957482131223936, 44.906047266096905], [-0.957046977418106, 44.90604758412005], [-0.95661387548031, 44.90601758747872], [-0.956186997108664, 44.90595756510602], [-0.955770454025202, 44.90586809514695], [-0.955368258352763, 44.90575003938688], [-0.954984283953564, 44.9056045349466], [-0.95462222910265, 44.905432983324374], [-0.954285580856424, 44.905237036890654], [-0.95397758146001, 44.905018582965816], [-0.953701197117339, 44.90477972563463], [-0.953459089424929, 44.904522765473104], [-0.953253589744482, 44.90425017738293], [-0.953096325255938, 44.903981095554], [-0.952888194092731, 44.90391999555473], [-0.952504238645885, 44.90377448262586], [-0.952142203183559, 44.903602923019015], [-0.951805574575382, 44.90340696918156], [-0.951497594877296, 44.90318850850517], [-0.951221230103482, 44.90294964513966], [-0.950979141661965, 44.90269267971908], [-0.950773660729029, 44.90242008719584], [-0.950606765809009, 44.902134492996474], [-0.950480063695175, 44.901838647729235], [-0.950394774014513, 44.90153540068735], [-0.950351717504472, 44.90122767240327], [-0.950351308133754, 44.90091842651862], [-0.950393549142053, 44.900610641240824], [-0.950478033035856, 44.90030728066126], [-0.950603945539325, 44.90001126621138], [-0.950770073461192, 44.8997254485314], [-0.950974816400925, 44.89945258002257], [-0.951216202180589, 44.89919528834676], [-0.951491905853043, 44.898956051128984]]], [[[-0.957798447889307, 44.90955732532241], [-0.958134560414136, 44.909360893362674], [-0.958496146534522, 44.909188817290044], [-0.958879724246135, 44.909042754056216], [-0.959281599875252, 44.90892411011848], [-0.959697903635895, 44.90883402790276], [-0.960124626878932, 44.908773374808476], [-0.960557660675122, 44.90874273486036], [-0.960992835361426, 44.90874240308775], [-0.961425960670665, 44.90877238268527], [-0.961852866059066, 44.90883238498202], [-0.962269440844387, 44.908921832219804], [-0.96267167376905, 44.90903986311349], [-0.963055691608264, 44.909185341140336], [-0.963417796452142, 44.9093568654783], [-0.963754501303548, 44.90955278448877], [-0.964062563649388, 44.90977121161362], [-0.964247671021432, 44.90993112894706], [-0.964269420944856, 44.909922845469495], [-0.964671291480136, 44.909804182007264], [-0.965087593116509, 44.90971407957482], [-0.96551431722526, 44.90965340576625], [-0.965947354868798, 44.90962274480573], [-0.966382536347034, 44.90962239192495], [-0.966815671327401, 44.90965235052178], [-0.967242589173026, 44.909712332127526], [-0.967659179081756, 44.90980175918322], [-0.968061429650439, 44.90991977059809], [-0.968445467484441, 44.910065230036906], [-0.968807594481411, 44.910236736856675], [-0.969144323430962, 44.91043263958747], [-0.96945241158802, 44.91065105182793], [-0.969728891896891, 44.91088987040283], [-0.969971101565567, 44.91114679560805], [-0.970176707715069, 44.91141935334836], [-0.970343729856614, 44.91170491895526], [-0.970470558979769, 44.912000742455966], [-0.97055597306714, 44.91230397505011], [-0.970599148885501, 44.912611696539734], [-0.970599669938905, 44.91292094344892], [-0.970557530506262, 44.91322873756144], [-0.970473135723443, 44.91353211460277], [-0.970347297708125, 44.913828152789485], [-0.970181227763633, 44.91411400097135], [-0.969976524735946, 44.91438690609487], [-0.969735159635083, 44.91464423972363], [-0.969459456668269, 44.91488352335957], [-0.969152070866966, 44.915102452321406], [-0.968815962522792, 44.91529891794947], [-0.968454368678377, 44.91547102792307], [-0.968070771947659, 44.915617124494084], [-0.967668866966124, 44.91573580046107], [-0.967252524794497, 44.915825912729545], [-0.966825755619236, 44.91588659332746], [-0.966392670109816, 44.91591725776964], [-0.965957439805783, 44.9159176106907], [-0.965524256916054, 44.915887648691175], [-0.96509729391863, 44.91582766037051], [-0.964680663350822, 44.91573822354574], [-0.964278378178291, 44.91562019968307], [-0.963894313125473, 44.91547472559607], [-0.963532167340726, 44.91530320249065], [-0.96319542875644, 44.91510728246261], [-0.962887340487945, 44.91488885257803], [-0.962702220636705, 44.91472893273654], [-0.962680468618819, 44.91473721591947], [-0.962278558539805, 44.91485587236028], [-0.961862214241461, 44.914945964410016], [-0.961435445930765, 44.91500662429138], [-0.96100236426888, 44.91503726771882], [-0.960567140758295, 44.915037599529306], [-0.960133967542483, 44.91500761652672], [-0.959707017006236, 44.91494760751283], [-0.959290401566804, 44.91485815050398], [-0.95888813404408, 44.91474010716079], [-0.95850408899244, 44.91459461448444], [-0.958141965367526, 44.91442307385994], [-0.957805250888222, 44.91422713755176], [-0.957497188437614, 44.91400869278281], [-0.957220744826944, 44.91376984354969], [-0.95697858222353, 44.91351289035036], [-0.956773032517872, 44.91324030801955], [-0.956606074876562, 44.91295472188566], [-0.956479316696797, 44.9126588824793], [-0.95639397814534, 44.912355639037294], [-0.956350880430083, 44.91204791205744], [-0.956350437916316, 44.911738665168876], [-0.956392654162643, 44.911430876588696], [-0.956477121913737, 44.91112751044015], [-0.956603027048934, 44.910831488208345], [-0.956769156447641, 44.91054566060848], [-0.956973909694835, 44.910272780137326], [-0.957215314513075, 44.91001547457202], [-0.957491045771665, 44.90977622167134], [-0.957798447889307, 44.90955732532241]]], [[[-0.977907642259432, 44.90898786537856], [-0.978243680966609, 44.908791372632855], [-0.978605201738447, 44.90861923115922], [-0.978988723199621, 44.908473098539226], [-0.979390552217825, 44.908354381898256], [-0.979806819455707, 44.90826422436236], [-0.980233516615656, 44.9082034940562], [-0.980666535019476, 44.90817277574799], [-0.981101705152278, 44.90817236522159], [-0.981534836790723, 44.908202266429946], [-0.981961759330137, 44.908262191456956], [-0.982378361923229, 44.90835156328844], [-0.982780633044804, 44.90846952136538], [-0.983164699102453, 44.90861492986622], [-0.983526861722211, 44.90878638863837], [-0.983863633350854, 44.90898224667463], [-0.984171770832533, 44.90920061800408], [-0.984330862786213, 44.90933799030952], [-0.984448418400679, 44.90929319125174], [-0.984850241739609, 44.909174454837355], [-0.985266506287843, 44.9090842768257], [-0.985693203773634, 44.909023525538615], [-0.986126225515631, 44.90899278594632], [-0.986561401966799, 44.90899235403762], [-0.986994542842966, 44.909022233971356], [-0.987421477450536, 44.90908213803626], [-0.98783809482605, 44.90917148942003], [-0.98824038330202, 44.90928942776053], [-0.988624469118989, 44.909434817426195], [-0.988986653712792, 44.90960625844591], [-0.989323449318677, 44.90980209998335], [-0.989631612549986, 44.910020456226526], [-0.989908175628374, 44.91025922453945], [-0.990150474965075, 44.91051610570209], [-0.990356176817895, 44.9107886260434], [-0.990523299776686, 44.911074161255165], [-0.990650233860354, 44.91136996165737], [-0.990735756040893, 44.911673178672196], [-0.990779042044231, 44.91198089225193], [-0.990779674313368, 44.912290138996866], [-0.990737646056161, 44.912597940692535], [-0.990653361337748, 44.91290133299149], [-0.990527631215705, 44.913197393963486], [-0.990361665954099, 44.91348327223896], [-0.990157063390512, 44.913756214474716], [-0.98991579356715, 44.91401359187698], [-0.989640179773341, 44.91425292552619], [-0.989332876181409, 44.914471910259415], [-0.988996842290894, 44.91466843687991], [-0.98863531442704, 44.91484061247951], [-0.988251774568014, 44.91498677867808], [-0.987849916801295, 44.91510552760359], [-0.987433611732634, 44.915195715458744], [-0.987006869190953, 44.915256473543465], [-0.986573799589081, 44.91528721662631], [-0.986138574313276, 44.915287648584275], [-0.985705385524015, 44.91525776525671], [-0.985278405756168, 44.915197854485235], [-0.984861747708678, 44.91510849333992], [-0.984459424612035, 44.914990542558016], [-0.984075311556146, 44.9148451382492], [-0.983713108151957, 44.914673680947345], [-0.983376302887088, 44.91447782211442], [-0.983068139519391, 44.91425944822718], [-0.982909036702637, 44.91412207390742], [-0.982791469741655, 44.914166871402664], [-0.98238960629188, 44.914285600553], [-0.981973298530988, 44.914375767930366], [-0.981546556313867, 44.91443650503191], [-0.981113490050235, 44.91446722682826], [-0.980678271094203, 44.9144676374015], [-0.980245091545365, 44.9144377327969], [-0.979818123849561, 44.914377801061086], [-0.979401480589418, 44.91428841946603], [-0.978999174852943, 44.91417044894597], [-0.978615081562775, 44.91402502580066], [-0.97825290013941, 44.91385355074542], [-0.977916118858685, 44.91365767541325], [-0.977607981247372, 44.91343928643972], [-0.977331454840908, 44.91320048728414], [-0.977089202604335, 44.91294357796223], [-0.976883557291703, 44.91267103288617], [-0.97671649899066, 44.91238547702566], [-0.976589636068074, 44.91208966061988], [-0.97650418969965, 44.9117864326842], [-0.976460982131769, 44.91147871356726], [-0.976460428787745, 44.911169466822564], [-0.976502534293554, 44.91086167066597], [-0.976586892460305, 44.910558289293796], [-0.976712690222568, 44.9102622443379], [-0.976878715493623, 44.90997638673241], [-0.977083368861012, 44.9097034692632], [-0.9773246790089, 44.90944612006376], [-0.977600321717996, 44.90920681731313], [-0.977907642259432, 44.90898786537856]]], [[[-0.978689871398902, 44.9161868450809], [-0.978997225921668, 44.91596788966662], [-0.979333302618837, 44.915771393207216], [-0.979694865023481, 44.91559924782169], [-0.980078431359374, 44.91545311112924], [-0.980480308062127, 44.91533439029449], [-0.980896625335265, 44.91524422848388], [-0.981323374399446, 44.9151834938632], [-0.981756446076761, 44.91515277124222], [-0.982191670339439, 44.91515235644634], [-0.982624856443012, 44.915182253469595], [-0.983051833258454, 44.91524217443619], [-0.983468489415935, 44.915331542371064], [-0.983870812874561, 44.915449496752686], [-0.984254929538028, 44.91559490179508], [-0.984617140545122, 44.915766357379034], [-0.984953957876708, 44.91596221252798], [-0.985262137936848, 44.91618058129882], [-0.985538712785052, 44.916419360934974], [-0.985781018719095, 44.91667625210731], [-0.98598672193312, 44.9169487810484], [-0.986153841003716, 44.9172343233672], [-0.986280765987073, 44.91753012931522], [-0.986366273942653, 44.917833350261205], [-0.986409540733206, 44.91814106611955], [-0.986410148986595, 44.91845031346861], [-0.986368092141807, 44.91875811408806], [-0.98628377453916, 44.91906150364077], [-0.986158007552805, 44.91935756022291], [-0.985992001801751, 44.91964343250723], [-0.985787355513459, 44.919916367208145], [-0.985546039151206, 44.92017373560443], [-0.985270376452528, 44.92041305886328], [-0.984963022060776, 44.920632031921826], [-0.984626935964795, 44.92082854569569], [-0.984265354992705, 44.9210007074005], [-0.983881761634265, 44.921146858789925], [-0.98347985049233, 44.921265592134525], [-0.98306349268685, 44.92135576378712], [-0.982636698554803, 44.921416505203695], [-0.982203579006032, 44.92144723131334], [-0.98176830590798, 44.921447646156544], [-0.981335071881833, 44.9214177457375], [-0.980908049898251, 44.92135781806247], [-0.980491353062853, 44.92126844036433], [-0.980088994979762, 44.92115047353977], [-0.979704851075881, 44.921005053853015], [-0.979342621259257, 44.92083358198602], [-0.979005794271865, 44.92063770954105], [-0.978697614080711, 44.92041932312595], [-0.97842104863132, 44.92018052617532], [-0.978178761264724, 44.91992361868372], [-0.977973085073245, 44.91965107504565], [-0.977806000441831, 44.91936552021701], [-0.977679115990816, 44.919069704427], [-0.977593653103101, 44.91876647668511], [-0.977550434184004, 44.9184587573381], [-0.977549874765988, 44.91814950994172], [-0.97759197953335, 44.917841712718065], [-0.977676342304138, 44.917538329873786], [-0.977802149968409, 44.91724228305491], [-0.977968190343929, 44.916956423213506], [-0.978172863872635, 44.91668350315695], [-0.978414199044418, 44.91642615104374], [-0.978689871398902, 44.9161868450809]]], [[[-0.949098152235366, 44.921927083129354], [-0.949434369333214, 44.92173067674846], [-0.949796061865549, 44.92155862834032], [-0.950179746803494, 44.921412594590244], [-0.950581729440977, 44.92129398167156], [-0.950998138961803, 44.92120393171152], [-0.951424965698654, 44.92114331179896], [-0.951858099725931, 44.92111270563908], [-0.952293370415653, 44.9211124079359], [-0.952726586576382, 44.92114242155598], [-0.953153576789672, 44.921202457500826], [-0.953570229556599, 44.92129193768824], [-0.95397253286875, 44.92141000051581], [-0.954356612823576, 44.92155550915329], [-0.954718770913025, 44.9217270624839], [-0.955055519627156, 44.921923008589836], [-0.955363616030361, 44.92214146065201], [-0.955640092987281, 44.92238031511174], [-0.955882287737887, 44.92263727191925], [-0.956087867546525, 44.92290985667499], [-0.956254852177726, 44.92319544445022], [-0.956381632981917, 44.92349128505858], [-0.956466988406664, 44.92379452953485], [-0.956510095783331, 44.92410225756666], [-0.956510539274773, 44.924411505614906], [-0.956468313906571, 44.92471929545234], [-0.956383825641971, 44.92502266284549], [-0.956257887498759, 44.92531868610378], [-0.956091711744448, 44.92560451422069], [-0.955886898243993, 44.925877394335856], [-0.955645419071372, 44.92613469825366], [-0.955369599532511, 44.92637394776216], [-0.955062095781707, 44.9265928385087], [-0.954725869246752, 44.92678926220164], [-0.954364158108816, 44.926961326924136], [-0.953980446111781, 44.927107375363924], [-0.953578429001577, 44.92722600078315], [-0.953161978919173, 44.92731606057416], [-0.952735107090646, 44.92737668727034], [-0.95230192517444, 44.927407296905805], [-0.951866605638881, 44.92740759464295], [-0.951433341552526, 44.927377577613925], [-0.951006306175576, 44.927317534948244], [-0.95058961274257, 44.92722804498636], [-0.950187274824692, 44.92710996970629], [-0.949803167654375, 44.92696444641685], [-0.949440990785541, 44.92679287679787], [-0.949104232449817, 44.92659691339317], [-0.948796135952563, 44.926378443686524], [-0.948519668432751, 44.92613957191473], [-0.948277492287747, 44.92588259879286], [-0.9480719395382, 44.92560999934742], [-0.94790498937972, 44.92532439907167], [-0.947778249137105, 44.92502854863232], [-0.947692938804035, 44.92472529737241], [-0.947649879316297, 44.924417565865014], [-0.947649484670691, 44.92410831778281], [-0.947691757964518, 44.923800531354324], [-0.947776291392778, 44.923497170682005], [-0.94790227020207, 44.9232011571982], [-0.948068480562108, 44.9229153415338], [-0.948273321278055, 44.92264247607058], [-0.948514819230058, 44.92238518844113], [-0.948790648390513, 44.922145956231425], [-0.949098152235366, 44.921927083129354]]], [[[-0.964867198738231, 44.92752750231496], [-0.965203394183837, 44.927331047903216], [-0.965565074454051, 44.92715894789019], [-0.965948756637881, 44.92701285945816], [-0.966350746055628, 44.926894189307], [-0.966767171825692, 44.926804080115105], [-0.967194024124229, 44.92674339954161], [-0.967627192779489, 44.926712731875845], [-0.968062506830087, 44.92671237241408], [-0.968495774667136, 44.926742324617514], [-0.968922824374709, 44.92680230007903], [-0.969339543881156, 44.92689172129885], [-0.969741920535602, 44.927009727242364], [-0.970126079729465, 44.92715518162705], [-0.970488322191895, 44.92732668385861], [-0.9708251596007, 44.927522582511244], [-0.9711333481664, 44.927740991222926], [-0.971409919866341, 44.92797980685239], [-0.971652211028316, 44.928236729723906], [-0.971857887988387, 44.928509285764726], [-0.972024969575613, 44.92879485032275], [-0.972151846206786, 44.929090673435276], [-0.972237295406644, 44.929393906305684], [-0.972280493603425, 44.929701628733405], [-0.972281024085253, 44.93001087723346], [-0.972238881039805, 44.930318673574334], [-0.972154469637324, 44.93062205346004], [-0.972028602155132, 44.93091809507976], [-0.971862490179964, 44.93120394725024], [-0.971657732962253, 44.93147685687955], [-0.971416302033633, 44.93173419548786], [-0.971140522235094, 44.9319734845292], [-0.970833049337915, 44.93219241927019], [-0.970496844472464, 44.93238889099549], [-0.970135145610979, 44.932561007325695], [-0.969751436378901, 44.93270711045148], [-0.969349412495381, 44.93282579310825], [-0.968932946166515, 44.93291591213707], [-0.968506048774804, 44.932976599500755], [-0.968072832224899, 44.933007270649014], [-0.967637469318754, 44.93300763015182], [-0.967204153542743, 44.93297767454633], [-0.966777058655063, 44.9329176923704], [-0.966360298463607, 44.93282826138189], [-0.965957887182755, 44.93271024299077], [-0.965573700751763, 44.932564773957914], [-0.965211439488188, 44.932393255440594], [-0.964874592436737, 44.93219733949041], [-0.964566403757454, 44.93197891313413], [-0.964289841477356, 44.931740080191084], [-0.964047568906653, 44.9314831410024], [-0.963841918994831, 44.93121057026785], [-0.963674871873378, 44.930924993204194], [-0.963548035801007, 44.93062916025476], [-0.963462631694322, 44.93032592059417], [-0.963419481392185, 44.93001819468392], [-0.963418999765906, 44.92970894614284], [-0.963461190750315, 44.929401153204005], [-0.963545647332904, 44.92909778003269], [-0.963671555500105, 44.92880174818168], [-0.963837702101676, 44.92851590845882], [-0.964042486556517, 44.92824301347766], [-0.964283936286284, 44.92798569115514], [-0.964559725727468, 44.92774641941136], [-0.964867198738231, 44.92752750231496]]], [[[-0.984025630670706, 44.94202800642764], [-0.984361845921391, 44.941831493223965], [-0.984723560905018, 44.9416593301307], [-0.985107292376109, 44.94151317493755], [-0.985509345180219, 44.94139443498733], [-0.985925847825319, 44.94130425363049], [-0.986352789747325, 44.94124349922105], [-0.986786059911571, 44.941212756759334], [-0.987221486379371, 44.94121232226176], [-0.987654876459564, 44.941242199912125], [-0.988082057059377, 44.94130210202109], [-0.988498914847064, 44.94139145179523], [-0.988901435840517, 44.941509388887944], [-0.989285744041586, 44.9416547776796], [-0.989648138744889, 44.94182621820758], [-0.989985130162528, 44.94202205964032], [-0.990293473022239, 44.94224041616676], [-0.990570197815774, 44.942479185148294], [-0.990812639396816, 44.942736067358396], [-0.991018462652987, 44.94300858911599], [-0.991185685004519, 44.94329412609922], [-0.99131269551255, 44.943589928611026], [-0.991398270412402, 44.943893148053256], [-0.991441584921546, 44.94420086435486], [-0.991442221207669, 44.944510114089915], [-0.991400172439129, 44.94481791901516], [-0.991315842877808, 44.94512131475204], [-0.991190044012389, 44.94541737933722], [-0.991023986768297, 44.94570326136633], [-0.990819269868374, 44.945976207460006], [-0.990577864455486, 44.94623358878732], [-0.990302095124438, 44.94647292639089], [-0.989994617545296, 44.946691915069714], [-0.989658392893173, 44.946888445589], [-0.989296659330599, 44.94706062500306], [-0.988912900817026, 44.947206794895], [-0.988510813546135, 44.947325547357174], [-0.988094270334486, 44.94741573855827], [-0.987667283305117, 44.94747649976595], [-0.987233965226143, 44.947507245718676], [-0.986798489877587, 44.9475076802658], [-0.986365051829069, 44.94747779922174], [-0.985937826016758, 44.94741789040613], [-0.985520927509893, 44.94732853087018], [-0.985118371855397, 44.94721058133569], [-0.984734036383419, 44.947065177900306], [-0.984371622847354, 44.94689372108948], [-0.984034621758828, 44.94669786236049], [-0.983726278761755, 44.946479488189084], [-0.983449563369658, 44.94624070189194], [-0.983207140367564, 44.94598380336104], [-0.983001344153873, 44.945711266904645], [-0.982834156269125, 44.94542571740947], [-0.982707186327641, 44.94512990505341], [-0.982621656535152, 44.94482667881293], [-0.982578389940735, 44.944518959020336], [-0.982577802535369, 44.94420970923569], [-0.982619899272231, 44.94390190770417], [-0.98270427404605, 44.94359851867392], [-0.982830113630648, 44.94330246385053], [-0.982996205535785, 44.943016594263234], [-0.983200949706615, 44.942743662813264], [-0.983442373952265, 44.942486297768816], [-0.983718152954199, 44.942246977461494], [-0.984025630670706, 44.94202800642764]]]]}}]}