{"type": "FeatureCollection", "name": "zone_active", "crs": {"type": "name", "properties": {"name": "urn:ogc:def:crs:OGC:1.3:CRS84"}}, "features": [{"type": "Feature", "properties": {"nb_detections_cluster": 1, "frp_max": 3.62, "frp_moyen": 3.62, "derniere_detection": "2026-07-25T02:11:00", "fetch_timestamp": "2026-07-25T13:16:00"}, "geometry": {"type": "Polygon", "coordinates": [[[-1.154192443439041, 44.77243578931127], [-1.154190914338056, 44.772126558251095], [-1.154231943123009, 44.77181870948701], [-1.154315133977224, 44.771515207723105], [-1.154439685079148, 44.77121897575173], [-1.154604396349237, 44.7709328663091], [-1.154807681029821, 44.77065963460726], [-1.1550475809856, 44.77040191180659], [-1.155321785576631, 44.77016217968463], [-1.155627653921513, 44.76994274674399], [-1.15596224033595, 44.76974572598988], [-1.15632232270148, 44.76957301459034], [-1.156704433491181, 44.7694262756153], [-1.157104893153738, 44.76930692202903], [-1.157519845534755, 44.769216103091], [-1.157945294994769, 44.769154693294574], [-1.158377144867196, 44.76912328395082], [-1.158811236886714, 44.76912217749754], [-1.159243391209313, 44.76915138458869], [-1.159669446639599, 44.769210623991746], [-1.160085300678998, 44.76929932529441], [-1.16048694901014, 44.769416634394226], [-1.160870524038184, 44.76956142171877], [-1.16123233211872, 44.769732293097086], [-1.161568889114494, 44.76992760317837], [-1.161876953939089, 44.77014547126851], [-1.162153559764918, 44.7703837994327], [-1.162396042595197, 44.77064029268991], [-1.162602066924742, 44.77091248110523], [-1.162769648242255, 44.7711977435676], [-1.162897172157027, 44.77149333302449], [-1.162983409965264, 44.77179640293049], [-1.16302753050541, 44.77210403465563], [-1.163029108187458, 44.77241326558956], [-1.162988127117925, 44.7727211176712], [-1.162904981279812, 44.77302462606897], [-1.162780470764724, 44.77332086773558], [-1.162615794092481, 44.77360698956221], [-1.162412536691173, 44.773880235860986], [-1.162172655647774, 44.774137974910474], [-1.161898460875437, 44.77437772430876], [-1.161592592878233, 44.77459717488929], [-1.161257997327098, 44.77479421296899], [-1.160897896691613, 44.77496694071396], [-1.160515759200803, 44.7751136944262], [-1.160115265432094, 44.77523306057502], [-1.159700272850558, 44.77532388941823], [-1.159274778640544, 44.77538530608178], [-1.158842881188354, 44.775416718990705], [-1.158408740587773, 44.77541782557023], [-1.157976538549755, 44.77538861516154], [-1.157550438103366, 44.77532936912461], [-1.15713454347713, 44.77524065812671], [-1.156732860548142, 44.77512333664286], [-1.156349258240823, 44.77497853472144], [-1.155987431247907, 44.774807647094285], [-1.15565086443344, 44.77461231973668], [-1.155342799261166, 44.774394434006645], [-1.155066202572035, 44.77415608851686], [-1.154823738011712, 44.7738995789142], [-1.154617740383276, 44.77362737576172], [-1.154450193171916, 44.77334210073679], [-1.154322709457662, 44.77304650137473], [-1.154236516399425, 44.77274342460161], [-1.154192443439041, 44.77243578931127]]]}}, {"type": "Feature", "properties": {"nb_detections_cluster": 11, "frp_max": 3.98, "frp_moyen": 2.16, "derniere_detection": "2026-07-25T02:11:00", "fetch_timestamp": "2026-07-25T13:16:00"}, "geometry": {"type": "Polygon", "coordinates": [[[-1.18149, 44.77935], [-1.17944, 44.78586], [-1.18046, 44.7826], [-1.17671, 44.77858], [-1.17193, 44.77782], [-1.16715, 44.77706], [-1.17295, 44.77456], [-1.17876, 44.77207], [-1.18353, 44.77283], [-1.18251, 44.77609], [-1.18149, 44.77935]]]}}, {"type": "Feature", "properties": {"nb_detections_cluster": 37, "frp_max": 50.61, "frp_moyen": 15.56, "derniere_detection": "2026-07-25T13:16:00", "fetch_timestamp": "2026-07-25T13:16:00"}, "geometry": {"type": "Polygon", "coordinates": [[[-1.22489, 44.77989], [-1.22871, 44.78456], [-1.22179, 44.78387], [-1.21487, 44.78317], [-1.21152, 44.77908], [-1.20878, 44.77858], [-1.20797, 44.78248], [-1.20632, 44.77976], [-1.20543, 44.77635], [-1.20657, 44.7757], [-1.21063, 44.77567], [-1.21231, 44.77876], [-1.21567, 44.77928], [-1.22259, 44.77997], [-1.22489, 44.77989]]]}}, {"type": "Feature", "properties": {"nb_detections_cluster": 2, "frp_max": 1.38, "frp_moyen": 1.38, "derniere_detection": "2026-07-25T02:11:00", "fetch_timestamp": "2026-07-25T13:16:00"}, "geometry": {"type": "Polygon", "coordinates": [[[-1.195261328532158, 44.77543172258969], [-1.195342715489469, 44.775407435329896], [-1.195757651085223, 44.775316473067186], [-1.196183104890315, 44.77525491638354], [-1.196614980196193, 44.77522335800436], [-1.197049118492607, 44.775222101802505], [-1.197481339490025, 44.77525115987384], [-1.197907481351213, 44.77531025242075], [-1.198323440745614, 44.77539881044503], [-1.198725212341731, 44.77551598122385], [-1.199108927358196, 44.77566063651671], [-1.199470890803081, 44.77583138342408], [-1.199807617043573, 44.776026577793786], [-1.20011586336403, 44.776244340046006], [-1.200392661189637, 44.776482573265255], [-1.200635344675185, 44.77673898338486], [-1.200841576383641, 44.77701110127071], [-1.201009369807018, 44.777296306491124], [-1.20113710851229, 44.77759185254502], [-1.201223561727363, 44.777894893305145], [-1.201267896216327, 44.77820251042248], [-1.201269684328713, 44.77851174142761], [-1.201228908144339, 44.778819608259], [-1.201145959672767, 44.779123145943245], [-1.201021637104466, 44.77941943115124], [-1.20085713714872, 44.77970561035509], [-1.200654043531164, 44.779978927314474], [-1.200414311760799, 44.78023674962758], [-1.200140250312509, 44.780476594090764], [-1.199834498405692, 44.78069615062197], [-1.19950000059259, 44.78089330451776], [-1.199139978400876, 44.78106615682882], [-1.198757899303547, 44.781213042657384], [-1.198357443315184, 44.78133254720031], [-1.197942467536639, 44.7814235193824], [-1.197516968990181, 44.78148508294899], [-1.197085046103753, 44.78151664491011], [-1.196650859216096, 44.781517901255306], [-1.196218590484078, 44.78148883988316], [-1.195792403579345, 44.78142974071815], [-1.195376403563453, 44.78134117301283], [-1.194974597328962, 44.78122398986204], [-1.194590854988371, 44.78107931998174], [-1.194228872583657, 44.780908556832046], [-1.193892136476253, 44.780713345189326], [-1.193658566264675, 44.78054832534821], [-1.193577171140305, 44.780572611414605], [-1.19316219323741, 44.7806635656806], [-1.192736695208682, 44.78072511088515], [-1.192304775477088, 44.78075665421519], [-1.191870594350989, 44.78075789183964], [-1.191438333931746, 44.7807288118375], [-1.191012157810915, 44.780669694312614], [-1.190596170946147, 44.78058110869442], [-1.190194380103287, 44.78046390825029], [-1.189810655246531, 44.78031922186274], [-1.1894486922494, 44.7801484431509], [-1.189111977286332, 44.779953217041005], [-1.188803753248429, 44.779735423915966], [-1.1885269885072, 44.77949716149665], [-1.188284348327299, 44.77924072462995], [-1.188078169203618, 44.77896858317852], [-1.18791043636967, 44.77868335822561], [-1.187782764693457, 44.7783877968245], [-1.18769638314429, 44.778084745535836], [-1.187652122979385, 44.777777123008285], [-1.187650409763162, 44.77746789186644], [-1.187691259295157, 44.777160030177264], [-1.187774277484761, 44.776856502769576], [-1.187898664172926, 44.77656023268285], [-1.188063220863067, 44.77627407302054], [-1.188266362285695, 44.77600077947847], [-1.188506131684594, 44.77574298381278], [-1.188780219676559, 44.77550316850275], [-1.189085986502492, 44.775283642852195], [-1.18942048745519, 44.77508652075915], [-1.189780501238673, 44.77491370036763], [-1.190162560986004, 44.774766845797025], [-1.190562987637012, 44.77464737112484], [-1.190977925354892, 44.77455642677646], [-1.19140337864117, 44.77449488845287], [-1.191835250792305, 44.77446334870268], [-1.192269383328427, 44.77446211121943], [-1.192701596015461, 44.7744911879187], [-1.193127727096172, 44.774550298823506], [-1.193543673343775, 44.77463887475887], [-1.193945429553322, 44.774756062829546], [-1.194329127091555, 44.77490073462845], [-1.194691071134789, 44.775071497097166], [-1.195027776236973, 44.77526670593362], [-1.195261328532158, 44.77543172258969]]]}}, {"type": "Feature", "properties": {"nb_detections_cluster": 10, "frp_max": 114.06, "frp_moyen": 47.35, "derniere_detection": "2026-07-24T13:55:00", "fetch_timestamp": "2026-07-25T13:16:00"}, "geometry": {"type": "Polygon", "coordinates": [[[-1.168130854308625, 44.7931863459833], [-1.168129247985273, 44.792877112916614], [-1.168170215596764, 44.79256925680406], [-1.168253361915002, 44.7922657424206], [-1.168377885546766, 44.79196949268021], [-1.168542586676499, 44.79168336049023], [-1.16874587864365, 44.791410101281876], [-1.168985803242246, 44.79115234648051], [-1.169260049594592, 44.79091257817184], [-1.169565976416761, 44.790693105206984], [-1.169900637461034, 44.7904960409766], [-1.170260809890078, 44.79032328306744], [-1.170643025309577, 44.790176494997255], [-1.171043603160647, 44.790057090203106], [-1.171458686150864, 44.789966218437534], [-1.171884277383214, 44.789904754702604], [-1.172316278826145, 44.789873290828744], [-1.172750530755084, 44.78987212977881], [-1.173182851786522, 44.78990128273247], [-1.173609079120123, 44.78996046897853], [-1.174025108602358, 44.79004911861646], [-1.174426934226814, 44.79016637804137], [-1.17481068669176, 44.79031111815911], [-1.175172670644467, 44.790481945253354], [-1.175509400254364, 44.79067721439974], [-1.175817632773015, 44.79089504529838], [-1.176094399758093, 44.79113334037263], [-1.176337035660912, 44.791389804960154], [-1.176543203502147, 44.791661969402185], [-1.176710917388332, 44.79194721281865], [-1.176838561651859, 44.79224278834046], [-1.176924906429621, 44.792545849556475], [-1.176969119529512, 44.79285347792054], [-1.176970774469664, 44.793162710854745], [-1.176929854612043, 44.79347057027884], [-1.176846753349591, 44.7937740912906], [-1.176722270344059, 44.79407035072136], [-1.176557603849761, 44.7943564952913], [-1.176354339196227, 44.79462976909353], [-1.176114433539786, 44.79488754014182], [-1.17584019703019, 44.79512732572611], [-1.175534270573123, 44.795346816331374], [-1.175199600402267, 44.79554389788906], [-1.174839409705687, 44.79571667214654], [-1.174457167579711, 44.79586347495779], [-1.174056555609535, 44.79598289231927], [-1.173641432398765, 44.79607377399548], [-1.173215796390066, 44.79613524460349], [-1.17278374733572, 44.79616671204877], [-1.172349446789978, 44.79616787323116], [-1.17191707800467, 44.79613871696595], [-1.171490805615284, 44.79607952409162], [-1.171074735506817, 44.79599086476332], [-1.170672875246926, 44.79587359295844], [-1.170289095468362, 44.79572883824682], [-1.169927092573503, 44.79555799490566], [-1.169590353120853, 44.795362708483665], [-1.169282120237103, 44.79514485994461], [-1.169005362378607, 44.794906547543064], [-1.168762744743326, 44.79465006660721], [-1.168556603608566, 44.794377887424105], [-1.168388923841486, 44.79409263144031], [-1.168261319798513, 44.793797046007874], [-1.1681750197971, 44.79349397791877], [-1.168130854308625, 44.7931863459833]]]}}, {"type": "Feature", "properties": {"nb_detections_cluster": 19, "frp_max": 14.55, "frp_moyen": 5.77, "derniere_detection": "2026-07-25T02:11:00", "fetch_timestamp": "2026-07-25T13:16:00"}, "geometry": {"type": "Polygon", "coordinates": [[[-1.2239, 44.80796], [-1.21837, 44.80574], [-1.21844, 44.80265], [-1.2239, 44.80796]]]}}, {"type": "Feature", "properties": {"nb_detections_cluster": 16, "frp_max": 12.25, "frp_moyen": 9.31, "derniere_detection": "2026-07-24T13:55:00", "fetch_timestamp": "2026-07-25T13:16:00"}, "geometry": {"type": "Polygon", "coordinates": [[[-1.189539330389012, 44.81337720029073], [-1.18953760570475, 44.81306796543903], [-1.189578470773085, 44.81276009933099], [-1.189661531352904, 44.812456566838], [-1.189785986876088, 44.812160291048514], [-1.189950638182371, 44.81187412512095], [-1.190153899090404, 44.81160082481146], [-1.190393811692735, 44.81134302194128], [-1.190668065226655, 44.811103199059126], [-1.190974018338597, 44.81088366554173], [-1.191308724527276, 44.81068653536288], [-1.191668960520316, 44.81051370674439], [-1.192051257311079, 44.810366843884914], [-1.192451933556994, 44.81024736094177], [-1.19286713101812, 44.81015640841994], [-1.193292851695229, 44.810094862099135], [-1.193724996310461, 44.81006331460496], [-1.194159403760831, 44.81006206970549], [-1.194591891165573, 44.81009113938775], [-1.19501829412265, 44.81015024374232], [-1.195434506787792, 44.81023881365732], [-1.195836521391065, 44.81035599629539], [-1.19622046681139, 44.81050066330189], [-1.196582645838372, 44.81067142166449], [-1.196919570763314, 44.81086662712066], [-1.197227996957259, 44.81108439998392], [-1.19750495411307, 44.81132264323653], [-1.197747774850886, 44.81157906271525], [-1.197954120411491, 44.811851189195814], [-1.198122003189918, 44.81213640216378], [-1.198249805891957, 44.81243195504345], [-1.198336297128448, 44.812735001641826], [-1.198380643296489, 44.81304262355364], [-1.198382416632282, 44.81335185826331], [-1.198341599357077, 44.81365972767359], [-1.198258583875324, 44.81396326678623], [-1.198134169022051, 44.814259552258356], [-1.197969552394601, 44.81454573055947], [-1.197766318841635, 44.81481904545793], [-1.197526425219364, 44.815076864571786], [-1.197252181561105, 44.815316704728154], [-1.19694622884091, 44.81553625588645], [-1.196611513545005, 44.815733403394944], [-1.196251259295757, 44.81590624836585], [-1.195868935801378, 44.81605312597208], [-1.195468225430642, 44.81617262148967], [-1.195052987734889, 44.81626358393037], [-1.194627222259543, 44.81632513713329], [-1.194195030004033, 44.81635668820836], [-1.193760573902133, 44.816357933249854], [-1.193328038704261, 44.81632886026535], [-1.192901590649116, 44.81626974929112], [-1.192485337314063, 44.81618116969349], [-1.192083288031958, 44.81606397468185], [-1.191699315256566, 44.815919293086424], [-1.191337117249524, 44.81574851848014], [-1.191000182448923, 44.81555329574974], [-1.190691755863232, 44.81533550524559], [-1.190414807814646, 44.81509724466333], [-1.190172005333037, 44.8148408088322], [-1.189965686476048, 44.81456866760486], [-1.189797837822442, 44.81428344206247], [-1.189670075355029, 44.81398787926394], [-1.189583628916778, 44.81368482578345], [-1.189539330389012, 44.81337720029073]]]}}, {"type": "Feature", "properties": {"nb_detections_cluster": 1, "frp_max": 7.79, "frp_moyen": 7.79, "derniere_detection": "2026-07-24T13:33:00", "fetch_timestamp": "2026-07-25T13:16:00"}, "geometry": {"type": "Polygon", "coordinates": [[[-1.179109227057049, 44.814296784698094], [-1.179107559729214, 44.81398754959184], [-1.179148482595795, 44.8136796872341], [-1.179231600859063, 44.81337616245999], [-1.179356113395422, 44.81307989828361], [-1.179520820495622, 44.81279374775144], [-1.179724135441103, 44.81252046647135], [-1.17996409980414, 44.81226268608128], [-1.180238402323703, 44.812022888913425], [-1.180544401174643, 44.81180338409682], [-1.18087914941537, 44.81160628532885], [-1.181239423368706, 44.81143349052893], [-1.181621753662616, 44.811286663569966], [-1.182022458632046, 44.811167218263535], [-1.182437679760576, 44.81107630475229], [-1.182863418821172, 44.811014798440254], [-1.183295576359026, 44.810983291567815], [-1.183729991146757, 44.81098208751188], [-1.184162480232964, 44.8110111978662], [-1.184588879199405, 44.81107034232976], [-1.185005082240193, 44.81115895140441], [-1.185407081677995, 44.81127617187577], [-1.185791006537678, 44.81142087502485], [-1.186153159806711, 44.81159166749132], [-1.1864900540243, 44.81178690468424], [-1.186798444857043, 44.81200470661147], [-1.187075362338162, 44.81224297597539], [-1.187318139469704, 44.81249941836129], [-1.187524437912219, 44.81277156432425], [-1.187692270514349, 44.81305679316218], [-1.18782002046496, 44.81335235814647], [-1.187906456882794, 44.81365541296753], [-1.187950746692794, 44.81396303914084], [-1.187952462673852, 44.81427227410968], [-1.187911587599559, 44.814580139774286], [-1.187828514431008, 44.81488367117237], [-1.187704042558835, 44.81517994503529], [-1.187539370129586, 44.81546610794435], [-1.187336082529438, 44.815739403816046], [-1.187096137135246, 44.81599720045164], [-1.186821844479082, 44.81623701489468], [-1.186515846007047, 44.816456537352224], [-1.186181088646173, 44.81665365344898], [-1.185820796424117, 44.81682646459961], [-1.185438439414971, 44.81697330630282], [-1.185037700310444, 44.81709276418042], [-1.184622438938744, 44.817183687606686], [-1.184196655073431, 44.817245200796556], [-1.183764449891133, 44.81727671124532], [-1.183329986450177, 44.817277915438645], [-1.182897449571682, 44.81724880177749], [-1.182471005510523, 44.81718965068997], [-1.182054761805551, 44.81710103192876], [-1.181652727696795, 44.8169837990805], [-1.181268775491782, 44.816839081339836], [-1.180906603253903, 44.81666827262782], [-1.180569699172915, 44.81647301815972], [-1.180261307961267, 44.816255198591534], [-1.179984399600297, 44.81601691189882], [-1.179741640737475, 44.81576045316225], [-1.179535369010194, 44.81548829245504], [-1.179367570543162, 44.81520305104592], [-1.17923986083572, 44.81490747614662], [-1.179153469222603, 44.814604414447714], [-1.179109227057049, 44.814296784698094]]]}}, {"type": "Feature", "properties": {"nb_detections_cluster": 1, "frp_max": 8.71, "frp_moyen": 8.71, "derniere_detection": "2026-07-24T13:33:00", "fetch_timestamp": "2026-07-25T13:16:00"}, "geometry": {"type": "Polygon", "coordinates": [[[-1.169338800088954, 44.819356395627004], [-1.169337186371099, 44.81904715985467], [-1.169378166442363, 44.8187393005841], [-1.169461344954014, 44.81843578262065], [-1.16958592020218, 44.818139528912816], [-1.16975069187365, 44.81785339240615], [-1.169954072628041, 44.8175801285734], [-1.170194103403923, 44.817322368884476], [-1.170468472300787, 44.817082595472165], [-1.170774536854377, 44.81686311723672], [-1.171109349490522, 44.81666604761951], [-1.171469685912077, 44.816493284259224], [-1.171852076145612, 44.81634649072602], [-1.172252837949033, 44.81622708050965], [-1.172668112258792, 44.81613620341478], [-1.173093900335892, 44.81607473449483], [-1.173526102253651, 44.816043265630114], [-1.173960556357449, 44.816042099831606], [-1.174393079317373, 44.81607124832463], [-1.174819506389049, 44.816130430440964], [-1.175235731495974, 44.81621907631988], [-1.175637746748321, 44.81633633239264], [-1.176021681018617, 44.816481069597415], [-1.176383837203631, 44.816651894245936], [-1.176720727814375, 44.816847161437366], [-1.177029108552041, 44.81706499089068], [-1.177306009546898, 44.817303285043174], [-1.17754876395957, 44.81755974924136], [-1.177755033669197, 44.81783191383029], [-1.177922831800917, 44.81811715792843], [-1.178050541875355, 44.81841273466017], [-1.178136933395081, 44.81871579760276], [-1.178181173717244, 44.81902342819336], [-1.178182836097177, 44.81933266383268], [-1.178141903824548, 44.819640526414396], [-1.178058770411212, 44.819944051005905], [-1.177934235827942, 44.82024031440403], [-1.177769498825216, 44.82052646329078], [-1.177566145411121, 44.8207997417177], [-1.17732613359641, 44.82105751765398], [-1.177051774552928, 44.82129730834251], [-1.176745710366272, 44.82151680421908], [-1.176410888596506, 44.82171389116437], [-1.176050533891781, 44.821886670873845], [-1.175668116928138, 44.82203347914899], [-1.175267320974893, 44.82215290193361], [-1.17485200640795, 44.82224378893995], [-1.174426173513371, 44.82230526473377], [-1.173993923940147, 44.82233673717055], [-1.173559421174272, 44.822337903102095], [-1.173126850415713, 44.82230875129791], [-1.172700378245721, 44.82224956255353], [-1.172284112473899, 44.82216090698433], [-1.171882062552807, 44.822043638531454], [-1.171498100942218, 44.82189888673253], [-1.171135925796032, 44.82172804583664], [-1.170799025331905, 44.821532761369006], [-1.170490644227309, 44.821314914274566], [-1.170213752366071, 44.82107660279398], [-1.169971016236568, 44.8208201222466], [-1.169764773257052, 44.8205479429157], [-1.169597009275155, 44.82026268624935], [-1.1694693394579, 44.819967099606124], [-1.169382992755653, 44.819664029789685], [-1.169338800088954, 44.819356395627004]]]}}, {"type": "Feature", "properties": {"nb_detections_cluster": 1, "frp_max": 7.16, "frp_moyen": 7.16, "derniere_detection": "2026-07-24T13:33:00", "fetch_timestamp": "2026-07-25T13:16:00"}, "geometry": {"type": "Polygon", "coordinates": [[[-1.154378320030154, 44.82489579974691], [-1.154376788478844, 44.824586563194096], [-1.15441785454716, 44.8242787088891], [-1.154501122058085, 44.82397520158938], [-1.154625788450609, 44.82367896414059], [-1.154790652533781, 44.82339284933168], [-1.154994126077327, 44.82311961242633], [-1.155234249126355, 44.82286188463508], [-1.155508708891902, 44.82262214778348], [-1.155814862034829, 44.82240271041966], [-1.156149760128067, 44.82220568559139], [-1.156510178051759, 44.82203297050601], [-1.156892645047864, 44.821886228268795], [-1.157293478135316, 44.82176687187556], [-1.157708817564354, 44.82167605061268], [-1.158134663969107, 44.82161463899595], [-1.158566916861398, 44.82158322835395], [-1.159001414095883, 44.82158212113696], [-1.159433971927415, 44.821611328006306], [-1.159860425275876, 44.8216705677316], [-1.160276667811731, 44.82175926989748], [-1.160678691477271, 44.82187658039312], [-1.161062625063911, 44.8220213696327], [-1.161424771474864, 44.82219224342686], [-1.161761643315082, 44.822387556401516], [-1.162069996466289, 44.82260542783475], [-1.16234686132417, 44.82284375975954], [-1.162589571397077, 44.82310025715866], [-1.162795788990868, 44.82337245005734], [-1.162963527732289, 44.823657717301394], [-1.16309117171364, 44.823953311792216], [-1.163177491073737, 44.82425638693594], [-1.163221653864438, 44.82456402405215], [-1.163223234087557, 44.82487326047862], [-1.163182215823835, 44.82518111810137], [-1.163098993413185, 44.825484632035405], [-1.162974367683442, 44.82578087918013], [-1.162809538262906, 44.82606700637401], [-1.162606092049786, 44.8263402578774], [-1.162365987948682, 44.82659800191876], [-1.162091538020399, 44.82683775604806], [-1.161785385226034, 44.8270572110532], [-1.161450477979261, 44.827254253208466], [-1.161090041751704, 44.82742698464067], [-1.16070754800481, 44.827573741616284], [-1.160306680747661, 44.82769311057316], [-1.159891301043144, 44.827783941742084], [-1.159465409804892, 44.82784536022656], [-1.159033109244009, 44.827876774434145], [-1.158598563337716, 44.827877881777454], [-1.15816595770159, 44.827848671590374], [-1.157739459252852, 44.82778942523073], [-1.157323176054218, 44.827700713368934], [-1.156921117726041, 44.82758339048832], [-1.156537156808975, 44.82743858665071], [-1.156174991450097, 44.82726769660644], [-1.155838109772617, 44.827072366354066], [-1.155529756272847, 44.82685447727953], [-1.155252900568501, 44.826616128027744], [-1.155010208799461, 44.826359614281806], [-1.154804017956459, 44.82608740664471], [-1.154636313384733, 44.82580212683702], [-1.154508709678862, 44.825506522440165], [-1.154422435152263, 44.82520344042867], [-1.154378320030154, 44.82489579974691]]]}}, {"type": "Feature", "properties": {"nb_detections_cluster": 37, "frp_max": 68.48, "frp_moyen": 21.55, "derniere_detection": "2026-07-25T02:11:00", "fetch_timestamp": "2026-07-25T13:16:00"}, "geometry": {"type": "Polygon", "coordinates": [[[-1.13786, 44.83956], [-1.13517, 44.83086], [-1.13674, 44.83403], [-1.13786, 44.83956]]]}}, {"type": "Feature", "properties": {"nb_detections_cluster": 281, "frp_max": 188.5, "frp_moyen": 35.17, "derniere_detection": "2026-07-25T13:16:00", "fetch_timestamp": "2026-07-25T13:16:00"}, "geometry": {"type": "Polygon", "coordinates": [[[-1.11344, 44.89189], [-1.09768, 44.90989], [-1.07907, 44.89989], [-1.09429, 44.88882], [-1.09413, 44.86865], [-1.08339, 44.86086], [-1.07974, 44.85305], [-1.0851, 44.85286], [-1.09046, 44.85266], [-1.11489, 44.8485], [-1.12887, 44.84304], [-1.14322, 44.84533], [-1.15758, 44.84762], [-1.1634, 44.85261], [-1.14595, 44.8526], [-1.12646, 44.8666], [-1.11653, 44.88211], [-1.1155, 44.88537], [-1.11447, 44.88863], [-1.11344, 44.89189]]]}}, {"type": "Feature", "properties": {"nb_detections_cluster": 31, "frp_max": 40.19, "frp_moyen": 19.03, "derniere_detection": "2026-07-24T13:55:00", "fetch_timestamp": "2026-07-25T13:16:00"}, "geometry": {"type": "Polygon", "coordinates": [[[-1.165075280843407, 44.86389622820504], [-1.165073689323549, 44.86358698787993], [-1.16511472527039, 44.86327912571223], [-1.165197992796009, 44.86297560653515], [-1.165322689338278, 44.86267935330881], [-1.165487613414973, 44.86239321897417], [-1.165691176217219, 44.86211995898297], [-1.165931416929813, 44.86186220476811], [-1.166206021630071, 44.861622438409604], [-1.166512345582672, 44.86140296873979], [-1.16684743871536, 44.861205909117544], [-1.167208074029938, 44.86103315708522], [-1.167590778674959, 44.86088637610393], [-1.167991867381049, 44.8607669795425], [-1.168407477937244, 44.86067611707413], [-1.168833608367272, 44.86061466361139], [-1.169266155448458, 44.86058321088576], [-1.169700954203172, 44.86058206175277], [-1.170133817983438, 44.86061122727732], [-1.170560578763676, 44.86067042662715], [-1.170977127254586, 44.86075908977564], [-1.171379452452864, 44.86087636298775], [-1.171763680246827, 44.861021117036636], [-1.172126110707014, 44.861191958071785], [-1.172463253703383, 44.86138724103465], [-1.17277186250666, 44.861605085492286], [-1.173048965050654, 44.86184339373752], [-1.173291892554677, 44.86209987098118], [-1.173498305230417, 44.86237204744267], [-1.173666214825497, 44.8626573021261], [-1.173794003786253, 44.862952888053954], [-1.173880440854576, 44.86325595871486], [-1.173924692947904, 44.86356359547164], [-1.173926333207101, 44.86387283566563], [-1.173885345133758, 44.864180701146566], [-1.173802122776046, 44.86448422695392], [-1.173677466960314, 44.8647804898728], [-1.173512577603691, 44.865066636589745], [-1.173309042180775, 44.86533991117718], [-1.173068820454599, 44.865597681641276], [-1.172794225618209, 44.86583746527755], [-1.172487902027862, 44.866056952589716], [-1.172152799741896, 44.866254029540904], [-1.171792146110261, 44.86642679792282], [-1.171409414688318, 44.86657359364603], [-1.171008291774464, 44.866693002775236], [-1.170592640894247, 44.86678387515416], [-1.170166465573572, 44.86684533548949], [-1.169733870760232, 44.866876791785586], [-1.169299023266178, 44.8668779410497], [-1.168866111612411, 44.866848772211924], [-1.168439305664267, 44.86678956623178], [-1.168022716446819, 44.86670089339075], [-1.16762035652847, 44.866583607796336], [-1.167236101355178, 44.866438839151236], [-1.166873651908572, 44.866267981866855], [-1.166536499048336, 44.866072681626214], [-1.166227889882804, 44.865854819526234], [-1.165950796492089, 44.86561649395205], [-1.165707887305123, 44.86536000035879], [-1.165501501406306, 44.865087809155376], [-1.16533362601899, 44.86480254190419], [-1.165205877382253, 44.86450694606575], [-1.165119485204581, 44.86420386853228], [-1.165075280843407, 44.86389622820504]]]}}, {"type": "Feature", "properties": {"nb_detections_cluster": 2, "frp_max": 27.92, "frp_moyen": 25.85, "derniere_detection": "2026-07-24T13:33:00", "fetch_timestamp": "2026-07-25T13:16:00"}, "geometry": {"type": "Polygon", "coordinates": [[[-1.13984037210891, 44.87578527625386], [-1.139960082505545, 44.875943249516325], [-1.140127862274018, 44.876228556125874], [-1.140255505541107, 44.87652418190365], [-1.140341782451196, 44.87682727995434], [-1.140385861463589, 44.87713493137682], [-1.140387317385566, 44.87744417337094], [-1.140346135493638, 44.87775202776893], [-1.140262711702335, 44.87805552971672], [-1.140137848777832, 44.87835175622904], [-1.139972748631874, 44.87863785434285], [-1.139769000769247, 44.87891106859849], [-1.139528566999206, 44.87916876758303], [-1.139253762557306, 44.8794084692803], [-1.138947233818938, 44.879627864983064], [-1.138611932818721, 44.87982484153672], [-1.138251088820981, 44.87999750169986], [-1.13786817721509, 44.88014418242538], [-1.1374668860354, 44.88026347088551], [-1.137051080428612, 44.880354218086325], [-1.136624765411349, 44.880415549940146], [-1.136192047277305, 44.8804468756889], [-1.135757094026528, 44.88044789359729], [-1.135324095198859, 44.88041859386064], [-1.134897221499385, 44.88035925869937], [-1.134480584605754, 44.880270459639185], [-1.13407819754547, 44.88015305200335], [-1.133693936025706, 44.880008166670066], [-1.13333150108891, 44.879837199174595], [-1.132994383454608, 44.87964179626147], [-1.132685829891376, 44.879423840016436], [-1.132408811943249, 44.879185429731315], [-1.13216599731196, 44.87892886167701], [-1.131959724170603, 44.87865660697948], [-1.131791978655931, 44.87837128781245], [-1.131664375755613, 44.87807565213628], [-1.131578143773998, 44.87777254722668], [-1.1315341125252, 44.87746489224832], [-1.131532705366418, 44.87715565013808], [-1.131573935147192, 44.87684779906812], [-1.131657404112654, 44.876544303764646], [-1.131782307760611, 44.87624808695759], [-1.13194744261434, 44.875962001237006], [-1.13215121783525, 44.87568880158632], [-1.132391670562729, 44.87543111885718], [-1.132666484832693, 44.87519143444107], [-1.132973013892066, 44.87497205638114], [-1.133308305693894, 44.87477509715396], [-1.133669131327337, 44.87460245333511], [-1.134052016108757, 44.87445578734361], [-1.134453273034647, 44.874336511440966], [-1.134869038274662, 44.874245774138544], [-1.135295308363454, 44.87418444914364], [-1.1357279787339, 44.87415312695075], [-1.136162883221483, 44.87415210915848], [-1.136595834160305, 44.87418140556709], [-1.136619860986415, 44.87418474530632], [-1.136500163737123, 44.87402676853122], [-1.136332408982033, 44.87374145663987], [-1.136204792696963, 44.87344582661347], [-1.136118543315299, 44.87314272567329], [-1.136074490818873, 44.87283507294588], [-1.136073058769633, 44.87252583134636], [-1.136114260256949, 44.87221797904208], [-1.136197697798531, 44.87191448077113], [-1.136322567194892, 44.871618259292084], [-1.136487665299222, 44.87133216723997], [-1.136691401626874, 44.87105895965923], [-1.136931813691797, 44.8708012674779], [-1.137206585921479, 44.870561572178545], [-1.13751307196766, 44.870342181909045], [-1.137848320197548, 44.87014520926363], [-1.138209102119823, 44.86997255094709], [-1.138591943471688, 44.86982586951803], [-1.13899315766776, 44.86970657738664], [-1.139408881289063, 44.86961582322056], [-1.139835111270919, 44.86955448088948], [-1.140267743432322, 44.86952314105478], [-1.140702611976596, 44.86952210548496], [-1.141135529583881, 44.869551384151464], [-1.141562327710334, 44.869610695132586], [-1.141978896707005, 44.86969946732682], [-1.142381225373012, 44.86981684594909], [-1.142765439563073, 44.86996170075753], [-1.143127839478439, 44.870132636931395], [-1.143464935282842, 44.87032800849596], [-1.143773480701034, 44.870545934165044], [-1.144050504276742, 44.870784315449335], [-1.14429333798924, 44.87104085685629], [-1.144499642952915, 44.87131308798723], [-1.144667431952165, 44.87159838731974], [-1.144795088594204, 44.87189400744615], [-1.144881382894751, 44.872197101525586], [-1.144925483145768, 44.8725047506952], [-1.144926963950122, 44.872813992176546], [-1.144885810344811, 44.87312184780682], [-1.144802417972051, 44.87342535272017], [-1.144677589295513, 44.873721583902714], [-1.144512525897166, 44.87400768834654], [-1.144308816927928, 44.87428091053098], [-1.144068423822481, 44.874538618966795], [-1.143793661424733, 44.874778331546814], [-1.143487175705111, 44.87499773945899], [-1.143151918283856, 44.87519472943113], [-1.142791118005509, 44.87536740409261], [-1.142408249838277, 44.87551410025669], [-1.142007001398045, 44.87563340494689], [-1.141591237419772, 44.875724169012976], [-1.141164962519033, 44.87578551820481], [-1.14073228260304, 44.87581686159734], [-1.140297365303651, 44.87581789728532], [-1.13986439981436, 44.87578861529279], [-1.13984037210891, 44.87578527625386]]]}}, {"type": "Feature", "properties": {"nb_detections_cluster": 15, "frp_max": 50.39, "frp_moyen": 15.77, "derniere_detection": "2026-07-25T02:11:00", "fetch_timestamp": "2026-07-25T13:16:00"}, "geometry": {"type": "Polygon", "coordinates": [[[-1.1627, 44.87922], [-1.17009, 44.87503], [-1.16749, 44.87999], [-1.16167, 44.88248], [-1.15107, 44.88421], [-1.15688, 44.88172], [-1.1627, 44.87922]]]}}, {"type": "Feature", "properties": {"nb_detections_cluster": 51, "frp_max": 249.54, "frp_moyen": 53.59, "derniere_detection": "2026-07-25T13:16:00", "fetch_timestamp": "2026-07-25T13:16:00"}, "geometry": {"type": "Polygon", "coordinates": [[[-1.11798, 44.78972], [-1.11928, 44.79488], [-1.11695, 44.79298], [-1.11358, 44.7894], [-1.1132, 44.78896], [-1.10842, 44.78819], [-1.10945, 44.78493], [-1.10259, 44.7841], [-1.10056, 44.78059], [-1.10569, 44.78091], [-1.11047, 44.78168], [-1.1115, 44.77842], [-1.11628, 44.77919], [-1.12106, 44.77995], [-1.12003, 44.78321], [-1.12111, 44.78374], [-1.11901, 44.78646], [-1.11798, 44.78972]]]}}, {"type": "Feature", "properties": {"nb_detections_cluster": 9, "frp_max": 32.3, "frp_moyen": 19.92, "derniere_detection": "2026-07-24T13:55:00", "fetch_timestamp": "2026-07-25T13:16:00"}, "geometry": {"type": "Polygon", "coordinates": [[[-1.122473356643321, 44.88671453164348], [-1.122471999167842, 44.886405288521885], [-1.122513285432072, 44.886097439923006], [-1.122596817136977, 44.885793950549164], [-1.122721789175996, 44.88549774307315], [-1.12288699741366, 44.88521166999511], [-1.123090850304597, 44.88493848617661], [-1.123331384240194, 44.88468082231687], [-1.123606282474347, 44.88444115962559], [-1.123912897445472, 44.884221805936654], [-1.124248276279396, 44.88402487349198], [-1.124609189227315, 44.88385225860919], [-1.124992160764938, 44.883705623428625], [-1.125393503053516, 44.883586379915165], [-1.125809351440889, 44.88349567626825], [-1.126235701661233, 44.883434385871105], [-1.126668448375997, 44.88340309888508], [-1.127103424685682, 44.88340211656978], [-1.127536442232935, 44.88343144838385], [-1.127963331511732, 44.88349081189384], [-1.128379981995509, 44.88357963549245], [-1.128782381698772, 44.88369706389961], [-1.12916665579219, 44.88384196639408], [-1.129529103900107, 44.88401294769595], [-1.129866235722047, 44.88420836139586], [-1.130174804635726, 44.884426325801925], [-1.130451838958359, 44.884664742051775], [-1.130694670565414, 44.884921314316074], [-1.130900960591203, 44.885193571899], [-1.13106872196359, 44.88547889302332], [-1.131196338555436, 44.885774530071444], [-1.131282580767738, 44.886077636039445], [-1.131326617393687, 44.88638529194991], [-1.131328023648504, 44.8866945349594], [-1.131286785286793, 44.88700238689033], [-1.131203298766719, 44.88730588291235], [-1.131078367458417, 44.887602100097126], [-1.130913193932099, 44.8878881855715], [-1.130709368399196, 44.8881613839974], [-1.130468853416971, 44.88841906411435], [-1.130193965003156, 44.88865874408787], [-1.12988735034195, 44.8888781154199], [-1.129551962295611, 44.889075065190546], [-1.129191030966975, 44.88924769641635], [-1.12880803258669, 44.889394346328864], [-1.128406656025056, 44.889513602397145], [-1.127990767251328, 44.889604315939245], [-1.127564372083351, 44.889665613191674], [-1.127131577586993, 44.889696903729664], [-1.126696552497971, 44.889697886157066], [-1.1262634870482, 44.889668551010935], [-1.125836552584571, 44.889609180852766], [-1.125419861370077, 44.88952034754539], [-1.125017426955469, 44.88940290674193], [-1.124633125504015, 44.88925798964002], [-1.124270658442727, 44.889086992080955], [-1.123933516800448, 44.88889156109881], [-1.123624947576851, 44.888673579049645], [-1.123347922466633, 44.88843514547383], [-1.123105109240296, 44.88817855686653], [-1.122898846057169, 44.887906284551626], [-1.122731118957838, 44.88762095087247], [-1.122603542752348, 44.887325303929174], [-1.122517345487676, 44.887022191105864], [-1.122473356643321, 44.88671453164348]]]}}, {"type": "Feature", "properties": {"nb_detections_cluster": 2, "frp_max": 13.78, "frp_moyen": 10.72, "derniere_detection": "2026-07-25T03:30:00", "fetch_timestamp": "2026-07-25T13:16:00"}, "geometry": {"type": "Polygon", "coordinates": [[[-1.125567656259691, 44.89606972087984], [-1.125807039317524, 44.896208461064695], [-1.126115658442064, 44.896426437562766], [-1.12639273475443, 44.896664864828274], [-1.126635599725577, 44.89692144692579], [-1.126841914168321, 44.897193713064766], [-1.127009690775153, 44.8974790413856], [-1.127137313271956, 44.897774684201316], [-1.12722355200257, 44.898077794452476], [-1.127267575793409, 44.898385453120376], [-1.127268959982997, 44.898694697335024], [-1.127227690538136, 44.89900254890716], [-1.127144164216059, 44.89930604300989], [-1.127019184769964, 44.899602256733345], [-1.126853955233444, 44.89988833723762], [-1.126650066357179, 44.90016152923257], [-1.126409481308349, 44.900419201519576], [-1.126134516779421, 44.90065887233956], [-1.125827820687632, 44.90087823328262], [-1.125492346679533, 44.90107517152892], [-1.125131325685943, 44.90124779020594], [-1.124748234801215, 44.90139442666615], [-1.124346763786743, 44.90151366850812], [-1.123930779521676, 44.90160436718695], [-1.123504288743784, 44.9016656490823], [-1.123071399440015, 44.901696923917314], [-1.122636281259439, 44.901697890447096], [-1.122203125330798, 44.90166853936187], [-1.121776103872625, 44.90160915337663], [-1.121359329985969, 44.90152030450666], [-1.120956818017969, 44.901402848554966], [-1.120572444878938, 44.901257916865106], [-1.120209912686387, 44.901086905418886], [-1.11987271309646, 44.90089146138412], [-1.119564093666887, 44.9006734672426], [-1.119287026575804, 44.90043502265116], [-1.119044179997885, 44.900178424211035], [-1.118837892413472, 44.89990614334079], [-1.118670150097925, 44.899620802466195], [-1.118542568007565, 44.8993251497566], [-1.118456374245755, 44.899022032651686], [-1.118412398257955, 44.89871437043355], [-1.118411062868598, 44.89840512610863], [-1.118452380235516, 44.89809727787039], [-1.118535951759859, 44.897793790417644], [-1.118660971951329, 44.89749758640466], [-1.118826236210513, 44.89721151829819], [-1.119030152452358, 44.89693834091197], [-1.119270756458041, 44.896680684883165], [-1.119545730806592, 44.89644103134611], [-1.119852427203413, 44.896221688046474], [-1.12004233867924, 44.896110208553246], [-1.119802970291299, 44.89597145595113], [-1.119494378186376, 44.89575346194767], [-1.119217335679239, 44.89551501754531], [-1.118974510707825, 44.895258419343534], [-1.118768241544442, 44.89498613875862], [-1.11860051428711, 44.89470079821353], [-1.118472943747217, 44.89440514587444], [-1.118386757916992, 44.89410202917751], [-1.11834278616562, 44.89379436740088], [-1.118341451276857, 44.89348512354671], [-1.118382765403837, 44.893177275803986], [-1.118466329979031, 44.8928737888667], [-1.118591339579184, 44.89257758538419], [-1.118756589706983, 44.892291517818066], [-1.118960488413561, 44.89201834097689], [-1.119201071649032, 44.89176068549256], [-1.119476022192511, 44.89152103249417], [-1.119782691978678, 44.89130168972224], [-1.120118127605537, 44.89110476931354], [-1.120479098777441, 44.890932167469764], [-1.120862129409506, 44.890785546205734], [-1.121263531094029, 44.89066631735226], [-1.121679438607012, 44.89057562896766], [-1.122105847113408, 44.89051435428816], [-1.122538650713528, 44.89048308332377], [-1.122973681960228, 44.89048211717987], [-1.123406751967258, 44.89051146515934], [-1.123833690723537, 44.89057084467313], [-1.124250387226142, 44.89065968395976], [-1.124652829046501, 44.89077712758815], [-1.125037140949748, 44.89092204469049], [-1.125399622196134, 44.8910930398462], [-1.125736782166042, 44.89128846651252], [-1.126045373966074, 44.891506442872675], [-1.126322425692962, 44.89174486994921], [-1.126565269054459, 44.892001451808504], [-1.126771565071537, 44.892273717662306], [-1.126939326614203, 44.89255904565374], [-1.127066937553504, 44.89285468809903], [-1.127153168344683, 44.89315779794232], [-1.127197187890732, 44.8934654561688], [-1.127198571571172, 44.89377469991268], [-1.127157305357831, 44.89408255098934], [-1.127073785976945, 44.89438604457656], [-1.126948817114978, 44.8946822577695], [-1.126783601703694, 44.89496833773336], [-1.126579730357828, 44.89524152918316], [-1.126339166075806, 44.8954992009256], [-1.126064225350146, 44.89573887120677], [-1.12575755586887, 44.895958231622004], [-1.125567656259691, 44.89606972087984]]]}}, {"type": "Feature", "properties": {"nb_detections_cluster": 4, "frp_max": 30.24, "frp_moyen": 10.45, "derniere_detection": "2026-07-25T02:11:00", "fetch_timestamp": "2026-07-25T13:16:00"}, "geometry": {"type": "Polygon", "coordinates": [[[-1.12369, 44.9072], [-1.12163, 44.91372], [-1.11837, 44.9108], [-1.1189, 44.90644], [-1.12369, 44.9072]]]}}, {"type": "Feature", "properties": {"nb_detections_cluster": 5, "frp_max": 4.75, "frp_moyen": 4.42, "derniere_detection": "2026-07-25T03:30:00", "fetch_timestamp": "2026-07-25T13:16:00"}, "geometry": {"type": "Polygon", "coordinates": [[[-1.1194, 44.92213], [-1.11514, 44.92829], [-1.11334, 44.92588], [-1.11162, 44.91935], [-1.11765, 44.91972], [-1.1194, 44.92213]]]}}, {"type": "Feature", "properties": {"nb_detections_cluster": 1, "frp_max": 11.54, "frp_moyen": 11.54, "derniere_detection": "2026-07-24T13:55:00", "fetch_timestamp": "2026-07-25T13:16:00"}, "geometry": {"type": "Polygon", "coordinates": [[[-1.087461290006593, 44.78463313066736], [-1.0874601275247, 44.78432389749706], [-1.087501530500038, 44.78401607224703], [-1.087585099512198, 44.78371261939445], [-1.087710029097926, 44.78341646126027], [-1.087875115533067, 44.78313044986921], [-1.088078768447525, 44.782857339488686], [-1.088319026160513, 44.78259976011054], [-1.088593574587662, 44.78236019213083], [-1.088899769537341, 44.78214094247133], [-1.089234662181049, 44.781944122372096], [-1.089595027452387, 44.78177162706889], [-1.089977395101108, 44.78162511755061], [-1.090378083103356, 44.78150600457205], [-1.090793233106756, 44.781415435075715], [-1.091218847569546, 44.78135428115309], [-1.091650828236813, 44.781323131651426], [-1.092085015584145, 44.78132228650655], [-1.092517228849786, 44.78135175385627], [-1.092943306270762, 44.78141124996207], [-1.09335914513655, 44.78150020193986], [-1.093760741275516, 44.78161775327342], [-1.09414422759484, 44.78176277205775], [-1.094505911303621, 44.7819338618931], [-1.0948423094614, 44.782129375324956], [-1.095150182510359, 44.782347429700934], [-1.095426565468633, 44.78258592529218], [-1.09566879648456, 44.782842565505184], [-1.095874542476853, 44.7831148789896], [-1.0960418216136, 44.783400243429675], [-1.096169022413205, 44.78369591079049], [-1.096254919282732, 44.78399903377599], [-1.096298684343315, 44.784306693244645], [-1.096299895427871, 44.7846159263185], [-1.096258540173143, 44.78492375491543], [-1.096175016165659, 44.78522721442961], [-1.096050127139174, 44.78552338228412], [-1.095885075259172, 44.785809406080645], [-1.095681449567813, 44.78608253107505], [-1.095441210699719, 44.78634012671392], [-1.095166672015057, 44.78657971197628], [-1.094860477331061, 44.786798979276206], [-1.094525575466022, 44.78699581669572], [-1.094165191840707, 44.787168328333436], [-1.093782797410701, 44.787314852572756], [-1.093382075229047, 44.787433978093176], [-1.092966884961615, 44.787524557470185], [-1.092541225697491, 44.787585718232584], [-1.09210919741328, 44.78761687127029], [-1.091674961463285, 44.78761771651161], [-1.091242700477036, 44.78758824581498], [-1.090816578051381, 44.78752874304758], [-1.090400698626349, 44.78743978134946], [-1.089999067932245, 44.78732221761044], [-1.089615554389821, 44.787177184212204], [-1.089253851836148, 44.78700607811614], [-1.088917443935883, 44.786810547401636], [-1.088609570621241, 44.786592475385255], [-1.088333196884298, 44.78635396247371], [-1.088090984222345, 44.78609730592619], [-1.087885265011338, 44.78582497772073], [-1.087718020053998, 44.78553960073881], [-1.087590859518426, 44.78524392349733], [-1.087505007450232, 44.78494079367206], [-1.087461290006593, 44.78463313066736]]]}}, {"type": "Feature", "properties": {"nb_detections_cluster": 19, "frp_max": 171.07, "frp_moyen": 39.79, "derniere_detection": "2026-07-25T03:30:00", "fetch_timestamp": "2026-07-25T13:16:00"}, "geometry": {"type": "Polygon", "coordinates": [[[-1.09236, 44.80314], [-1.09543, 44.80187], [-1.09323, 44.80713], [-1.0872, 44.80996], [-1.08325, 44.8053], [-1.07718, 44.80769], [-1.07185, 44.80787], [-1.07676, 44.79757], [-1.07188, 44.79361], [-1.08105, 44.79138], [-1.08689, 44.79031], [-1.07976, 44.79638], [-1.08457, 44.80036], [-1.08759, 44.79912], [-1.09236, 44.80314]]]}}, {"type": "Feature", "properties": {"nb_detections_cluster": 2, "frp_max": 24.63, "frp_moyen": 14.57, "derniere_detection": "2026-07-25T02:11:00", "fetch_timestamp": "2026-07-25T13:16:00"}, "geometry": {"type": "Polygon", "coordinates": [[[-1.098197188998085, 44.88215360552272], [-1.098032020257317, 44.882439371161205], [-1.097828054509029, 44.8827125087602], [-1.097587411964086, 44.882970117217305], [-1.097312409869316, 44.88320971538803], [-1.097005696504326, 44.883428995562156], [-1.096670225682529, 44.88362584569763], [-1.096309228304486, 44.8837983697706], [-1.095926181237423, 44.88394490604467], [-1.095524773820939, 44.88406404308336], [-1.095108872321754, 44.88415463335124], [-1.094682482680482, 44.88421580427215], [-1.094249711909869, 44.88424696663817], [-1.093814728517123, 44.884247820287754], [-1.093381722332467, 44.88421835699837], [-1.092954864131794, 44.8841588605658], [-1.092538265443294, 44.884069904069136], [-1.092135938926207, 44.88395234434806], [-1.091751759704181, 44.88380731374565], [-1.091389428026531, 44.88363620919633], [-1.091052433617688, 44.883440678764636], [-1.090744022058789, 44.88322260576446], [-1.090467163525544, 44.88298409061205], [-1.090224524183681, 44.882727430588155], [-1.090018440517436, 44.88245509770436], [-1.089850896838138, 44.88216971488723], [-1.089723506189075, 44.881874030709945], [-1.089637494829997, 44.88157089291501], [-1.089593690449934, 44.88126322098365], [-1.089592514220967, 44.88095397801569], [-1.089633976768559, 44.88064614219128], [-1.089717678096215, 44.88034267808951], [-1.089842811464163, 44.88004650813965], [-1.090008171183681, 44.879760484480215], [-1.090212164251055, 44.87948736149676], [-1.090452825708256, 44.87922976930244], [-1.090727837581671, 44.878990188416736], [-1.091034551215904, 44.878770925885675], [-1.091370012787192, 44.87857409307323], [-1.091730991750473, 44.87840158533758], [-1.092114011946179, 44.87825506378727], [-1.092515385067372, 44.87813593929295], [-1.092931246165277, 44.878045358908025], [-1.093203056511305, 44.878006364772695], [-1.093368236789332, 44.87772060671467], [-1.093572206098997, 44.87744747773536], [-1.093812843395845, 44.87718987842585], [-1.094087830938902, 44.876950289374186], [-1.094394520307043, 44.87673101770501], [-1.094729957910138, 44.87653417487036], [-1.095090913433884, 44.87636165632485], [-1.095473910944377, 44.876215123281206], [-1.095875262353069, 44.87609598672069], [-1.096291102920209, 44.87600539381291], [-1.096717428455429, 44.87594421687474], [-1.097150133857937, 44.875913044975064], [-1.097585052626017, 44.875912178265324], [-1.098017996956289, 44.875941625091016], [-1.098444798047564, 44.87600110191125], [-1.098861346222202, 44.87609003602762], [-1.099263630479555, 44.87620757109592], [-1.099647777101599, 44.87635257536783], [-1.100010086939756, 44.87652365258333], [-1.100347071024606, 44.87671915540949], [-1.100655484156103, 44.876937201296066], [-1.100932356151203, 44.877175690596026], [-1.101175020448198, 44.87743232677648], [-1.101381139792269, 44.877704638525984], [-1.101548728754705, 44.87799000354552], [-1.101676172868527, 44.87828567379463], [-1.101762244195651, 44.87858880194949], [-1.101806113174952, 44.87889646881887], [-1.101807356636261, 44.87920571145359], [-1.101765961902152, 44.87951355167944], [-1.101682326937031, 44.87981702477865], [-1.101557256541009, 44.8801132080435], [-1.101391954624232, 44.88039924892726], [-1.101188012635106, 44.88067239252124], [-1.10094739425297, 44.880930008092875], [-1.100672416491911, 44.88116961442922], [-1.100365727397143, 44.881388903741374], [-1.100030280548287, 44.88158576389932], [-1.099669306614957, 44.881758298782636], [-1.099286282238527, 44.88190484655084], [-1.098884896539985, 44.882023995656766], [-1.098469015576826, 44.882114598448695], [-1.098197188998085, 44.88215360552272]]]}}, {"type": "Feature", "properties": {"nb_detections_cluster": 99, "frp_max": 212.72, "frp_moyen": 14.71, "derniere_detection": "2026-07-25T13:33:00", "fetch_timestamp": "2026-07-25T13:16:00"}, "geometry": {"type": "Polygon", "coordinates": [[[-1.09814, 44.93399], [-1.09254, 44.94159], [-1.08546, 44.94223], [-1.07461, 44.94463], [-1.06243, 44.948], [-1.05916, 44.94579], [-1.04815, 44.94909], [-1.04749, 44.94951], [-1.04253, 44.94863], [-1.03475, 44.94587], [-1.0314, 44.93699], [-1.04348, 44.93358], [-1.05355, 44.92796], [-1.06378, 44.92158], [-1.06002, 44.91755], [-1.06857, 44.92234], [-1.07521, 44.9269], [-1.08755, 44.92616], [-1.09384, 44.92395], [-1.10438, 44.92303], [-1.10325, 44.92836], [-1.09814, 44.93399]]]}}, {"type": "Feature", "properties": {"nb_detections_cluster": 4, "frp_max": 171.07, "frp_moyen": 111.24, "derniere_detection": "2026-07-24T13:55:00", "fetch_timestamp": "2026-07-25T13:16:00"}, "geometry": {"type": "Polygon", "coordinates": [[[-1.072988845520233, 44.815192555626886], [-1.072987762032805, 44.814883319112404], [-1.073029266781922, 44.814575496087905], [-1.073112959366341, 44.81427205100906], [-1.073238033132133, 44.81397590612185], [-1.073403282966116, 44.81368991332336], [-1.073607116924212, 44.81341682670186], [-1.073847571581872, 44.813159276020315], [-1.074122330957984, 44.81291974139837], [-1.074428748829461, 44.8127005294365], [-1.0747638742212, 44.81250375101173], [-1.075124479825705, 44.81233130095848], [-1.075507093078713, 44.812184839829875], [-1.0759080295917, 44.812065777914725], [-1.076323428619712, 44.811975261663825], [-1.076749290223522, 44.81191416265598], [-1.077181513768914, 44.81188306920964], [-1.077615937393223, 44.811882280720866], [-1.078048378059977, 44.81191180478192], [-1.078474671816907, 44.81197135710827], [-1.078890713870664, 44.812060364274444], [-1.079292498093294, 44.81217796923279], [-1.079676155580993, 44.812323039562024], [-1.080037991894622, 44.81249417836596], [-1.080374522624119, 44.81268973771861], [-1.080682506934827, 44.81290783452532], [-1.080958978773118, 44.813146368648674], [-1.081201275430965, 44.81340304312402], [-1.081407063194396, 44.813675386271065], [-1.081574359828582, 44.81396077548832], [-1.0817015536827, 44.814256462502186], [-1.081787419229929, 44.8145595998273], [-1.081831128892254, 44.8148672681839], [-1.081832261035307, 44.81517650460841], [-1.081790804055321, 44.81548433098632], [-1.081707156517794, 44.815787782733075], [-1.081582123345536, 44.816083937346434], [-1.081416908091737, 44.816369942555575], [-1.081213101371578, 44.81664304379528], [-1.08097266556287, 44.816900610740824], [-1.080697915922371, 44.81714016264753], [-1.080391498299033, 44.81735939225068], [-1.080056363658425, 44.81755618799531], [-1.079695739663469, 44.81772865438139], [-1.079313099585164, 44.81787513022818], [-1.078912128842916, 44.81799420468123], [-1.078496689497088, 44.81808473080789], [-1.078070783036301, 44.8181458366499], [-1.077638511818598, 44.818176933626106], [-1.077204039538664, 44.81817772220485], [-1.076771551102779, 44.818148194790396], [-1.076345212298954, 44.818088635796144], [-1.075929129651665, 44.81799961890381], [-1.075527310848851, 44.8178820015348], [-1.075143626123216, 44.81773691658739], [-1.074781770960634, 44.81756576151944], [-1.074445230495524, 44.81737018488206], [-1.074137245936678, 44.81715207043404], [-1.073860783347258, 44.81691351899083], [-1.07361850507986, 44.816656828182644], [-1.073412744141727, 44.81638447031743], [-1.073245481736802, 44.81609906856227], [-1.073118328200499, 44.81580337167262], [-1.073032507510246, 44.815500227513375], [-1.072988845520233, 44.815192555626886]]]}}, {"type": "Feature", "properties": {"nb_detections_cluster": 7, "frp_max": 18.17, "frp_moyen": 11.56, "derniere_detection": "2026-07-24T13:33:00", "fetch_timestamp": "2026-07-25T13:16:00"}, "geometry": {"type": "Polygon", "coordinates": [[[-1.07896, 44.88668], [-1.07965, 44.89085], [-1.0744, 44.89132], [-1.06912, 44.8918], [-1.0684, 44.88764], [-1.07297, 44.883], [-1.07823, 44.88252], [-1.07896, 44.88668]]]}}, {"type": "Feature", "properties": {"nb_detections_cluster": 1, "frp_max": 3.28, "frp_moyen": 3.28, "derniere_detection": "2026-07-25T02:11:00", "fetch_timestamp": "2026-07-25T13:16:00"}, "geometry": {"type": "Polygon", "coordinates": [[[-1.048033201851706, 44.758841557845344], [-1.048032256616521, 44.758532327065154], [-1.048073856331004, 44.75822451932954], [-1.048157599680807, 44.757921098946795], [-1.048282679524564, 44.75762498792491], [-1.048447890691975, 44.75733903783469], [-1.048651641612651, 44.75706600235305], [-1.04889196966289, 44.75680851075033], [-1.049166560081828, 44.756569042577205], [-1.049472768274243, 44.756349903794195], [-1.049807645284801, 44.75615320457358], [-1.050167966198225, 44.75598083898708], [-1.050550261191858, 44.755834466774395], [-1.050950848941784, 44.75571549736814], [-1.051365872061158, 44.75562507632841], [-1.051791334230038, 44.75556407431711], [-1.052223138659866, 44.755533078718756], [-1.052657127523004, 44.75553238798727], [-1.053089121968567, 44.755562008773616], [-1.053514962340178, 44.75562165586183], [-1.053930548209371, 44.75571075491406], [-1.054331877840086, 44.755828447997814], [-1.054715086705177, 44.755973601843195], [-1.05507648468484, 44.75614481874985], [-1.055412591589452, 44.75634045003958], [-1.055720170665309, 44.75655861192502], [-1.055996259760967, 44.75679720364193], [-1.056238199854255, 44.757053927671016], [-1.05644366066523, 44.75732631185458], [-1.056610663108199, 44.75761173319591], [-1.056737598366235, 44.757907443111854], [-1.056823243403852, 44.75821059389635], [-1.056866772767783, 44.7585182661399], [-1.056867766561323, 44.75882749684128], [-1.056826214514482, 44.75913530794095], [-1.056742516109771, 44.75943873500134], [-1.056617476761337, 44.759734855757856], [-1.05645230008327, 44.760020818265566], [-1.056248576320553, 44.760293868370375], [-1.056008267053223, 44.76055137624001], [-1.055733686320326, 44.76079086169861], [-1.055427478344856, 44.76101001812142], [-1.055092592073806, 44.76120673465825], [-1.054732252778334, 44.761379116571995], [-1.054349930987508, 44.76152550349542], [-1.053949309055043, 44.7616444854306], [-1.053534245681401, 44.76173491633603], [-1.05310873873347, 44.761795925170595], [-1.052676886720646, 44.76182692428758], [-1.052242849299153, 44.761827615097886], [-1.051810807185946, 44.76179799094749], [-1.051384921869244, 44.761738337181605], [-1.050969295504727, 44.761649228394774], [-1.050567931384668, 44.761531522893506], [-1.050184695361618, 44.76138635442494], [-1.049823278599048, 44.761215121251404], [-1.049487162008396, 44.76101947267619], [-1.049179582715595, 44.760801293150955], [-1.048903502880426, 44.76056268411781], [-1.048661581169185, 44.76030594376153], [-1.048456147155406, 44.760033544867206], [-1.048289178894976, 44.75974811099694], [-1.048162283891209, 44.75945239121531], [-1.048076683632642, 44.75914923360754], [-1.048033201851706, 44.758841557845344]]]}}, {"type": "Feature", "properties": {"nb_detections_cluster": 2, "frp_max": 6.9, "frp_moyen": 5.32, "derniere_detection": "2026-07-25T03:30:00", "fetch_timestamp": "2026-07-25T13:16:00"}, "geometry": {"type": "Polygon", "coordinates": [[[-1.041515864586076, 44.7704955206847], [-1.041257403207974, 44.770680406630795], [-1.040922409810308, 44.770877081010404], [-1.040561965142709, 44.77104941743074], [-1.040179540749356, 44.771195755962786], [-1.039778819972428, 44.77131468707468], [-1.039363662464659, 44.77140506521442], [-1.038938066999844, 44.77146601984913], [-1.038506132940159, 44.77149696385416], [-1.038072020732272, 44.771497599171255], [-1.037639911813613, 44.771467919680894], [-1.037213968315961, 44.77140821126139], [-1.036798292955439, 44.77131904903365], [-1.036396889496241, 44.77120129181896], [-1.036013624169768, 44.77105607386256], [-1.035652188421626, 44.770884793903406], [-1.035316063345956, 44.770689101695396], [-1.035008486150206, 44.770470882110445], [-1.034732418973716, 44.77023223697645], [-1.034490520360576, 44.76997546482586], [-1.034285119661548, 44.7697030387499], [-1.034118194611341, 44.76941758257241], [-1.033991352296783, 44.76912184557275], [-1.033905813698642, 44.76881867600188], [-1.033862401955211, 44.76851099364665], [-1.033861534459823, 44.76820176170689], [-1.033903218867477, 44.767893958256245], [-1.033987053047995, 44.76759054756165], [-1.034112228985134, 44.76729445153772], [-1.034277540583103, 44.767008521610755], [-1.034481395304314, 44.76673551126336], [-1.034721829525484, 44.76647804952383], [-1.034996527463405, 44.766238615655155], [-1.035302843487584, 44.7660195152875], [-1.035637827604463, 44.76582285822318], [-1.035998253867559, 44.765650538127886], [-1.036380651439966, 44.76550421430331], [-1.03678133801022, 44.7653852957161], [-1.037196455240129, 44.76529492743694], [-1.037622005903759, 44.765233979619765], [-1.037894330494569, 44.76521447039349], [-1.038152777812121, 44.765029592640545], [-1.038487746070919, 44.76483292703105], [-1.038848157261195, 44.764660597728025], [-1.039230540691143, 44.764514264121836], [-1.039631214185445, 44.76439533527331], [-1.040046319531785, 44.764304956351964], [-1.040471859618622, 44.7642439976142], [-1.040903736907282, 44.76421304602781], [-1.041337792868704, 44.76421239962293], [-1.041769848006031, 44.7642420646237], [-1.042195742078563, 44.76430175538847], [-1.042611374140791, 44.764390897158755], [-1.043012742011854, 44.76450863159078], [-1.043395980796349, 44.764653825016474], [-1.043757400086282, 44.76482507935433], [-1.044093519486702, 44.76502074556576], [-1.044401102123409, 44.76523893952704], [-1.044677185810467, 44.76547756016505], [-1.044919111577554, 44.76573430968194], [-1.045124549282427, 44.76600671567457], [-1.045291520061636, 44.7662921549361], [-1.045418415402895, 44.766587878710816], [-1.045504012654849, 44.766891039159056], [-1.045547486824158, 44.76719871677825], [-1.045548418545416, 44.76750794851529], [-1.045506798146209, 44.76781575630063], [-1.045423025767144, 44.76811917572851], [-1.045297907534659, 44.76841528460777], [-1.04513264782247, 44.76870123110784], [-1.04492883767521, 44.768974261228706], [-1.044688439504897, 44.76923174533047], [-1.044413768206857, 44.76947120346622], [-1.044107468876433, 44.76969032927428], [-1.043772491340616, 44.76988701219929], [-1.043412061749731, 44.77005935782782], [-1.043029651502704, 44.77020570614217], [-1.042628943805421, 44.77032464751625], [-1.042213798184601, 44.770415036299205], [-1.041788213299508, 44.77047600185567], [-1.041515864586076, 44.7704955206847]]]}}, {"type": "Feature", "properties": {"nb_detections_cluster": 3, "frp_max": 7.75, "frp_moyen": 5.3, "derniere_detection": "2026-07-25T03:30:00", "fetch_timestamp": "2026-07-25T13:16:00"}, "geometry": {"type": "Polygon", "coordinates": [[[-1.05692, 44.77293], [-1.05401, 44.77398], [-1.04905, 44.77016], [-1.05692, 44.77293]]]}}, {"type": "Feature", "properties": {"nb_detections_cluster": 1, "frp_max": 4.4, "frp_moyen": 4.4, "derniere_detection": "2026-07-25T03:30:00", "fetch_timestamp": "2026-07-25T13:16:00"}, "geometry": {"type": "Polygon", "coordinates": [[[-1.064642400808404, 44.76965222040352], [-1.06464136408265, 44.769342988605544], [-1.06468288090352, 44.76903517348102], [-1.064766550754655, 44.768731739409574], [-1.064891567202163, 44.768435608531085], [-1.065056725685897, 44.7681496326077], [-1.065260435142442, 44.76787656556517], [-1.065500733347025, 44.767619036977855], [-1.065775305825837, 44.76737952675264], [-1.066081508156087, 44.767160341255035], [-1.066416391438603, 44.76696359110725], [-1.066776730697464, 44.766791170871365], [-1.06715905593317, 44.76664474081341], [-1.067559685530459, 44.766525710923005], [-1.067974761699452, 44.766435227342605], [-1.068400287609371, 44.76637416133641], [-1.068832165857928, 44.766343100905104], [-1.069266237906774, 44.766342345126816], [-1.069698324104171, 44.76637190127892], [-1.070124263910441, 44.76643148476782], [-1.070539955939866, 44.76652052186799], [-1.070941397434392, 44.766638155243555], [-1.071324722789962, 44.76678325219954], [-1.071686240765297, 44.7669544155834], [-1.072022470015529, 44.76714999723236], [-1.072330172609039, 44.7673681138371], [-1.072606385205135, 44.76760666506948], [-1.072848447592508, 44.76786335380008], [-1.073054028313625, 44.76813570821127], [-1.073221147128093, 44.76842110559302], [-1.073348194098282, 44.76871679759309], [-1.073433945112798, 44.769019936678006], [-1.073477573697627, 44.769327603551034], [-1.073478659000306, 44.7696368352628], [-1.073437189869296, 44.76994465374415], [-1.073353564988261, 44.77024809448647], [-1.073228589062918, 44.77054423509357], [-1.07306346509617, 44.77083022342937], [-1.072859782824962, 44.77110330509118], [-1.072619503429352, 44.771360849942795], [-1.072344940660329, 44.7716003774523], [-1.072038738567543, 44.771819580589955], [-1.07170384604104, 44.772016348055686], [-1.071343488411982, 44.772188784621854], [-1.070961136385826, 44.77233522939489], [-1.070560472607379, 44.772454271819676], [-1.070145356180077, 44.77254476527207], [-1.069719785481804, 44.77260583810852], [-1.069287859636041, 44.7726369020658], [-1.068853739010269, 44.772637657930304], [-1.068421605123013, 44.772608098421365], [-1.067995620346643, 44.77254850826158], [-1.067579887795052, 44.7724594614328], [-1.06717841178354, 44.77234181564481], [-1.066795059242634, 44.772196704069565], [-1.066433522458326, 44.77202552442142], [-1.066097283498306, 44.77182992548816], [-1.065789580667332, 44.771611791243345], [-1.065513377315222, 44.77137322269304], [-1.065271333298045, 44.771116517632144], [-1.065065779367378, 44.77084414850589], [-1.064898694734071, 44.770558738589735], [-1.064771688022191, 44.77026303671768], [-1.064685981796028, 44.76995989080254], [-1.064642400808404, 44.76965222040352]]]}}, {"type": "Feature", "properties": {"nb_detections_cluster": 69, "frp_max": 199.53, "frp_moyen": 59.93, "derniere_detection": "2026-07-24T13:55:00", "fetch_timestamp": "2026-07-25T13:16:00"}, "geometry": {"type": "Polygon", "coordinates": [[[-1.04622, 44.83152], [-1.04652, 44.8372], [-1.03579, 44.83758], [-1.0301, 44.83209], [-1.02752, 44.82846], [-1.03486, 44.82053], [-1.04024, 44.82035], [-1.04531, 44.81448], [-1.05068, 44.81429], [-1.05606, 44.81411], [-1.06111, 44.80824], [-1.06143, 44.81392], [-1.05638, 44.81978], [-1.05132, 44.82565], [-1.04622, 44.83152]]]}}, {"type": "Feature", "properties": {"nb_detections_cluster": 1, "frp_max": 9.79, "frp_moyen": 9.79, "derniere_detection": "2026-07-24T13:55:00", "fetch_timestamp": "2026-07-25T13:16:00"}, "geometry": {"type": "Polygon", "coordinates": [[[-1.048811950867588, 44.901821596715585], [-1.048810998932868, 44.901512351377505], [-1.048852700363829, 44.90120452884801], [-1.048936652863033, 44.90090109357791], [-1.049062047271586, 44.900604967718536], [-1.049227675386773, 44.90031900298354], [-1.049431941620227, 44.90004595319084], [-1.049672878383497, 44.899788447748584], [-1.049948165052087, 44.89954896634066], [-1.050255150324785, 44.899329815055005], [-1.050590877762523, 44.89913310418423], [-1.050952114260609, 44.89896072791219], [-1.051335381180142, 44.89881434608149], [-1.051736987838989, 44.89869536821729], [-1.052153067040152, 44.898604939961054], [-1.052579612295997, 44.89854393204423], [-1.053012516390528, 44.898512931908144], [-1.053447610909225, 44.89851223805037], [-1.053880706356707, 44.898541857152004], [-1.054307632476847, 44.89860150401335], [-1.054724278388136, 44.898690604298686], [-1.055126632148709, 44.89880830006374], [-1.055510819371035, 44.89895345801278], [-1.055873140515201, 44.899124680405976], [-1.056210106502397, 44.899320318512366], [-1.056518472306214, 44.89953848847899], [-1.056795268198616, 44.89977708946382], [-1.057037828349927, 44.90003382385834], [-1.057243816507367, 44.90030621940516], [-1.057411248504656, 44.90059165299811], [-1.05753851138552, 44.90088737593613], [-1.05762437895634, 44.90119054038776], [-1.057668023617449, 44.90149822681191], [-1.057669024358272, 44.90180747207083], [-1.057627370838347, 44.90211529796476], [-1.05754346351392, 44.90241873991367], [-1.057418109807843, 44.902714875509524], [-1.057252516358657, 44.9030008526645], [-1.057048277422535, 44.903273917083396], [-1.056807359538907, 44.90353143879601], [-1.056532082606733, 44.90377093749316], [-1.056225097553063, 44.903990106422526], [-1.055889360808546, 44.90418683461342], [-1.055528105835529, 44.90435922721639], [-1.055144811982892, 44.9045056237613], [-1.054743170967797, 44.904624614157456], [-1.054327051307527, 44.90471505228184], [-1.053900461044541, 44.90477606702377], [-1.053467509124435, 44.90480707067963], [-1.053032365799635, 44.904807764616564], [-1.052599222441116, 44.904778142150484], [-1.052172251146199, 44.904718488610335], [-1.051755564532435, 44.90462937858852], [-1.051353176105861, 44.90451167040348], [-1.050968961586202, 44.904366497828256], [-1.050606621562395, 44.90419525916469], [-1.050269645838781, 44.903999603769066], [-1.049961279815937, 44.90378141615877], [-1.049684493230315, 44.903542797853795], [-1.049441951553937, 44.90328604712833], [-1.0492359903296, 44.90301363686732], [-1.049068592688561, 44.90272819074241], [-1.048941370266802, 44.90243245793626], [-1.048855547703121, 44.902129286659516], [-1.048811950867588, 44.901821596715585]]]}}, {"type": "Feature", "properties": {"nb_detections_cluster": 1, "frp_max": 2.44, "frp_moyen": 2.44, "derniere_detection": "2026-07-25T13:16:00", "fetch_timestamp": "2026-07-25T13:16:00"}, "geometry": {"type": "Polygon", "coordinates": [[[-1.007312626244609, 44.76468993530669], [-1.00731190475253, 44.76438070358803], [-1.007353731595027, 44.76407291054873], [-1.007437703270384, 44.76376952035528], [-1.007563010438471, 44.76347345472469], [-1.00772844574001, 44.7631875647904], [-1.007932415446481, 44.76291460364979], [-1.008172954827673, 44.762657199857145], [-1.008447747088097, 44.76241783211733], [-1.008754145689366, 44.76219880542361], [-1.009089199843128, 44.76200222886878], [-1.009449682928852, 44.761829995343255], [-1.009832123562796, 44.761683763315034], [-1.01023283901913, 44.76156494086684], [-1.01064797068174, 44.761474672143585], [-1.011073521185881, 44.761413826340565], [-1.011505392892686, 44.76138298933817], [-1.011939427326889, 44.761382458063174], [-1.012371445198881, 44.76141223763118], [-1.012797286626681, 44.76147204129732], [-1.013212851171511, 44.76156129321603], [-1.013614137302399, 44.76167913398289], [-1.013997280910723, 44.76182442890589], [-1.014358592504621, 44.76199577892618], [-1.014694592725801, 44.762191534083726], [-1.015002045847303, 44.76240980939827], [-1.015277990929972, 44.76264850301323], [-1.015519770337823, 44.762905316427855], [-1.01572505533768, 44.76317777662363], [-1.015891868536328, 44.763463259871564], [-1.016018602938748, 44.76375901699218], [-1.016104037443281, 44.76406219982459], [-1.016147348623799, 44.76436988865038], [-1.016148118684532, 44.76467912030842], [-1.016106339510013, 44.76498691672968], [-1.01602241277011, 44.765290313617676], [-1.015897146078103, 44.76558638899814], [-1.015731745237803, 44.76587229136296], [-1.015527802653399, 44.76614526713704], [-1.015287282012819, 44.766402687203765], [-1.015012499391358, 44.766642072232834], [-1.014706100956984, 44.766861116566595], [-1.014371037491639, 44.767057710434315], [-1.014010535973689, 44.76722996028032], [-1.013628068495217, 44.76737620700936], [-1.013227318813673, 44.767495041973824], [-1.012812146860427, 44.76758532054775], [-1.012386551548571, 44.76764617315731], [-1.011954632238907, 44.76767701366055], [-1.01152054923605, 44.76767754499617], [-1.011088483696078, 44.76764776204623], [-1.010662597332825, 44.767587951685535], [-1.010246992311913, 44.76749869001695], [-1.009845671719787, 44.76738083681955], [-1.009462500989396, 44.76723552726309], [-1.009101170654888, 44.76706416096873], [-1.008765160794745, 44.766868388521914], [-1.008457707506346, 44.766650095567336], [-1.008181771735262, 44.76641138463948], [-1.007940010759636, 44.766154554904375], [-1.007734752604307, 44.76588208000778], [-1.00756797363087, 44.765596584243596], [-1.007441279519086, 44.7653008172723], [-1.007355889822268, 44.76499762763333], [-1.007312626244609, 44.76468993530669]]]}}, {"type": "Feature", "properties": {"nb_detections_cluster": 39, "frp_max": 117.63, "frp_moyen": 9.06, "derniere_detection": "2026-07-25T13:33:00", "fetch_timestamp": "2026-07-25T13:16:00"}, "geometry": {"type": "Polygon", "coordinates": [[[-0.99233, 44.80615], [-0.99699, 44.81503], [-0.9922, 44.81425], [-0.98002, 44.80952], [-0.97893, 44.79958], [-0.98082, 44.79431], [-0.97979, 44.78442], [-0.97623, 44.77721], [-0.96666, 44.77567], [-0.96532, 44.77412], [-0.97248, 44.77318], [-0.98412, 44.77821], [-0.98768, 44.78719], [-0.99122, 44.79332], [-0.99125, 44.79617], [-0.99233, 44.80615]]]}}, {"type": "Feature", "properties": {"nb_detections_cluster": 1, "frp_max": 5.7, "frp_moyen": 5.7, "derniere_detection": "2026-07-25T13:16:00", "fetch_timestamp": "2026-07-25T13:16:00"}, "geometry": {"type": "Polygon", "coordinates": [[[-0.990818124182107, 44.821369281084216], [-0.990817492724293, 44.82106004329866], [-0.990859452089131, 44.82075225055062], [-0.990943597497312, 44.82044886700367], [-0.991069117934371, 44.82015281431073], [-0.991234803986118, 44.81986694348055], [-0.991439059508376, 44.819594007426424], [-0.991679917017829, 44.81933663446093], [-0.991955056654963, 44.81909730299205], [-0.992261828535972, 44.81887831766367], [-0.9925972782779, 44.8186817871702], [-0.992958175451047, 44.818509603958425], [-0.99334104468459, 44.818363426011835], [-0.993742199126073, 44.81824466089235], [-0.994157775932917, 44.81815445219286], [-0.994583773454727, 44.81809366853069], [-0.995016089749029, 44.81806289518779], [-0.995450562060378, 44.81806242847803], [-0.995883006883578, 44.81809227289528], [-0.996309260226204, 44.81815214107027], [-0.996725217683709, 44.81824145653628], [-0.997126873942171, 44.818359359277], [-0.997510361329231, 44.818504714003645], [-0.997871987042795, 44.818676121081545], [-0.998208268699702, 44.81887193000118], [-0.998515967862609, 44.81909025526463], [-0.998792121222555, 44.81932899453426], [-0.999034069137177, 44.819585848869664], [-0.999239481249678, 44.81985834485818], [-0.999406378941657, 44.82014385842613], [-0.999533154403175, 44.82043964010195], [-0.999618586135819, 44.820742841488176], [-0.999661850738738, 44.82105054268765], [-0.99966253086329, 44.821359780419975], [-0.999620619258732, 44.8216675765575], [-0.999536518868972, 44.8219709668064], [-0.999411038978444, 44.82226702925619], [-0.999245387443156, 44.822552912523214], [-0.999041159080837, 44.82282586321622], [-0.998800320331063, 44.82308325246003], [-0.998525190332422, 44.823322601221136], [-0.998218418598322, 44.82354160419112], [-0.997882959506067, 44.82373815199762], [-0.997522043844691, 44.823910351528475], [-0.997139147695506, 44.8240565441731], [-0.996737958945322, 44.824175321804724], [-0.996322341755181, 44.82426554034965], [-0.995896299327387, 44.824326330812184], [-0.995463935330126, 44.82435710764899], [-0.995029414352039, 44.824357574412026], [-0.994596921768558, 44.824327726605304], [-0.99417062340751, 44.824267851728344], [-0.993754625403474, 44.82417852650549], [-0.993352934628553, 44.82406061132791], [-0.992969420081554, 44.82391524196239], [-0.992607775608312, 44.823743818606175], [-0.99227148431291, 44.823547992394296], [-0.991963785003097, 44.823329649489246], [-0.991687640993476, 44.82309089290663], [-0.991445711567084, 44.82283402225213], [-0.991240326370225, 44.82256151156556], [-0.991073462986948, 44.82227598548546], [-0.990946727908726, 44.821980193964215], [-0.990861341082066, 44.82167698577764], [-0.990818124182107, 44.821369281084216]]]}}, {"type": "Feature", "properties": {"nb_detections_cluster": 1, "frp_max": 3.86, "frp_moyen": 3.86, "derniere_detection": "2026-07-25T02:11:00", "fetch_timestamp": "2026-07-25T13:16:00"}, "geometry": {"type": "Polygon", "coordinates": [[[-0.99281618868444, 44.8460293620477], [-0.99281554595013, 44.845720121769155], [-0.992857512786854, 44.8454123257721], [-0.992941684342733, 44.84510893825145], [-0.993067249350902, 44.84481288089835], [-0.993232997967396, 44.84452700476644], [-0.993437333445045, 44.84425406282009], [-0.99367828753014, 44.84399668342863], [-0.993953539432829, 44.8437573450619], [-0.994260438187965, 44.84353835243022], [-0.99459602819069, 44.84334181429831], [-0.994957077660598, 44.843169623186554], [-0.995340109760367, 44.843023437154464], [-0.99574143606936, 44.842904663841836], [-0.99615719209023, 44.84281444692041], [-0.996583374447143, 44.8427536550867], [-0.997015879418115, 44.84272287370139], [-0.997450542431238, 44.84272239915568], [-0.997883178145371, 44.84275223601899], [-0.998309620730313, 44.84281209699475], [-0.998725763959592, 44.84290140568554], [-0.999127600730737, 44.84301930214032], [-0.999511261633414, 44.84316465113087], [-0.999873052194851, 44.84333605307771], [-1.000209488444582, 44.84353185752075], [-1.000517330456607, 44.84375017900519], [-1.000793613546288, 44.843988915229815], [-1.001035676821812, 44.84424576728354], [-1.00124118881519, 44.8445182617757], [-1.001408169945804, 44.84480377464705], [-1.001535011599747, 44.84509955643273], [-1.001620491640645, 44.84540275873425], [-1.00166378620186, 44.84571046164565], [-1.001664477645638, 44.84601970187006], [-1.001622558611609, 44.846327501255836], [-1.001538432114624, 44.846630895477865], [-1.001412907689956, 44.84692696258745], [-1.001247193621973, 44.847212851156044], [-1.001042885330162, 44.84748580774132], [-1.000801950023497, 44.84774320341139], [-1.000526707770184, 44.84798255907083], [-1.000219809164553, 44.84820156934479], [-0.999884209805713, 44.84839812479052], [-0.999523141833621, 44.848570332222344], [-0.999140082796629, 44.84871653295353], [-0.998738722150556, 44.84883531877943], [-0.998322925712303, 44.84892554554739], [-0.997896698410922, 44.848986344182514], [-0.997464145695587, 44.84901712906278], [-0.997029433972995, 44.84901760366263], [-0.996596750456167, 44.848987763410605], [-0.996170262812331, 44.84892789573348], [-0.995754078999549, 44.84883857728618], [-0.995352207679895, 44.848720668394705], [-0.99496851959138, 44.84857530476525], [-0.994606710251515, 44.848403886539806], [-0.994270264352406, 44.848208064804034], [-0.993962422190878, 44.84798972567733], [-0.993686148457311, 44.847750972138876], [-0.993444103683971, 44.84749410376509], [-0.993238618627816, 44.847221594573824], [-0.993071671834283, 44.84693606918922], [-0.992944870597722, 44.846640277557], [-0.992859435501292, 44.84633706845405], [-0.99281618868444, 44.8460293620477]]]}}, {"type": "Feature", "properties": {"nb_detections_cluster": 6, "frp_max": 24.11, "frp_moyen": 18.73, "derniere_detection": "2026-07-24T13:55:00", "fetch_timestamp": "2026-07-25T13:16:00"}, "geometry": {"type": "Polygon", "coordinates": [[[-1.031966057670693, 44.849110922550665], [-1.03196519937042, 44.84880168222779], [-1.032006953982427, 44.84849387115838], [-1.032090918698467, 44.84819045368281], [-1.032216284243322, 44.84789435178091], [-1.032381842693518, 44.84760841693559], [-1.032585999132745, 44.84733540267679], [-1.032826787030914, 44.84707793807044], [-1.033101887197969, 44.84683850240711], [-1.033408650129365, 44.84661940133418], [-1.033744121527608, 44.84642274466075], [-1.034105070753848, 44.84625042604874], [-1.034488021935549, 44.84610410478551], [-1.034889287430823, 44.845985189813014], [-1.035305003327554, 44.84589482616714], [-1.035731166636, 44.845833883957155], [-1.036163673817428, 44.84580294999174], [-1.036598360278577, 44.845802322131306], [-1.037031040452563, 44.84583200642148], [-1.037457548081224, 44.84589171703485], [-1.037873776312015, 44.84598087902182], [-1.038275717224301, 44.846098633843994], [-1.038659500405358, 44.846243847636934], [-1.039021430205425, 44.84641512212306], [-1.039358021313766, 44.84661080806975], [-1.039666032313701, 44.84682902116328], [-1.039942496893842, 44.847067660146315], [-1.040184752415193, 44.84732442704434], [-1.040390465558947, 44.847596849286845], [-1.040557654807835, 44.84788230351053], [-1.040684709544097, 44.84817804081554], [-1.040770405579583, 44.84848121323197], [-1.040813916967708, 44.8487889011419], [-1.040814823982619, 44.84909814139315], [-1.040773117187805, 44.84940595583411], [-1.040689197553926, 44.84970937999491], [-1.040563872623717, 44.850005491638775], [-1.040398348759857, 44.85029143890843], [-1.04019421954952, 44.85056446779644], [-1.039953450476403, 44.850821948674735], [-1.039678360007126, 44.85106140162739], [-1.039371597273556, 44.85128052034261], [-1.039036116565584, 44.85147719433329], [-1.038675148879826, 44.85164952927208], [-1.038292170798209, 44.85179586524415], [-1.037890870996367, 44.851914792742285], [-1.037475114704802, 44.85200516624927], [-1.037048906465605, 44.85206611527685], [-1.036616351544172, 44.85209705275438], [-1.036181616368385, 44.852097680686455], [-1.035748888377204, 44.8520679930247], [-1.035322335666382, 44.85200827572611], [-1.034906066820943, 44.85191910399717], [-1.034504091322322, 44.851801336750675], [-1.034120280912377, 44.85165610832851], [-1.033758332287258, 44.85148481757046], [-1.033421731481138, 44.85128911433445], [-1.033113720283379, 44.851070883598624], [-1.032837265012966, 44.85083222729833], [-1.032595027951132, 44.85057544407354], [-1.032389341707294, 44.850303007122186], [-1.032222186764974, 44.85001754037285], [-1.032095172423548, 44.84972179320674], [-1.032009521318813, 44.8494186139727], [-1.031966057670693, 44.849110922550665]]]}}, {"type": "Feature", "properties": {"nb_detections_cluster": 2, "frp_max": 6.05, "frp_moyen": 5.78, "derniere_detection": "2026-07-25T13:16:00", "fetch_timestamp": "2026-07-25T13:16:00"}, "geometry": {"type": "Polygon", "coordinates": [[[-1.014279336384507, 44.857357621141915], [-1.014365788388566, 44.85755905685559], [-1.014451356660729, 44.85786225049228], [-1.014494731124171, 44.858169949633215], [-1.014495493371373, 44.858479191017906], [-1.014453635359783, 44.85878699648362], [-1.014369559516221, 44.85909040164682], [-1.014244074887768, 44.859386484453445], [-1.014078389375142, 44.859672393323876], [-1.013874098122451, 44.85994537462032], [-1.013633168174205, 44.860202799172946], [-1.013357919546679, 44.86044218760823], [-1.013051002895302, 44.86066123423563], [-1.012715373992745, 44.86085782926233], [-1.012354265263325, 44.861030079121434], [-1.011971154647815, 44.861176324717576], [-1.011569732098744, 44.86129515741397], [-1.011153864029231, 44.86138543260653], [-1.01072755605831, 44.86144628075395], [-1.010294914412243, 44.86147711575728], [-1.00986010635444, 44.86147764060815], [-1.009427320025992, 44.8614478502511], [-1.009000724084611, 44.86138803163229], [-1.008584427531694, 44.86129876093414], [-1.008182440115453, 44.861180898022695], [-1.007798633692353, 44.861035578161314], [-1.007436704919894, 44.860864201070434], [-1.007100139640715, 44.86066841743953], [-1.006792179301621, 44.860450113020995], [-1.006515789731336, 44.860211390459774], [-1.00627363257786, 44.85995454903401], [-1.006068039680526, 44.859682062502024], [-1.005900990623358, 44.859396555269804], [-1.005774093685505, 44.85910077710832], [-1.005688570371647, 44.85879757666477], [-1.005645243670617, 44.85848987402319], [-1.005644530154445, 44.85818063257862], [-1.005686435992984, 44.85787283049607], [-1.005770556921447, 44.85756943202909], [-1.005896082160169, 44.857273358974346], [-1.006061802247796, 44.85698746253678], [-1.006266120711528, 44.85671449587633], [-1.006507069461147, 44.85645708760041], [-1.006782327757853, 44.85621771645707], [-1.007089244574637, 44.85599868747226], [-1.007424864132468, 44.85580210976081], [-1.007785954366145, 44.855629876224256], [-1.008169038045674, 44.85548364533067], [-1.008570426253661, 44.85536482515182], [-1.008986253896695, 44.85527455981073], [-1.009412516909311, 44.85521371847017], [-1.009845110792968, 44.85518288696748], [-1.010260902815626, 44.855182385107135], [-1.010174469191931, 44.85498094635119], [-1.010088928396915, 44.85467774969952], [-1.010045580766972, 44.85437004918343], [-1.010044843075812, 44.8540608081775], [-1.010086721726203, 44.8537530048425], [-1.010170812715286, 44.853449603444155], [-1.010296305551789, 44.853153525807365], [-1.010461991086457, 44.85286762318115], [-1.010666273179269, 44.852594648785164], [-1.010907184090272, 44.85233723130129], [-1.011182403445039, 44.85209784956624], [-1.011489280591537, 44.85187880870805], [-1.011824860132707, 44.851682217955855], [-1.012185910388629, 44.851509970336764], [-1.012568954514209, 44.85136372445449], [-1.012970303972855, 44.8512448885251], [-1.013386094044205, 44.85115460682334], [-1.013812321024505, 44.85109374866947], [-1.014244880762095, 44.851062900062765], [-1.014679608157776, 44.85106235804171], [-1.015112317250578, 44.851092127825424], [-1.015538841503887, 44.85115192276324], [-1.015955073905028, 44.851241167093654], [-1.016357006493098, 44.85135900148534], [-1.016740768935357, 44.85150429130765], [-1.017102665781523, 44.85167563755094], [-1.017439212037913, 44.85187139029153], [-1.017747166719442, 44.85208966457249], [-1.018023564056711, 44.85232835854722], [-1.0182657420579, 44.85258517371154], [-1.018471368150355, 44.85285763703014], [-1.018638461654759, 44.85314312474397], [-1.018765412875057, 44.85343888763062], [-1.01885099861969, 44.85374207747364], [-1.018894394003957, 44.854049774487194], [-1.018895180418982, 44.85435901543127], [-1.018853349589564, 44.85466682214747], [-1.018769303680829, 44.85497023024017], [-1.018643851451636, 44.85526631762718], [-1.018478200490726, 44.85555223268475], [-1.018273945609467, 44.85582522171556], [-1.018033053502089, 44.85608265547528], [-1.017757843820406, 44.85632205450175], [-1.017450966844719, 44.85654111300242], [-1.017115377965525, 44.85673772107014], [-1.016754309221596, 44.85690998501242], [-1.016371238168512, 44.857056245598244], [-1.015969854377673, 44.85717509404646], [-1.015554023888806, 44.85726538560128], [-1.015127751958893, 44.857326250563766], [-1.014695144466978, 44.85735710267303], [-1.014279336384507, 44.857357621141915]]]}}, {"type": "Feature", "properties": {"nb_detections_cluster": 4, "frp_max": 4.45, "frp_moyen": 4.31, "derniere_detection": "2026-07-25T02:11:00", "fetch_timestamp": "2026-07-25T13:16:00"}, "geometry": {"type": "Polygon", "coordinates": [[[-0.98481, 44.88495], [-0.99335, 44.88974], [-0.98856, 44.88898], [-0.98002, 44.88418], [-0.98481, 44.88495]]]}}, {"type": "Feature", "properties": {"nb_detections_cluster": 20, "frp_max": 120.14, "frp_moyen": 40.12, "derniere_detection": "2026-07-24T13:55:00", "fetch_timestamp": "2026-07-25T13:16:00"}, "geometry": {"type": "Polygon", "coordinates": [[[-1.00520216057267, 44.89757985839551], [-1.005201449000938, 44.897270613136186], [-1.005243386456594, 44.89696280742559], [-1.005327568369409, 44.896659405552285], [-1.005453183371498, 44.89636332934566], [-1.00561902113623, 44.89607743004104], [-1.005823484056822, 44.89580446082596], [-1.006064602651318, 44.895547050332404], [-1.006340054544847, 44.89530767732977], [-1.006647186845771, 44.89508864686188], [-1.006983041699836, 44.89489206805788], [-1.007344384776003, 44.89471983382976], [-1.007727736409646, 44.89457360265227], [-1.008129405103374, 44.894454782599894], [-1.008545523063236, 44.89436451779444], [-1.008972083428678, 44.89430367739349], [-1.009404978838388, 44.894272847225345], [-1.009840040961542, 44.89427232415099], [-1.010273080614637, 44.894302113207054], [-1.010699928078627, 44.894361927557355], [-1.011116473229111, 44.894451191253424], [-1.011518705094088, 44.894569044777484], [-1.011902750459329, 44.894714353314704], [-1.012264911150378, 44.89488571767517], [-1.012601699632919, 44.895081487760805], [-1.012909872589229, 44.89529977844763], [-1.01318646214772, 44.89553848773105], [-1.013428804465084, 44.89579531695953], [-1.013634565385725, 44.89606779296223], [-1.013801762931188, 44.896353291858034], [-1.013928786402622, 44.89664906431675], [-1.014014411911704, 44.89695226202979], [-1.014057814189754, 44.89725996513546], [-1.014058574560426, 44.8975692103351], [-1.014016684998259, 44.897877019429245], [-1.013932548232965, 44.89818042799935], [-1.013806973897431, 44.89847651395861], [-1.013641170755498, 44.89876242569697], [-1.013436735083414, 44.89903540954907], [-1.013195635315991, 44.89929283632041], [-1.012920193104583, 44.89953222661604], [-1.012613060968751, 44.899751274727585], [-1.012277196756404, 44.89994787084785], [-1.011915835158217, 44.900120121399425], [-1.011532456550605, 44.90026636728024], [-1.011130753467555, 44.900385199850774], [-1.010714595024576, 44.90047547450815], [-1.010287989637972, 44.900536321716196], [-1.009855046399186, 44.90056715538498], [-1.009419935477092, 44.900567678519025], [-1.008986847930507, 44.90053788607939], [-1.008559955318996, 44.9004780650323], [-1.008143369501957, 44.90038879158358], [-1.007741103014179, 44.90027092562577], [-1.00735703040043, 44.90012560245157], [-1.006994850882311, 44.899954221813324], [-1.006658052717649, 44.8997584344347], [-1.006349879596247, 44.89954012610422], [-1.006073299396037, 44.89930139950451], [-1.005830975600693, 44.89904455395258], [-1.005625241654021, 44.89877206324653], [-1.005458078497882, 44.89848655183258], [-1.005331095509563, 44.89819076952195], [-1.005245515021645, 44.89788756500184], [-1.00520216057267, 44.89757985839551]]]}}, {"type": "Feature", "properties": {"nb_detections_cluster": 4, "frp_max": 53.47, "frp_moyen": 36.73, "derniere_detection": "2026-07-24T13:55:00", "fetch_timestamp": "2026-07-25T13:16:00"}, "geometry": {"type": "Polygon", "coordinates": [[[-1.00008168284821, 44.90344965461022], [-1.000080999418977, 44.90314040875839], [-1.000122969346321, 44.90283260442348], [-1.00020718774716, 44.90252920588073], [-1.000332842902113, 44.902233134927485], [-1.000498724097781, 44.90194724274839], [-1.000703233309076, 44.901674282462345], [-1.000944400608233, 44.901416882615344], [-1.001219903151355, 44.90117752187421], [-1.001527087559082, 44.90095850516474], [-1.001862995475433, 44.90076194148348], [-1.002224392058466, 44.90058972359686], [-1.002607797128397, 44.900443509822225], [-1.00300951867337, 44.90032470806646], [-1.003425688390618, 44.90023446227524], [-1.003852298921305, 44.90017364142301], [-1.004285242421175, 44.900142831149864], [-1.004720350096426, 44.90014232812519], [-1.005153432325015, 44.900172137192605], [-1.005580318977998, 44.90023197132321], [-1.00599689955366, 44.900321254378056], [-1.006399162738913, 44.900439126652984], [-1.006783235017933, 44.90058445315262], [-1.007145417957075, 44.900755834514044], [-1.00748222380774, 44.90095162047547], [-1.007790409084875, 44.901169925760065], [-1.008067005798149, 44.90140864822267], [-1.008309350035229, 44.901665489084756], [-1.008515107621892, 44.9019379750635], [-1.008682296611634, 44.902223482181626], [-1.008809306387832, 44.902519261029795], [-1.008894913193882, 44.90282246323782], [-1.008938291941056, 44.90313016890073], [-1.008939024179458, 44.90343941469516], [-1.008897102154411, 44.90374722241591], [-1.008812928908133, 44.90405062765763], [-1.008687314424745, 44.90434670836555], [-1.008521467854659, 44.904632612980116], [-1.008316985892321, 44.90490558790456], [-1.008075837418335, 44.90516300403036], [-1.007800344553156, 44.90540238206511], [-1.007493160304226, 44.90562141641842], [-1.007157243021424, 44.90581799741566], [-1.00679582790664, 44.90599023162502], [-1.006412395851822, 44.90613646010186], [-1.00601063990584, 44.90625527437427], [-1.005594429693473, 44.9063455300156], [-1.005167774129761, 44.90640635767288], [-1.004734782789556, 44.90643717144445], [-1.004299626305133, 44.90643767452653], [-1.003866496174248, 44.90640786207327], [-1.003439564366704, 44.90634802124371], [-1.003022943119476, 44.9062587284342], [-1.002620645308641, 44.90614084372379], [-1.002236545780665, 44.905995502585746], [-1.001874344016351, 44.905824104945516], [-1.001537528487743, 44.90562830169046], [-1.001229343051812, 44.90540997876206], [-1.00095275570499, 44.90517123898345], [-1.000710429999661, 44.90491438179864], [-1.000504699397885, 44.90464188111771], [-1.000337544809152, 44.904356361482904], [-1.000210575528073, 44.90406057278464], [-1.000125013755047, 44.903757363771575], [-1.00008168284821, 44.90344965461022]]]}}, {"type": "Feature", "properties": {"nb_detections_cluster": 12, "frp_max": 46.23, "frp_moyen": 16.64, "derniere_detection": "2026-07-25T03:30:00", "fetch_timestamp": "2026-07-25T13:16:00"}, "geometry": {"type": "Polygon", "coordinates": [[[-1.02213, 44.91697], [-1.02999, 44.91972], [-1.02435, 44.91907], [-1.01432, 44.91423], [-1.00876, 44.91352], [-1.00648, 44.91148], [-1.01027, 44.90881], [-1.01869, 44.90807], [-1.0208, 44.90274], [-1.0262, 44.90257], [-1.02652, 44.91081], [-1.02213, 44.91697]]]}}, {"type": "Feature", "properties": {"nb_detections_cluster": 10, "frp_max": 12.89, "frp_moyen": 10.04, "derniere_detection": "2026-07-25T03:30:00", "fetch_timestamp": "2026-07-25T13:16:00"}, "geometry": {"type": "Polygon", "coordinates": [[[-1.00556, 44.92655], [-1.0079, 44.92865], [-1.0012, 44.93271], [-0.99573, 44.93203], [-0.99335, 44.92997], [-0.98789, 44.92925], [-0.98006, 44.92647], [-0.98549, 44.92723], [-0.99769, 44.9238], [-1.00005, 44.92585], [-1.00556, 44.92655]]]}}, {"type": "Feature", "properties": {"nb_detections_cluster": 3, "frp_max": 12.03, "frp_moyen": 11.52, "derniere_detection": "2026-07-25T03:30:00", "fetch_timestamp": "2026-07-25T13:16:00"}, "geometry": {"type": "Polygon", "coordinates": [[[-0.9992, 44.94098], [-0.99139, 44.93821], [-0.98353, 44.93542], [-0.9992, 44.94098]]]}}, {"type": "Feature", "properties": {"nb_detections_cluster": 1, "frp_max": 14.91, "frp_moyen": 14.91, "derniere_detection": "2026-07-25T03:30:00", "fetch_timestamp": "2026-07-25T13:16:00"}, "geometry": {"type": "Polygon", "coordinates": [[[-0.998187997197178, 44.950049581445725], [-0.998187323643992, 44.949740331245216], [-0.998229338846369, 44.94943252330753], [-0.998313637484062, 44.949129121942555], [-0.998439407063899, 44.948833048974834], [-0.99860543576955, 44.948547155608395], [-0.998810124154522, 44.94827419497353], [-0.999051500564882, 44.94801679561956], [-0.999327240142461, 44.94777743620857], [-0.999634687224929, 44.94755842165349], [-0.999970880926632, 44.94736186093015], [-1.000332583653618, 44.94718964677642], [-1.000716312278244, 44.94704343747372], [-1.001118371673321, 44.94692464088587], [-1.001534890283245, 44.94683440090872], [-1.001961857390143, 44.94677358646077], [-1.002395161716826, 44.94674278312042], [-1.002830630995686, 44.946742287490316], [-1.003264072123405, 44.94677210434284], [-1.003691311515785, 44.94683194657415], [-1.004108235275109, 44.94692123796734], [-1.004510828784195, 44.94703911873791], [-1.004895215346826, 44.9471844538087], [-1.00525769350326, 44.94735584373431], [-1.00559477266221, 44.947551638170474], [-1.005903206706717, 44.94776995175876], [-1.006180025250651, 44.94800868227401], [-1.006422562245076, 44.94826553086024], [-1.006628481658934, 44.94853802416021], [-1.006795799986561, 44.948823538126156], [-1.006922905364894, 44.9491193232828], [-1.00700857311564, 44.94942253119918], [-1.007051977562046, 44.949730241915375], [-1.00705270000557, 44.950039492059304], [-1.007010732784695, 44.950347303383914], [-1.00692647937576, 44.95065071144911], [-1.006800750533824, 44.9509467941729], [-1.006634756509681, 44.951232699976316], [-1.006430095417036, 44.95150567525112], [-1.006188737860992, 44.951763090885386], [-1.005913007975153, 44.9520024675914], [-1.005605561049408, 44.95222149979158], [-1.005269357963382, 44.95241807783201], [-1.004907636671662, 44.952590308309325], [-1.004523881015327, 44.95273653231482], [-1.00412178716038, 44.95285534141964], [-1.003705227986692, 44.95294559124691], [-1.003278215770985, 44.95300641249962], [-1.00284486352395, 44.95303721933783], [-1.002409345354751, 44.95303771502448], [-1.001975856245531, 44.95300789478506], [-1.001548571624391, 44.9529480458535], [-1.001131607127166, 44.95285874470426], [-1.000728978936571, 44.95274085149671], [-1.000344565081613, 44.95259550178598], [-0.999982068070866, 44.95242409558007], [-0.999644979220174, 44.95222828384889], [-0.999336545018947, 44.952009952615526], [-0.999059735859335, 44.95177120478316], [-0.998817217429641, 44.95151433987333], [-0.998611325047494, 44.951241831870576], [-0.998444041179738, 44.95095630538766], [-0.998316976365169, 44.950660510380914], [-0.998231353723232, 44.950357295659764], [-0.998187997197178, 44.950049581445725]]]}}, {"type": "Feature", "properties": {"nb_detections_cluster": 2, "frp_max": 4.87, "frp_moyen": 3.95, "derniere_detection": "2026-07-25T13:16:00", "fetch_timestamp": "2026-07-25T13:16:00"}, "geometry": {"type": "Polygon", "coordinates": [[[-0.981903663420831, 44.84311189758902], [-0.98177572410614, 44.84322311095937], [-0.981468778408401, 44.84344206904435], [-0.981133141884964, 44.84363856748819], [-0.980772047034005, 44.84381071365419], [-0.980388971662998, 44.84395684944566], [-0.979987605385277, 44.84407556728346], [-0.979571814072132, 44.844165723669775], [-0.979145602603346, 44.84422645020765], [-0.978713076275636, 44.84425716196947], [-0.978278401241518, 44.84425756313397], [-0.977845764360565, 44.844227649837066], [-0.977419332850699, 44.84416771020906], [-0.977003214129142, 44.84407832159799], [-0.97660141623082, 44.84396034500563], [-0.976217809186339, 44.8438149167902], [-0.975856087732367, 44.84364343771587], [-0.975519735714269, 44.84344755945427], [-0.975211992524396, 44.843229168669204], [-0.97493582189964, 44.84299036883739], [-0.974693883378971, 44.842733459981005], [-0.974488506695811, 44.84246091650773], [-0.974321669351696, 44.84217536337183], [-0.974194977586766, 44.84187955078617], [-0.97410965092982, 44.84157632772933], [-0.974066510475953, 44.8412686145029], [-0.974065971003851, 44.84095937460367], [-0.974108037007649, 44.840651586181565], [-0.974192302680617, 44.8403482133584], [-0.974317955849726, 44.840052177683674], [-0.974483785822258, 44.839766330002156], [-0.974688195067858, 44.83949342300413], [-0.974929214622734, 44.83923608472228], [-0.975204523066878, 44.83899679323054], [-0.975511468890967, 44.83877785278772], [-0.975847096037177, 44.838581371655984], [-0.976208172367694, 44.838409241806744], [-0.976591220786777, 44.838263120709634], [-0.976992552716835, 44.838144415379084], [-0.977408303606541, 44.838054268832266], [-0.977834470129564, 44.837993549088054], [-0.978266948716426, 44.83796284081295], [-0.978701575049264, 44.83796243969421], [-0.979134164140068, 44.83799234959421], [-0.979560550607466, 44.83805228251312], [-0.979976628765194, 44.83814166136079], [-0.980378392137168, 44.838259625510624], [-0.980506434977023, 44.83830816626031], [-0.980634365611843, 44.838196954531455], [-0.980941285905442, 44.83797799912887], [-0.981276889283468, 44.83778150162819], [-0.981637943836907, 44.837609354158495], [-0.982020972679647, 44.83746321435908], [-0.982422287422539, 44.8373444894245], [-0.982838023679692, 44.837254322560696], [-0.983264178265625, 44.83719358198213], [-0.983696647725767, 44.837162852555956], [-0.98413126783011, 44.83716243017309], [-0.984563853650609, 44.83719231890064], [-0.984990239837384, 44.837252230942674], [-0.985406320706893, 44.83734158941005], [-0.985808089756971, 44.837459533872426], [-0.986191678229216, 44.83760492863926], [-0.986553392348123, 44.83777637369031], [-0.98688974887914, 44.83797221815041], [-0.98719750866374, 44.838190576179336], [-0.987473707808946, 44.83842934512397], [-0.987715686231166, 44.8386862257581], [-0.987921113279434, 44.838958744415784], [-0.988088010191077, 44.83924427680494], [-0.988214769163192, 44.83954007327273], [-0.988300168855661, 44.839843285279194], [-0.98834338617568, 44.840150992824846], [-0.988344004229462, 44.84046023256805], [-0.988302016363559, 44.840768026361744], [-0.988217826255891, 44.84107140993459], [-0.988092244054558, 44.84136746144035], [-0.987926478600593, 44.841653329600675], [-0.987722125808626, 44.841926261169775], [-0.987481153316462, 44.84218362745657], [-0.987205881550699, 44.84242294964861], [-0.986898961390144, 44.84264192269333], [-0.986563348641732, 44.84283843750656], [-0.986202275574573, 44.843010601293905], [-0.985819219786255, 44.843156755788996], [-0.985417870701428, 44.84327549323253], [-0.985002094025723, 44.84336566993786], [-0.984575894497886, 44.8434264173123], [-0.984143377299578, 44.843457150227565], [-0.98370870849536, 44.843457572658615], [-0.983276074884785, 44.84342768053653], [-0.982849643654279, 44.84336776178767], [-0.982433522218389, 44.84327839355892], [-0.982031718638222, 44.843160436655765], [-0.981903663420831, 44.84311189758902]]]}}, {"type": "Feature", "properties": {"nb_detections_cluster": 2, "frp_max": 2.04, "frp_moyen": 2.03, "derniere_detection": "2026-07-25T02:11:00", "fetch_timestamp": "2026-07-25T13:16:00"}, "geometry": {"type": "Polygon", "coordinates": [[[-0.957996549350478, 44.85055976124663], [-0.958083220842627, 44.85053414838757], [-0.958499093772685, 44.85044407231821], [-0.958925374727089, 44.85038342494345], [-0.959357959034742, 44.85035279023301], [-0.959792681359998, 44.85035246316578], [-0.960225355790701, 44.850382446891075], [-0.960651816123847, 44.850442452698246], [-0.961067955961961, 44.85053190279531], [-0.961469768235017, 44.85064993586958], [-0.961853383768275, 44.85079541537725], [-0.962215108525446, 44.850966940482074], [-0.962551459169256, 44.85116285953801], [-0.962859196597513, 44.85138128598646], [-0.963135357132112, 44.85162011651539], [-0.963377281060816, 44.851877051305465], [-0.963582638256935, 44.85214961616914], [-0.963749450629968, 44.85243518636927], [-0.963876111190629, 44.85273101188878], [-0.963961399546037, 44.85303424390777], [-0.964004493675159, 44.8533419622339], [-0.964004977870192, 44.85365120342155], [-0.963962846766491, 44.85395898930959], [-0.963878505421195, 44.85426235570268], [-0.963752765438764, 44.85455838091988], [-0.963586837179714, 44.85484421393587], [-0.963382318126649, 44.85511710184319], [-0.963141177518736, 44.8553744163712], [-0.962865737401889, 44.85561367920582], [-0.962558650276589, 44.8558325858661], [-0.962222873558162, 44.85602902790717], [-0.961861641095331, 44.856201113235514], [-0.961478432021271, 44.8563471843404], [-0.961076937237404, 44.85646583426572], [-0.96066102385306, 44.856555920167786], [-0.96023469792408, 44.85661657432851], [-0.959802065849907, 44.85664721251746], [-0.959367294801826, 44.856647539622], [-0.958934572564387, 44.85661755249142], [-0.958508067177781, 44.856557539967234], [-0.958091886770858, 44.85646808009955], [-0.957690039972683, 44.85635003457654], [-0.957306397284776, 44.85620454042037], [-0.956944653786963, 44.856032999030255], [-0.956608293536714, 44.85583706267808], [-0.956373343970903, 44.85567028655033], [-0.956286663773125, 44.85569589811675], [-0.955870748407782, 44.85578596604978], [-0.955444423150917, 44.85584660179956], [-0.95501179439552, 44.85587722131296], [-0.954577029280913, 44.85587752965725], [-0.954144315534482, 44.8558475238624], [-0.953717821114607, 44.85578749294973], [-0.953301654044478, 44.85569801514644], [-0.952899822824652, 44.85557995231347], [-0.952516197806549, 44.85543444163973], [-0.952154473899744, 44.855262884683505], [-0.951818134972947, 44.855066933866595], [-0.951510420292077, 44.85484847655158], [-0.95123429331905, 44.85460961685586], [-0.950992413171974, 44.854352655378165], [-0.950787109021602, 44.85408006703288], [-0.95062035767043, 44.85379447720631], [-0.950493764529935, 44.853498636464586], [-0.950408548178631, 44.8531953940573], [-0.950365528648885, 44.852887670472306], [-0.950365119554444, 44.852578429305964], [-0.950407324133548, 44.852270648720236], [-0.950491735244704, 44.85196729276135], [-0.950617539314129, 44.85167128281621], [-0.950783524195843, 44.851385469481755], [-0.950988090867721, 44.85111260511728], [-0.95122926885006, 44.85085531734486], [-0.951504735197384, 44.850616083751866], [-0.951811836880032, 44.85039720803955], [-0.952147616339599, 44.850200797846625], [-0.952508839971878, 44.85002874446137], [-0.952892029263029, 44.84988270461709], [-0.953293494279301, 44.84976408454578], [-0.953709369188174, 44.84967402644366], [-0.954135649469422, 44.84961339747787], [-0.954568230458443, 44.84958278144086], [-0.955002946851551, 44.84958247313175], [-0.955435612793699, 44.849612475519216], [-0.955862062163597, 44.84967249971291], [-0.956278188669303, 44.84976196774378], [-0.956679985369128, 44.84988001812649], [-0.957063583238234, 44.85002551415058], [-0.95742528841037, 44.850197054820725], [-0.957761617736785, 44.85039298834099], [-0.957996549350478, 44.85055976124663]]]}}, {"type": "Feature", "properties": {"nb_detections_cluster": 8, "frp_max": 4.06, "frp_moyen": 3.42, "derniere_detection": "2026-07-25T01:49:00", "fetch_timestamp": "2026-07-25T13:16:00"}, "geometry": {"type": "Polygon", "coordinates": [[[-0.91357, 44.86699], [-0.91439, 44.86314], [-0.91787, 44.87923], [-0.90953, 44.88622], [-0.91034, 44.88238], [-0.91115, 44.87853], [-0.91195, 44.87468], [-0.91276, 44.87083], [-0.91357, 44.86699]]]}}, {"type": "Feature", "properties": {"nb_detections_cluster": 1, "frp_max": 6.48, "frp_moyen": 6.48, "derniere_detection": "2026-07-25T03:30:00", "fetch_timestamp": "2026-07-25T13:16:00"}, "geometry": {"type": "Polygon", "coordinates": [[[-0.946584180874971, 44.869857520641006], [-0.946583792481959, 44.86954827778045], [-0.946626030542376, 44.86924049695956], [-0.946710487591883, 44.86893714222679], [-0.946836349613919, 44.86864113495726], [-0.947002403904072, 44.868355325722014], [-0.947207050771524, 44.86808246684093], [-0.947448318964065, 44.86782518588324], [-0.947723884667341, 44.86758596037067], [-0.948031093894825, 44.86736709392662], [-0.948366988052461, 44.86717069410057], [-0.948728332431584, 44.86699865208092], [-0.949111647355723, 44.86685262449156], [-0.9495132416815, 44.86673401744645], [-0.949929248331422, 44.86664397301636], [-0.950355661516915, 44.86658335823683], [-0.950788375293852, 44.86655275676365], [-0.951223223080157, 44.86655246325575], [-0.951656017755817, 44.86658248053924], [-0.952082591960174, 44.86664251958038], [-0.952498838199428, 44.86673200226714], [-0.952900748379102, 44.86685006697307], [-0.953284452381744, 44.866995576849774], [-0.953646255319154, 44.86716713076853], [-0.953982673101154, 44.86736307680586], [-0.954290465978906, 44.86758152814336], [-0.954566669740144, 44.867820381229244], [-0.954808624256109, 44.868077336026985], [-0.955013999105241, 44.86834991815633], [-0.955180816026682, 44.86863550271385], [-0.955307467986948, 44.86893133954411], [-0.955392734675565, 44.86923457971831], [-0.955435794279728, 44.869542302965435], [-0.955436231423702, 44.86985154579251], [-0.955394041195566, 44.870159330022524], [-0.955309629221491, 44.870462691476014], [-0.955183807785814, 44.870758708519624], [-0.955017788033238, 44.871044530206646], [-0.954813168327319, 44.8713174037387], [-0.954571918876466, 44.871574700983565], [-0.954296362774798, 44.871813943793576], [-0.953989153639861, 44.87203282788058], [-0.953653250062151, 44.87222924501714], [-0.953291887112344, 44.872401303349555], [-0.952908545180572, 44.87254734562713], [-0.952506916448098, 44.872665965171386], [-0.952090869314648, 44.87275601943122], [-0.951664411124555, 44.87281664099338], [-0.951231649551447, 44.87284724594137], [-0.95079675301418, 44.87284753948278], [-0.950363910506237, 44.872817518790164], [-0.949937291226447, 44.872757473028294], [-0.949521004400834, 44.87266798056746], [-0.949119059683584, 44.87254990340976], [-0.948735328519409, 44.87240437888209], [-0.948373506840311, 44.87223280867615], [-0.948037079456703, 44.87203684534139], [-0.947729286486406, 44.87181837636093], [-0.947453092145241, 44.87157950596455], [-0.947211156199961, 44.871322534853995], [-0.947005808358462, 44.87104993803646], [-0.946839025843717, 44.8707643409798], [-0.946712414366979, 44.87046849431977], [-0.946627192682962, 44.870165247362955], [-0.946584180874971, 44.869857520641006]]]}}, {"type": "Feature", "properties": {"nb_detections_cluster": 6, "frp_max": 10.15, "frp_moyen": 7.39, "derniere_detection": "2026-07-25T03:30:00", "fetch_timestamp": "2026-07-25T13:16:00"}, "geometry": {"type": "Polygon", "coordinates": [[[-0.96007, 44.87978], [-0.96244, 44.88154], [-0.95459, 44.87873], [-0.94668, 44.8759], [-0.94425, 44.87422], [-0.95217, 44.877], [-0.96007, 44.87978]]]}}, {"type": "Feature", "properties": {"nb_detections_cluster": 7, "frp_max": 15.23, "frp_moyen": 8.03, "derniere_detection": "2026-07-25T03:30:00", "fetch_timestamp": "2026-07-25T13:16:00"}, "geometry": {"type": "Polygon", "coordinates": [[[-0.97147, 44.8915], [-0.97385, 44.89335], [-0.96356, 44.88873], [-0.95809, 44.88772], [-0.95021, 44.88491], [-0.94775, 44.88317], [-0.95566, 44.88595], [-0.97147, 44.8915]]]}}, {"type": "Feature", "properties": {"nb_detections_cluster": 1, "frp_max": 6.83, "frp_moyen": 6.83, "derniere_detection": "2026-07-25T03:30:00", "fetch_timestamp": "2026-07-25T13:16:00"}, "geometry": {"type": "Polygon", "coordinates": [[[-0.933552678646824, 44.88844700218459], [-0.93355236191752, 44.88813775747179], [-0.933594685417357, 44.88782997980922], [-0.933679240858756, 44.887526633214854], [-0.933805213277248, 44.88723063898532], [-0.933971388904983, 44.88694484756607], [-0.93417616688243, 44.8866720111053], [-0.934417574694651, 44.88641475695625], [-0.934693287182716, 44.886175562382455], [-0.935000648946615, 44.885956730709346], [-0.935336699923513, 44.88576036915149], [-0.935698203894809, 44.88558836852882], [-0.93608167964746, 44.88544238506647], [-0.936483434489675, 44.885323824453586], [-0.936899599798592, 44.88523382831377], [-0.937326168258177, 44.88517326321755], [-0.93775903242945, 44.885142712342336], [-0.938194024282457, 44.88514246985984], [-0.938626955310207, 44.88517253810487], [-0.939053656839309, 44.88523262755297], [-0.939470020150096, 44.885322159606766], [-0.93987203602089, 44.8854402721644], [-0.94025583331654, 44.88558582791676], [-0.940617716250451, 44.885757425293356], [-0.940954199961996, 44.8859534119522], [-0.941262044067268, 44.886171900683706], [-0.94153828386042, 44.88641078757601], [-0.941780258865368, 44.88666777226696], [-0.941985638462842, 44.886940380088404], [-0.942152444345803, 44.88722598588942], [-0.942279069586581, 44.88752183931002], [-0.942364294131512, 44.88782509126145], [-0.942407296573137, 44.888132821359264], [-0.942407662085727, 44.88844206604439], [-0.942365386446745, 44.88874984712189], [-0.942280876104503, 44.88905320044259], [-0.942154944290336, 44.8893492044513], [-0.941988803211694, 44.88963500832682], [-0.941784052400402, 44.88990785944224], [-0.941542663327419, 44.89016512988114], [-0.941266960431539, 44.89040434175402], [-0.940959598744148, 44.89062319107062], [-0.94062353832514, 44.89081956993833], [-0.940262015755974, 44.89099158687206], [-0.939878512964394, 44.89113758501979], [-0.939476723681286, 44.89125615812808], [-0.939060517853053, 44.891346164093115], [-0.938633904352867, 44.89140673596677], [-0.938200992350589, 44.891437290311174], [-0.937765951714298, 44.89143753282135], [-0.937332972825692, 44.89140746116137], [-0.936906226197433, 44.89134736498696], [-0.93648982228232, 44.891257823153985], [-0.936087771862434, 44.891139698140094], [-0.935703947400628, 44.89099412773308], [-0.935342045727479, 44.89082251406663], [-0.935005552423749, 44.89062651010871], [-0.93469770824197, 44.890408003733704], [-0.934421477890928, 44.89016909953153], [-0.934179521483851, 44.889912098529535], [-0.933974168925305, 44.88963947602271], [-0.933807397483238, 44.88935385772627], [-0.933680812761776, 44.88905799448051], [-0.933595633257446, 44.88875473575163], [-0.933552678646824, 44.88844700218459]]]}}, {"type": "Feature", "properties": {"nb_detections_cluster": 3, "frp_max": 7.09, "frp_moyen": 4.56, "derniere_detection": "2026-07-25T01:49:00", "fetch_timestamp": "2026-07-25T13:16:00"}, "geometry": {"type": "Polygon", "coordinates": [[[-0.92054, 44.89917], [-0.91462, 44.89462], [-0.92135, 44.89533], [-0.92054, 44.89917]]]}}, {"type": "Feature", "properties": {"nb_detections_cluster": 2, "frp_max": 11.41, "frp_moyen": 9.84, "derniere_detection": "2026-07-25T03:30:00", "fetch_timestamp": "2026-07-25T13:16:00"}, "geometry": {"type": "Polygon", "coordinates": [[[-0.95894342633188, 44.89998884232587], [-0.959151549507818, 44.90004993090801], [-0.959535496706921, 44.900195420698125], [-0.959897532786833, 44.90036695603341], [-0.960234171412511, 44.90056288516937], [-0.960542170708542, 44.90078132145034], [-0.960818564474854, 44.90102016146959], [-0.961060690752785, 44.90127710531642], [-0.961266217466398, 44.90154967871608], [-0.961433164891929, 44.901835256849274], [-0.961559924738562, 44.902131089622436], [-0.96164527565619, 44.90243432814587], [-0.961688395020114, 44.902742052164555], [-0.961688866878286, 44.90305129817806], [-0.961646685983637, 44.90335908797878], [-0.961562257871616, 44.90366245733363], [-0.961436394981166, 44.903958484533185], [-0.961270308855469, 44.90424431853293], [-0.961065598496622, 44.90451720641599], [-0.960824234985518, 44.90477451991187], [-0.960548542514316, 44.905013780716445], [-0.960241176013599, 44.90523268436829], [-0.959905095589272, 44.90542912245147], [-0.959543538015189, 44.90560120291057], [-0.959159985556036, 44.905747268281765], [-0.958758132420938, 44.90586591166415], [-0.958341849171245, 44.90595599027703], [-0.957915145425852, 44.90601663647253], [-0.957482131223936, 44.906047266096905], [-0.957046977418106, 44.90604758412005], [-0.95661387548031, 44.90601758747872], [-0.956186997108664, 44.90595756510602], [-0.955770454025202, 44.90586809514695], [-0.955368258352763, 44.90575003938688], [-0.954984283953564, 44.9056045349466], [-0.95462222910265, 44.905432983324374], [-0.954285580856424, 44.905237036890654], [-0.95397758146001, 44.905018582965816], [-0.953701197117339, 44.90477972563463], [-0.953459089424929, 44.904522765473104], [-0.953253589744482, 44.90425017738293], [-0.953096325255938, 44.903981095554], [-0.952888194092731, 44.90391999555473], [-0.952504238645885, 44.90377448262586], [-0.952142203183559, 44.903602923019015], [-0.951805574575382, 44.90340696918156], [-0.951497594877296, 44.90318850850517], [-0.951221230103482, 44.90294964513966], [-0.950979141661965, 44.90269267971908], [-0.950773660729029, 44.90242008719584], [-0.950606765809009, 44.902134492996474], [-0.950480063695175, 44.901838647729235], [-0.950394774014513, 44.90153540068735], [-0.950351717504472, 44.90122767240327], [-0.950351308133754, 44.90091842651862], [-0.950393549142053, 44.900610641240824], [-0.950478033035856, 44.90030728066126], [-0.950603945539325, 44.90001126621138], [-0.950770073461192, 44.8997254485314], [-0.950974816400925, 44.89945258002257], [-0.951216202180589, 44.89919528834676], [-0.951491905853043, 44.898956051128984], [-0.951799272102819, 44.898737172105356], [-0.95213534082358, 44.89854075894645], [-0.95249687562561, 44.898368702969115], [-0.952880394998799, 44.898222660931566], [-0.953282205831191, 44.89810403908695], [-0.953698438960724, 44.8980139796485], [-0.954125086418313, 44.897953349796275], [-0.954558040004365, 44.897922733331214], [-0.954993130828064, 44.89792242505657], [-0.955426169429601, 44.897952427940666], [-0.955852986099961, 44.89801245308839], [-0.956269471011014, 44.89810192252153], [-0.956671613770435, 44.89821997474123], [-0.957055542021505, 44.89836547301937], [-0.957417558716882, 44.898537016338885], [-0.957754177708145, 44.898732952878404], [-0.958062157308922, 44.89895139591097], [-0.958338531508771, 44.89919024196483], [-0.95858063853743, 44.89944719107117], [-0.958786146504321, 44.899719768904575], [-0.95894342633188, 44.89998884232587]]]}}, {"type": "Feature", "properties": {"nb_detections_cluster": 2, "frp_max": 14.35, "frp_moyen": 14.29, "derniere_detection": "2026-07-25T03:30:00", "fetch_timestamp": "2026-07-25T13:16:00"}, "geometry": {"type": "Polygon", "coordinates": [[[-0.964247671021432, 44.90993112894706], [-0.964269420944856, 44.909922845469495], [-0.964671291480136, 44.909804182007264], [-0.965087593116509, 44.90971407957482], [-0.96551431722526, 44.90965340576625], [-0.965947354868798, 44.90962274480573], [-0.966382536347034, 44.90962239192495], [-0.966815671327401, 44.90965235052178], [-0.967242589173026, 44.909712332127526], [-0.967659179081756, 44.90980175918322], [-0.968061429650439, 44.90991977059809], [-0.968445467484441, 44.910065230036906], [-0.968807594481411, 44.910236736856675], [-0.969144323430962, 44.91043263958747], [-0.96945241158802, 44.91065105182793], [-0.969728891896891, 44.91088987040283], [-0.969971101565567, 44.91114679560805], [-0.970176707715069, 44.91141935334836], [-0.970343729856614, 44.91170491895526], [-0.970470558979769, 44.912000742455966], [-0.97055597306714, 44.91230397505011], [-0.970599148885501, 44.912611696539734], [-0.970599669938905, 44.91292094344892], [-0.970557530506262, 44.91322873756144], [-0.970473135723443, 44.91353211460277], [-0.970347297708125, 44.913828152789485], [-0.970181227763633, 44.91411400097135], [-0.969976524735946, 44.91438690609487], [-0.969735159635083, 44.91464423972363], [-0.969459456668269, 44.91488352335957], [-0.969152070866966, 44.915102452321406], [-0.968815962522792, 44.91529891794947], [-0.968454368678377, 44.91547102792307], [-0.968070771947659, 44.915617124494084], [-0.967668866966124, 44.91573580046107], [-0.967252524794497, 44.915825912729545], [-0.966825755619236, 44.91588659332746], [-0.966392670109816, 44.91591725776964], [-0.965957439805783, 44.9159176106907], [-0.965524256916054, 44.915887648691175], [-0.96509729391863, 44.91582766037051], [-0.964680663350822, 44.91573822354574], [-0.964278378178291, 44.91562019968307], [-0.963894313125473, 44.91547472559607], [-0.963532167340726, 44.91530320249065], [-0.96319542875644, 44.91510728246261], [-0.962887340487945, 44.91488885257803], [-0.962702220636705, 44.91472893273654], [-0.962680468618819, 44.91473721591947], [-0.962278558539805, 44.91485587236028], [-0.961862214241461, 44.914945964410016], [-0.961435445930765, 44.91500662429138], [-0.96100236426888, 44.91503726771882], [-0.960567140758295, 44.915037599529306], [-0.960133967542483, 44.91500761652672], [-0.959707017006236, 44.91494760751283], [-0.959290401566804, 44.91485815050398], [-0.95888813404408, 44.91474010716079], [-0.95850408899244, 44.91459461448444], [-0.958141965367526, 44.91442307385994], [-0.957805250888222, 44.91422713755176], [-0.957497188437614, 44.91400869278281], [-0.957220744826944, 44.91376984354969], [-0.95697858222353, 44.91351289035036], [-0.956773032517872, 44.91324030801955], [-0.956606074876562, 44.91295472188566], [-0.956479316696797, 44.9126588824793], [-0.95639397814534, 44.912355639037294], [-0.956350880430083, 44.91204791205744], [-0.956350437916316, 44.911738665168876], [-0.956392654162643, 44.911430876588696], [-0.956477121913737, 44.91112751044015], [-0.956603027048934, 44.910831488208345], [-0.956769156447641, 44.91054566060848], [-0.956973909694835, 44.910272780137326], [-0.957215314513075, 44.91001547457202], [-0.957491045771665, 44.90977622167134], [-0.957798447889307, 44.90955732532241], [-0.958134560414136, 44.909360893362674], [-0.958496146534522, 44.909188817290044], [-0.958879724246135, 44.909042754056216], [-0.959281599875252, 44.90892411011848], [-0.959697903635895, 44.90883402790276], [-0.960124626878932, 44.908773374808476], [-0.960557660675122, 44.90874273486036], [-0.960992835361426, 44.90874240308775], [-0.961425960670665, 44.90877238268527], [-0.961852866059066, 44.90883238498202], [-0.962269440844387, 44.908921832219804], [-0.96267167376905, 44.90903986311349], [-0.963055691608264, 44.909185341140336], [-0.963417796452142, 44.9093568654783], [-0.963754501303548, 44.90955278448877], [-0.964062563649388, 44.90977121161362], [-0.964247671021432, 44.90993112894706]]]}}, {"type": "Feature", "properties": {"nb_detections_cluster": 2, "frp_max": 16.41, "frp_moyen": 14.68, "derniere_detection": "2026-07-25T03:30:00", "fetch_timestamp": "2026-07-25T13:16:00"}, "geometry": {"type": "Polygon", "coordinates": [[[-0.984330862786213, 44.90933799030952], [-0.984448418400679, 44.90929319125174], [-0.984850241739609, 44.909174454837355], [-0.985266506287843, 44.9090842768257], [-0.985693203773634, 44.909023525538615], [-0.986126225515631, 44.90899278594632], [-0.986561401966799, 44.90899235403762], [-0.986994542842966, 44.909022233971356], [-0.987421477450536, 44.90908213803626], [-0.98783809482605, 44.90917148942003], [-0.98824038330202, 44.90928942776053], [-0.988624469118989, 44.909434817426195], [-0.988986653712792, 44.90960625844591], [-0.989323449318677, 44.90980209998335], [-0.989631612549986, 44.910020456226526], [-0.989908175628374, 44.91025922453945], [-0.990150474965075, 44.91051610570209], [-0.990356176817895, 44.9107886260434], [-0.990523299776686, 44.911074161255165], [-0.990650233860354, 44.91136996165737], [-0.990735756040893, 44.911673178672196], [-0.990779042044231, 44.91198089225193], [-0.990779674313368, 44.912290138996866], [-0.990737646056161, 44.912597940692535], [-0.990653361337748, 44.91290133299149], [-0.990527631215705, 44.913197393963486], [-0.990361665954099, 44.91348327223896], [-0.990157063390512, 44.913756214474716], [-0.98991579356715, 44.91401359187698], [-0.989640179773341, 44.91425292552619], [-0.989332876181409, 44.914471910259415], [-0.988996842290894, 44.91466843687991], [-0.98863531442704, 44.91484061247951], [-0.988251774568014, 44.91498677867808], [-0.987849916801295, 44.91510552760359], [-0.987433611732634, 44.915195715458744], [-0.987006869190953, 44.915256473543465], [-0.986573799589081, 44.91528721662631], [-0.986138574313276, 44.915287648584275], [-0.985705385524015, 44.91525776525671], [-0.985278405756168, 44.915197854485235], [-0.984861747708678, 44.91510849333992], [-0.984459424612035, 44.914990542558016], [-0.984075311556146, 44.9148451382492], [-0.983713108151957, 44.914673680947345], [-0.983376302887088, 44.91447782211442], [-0.983068139519391, 44.91425944822718], [-0.982909036702637, 44.91412207390742], [-0.982791469741655, 44.914166871402664], [-0.98238960629188, 44.914285600553], [-0.981973298530988, 44.914375767930366], [-0.981546556313867, 44.91443650503191], [-0.981113490050235, 44.91446722682826], [-0.980678271094203, 44.9144676374015], [-0.980245091545365, 44.9144377327969], [-0.979818123849561, 44.914377801061086], [-0.979401480589418, 44.91428841946603], [-0.978999174852943, 44.91417044894597], [-0.978615081562775, 44.91402502580066], [-0.97825290013941, 44.91385355074542], [-0.977916118858685, 44.91365767541325], [-0.977607981247372, 44.91343928643972], [-0.977331454840908, 44.91320048728414], [-0.977089202604335, 44.91294357796223], [-0.976883557291703, 44.91267103288617], [-0.97671649899066, 44.91238547702566], [-0.976589636068074, 44.91208966061988], [-0.97650418969965, 44.9117864326842], [-0.976460982131769, 44.91147871356726], [-0.976460428787745, 44.911169466822564], [-0.976502534293554, 44.91086167066597], [-0.976586892460305, 44.910558289293796], [-0.976712690222568, 44.9102622443379], [-0.976878715493623, 44.90997638673241], [-0.977083368861012, 44.9097034692632], [-0.9773246790089, 44.90944612006376], [-0.977600321717996, 44.90920681731313], [-0.977907642259432, 44.90898786537856], [-0.978243680966609, 44.908791372632855], [-0.978605201738447, 44.90861923115922], [-0.978988723199621, 44.908473098539226], [-0.979390552217825, 44.908354381898256], [-0.979806819455707, 44.90826422436236], [-0.980233516615656, 44.9082034940562], [-0.980666535019476, 44.90817277574799], [-0.981101705152278, 44.90817236522159], [-0.981534836790723, 44.908202266429946], [-0.981961759330137, 44.908262191456956], [-0.982378361923229, 44.90835156328844], [-0.982780633044804, 44.90846952136538], [-0.983164699102453, 44.90861492986622], [-0.983526861722211, 44.90878638863837], [-0.983863633350854, 44.90898224667463], [-0.984171770832533, 44.90920061800408], [-0.984330862786213, 44.90933799030952]]]}}, {"type": "Feature", "properties": {"nb_detections_cluster": 1, "frp_max": 8.66, "frp_moyen": 8.66, "derniere_detection": "2026-07-25T03:30:00", "fetch_timestamp": "2026-07-25T13:16:00"}, "geometry": {"type": "Polygon", "coordinates": [[[-0.977550434184004, 44.9184587573381], [-0.977549874765988, 44.91814950994172], [-0.97759197953335, 44.917841712718065], [-0.977676342304138, 44.917538329873786], [-0.977802149968409, 44.91724228305491], [-0.977968190343929, 44.916956423213506], [-0.978172863872635, 44.91668350315695], [-0.978414199044418, 44.91642615104374], [-0.978689871398902, 44.9161868450809], [-0.978997225921668, 44.91596788966662], [-0.979333302618837, 44.915771393207216], [-0.979694865023481, 44.91559924782169], [-0.980078431359374, 44.91545311112924], [-0.980480308062127, 44.91533439029449], [-0.980896625335265, 44.91524422848388], [-0.981323374399446, 44.9151834938632], [-0.981756446076761, 44.91515277124222], [-0.982191670339439, 44.91515235644634], [-0.982624856443012, 44.915182253469595], [-0.983051833258454, 44.91524217443619], [-0.983468489415935, 44.915331542371064], [-0.983870812874561, 44.915449496752686], [-0.984254929538028, 44.91559490179508], [-0.984617140545122, 44.915766357379034], [-0.984953957876708, 44.91596221252798], [-0.985262137936848, 44.91618058129882], [-0.985538712785052, 44.916419360934974], [-0.985781018719095, 44.91667625210731], [-0.98598672193312, 44.9169487810484], [-0.986153841003716, 44.9172343233672], [-0.986280765987073, 44.91753012931522], [-0.986366273942653, 44.917833350261205], [-0.986409540733206, 44.91814106611955], [-0.986410148986595, 44.91845031346861], [-0.986368092141807, 44.91875811408806], [-0.98628377453916, 44.91906150364077], [-0.986158007552805, 44.91935756022291], [-0.985992001801751, 44.91964343250723], [-0.985787355513459, 44.919916367208145], [-0.985546039151206, 44.92017373560443], [-0.985270376452528, 44.92041305886328], [-0.984963022060776, 44.920632031921826], [-0.984626935964795, 44.92082854569569], [-0.984265354992705, 44.9210007074005], [-0.983881761634265, 44.921146858789925], [-0.98347985049233, 44.921265592134525], [-0.98306349268685, 44.92135576378712], [-0.982636698554803, 44.921416505203695], [-0.982203579006032, 44.92144723131334], [-0.98176830590798, 44.921447646156544], [-0.981335071881833, 44.9214177457375], [-0.980908049898251, 44.92135781806247], [-0.980491353062853, 44.92126844036433], [-0.980088994979762, 44.92115047353977], [-0.979704851075881, 44.921005053853015], [-0.979342621259257, 44.92083358198602], [-0.979005794271865, 44.92063770954105], [-0.978697614080711, 44.92041932312595], [-0.97842104863132, 44.92018052617532], [-0.978178761264724, 44.91992361868372], [-0.977973085073245, 44.91965107504565], [-0.977806000441831, 44.91936552021701], [-0.977679115990816, 44.919069704427], [-0.977593653103101, 44.91876647668511], [-0.977550434184004, 44.9184587573381]]]}}, {"type": "Feature", "properties": {"nb_detections_cluster": 1, "frp_max": 13.9, "frp_moyen": 13.9, "derniere_detection": "2026-07-25T03:30:00", "fetch_timestamp": "2026-07-25T13:16:00"}, "geometry": {"type": "Polygon", "coordinates": [[[-0.947649879316297, 44.924417565865014], [-0.947649484670691, 44.92410831778281], [-0.947691757964518, 44.923800531354324], [-0.947776291392778, 44.923497170682005], [-0.94790227020207, 44.9232011571982], [-0.948068480562108, 44.9229153415338], [-0.948273321278055, 44.92264247607058], [-0.948514819230058, 44.92238518844113], [-0.948790648390513, 44.922145956231425], [-0.949098152235366, 44.921927083129354], [-0.949434369333214, 44.92173067674846], [-0.949796061865549, 44.92155862834032], [-0.950179746803494, 44.921412594590244], [-0.950581729440977, 44.92129398167156], [-0.950998138961803, 44.92120393171152], [-0.951424965698654, 44.92114331179896], [-0.951858099725931, 44.92111270563908], [-0.952293370415653, 44.9211124079359], [-0.952726586576382, 44.92114242155598], [-0.953153576789672, 44.921202457500826], [-0.953570229556599, 44.92129193768824], [-0.95397253286875, 44.92141000051581], [-0.954356612823576, 44.92155550915329], [-0.954718770913025, 44.9217270624839], [-0.955055519627156, 44.921923008589836], [-0.955363616030361, 44.92214146065201], [-0.955640092987281, 44.92238031511174], [-0.955882287737887, 44.92263727191925], [-0.956087867546525, 44.92290985667499], [-0.956254852177726, 44.92319544445022], [-0.956381632981917, 44.92349128505858], [-0.956466988406664, 44.92379452953485], [-0.956510095783331, 44.92410225756666], [-0.956510539274773, 44.924411505614906], [-0.956468313906571, 44.92471929545234], [-0.956383825641971, 44.92502266284549], [-0.956257887498759, 44.92531868610378], [-0.956091711744448, 44.92560451422069], [-0.955886898243993, 44.925877394335856], [-0.955645419071372, 44.92613469825366], [-0.955369599532511, 44.92637394776216], [-0.955062095781707, 44.9265928385087], [-0.954725869246752, 44.92678926220164], [-0.954364158108816, 44.926961326924136], [-0.953980446111781, 44.927107375363924], [-0.953578429001577, 44.92722600078315], [-0.953161978919173, 44.92731606057416], [-0.952735107090646, 44.92737668727034], [-0.95230192517444, 44.927407296905805], [-0.951866605638881, 44.92740759464295], [-0.951433341552526, 44.927377577613925], [-0.951006306175576, 44.927317534948244], [-0.95058961274257, 44.92722804498636], [-0.950187274824692, 44.92710996970629], [-0.949803167654375, 44.92696444641685], [-0.949440990785541, 44.92679287679787], [-0.949104232449817, 44.92659691339317], [-0.948796135952563, 44.926378443686524], [-0.948519668432751, 44.92613957191473], [-0.948277492287747, 44.92588259879286], [-0.9480719395382, 44.92560999934742], [-0.94790498937972, 44.92532439907167], [-0.947778249137105, 44.92502854863232], [-0.947692938804035, 44.92472529737241], [-0.947649879316297, 44.924417565865014]]]}}, {"type": "Feature", "properties": {"nb_detections_cluster": 1, "frp_max": 10.86, "frp_moyen": 10.86, "derniere_detection": "2026-07-25T03:30:00", "fetch_timestamp": "2026-07-25T13:16:00"}, "geometry": {"type": "Polygon", "coordinates": [[[-0.963419481392185, 44.93001819468392], [-0.963418999765906, 44.92970894614284], [-0.963461190750315, 44.929401153204005], [-0.963545647332904, 44.92909778003269], [-0.963671555500105, 44.92880174818168], [-0.963837702101676, 44.92851590845882], [-0.964042486556517, 44.92824301347766], [-0.964283936286284, 44.92798569115514], [-0.964559725727468, 44.92774641941136], [-0.964867198738231, 44.92752750231496], [-0.965203394183837, 44.927331047903216], [-0.965565074454051, 44.92715894789019], [-0.965948756637881, 44.92701285945816], [-0.966350746055628, 44.926894189307], [-0.966767171825692, 44.926804080115105], [-0.967194024124229, 44.92674339954161], [-0.967627192779489, 44.926712731875845], [-0.968062506830087, 44.92671237241408], [-0.968495774667136, 44.926742324617514], [-0.968922824374709, 44.92680230007903], [-0.969339543881156, 44.92689172129885], [-0.969741920535602, 44.927009727242364], [-0.970126079729465, 44.92715518162705], [-0.970488322191895, 44.92732668385861], [-0.9708251596007, 44.927522582511244], [-0.9711333481664, 44.927740991222926], [-0.971409919866341, 44.92797980685239], [-0.971652211028316, 44.928236729723906], [-0.971857887988387, 44.928509285764726], [-0.972024969575613, 44.92879485032275], [-0.972151846206786, 44.929090673435276], [-0.972237295406644, 44.929393906305684], [-0.972280493603425, 44.929701628733405], [-0.972281024085253, 44.93001087723346], [-0.972238881039805, 44.930318673574334], [-0.972154469637324, 44.93062205346004], [-0.972028602155132, 44.93091809507976], [-0.971862490179964, 44.93120394725024], [-0.971657732962253, 44.93147685687955], [-0.971416302033633, 44.93173419548786], [-0.971140522235094, 44.9319734845292], [-0.970833049337915, 44.93219241927019], [-0.970496844472464, 44.93238889099549], [-0.970135145610979, 44.932561007325695], [-0.969751436378901, 44.93270711045148], [-0.969349412495381, 44.93282579310825], [-0.968932946166515, 44.93291591213707], [-0.968506048774804, 44.932976599500755], [-0.968072832224899, 44.933007270649014], [-0.967637469318754, 44.93300763015182], [-0.967204153542743, 44.93297767454633], [-0.966777058655063, 44.9329176923704], [-0.966360298463607, 44.93282826138189], [-0.965957887182755, 44.93271024299077], [-0.965573700751763, 44.932564773957914], [-0.965211439488188, 44.932393255440594], [-0.964874592436737, 44.93219733949041], [-0.964566403757454, 44.93197891313413], [-0.964289841477356, 44.931740080191084], [-0.964047568906653, 44.9314831410024], [-0.963841918994831, 44.93121057026785], [-0.963674871873378, 44.930924993204194], [-0.963548035801007, 44.93062916025476], [-0.963462631694322, 44.93032592059417], [-0.963419481392185, 44.93001819468392]]]}}, {"type": "Feature", "properties": {"nb_detections_cluster": 1, "frp_max": 10.04, "frp_moyen": 10.04, "derniere_detection": "2026-07-25T03:30:00", "fetch_timestamp": "2026-07-25T13:16:00"}, "geometry": {"type": "Polygon", "coordinates": [[[-0.982578389940735, 44.944518959020336], [-0.982577802535369, 44.94420970923569], [-0.982619899272231, 44.94390190770417], [-0.98270427404605, 44.94359851867392], [-0.982830113630648, 44.94330246385053], [-0.982996205535785, 44.943016594263234], [-0.983200949706615, 44.942743662813264], [-0.983442373952265, 44.942486297768816], [-0.983718152954199, 44.942246977461494], [-0.984025630670706, 44.94202800642764], [-0.984361845921391, 44.941831493223965], [-0.984723560905018, 44.9416593301307], [-0.985107292376109, 44.94151317493755], [-0.985509345180219, 44.94139443498733], [-0.985925847825319, 44.94130425363049], [-0.986352789747325, 44.94124349922105], [-0.986786059911571, 44.941212756759334], [-0.987221486379371, 44.94121232226176], [-0.987654876459564, 44.941242199912125], [-0.988082057059377, 44.94130210202109], [-0.988498914847064, 44.94139145179523], [-0.988901435840517, 44.941509388887944], [-0.989285744041586, 44.9416547776796], [-0.989648138744889, 44.94182621820758], [-0.989985130162528, 44.94202205964032], [-0.990293473022239, 44.94224041616676], [-0.990570197815774, 44.942479185148294], [-0.990812639396816, 44.942736067358396], [-0.991018462652987, 44.94300858911599], [-0.991185685004519, 44.94329412609922], [-0.99131269551255, 44.943589928611026], [-0.991398270412402, 44.943893148053256], [-0.991441584921546, 44.94420086435486], [-0.991442221207669, 44.944510114089915], [-0.991400172439129, 44.94481791901516], [-0.991315842877808, 44.94512131475204], [-0.991190044012389, 44.94541737933722], [-0.991023986768297, 44.94570326136633], [-0.990819269868374, 44.945976207460006], [-0.990577864455486, 44.94623358878732], [-0.990302095124438, 44.94647292639089], [-0.989994617545296, 44.946691915069714], [-0.989658392893173, 44.946888445589], [-0.989296659330599, 44.94706062500306], [-0.988912900817026, 44.947206794895], [-0.988510813546135, 44.947325547357174], [-0.988094270334486, 44.94741573855827], [-0.987667283305117, 44.94747649976595], [-0.987233965226143, 44.947507245718676], [-0.986798489877587, 44.9475076802658], [-0.986365051829069, 44.94747779922174], [-0.985937826016758, 44.94741789040613], [-0.985520927509893, 44.94732853087018], [-0.985118371855397, 44.94721058133569], [-0.984734036383419, 44.947065177900306], [-0.984371622847354, 44.94689372108948], [-0.984034621758828, 44.94669786236049], [-0.983726278761755, 44.946479488189084], [-0.983449563369658, 44.94624070189194], [-0.983207140367564, 44.94598380336104], [-0.983001344153873, 44.945711266904645], [-0.982834156269125, 44.94542571740947], [-0.982707186327641, 44.94512990505341], [-0.982621656535152, 44.94482667881293], [-0.982578389940735, 44.944518959020336]]]}}]}