{"type": "FeatureCollection", "name": "zone_active", "crs": {"type": "name", "properties": {"name": "urn:ogc:def:crs:OGC:1.3:CRS84"}}, "features": [{"type": "Feature", "properties": {"nb_detections_cluster": 35, "frp_max": 31.77, "frp_moyen": 11.08, "derniere_detection": "2026-07-26T12:55:00", "fetch_timestamp": "2026-07-26T13:16:00"}, "geometry": {"type": "Polygon", "coordinates": [[[-1.12313, 44.78123], [-1.12111, 44.78374], [-1.12131, 44.78203], [-1.11588, 44.78442], [-1.11146, 44.77905], [-1.10654, 44.77756], [-1.1095, 44.77428], [-1.10778, 44.77302], [-1.10456, 44.77281], [-1.10706, 44.7727], [-1.10957, 44.7723], [-1.11206, 44.77185], [-1.1145, 44.77379], [-1.11444, 44.77574], [-1.11639, 44.78055], [-1.12437, 44.77678], [-1.12435, 44.77868], [-1.12313, 44.78123]]]}}, {"type": "Feature", "properties": {"nb_detections_cluster": 19, "frp_max": 14.35, "frp_moyen": 3.14, "derniere_detection": "2026-07-26T12:55:00", "fetch_timestamp": "2026-07-26T13:16:00"}, "geometry": {"type": "Polygon", "coordinates": [[[-1.21442, 44.7759], [-1.21891, 44.776], [-1.21358, 44.77953], [-1.21152, 44.77908], [-1.20632, 44.77976], [-1.20109, 44.77684], [-1.20257, 44.77454], [-1.20543, 44.77635], [-1.21136, 44.77644], [-1.21063, 44.77567], [-1.21022, 44.77311], [-1.21442, 44.7759]]]}}, {"type": "Feature", "properties": {"nb_detections_cluster": 1, "frp_max": 1.54, "frp_moyen": 1.54, "derniere_detection": "2026-07-26T01:49:00", "fetch_timestamp": "2026-07-26T13:16:00"}, "geometry": {"type": "Polygon", "coordinates": [[[-1.221071964185841, 44.78106845496936], [-1.221070067107928, 44.78075922402114], [-1.221110736081163, 44.78045134969627], [-1.221193578753623, 44.78014779694543], [-1.221317796656291, 44.77985148905242], [-1.221482192917682, 44.779565279484956], [-1.221685183812853, 44.77929192441961], [-1.22192481403471, 44.779034056205134], [-1.222198775539824, 44.778794158019615], [-1.222504429786641, 44.77857453996503], [-1.222838833151558, 44.7783773168293], [-1.223198765277857, 44.7782043877295], [-1.223580760084483, 44.77805741783187], [-1.223981139136229, 44.777937822324475], [-1.224396047054334, 44.77784675279621], [-1.224821488627046, 44.777785086153436], [-1.225253367263477, 44.77775341618044], [-1.225687524421259, 44.77775204782452], [-1.226119779629272, 44.77778099426152], [-1.226545970720975, 44.77783997676874], [-1.226961993891941, 44.77792842740752], [-1.227363843196801, 44.778045494489064], [-1.22774764910621, 44.7781900507714], [-1.228109715753347, 44.77836070430845], [-1.228446556511997, 44.77855581184713], [-1.228754927564152, 44.77877349464386], [-1.229031859134273, 44.77901165654833], [-1.229274684089606, 44.7792680041807], [-1.229481063631132, 44.7795400690087], [-1.229649009827541, 44.779825231111765], [-1.229776904774837, 44.780120744404144], [-1.229863516196464, 44.7804237630743], [-1.229908009333037, 44.78073136898608], [-1.229909955006267, 44.781040599778194], [-1.229869333778511, 44.781348477391305], [-1.229786536166862, 44.7816520367484], [-1.229662358908675, 44.781948354311794], [-1.229497997313491, 44.78223457624216], [-1.22929503377405, 44.78250794588779], [-1.22905542254618, 44.78276583033963], [-1.228781470943381, 44.78300574579564], [-1.22847581712667, 44.78322538149013], [-1.228141404703117, 44.78342262195727], [-1.227781454377561, 44.78359556741395], [-1.227399432930443, 44.78374255206534], [-1.226999019820749, 44.78386216015644], [-1.226584071736069, 44.78395323961471], [-1.226158585431733, 44.7840149131522], [-1.225726659217642, 44.78404658671972], [-1.225292453464544, 44.784047955231756], [-1.224860150511051, 44.784019005506494], [-1.224433914358537, 44.783960016393046], [-1.224017850543089, 44.78387155608388], [-1.223615966572024, 44.783754476639444], [-1.223232133306884, 44.7836099057768], [-1.22287004766576, 44.78343923600238], [-1.222533197004795, 44.783244111193206], [-1.222224825522535, 44.78302641075658], [-1.22194790301105, 44.782788231520726], [-1.221705096254975, 44.78253186753146], [-1.221498743353941, 44.78225978794969], [-1.221330831215479, 44.78197461326294], [-1.221202976434758, 44.78167909004055], [-1.221116409744754, 44.781376064475644], [-1.221071964185841, 44.78106845496936]]]}}, {"type": "Feature", "properties": {"nb_detections_cluster": 21, "frp_max": 42.37, "frp_moyen": 9.04, "derniere_detection": "2026-07-26T12:55:00", "fetch_timestamp": "2026-07-26T13:16:00"}, "geometry": {"type": "Polygon", "coordinates": [[[-1.10403, 44.80153], [-1.10578, 44.80283], [-1.10388, 44.80218], [-1.0989, 44.80304], [-1.10094, 44.80678], [-1.0929, 44.81055], [-1.09599, 44.80529], [-1.09103, 44.8038], [-1.09548, 44.80353], [-1.09907, 44.80004], [-1.09972, 44.79971], [-1.10275, 44.79885], [-1.10403, 44.80153]]]}}, {"type": "Feature", "properties": {"nb_detections_cluster": 7, "frp_max": 1.62, "frp_moyen": 0.98, "derniere_detection": "2026-07-26T03:10:00", "fetch_timestamp": "2026-07-26T13:16:00"}, "geometry": {"type": "Polygon", "coordinates": [[[-1.2196, 44.80626], [-1.22044, 44.80264], [-1.21792, 44.81351], [-1.20518, 44.81575], [-1.21194, 44.81281], [-1.21516, 44.8117], [-1.2196, 44.80626]]]}}, {"type": "Feature", "properties": {"nb_detections_cluster": 6, "frp_max": 5.95, "frp_moyen": 3.41, "derniere_detection": "2026-07-26T13:16:00", "fetch_timestamp": "2026-07-26T13:16:00"}, "geometry": {"type": "Polygon", "coordinates": [[[-1.19246, 44.81799], [-1.19422, 44.81779], [-1.19518, 44.82023], [-1.19162, 44.82161], [-1.18944, 44.82088], [-1.18862, 44.81731], [-1.19246, 44.81799]]]}}, {"type": "Feature", "properties": {"nb_detections_cluster": 1, "frp_max": 0.55, "frp_moyen": 0.55, "derniere_detection": "2026-07-26T01:49:00", "fetch_timestamp": "2026-07-26T13:16:00"}, "geometry": {"type": "Polygon", "coordinates": [[[-1.174558449709599, 44.824006603899534], [-1.17455680713561, 44.823697367726425], [-1.174597762003404, 44.82338950605312], [-1.174680919206838, 44.82308598370817], [-1.174805477247108, 44.82278972368224], [-1.174970235976579, 44.82250357898182], [-1.175173608179355, 44.82223030515854], [-1.175413634876225, 44.82197253377856], [-1.17568800420583, 44.821732747087275], [-1.175994073699632, 44.82151325411282], [-1.176328895735792, 44.82131616843854], [-1.176689245926566, 44.82114338785768], [-1.177071654165878, 44.8209965761063], [-1.177472438038214, 44.82087714684953], [-1.177887738267507, 44.820786250075436], [-1.178313555865184, 44.820724761026874], [-1.178745790620333, 44.82069327177801], [-1.179180280562188, 44.82069208553607], [-1.179612842015811, 44.82072121372326], [-1.180039309866244, 44.82078037586686], [-1.180455577644405, 44.820869002298465], [-1.180857637049666, 44.8209862396366], [-1.181241616529485, 44.82113095899985], [-1.181603818545383, 44.821301766871706], [-1.181940755167125, 44.82149701851294], [-1.182249181652902, 44.82171483379224], [-1.182526127692502, 44.82195311528344], [-1.182768926012813, 44.822209568454994], [-1.182975238070159, 44.82248172375813], [-1.183143076581864, 44.822766960400784], [-1.183270824679653, 44.82306253157916], [-1.183357251499868, 44.82336559092401], [-1.183401524059625, 44.82367321990721], [-1.183403215303696, 44.82398245594497], [-1.183362308243654, 44.82429032092714], [-1.183279196148418, 44.824593849898044], [-1.183154678783308, 44.82489011961237], [-1.182989954732834, 44.825176276691316], [-1.182786609880201, 44.82544956510755], [-1.182546602153567, 44.8257073527341], [-1.182272242685278, 44.82594715670125], [-1.181966173564903, 44.82616666731693], [-1.181631342399934, 44.826363770319894], [-1.181270973928926, 44.826536567250905], [-1.180888538960459, 44.82668339374564], [-1.180487720937232, 44.82680283557235], [-1.180072380447709, 44.82689374225994], [-1.179646518027645, 44.82695523818457], [-1.179214235610446, 44.82698673100781], [-1.17877969699851, 44.826987917385104], [-1.178347087737134, 44.82695878588904], [-1.177920574778503, 44.82689961711947], [-1.177504266325182, 44.82681098099947], [-1.177102172240923, 44.8266937312828], [-1.176718165410961, 44.82654899732662], [-1.176355944424827, 44.82637817320819], [-1.176018997941772, 44.8261829042911], [-1.175710571082567, 44.82596507137055], [-1.175433634171776, 44.8257267725507], [-1.175190854131698, 44.825470303028965], [-1.174984568803508, 44.82519813298248], [-1.174816764442695, 44.8249128837699], [-1.174689056605134, 44.82461730267802], [-1.174602674607308, 44.824314236457106], [-1.174558449709599, 44.824006603899534]]]}}, {"type": "Feature", "properties": {"nb_detections_cluster": 2, "frp_max": 1.46, "frp_moyen": 1.44, "derniere_detection": "2026-07-26T01:49:00", "fetch_timestamp": "2026-07-26T13:16:00"}, "geometry": {"type": "Polygon", "coordinates": [[[-1.163025878254448, 44.82705242486328], [-1.163149657249053, 44.826993103124], [-1.163532140665541, 44.82684633775827], [-1.163932995029986, 44.82672695718214], [-1.16434836038772, 44.82663611091488], [-1.164774237123199, 44.826574673713054], [-1.165206524456213, 44.82654323715159], [-1.165641059909833, 44.826542103930365], [-1.166073659370966, 44.82657128496107], [-1.166500157358719, 44.82663049926214], [-1.166916447113815, 44.82671917666298], [-1.167318520123967, 44.8268364632913], [-1.167702504705544, 44.826981229791045], [-1.168064703270821, 44.827152082191844], [-1.168401627922626, 44.827347375325665], [-1.168710034034225, 44.8275652286616], [-1.168986951491378, 44.82780354440697], [-1.169229713295975, 44.828060027700346], [-1.16943598125573, 44.82833220870283], [-1.169603768512368, 44.82861746637484], [-1.169731458690959, 44.82891305370995], [-1.169817821485377, 44.829216124183276], [-1.169862024529115, 44.82952375915941], [-1.169863641436234, 44.829832995996796], [-1.169822655934063, 44.83014085657748], [-1.169739462046858, 44.830444375988115], [-1.169614860327601, 44.83074063107534], [-1.169450050173192, 44.83102676860116], [-1.16924661829612, 44.831300032726475], [-1.169006523462759, 44.83155779155822], [-1.1687320776445, 44.831797562503944], [-1.16842592376272, 44.83201703618957], [-1.168091010241446, 44.832214098709485], [-1.167730562612637, 44.83238685199439], [-1.167348052447478, 44.83253363210028], [-1.166947163913135, 44.83265302524222], [-1.166531758277411, 44.832743881418054], [-1.166105836703704, 44.83280532549042], [-1.165673501695337, 44.83283676562039], [-1.165238917561375, 44.832837898970915], [-1.164806270285669, 44.83280871462537], [-1.164379727186599, 44.83274949369266], [-1.163963396757044, 44.832660806598284], [-1.163561289072389, 44.832543507587026], [-1.163177277148784, 44.832398726490794], [-1.1628150596247, 44.8322278578409], [-1.162478125125875, 44.832032547429854], [-1.162169718657466, 44.83181467645249], [-1.16196404225868, 44.83163765245166], [-1.161840251780756, 44.83169697295914], [-1.161457730925996, 44.831843732727336], [-1.161056834798884, 44.83196310456234], [-1.160641424740406, 44.832053938667244], [-1.160215501956602, 44.83211536011723], [-1.159783168962468, 44.8321467772913], [-1.159348590047679, 44.83214788757354], [-1.158915951145805, 44.83211868026948], [-1.158489419494546, 44.83205943670922], [-1.158073103476476, 44.83197072753615], [-1.157671013028118, 44.83185340720774], [-1.157287020999542, 44.83170860576123], [-1.156924825837519, 44.83153771792394], [-1.15658791595233, 44.831342389673175], [-1.156279536111982, 44.83112450237554], [-1.156002656187875, 44.8308861546589], [-1.155759942553131, 44.83062964219156], [-1.155553732409037, 44.83035743556419], [-1.155386011286662, 44.83007215648765], [-1.155258393939911, 44.829776552536295], [-1.15517210881349, 44.82947347068041], [-1.155127986234606, 44.82916582986284], [-1.155126450441279, 44.82885659288414], [-1.155167515523084, 44.82854873786726], [-1.155250785312396, 44.82824522957654], [-1.155375457226158, 44.8279489908672], [-1.155540330020153, 44.827662874540266], [-1.155743815380128, 44.8273896358741], [-1.155983953237327, 44.827131906096184], [-1.156258430660117, 44.82689216705119], [-1.156564604139279, 44.82667272730838], [-1.156899525051881, 44.82647569993844], [-1.157259968058309, 44.82630298217319], [-1.157642462158986, 44.8261562371437], [-1.158043324111869, 44.826036877872625], [-1.158458693889266, 44.82594605367415], [-1.158884571833118, 44.82588463909226], [-1.1593168571516, 44.82585322548408], [-1.15975138738719, 44.82585211532853], [-1.16018397847703, 44.82588131931515], [-1.16061046502081, 44.82594055624135], [-1.161026740369411, 44.826029255718694], [-1.161428796149216, 44.82614656366229], [-1.161812760842446, 44.82629135051086], [-1.162174937052814, 44.82646222209805], [-1.162511837098338, 44.82665753307109], [-1.162820216589147, 44.82687540272727], [-1.163025878254448, 44.82705242486328]]]}}, {"type": "Feature", "properties": {"nb_detections_cluster": 1, "frp_max": 3.56, "frp_moyen": 3.56, "derniere_detection": "2026-07-26T13:16:00", "fetch_timestamp": "2026-07-26T13:16:00"}, "geometry": {"type": "Polygon", "coordinates": [[[-1.112496978753405, 44.84037413154857], [-1.112495677311598, 44.840064892887696], [-1.112536984186609, 44.839757052560266], [-1.112620500882079, 44.839453575188884], [-1.112745422437137, 44.83915738333072], [-1.112910545203565, 44.83887132933543], [-1.113114278460076, 44.838598167880825], [-1.113354659750999, 44.838340529450655], [-1.113629373800894, 44.83810089500977], [-1.113935774822375, 44.837881572119976], [-1.11427091200191, 44.83768467272659], [-1.114631557917913, 44.837512092828945], [-1.115014239617484, 44.83736549423055], [-1.115415272052683, 44.83724628854398], [-1.115830793554719, 44.83715562360445], [-1.116256803004995, 44.83709437242251], [-1.116689198345761, 44.837063124781835], [-1.117123816060345, 44.83706218156326], [-1.117556471243705, 44.83709155184892], [-1.117982997878407, 44.83715095283497], [-1.118399288929206, 44.837239812553186], [-1.118801335871086, 44.83735727537573], [-1.119185267271048, 44.83750221024996], [-1.119547386052966, 44.83767322158414], [-1.119884205087339, 44.83786866267969], [-1.120192480763791, 44.838086651580866], [-1.120469244223389, 44.83832508918944], [-1.120711829950203, 44.83858167947027], [-1.12091790144678, 44.83885395155405], [-1.121085473746026, 44.83913928352382], [-1.121212932542369, 44.83943492765745], [-1.121299049757325, 44.83973803688278], [-1.121342995388871, 44.84004569219092], [-1.121344345529654, 44.840354930744176], [-1.121303086475844, 44.840662774407775], [-1.121219614886056, 44.84096625843099], [-1.121094733987775, 44.84126246000097], [-1.120929645866803, 44.841548526394845], [-1.12072593991302, 44.841821702458326], [-1.120485577532871, 44.84207935714627], [-1.120210873275064, 44.84231900886906], [-1.119904472550678, 44.84253834940071], [-1.119569326161831, 44.842735266117984], [-1.119208661884018, 44.84290786235578], [-1.118825953375771, 44.84305447568263], [-1.118424886715275, 44.843173693919994], [-1.118009324886578, 44.843264368750305], [-1.117583270558008, 44.84332562678296], [-1.117150827511961, 44.843356877970926], [-1.1167161610984, 44.84335782129715], [-1.11628345809384, 44.84332844767527], [-1.115856886353457, 44.84326904003743], [-1.115440554645878, 44.84318017060739], [-1.115038473058544, 44.84306269538626], [-1.114654514355853, 44.84291774590315], [-1.114292376663162, 44.84274671831121], [-1.113955547836703, 44.84255125993375], [-1.113647271863154, 44.8423332533907], [-1.113370517612868, 44.84209479845826], [-1.113127950247863, 44.84183819183725], [-1.112921905559964, 44.84156590502502], [-1.112754367486015, 44.84128056050448], [-1.112626949016333, 44.840984906480045], [-1.112540876679672, 44.84068179040403], [-1.112496978753405, 44.84037413154857]]]}}, {"type": "Feature", "properties": {"nb_detections_cluster": 1, "frp_max": 1.89, "frp_moyen": 1.89, "derniere_detection": "2026-07-26T12:55:00", "fetch_timestamp": "2026-07-26T13:16:00"}, "geometry": {"type": "Polygon", "coordinates": [[[-1.145256811038293, 44.8437254372919], [-1.145255329184983, 44.843416198703984], [-1.145296459004056, 44.84310834587387], [-1.145379803704109, 44.84280484354472], [-1.145504559980382, 44.842508614514294], [-1.145669525775994, 44.842222511490405], [-1.145873111880903, 44.84194928962318], [-1.146113357256059, 44.84169157997831], [-1.146387947934398, 44.84145186420653], [-1.146694239316085, 44.841232450652974], [-1.147029281642893, 44.841035452136104], [-1.147389848406163, 44.84086276560981], [-1.147772467414775, 44.84071605390442], [-1.148173454224097, 44.84059672972166], [-1.148588947604383, 44.8405059420378], [-1.149014946707609, 44.840444565045274], [-1.149447349575523, 44.84041318973925], [-1.149881992618927, 44.84041211822979], [-1.150314690688926, 44.84044136083437], [-1.15074127735526, 44.84050063597852], [-1.151157645004843, 44.84058937290579], [-1.151559784375356, 44.84070671717072], [-1.151943823144135, 44.84085153886226], [-1.152306063201559, 44.84102244347857], [-1.152643016250747, 44.841217785348775], [-1.152951437391277, 44.84143568347266], [-1.153228356363894, 44.84167403962623], [-1.153471106155553, 44.84193055855885], [-1.15367734868927, 44.84220277008839], [-1.153845097351214, 44.84248805288122], [-1.153972736137699, 44.84278365968895], [-1.15405903523709, 44.84308674379901], [-1.154103162895872, 44.84339438644467], [-1.154104693453704, 44.843703624910304], [-1.154063611469161, 44.84401148106225], [-1.153980311895391, 44.844314990029694], [-1.153855596302978, 44.84461122875977], [-1.153690665185344, 44.84489734417188], [-1.153487106419876, 44.84517058063986], [-1.153246879994985, 44.845428306536895], [-1.152972299149486, 44.84566803958771], [-1.152666008105345, 44.84588747078312], [-1.152330956607815, 44.84608448662673], [-1.151970371517982, 44.84625718949878], [-1.151587725731245, 44.84640391594076], [-1.151186704721307, 44.846523252684655], [-1.15077117103222, 44.846614050271455], [-1.150345127061056, 44.8466754341282], [-1.149912676490316, 44.84670681299591], [-1.14947798474239, 44.84670788462764], [-1.14904523883786, 44.846678638701206], [-1.148618607045242, 44.84661935691878], [-1.148202198711799, 44.84653061029187], [-1.147800024663308, 44.84641325363871], [-1.147415958555088, 44.846268417346415], [-1.147053699547399, 44.846097496477945], [-1.146716736665371, 44.845902137328714], [-1.146408315187297, 44.845684221562955], [-1.146131405385402, 44.845445848082676], [-1.145888673920306, 44.84518931280429], [-1.145682458164713, 44.84491708653813], [-1.145514743703386, 44.84463179118418], [-1.145387145225702, 44.84433617447349], [-1.145300890994248, 44.84403308349922], [-1.145256811038293, 44.8437254372919]]]}}, {"type": "Feature", "properties": {"nb_detections_cluster": 6, "frp_max": 30.08, "frp_moyen": 11.16, "derniere_detection": "2026-07-26T13:16:00", "fetch_timestamp": "2026-07-26T13:16:00"}, "geometry": {"type": "Polygon", "coordinates": [[[-1.14246, 44.84829], [-1.13953, 44.84978], [-1.13272, 44.8458], [-1.14246, 44.84829]]]}}, {"type": "Feature", "properties": {"nb_detections_cluster": 8, "frp_max": 7.77, "frp_moyen": 5.06, "derniere_detection": "2026-07-26T13:16:00", "fetch_timestamp": "2026-07-26T13:16:00"}, "geometry": {"type": "Polygon", "coordinates": [[[-1.17884, 44.87399], [-1.17998, 44.87731], [-1.17784, 44.87592], [-1.17362, 44.86964], [-1.1698, 44.86841], [-1.17302, 44.86519], [-1.17624, 44.8664], [-1.17884, 44.87399]]]}}, {"type": "Feature", "properties": {"nb_detections_cluster": 2, "frp_max": 6.65, "frp_moyen": 5.16, "derniere_detection": "2026-07-25T13:16:00", "fetch_timestamp": "2026-07-26T13:16:00"}, "geometry": {"type": "Polygon", "coordinates": [[[-1.11467779173555, 44.86858176751897], [-1.114743769568965, 44.868590952873156], [-1.115160288578917, 44.8686798256433], [-1.115562553855525, 44.86879730139127], [-1.115946691863629, 44.86894224893994], [-1.116309003537746, 44.86911327257553], [-1.116645999890969, 44.86930872548106], [-1.116954435605347, 44.86952672558706], [-1.11723134028064, 44.869765173687334], [-1.117474047040732, 44.87002177364582], [-1.117680218222199, 44.87029405449991], [-1.11784786789745, 44.87057939424821], [-1.117975381015147, 44.87087504509373], [-1.118061528972977, 44.871178159899586], [-1.118105481472103, 44.87148581960316], [-1.11810681453825, 44.87179506132441], [-1.118065514631241, 44.87210290689807], [-1.117981978802369, 44.872406391554925], [-1.117857010897072, 44.872702592476024], [-1.11769181383845, 44.872988656944756], [-1.117487978064996, 44.87326182982531], [-1.117247466232996, 44.87351948010317], [-1.116972594330207, 44.873759126231185], [-1.116666009382122, 44.87397846003726], [-1.116330663965087, 44.87417536896289], [-1.115969787771548, 44.87434795641799], [-1.115586856501256, 44.874494560055695], [-1.115185558378192, 44.87461376779076], [-1.114769758616111, 44.874704431406784], [-1.114343462175452, 44.87476567762116], [-1.113910775171032, 44.874796916500706], [-1.113475865303041, 44.874797847146894], [-1.113042921693386, 44.87476846059552], [-1.112616114515157, 44.874709039903244], [-1.112199554805088, 44.87462015741961], [-1.111797254847026, 44.87450266927145], [-1.111413089508921, 44.87435770711237], [-1.111050758906535, 44.87418666721764], [-1.110713752754175, 44.8739911970291], [-1.110405316746369, 44.87377317928036], [-1.110128421294634, 44.87353471385565], [-1.109885732920627, 44.873278097556764], [-1.109741967524222, 44.8730881984928], [-1.109675985224603, 44.87307901015352], [-1.109259442262235, 44.87299011668718], [-1.108857160135801, 44.872872617948644], [-1.108473013541458, 44.872727645693594], [-1.108110702414383, 44.87255659629448], [-1.107773716281267, 44.87236111728469], [-1.107465300643779, 44.87214309148284], [-1.107188425717205, 44.87190461885063], [-1.106945757825493, 44.871647996259355], [-1.106739633728214, 44.87137569536012], [-1.106572038126466, 44.87109033877152], [-1.106444584563985, 44.87079467481419], [-1.106358499906814, 44.87049155103607], [-1.106314612550247, 44.87018388678341], [-1.106313344465808, 44.86987464508219], [-1.106354707163856, 44.86956680410052], [-1.106438301609723, 44.86926332846727], [-1.106563322093103, 44.86896714072281], [-1.106728564012488, 44.86868109317715], [-1.106932435498629, 44.868407940445955], [-1.1071729727643, 44.868150312928925], [-1.107447859031753, 44.8679106914858], [-1.107754446855012, 44.86769138355315], [-1.108089783621644, 44.86749450093227], [-1.108450639988181, 44.86732193946097], [-1.108833540975351, 44.86717536076527], [-1.109234799423857, 44.867056176266125], [-1.109650551488877, 44.866965533594694], [-1.110076793832046, 44.866904305547074], [-1.110509422153456, 44.86687308168424], [-1.110944270693455, 44.86687216265804], [-1.111377152324772, 44.86690155731767], [-1.111803898849866, 44.86696098262455], [-1.112220401116476, 44.86704986637634], [-1.112622648566022, 44.86716735271375], [-1.11300676783496, 44.8673123103577], [-1.113369060038209, 44.86748334349722], [-1.113706036376314, 44.86767880522376], [-1.114014451724022, 44.86789681338292], [-1.114291335877182, 44.86813526869097], [-1.114534022157272, 44.86839187494238], [-1.11467779173555, 44.86858176751897]]]}}, {"type": "Feature", "properties": {"nb_detections_cluster": 4, "frp_max": 7.17, "frp_moyen": 5.39, "derniere_detection": "2026-07-26T13:16:00", "fetch_timestamp": "2026-07-26T13:16:00"}, "geometry": {"type": "Polygon", "coordinates": [[[-1.170191966851409, 44.87933264848819], [-1.170420980945685, 44.87933204172658], [-1.170853989666585, 44.879361204617254], [-1.171280893734668, 44.87942040155114], [-1.171697582481134, 44.87950906252486], [-1.172100043552341, 44.879626333824305], [-1.172484401528416, 44.879771086241036], [-1.17284695522645, 44.87994192594035], [-1.173184213329745, 44.88013720787649], [-1.173492928000592, 44.88035505162642], [-1.173770126153257, 44.880593359489815], [-1.174013138086209, 44.88084983668118], [-1.174219623197877, 44.88112201342038], [-1.17438759253804, 44.88140726870894], [-1.174515427977336, 44.88170285556347], [-1.174601897809659, 44.88200592746369], [-1.174646168636489, 44.88231356576052], [-1.174647813417816, 44.882622807780436], [-1.174606815611215, 44.88293067535563], [-1.174523569358129, 44.883234203505395], [-1.174398875714593, 44.883530468992234], [-1.174233934961638, 44.883816618478036], [-1.174030335068495, 44.8840898960085], [-1.173790036418808, 44.88434766956147], [-1.173515352946242, 44.884587456402706], [-1.173208929860563, 44.88480694700506], [-1.172873718178285, 44.88500402729997], [-1.172512946302981, 44.88517679904692], [-1.172130088928926, 44.88532359812407], [-1.171728833567754, 44.885443010563776], [-1.171313045020871, 44.885533886177946], [-1.170886728140368, 44.88559534964203], [-1.170453989237766, 44.88562680893029], [-1.170018996513129, 44.885627961021136], [-1.169585939886579, 44.88559879481744], [-1.169158990620079, 44.88553959125338], [-1.168742261119375, 44.885450920587104], [-1.168339765304278, 44.88533363690523], [-1.167977908805936, 44.88519735476233], [-1.167748870757022, 44.885197956487204], [-1.167315818627395, 44.885168781436455], [-1.166888875025792, 44.88510956915426], [-1.166472152303382, 44.88502088998274], [-1.166069664314659, 44.88490359809038], [-1.165685287739275, 44.884758823240574], [-1.165322724728265, 44.88458795990446], [-1.164985467235151, 44.88439265382336], [-1.164676763376005, 44.884174786150446], [-1.164399586142867, 44.88393645532455], [-1.164156604772005, 44.88367995685138], [-1.163950159042791, 44.883407761186845], [-1.1637822367545, 44.88312248993627], [-1.163654454597554, 44.882826890598714], [-1.163568042602858, 44.88252381010011], [-1.163523832318266, 44.88221616737024], [-1.163522248825184, 44.88190692522815], [-1.163563306671237, 44.88159906184659], [-1.163646609757156, 44.88129554207048], [-1.163771355177933, 44.880999288865674], [-1.163936340980249, 44.88071315517291], [-1.164139977760477, 44.88043989643773], [-1.164380303990724, 44.88018214408095], [-1.164655004924573, 44.879942380164664], [-1.164961434899858, 44.879722913497694], [-1.165296642823288, 44.87952585740997], [-1.165657400591282, 44.87935310940981], [-1.166040234173299, 44.87920633291948], [-1.166441457058504, 44.87908694126459], [-1.166857205744057, 44.87899608407106], [-1.167283476923818, 44.878934636200675], [-1.16771616602005, 44.87890318933104], [-1.168151106687893, 44.87890204626133], [-1.16858411091313, 44.878931217998044], [-1.16901100931806, 44.878990423649114], [-1.1694276912884, 44.87907909312725], [-1.169830144535732, 44.87919637263646], [-1.170191966851409, 44.87933264848819]]]}}, {"type": "Feature", "properties": {"nb_detections_cluster": 5, "frp_max": 7.11, "frp_moyen": 2.73, "derniere_detection": "2026-07-26T03:10:00", "fetch_timestamp": "2026-07-26T13:16:00"}, "geometry": {"type": "Polygon", "coordinates": [[[-1.1098, 44.88955], [-1.11039, 44.89074], [-1.10725, 44.89254], [-1.10764, 44.8901], [-1.10848, 44.88649], [-1.1098, 44.88955]]]}}, {"type": "Feature", "properties": {"nb_detections_cluster": 2, "frp_max": 5.61, "frp_moyen": 4.59, "derniere_detection": "2026-07-25T13:33:00", "fetch_timestamp": "2026-07-26T13:16:00"}, "geometry": {"type": "Polygon", "coordinates": [[[-1.125772438755168, 44.89847466374287], [-1.125771062816981, 44.898165419530685], [-1.125812339636235, 44.897857568579404], [-1.125895871004556, 44.89755407561396], [-1.126020851818329, 44.897257863341856], [-1.126186077857299, 44.896971784309336], [-1.12638995740441, 44.89669859343542], [-1.126630526594121, 44.89644092148719], [-1.126905468340645, 44.8962012497523], [-1.127212134663228, 44.89598188615175], [-1.127547572193099, 44.89578494302285], [-1.127908550616177, 44.895612316786156], [-1.128291593777665, 44.89546566969132], [-1.128693013149149, 44.895346413817954], [-1.129108943336284, 44.89525569748448], [-1.129535379285683, 44.895194394196345], [-1.129968214833422, 44.89516309423896], [-1.130403282224771, 44.89516209899686], [-1.130836392225503, 44.89519141805318], [-1.131263374439518, 44.89525076909728], [-1.131680117445529, 44.8953395806419], [-1.132082608367281, 44.89545699752308], [-1.132466971497209, 44.895601889130525], [-1.132829505602402, 44.895772860289156], [-1.133166719554349, 44.89596826468735], [-1.133475365939928, 44.89618622072277], [-1.133752472330317, 44.89642462961365], [-1.133995369906935, 44.89668119560156], [-1.134201719168715, 44.89695344805111], [-1.13436953247293, 44.89723876523455], [-1.134497193192149, 44.89753439957223], [-1.134583471302186, 44.89783750408637], [-1.134627535250265, 44.89814515981358], [-1.134628959988207, 44.8984544039122], [-1.134587731092318, 44.89876225819415], [-1.134504244929305, 44.899065757806504], [-1.134379304865565, 44.89936197978633], [-1.134214113555354, 44.89964807121432], [-1.134010261381121, 44.89992127669511], [-1.133769711156482, 44.900178964900256], [-1.133494779238411, 44.90041865391739], [-1.133188113229953, 44.90063803516136], [-1.132852666487812, 44.90083499561682], [-1.132491669680092, 44.901007638197385], [-1.132108599668098, 44.90115430002526], [-1.131707146012096, 44.901273568454734], [-1.131291175423966, 44.90136429468477], [-1.130864694509682, 44.9014256048297], [-1.130431811161142, 44.90145690834053], [-1.129996694970038, 44.90145790369618], [-1.12956353704594, 44.90142858130921], [-1.129136509626619, 44.90136922361818], [-1.128719725870575, 44.901280402365835], [-1.128317200220063, 44.90116297308919], [-1.127932809717257, 44.90101806687488], [-1.127570256646991, 44.90084707945932], [-1.127233032866593, 44.90065165777887], [-1.126924386166889, 44.90043368410006], [-1.126647288988769, 44.9001952578826], [-1.126404409796794, 44.89993867555084], [-1.126198087385522, 44.89966640836822], [-1.126030308365822, 44.89938107862869], [-1.1259026880476, 44.89908543439443], [-1.125816454902448, 44.89878232302351], [-1.125772438755168, 44.89847466374287]]]}}, {"type": "Feature", "properties": {"nb_detections_cluster": 186, "frp_max": 172.97, "frp_moyen": 9.13, "derniere_detection": "2026-07-26T13:16:00", "fetch_timestamp": "2026-07-26T13:16:00"}, "geometry": {"type": "Polygon", "coordinates": [[[-1.06478, 44.76099], [-1.06695, 44.76557], [-1.06168, 44.76625], [-1.05894, 44.76934], [-1.05397, 44.76783], [-1.0517, 44.76329], [-1.04402, 44.76482], [-1.04362, 44.76708], [-1.03864, 44.7656], [-1.0317, 44.76537], [-1.02861, 44.76262], [-1.02356, 44.76112], [-1.02405, 44.75876], [-1.02169, 44.75436], [-1.02485, 44.74911], [-1.02193, 44.74623], [-1.0253, 44.74672], [-1.03028, 44.74822], [-1.03798, 44.74682], [-1.04298, 44.74831], [-1.04797, 44.7498], [-1.04523, 44.75277], [-1.04488, 44.75507], [-1.04437, 44.75884], [-1.05207, 44.76105], [-1.05481, 44.75803], [-1.0598, 44.75951], [-1.06478, 44.76099]]]}}, {"type": "Feature", "properties": {"nb_detections_cluster": 6, "frp_max": 7.78, "frp_moyen": 4.09, "derniere_detection": "2026-07-26T12:55:00", "fetch_timestamp": "2026-07-26T13:16:00"}, "geometry": {"type": "Polygon", "coordinates": [[[-1.10042, 44.8644], [-1.10086, 44.86707], [-1.09949, 44.86803], [-1.09413, 44.86865], [-1.09437, 44.86716], [-1.10042, 44.8644]]]}}, {"type": "Feature", "properties": {"nb_detections_cluster": 30, "frp_max": 17.53, "frp_moyen": 8.0, "derniere_detection": "2026-07-26T13:16:00", "fetch_timestamp": "2026-07-26T13:16:00"}, "geometry": {"type": "Polygon", "coordinates": [[[-1.10165, 44.93023], [-1.10345, 44.93414], [-1.09669, 44.93706], [-1.09005, 44.93864], [-1.08009, 44.94036], [-1.07895, 44.93704], [-1.08507, 44.9395], [-1.09078, 44.93636], [-1.09179, 44.93467], [-1.09754, 44.93344], [-1.10165, 44.93023]]]}}, {"type": "Feature", "properties": {"nb_detections_cluster": 13, "frp_max": 24.54, "frp_moyen": 7.08, "derniere_detection": "2026-07-26T12:55:00", "fetch_timestamp": "2026-07-26T13:16:00"}, "geometry": {"type": "Polygon", "coordinates": [[[-1.06131, 44.94405], [-1.06463, 44.94439], [-1.06307, 44.94704], [-1.06131, 44.9471], [-1.0579, 44.9473], [-1.05633, 44.94796], [-1.05813, 44.94557], [-1.06131, 44.94405]]]}}, {"type": "Feature", "properties": {"nb_detections_cluster": 5, "frp_max": 4.8, "frp_moyen": 2.66, "derniere_detection": "2026-07-26T01:49:00", "fetch_timestamp": "2026-07-26T13:16:00"}, "geometry": {"type": "Polygon", "coordinates": [[[-1.002463027047507, 44.759409741724824], [-1.002462332278944, 44.7591005105459], [-1.002504181727274, 44.758792719905465], [-1.002588171673216, 44.75848933394691], [-1.002713492600838, 44.758193274346425], [-1.00287893701851, 44.75790739217936], [-1.003082911110071, 44.75763444046827], [-1.00332345010322, 44.75737704767656], [-1.003598237206342, 44.75713769240322], [-1.003904625930823, 44.75691867952142], [-1.004239665583517, 44.75672211799095], [-1.004600129683604, 44.75654990055748], [-1.004982547030218, 44.756403685534124], [-1.005383235121793, 44.756284880839814], [-1.005798335605725, 44.75619463044855], [-1.006223851417472, 44.75613380337906], [-1.006655685252187, 44.756102985331374], [-1.007089678999224, 44.75610247304974], [-1.007521653760681, 44.75613227146686], [-1.007947450069608, 44.75619209365644], [-1.008362967921594, 44.75628136359448], [-1.008764206235188, 44.75639922170308], [-1.00914730136212, 44.75654453312322], [-1.009508564277285, 44.756715898637204], [-1.009844516091068, 44.7569116681358], [-1.010151921542584, 44.75712995650066], [-1.010427820151683, 44.75736866174944], [-1.010669554729885, 44.75762548526945], [-1.010874796975717, 44.75789795394475], [-1.011041569907712, 44.758183443964725], [-1.011168266918671, 44.758479206084644], [-1.011253667267098, 44.758782392095405], [-1.011296947855892, 44.75909008224802], [-1.011297691184011, 44.7593993133685], [-1.011255889393569, 44.75970710739296], [-1.011171944372383, 44.76001050004802], [-1.011046663909947, 44.760306569400115], [-1.010881253942842, 44.760592463999146], [-1.010677306963308, 44.76086543034481], [-1.010436786701749, 44.76112283941128], [-1.010162009229935, 44.76136221197417], [-1.009855620666354, 44.76158124249587], [-1.009520571697969, 44.761777821338704], [-1.009160089163597, 44.76195005509165], [-1.008777644972523, 44.76209628481453], [-1.008376922657929, 44.762215102023454], [-1.007961781887593, 44.76230536226354], [-1.007536221274239, 44.76236619613752], [-1.007104339844415, 44.7623970176839], [-1.00667029753782, 44.76239753002398], [-1.006238275118476, 44.76236772822281], [-1.005812433884793, 44.76230789933674], [-1.00539687556762, 44.76221861964711], [-1.00499560280346, 44.76210074910654], [-1.0046124805645, 44.76195542305182], [-1.004251198917745, 44.76178404126306], [-1.003915237472656, 44.761588254474916], [-1.003607831860238, 44.76136994847018], [-1.003331942566832, 44.76113122590902], [-1.003090226422915, 44.76087438606953], [-1.002885011021544, 44.76060190269471], [-1.002718272312567, 44.7603164001601], [-1.002591615588012, 44.7600206281914], [-1.002506260041193, 44.759717435376125], [-1.002463027047507, 44.759409741724824]]]}}, {"type": "Feature", "properties": {"nb_detections_cluster": 543, "frp_max": 222.37, "frp_moyen": 12.57, "derniere_detection": "2026-07-26T13:16:00", "fetch_timestamp": "2026-07-26T13:16:00"}, "geometry": {"type": "Polygon", "coordinates": [[[-0.99356, 44.76405], [-0.99477, 44.76854], [-0.9593, 44.78315], [-0.93904, 44.78281], [-0.89054, 44.7713], [-0.84771, 44.74773], [-0.81884, 44.73394], [-0.81815, 44.71489], [-0.82133, 44.70958], [-0.83153, 44.71269], [-0.84173, 44.7158], [-0.85192, 44.71891], [-0.86717, 44.72356], [-0.89221, 44.73146], [-0.93465, 44.75032], [-0.97818, 44.75917], [-0.99244, 44.76073], [-0.99356, 44.76405]]]}}, {"type": "Feature", "properties": {"nb_detections_cluster": 4, "frp_max": 4.01, "frp_moyen": 2.48, "derniere_detection": "2026-07-26T03:10:00", "fetch_timestamp": "2026-07-26T13:16:00"}, "geometry": {"type": "Polygon", "coordinates": [[[-1.01784, 44.76931], [-1.01173, 44.76453], [-1.01685, 44.7678], [-1.01784, 44.76931]]]}}, {"type": "Feature", "properties": {"nb_detections_cluster": 2, "frp_max": 1.7, "frp_moyen": 1.66, "derniere_detection": "2026-07-26T01:49:00", "fetch_timestamp": "2026-07-26T13:16:00"}, "geometry": {"type": "Polygon", "coordinates": [[[-0.979011148686803, 44.782478808359905], [-0.979010582589306, 44.78216957457286], [-0.979052577556782, 44.78186179033788], [-0.979136728468037, 44.78155841973649], [-0.979262224256584, 44.781262384296866], [-0.979427855746535, 44.78097653486153], [-0.979632027320009, 44.780703624137686], [-0.979872772302873, 44.78044628019398], [-0.980147771919876, 44.780206981158834], [-0.980454377636076, 44.77998803136379], [-0.980789636668992, 44.77979153916106], [-0.981150320425569, 44.779619396628746], [-0.981532955590132, 44.77947326135858], [-0.981933857564073, 44.77935454050156], [-0.982349165935681, 44.7792643772243], [-0.982774881639052, 44.77920363970681], [-0.983206905444963, 44.77917291278676], [-0.983641077413884, 44.77917249233093], [-0.984073216932114, 44.779202382387886], [-0.984499162946491, 44.779262295148875], [-0.98491481401123, 44.77935165371782], [-0.985316167762216, 44.779469597663415], [-0.985699359439569, 44.77961499130006], [-0.986060699088326, 44.77978643461838], [-0.986396707079721, 44.779982276759874], [-0.98670414761156, 44.78020063190668], [-0.986980059865431, 44.78043939743333], [-0.987221786520932, 44.780696274146564], [-0.987426999352289, 44.780968788418136], [-0.987593721660646, 44.78125431599825], [-0.98772034732564, 44.78155010728029], [-0.98780565629217, 44.78185331377428], [-0.987848826342498, 44.782161015533745], [-0.987849441039488, 44.782470249272826], [-0.987807493763463, 44.78277803690225], [-0.987723387802864, 44.78308141421006], [-0.987597932496746, 44.78337745941039], [-0.987432335465283, 44.78366332128555], [-0.987228191002132, 44.78393624665031], [-0.986987464739596, 44.78419360687344], [-0.98671247473351, 44.78443292320081], [-0.986405869149475, 44.78465189063642], [-0.986070600764897, 44.78484840015008], [-0.985709898532204, 44.78502055899852], [-0.985327236477102, 44.78516670896292], [-0.984926300231585, 44.78528544232764], [-0.984510951524402, 44.78537561544534], [-0.984085190971533, 44.78543635975788], [-0.983653119525738, 44.7854670901665], [-0.983218898957324, 44.78546751067029], [-0.982786711747641, 44.7854376172189], [-0.982360720782609, 44.785377697751485], [-0.98194502923544, 44.78528832942185], [-0.981543641025967, 44.785170373036436], [-0.98116042223829, 44.78502496475884], [-0.980799063869206, 44.78485350516115], [-0.980463046266894, 44.78465764572741], [-0.98015560560289, 44.784439272940055], [-0.979879702700683, 44.78420049010243], [-0.979637994521297, 44.783943597073076], [-0.979432808580479, 44.783671068107274], [-0.979266120543699, 44.78338552801951], [-0.979139535214276, 44.78308972689699], [-0.979054271097249, 44.78278651360794], [-0.979011148686803, 44.782478808359905]]]}}, {"type": "Feature", "properties": {"nb_detections_cluster": 2, "frp_max": 4.98, "frp_moyen": 3.74, "derniere_detection": "2026-07-26T01:49:00", "fetch_timestamp": "2026-07-26T13:16:00"}, "geometry": {"type": "Polygon", "coordinates": [[[-0.990160652294348, 44.79274241296881], [-0.990031153133464, 44.79281831271877], [-0.989670411899555, 44.79299048492004], [-0.989287705898167, 44.79313664895069], [-0.988886721184572, 44.79325539695958], [-0.988471319954382, 44.79334558515831], [-0.988045503329529, 44.793406344843504], [-0.987613372802933, 44.793437090768315], [-0.987179090714061, 44.793437526782384], [-0.98674684013694, 44.793407648685935], [-0.986320784567958, 44.793347744270285], [-0.985905027802709, 44.7932583905442], [-0.985503574389317, 44.79314044817349], [-0.985120291040021, 44.79299505318675], [-0.98475886937355, 44.792823606028044], [-0.984422790347813, 44.79262775806166], [-0.984115290725996, 44.79240939565959], [-0.983839331899456, 44.79217062202514], [-0.983597571367828, 44.79191373692826], [-0.983392337151028, 44.79164121454777], [-0.983225605379398, 44.79135567963481], [-0.983098981277363, 44.79105988222681], [-0.983013683723229, 44.790756671156174], [-0.982970533533051, 44.790448966609155], [-0.982969945580548, 44.79013973199897], [-0.98301192482802, 44.789831945424666], [-0.983096066305455, 44.78952857099033], [-0.983221559037014, 44.789232530261046], [-0.983387193876041, 44.78894667413031], [-0.983591375172214, 44.78867375536983], [-0.983832136157594, 44.78841640212565], [-0.984107157902678, 44.788177092615776], [-0.984413791659309, 44.78795813127263], [-0.984749084374891, 44.787761626559636], [-0.984799586456685, 44.7877375244418], [-0.984929080977857, 44.78766163093299], [-0.985289802542389, 44.78748947446903], [-0.985672480501346, 44.787343324517565], [-0.986073429844037, 44.787224588370954], [-0.986488789702648, 44.787134409343096], [-0.986914560515547, 44.78707365576561], [-0.987346642522932, 44.7870429126308], [-0.987780875224936, 44.78704247596159], [-0.988213077423162, 44.787072349962685], [-0.988639087461011, 44.7871322469799], [-0.989054803276327, 44.78722159026879], [-0.989456221881614, 44.78733951954514], [-0.989839477892601, 44.78748489926465], [-0.990200880734925, 44.787656329551936], [-0.99053695017138, 44.78785215967401], [-0.990844449808128, 44.788070503928715], [-0.99112041825762, 44.78830925979553], [-0.991362197658295, 44.78856612817422], [-0.991567459276406, 44.7888386355168], [-0.991734225943208, 44.789124157640224], [-0.991860891111056, 44.78941994499049], [-0.991946234344289, 44.789723149115446], [-0.991989433095016, 44.790030850091505], [-0.991990070649518, 44.790340084640356], [-0.991948140167796, 44.79064787466499], [-0.991864044776342, 44.79095125593036], [-0.991738593712219, 44.791247306612526], [-0.991572994554541, 44.79153317544105], [-0.991368841617256, 44.79180610916373], [-0.991128100614101, 44.79206347906883], [-0.990853089742731, 44.79230280630907], [-0.990546457369583, 44.79252178578325], [-0.990211156529978, 44.79271830834534], [-0.990160652294348, 44.79274241296881]]]}}, {"type": "Feature", "properties": {"nb_detections_cluster": 11, "frp_max": 12.38, "frp_moyen": 4.16, "derniere_detection": "2026-07-26T01:49:00", "fetch_timestamp": "2026-07-26T13:16:00"}, "geometry": {"type": "Polygon", "coordinates": [[[-0.98648, 44.80814], [-0.98224, 44.80277], [-0.98588, 44.79737], [-0.98648, 44.80814]]]}}, {"type": "Feature", "properties": {"nb_detections_cluster": 2, "frp_max": 5.7, "frp_moyen": 3.86, "derniere_detection": "2026-07-26T01:32:00", "fetch_timestamp": "2026-07-26T13:16:00"}, "geometry": {"type": "Polygon", "coordinates": [[[-0.998973957496733, 44.82289768319609], [-0.998800320331063, 44.82308325246003], [-0.998525190332422, 44.823322601221136], [-0.998218418598322, 44.82354160419112], [-0.997882959506067, 44.82373815199762], [-0.997522043844691, 44.823910351528475], [-0.997139147695506, 44.8240565441731], [-0.996737958945322, 44.824175321804724], [-0.996322341755181, 44.82426554034965], [-0.995896299327387, 44.824326330812184], [-0.995463935330126, 44.82435710764899], [-0.995029414352039, 44.824357574412026], [-0.994596921768558, 44.824327726605304], [-0.99417062340751, 44.824267851728344], [-0.993754625403474, 44.82417852650549], [-0.993352934628553, 44.82406061132791], [-0.992969420081554, 44.82391524196239], [-0.992607775608312, 44.823743818606175], [-0.99227148431291, 44.823547992394296], [-0.991963785003097, 44.823329649489246], [-0.991687640993476, 44.82309089290663], [-0.991445711567084, 44.82283402225213], [-0.991240326370225, 44.82256151156556], [-0.991073462986948, 44.82227598548546], [-0.990946727908726, 44.821980193964215], [-0.990861341082066, 44.82167698577764], [-0.990818124182107, 44.821369281084216], [-0.990817492724293, 44.82106004329866], [-0.990859452089131, 44.82075225055062], [-0.990943597497312, 44.82044886700367], [-0.991069117934371, 44.82015281431073], [-0.991234803986118, 44.81986694348055], [-0.991439059508376, 44.819594007426424], [-0.991679917017829, 44.81933663446093], [-0.991955056654963, 44.81909730299205], [-0.992116284326066, 44.818982212921604], [-0.992289930890539, 44.8187966543716], [-0.992565065286414, 44.8185573214329], [-0.99287183184311, 44.81833833445711], [-0.993207276228939, 44.81814180215453], [-0.99356816806577, 44.81796961698937], [-0.993951032034155, 44.81782343696395], [-0.994352181332329, 44.81770466966017], [-0.994767753167229, 44.81761445869197], [-0.995193745936326, 44.817553672698494], [-0.995626057742898, 44.8175228969842], [-0.996060525874706, 44.817522427885734], [-0.996492966866792, 44.817552269919986], [-0.996919216763615, 44.81761213574065], [-0.997335171193804, 44.81770144890365], [-0.997736824872586, 44.81781934941487], [-0.998120310152446, 44.81796470200699], [-0.998481934251583, 44.81813610706589], [-0.998818214802391, 44.818331914101485], [-0.999125913378184, 44.818550237634], [-0.999402066675667, 44.818788975342464], [-0.999644015053094, 44.81904582830155], [-0.999849428149225, 44.81931832311181], [-1.000016327336201, 44.819603835710915], [-1.000143104789703, 44.81989961663664], [-1.000228538992153, 44.82020281749878], [-1.00027180651893, 44.820510518405186], [-1.000272489993248, 44.820819756078286], [-1.000230582132118, 44.821127552391026], [-1.00014648584341, 44.821430943047886], [-1.000021010372068, 44.821727006134495], [-0.999855363531548, 44.822012890260986], [-0.999651140094365, 44.82228584202789], [-0.999410306452667, 44.8225432325497], [-0.999135181695838, 44.82278258278057], [-0.998973957496733, 44.82289768319609]]]}}, {"type": "Feature", "properties": {"nb_detections_cluster": 45, "frp_max": 56.96, "frp_moyen": 7.89, "derniere_detection": "2026-07-26T13:16:00", "fetch_timestamp": "2026-07-26T13:16:00"}, "geometry": {"type": "Polygon", "coordinates": [[[-0.98901, 44.84748], [-0.98691, 44.84986], [-0.97772, 44.85651], [-0.97567, 44.85886], [-0.9707, 44.85735], [-0.95956, 44.8573], [-0.95135, 44.86105], [-0.93998, 44.85943], [-0.9348, 44.85353], [-0.94067, 44.85287], [-0.94952, 44.85431], [-0.95575, 44.85281], [-0.96388, 44.84907], [-0.97197, 44.84531], [-0.97263, 44.84101], [-0.97849, 44.84111], [-0.98503, 44.84307], [-0.98669, 44.84399], [-0.98901, 44.84748]]]}}, {"type": "Feature", "properties": {"nb_detections_cluster": 17, "frp_max": 11.3, "frp_moyen": 3.76, "derniere_detection": "2026-07-26T03:10:00", "fetch_timestamp": "2026-07-26T13:16:00"}, "geometry": {"type": "Polygon", "coordinates": [[[-1.02602, 44.85101], [-1.03196, 44.8541], [-1.02703, 44.85262], [-1.01007, 44.85833], [-1.01447, 44.85421], [-1.02212, 44.85116], [-1.02049, 44.8498], [-1.02602, 44.85101]]]}}, {"type": "Feature", "properties": {"nb_detections_cluster": 2, "frp_max": 5.64, "frp_moyen": 5.15, "derniere_detection": "2026-07-26T13:16:00", "fetch_timestamp": "2026-07-26T13:16:00"}, "geometry": {"type": "Polygon", "coordinates": [[[-0.996365601740538, 44.85360950391613], [-0.996364939377427, 44.85330026289977], [-0.996406892427207, 44.85299246480564], [-0.996491056170573, 44.85268907384887], [-0.996616619415704, 44.85239301175373], [-0.996782372335417, 44.85210712961958], [-0.996986718140924, 44.85183418046853], [-0.997227688478895, 44.85157679273938], [-0.997502962402821, 44.85133744498222], [-0.99780988873538, 44.851118441997855], [-0.998145511606065, 44.85092189265066], [-0.998506598917909, 44.85074968956902], [-0.998889673469163, 44.85060349092776], [-0.999291046430412, 44.85048470448803], [-0.999706852855112, 44.85039447404805], [-1.000133088882133, 44.85033366843445], [-1.000565650272771, 44.85030287314059], [-1.001000371911935, 44.85030238469166], [-1.001433067894074, 44.850332207790856], [-1.001859571808773, 44.85039205527421], [-1.002275776839119, 44.85048135087422], [-1.002677675287654, 44.85059923476591], [-1.003061397150237, 44.850744571841965], [-1.003423247367176, 44.85091596263769], [-1.003759741393623, 44.85111175680039], [-1.004067638747253, 44.85133006897425], [-1.004343974210525, 44.85156879694771], [-1.004586086387262, 44.85182564188919], [-1.004791643338519, 44.85209813047653], [-1.004958665050654, 44.852383638707316], [-1.005085542518852, 44.85267941716145], [-1.005171053261705, 44.85298261747253], [-1.005214373116749, 44.85329031975378], [-1.005215084202461, 44.85359956071441], [-1.005173178969122, 44.853907362195756], [-1.005089060298475, 44.854210759852506], [-1.004963537650224, 44.85450683170292], [-1.004797819291434, 44.8547927262728], [-1.004593500682739, 44.855065690062034], [-1.00435254913231, 44.855323094069384], [-1.004077284864659, 44.855562459119135], [-1.003770358686024, 44.85578147974601], [-1.003434726460998, 44.855978046407536], [-1.003073620646029, 44.85615026581001], [-1.002690519153931, 44.856296479151425], [-1.002289111849441, 44.85641527810566], [-1.001873264998894, 44.856505518393625], [-1.001446984016962, 44.8565663308102], [-1.001014374869943, 44.856597129600594], [-1.000579604508175, 44.85659761810527], [-1.000146860709595, 44.85656779161886], [-0.999720311722177, 44.85650793743552], [-0.999304066094952, 44.85641863208021], [-0.998902133085493, 44.85630073575283], [-0.998518384026099, 44.85615538403857], [-0.99815651502162, 44.855983976964666], [-0.997820011338896, 44.85578816550935], [-0.997512113831343, 44.855569835693025], [-0.997235787722411, 44.855331090405215], [-0.9969936940488, 44.85507422914287], [-0.996788164038386, 44.854801725855395], [-0.996621176669492, 44.85451620511009], [-0.996494339627142, 44.854220416807976], [-0.996408873839199, 44.85391720969393], [-0.996365601740538, 44.85360950391613]]]}}, {"type": "Feature", "properties": {"nb_detections_cluster": 44, "frp_max": 69.33, "frp_moyen": 9.03, "derniere_detection": "2026-07-26T13:16:00", "fetch_timestamp": "2026-07-26T13:16:00"}, "geometry": {"type": "Polygon", "coordinates": [[[-0.98308, 44.88131], [-0.98829, 44.88356], [-0.98299, 44.8859], [-0.97802, 44.8844], [-0.97405, 44.88052], [-0.96981, 44.87819], [-0.9662, 44.87462], [-0.96437, 44.86786], [-0.95578, 44.86866], [-0.96828, 44.86644], [-0.97139, 44.86701], [-0.96936, 44.86937], [-0.96895, 44.87184], [-0.97561, 44.87477], [-0.97931, 44.87238], [-0.97617, 44.87764], [-0.98308, 44.88131]]]}}, {"type": "Feature", "properties": {"nb_detections_cluster": 21, "frp_max": 35.67, "frp_moyen": 10.74, "derniere_detection": "2026-07-26T13:16:00", "fetch_timestamp": "2026-07-26T13:16:00"}, "geometry": {"type": "Polygon", "coordinates": [[[-1.00593, 44.88663], [-1.01089, 44.88813], [-1.0028, 44.89188], [-0.99787, 44.89039], [-1.00035, 44.88759], [-1.00001, 44.88494], [-1.00099, 44.88514], [-1.00221, 44.8865], [-1.00593, 44.88663]]]}}, {"type": "Feature", "properties": {"nb_detections_cluster": 3, "frp_max": 22.16, "frp_moyen": 15.75, "derniere_detection": "2026-07-25T13:33:00", "fetch_timestamp": "2026-07-26T13:16:00"}, "geometry": {"type": "Polygon", "coordinates": [[[-1.043768868844366, 44.94067139768023], [-1.04376794405905, 44.94036214866425], [-1.043809702058598, 44.9400543244086], [-1.043893739999846, 44.93975088938064], [-1.04401924790018, 44.93945476572936], [-1.044185016463135, 44.93916880514712], [-1.044389448747126, 44.9388957614118], [-1.044630575564073, 44.938638263873166], [-1.044906074458869, 44.93839879213899], [-1.045213292086338, 44.93817965220398], [-1.045549269769796, 44.93798295425148], [-1.045910771994822, 44.93781059234088], [-1.046294317563871, 44.93766422617649], [-1.046696213111874, 44.9375452651326], [-1.047112588660424, 44.937454854688696], [-1.047539434868754, 44.937393865404694], [-1.047972641623467, 44.93736288454252], [-1.048408037596233, 44.93736221041414], [-1.048841430389473, 44.9373918495107], [-1.049268646884401, 44.93745151643995], [-1.049685573403905, 44.937540636672935], [-1.050088195304473, 44.93765835207335], [-1.050472635616868, 44.93780352915634], [-1.050835192364251, 44.9379747699979], [-1.051172374199121, 44.9381704256894], [-1.051480934016439, 44.93838861220852], [-1.051757900219631, 44.93862722855387], [-1.05200060533856, 44.938883976969024], [-1.052206711723879, 44.93915638506151], [-1.052374234070095, 44.939441829604384], [-1.052501558550076, 44.939737561791105], [-1.052587458376112, 44.94004073370114], [-1.052631105636967, 44.94034842572152], [-1.052632079296057, 44.94065767466055], [-1.052590369272759, 44.940965502283085], [-1.052506376566535, 44.941268943992306], [-1.052380909421646, 44.94156507738254], [-1.052215175568347, 44.941851050387115], [-1.052010770614348, 44.94212410875079], [-1.051769662697456, 44.94238162256161], [-1.051494173546459, 44.942621111586504], [-1.051186956132081, 44.94284026916629], [-1.05085096912282, 44.943036984439516], [-1.050489448391484, 44.943209362681195], [-1.050105875846799, 44.94335574355941], [-1.0497039458905, 44.94347471713444], [-1.04928752982328, 44.943565137445226], [-1.048860638543017, 44.94362613355265], [-1.048427383895199, 44.94365711793261], [-1.047991939048659, 44.94365779213792], [-1.04755849827917, 44.94362814967449], [-1.047131236549216, 44.943568476063966], [-1.046714269274267, 44.94347934609201], [-1.046311612664043, 44.94336161826929], [-1.045927145021655, 44.94321642655793], [-1.045564569374218, 44.94304516944418], [-1.04522737779555, 44.942849496461974], [-1.04491881776514, 44.942631292298074], [-1.044641860887751, 44.94239265863199], [-1.044399174275134, 44.94213589388577], [-1.04419309486545, 44.941863471079444], [-1.044025606927532, 44.94157801400543], [-1.04389832296622, 44.94128227195184], [-1.043812468212117, 44.940979093218374], [-1.043768868844366, 44.94067139768023]]]}}, {"type": "Feature", "properties": {"nb_detections_cluster": 11, "frp_max": 44.37, "frp_moyen": 6.43, "derniere_detection": "2026-07-26T13:16:00", "fetch_timestamp": "2026-07-26T13:16:00"}, "geometry": {"type": "Polygon", "coordinates": [[[-0.96854, 44.90014], [-0.96539, 44.90539], [-0.96042, 44.90389], [-0.9536, 44.90176], [-0.95984, 44.90236], [-0.96874, 44.89772], [-0.96854, 44.90014]]]}}, {"type": "Feature", "properties": {"nb_detections_cluster": 5, "frp_max": 29.74, "frp_moyen": 12.64, "derniere_detection": "2026-07-26T13:16:00", "fetch_timestamp": "2026-07-26T13:16:00"}, "geometry": {"type": "Polygon", "coordinates": [[[-0.97278, 44.91573], [-0.96692, 44.91641], [-0.9661, 44.91281], [-0.97278, 44.91573]]]}}, {"type": "Feature", "properties": {"nb_detections_cluster": 2, "frp_max": 4.35, "frp_moyen": 4.05, "derniere_detection": "2026-07-26T01:49:00", "fetch_timestamp": "2026-07-26T13:16:00"}, "geometry": {"type": "Polygon", "coordinates": [[[-0.98627996933636, 44.92465910558091], [-0.986279361733289, 44.92434985765033], [-0.986321423257096, 44.92404205654383], [-0.986405748142105, 44.923738666505486], [-0.986531523643031, 44.9234426092506], [-0.986697537887175, 44.92315673583188], [-0.986902191567913, 44.92288379918747], [-0.987143513366067, 44.92262642763559], [-0.987419178949855, 44.92238709957057], [-0.987726533369879, 44.922168119603434], [-0.988062616633092, 44.92197159637695], [-0.988424192209209, 44.92179942226788], [-0.988807778195076, 44.921653255172025], [-0.989209680837013, 44.92153450254679], [-0.989626030088741, 44.92144430786471], [-0.990052816862986, 44.92138353960812], [-0.990485931618757, 44.92135278291066], [-0.990921203913533, 44.92135233392586], [-0.991354442540425, 44.92138219697696], [-0.991781475864764, 44.92144208451524], [-0.99219819197271, 44.92153141988756], [-0.992600578246228, 44.92164934288594], [-0.992984759984292, 44.9217947180266], [-0.993347037699202, 44.92196614547824], [-0.993683922729592, 44.922161974535214], [-0.993992170827729, 44.92238031950573], [-0.994268813398039, 44.92261907786237], [-0.994511186086217, 44.922875950480986], [-0.994716954443611, 44.92314846377284], [-0.994884136419491, 44.92343399349766], [-0.995011121464232, 44.923729790028226], [-0.99509668605883, 44.924033004824075], [-0.995140005520489, 44.92434071785888], [-0.995140661969699, 44.92464996573822], [-0.995098648381137, 44.92495777023671], [-0.995014368678358, 44.92526116697996], [-0.994888633870315, 44.925557233994944], [-0.994722654265907, 44.92584311985392], [-0.994518027840569, 44.92611607114068], [-0.994276724866069, 44.926373458974254], [-0.99400106895081, 44.926612804334695], [-0.99369371467263, 44.92683180194625], [-0.993357622019126, 44.92702834248812], [-0.992996027881447, 44.92720053291812], [-0.992612414876059, 44.92734671471323], [-0.992210477794985, 44.92746547985121], [-0.991794088007981, 44.927555684378596], [-0.991367256160068, 44.927616459434745], [-0.990934093524397, 44.92764721962472], [-0.990498772383482, 44.92764766866076], [-0.990065485821342, 44.92761780221767], [-0.989638407314774, 44.927557907974474], [-0.989221650513944, 44.92746856284204], [-0.98881922960069, 44.927350627403385], [-0.988435020607227, 44.92720523762042], [-0.988072724068662, 44.92703379388708], [-0.987735829369746, 44.92683794753467], [-0.987427581129765, 44.92661958491974], [-0.987150947949747, 44.92638080924773], [-0.986908593823129, 44.926123920308186], [-0.986702852485256, 44.92585139231705], [-0.986535704948514, 44.92556585007952], [-0.986408760439048, 44.925270043703634], [-0.986323240918117, 44.924966822108225], [-0.98627996933636, 44.92465910558091]]]}}, {"type": "Feature", "properties": {"nb_detections_cluster": 2, "frp_max": 10.78, "frp_moyen": 7.07, "derniere_detection": "2026-07-26T01:49:00", "fetch_timestamp": "2026-07-26T13:16:00"}, "geometry": {"type": "Polygon", "coordinates": [[[-0.992095861088476, 44.9339564294973], [-0.992004026900464, 44.934021852340805], [-0.991667885241377, 44.93421838819707], [-0.991306239562301, 44.9343905735011], [-0.990922572976175, 44.93453674977924], [-0.990520580791155, 44.93465550906236], [-0.990104134907829, 44.93474570745345], [-0.989677246511623, 44.934806476150925], [-0.989244027420453, 44.93483722982109], [-0.988808650460718, 44.93483767223901], [-0.988375309254183, 44.934807799143215], [-0.987948177804068, 44.93474789827685], [-0.987531370270573, 44.93465854661452], [-0.987128901324251, 44.93454060480217], [-0.986744647460006, 44.93439520886309], [-0.986382309645157, 44.93422375925051], [-0.986045377662005, 44.93402790735242], [-0.985737096488913, 44.933809539578704], [-0.985460435044039, 44.933570759184505], [-0.985218057592967, 44.93331386600487], [-0.985012298095569, 44.93304133429657], [-0.984845137738993, 44.93275578890059], [-0.9847181858727, 44.93245997995538], [-0.984632664528626, 44.932156756404495], [-0.984589396674798, 44.93184903855441], [-0.984588798314639, 44.93153978994647], [-0.984630874507148, 44.93123198881454], [-0.984715219345206, 44.93092859940291], [-0.984841019891221, 44.93063254342088], [-0.985007064031156, 44.93034667190887], [-0.985211752170371, 44.9300737377866], [-0.985453112657758, 44.929816369348075], [-0.985728820788895, 44.92957704495756], [-0.986036221204622, 44.92935806919075], [-0.98637235346896, 44.92916155064992], [-0.986733980579781, 44.92898938166673], [-0.986854377026111, 44.92894351244269], [-0.986946208905967, 44.92887809395298], [-0.987282335106, 44.92868157268873], [-0.987643956329397, 44.928509400769904], [-0.988027590233468, 44.92836323607121], [-0.988429542603162, 44.92824448602694], [-0.988845942913424, 44.92815429408482], [-0.989272781585404, 44.928093528700764], [-0.989705948578468, 44.92806277498076], [-0.990141272947191, 44.92806232904968], [-0.990574562983349, 44.92809219520133], [-0.991001646557339, 44.92815208585717], [-0.991418411271537, 44.928241424334026], [-0.991820844039937, 44.92835935039405], [-0.992205069713852, 44.9285047285239], [-0.992567388382537, 44.928676158863574], [-0.99290431099027, 44.92887199067964], [-0.99321259292745, 44.92909033825364], [-0.9934892652726, 44.929329099033176], [-0.993731663384619, 44.929585973870715], [-0.993937452569937, 44.92985848915617], [-0.994104650577132, 44.930144020630046], [-0.994231646702059, 44.93043981864831], [-0.994317217318862, 44.93074303465616], [-0.994360537686585, 44.93105074861558], [-0.994361189916823, 44.93135999712326], [-0.994319167024719, 44.93166780194773], [-0.994234873023262, 44.931971198711494], [-0.99410911905896, 44.93226726544128], [-0.993943115625062, 44.932553150712124], [-0.993738460926386, 44.93282610111345], [-0.993497125506906, 44.933083487772834], [-0.993221433287435, 44.933322831681586], [-0.992914039195419, 44.933541827577976], [-0.992577903601902, 44.933738366157726], [-0.99221626381161, 44.933910554397514], [-0.992095861088476, 44.9339564294973]]]}}, {"type": "Feature", "properties": {"nb_detections_cluster": 11, "frp_max": 53.29, "frp_moyen": 13.57, "derniere_detection": "2026-07-26T13:16:00", "fetch_timestamp": "2026-07-26T13:16:00"}, "geometry": {"type": "Polygon", "coordinates": [[[-0.97966806841614, 44.93619703771089], [-0.979795389207743, 44.93641455605678], [-0.979922324061001, 44.93671037097274], [-0.980007826882032, 44.93701359855922], [-0.980051073582548, 44.93732131866664], [-0.980051646983395, 44.93763056783238], [-0.980009540858728, 44.937938367818546], [-0.979925160023005, 44.93824175429413], [-0.979799316458947, 44.93853780538491], [-0.979633221522708, 44.93882366981637], [-0.979428474300391, 44.93909659437862], [-0.979187046227149, 44.939353950448016], [-0.978911262116273, 44.939593259310435], [-0.978603777780397, 44.93981221604164], [-0.978267554459913, 44.940008711714505], [-0.977905830304687, 44.94018085371899], [-0.977522089183703, 44.94032698399844], [-0.977120027123207, 44.94044569502678], [-0.976703516696998, 44.94053584337178], [-0.976276569712338, 44.94059656071388], [-0.975843298551612, 44.94062726221407], [-0.975407876542862, 44.94062765214991], [-0.974974497741845, 44.94059772676545], [-0.974547336513938, 44.940537774307465], [-0.974130507306158, 44.940448372247545], [-0.973728024997783, 44.94033038171705], [-0.973343766212336, 44.940184939208464], [-0.97298143196441, 44.94001344562362], [-0.972644512001792, 44.939817552773995], [-0.972336251186875, 44.93959914746387], [-0.972059618241519, 44.93936033330988], [-0.971817277156578, 44.93910341047223], [-0.971611561541423, 44.938830853493236], [-0.971444452160313, 44.938545287457245], [-0.971317557871515, 44.93824946270137], [-0.97123210015221, 44.93794622832141], [-0.971188901357456, 44.93763850472802], [-0.971188376825409, 44.9373292555178], [-0.971230530903918, 44.9370214589303], [-0.971314956935686, 44.93671807916598], [-0.971440841201131, 44.93642203784116], [-0.97160697077997, 44.93613618585498], [-0.971811745254801, 44.93586327593912], [-0.972053192143176, 44.93560593615435], [-0.972328985908745, 44.93536664458902], [-0.972636470367853, 44.93514770550261], [-0.972972684275372, 44.934951227144175], [-0.973334389843167, 44.934779101458396], [-0.973692092245676, 44.934642890999314], [-0.973564799145952, 44.934425365779106], [-0.973437902994829, 44.934129543806776], [-0.973352440089394, 44.93382631142932], [-0.973309232834758, 44.933518589038066], [-0.973308696650662, 44.933209340218085], [-0.973350835997271, 44.93290154320518], [-0.973435244359261, 44.932598162203924], [-0.973561108187299, 44.93230211884252], [-0.973727214757989, 44.93201626403979], [-0.973931963875561, 44.93174335055453], [-0.974173383301794, 44.93148600648188], [-0.974449147764821, 44.93124670995151], [-0.974756601363168, 44.93102776527071], [-0.975092783148874, 44.930831280742424], [-0.975454455643103, 44.93065914837073], [-0.975838136009617, 44.93051302564954], [-0.97624012958612, 44.9303943196089], [-0.976656565450904, 44.93030417327282], [-0.977083433682875, 44.930243454658054], [-0.977516623956852, 44.930212748420274], [-0.977951965103301, 44.93021235022711], [-0.978385265252474, 44.93024226391274], [-0.978812352177381, 44.930302201440924], [-0.979229113448097, 44.93039158567712], [-0.979631536011705, 44.93050955594288], [-0.980015744817678, 44.93065497629921], [-0.980378040117569, 44.93082644647947], [-0.980714933080532, 44.93102231536657], [-0.981023179382259, 44.93124069688506], [-0.981299810444241, 44.93147948815562], [-0.981542162022739, 44.931736389737075], [-0.9817478998721, 44.93200892776177], [-0.981915042235085, 44.93229447775113], [-0.982041978943246, 44.93259028988281], [-0.982127486942772, 44.932893515465956], [-0.982170742095612, 44.93320123437032], [-0.982171327141324, 44.93351048314487], [-0.982129235742017, 44.93381828355551], [-0.982044872570431, 44.93412167126713], [-0.981919049439253, 44.93441772439358], [-0.981752977507922, 44.93470359164087], [-0.981548255641041, 44.9349765197719], [-0.981306855029597, 44.93523388012872], [-0.981031100222417, 44.93547319395587], [-0.980723646749909, 44.935692156281355], [-0.980387455555192, 44.93588865812413], [-0.980025764478693, 44.93606080681477], [-0.97966806841614, 44.93619703771089]]]}}, {"type": "Feature", "properties": {"nb_detections_cluster": 55, "frp_max": 62.73, "frp_moyen": 15.99, "derniere_detection": "2026-07-25T13:33:00", "fetch_timestamp": "2026-07-26T13:16:00"}, "geometry": {"type": "Polygon", "coordinates": [[[-0.949547510536059, 44.82768763653206], [-0.949547106126778, 44.82737839790688], [-0.949589296259501, 44.827070620165024], [-0.949673673932479, 44.8267672673253], [-0.949799425894546, 44.826471260744654], [-0.949965340502073, 44.826185450987516], [-0.950169819410173, 44.82591259037881], [-0.950410892984717, 44.82565530650441], [-0.950686239285988, 44.825416076914195], [-0.950993206440574, 44.82519720527082], [-0.951328838185663, 44.825000799173864], [-0.951689902339512, 44.824828749872154], [-0.95207292192392, 44.82468271405967], [-0.952474208639167, 44.82456409792964], [-0.952889898369438, 44.824474043640244], [-0.953315988377361, 44.82441341832201], [-0.953748375830198, 44.82438280573222], [-0.954182897287507, 44.8243825006368], [-0.95461536877095, 44.8244125059735], [-0.955041626031363, 44.824472532823556], [-0.955457564626334, 44.82456200319236], [-0.955859179423325, 44.824680055572045], [-0.956242603148868, 44.82482555323289], [-0.956604143613444, 44.824997095163845], [-0.956940319254274, 44.82519302955679], [-0.957247892654315, 44.82541146970547], [-0.957523901715044, 44.82565031216586], [-0.957765688183028, 44.82590725700373], [-0.957970923255552, 44.82617982993472], [-0.958137630018508, 44.82646540614399], [-0.958264202500079, 44.82676123555656], [-0.95834942115612, 44.82706446931499], [-0.958392464637395, 44.82737218721013], [-0.958392917724487, 44.8276814258005], [-0.958350775352987, 44.827989206949965], [-0.958266442689202, 44.82829256650874], [-0.958140731254623, 44.82858858286173], [-0.95797485113543, 44.8288744050689], [-0.957770399351143, 44.82914728032691], [-0.957529344493535, 44.82940458048687], [-0.957254007783046, 44.829643827373154], [-0.956947040724517, 44.82986271665833], [-0.956611399577069, 44.830059140064925], [-0.956250316883773, 44.83023120567888], [-0.95586727033529, 44.830377256179325], [-0.955465949267553, 44.83049588480863], [-0.955050219116527, 44.830585948928245], [-0.954624084172928, 44.830646581029846], [-0.954191648996348, 44.83067719709553], [-0.953757078861227, 44.83067750222576], [-0.953324559616562, 44.83064749348147], [-0.952898257346956, 44.830587459912344], [-0.952482278224496, 44.830497979771216], [-0.952080628939172, 44.8303799149415], [-0.951697178089816, 44.83023440263136], [-0.951335618908303, 44.830062844414826], [-0.950999433676693, 44.82986689272583], [-0.950691860180594, 44.82964843493532], [-0.950415860522225, 44.82940957516532], [-0.950174092593688, 44.829152614015214], [-0.94996888448524, 44.82888002639624], [-0.949802212074773, 44.8285944376877], [-0.949675680013958, 44.828298598444924], [-0.949590506293592, 44.8279953579031], [-0.949547510536059, 44.82768763653206]]]}}, {"type": "Feature", "properties": {"nb_detections_cluster": 84, "frp_max": 12.83, "frp_moyen": 3.92, "derniere_detection": "2026-07-26T03:10:00", "fetch_timestamp": "2026-07-26T13:16:00"}, "geometry": {"type": "Polygon", "coordinates": [[[-0.9489, 44.84451], [-0.94768, 44.84756], [-0.94265, 44.84606], [-0.94387, 44.84298], [-0.93697, 44.84241], [-0.9408, 44.83625], [-0.94579, 44.84079], [-0.9489, 44.84451]]]}}, {"type": "Feature", "properties": {"nb_detections_cluster": 9, "frp_max": 2.7, "frp_moyen": 1.78, "derniere_detection": "2026-07-26T01:49:00", "fetch_timestamp": "2026-07-26T13:16:00"}, "geometry": {"type": "Polygon", "coordinates": [[[-0.947953134589129, 44.88317757588769], [-0.947952738562916, 44.88286833173121], [-0.94799497913991, 44.882560549094656], [-0.948079448831203, 44.88225719204395], [-0.948205333498169, 44.88196118197658], [-0.948371420218021, 44.88167536949051], [-0.948576108987376, 44.88140250693698], [-0.948817428150275, 44.88114522192051], [-0.949093053401347, 44.88090599200197], [-0.949400330180492, 44.880687120847185], [-0.949736299243074, 44.880490716050964], [-0.950097725159091, 44.880318668849625], [-0.95048112746693, 44.88017263591688], [-0.950882814181827, 44.88005402341818], [-0.951298917336749, 44.87996397347681], [-0.951725430213985, 44.879903353181355], [-0.952158245909627, 44.87987274624075], [-0.952593196860383, 44.879872447366516], [-0.953026094953044, 44.87990245943648], [-0.953452771831324, 44.87996249346709], [-0.953869119012928, 44.88005197139458], [-0.954271127431547, 44.88017003163828], [-0.954654926023882, 44.88031553739281], [-0.955016818990993, 44.88048708756915], [-0.955353321375813, 44.88068303027986], [-0.955661192614823, 44.88090147873854], [-0.955937467741123, 44.88114032942117], [-0.956179485938627, 44.88139728231437], [-0.956384916172384, 44.881669863056224], [-0.956551779647986, 44.88195544675667], [-0.956678468883388, 44.88225128326859], [-0.956763763208877, 44.88255452366616], [-0.956806840545189, 44.88286224767634], [-0.956807285345497, 44.88317149179873], [-0.956765092623814, 44.88347927784388], [-0.95668066802999, 44.88378264161488], [-0.956554823969583, 44.88407866145602], [-0.956388771804893, 44.88436448639367], [-0.956184110211368, 44.88463736359817], [-0.955942809800613, 44.88489466490188], [-0.955667194157367, 44.885133912118086], [-0.955359917472503, 44.88535280091621], [-0.955023938987039, 44.8855492230234], [-0.954662494493089, 44.8857212865381], [-0.954279065166208, 44.88586733415971], [-0.953877344029485, 44.885985959158226], [-0.953461200372763, 44.88607601893006], [-0.953034642470218, 44.886136646008836], [-0.952601778956055, 44.88616725642495], [-0.952166779231202, 44.88616755533329], [-0.951733833283229, 44.886137539854715], [-0.951307111307481, 44.8860774991038], [-0.950890723519316, 44.885988011402574], [-0.950488680545536, 44.88586993870727], [-0.950104854777371, 44.88572441830179], [-0.949742943058117, 44.88555285183818], [-0.949406431065472, 44.885356891829815], [-0.949098559732179, 44.8851384257278], [-0.948822294028763, 44.8848995577342], [-0.948580294409192, 44.88464258852763], [-0.948374891194478, 44.884369993096946], [-0.948208062140703, 44.88408439689665], [-0.948081413407098, 44.88378855055427], [-0.947996164106919, 44.88348530337336], [-0.947953134589129, 44.88317757588769]]]}}, {"type": "Feature", "properties": {"nb_detections_cluster": 1, "frp_max": 1.36, "frp_moyen": 1.36, "derniere_detection": "2026-07-26T01:49:00", "fetch_timestamp": "2026-07-26T13:16:00"}, "geometry": {"type": "Polygon", "coordinates": [[[-0.933752354228252, 44.89256701035134], [-0.933752036375578, 44.89225776524202], [-0.93379436188716, 44.89194998710807], [-0.933878922455941, 44.89164663997196], [-0.934004903067978, 44.89135064513556], [-0.934171089876422, 44.89106485305016], [-0.934375881913993, 44.89079201587038], [-0.934617306530286, 44.890534760956385], [-0.934893038404493, 44.89029556557908], [-0.935200421949883, 44.8900767330716], [-0.935536496893849, 44.88988037065658], [-0.935898026786992, 44.88970836916218], [-0.936281530166661, 44.88956238482195], [-0.936683314075058, 44.88944382333349], [-0.937099509609467, 44.889353826328794], [-0.93752610916285, 44.889293260386765], [-0.937959004996872, 44.889262708692954], [-0.938394028776745, 44.8892624654269], [-0.938826991688113, 44.88929253293102], [-0.939253724750628, 44.889352621687976], [-0.939670118941037, 44.88944215310701], [-0.940072164740361, 44.88956026509244], [-0.940455990725296, 44.88970582034061], [-0.940817900833014, 44.8898774172859], [-0.941154409941235, 44.890073403590506], [-0.941462277421488, 44.890291892048204], [-0.941738538342818, 44.89053077874983], [-0.941980532025647, 44.89078776333502], [-0.942185927670794, 44.89106037113667], [-0.942352746816615, 44.89134597700404], [-0.942479382407643, 44.89164183057648], [-0.942564614290449, 44.89194508276384], [-0.942607620986817, 44.89225281317937], [-0.942607987629938, 44.89256205826092], [-0.942565709986286, 44.892869839809755], [-0.942481194523378, 44.89317319367213], [-0.942355254521764, 44.8934691982877], [-0.942189102267658, 44.89375500282937], [-0.941984337400436, 44.89402785466385], [-0.941742931526362, 44.89428512586777], [-0.941467209245989, 44.894524338544244], [-0.941159825777365, 44.89474318869533], [-0.940823741390146, 44.894939568420355], [-0.940462192896631, 44.895111586225944], [-0.94007866247427, 44.8952575852517], [-0.939676844120098, 44.89537615923569], [-0.939260608060562, 44.89546616606574], [-0.93883396346006, 44.89552673878532], [-0.938401019788063, 44.89555729394847], [-0.937965947217741, 44.89555753724226], [-0.937532936438443, 44.89552746632328], [-0.937106158270055, 44.89546737084005], [-0.936689723469223, 44.89537782964185], [-0.93628764311556, 44.89525970520015], [-0.935903789960276, 44.8951141352973], [-0.93554186111034, 44.89494252206204], [-0.935205342408284, 44.894746518458284], [-0.934897474851265, 44.89452801235696], [-0.934621223373189, 44.894289108345355], [-0.934379248290733, 44.89403210744898], [-0.934173879688278, 44.8937594849618], [-0.934007094988232, 44.893473866598875], [-0.93388049992233, 44.8931780032011], [-0.933795313086642, 44.89287474423619], [-0.933752354228252, 44.89256701035134]]]}}, {"type": "Feature", "properties": {"nb_detections_cluster": 28, "frp_max": 17.97, "frp_moyen": 4.91, "derniere_detection": "2026-07-26T13:16:00", "fetch_timestamp": "2026-07-26T13:16:00"}, "geometry": {"type": "Polygon", "coordinates": [[[-0.93917, 44.90991], [-0.94833, 44.90697], [-0.94414, 44.9114], [-0.93601, 44.91516], [-0.93601, 44.91177], [-0.92919, 44.90691], [-0.93563, 44.90317], [-0.93418, 44.90841], [-0.93917, 44.90991]]]}}, {"type": "Feature", "properties": {"nb_detections_cluster": 1, "frp_max": 2.0, "frp_moyen": 2.0, "derniere_detection": "2026-07-26T01:49:00", "fetch_timestamp": "2026-07-26T13:16:00"}, "geometry": {"type": "Polygon", "coordinates": [[[-0.915233586835993, 44.74915626455537], [-0.915233371563288, 44.74884703413379], [-0.915275690490882, 44.74853927773031], [-0.915360135378697, 44.74823595915805], [-0.915485892330292, 44.747939999443695], [-0.91565174965595, 44.7476542487002], [-0.915856109564252, 44.74738145868402], [-0.916097003568698, 44.747124256301056], [-0.916372111460241, 44.746885118316364], [-0.916678783662464, 44.746666347510335], [-0.91701406675372, 44.7464700505115], [-0.917374731910209, 44.74629811751806], [-0.917757305996113, 44.74615220410399], [-0.918158105001527, 44.74603371528389], [-0.918573269506598, 44.74594379199012], [-0.918998801830876, 44.74588330009178], [-0.919430604510851, 44.74585282206149], [-0.919864519735964, 44.74585265136951], [-0.920296369364273, 44.74588278965943], [-0.920721995133383, 44.74594294673229], [-0.921137298680449, 44.74603254333956], [-0.921538280986827, 44.74615071675778], [-0.921921080868467, 44.74629632909173], [-0.922282012142213, 44.74646797822605], [-0.922617599110813, 44.74666401132027], [-0.922924610025481, 44.74688254071761], [-0.923200088204123, 44.747121462114485], [-0.923441380505769, 44.7473784748164], [-0.923646162886982, 44.7476511038853], [-0.923812462793894, 44.7479367239656], [-0.923938678173884, 44.748232584559574], [-0.924023592923173, 44.74853583650933], [-0.924066388620888, 44.748843559430334], [-0.924066652435696, 44.74915278983242], [-0.92402438112794, 44.749460549658146], [-0.92393998110769, 44.74976387496284], [-0.923814264547154, 44.750059844461106], [-0.923648441583842, 44.75034560766399], [-0.923444108688649, 44.75061841233624], [-0.923203233309975, 44.75087563100868], [-0.922928134941091, 44.75111478629036], [-0.92262146279246, 44.75133357473607], [-0.922286170283672, 44.75152988903948], [-0.921925486600437, 44.75170183833735], [-0.921542885590546, 44.7518477664291], [-0.921142052298576, 44.75196626773612], [-0.920726847461996, 44.7520562008462], [-0.920301270311169, 44.75211669951295], [-0.919869420032269, 44.75214718100367], [-0.919435456265051, 44.75214735171513], [-0.919003559016905, 44.75211721000297], [-0.91857788838023, 44.75205704619767], [-0.918162544442104, 44.751967439806506], [-0.917761527773379, 44.75184925392891], [-0.91737870087863, 44.7517036269389], [-0.917017750979112, 44.75153196151507], [-0.916682154487855, 44.751335911123874], [-0.916375143519594, 44.75111736408683], [-0.916099674758486, 44.7508784253854], [-0.915858400983585, 44.750621396379074], [-0.91565364552636, 44.75034875263246], [-0.915487379906003, 44.75006312006524], [-0.915361204857524, 44.74976724965499], [-0.915276334934781, 44.749463990936796], [-0.915233586835993, 44.74915626455537]]]}}, {"type": "Feature", "properties": {"nb_detections_cluster": 1, "frp_max": 5.51, "frp_moyen": 5.51, "derniere_detection": "2026-07-26T13:16:00", "fetch_timestamp": "2026-07-26T13:16:00"}, "geometry": {"type": "Polygon", "coordinates": [[[-0.894295281074825, 44.854045435691575], [-0.894295180681475, 44.85373619428106], [-0.894337693367911, 44.85342843497551], [-0.894422409025562, 44.85312512161578], [-0.894548511148049, 44.85282917517828], [-0.894714784719506, 44.852543445647946], [-0.894919627938255, 44.8522706845768], [-0.895161067662102, 44.85201351859193], [-0.895436778425769, 44.85177442410768], [-0.895744104846704, 44.851555703485545], [-0.896080087203143, 44.85135946287061], [-0.896441489937855, 44.85118759191814], [-0.896824832813078, 44.8510417456046], [-0.897226424416808, 44.85092332829843], [-0.897642397698143, 44.850833480243296], [-0.898068747190054, 44.85077306658385], [-0.898501367561814, 44.850742669039306], [-0.898936093130682, 44.850742580304946], [-0.899368737953276, 44.85077280123518], [-0.899795136111532, 44.85083304083534], [-0.900211181806352, 44.85092271906222], [-0.900612868873769, 44.85104097240648], [-0.900996329344087, 44.85118666220327], [-0.901357870673464, 44.851358385591354], [-0.901694011290139, 44.851554489015236], [-0.902001514113541, 44.85177308414089], [-0.902277417723855, 44.85201206603177], [-0.902519064882104, 44.85226913341081], [-0.902724128126044, 44.852541810813364], [-0.902890632195188, 44.85282747241835], [-0.903016973068615, 44.853123367328024], [-0.903101933431594, 44.85342664605399], [-0.903144694421415, 44.85373438795365], [-0.903144843538366, 44.854043629354045], [-0.903102378644776, 44.85435139209158], [-0.903017708012564, 44.85465471219345], [-0.902891646417806, 44.85495066842421], [-0.90272540731891, 44.85523641042258], [-0.902520591192795, 44.85550918615734], [-0.902279170140496, 44.85576636843796], [-0.902003468909759, 44.85600548022379], [-0.901696142516788, 44.856224218488514], [-0.901360150682271, 44.85642047640898], [-0.90099872932768, 44.85659236366492], [-0.900615359406325, 44.856738224653355], [-0.900213733369581, 44.85685665444186], [-0.899797719591587, 44.856946512307104], [-0.899371325095639, 44.85700693272743], [-0.898938656941944, 44.8570373337238], [-0.898503882649474, 44.85703742246829], [-0.898071190034035, 44.85700719810608], [-0.897644746850339, 44.85694695176375], [-0.897228660627791, 44.8568572637436], [-0.896826939087812, 44.85673899793132], [-0.896443451524861, 44.85659329347091], [-0.896081891523935, 44.8564215537871], [-0.89574574137433, 44.85622543306162], [-0.895438238522965, 44.856006820293395], [-0.895162344390729, 44.85576782109696], [-0.894920715852359, 44.85551073741445], [-0.894715679654551, 44.855238045337], [-0.894549210018423, 44.85495237124969], [-0.894422909641655, 44.854656466529896], [-0.89433799428271, 44.854353181043074], [-0.894295281074825, 44.854045435691575]]]}}, {"type": "Feature", "properties": {"nb_detections_cluster": 1, "frp_max": 41.04, "frp_moyen": 41.04, "derniere_detection": "2026-07-26T12:55:00", "fetch_timestamp": "2026-07-26T13:16:00"}, "geometry": {"type": "Polygon", "coordinates": [[[-0.907575130368426, 44.85642596512873], [-0.907574956852001, 44.8561167234975], [-0.907617398572131, 44.85580895887459], [-0.907702046103585, 44.8555056351522], [-0.907828083595933, 44.855209673406556], [-0.907994296655549, 44.85492392377011], [-0.908199084063309, 44.8546511379886], [-0.908440473214281, 44.85439394292708], [-0.908716139129991, 44.854154815280005], [-0.909023426859553, 44.853936057728234], [-0.909359377053587, 44.853739776772535], [-0.909720754464384, 44.853567862456615], [-0.910104079097869, 44.85342197017454], [-0.910505659717551, 44.85330350473739], [-0.91092162937819, 44.85321360685234], [-0.911347982647542, 44.8531531421438], [-0.911780614158464, 44.85312269282257], [-0.912215358120954, 44.8531225520825], [-0.912648028414546, 44.85315272127872], [-0.913074458875981, 44.853212909914745], [-0.91349054339521, 44.853302538438065], [-0.913892275434545, 44.85342074381796], [-0.914275786591395, 44.853566387851465], [-0.914637383834009, 44.85373806811796], [-0.91497358505239, 44.85393413147728], [-0.915281152582583, 44.85415268998117], [-0.915557124381849, 44.85439163904581], [-0.915798842554732, 44.854648677710244], [-0.916003978955273, 44.85492133078644], [-0.916170557618615, 44.85520697268759], [-0.916296973805572, 44.85550285270583], [-0.91638200947619, 44.855806121496194], [-0.916424845042539, 44.856113858511904], [-0.916425067286681, 44.85642310012706], [-0.916382673366634, 44.85673086817613], [-0.916298070870695, 44.85703419863522], [-0.916172073918608, 44.85733017016924], [-0.916005895346055, 44.85761593226954], [-0.915801135046847, 44.85788873271144], [-0.915559764584143, 44.85814594406647], [-0.915284108218244, 44.85838508901403], [-0.914976820533038, 44.85860386420843], [-0.914640860876201, 44.8588001624709], [-0.914279464859094, 44.858972093092646], [-0.913896113190819, 44.85911800005293], [-0.913494498146801, 44.85923647797666], [-0.913078487995188, 44.85932638567679], [-0.912652089724269, 44.859386857151705], [-0.912219410430571, 44.859417309930585], [-0.911784617740363, 44.85941745068673], [-0.911351899646689, 44.85938727806434], [-0.910925424149738, 44.85932708269162], [-0.910509299090249, 44.85923744437993], [-0.910107532563849, 44.85911922653617], [-0.909723994298449, 44.85897356784229], [-0.909362378367566, 44.85880187128225], [-0.909026167599375, 44.858605790622434], [-0.908718600024826, 44.858387214475925], [-0.908442637688363, 44.858148248104534], [-0.908200938121792, 44.8578911931343], [-0.907995828756039, 44.85761852537986], [-0.907829284517033, 44.857332870992146], [-0.907702908821051, 44.85703698115882], [-0.907617918151999, 44.856733705602075], [-0.907575130368426, 44.85642596512873]]]}}, {"type": "Feature", "properties": {"nb_detections_cluster": 1, "frp_max": 28.72, "frp_moyen": 28.72, "derniere_detection": "2026-07-26T13:16:00", "fetch_timestamp": "2026-07-26T13:16:00"}, "geometry": {"type": "Polygon", "coordinates": [[[-0.89590471667562, 44.86126550021348], [-0.895904607407051, 44.86095625808699], [-0.895947116739268, 44.86064849745088], [-0.896031834595823, 44.860345182158866], [-0.896157944448983, 44.860049233205935], [-0.896324231208264, 44.85976350060127], [-0.896529092944832, 44.85949073592651], [-0.896770556338037, 44.85923356584343], [-0.897046295694553, 44.85899446680589], [-0.897353655356401, 44.85877574121917], [-0.897689675281661, 44.858579495276246], [-0.8980511195513, 44.858407618683614], [-0.898434507527594, 44.858261766472076], [-0.898836147364267, 44.858143343066864], [-0.899252171546017, 44.85805348877041], [-0.89967857411575, 44.8579930687874], [-0.900111249231723, 44.85796266489797], [-0.900546030684153, 44.85796256985849], [-0.900978731991645, 44.857992784584084], [-0.901405186692341, 44.85805301813982], [-0.901821288442785, 44.85814269054072], [-0.90222303053933, 44.85826093833351], [-0.902606544482465, 44.85840662290681], [-0.902968137213502, 44.85857834144971], [-0.903304326665748, 44.85877444045337], [-0.903611875288384, 44.858993031626284], [-0.903887821220549, 44.85923201007001], [-0.904129506815679, 44.859489074540704], [-0.90433460424132, 44.85976174960173], [-0.904501137907718, 44.8600474094545], [-0.904627503508807, 44.86034330321826], [-0.904712483491583, 44.86064658141557], [-0.90475525880423, 44.86095432340899], [-0.904755416808928, 44.86126356552464], [-0.904712955282233, 44.861571329592046], [-0.904628282463454, 44.86187465162563], [-0.904502213149548, 44.86217061037133], [-0.904335960873098, 44.86245635544365], [-0.904131126237781, 44.862729134781816], [-0.903889681522762, 44.862986321160506], [-0.903613951703575, 44.863225437499715], [-0.903306592071687, 44.863444180729196], [-0.90297056266786, 44.863640443978], [-0.902609099775391, 44.863812336874574], [-0.902225684747664, 44.86395820376155], [-0.901824010470527, 44.864076639649745], [-0.901407945782811, 44.86416650375703], [-0.90098149819823, 44.864226930501644], [-0.900548775288424, 44.86425733784365], [-0.900113945099865, 44.86425743289398], [-0.899681195986852, 44.864227214737085], [-0.899254696248378, 44.86416697443977], [-0.898838553958681, 44.864077292246094], [-0.898436777379306, 44.86395903198566], [-0.898053236334919, 44.86381333274893], [-0.897691624925696, 44.86364159791041], [-0.897355425936121, 44.86344548160512], [-0.897047877283528, 44.86322687278943], [-0.896771940829927, 44.86298787703982], [-0.896530273857628, 44.86273079626519], [-0.896325203483422, 44.86245810652873], [-0.896158704257487, 44.86217243419296], [-0.896032379162365, 44.86187653061838], [-0.895947444194433, 44.86157324565947], [-0.89590471667562, 44.86126550021348]]]}}, {"type": "Feature", "properties": {"nb_detections_cluster": 15, "frp_max": 118.93, "frp_moyen": 48.6, "derniere_detection": "2026-07-26T13:16:00", "fetch_timestamp": "2026-07-26T13:16:00"}, "geometry": {"type": "Polygon", "coordinates": [[[-0.91961, 44.86634], [-0.92049, 44.86183], [-0.92168, 44.86097], [-0.91961, 44.86634]]]}}, {"type": "Feature", "properties": {"nb_detections_cluster": 1, "frp_max": 16.09, "frp_moyen": 16.09, "derniere_detection": "2026-07-26T12:55:00", "fetch_timestamp": "2026-07-26T13:16:00"}, "geometry": {"type": "Polygon", "coordinates": [[[-0.907104017925492, 44.87052594707588], [-0.907103846960091, 44.870216704050236], [-0.907146301919892, 44.86990893821999], [-0.907230973251818, 44.869605613489], [-0.907357044875902, 44.8693096509432], [-0.907523302069524, 44.86902390072274], [-0.90772814318828, 44.86875111457896], [-0.907969595109786, 44.86849391938043], [-0.908245332250923, 44.86825479182288], [-0.908552698974805, 44.86803603458632], [-0.908888735171304, 44.867839754168465], [-0.909250204764532, 44.867667840607844], [-0.909633626872794, 44.86752194929125], [-0.910035309321065, 44.86740348502049], [-0.910451384183693, 44.867313588491434], [-0.91087784501558, 44.8672531253155], [-0.911310585414026, 44.86722267768871], [-0.911745438540729, 44.867222538788575], [-0.912178217224262, 44.867252709952524], [-0.912604754257862, 44.86731290066511], [-0.913020942505448, 44.867402531353875], [-0.913422774430663, 44.867520738967194], [-0.913806380669204, 44.86766638528063], [-0.914168067273819, 44.867838067851615], [-0.914504351274034, 44.86803413351779], [-0.91481199420872, 44.86825269430867], [-0.915088033308945, 44.868491645618434], [-0.91532981003103, 44.86874868646452], [-0.915534995665015, 44.86902134163789], [-0.915701613771692, 44.86930698553151], [-0.915828059231762, 44.869602867418365], [-0.91591311372306, 44.86990613793547], [-0.915955957476067, 44.870213876519415], [-0.915956177193662, 44.870523119529224], [-0.915913770057839, 44.870830888785896], [-0.915829143783828, 44.87113422025392], [-0.915703112720044, 44.871430192588484], [-0.9155368900304, 44.87171595527323], [-0.915332076033327, 44.87198875607784], [-0.915090642808943, 44.87224596757032], [-0.914814915221843, 44.87248511242879], [-0.914507548541759, 44.87270388730836], [-0.914171502877136, 44.872900185033316], [-0.913810014667713, 44.87307211490001], [-0.9134265655106, 44.87321802089503], [-0.913024848620292, 44.8733364976525], [-0.912608733246029, 44.87342640399665], [-0.912182227389749, 44.87348687393893], [-0.911749439184413, 44.87351732502323], [-0.911314537305517, 44.873517463939244], [-0.910881710798004, 44.87348728934885], [-0.910455128706489, 44.873427091899224], [-0.910038899898602, 44.873337451421705], [-0.909637033469409, 44.873219231344095], [-0.909253400109185, 44.87307357036984], [-0.90889169480745, 44.87290187150489], [-0.908555401253197, 44.87270578853783], [-0.908247758274713, 44.872487210103905], [-0.907971728642614, 44.87224824148706], [-0.907729970536722, 44.87199118433489], [-0.907524811951588, 44.87171851448309], [-0.907358228286949, 44.871432858102764], [-0.907231823338512, 44.8711369664008], [-0.90714681387161, 44.87083368911736], [-0.907104017925492, 44.87052594707588]]]}}, {"type": "Feature", "properties": {"nb_detections_cluster": 8, "frp_max": 26.86, "frp_moyen": 7.9, "derniere_detection": "2026-07-26T13:16:00", "fetch_timestamp": "2026-07-26T13:16:00"}, "geometry": {"type": "Polygon", "coordinates": [[[-0.89913, 44.88041], [-0.89858, 44.87904], [-0.89769, 44.87621], [-0.89913, 44.88041]]]}}, {"type": "Feature", "properties": {"nb_detections_cluster": 4, "frp_max": 5.46, "frp_moyen": 3.27, "derniere_detection": "2026-07-26T12:55:00", "fetch_timestamp": "2026-07-26T13:16:00"}, "geometry": {"type": "Polygon", "coordinates": [[[-0.885773713684464, 44.88933741652395], [-0.885777551111166, 44.88936507849236], [-0.885777604642153, 44.88967432340324], [-0.885735017569648, 44.889982082966675], [-0.885650199341407, 44.890285393240354], [-0.885523966154229, 44.89058133308332], [-0.885357533118486, 44.89086705229202], [-0.885152502578399, 44.891139799054656], [-0.884910848699689, 44.89139694645961], [-0.884634898472289, 44.89163601780206], [-0.88432730931051, 44.89185471044513], [-0.883991043465953, 44.89205091800505], [-0.883629339499433, 44.89222275064654], [-0.883245681086594, 44.892368553292606], [-0.882843763457893, 44.89248692157276], [-0.882427457796509, 44.892576715356086], [-0.882000773937646, 44.89263706973818], [-0.881567821729173, 44.89266740337605], [-0.881132771426604, 44.8926674240906], [-0.880699813504761, 44.8926371316823], [-0.880273118274218, 44.892576817933154], [-0.87985679569243, 44.892487063794704], [-0.879454855757661, 44.89236873378955], [-0.87907116986804, 44.89222296767993], [-0.878709433518798, 44.89205116948443], [-0.87837313069762, 44.891854993948286], [-0.878065500321603, 44.89163633059834], [-0.877789505039458, 44.891397285536264], [-0.87754780269958, 44.89114016114589], [-0.877342720758783, 44.890867433910365], [-0.877176233877963, 44.890581730553315], [-0.877049944920031, 44.890285802733935], [-0.876965069532566, 44.88998250054005], [-0.876922424462915, 44.88967474503482], [-0.876922419717412, 44.88936550012156], [-0.876965054639276, 44.88905774399788], [-0.877049917941928, 44.88875444047393], [-0.877176191696383, 44.88845851043122], [-0.877342659233295, 44.88817280369671], [-0.877547716882579, 44.88790007160284], [-0.877789389436723, 44.88764294049749], [-0.878065349188108, 44.887403886459104], [-0.878372938356423, 44.88718521145957], [-0.878709194689813, 44.886989021204656], [-0.879070879992975, 44.88681720486455], [-0.879454511307485, 44.886671416889875], [-0.879856394444261, 44.88655306108726], [-0.880272659545629, 44.886463277108135], [-0.880699298335083, 44.88640292948012], [-0.881132202696746, 44.88637259928665], [-0.881416534563749, 44.886372585941295], [-0.881412699490632, 44.88634492384815], [-0.881412670008788, 44.88603567925727], [-0.881455277784316, 44.88572792173084], [-0.881540111792136, 44.88542461509256], [-0.881666354385436, 44.88512868025398], [-0.881832789194992, 44.88484296708825], [-0.882037812865906, 44.88457022698973], [-0.882279450517874, 44.884313086383486], [-0.882555374779364, 44.88407402143941], [-0.882862928211789, 44.88385533423446], [-0.883199148907371, 44.88365913059192], [-0.883560799013924, 44.88348729981096], [-0.883944395911879, 44.88334149648118], [-0.884346245743494, 44.88322312455715], [-0.884762478971724, 44.88313332384548], [-0.885189087626908, 44.883072959034955], [-0.88562196388327, 44.88304261137445], [-0.886056939594594, 44.88304257307886], [-0.886489826409297, 44.883072844516995], [-0.886916456079549, 44.883133134207775], [-0.887332720577321, 44.88322286162573], [-0.887734611631999, 44.883341162787836], [-0.88811825930979, 44.88348689856881], [-0.888479969264197, 44.883658665664605], [-0.888816258299607, 44.88385481009886], [-0.889123887906029, 44.884073443142604], [-0.88939989544243, 44.88431245949414], [-0.889641622668585, 44.88456955754454], [-0.889846741350634, 44.88484226153375], [-0.890013275693551, 44.88512794538454], [-0.890139621384127, 44.885423857985], [-0.890224561060448, 44.8857271496762], [-0.890267276058185, 44.88603489969066], [-0.890267354319723, 44.88634414427716], [-0.890224794388959, 44.88665190524138], [-0.890140005452324, 44.886955218627484], [-0.890013803424571, 44.88725116326461], [-0.889847403116012, 44.88753688890306], [-0.88964240655569, 44.88780964366912], [-0.889400787582064, 44.88806680057412], [-0.889124872848871, 44.88830588282177], [-0.888817319428528, 44.88852458767018], [-0.88848108922835, 44.88872080861802], [-0.888119420465778, 44.88889265570108], [-0.887735796477323, 44.88903847370325], [-0.887333912161798, 44.8891568581062], [-0.886917638381446, 44.88924666862367], [-0.886490984664324, 44.88930704019008], [-0.886058060567913, 44.88933739129695], [-0.885773713684464, 44.88933741652395]]]}}, {"type": "Feature", "properties": {"nb_detections_cluster": 1, "frp_max": 2.23, "frp_moyen": 2.23, "derniere_detection": "2026-07-26T01:32:00", "fetch_timestamp": "2026-07-26T13:16:00"}, "geometry": {"type": "Polygon", "coordinates": [[[-0.914672759287939, 44.88675624957837], [-0.914672546577119, 44.88644700498397], [-0.914714972315383, 44.88613923468663], [-0.914799627230647, 44.885835902633275], [-0.914925695400621, 44.8855399299804], [-0.915091962135535, 44.88525416696552], [-0.915296825698719, 44.88498136546323], [-0.915538312751294, 44.884724152490044], [-0.915814097371533, 44.884485004912875], [-0.916121523465089, 44.88426622560451], [-0.916457630349932, 44.88406992127528], [-0.91681918126936, 44.88389798219393], [-0.917202694558489, 44.883752063993015], [-0.917604477164285, 44.88363357173322], [-0.918020660196718, 44.88354364637994], [-0.918447236169217, 44.883483153822134], [-0.918880097570539, 44.883452676538724], [-0.919315076397427, 44.88345250799281], [-0.919747984268304, 44.88348264980726], [-0.920174652732681, 44.883542811749244], [-0.920590973389155, 44.883632414523305], [-0.920992937426612, 44.88375059534666], [-0.921376674208817, 44.883896216252836], [-0.921738488531651, 44.88406787504391], [-0.922074896194923, 44.884263918786516], [-0.922382657546773, 44.88448245972133], [-0.922658808677979, 44.88472139343373], [-0.922900689966001, 44.88497841911068], [-0.923105971693818, 44.88525106168923], [-0.923272676496673, 44.88553669568367], [-0.923399198420146, 44.88583257046238], [-0.923484318405421, 44.88613583673085], [-0.923527216051919, 44.886443573966645], [-0.923527477543117, 44.88675281854182], [-0.923485099658306, 44.88706059226235], [-0.923400489830586, 44.8873639310498], [-0.923274462249559, 44.88765991348887], [-0.923108230045183, 44.887945688965935], [-0.922903393627142, 44.888218505127526], [-0.922661925291137, 44.88847573439381], [-0.922386150239633, 44.88871489927164], [-0.922078724199255, 44.88893369622346], [-0.921742607849985, 44.88913001786089], [-0.921381038312242, 44.88930197325002], [-0.920997497966401, 44.889447906131615], [-0.920595680905268, 44.88956641088082], [-0.920179457342974, 44.88965634605227], [-0.919752836323631, 44.88971684537971], [-0.919319927089603, 44.889747326124024], [-0.918884899482335, 44.889747494689196], [-0.918451943758005, 44.88971734945153], [-0.918025230206085, 44.889657180775465], [-0.917608868960663, 44.88956756821521], [-0.917206870392667, 44.88944937492964], [-0.916823106465321, 44.88930373936417], [-0.916461273425917, 44.88913206428004], [-0.91612485619391, 44.88893600323674], [-0.915817094788885, 44.88871744465848], [-0.915540953122103, 44.888478493637884], [-0.915299090452397, 44.888221451653145], [-0.915093835781293, 44.88794879439392], [-0.914927165433774, 44.88766314791006], [-0.914800684040161, 44.8873672633132], [-0.914715609101731, 44.887063990275095], [-0.914672759287939, 44.88675624957837]]]}}, {"type": "Feature", "properties": {"nb_detections_cluster": 3, "frp_max": 1.1, "frp_moyen": 0.85, "derniere_detection": "2026-07-26T03:10:00", "fetch_timestamp": "2026-07-26T13:16:00"}, "geometry": {"type": "Polygon", "coordinates": [[[-0.80474, 44.71709], [-0.79455, 44.71399], [-0.79965, 44.71554], [-0.80474, 44.71709]]]}}, {"type": "Feature", "properties": {"nb_detections_cluster": 3, "frp_max": 8.77, "frp_moyen": 8.77, "derniere_detection": "2026-07-26T13:16:00", "fetch_timestamp": "2026-07-26T13:16:00"}, "geometry": {"type": "Polygon", "coordinates": [[[-0.79152, 44.7394], [-0.78481, 44.73645], [-0.79072, 44.73577], [-0.79152, 44.7394]]]}}, {"type": "Feature", "properties": {"nb_detections_cluster": 27, "frp_max": 135.95, "frp_moyen": 51.46, "derniere_detection": "2026-07-26T13:16:00", "fetch_timestamp": "2026-07-26T13:16:00"}, "geometry": {"type": "Polygon", "coordinates": [[[-0.81002, 44.74097], [-0.80543, 44.73614], [-0.80922, 44.73736], [-0.81002, 44.74097]]]}}, {"type": "Feature", "properties": {"nb_detections_cluster": 1, "frp_max": 9.68, "frp_moyen": 9.68, "derniere_detection": "2026-07-26T13:16:00", "fetch_timestamp": "2026-07-26T13:16:00"}, "geometry": {"type": "Polygon", "coordinates": [[[-0.79652351036885, 44.74599153281982], [-0.796523947442918, 44.745682302863315], [-0.796566913160621, 44.745374592489256], [-0.796651993053427, 44.74507136506677], [-0.796778367110327, 44.744775540743994], [-0.796944817699777, 44.744489968329354], [-0.797149741318447, 44.74421739786139], [-0.797391164052786, 44.743960454131205], [-0.797666760603762, 44.74372161141254], [-0.797973876690979, 44.743503169642146], [-0.798309554620035, 44.74330723227969], [-0.798670561766672, 44.743135686060086], [-0.799053421703428, 44.74299018283274], [-0.799454447669202, 44.74287212366235], [-0.799869778059819, 44.74278264534405], [-0.800295413598363, 44.74272260946221], [-0.800727255828041, 44.7426925940985], [-0.801161146557745, 44.74269288826818], [-0.801592907881355, 44.74272348913875], [-0.802018382386411, 44.742784102057065], [-0.802433473165948, 44.74287414338526], [-0.802834183249156, 44.742992746117615], [-0.803216654072101, 44.743138768224924], [-0.803577202618849, 44.7433108036459], [-0.803912356876051, 44.74350719582023], [-0.804218889260088, 44.74372605363311], [-0.804493847695279, 44.743965269618144], [-0.804734584044022, 44.74422254024366], [-0.804938779615098, 44.74449538808737], [-0.805104467504238, 44.74478118568629], [-0.805230051551458, 44.74507718083262], [-0.805314321731957, 44.74538052307198], [-0.805356465831679, 44.74568829114957], [-0.805356077294204, 44.74599752113966], [-0.805313159162462, 44.746305234987936], [-0.805228124076281, 44.74660846919181], [-0.805101790324776, 44.74690430334253], [-0.804935373990579, 44.74718988825397], [-0.804730477260611, 44.74746247340739], [-0.8044890730151, 44.74771943344728], [-0.804213485842567, 44.74795829347314], [-0.803906369663, 44.74817675288315], [-0.803570682174348, 44.748372707539694], [-0.80320965636824, 44.74854427004333], [-0.802826769389211, 44.74868978791881], [-0.802425709037579, 44.74880785953854], [-0.802010338238951, 44.748897347628976], [-0.8015846578231, 44.74895739023018], [-0.801152767971427, 44.74898740900231], [-0.800718828705129, 44.74898711479904], [-0.800287019795558, 44.748956510454256], [-0.799861500483877, 44.74889589075457], [-0.799446369398944, 44.74880583959842], [-0.799045625060483, 44.74868722436925], [-0.798663127348838, 44.74854118757651], [-0.798302560313261, 44.74836913584583], [-0.797967396677616, 44.74817272636429], [-0.797660864385929, 44.747953850911806], [-0.797385915510335, 44.74771461763266], [-0.797145197821064, 44.74745733072312], [-0.796941029292262, 44.74718446823129], [-0.796775375788978, 44.746898658183], [-0.79664983214977, 44.746602653264546], [-0.796565606846577, 44.74629930430581], [-0.79652351036885, 44.74599153281982]]]}}]}